stamp_sec,state,message,requested_mode,tag_id,tag_margin,tag_x_camera_m,tag_y_camera_m,tag_z_camera_m,tag_range_m,tag_bearing_rad,tag_rel_x_m,tag_rel_y_m,tag_rel_z_m,odom_x,odom_y,odom_yaw,odom_rel_x,odom_rel_y,odom_rel_yaw,imu_x,imu_y,imu_z,imu_w,cmd_heading,cmd_lateral,cmd_turning,range_error_m,lateral_error_m,yaw_error_rad,target_reached
1782598891.0709636,TRACKING,Tracking AprilTag,Walk,4,75.21392822265625,-0.7400574415638687,-0.06871440162644613,2.086724163121103,2.2151353048422138,-0.340811642504839,0.0025059332520471767,0.0005034598121677475,-0.007219350140396319,-0.06758014836138063,0.9646255319036469,-0.7084744651050194,6.613943692362645e-07,5.233409657476199e-06,-1.657913812969092e-05,-0.01422109082845798,0.7075145273969309,-0.005004847416023838,0.7065379718035604,0.18,0.12,0.16,1.586724163121103,-0.7400574415638687,-0.340811642504839,False
1782598891.1209702,TRACKING,Tracking AprilTag,Walk,4,75.49651336669922,-0.7400840771479892,-0.06873488610743433,2.0865664154527317,2.2149962374486,-0.3408467976904484,0.00247929766792665,0.0004829753311795387,-0.007377097808767719,-0.06759059479688888,0.9646260552186181,-0.7084646449077364,-7.6117773731780655e-06,-1.1663171107311785e-06,-6.758940846673944e-06,-0.01422109082845798,0.7075145273969309,-0.005004847416023838,0.7065379718035604,0.18,0.12,0.16,1.5865664154527317,-0.7400840771479892,-0.3408467976904484,False
1782598891.1709597,TRACKING,Tracking AprilTag,Walk,4,75.7774887084961,-0.7399108895352277,-0.06873127348736481,2.0861386020131945,2.2145352512925984,-0.3408376659937799,0.002652485280688177,0.0004865879512490623,-0.007804911248304958,-0.06760647167316816,0.9646282809897473,-0.7084480473485464,-2.1116368266567176e-05,-9.806645941821055e-06,9.83861834336075e-06,-0.01422109082845798,0.7075145273969309,-0.005004847416023838,0.7065379718035604,0.18,0.12,0.16,1.5861386020131945,-0.7399108895352277,-0.3408376659937799,False
1782598891.2209458,TRACKING,Tracking AprilTag,Walk,4,75.354248046875,-0.7399306953197732,-0.06867642892597549,2.0863613059191963,2.2147499598381937,-0.3408124689717396,0.0026326794961426536,0.0005414325126383845,-0.007582207342303082,-0.06762137951940059,0.9646255984544146,-0.7084705674247952,-3.069145457928504e-05,-2.1543664183458812e-05,-1.2681457905450166e-05,-0.01422109082845798,0.7075145273969309,-0.005004847416023838,0.7065379718035604,0.18,0.12,0.16,1.5863613059191963,-0.7399306953197732,-0.3408124689717396,False
1782598891.2710483,TRACKING,Tracking AprilTag,Walk,4,75.15428924560547,-0.7401088445279421,-0.06868569185490578,2.086777225962501,2.215201574757887,-0.3408255125105458,0.0024545302879737108,0.0005321695837080948,-0.007166287298998597,-0.06761890093648193,0.96463065630586,-0.7084618128927213,-3.210026195123992e-05,-1.6090179396971135e-05,-3.9269258315099975e-06,-0.014221091623112182,0.7074535322038339,-0.005004847695687549,0.7065990460118872,0.18,0.12,0.16,1.5867772259625008,-0.7401088445279421,-0.3408255125105458,False
1782598891.3209567,TRACKING,Tracking AprilTag,Walk,4,75.54049682617188,-0.7399179256288206,-0.06856233976204648,2.0864067541764446,2.2147849726268216,-0.3408001700393647,0.0026454491870951946,0.0006555216765673916,-0.0075367590850548005,-0.0674109896798513,0.9647034485609374,-0.7080970367418965,7.841724929411492e-05,0.00017446606621337454,0.0003608492249932427,-0.014282734222669357,0.7074836426280364,-0.004944023384770162,0.7065680827419678,0.18,0.12,0.16,1.5864067541764446,-0.7399179256288206,-0.3408001700393647,False
1782598891.3710718,TRACKING,Tracking AprilTag,Walk,4,75.70057678222656,-0.7427409121237608,-0.06831372937300195,2.0966285694750506,2.225349902038392,-0.34046032224780753,-0.00017753730784497712,0.0009041320656119206,0.0026850562135511957,-0.06633262072402177,0.9649055813865823,-0.7053766141844913,0.0007657737044321328,0.0010296142333050197,0.003081271782398476,-0.015136451700319036,0.7075070488310414,-0.004394453719447462,0.7065305035600531,0.18,0.12,0.16,1.5966285694750506,-0.7427409121237608,-0.34046032224780753,False
1782598891.4209547,TRACKING,Tracking AprilTag,Walk,4,75.6202621459961,-0.733927955950373,-0.06315335260510481,2.1002250749735327,2.225664834609726,-0.33618658372956745,0.008635418865542865,0.0060645088335090636,0.006281561712033312,-0.06412803501233331,0.9648201099534299,-0.698814494059226,0.0024954746688824777,0.002399153608294128,0.009643391907663723,-0.01769999084117052,0.7071451513303506,-0.0031127570099989538,0.7068399790744684,0.18,0.12,0.16,1.6002250749735327,-0.733927955950373,-0.33618658372956745,False
1782598891.4709642,TRACKING,Tracking AprilTag,Walk,4,76.60127258300781,-0.7219892859137429,-0.06009522705349444,2.1012784584532707,2.2226675696668186,-0.33095766878803773,0.020574088902172938,0.009122634385119434,0.007334945191771247,-0.06112130270788817,0.9642424364687513,-0.691811261959257,0.005154556541347003,0.003916858915995638,0.016646624007632727,-0.02038631660520277,0.7064408035587332,-0.0002441475042539254,0.7074784304518124,0.18,0.12,0.16,1.6012784584532707,-0.7219892859137429,-0.33095766878803773,False
1782598891.521121,TRACKING,Tracking AprilTag,Walk,4,77.30809783935547,-0.6956996735998686,-0.05994728380857548,2.103802773513092,2.216659157950173,-0.31936672913134445,0.046863701216047216,0.009270577630038392,0.009859260251592783,-0.057496689637318354,0.9638590257776066,-0.6839326328459797,0.008156436456067683,0.005984113290044975,0.02452525312091003,-0.022216504806540492,0.7063505772694866,0.002136202385244278,0.7075102299929049,0.18,0.12,0.16,1.6038027735130922,-0.6956996735998686,-0.31936672913134445,False
1782598891.571056,TRACKING,Tracking AprilTag,Walk,4,76.31747436523438,-0.6810666179997793,-0.058558695637104516,2.104152609851999,2.2124057187901487,-0.3130351759029535,0.06149675681613653,0.010659165801509357,0.010209096590499733,-0.05319431549993226,0.9634757634582063,-0.6746081295924842,0.011672888660163744,0.008492474731270863,0.03384975637440557,-0.02655025800500056,0.7064810032365091,0.005371086676873676,0.7072134241469918,0.18,0.12,0.16,1.6041526098519991,-0.6810666179997793,-0.3130351759029535,False
1782598891.6211061,TRACKING,Tracking AprilTag,Walk,4,74.05852508544922,-0.6478511632385874,-0.0557267589381198,2.109061512804974,2.207024482457443,-0.2980263789682639,0.09471221157732845,0.013491102500494075,0.015117999543474703,-0.048184535271182084,0.9628123438070415,-0.6642744699960405,0.015908809277138516,0.011248377505429603,0.044183415970849294,-0.030823624421643003,0.7069291446563748,0.008362052565871468,0.7065629233761176,0.18,0.12,0.16,1.6090615128049741,-0.6478511632385874,-0.2980263789682639,False
1782598891.6710687,TRACKING,Tracking AprilTag,Walk,4,70.3052978515625,-0.6280016284075495,-0.054412995878863286,2.107479388277672,2.199730936141572,-0.2896090570196405,0.11456174640836636,0.014804865559750587,0.013535875016172483,-0.042176858782590636,0.9614460694003613,-0.6550107960374296,0.02135982050726464,0.014119850840664116,0.053447089929460116,-0.03277579227688205,0.7084331861410986,0.013183558904667641,0.7048931564352157,0.18,0.12,0.16,1.607479388277672,-0.6280016284075495,-0.2896090570196405,False
1782598891.721096,TRACKING,Tracking AprilTag,Walk,4,75.34711456298828,-0.5984961482509147,-0.048246677658339246,2.13545719005732,2.2182657171636926,-0.2732553926720309,0.14406722656500115,0.020971183780274627,0.04151367679582041,-0.03567170502602934,0.9600637691861732,-0.6469819187447412,0.02719902655620573,0.01730284502800685,0.06147596722214854,-0.03417961275797057,0.7111190504341341,0.01739498149289574,0.7020248320396028,0.18,0.12,0.16,1.6354571900573198,-0.5984961482509147,-0.2732553926720309,False
1782598891.771051,TRACKING,Tracking AprilTag,Walk,4,77.59114837646484,-0.5822299295270444,-0.038983525851868005,2.1327442877609286,2.2111331038862816,-0.26650183659564747,0.1603334452888714,0.030234335586745868,0.0388007744994292,-0.02918802715992189,0.9578347952726938,-0.6398703064836097,0.03357282422636267,0.019828930267725704,0.06858757948328009,-0.036987658395517944,0.7120429419836837,0.020080758435850502,0.7008734015771164,0.18,0.12,0.16,1.6327442877609286,-0.5822299295270444,-0.26650183659564747,False
1782598891.82106,TRACKING,Tracking AprilTag,Walk,4,76.6987533569336,-0.5539068056897729,-0.028396301982234046,2.1260363972756093,2.1971913575964126,-0.2548690788908622,0.18865656912614293,0.04082155945637983,0.032092884014109924,-0.02278734959498123,0.955199957388648,-0.6330214587594479,0.040147675153303586,0.021992810868415476,0.07543642720744181,-0.039611491397202436,0.7125185679059187,0.021972475967631553,0.7001895675018588,0.18,0.12,0.16,1.6260363972756093,-0.5539068056897729,-0.2548690788908622,False
1782598891.871059,TRACKING,Tracking AprilTag,Walk,4,77.15640258789062,-0.5393060097089581,-0.02327910797662249,2.114613189629747,2.1824256758782137,-0.24971434584109284,0.2032573651069577,0.04593875346199138,0.020669676368247458,-0.017097332261609307,0.9525845024424936,-0.6268233941295922,0.04617026296734384,0.0237090095316274,0.08163449183729755,-0.04168638387031554,0.7125136827263011,0.024169557851603157,0.7000016641415066,0.18,0.12,0.16,1.6146131896297469,-0.5393060097089581,-0.24971434584109284,False
1782598891.9209762,TRACKING,Tracking AprilTag,Walk,4,76.7038345336914,-0.5165671641854636,-0.021987540409508104,2.1105555255092607,2.1729633483576163,-0.2400353045202767,0.22599621063045228,0.047230321029105765,0.01661201224776132,-0.011697544782426749,0.9499396738400162,-0.6199709983749366,0.051991572413386124,0.02521406085641276,0.08848688759195311,-0.043762296859362414,0.7119765590857218,0.026977594437710164,0.7003188203128652,0.18,0.12,0.16,1.6105555255092607,-0.5165671641854636,-0.2400353045202767,False
1782598891.9711037,TRACKING,Tracking AprilTag,Walk,4,77.05545806884766,-0.5020575422350839,-0.024553562207762385,2.09947055508468,2.158805518058493,-0.23472722408971483,0.2405058325808319,0.04466429923085149,0.005527041823180756,-0.007182716334580682,0.9474848628353512,-0.612924455855071,0.05701723638572776,0.026287594563015416,0.0955334301118187,-0.046385626580933786,0.7118362668597773,0.029784454962494326,0.7001788264953585,0.18,0.12,0.16,1.5994705550846802,-0.5020575422350839,-0.23472722408971483,False
1782598892.0211697,TRACKING,Tracking AprilTag,Walk,4,76.70677185058594,-0.48070962470448914,-0.02579458033430489,2.108749726006735,2.163000811509703,-0.22412958666093216,0.2618537501114267,0.043423281104308986,0.014806212745235747,-0.0017145240766518529,0.9446878437994275,-0.6061972734818317,0.06298951486953372,0.027721586114197137,0.10226061248505802,-0.048768036925215585,0.7118058155467637,0.0316778612818359,0.6999647652795649,0.18,0.12,0.16,1.6087497260067352,-0.48070962470448914,-0.22412958666093216,False
1782598892.071165,TRACKING,Tracking AprilTag,Walk,4,76.22607421875,-0.46877938657997487,-0.025601521966084527,2.104142425947654,2.155881467029706,-0.2192088056139228,0.27378398823594097,0.043616339472529346,0.010198912686154582,0.005015110989631978,0.9416525518854666,-0.5995377788856733,0.07007472582336195,0.029795416113996002,0.10892010708121647,-0.051941043450710794,0.712343029510277,0.033630452340001935,0.6990983686068643,0.18,0.12,0.16,1.604142425947654,-0.46877938657997487,-0.2192088056139228,False
1782598892.1210718,TRACKING,Tracking AprilTag,Walk,4,76.65071105957031,-0.44409847454727713,-0.023427860567818308,2.094292158054535,2.1409885480858426,-0.20895654257964072,0.2984649002686387,0.045790000870795565,0.0003486447930356462,0.012460274635229578,0.938579413955668,-0.592089018021165,0.07772790999991216,0.032306075470638476,0.11636886794572476,-0.05432149790187774,0.7125271533781132,0.03601088063158188,0.6986110842526884,0.18,0.12,0.16,1.594292158054535,-0.44409847454727713,-0.20895654257964072,False
1782598892.1709952,TRACKING,Tracking AprilTag,Walk,4,76.54591369628906,-0.4356014960660184,-0.026343056579678604,2.1175598414439905,2.1620597360159155,-0.20287907937761213,0.30696187874989744,0.04287480485893527,0.023616328182491042,0.020498216536081474,0.9358658261002448,-0.5842786098215749,0.08559728381774423,0.035475464176018406,0.12417927614531486,-0.0577377557517121,0.7125669116292165,0.03851218169062403,0.6981629894755124,0.18,0.12,0.16,1.6175598414439905,-0.4356014960660184,-0.20287907937761213,False
1782598892.2209947,TRACKING,Tracking AprilTag,Walk,4,77.18831634521484,-0.40256383949552393,-0.025065822356721466,2.089139663537252,2.1277195477986144,-0.19036040474119087,0.3399995353203919,0.04415203908189241,-0.0048038497242473,0.027527085923936892,0.9337572483617874,-0.5757401007871346,0.09230674409033926,0.038447710431145685,0.13271778517975516,-0.060243590925636276,0.7131571594479577,0.041688320772248814,0.6971654463552356,0.18,0.12,0.16,1.5891396635372521,-0.40256383949552393,-0.19036040474119087,False
1782598892.271061,TRACKING,Tracking AprilTag,Walk,4,77.0049057006836,-0.3866032155035895,-0.020577083329450033,2.0903627634093436,2.125912026694522,-0.1828790826920931,0.35596015931232633,0.04864077810916384,-0.00358074985215584,0.03479310453118021,0.9317971245124712,-0.5665433581477158,0.09909969392930795,0.04168699189324794,0.1419145278191739,-0.0634137681283768,0.7133591163469375,0.04528682959697362,0.6964528470769082,0.18,0.12,0.16,1.5903627634093436,-0.3866032155035895,-0.1828790826920931,False
1782598892.3209965,TRACKING,Tracking AprilTag,Walk,4,77.84346771240234,-0.3702616015862489,-0.017287488687375258,2.0851591425911207,2.1178482383791497,-0.1757381561686412,0.37230177322966695,0.051930372751238615,-0.008784370670378738,0.041069140085806824,0.9299961676095589,-0.559051477916114,0.10503731999847685,0.0444029934970418,0.14940640805077574,-0.06536839275595427,0.7125826194451598,0.04693584876688033,0.6969576814941567,0.18,0.12,0.15816434055177708,1.5851591425911207,-0.3702616015862489,-0.1757381561686412,False
1782598892.3710828,TRACKING,Tracking AprilTag,Walk,4,75.88188934326172,-0.34148137594860783,-0.02059268758069794,2.0816494750912136,2.1095729724399384,-0.16259547170027172,0.401081998867308,0.04862517385791593,-0.012294038170285848,0.04702265625589797,0.9289325528397159,-0.5526475549995944,0.11025027413122658,0.047469056180029966,0.15581033096729538,-0.06915344644972116,0.7118593521121781,0.049560987217275886,0.6971497487632083,0.18,0.12,0.14633592453024455,1.5816494750912136,-0.34148137594860783,-0.16259547170027172,False
1782598892.4211073,TRACKING,Tracking AprilTag,Walk,4,75.03716278076172,-0.33070398003564583,-0.021586476683939957,2.083133571652756,2.109330836007906,-0.1574392818680286,0.41185939478027,0.04763138475467392,-0.01080994160874349,0.053397961677179244,0.928397913125093,-0.5454511932395849,0.11543933598540539,0.051211247504986096,0.16300669272730484,-0.07153398832698692,0.7112504829132923,0.050598699934361904,0.6974563861881224,0.18,0.12,0.14169535368122574,1.583133571652756,-0.33070398003564583,-0.1574392818680286,False
1782598892.471103,TRACKING,Tracking AprilTag,Walk,4,75.7527084350586,-0.3046903025703475,-0.02403448078823575,2.073590853653354,2.09599448117165,-0.145894466428177,0.4378730722455683,0.04518338065037812,-0.020352659608145363,0.06055342846692343,0.9276333779159027,-0.5368923897933249,0.12137041060529968,0.055286486506378456,0.17156549617356487,-0.07733251757009137,0.7099698850633802,0.05242985997845973,0.6980068436713219,0.18,0.12,0.1313050197853593,1.573590853653354,-0.3046903025703475,-0.145894466428177,False
1782598892.520992,TRACKING,Tracking AprilTag,Walk,4,76.93775939941406,-0.27596860275680635,-0.028511711658345866,2.0807545347380003,2.099169126402631,-0.13185953695618777,0.4665947720591095,0.04070614978026801,-0.013188978523499095,0.06832002564748925,0.9263740582500224,-0.5284577807266804,0.12808749516724052,0.059383643175799534,0.18000010524020937,-0.08007969865411875,0.7097307438644,0.05389510206675828,0.697828654506509,0.18,0.12,0.118673583260569,1.5807545347380003,-0.27596860275680635,-0.13185953695618777,False
1782598892.5709639,TRACKING,Tracking AprilTag,Walk,4,76.12632751464844,-0.2595044095545355,-0.029103354357285716,2.0718904535525744,2.0882814933182225,-0.12460120270714425,0.4830589652613803,0.04011450708132816,-0.022053059708925016,0.076592620081692,0.9247067716336826,-0.5216796519823041,0.13545426613903971,0.06350023749427262,0.1867782339845856,-0.08154385562457561,0.7117997337528449,0.0589606021956138,0.6951369548714758,0.18,0.12,0.11214108243642983,1.5718904535525744,-0.2595044095545355,-0.12460120270714425,False
1782598892.620968,TRACKING,Tracking AprilTag,Walk,4,76.50657653808594,-0.2354716822234133,-0.01691372496077955,2.096426965806968,2.1096774659136366,-0.11185168214043775,0.5070916925925025,0.05230413647783432,0.0024834525454684453,0.08458381631156596,0.9233767412042513,-0.5162397758156221,0.1423879125361818,0.06768983720868019,0.19221811015126766,-0.08355477219061616,0.714030153292928,0.060362066980656964,0.6924853508215711,0.18,0.12,0.10066651392639397,1.5964269658069679,-0.2354716822234133,-0.11185168214043775,False
1782598892.6710083,TRACKING,Tracking AprilTag,Walk,4,74.80010223388672,-0.22275370785434742,-0.006625336239764268,2.0702615841913543,2.0822214426956718,-0.10718453088708563,0.5198096669615684,0.0625925251988496,-0.023681929070145102,0.09213766607277583,0.9213226392943243,-0.5112016341135683,0.14946057971316884,0.07104503614091451,0.1972562518533214,-0.08514320101026596,0.7145925429592788,0.0624993819602239,0.6915214820403679,0.18,0.12,0.09646607779837707,1.5702615841913543,-0.22275370785434742,-0.10718453088708563,False
1782598892.720987,TRACKING,Tracking AprilTag,Walk,4,75.31936645507812,-0.20321984806484555,0.000548271359263434,2.0560102625096253,2.0660292366745154,-0.09852183355344563,0.5393435267510702,0.0697661327978773,-0.03793325075187415,0.09898323489686366,0.9191618658186381,-0.5067146447007708,0.156064809599524,0.07385837972937381,0.20174324126611898,-0.08624304364806257,0.7147247283218774,0.06341579784171056,0.691165057516391,0.18,0.12,0.08866965019810107,1.5560102625096253,-0.20321984806484555,-0.09852183355344563,False
1782598892.7710116,TRACKING,Tracking AprilTag,Walk,4,75.29630279541016,-0.19515298264136555,0.0028457955044815693,2.0557183042136096,2.0649625980788984,-0.09464812842610067,0.5474103921745503,0.07206365694309544,-0.03822520904788984,0.1045100638951112,0.9173965668651216,-0.5023161773913558,0.16141031222432028,0.07611397740171097,0.20614170857553393,-0.08758522620638498,0.7141705448368715,0.06646711591550748,0.6912824195216142,0.18,0.12,0.0851833155834906,1.5557183042136096,-0.19515298264136555,-0.09464812842610067,False
1782598892.8210654,TRACKING,Tracking AprilTag,Walk,4,74.72462463378906,-0.18717311670050157,0.0010439399317432882,2.0536890539859955,2.0622011531099127,-0.0908888487534787,0.5553902581154142,0.07026180137035716,-0.04025445927550386,0.10849312450747642,0.9155691148576928,-0.49690118384212484,0.16562397007809704,0.07731790438144695,0.21155670212476488,-0.08892979778523771,0.713940868012303,0.06762815095816294,0.6912353877267104,0.18,0.12,0.08179996387813084,1.5536890539859955,-0.18717311670050157,-0.0908888487534787,False
1782598892.8711638,TRACKING,Tracking AprilTag,Walk,4,73.79356384277344,-0.16983825439217864,-0.002487888435266373,2.0429150005582373,2.049964126942155,-0.08294451390015815,0.5727251204237371,0.0667299730033475,-0.05102851270326214,0.1124200203959409,0.9132182984402719,-0.4913250115768872,0.17013551246738293,0.07808786179386093,0.21713287439000256,-0.08910998004342727,0.713917422306828,0.06787006699198023,0.6912126876656259,0.18,0.12,0.07465006251014233,1.5429150005582373,-0.16983825439217864,-0.08294451390015815,False
1782598892.921109,TRACKING,Tracking AprilTag,Walk,4,73.6320571899414,-0.16160525125608113,-0.0035313583510249258,2.0508887468332633,2.057248983378691,-0.07863518640699016,0.5809581235598347,0.06568650308758894,-0.043054766428236135,0.11729181106546517,0.9105685395696453,-0.4866572425916725,0.17555908694081623,0.0792456209792059,0.2218006433752173,-0.09289522871416281,0.7138040077609291,0.0706784985880424,0.6905496830959513,0.18,0.12,0.07077166776629115,1.5508887468332633,-0.16160525125608113,-0.07863518640699016,False
1782598892.9710588,TRACKING,Tracking AprilTag,Walk,4,73.26461791992188,-0.14546350203129907,0.0005959790252067599,2.0322408122617466,2.0374402333900474,-0.07145602025179397,0.5970998727846167,0.06981384046382064,-0.061702700999752835,0.12304721460105454,0.9077521367725705,-0.4824977586550153,0.18176207626038615,0.08085177105754465,0.22596012731187445,-0.09710530810412046,0.7150148865114841,0.07073856196899787,0.6887091745109336,0.18,0.12,0.06431041822661457,1.5322408122617466,-0.14546350203129907,-0.07145602025179397,False
1782598893.0210867,TRACKING,Tracking AprilTag,Walk,4,73.1181411743164,-0.140415752252563,0.004803393082875007,2.0406943435921163,2.045525130628959,-0.06869954816502616,0.6021476225633529,0.07402125452148887,-0.05324916966938309,0.129701123364958,0.9052446703217472,-0.4780826473092849,0.18844634644992325,0.08327714151865381,0.23037523865760484,-0.09777919926594306,0.7153994972510104,0.07226627461353095,0.688055501451296,0.18,0.12,0.061829593348523545,1.5406943435921163,-0.140415752252563,-0.06869954816502616,False
1782598893.0711,TRACKING,Tracking AprilTag,Walk,4,71.96880340576172,-0.12573784594182488,0.006623708597227933,2.0329989334996705,2.036894337718201,-0.06176977536997628,0.6168255288740909,0.0758415700358418,-0.060944579761828876,0.1371449928827963,0.9033504674503587,-0.4732655714354384,0.19533145787947223,0.08668220224047254,0.23519231453145134,-0.09960930765016664,0.715026372010847,0.07464594562264326,0.6879267809589633,0.18,0.12,0.05559279783297865,1.5329989334996705,-0.12573784594182488,-0.06176977536997628,False
1782598893.1209972,TRACKING,Tracking AprilTag,Walk,4,71.62940979003906,-0.11722692538484628,0.005955283526123683,2.0233746086640645,2.026776362705939,-0.0578716498338367,0.6253364494310696,0.07517314496473755,-0.07056890459743492,0.1445489787145358,0.9021154344950669,-0.4684677657536239,0.20175738517162897,0.09056186344129546,0.23999012021326582,-0.10027726299889002,0.7148798426695062,0.0764743825548443,0.6877811787793618,0.18,0.11722692538484628,0.05208448485045303,1.5233746086640645,-0.11722692538484628,-0.0578716498338367,False
1782598893.1710272,TRACKING,Tracking AprilTag,Walk,4,71.71458435058594,-0.09859325200796527,0.0068054166127493885,2.01816503047543,2.020583339847845,-0.04881410993378021,0.6439701228079505,0.07602327805136326,-0.07577848278606947,0.1518652062113795,0.9012383982827893,-0.46433093531426817,0.20788373633311627,0.09465627411309693,0.24412695065262158,-0.10131787663230486,0.7136806816033379,0.07946739480437406,0.6885343170415851,0.18,0.09859325200796527,0.043932698940402186,1.51816503047543,-0.09859325200796527,-0.04881410993378021,False
1782598893.2210205,TRACKING,Tracking AprilTag,Walk,4,71.89994812011719,-0.08276897500052341,-0.0008611231899557867,2.0325985974413965,2.0342832897796015,-0.04069828244582218,0.6597943998153925,0.06835673824865808,-0.06134491582010293,0.15890261265935546,0.9006694394745113,-0.46136687585588704,0.21359790549411134,0.09880320966107248,0.2470910101110027,-0.10217475035592266,0.7122324742552338,0.0806289397969975,0.6897711193382807,0.18,0.08276897500052341,0.03662845420123996,1.5325985974413965,-0.08276897500052341,-0.04069828244582218,False
1782598893.27112,TRACKING,Tracking AprilTag,Walk,4,71.77503204345703,-0.0760605776899366,-0.006462874469508848,2.0097907472996326,2.011239873350802,-0.03782697103393161,0.6665027971259793,0.06275498696910503,-0.08415276596186683,0.16480574142341148,0.9008975288114511,-0.4588121653833246,0.21793213239937317,0.10281736350520403,0.24964572058356516,-0.10333194135076666,0.7117269746552215,0.0806269902683773,0.6901206502381091,0.18,0.0760605776899366,0.03404427393053845,1.5097907472996326,-0.0760605776899366,-0.03782697103393161,False
1782598893.3211746,TRACKING,Tracking AprilTag,Walk,4,71.93899536132812,-0.0703354841788587,-0.009290707634159916,2.0061171791095007,2.0073712994613824,-0.035046151061785775,0.6722278906370571,0.05992715380445396,-0.0878263341519987,0.17168912426782273,0.9011257874357623,-0.4554181419568109,0.22301062094789087,0.10746946146686412,0.25303974401007884,-0.10619797433836109,0.7101836950581435,0.0801977806210382,0.6913243996152967,0.18,0.0703354841788587,0.0315415359556072,1.5061171791095007,-0.0703354841788587,-0.035046151061785775,False
1782598893.371208,TRACKING,Tracking AprilTag,Walk,4,71.40379333496094,-0.057928233454624216,-0.016992792119619113,1.9909989126618033,1.9919139302278293,-0.02908685460947279,0.6846351413612917,0.05222506931899476,-0.10294460059969612,0.17854778418548123,0.9008649409556277,-0.4518626164271758,0.22838857858898032,0.11173406324932185,0.2565952695397139,-0.10900867434243001,0.7089225937778973,0.08056632146249028,0.6921379434732119,0.18,0.057928233454624216,0.026178169148525512,1.4909989126618033,-0.057928233454624216,-0.02908685460947279,False
1782598893.4209871,TRACKING,Tracking AprilTag,Walk,4,71.84231567382812,-0.04282472342021394,-0.024196681296573368,1.9829669248946074,1.983576885716246,-0.021592930741060407,0.6997386513957019,0.045021180142040505,-0.11097658836689206,0.18695996950079144,0.8999680012030443,-0.44866833767519315,0.23536011355549694,0.1165264596133052,0.2597895482916966,-0.1094957020095087,0.70879241217192,0.08215229370390117,0.6920079539486118,0.18,0.04282472342021394,0.019433637666954367,1.4829669248946074,-0.04282472342021394,-0.021592930741060407,False
1782598893.4709733,TRACKING,Tracking AprilTag,Walk,4,71.56676483154297,-0.035600803687714865,-0.02612031192218345,1.969992702673456,1.970487487020608,-0.018069574008134675,0.7069625711282009,0.043097549516430425,-0.12395081058804336,0.19511693572896766,0.8991904758933295,-0.4472069614468833,0.24206014515856056,0.12124347351754629,0.2612509245200064,-0.10827622217954767,0.7113637934062165,0.08453357819541912,0.6892690964338398,0.18,0.035600803687714865,0.016262616607321208,1.469992702673456,-0.035600803687714865,-0.018069574008134675,False
1782598893.5209525,TRACKING,Tracking AprilTag,Walk,4,72.02674102783203,-0.03013491944363836,-0.02006635361184897,1.9931068557688665,1.9934356549510215,-0.01511841845123018,0.7124284553722775,0.049151507826764904,-0.10083665749263293,0.20271105853730045,0.8976232285872946,-0.44696324598867876,0.2488466157970184,0.12499457757097682,0.261494639978211,-0.10809034503306865,0.7122000204352784,0.08483657797626507,0.6883969517944558,0.18,0.03013491944363836,0.013606576606107161,1.4931068557688665,-0.03013491944363836,-0.01511841845123018,False
1782598893.5709465,TRACKING,Tracking AprilTag,Walk,4,72.20925903320312,-0.024538614467054583,-0.009109670486250158,1.9576200109235233,1.957794993574288,-0.01253426571412877,0.7180247603488612,0.060108190952363715,-0.13632350233797608,0.20985587826769017,0.8955972960905119,-0.44637001239557017,0.25559035059429097,0.12810502648477395,0.2620878735713196,-0.10778945602462195,0.7124113990483507,0.08569444861753636,0.6881190980869694,0.18,0.024538614467054583,0.011280839142715892,1.4576200109235233,-0.024538614467054583,-0.01253426571412877,False
1782598893.6210501,TRACKING,Tracking AprilTag,Walk,4,71.81871032714844,-0.02051692400782244,-0.005228979055326797,1.9429394888557658,1.9430548483632182,-0.010559341439228157,0.7220464508080934,0.06398888238328708,-0.15100402440573357,0.21591534198855064,0.8933920238255524,-0.44578023611366996,0.2616265925932661,0.1303730892874391,0.2626776498532198,-0.10736068846288348,0.7122792691084993,0.08642565938797214,0.6882314514539364,0.18,0.02051692400782244,0.009503407295305341,1.4429394888557658,-0.02051692400782244,-0.010559341439228157,False
1782598893.6709762,TRACKING,Tracking AprilTag,Walk,4,71.75920867919922,-0.019563566350620166,-0.006250606767665715,1.9589439993780908,1.9590516572854195,-0.009986460051111316,0.7229998084652957,0.06296725467094816,-0.13499951388340858,0.22103646994829118,0.8912275449011394,-0.4438622366562704,0.26692375141525887,0.13206158832766624,0.26459564931061935,-0.10723936578332777,0.7118569852765804,0.08709765223267428,0.6886024614499168,0.18,0.019563566350620166,0.008987814046000185,1.4589439993780908,-0.019563566350620166,-0.009986460051111316,False
1782598893.7211733,TRACKING,Tracking AprilTag,Walk,4,72.09539031982422,-0.016412059913254805,-0.009282630332196262,1.9385205666971037,1.938612264080711,-0.008466078763699193,0.726151314902661,0.05993523110641761,-0.1554229465643957,0.22494831355040895,0.8888127001165282,-0.4415776957366868,0.2714655245299387,0.13277313079018313,0.26688019023020293,-0.10815248283568715,0.7114138487205245,0.08825535563228196,0.688770185553459,0.18,0.016412059913254805,0.007619470887329273,1.4385205666971037,-0.016412059913254805,-0.008466078763699193,False
1782598893.7710295,TRACKING,Tracking AprilTag,Walk,4,72.27322387695312,-0.009901114924872771,-0.010990295157741442,1.935629909808128,1.935686432872905,-0.005115145473457833,0.732662259891043,0.05822756628087243,-0.15831360345337142,0.22948233223954018,0.8858410875754551,-0.44015128131186615,0.2768420248271342,0.1334667092802702,0.2683066046550236,-0.10913167369201014,0.7114310897953413,0.08868474377767938,0.6885427354136278,0.18,0.009901114924872771,0.004603630926112049,1.435629909808128,-0.009901114924872771,-0.005115145473457833,False
1782598893.8211021,TRACKING,Tracking AprilTag,Walk,4,72.27808380126953,-0.008316103850724496,-0.010987692877760635,1.9402536169731495,1.9403025499017985,-0.004286064901341507,0.7342472709651914,0.05823016856085324,-0.15368989628834995,0.23497431221861825,0.8823507104009425,-0.43931709727964263,0.28328350974603195,0.1343896659155279,0.2691407886872471,-0.10980104638371736,0.7117842150788838,0.0884389751028385,0.6881028332017952,0.18,0.008316103850724496,0.003857458411207356,1.4402536169731495,-0.008316103850724496,-0.004286064901341507,False
1782598893.8709974,TRACKING,Tracking AprilTag,Walk,4,72.29702758789062,-0.0062613910976316335,-0.007205983843935084,1.9201665361989708,1.9201902660830228,-0.0032608467999338084,0.7363019837182841,0.062011877594678785,-0.1737769770625286,0.2407838093213531,0.8789643247216035,-0.4385889683638307,0.28989844295701545,0.13559818698284293,0.26986891760305903,-0.10955964600962129,0.7119851090263133,0.08935672521341814,0.6878148472882576,0.18,0.0062613910976316335,0.0029347621199404274,1.4201665361989708,-0.0062613910976316335,-0.0032608467999338084,False
1782598893.920958,TRACKING,Tracking AprilTag,Walk,4,72.55721282958984,-0.005573128382428146,-0.006363700258291498,1.925726461274689,1.9257450402622047,-0.002894031387841977,0.7369902464334877,0.06285416118032237,-0.16821705198681047,0.2482580683921883,0.8758117832814076,-0.4367792046051052,0.29762538618261536,0.1380674813311275,0.2716786813617845,-0.11010613125968144,0.7113564078889064,0.08959855914036162,0.6883464236955029,0.18,0.005573128382428146,0.002604628249057779,1.425726461274689,-0.005573128382428146,-0.002894031387841977,False
1782598893.9710789,TRACKING,Tracking AprilTag,Walk,4,72.37811279296875,-0.0014670444539771916,-0.013824693966903992,1.9112049923757304,1.9112555551952293,-0.0007676016815025162,0.7410963303619387,0.05539316747170988,-0.18273852088576903,0.25470038635225234,0.8733225870908795,-0.4341698779413487,0.3041370936807929,0.1403690511935653,0.27428800802554104,-0.11041391328351821,0.7114952941658219,0.0903331076061951,0.6880575148950253,0.18,0.0014670444539771916,0.0006908415133522646,1.4112049923757304,-0.0014670444539771916,-0.0007676016815025162,False
1782598894.0210898,TRACKING,Tracking AprilTag,Walk,4,72.25791931152344,0.0028327732897950016,-0.011519655448719447,1.9030122711352122,1.9030492455943875,0.001488572218072919,0.7453961481057109,0.057698205989894426,-0.1909312421262872,0.2616129054890596,0.8708804276139883,-0.4322437626025189,0.3109752509749669,0.1430122818962149,0.27621412336437084,-0.11096233053042667,0.7115505221802608,0.09204136107804368,0.6876856865161262,0.18,-0.0028327732897950016,-0.0013397149962656272,1.4030122711352122,0.0028327732897950016,0.001488572218072919,False
1782598894.0710316,TRACKING,Tracking AprilTag,Walk,4,72.46379089355469,0.010155612790842275,-0.00928168473613643,1.892678587087714,1.892728591257353,0.005365684061727935,0.7527189876067581,0.059936176702477445,-0.20126492617378533,0.2679554910126593,0.8688074898060514,-0.4309137272182849,0.31714038089150676,0.1455650520370496,0.27754415874860483,-0.11133150727388728,0.7101656179449992,0.09302040410384003,0.6889247382677444,0.18,-0.010155612790842275,-0.0048291156555551416,1.392678587087714,0.010155612790842275,0.005365684061727935,False
1782598894.1210892,TRACKING,Tracking AprilTag,Walk,4,72.67971801757812,0.013153034069189334,-0.011367287757349052,1.9014126341389195,1.9014921043221,0.006917396066408379,0.7557164088851052,0.057850573681264825,-0.19253087912257993,0.273408262997594,0.8673706661220872,-0.4300045004402369,0.32221592025152623,0.14802189652203077,0.27845338552665283,-0.11175477305314709,0.7089805809859948,0.09313915001589429,0.6900597838005904,0.18,-0.013153034069189334,-0.006225656459767541,1.4014126341389195,0.013153034069189334,0.006917396066408379,False
1782598894.1709921,TRACKING,Tracking AprilTag,Walk,4,72.1793441772461,0.017155519153491533,-0.02248838313057382,1.8833571409980108,1.8835695261289016,0.009108758140426184,0.7597188939694074,0.04672947830804006,-0.21058637226348864,0.27836673712050664,0.8662932273445982,-0.4292198792861565,0.32668226788750754,0.15043002416428636,0.27923800668073323,-0.1129766068318224,0.7080111503236843,0.09265180398201317,0.6909212260055264,0.18,-0.017155519153491533,-0.008197882326383566,1.3833571409980108,0.017155519153491533,0.009108758140426184,False
1782598894.2210398,TRACKING,Tracking AprilTag,Walk,4,72.29926300048828,0.018453388906958607,-0.02512233736440959,1.8824989059771526,1.8827569653043323,0.009802288763155314,0.7610167637228744,0.04409552407420428,-0.21144460728434677,0.28406477540941194,0.8646207254756596,-0.4279418669980662,0.3320974013793034,0.1528674884428891,0.28051601896882356,-0.1140719028143798,0.7075021388037939,0.09216082035832719,0.6913282199991868,0.18,-0.018453388906958607,-0.008822059886839782,1.3824989059771526,0.018453388906958607,0.009802288763155314,False
1782598894.2709897,TRACKING,Tracking AprilTag,Walk,4,72.48542022705078,0.02241677158760314,-0.0289350799589222,1.8744620318409622,1.8748193671162,0.011958472684957477,0.764980146403519,0.04028278147969167,-0.21948148142053725,0.2903574562239103,0.8623278471088878,-0.4265043203468849,0.33836774264504166,0.1552207719891593,0.28195356562000484,-0.11486567580450226,0.7074431712274101,0.09252729251839821,0.6912081713528099,0.18,-0.02241677158760314,-0.01076262541646173,1.3744620318409622,0.02241677158760314,0.011958472684957477,False
1782598894.3209672,TRACKING,Tracking AprilTag,Walk,4,72.22274017333984,0.027199112692312868,-0.0296135976222379,1.8530871017628594,1.8535232838071538,0.014676676394926409,0.7697624875082287,0.039604263816375974,-0.24085641149864,0.2971258159442135,0.8594813186177018,-0.4262087062341742,0.34535953831896316,0.15746313926699063,0.28224917973271557,-0.11474444848218593,0.7079976608475302,0.09295521012679211,0.6906028907318796,0.18,-0.027199112692312868,-0.013209008755433769,1.3530871017628594,0.027199112692312868,0.014676676394926409,False
1782598894.3709838,TRACKING,Tracking AprilTag,Walk,4,72.41845703125,0.02801198225204212,-0.02718710157957372,1.8609621722984424,1.8613715417314525,0.015051282260669305,0.770575357067958,0.04203075985904015,-0.232981340963057,0.3037052212292979,0.856107256331893,-0.4267737573603278,0.35255109537957957,0.15918196946739205,0.28168412860656195,-0.1147496311658404,0.7099217872818562,0.09253214938692236,0.6886808981086049,0.18,-0.02801198225204212,-0.013546154034602374,1.3609621722984424,0.02801198225204212,0.015051282260669305,False
1782598894.4211085,TRACKING,Tracking AprilTag,Walk,4,72.47035217285156,0.027805409824230007,-0.021356081725820743,1.853606731089524,1.853938277446842,0.014999581107123936,0.7703687846401458,0.04786177971279313,-0.24033678217197552,0.30999679182214196,0.8522205762450334,-0.4278723623919193,0.3598576222114271,0.16032425151567242,0.2805855235749704,-0.11456222605908259,0.7100172486655875,0.09222350749881396,0.6886550861079536,0.18,-0.027805409824230007,-0.013499622996411543,1.353606731089524,0.027805409824230007,0.014999581107123936,False
1782598894.4710011,TRACKING,Tracking AprilTag,Walk,4,72.68106842041016,0.023562080216362784,-0.016809808087642285,1.8410826738114725,1.8413101729694719,0.012797249296147926,0.7661254550322786,0.05240805335097159,-0.2528608394500269,0.31597130622407227,0.8482029767917376,-0.42876303227481716,0.36700857175131535,0.16116082092938977,0.2796948536920726,-0.11468504193158334,0.7098387640576446,0.0911254750419659,0.688964743652854,0.18,-0.023562080216362784,-0.011517524366533133,1.3410826738114725,0.023562080216362784,0.012797249296147926,False
1782598894.52099,TRACKING,Tracking AprilTag,Walk,4,72.73339080810547,0.021361449166517124,-0.01524124223609109,1.8331387221244344,1.8333265343433498,0.011652409111471314,0.763924823982433,0.05397661920252278,-0.260804791137065,0.3213978479811303,0.8444604147957439,-0.42930455713829235,0.3735644525604106,0.16184969867753343,0.2791533288285974,-0.11425490440167613,0.7093325314937393,0.091123168948559,0.6895576441934491,0.18,-0.021361449166517124,-0.010487168200324182,1.3331387221244344,0.021361449166517124,0.011652409111471314,False
1782598894.5710006,TRACKING,Tracking AprilTag,Walk,4,72.64720916748047,0.017558706837890927,-0.017492195315950844,1.8335685765908363,1.8337360797410667,0.009575954973265941,0.7601220816538068,0.05172566612266303,-0.26037493667066314,0.3253088815188543,0.8409222985478343,-0.42874516097734366,0.37883648229923866,0.1617077397051644,0.2797127249895461,-0.11450160975136742,0.7089212138923947,0.09112521501001682,0.6899393372225252,0.18,-0.017558706837890927,-0.008618359475939348,1.3335685765908363,0.017558706837890927,0.009575954973265941,False
1782598894.6210282,TRACKING,Tracking AprilTag,Walk,4,72.82318115234375,0.016581991571703706,-0.01705893170132702,1.8164759312567191,1.8166317123815272,0.009128406660106827,0.7591453663876195,0.05215892973728685,-0.2774675820047803,0.32843327563412456,0.8370166207743475,-0.4278866859890016,0.3837503235426072,0.16077482937034399,0.28057119997788815,-0.11480413540799382,0.7090269224001405,0.09142828008568567,0.689740315920116,0.18,-0.016581991571703706,-0.008215565994096145,1.3164759312567191,0.016581991571703706,0.009128406660106827,False
1782598894.6709614,TRACKING,Tracking AprilTag,Walk,4,72.53237915039062,0.016629002824952045,-0.01631723742481981,1.818204786564159,1.8183540419447886,0.0091455810255742,0.7591923776408679,0.05290062401379406,-0.27573872669734034,0.33232022960248103,0.8324819954143217,-0.427245360552969,0.38965246019347016,0.15986048738702924,0.28121252541392067,-0.11511481940997491,0.7091219363229526,0.09143266144016035,0.6895902596468169,0.18,-0.016629002824952045,-0.00823102292301678,1.318204786564159,0.016629002824952045,0.0091455810255742,False
1782598894.7210233,TRACKING,Tracking AprilTag,Walk,4,72.71693420410156,0.015864006671000123,-0.014653083379971024,1.8119175279037825,1.8120462211227262,0.008755145356047055,0.7584273814869159,0.05456477805864285,-0.28202598535771695,0.336878252202421,0.827455703054882,-0.42671830768197455,0.39638409344334274,0.15900942998982598,0.2817395782849152,-0.11633023041655614,0.7100050212150041,0.09063504311048577,0.6885821928434347,0.18,-0.015864006671000123,-0.00787963082044235,1.3119175279037825,0.015864006671000123,0.008755145356047055,False
1782598894.7709713,TRACKING,Tracking AprilTag,Walk,4,72.66748046875,0.013216053538450196,-0.008122340982975125,1.8054058143607015,1.8054724564560942,0.007320136766135824,0.7557794283543661,0.06109552045563875,-0.28853769890079795,0.34242695113140453,0.8226634556654688,-0.42578824689032946,0.4037157282656356,0.15898069536989146,0.2826696390765603,-0.11602832003030475,0.7103911714006927,0.09155311943474861,0.6881132456715706,0.18,-0.013216053538450196,-0.006588123089522242,1.3054058143607015,0.013216053538450196,0.007320136766135824,False
1782598894.8210826,TRACKING,Tracking AprilTag,Walk,4,72.55065155029297,0.013708334477289915,-0.014004709211333528,1.801534041550417,1.801640628199535,0.007609109567670983,0.7562717092932058,0.05521315222728035,-0.29240947171108234,0.34925549582945753,0.8188670843509565,-0.4240837540088785,0.411371254446958,0.1605409443045323,0.2843741319580112,-0.11645720199283623,0.7097907767162959,0.09192062169874808,0.6886111912385631,0.18,-0.013708334477289915,-0.006848198610903885,1.301534041550417,0.013708334477289915,0.007609109567670983,False
1782598894.8710976,TRACKING,Tracking AprilTag,Walk,4,72.95560455322266,0.015319120989649316,-0.013489427472124782,1.7898638131854656,1.7899801981788057,0.008558610344579066,0.7578824958055651,0.05572843396648909,-0.3040797000760338,0.35597903228253763,0.8158826951207335,-0.4225271617867722,0.41841871380102863,0.162649459935513,0.28593072418011756,-0.11669666387592932,0.7103726311987141,0.09325967698871339,0.6877901177917612,0.18,-0.015319120989649316,-0.00770274931012116,1.2898638131854656,0.015319120989649316,0.008558610344579066,False
1782598894.920997,TRACKING,Tracking AprilTag,Walk,4,72.67898559570312,0.01800639813376419,-0.01002670269802439,1.7843969860620654,1.7845160041333696,0.010090684484238648,0.76056977294968,0.059191158740589486,-0.309546527199434,0.3626709919527917,0.8135162954585995,-0.4214726908528778,0.42504009154910033,0.16520671008100052,0.28698519511401194,-0.11676032197846367,0.7102665273723898,0.09387212504070942,0.6878055767774737,0.18,-0.01800639813376419,-0.009081616035814784,1.2843969860620654,0.01800639813376419,0.010090684484238648,False
1782598894.9710817,TRACKING,Tracking AprilTag,Walk,4,72.59976196289062,0.022039389789059314,-0.007046481479114941,1.7726069075537638,1.7727579181351376,0.012432679873572572,0.7646027646049751,0.06217137995949893,-0.3213366057077356,0.36884910640963786,0.8117464371207979,-0.4205509641072,0.4308831249469964,0.16788261319749204,0.28790692185968975,-0.1172501301086027,0.708139515627282,0.09448370713592763,0.6898287196707068,0.18,-0.022039389789059314,-0.011189411886215314,1.2726069075537638,0.022039389789059314,0.012432679873572572,False
1782598895.0210946,TRACKING,Tracking AprilTag,Walk,4,72.78593444824219,0.024344591665480832,-0.011304070417567614,1.7931483031342588,1.7933491791016707,0.013575617842786053,0.7669079664813967,0.05791379102104626,-0.30079521012724064,0.37391823400407614,0.8106784490145487,-0.4202992204488452,0.43542734987951914,0.17036991553665867,0.28815866551804453,-0.11755432534646046,0.7072180518117535,0.09436084474850875,0.6907384734921562,0.18,-0.024344591665480832,-0.012218056058507447,1.2931483031342588,0.024344591665480832,0.013575617842786053,False
1782598895.0709515,TRACKING,Tracking AprilTag,Walk,4,72.78765106201172,0.02670374173149899,-0.023568239309371134,1.7750548798205703,1.7754121713285131,0.01504276165700462,0.7692671165474149,0.04564962212924274,-0.3188886334409291,0.3789489659150361,0.8093648402924043,-0.42025801132680396,0.44010223480223165,0.17264571921761174,0.2881998746400858,-0.1183482095557282,0.7061219372615882,0.09350668233077648,0.6918395849995767,0.18,-0.02670374173149899,-0.013538485491304158,1.2750548798205703,0.02670374173149899,0.01504276165700462,False
1782598895.1210897,TRACKING,Tracking AprilTag,Walk,4,72.67681121826172,0.026738908470717512,-0.025867155469874073,1.7609883837161568,1.7613813234338414,0.015182867799318222,0.7693022832866333,0.0433507059687398,-0.33295512954534257,0.38480173222046515,0.8073026584721086,-0.41967167469208316,0.4458884140434698,0.17488794959698611,0.2887862112748066,-0.11864997926451366,0.7059795834118464,0.09344296206479959,0.6919417772231437,0.18,-0.026738908470717512,-0.0136645810193864,1.2609883837161568,0.026738908470717512,0.015182867799318222,False
1782598895.1709507,TRACKING,Tracking AprilTag,Walk,4,72.68738555908203,0.028468305717649696,-0.028252055121365104,1.7568304175002238,1.7572881775346425,0.01620293801821016,0.7710316805335655,0.04096580631724877,-0.33711309576127557,0.39133195252551317,0.8044928424828297,-0.4189803848283517,0.4526754872147377,0.17700324647778637,0.28947750113853804,-0.11858703541857464,0.7061513122969164,0.09411281966826665,0.6916865014918715,0.18,-0.028468305717649696,-0.014582644216389143,1.2568304175002238,0.028468305717649696,0.01620293801821016,False
1782598895.2211146,TRACKING,Tracking AprilTag,Walk,4,72.87508392333984,0.029625950025655053,-0.029106772672814533,1.7460054241746998,1.7464993107292723,0.01696621724427891,0.7721893248415709,0.040111088765799344,-0.3479380890867996,0.3977792153437847,0.8011561967079074,-0.41885121749944737,0.45974235419713444,0.17866450922891425,0.2896066684674424,-0.11883424775854483,0.7064747908603782,0.09393215577832588,0.6913382251469118,0.18,-0.029625950025655053,-0.015269595519851019,1.2460054241746998,0.029625950025655053,0.01696621724427891,False
1782598895.2710686,TRACKING,Tracking AprilTag,Walk,4,73.10770416259766,0.030469972454952296,-0.028404612717556583,1.7360245747236245,1.736524277195508,0.017549777023843534,0.7730333472708681,0.040813248721057294,-0.35791893853787493,0.4044002632943361,0.7967669611128798,-0.42055694195632504,0.46762606952402974,0.1796395465187827,0.2879009440105647,-0.11889472622749843,0.7074480347550997,0.09283309989323671,0.69048051222366,0.18,-0.030469972454952296,-0.01579479932145918,1.2360245747236245,0.030469972454952296,0.017549777023843534,False
1782598895.3210814,TRACKING,Tracking AprilTag,Walk,4,72.7398452758789,0.02828161273219275,-0.02508716150227848,1.7390840401558942,1.7394949019804349,0.01626092777285946,0.7708449875481086,0.044130699936335394,-0.35485947310560517,0.41041466973143587,0.7922837971111693,-0.42221496510868545,0.475110237592074,0.1801485382536144,0.2862429208582043,-0.11889764440972277,0.707526434290301,0.09210294939130989,0.6904974595519475,0.18,-0.02828161273219275,-0.014634834995573514,1.2390840401558942,0.02828161273219275,0.01626092777285946,False
1782598895.371108,TRACKING,Tracking AprilTag,Walk,4,72.50786590576172,0.021357361727213395,-0.019863136062089625,1.7227274609100027,1.7229743427130868,0.0123967767006839,0.7639207365431292,0.049354725376524244,-0.3712160523514967,0.4160592464789988,0.7877816481039663,-0.4237376738339417,0.48232592235347804,0.1804024787313388,0.284720212132948,-0.11890020090240119,0.7073585360666979,0.09051796608740297,0.6908785287547634,0.18,-0.021357361727213395,-0.01115709903061551,1.2227274609100027,0.021357361727213395,0.0123967767006839,False
1782598895.4211965,TRACKING,Tracking AprilTag,Walk,4,72.3741455078125,0.017531870318717606,-0.017788436214694597,1.7193438350287666,1.7195252304026432,0.010196484479200699,0.7600952451346334,0.05142942522391927,-0.37459967823273277,0.4207160297838159,0.7838145620379203,-0.4244418663639568,0.4884433642511882,0.18042000675406916,0.28401601960293293,-0.11853147251099964,0.7067942593601317,0.09039398083871807,0.6915353159369856,0.18,-0.017531870318717606,-0.00917683603128063,1.2193438350287666,0.017531870318717606,0.010196484479200699,False
1782598895.4711,TRACKING,Tracking AprilTag,Walk,4,72.75630950927734,0.01216192099728803,-0.01956868879390481,1.7102872785170036,1.7104424635048545,0.007110919995394839,0.7547252958132039,0.04964917264470906,-0.38365623474449584,0.42380229412740505,0.779456004002937,-0.4244565991273765,0.4936229236988876,0.17911838481564948,0.28400128683951326,-0.11853212626535099,0.7067981576481794,0.0903334432918226,0.6915391300651014,0.18,-0.01216192099728803,-0.006399827995855355,1.2102872785170036,0.01216192099728803,0.007110919995394839,False
1782598895.5209715,TRACKING,Tracking AprilTag,Walk,4,73.06553649902344,0.009126092395868556,-0.01792349728097658,1.7043148491405506,1.7044335253444696,0.00535464745756229,0.7516894672117844,0.051294364157637294,-0.38962866412094876,0.4265075199523439,0.7748506281691537,-0.4242128081434101,0.49867373072058385,0.1773814099269722,0.28424507782347963,-0.11834743932981946,0.7069108005765699,0.09069845015168217,0.6914078353420293,0.18,-0.009126092395868556,-0.004819182711806061,1.2043148491405506,0.009126092395868556,0.00535464745756229,False
1782598895.5710883,TRACKING,Tracking AprilTag,Walk,4,72.45059204101562,0.0073583457942713384,-0.01689926130362977,1.6995200958495886,1.6996200417981753,0.004329633896649173,0.7499217206101871,0.0523186001349841,-0.3944234174119108,0.42978078698107575,0.7697418683911115,-0.4239757326880047,0.5044834225859685,0.17563178598440365,0.28448215327888504,-0.11853065715472323,0.7077659631133731,0.09075957115812228,0.6904929579770257,0.18,-0.0073583457942713384,-0.0038966705069842554,1.1995200958495886,0.0073583457942713384,0.004329633896649173,False
1782598895.6210914,TRACKING,Tracking AprilTag,Walk,4,72.8116226196289,0.0034919757286478847,-0.011486389256297564,1.6981278475869044,1.698170285272584,0.002056365079642884,0.7460553505445637,0.05773147218231631,-0.39581566567459503,0.4333943888095642,0.7643110018824606,-0.4235027952461911,0.5107611362845981,0.1738590085229951,0.28495509072069863,-0.1203001966158602,0.7091058773632998,0.08911125675248903,0.6890253270403074,0.18,-0.0034919757286478847,-0.0018507285716785956,1.1981278475869044,0.0034919757286478847,0.002056365079642884,False
1782598895.671064,TRACKING,Tracking AprilTag,Walk,4,72.8390121459961,0.0011668069212030392,-0.005840322989544596,1.695768466009028,1.695778924601207,0.0006880696041078626,0.7437301817371189,0.06337753844906928,-0.39817504725247144,0.4383791116779096,0.7594899690494931,-0.42212240934416545,0.5176832364003573,0.17344145656435547,0.2863354766227243,-0.11963173245486862,0.7090011245896704,0.09070038491221162,0.6890421569811285,0.18,-0.0011668069212030392,-0.0006192626436970764,1.195768466009028,0.0011668069212030392,0.0006880696041078626,False
1782598895.720991,TRACKING,Tracking AprilTag,Walk,4,72.96351623535156,0.0006661246042684015,-0.005753827263460681,1.6988375920664016,1.6988474665102031,0.00039210609256644185,0.7432294994201842,0.06346403417515319,-0.3951059211950978,0.44480611448963975,0.755807948162662,-0.4204996045594068,0.5249594416036917,0.17482727069042642,0.2879582814074829,-0.11999221861308884,0.7086010468453516,0.09081811866545075,0.689375437047222,0.18,-0.0006661246042684015,-0.00035289548330979766,1.1988375920664016,0.0006661246042684015,0.00039210609256644185,False
1782598895.7709603,TRACKING,Tracking AprilTag,Walk,4,72.83043670654297,0.003047531160342653,-0.010315172575398017,1.6825735586730697,1.6826079372739189,0.00181123007199444,0.7456109059762585,0.058902688863215855,-0.41136995458842973,0.45145081820321187,0.7531045548254407,-0.41887233757863435,0.5317642042661281,0.1770978715106502,0.2895855483882554,-0.12011557529302908,0.7081814126651506,0.09246702061429829,0.6895659398682126,0.18,-0.003047531160342653,-0.001630107064794996,1.1825735586730697,0.003047531160342653,0.00181123007199444,False
1782598895.8209727,TRACKING,Tracking AprilTag,Walk,4,73.23934936523438,0.0053669522510320375,-0.009127859441729018,1.674707458475497,1.6747409332395,0.003204699334690659,0.7479303270669478,0.060090001996884856,-0.41923605478600234,0.4581350291030968,0.7510261685995455,-0.4172774658832105,0.5381922980250199,0.17986878747563873,0.29118042008367917,-0.12011871832890027,0.707650620073816,0.0932018713862961,0.6900112351159642,0.18,-0.0053669522510320375,-0.002884229401221593,1.174707458475497,0.0053669522510320375,0.003204699334690659,False
1782598895.8709514,TRACKING,Tracking AprilTag,Walk,4,72.99427795410156,0.010933688625050102,-0.010040955106178735,1.6659762654775914,1.6660424014595354,0.0065628375846584425,0.7534970634409659,0.059176906332435136,-0.42796724778390804,0.46413233133174386,0.7497932027388532,-0.4160366529360256,0.5435486923858092,0.18283474065919922,0.29242123303086415,-0.12042182988957079,0.7055632810559749,0.09423786383654197,0.6919525014992722,0.18,-0.010933688625050102,-0.005906553826192598,1.1659762654775914,0.010933688625050102,0.0065628375846584425,False
1782598895.9209628,TRACKING,Tracking AprilTag,Walk,4,72.58002471923828,0.015741126759984327,-0.020458823149039844,1.6605738028268053,1.6607744281361618,0.009479045900574504,0.7583045015759001,0.04875903828957403,-0.4333697104346941,0.469086024297614,0.7490442172456823,-0.41573607602234447,0.5477976968040591,0.18548917369146525,0.2927218099445452,-0.12078973426457584,0.7047797178135711,0.09417815056606393,0.6926946408128707,0.18,-0.015741126759984327,-0.008531141310517054,1.1605738028268053,0.015741126759984327,0.009479045900574504,False
1782598895.9709604,TRACKING,Tracking AprilTag,Walk,4,71.7535629272461,0.01681112352338898,-0.0238128357427873,1.6577911885809888,1.6580474329635444,0.01014032854493091,0.7593744983393048,0.04540502569582657,-0.4361523246805106,0.47448484112437744,0.7475638805954189,-0.41530046774210605,0.5528605767415906,0.1878778692487092,0.2931574182247837,-0.12121878426230538,0.704179815727199,0.09399643895465774,0.6932542556149368,0.18,-0.01681112352338898,-0.00912629569043782,1.1577911885809888,0.01681112352338898,0.01014032854493091,False
1782598896.0211024,TRACKING,Tracking AprilTag,Walk,4,71.5370864868164,0.017665922458242896,-0.024883090115892147,1.6475723673471319,1.6478549567956062,0.010721984563104959,0.7602292972741588,0.044334771322721726,-0.44637114591436755,0.48054593816478447,0.7453092991146055,-0.41470757287644633,0.5589301427359388,0.19010955104213548,0.2937503130904434,-0.12133635356405034,0.7040926432167428,0.09423708747630469,0.6932895574114929,0.18,-0.017665922458242896,-0.009649786106794463,1.1475723673471319,0.017665922458242896,0.010721984563104959,False
1782598896.071073,TRACKING,Tracking AprilTag,Walk,4,71.6695327758789,0.0198337701599215,-0.0264518567504299,1.6410423535344851,1.6413753639123208,0.012085492171154132,0.7623971449758373,0.04276600468818397,-0.4529011597270143,0.48699393260002377,0.7422819070565748,-0.4148038177893258,0.5657963451727686,0.19200612664209885,0.29365406817756395,-0.12060429230034676,0.7045219362464082,0.09509184585219649,0.6928643351181865,0.18,-0.0198337701599215,-0.01087694295403872,1.1410423535344851,0.0198337701599215,0.012085492171154132,False
1782598896.1210914,TRACKING,Tracking AprilTag,Walk,4,71.60994720458984,0.020711718356654644,-0.027571939589784062,1.6348169733732203,1.6351806394277069,0.012668458105950103,0.7632750931725705,0.041645921848829814,-0.4591265398882791,0.49317527790871346,0.7387231317990995,-0.41554097579835436,0.5728058149429283,0.1933256889557835,0.2929169101685354,-0.12066490814987017,0.7050077663323978,0.09454220673957962,0.6924346904199682,0.18,-0.020711718356654644,-0.011401612295355093,1.1348169733732203,0.020711718356654644,0.012668458105950103,False
1782598896.170993,TRACKING,Tracking AprilTag,Walk,4,71.80561828613281,0.018319111688806646,-0.026311807928168954,1.6262230954666668,1.626539104146809,0.01126434431027574,0.7608824865047225,0.04290605351044492,-0.46772041779483264,0.4994411099351924,0.734184343537006,-0.4175079224566614,0.5805170997761246,0.1939560349667023,0.29094996351022834,-0.12060850134981518,0.7058282943366715,0.09320302710585415,0.6917898554143752,0.18,-0.018319111688806646,-0.010137909879248166,1.1262230954666668,0.018319111688806646,0.01126434431027574,False
1782598896.2211733,TRACKING,Tracking AprilTag,Walk,4,71.7103500366211,0.015275654896782793,-0.02340728020128664,1.620723706276841,1.6209647061199965,0.0094249269796142,0.7578390297126987,0.04581058123732723,-0.4732198069846585,0.5049921007665432,0.7297223101730269,-0.4191538828237531,0.5876356167727567,0.19417954496573003,0.28930400314313665,-0.12060777390039466,0.7058850734605588,0.09234795643284267,0.6918467192110189,0.18,-0.015275654896782793,-0.008482434281652781,1.120723706276841,0.015275654896782793,0.0094249269796142,False
1782598896.271085,TRACKING,Tracking AprilTag,Walk,4,71.65702819824219,0.007871103819732874,-0.01915117398189025,1.6099021537993763,1.6100352997832366,0.004889142538787451,0.7504344786356487,0.05006668745672362,-0.4840413594621231,0.5100354951322755,0.7253837518868965,-0.42096954319875696,0.5942883414541287,0.194166543261447,0.2874883427681328,-0.12078705311543485,0.7060457960784994,0.09057503123966919,0.6918858181488476,0.18,-0.007871103819732874,-0.004400228284908706,1.1099021537993763,0.007871103819732874,0.004889142538787451,False
1782598896.3212428,TRACKING,Tracking AprilTag,Walk,4,71.3720703125,0.0041392585527774296,-0.0158563941027738,1.6061869982496868,1.606270597390629,0.002577065680382327,0.7467026333686932,0.053361467335840074,-0.4877565150118126,0.5142835971603573,0.7217835188660868,-0.4223502284946135,0.5998567467213364,0.19419673308182797,0.28610765747227623,-0.12030009667799116,0.7053821498262526,0.0902708488009888,0.6926868580408532,0.18,-0.0041392585527774296,-0.0023193591123440945,1.1061869982496868,0.0041392585527774296,0.002577065680382327,False
1782598896.371086,TRACKING,Tracking AprilTag,Walk,4,71.56656646728516,-0.0026211436959978044,-0.015669331735875126,1.601344398312133,1.601423204639227,-0.0016368379955432083,0.7399422311199181,0.05354852970273875,-0.4925991149493665,0.5170679235056002,0.7181703432516375,-0.42280192636301644,0.6043220315194301,0.19326466930204803,0.28565595960387324,-0.11999801977189531,0.7055224366954923,0.08990695987996021,0.6926437072082746,0.18,0.0026211436959978044,0.0014731541959888876,1.101344398312133,-0.0026211436959978044,-0.0016368379955432083,False
1782598896.4209845,TRACKING,Tracking AprilTag,Walk,4,71.64575958251953,-0.0048247124864059495,-0.01466008868131224,1.5969337995676296,1.5970083770137922,-0.0030212259318596886,0.7377386623295099,0.054557772757301636,-0.4970097136938698,0.5193458514178262,0.7142420720831122,-0.42253875514951567,0.6086077956570493,0.19176383763145227,0.2859191308173741,-0.12011754861104279,0.7059957747885833,0.08990505543905794,0.6921407526672892,0.18,0.0048247124864059495,0.0027191033386737198,1.0969337995676296,-0.0048247124864059495,-0.0030212259318596886,False
1782598896.4710722,TRACKING,Tracking AprilTag,Walk,4,71.50379943847656,-0.007965860360156098,-0.008912579902232747,1.5924240855117238,1.5924689501304699,-0.005002306853483745,0.7345975144557597,0.06030528153638112,-0.5015194277497756,0.5229399440114548,0.708930507510737,-0.4225067963897849,0.6147930692852955,0.19006896007781945,0.2859510895771048,-0.12090934754684962,0.707328838324301,0.08923244124860887,0.6907274539059551,0.18,0.007965860360156098,0.004502076168135371,1.0924240855117238,-0.007965860360156098,-0.005002306853483745,False
1782598896.5210702,TRACKING,Tracking AprilTag,Walk,4,71.63703155517578,-0.0099338946417043,-0.005364397755218647,1.5898240235594234,1.5898641089453849,-0.0062483427191700296,0.7326294801742115,0.06385346368339523,-0.504119489702076,0.5274704706775084,0.7034413730024466,-0.42345888409994015,0.6218049775528911,0.18884854540699952,0.2849990018669496,-0.12097176441065845,0.7081303787550249,0.08886724973860681,0.6899418894541287,0.18,0.0099338946417043,0.005623508447253026,1.0898240235594234,-0.0099338946417043,-0.0062483427191700296,False
1782598896.5710769,TRACKING,Tracking AprilTag,Walk,4,71.15631866455078,-0.015888261811128138,-0.0006132599045165536,1.586481407479794,1.5865610827289813,-0.010014444917417872,0.7266751130047877,0.06860460153409732,-0.5074621057817055,0.5339777619110365,0.6990022109475041,-0.42352693097432004,0.6296347952025478,0.18971165288646955,0.2849309549925697,-0.11718695758112589,0.7064176286687245,0.09234576396887681,0.6918913287185641,0.18,0.015888261811128138,0.009013000425676085,1.086481407479794,-0.015888261811128138,-0.010014444917417872,False
1782598896.6209643,TRACKING,Tracking AprilTag,Walk,4,71.66039276123047,-0.01761068037512839,-0.007690614151462338,1.6120000367518064,1.6121145741221765,-0.01092430484655073,0.7249526944407875,0.06152724728715153,-0.48194347650969305,0.5416147031320052,0.6958183461495396,-0.42350423491736006,0.6375056547164719,0.19226301267613444,0.2849536510495297,-0.11663705236057473,0.7059257705925732,0.09271150315840555,0.6924371318842074,0.18,0.01761068037512839,0.009831874361895657,1.1120000367518064,-0.01761068037512839,-0.01092430484655073,False
1782598896.6712003,TRACKING,Tracking AprilTag,Walk,4,71.83818817138672,-0.017229208018455646,-0.015181579234563876,1.5655645510985636,1.5657329560347912,-0.011004664419552824,0.7253341667974602,0.05403628220405,-0.5283789621629358,0.5489947390449474,0.6934486556738306,-0.4228680140001273,0.644651675501986,0.19526546999639469,0.28558987196676244,-0.11609185952666475,0.7066832542585302,0.09381345325577482,0.6916071820697361,0.18,0.017229208018455646,0.009904197977597541,1.0655645510985636,-0.017229208018455646,-0.011004664419552824,False
1782598896.720967,TRACKING,Tracking AprilTag,Walk,4,71.61956787109375,-0.015802266353273788,-0.011693299060206762,1.5613771807947812,1.5615009271759879,-0.010120377730510418,0.7267611084626421,0.05752456237840711,-0.5325663324667183,0.5561311450121578,0.691482602386648,-0.42155677458338436,0.651350059955039,0.198415914627867,0.2869011113835054,-0.11590310915334837,0.7067099004142289,0.09454129335362645,0.6915124943167125,0.18,0.015802266353273788,0.009108339957459376,1.0613771807947812,-0.015802266353273788,-0.010120377730510418,False
1782598896.7710242,TRACKING,Tracking AprilTag,Walk,4,71.97356414794922,-0.011151190508516741,-0.007490436154902242,1.5504674023133262,1.5505255951837047,-0.007192023660314978,0.7314121843073991,0.06172742528371163,-0.5434761109481732,0.5622839398979753,0.6903692843445409,-0.4200524696342697,0.6567466797099649,0.20157389771689196,0.28840541633262007,-0.11627472800131253,0.7054000165412959,0.09558331971131517,0.6926433665925955,0.18,0.011151190508516741,0.00647282129428348,1.0504674023133262,-0.011151190508516741,-0.007192023660314978,False
1782598896.820999,TRACKING,Tracking AprilTag,Walk,4,71.43529510498047,-0.008136390835968605,-0.010642523219879466,1.556090143016955,1.5561478070385373,-0.005228692389581778,0.7344269839799472,0.05857533821873441,-0.5378533702445445,0.5673688681894458,0.6898398890222409,-0.41909292487911454,0.6609524604829122,0.20448047013583778,0.28936496108777526,-0.11676082045338156,0.7047763689363287,0.09570358937318467,0.6931796329791189,0.18,0.008136390835968605,0.004705823150623601,1.056090143016955,-0.008136390835968605,-0.005228692389581778,False
1782598896.87098,TRACKING,Tracking AprilTag,Walk,4,71.65121459960938,-0.003428408843086166,-0.01623243740036006,1.5408680443721248,1.5409573570278734,-0.002224981690100258,0.7391349659728297,0.05298542403825381,-0.5530754688893746,0.572879563932304,0.6888171012029134,-0.41800963086417814,0.6658025871540736,0.20728940832800385,0.2904482551027116,-0.11761458244541292,0.7039174776040205,0.09570299183933963,0.6939077259065385,0.18,0.003428408843086166,0.0020024835210902324,1.0408680443721248,-0.003428408843086166,-0.002224981690100258,False
1782598896.9209836,TRACKING,Tracking AprilTag,Walk,4,71.76519012451172,-0.001544702161905512,-0.01795924864248046,1.5350339832988467,1.535139814674512,-0.0010062980085815505,0.7410186726540103,0.05125861279613342,-0.5589095299626528,0.5791944711166281,0.6870678096569343,-0.41659501933467724,0.6717361142612418,0.2100699352075653,0.2918628666322125,-0.11786070226787611,0.7037461922053918,0.09613185192744944,0.6939804167714921,0.18,0.001544702161905512,0.0009056682077233954,1.0350339832988467,-0.001544702161905512,-0.0010062980085815505,False
1782598896.9710023,TRACKING,Tracking AprilTag,Walk,4,71.81057739257812,0.003162596120118094,-0.020528433795888337,1.5264928850707162,1.526634188920139,0.0020718023818136187,0.7457259709360339,0.04868942764272553,-0.5674506281907832,0.5861412085755601,0.6846957574214824,-0.41588424592419926,0.6785546395676253,0.21278866759182963,0.2925736400426905,-0.11779908535578433,0.703986865540734,0.09710795067412066,0.6936107803021415,0.18,-0.003162596120118094,-0.001864622143632257,1.0264928850707162,0.003162596120118094,0.0020718023818136187,False
1782598897.0210397,TRACKING,Tracking AprilTag,Walk,4,71.79534149169922,0.005319867244261742,-0.02201184984637171,1.5259647431494803,1.5261327661302653,0.0034862179588849686,0.7478832420601775,0.047206011592242164,-0.5679787701120191,0.5929095975740429,0.681930136299577,-0.4163228044336774,0.6854938140010457,0.21509249223951393,0.2921350815332123,-0.11792055159644062,0.7042273935402339,0.09698538120431892,0.69336307770992,0.18,-0.005319867244261742,-0.0031375961629964717,1.0259647431494803,0.005319867244261742,0.0034862179588849686,False
1782598897.0709748,TRACKING,Tracking AprilTag,Walk,4,71.70671081542969,0.005795956329600196,-0.021972776074807028,1.5097915993266455,1.5099626052970712,0.0038388926394218015,0.748359331145516,0.047245085363806845,-0.5841519139348539,0.5998988876649616,0.6785082210758646,-0.418224824798278,0.6930277598800361,0.21704168162634452,0.29023306116861175,-0.11712684772527542,0.7044700763132511,0.09619172069569258,0.6933616415628602,0.18,-0.005795956329600196,-0.0034550033754796212,1.0097915993266455,0.005795956329600196,0.0038388926394218015,False
1782598897.1209893,TRACKING,Tracking AprilTag,Walk,4,71.59861755371094,0.0035810171350706757,-0.02098004320705783,1.5058290697290215,1.5059794730133813,0.0023780988535919926,0.7461443919509865,0.04823781823155604,-0.5881144435324779,0.6062195711012734,0.6751015635495444,-0.4195717959335286,0.7000440608535317,0.21856741923583842,0.2888860900333612,-0.11688139896098632,0.704095988727905,0.0957634020729961,0.6938421636493434,0.18,-0.0035810171350706757,-0.0021402889682327936,1.0058290697290215,0.0035810171350706757,0.0023780988535919926,False
1782598897.1711142,TRACKING,Tracking AprilTag,Walk,4,71.84412384033203,-0.0008647979845094063,-0.021891646707631784,1.4975985873991395,1.4977588327401123,-0.0005774563996399682,0.7416985768314064,0.047326214730982086,-0.5963449258623599,0.6119394613404489,0.6718538469677653,-0.42077149388087426,0.7065007227206346,0.21982293700858296,0.2876863920860155,-0.11615064247066878,0.703068444886828,0.09527648602034365,0.695072788468721,0.18,0.0008647979845094063,0.0005197107596759714,0.9975985873991395,-0.0008647979845094063,-0.0005774563996399682,False
1782598897.2209613,TRACKING,Tracking AprilTag,Walk,4,71.852294921875,-0.002872008021346184,-0.02203258697035528,1.491862112279746,1.4920275618682337,-0.0019251138893852033,0.7396913667945697,0.0471852744682586,-0.6020814009817534,0.6162281700827761,0.6692049525241274,-0.4208220142858359,0.7114809620496945,0.22060196247372169,0.28763587168105387,-0.11566195846887516,0.7022725562759248,0.0955202981550341,0.6959248815103507,0.18,0.002872008021346184,0.001732602500446683,0.991862112279746,-0.002872008021346184,-0.0019251138893852033,False
1782598897.2711668,TRACKING,Tracking AprilTag,Walk,4,72.10601806640625,-0.004838021923286548,-0.027091292856781676,1.4858930131868806,1.4861478362674319,-0.0032559577196752103,0.7377253528926293,0.0421265685818322,-0.6080505000746188,0.6195896233939725,0.6663478345627184,-0.41926757790006747,0.7158925584141411,0.22061953876346505,0.2891903080668223,-0.11590380169131219,0.7023196661726853,0.09631184785091661,0.69572798076844,0.18,0.004838021923286548,0.0029303619477076895,0.9858930131868806,-0.004838021923286548,-0.0032559577196752103,False
1782598897.3211179,TRACKING,Tracking AprilTag,Walk,4,72.08573150634766,-0.0042307593969196505,-0.02605416552226526,1.4784345220752193,1.4786701305328103,-0.0028616403264397285,0.7383326154189962,0.04316369591634861,-0.6155089911862801,0.6234925861089231,0.6630368612172686,-0.41783811189673703,0.7210106658436116,0.22064481303838876,0.2906197740701527,-0.11633167542633452,0.7023845334765255,0.09661754575020333,0.6955486742699414,0.18,0.0042307593969196505,0.0025754762937957557,0.9784345220752193,-0.0042307593969196505,-0.0028616403264397285,False
1782598897.3709688,TRACKING,Tracking AprilTag,Walk,4,71.87295532226562,-0.002403731416886711,-0.024584519111088266,1.4763321571608496,1.4765387955525773,-0.0016281764785539726,0.7401596433990292,0.04463334232752561,-0.6176113561006498,0.6286945274893607,0.6591452457722514,-0.4171767850787915,0.7274929763648179,0.22107436536821837,0.2912811008880983,-0.11755397588102354,0.7031876200027374,0.09625265834079653,0.6945816435753104,0.18,0.002403731416886711,0.0014653588306985754,0.9763321571608496,-0.002403731416886711,-0.0016281764785539726,False
1782598897.4210951,TRACKING,Tracking AprilTag,Walk,4,71.73424530029297,-0.0033011063666881627,-0.02217766857404305,1.4702266733664162,1.4703976391999218,-0.002245300591476999,0.7392622684492277,0.047040192864570826,-0.6237168398950832,0.6344617649480588,0.6558366375156556,-0.4178543916912115,0.7340252121001744,0.22231445117103954,0.2906034942756782,-0.11639578001564023,0.7029523851285414,0.09710838280277063,0.6948956242674693,0.18,0.0033011063666881627,0.002020770532329299,0.9702266733664162,-0.0033011063666881627,-0.002245300591476999,False
1782598897.4710844,TRACKING,Tracking AprilTag,Walk,4,71.95693969726562,-0.0037610165728387715,-0.027736043391145142,1.4841591039052513,1.4844230121678577,-0.002534100631310302,0.738802358243077,0.04148181804746873,-0.6097844093562481,0.642531649514221,0.6531608589502338,-0.41769082267861984,0.7418942409720429,0.22553333489929875,0.2907670632882699,-0.11303662638092987,0.7008637044990377,0.10046343791739232,0.6970795409808855,0.18,0.0037610165728387715,0.0022806905681792716,0.9841591039052513,-0.0037610165728387715,-0.002534100631310302,False
1782598897.5210876,TRACKING,Tracking AprilTag,Walk,4,71.72206115722656,-0.0024850420291561014,-0.03798987687446305,1.4893461587485155,1.4898326707243943,-0.001668544084534533,0.7400783327867597,0.031227984564150824,-0.6045973545129839,0.6499758754885773,0.651106093306159,-0.4164925458041674,0.7488840954208177,0.22881670161568812,0.29196534016272235,-0.11328546269429685,0.7016862495332093,0.10058967808200496,0.6961928811913523,0.18,0.0024850420291561014,0.0015016896760810796,0.9893461587485155,-0.0024850420291561014,-0.001668544084534533,False
1782598897.5709577,TRACKING,Tracking AprilTag,Walk,4,71.82904052734375,0.0005615021733760396,-0.03386595422605911,1.454650815638966,1.4550450898784688,0.0003860047644777997,0.7431248769892919,0.03535190721255476,-0.6392926976225335,0.6569130260138178,0.6491005738221864,-0.41503748392708123,0.7554568512452462,0.23180752870578883,0.2934204020398085,-0.11364591947947957,0.7028102915178341,0.1014390537996214,0.6948758288259264,0.18,-0.0005615021733760396,-0.00034740428803001975,0.9546508156389659,0.0005615021733760396,0.0003860047644777997,False
1782598897.6211731,TRACKING,Tracking AprilTag,Walk,4,71.70223236083984,0.005527877859742246,-0.02545451994231391,1.4379937278703265,1.4382296240216736,0.0038441409884622264,0.7480912526756581,0.043763341496299964,-0.6559497853911729,0.6631061346540219,0.6471937619088017,-0.41333087819192993,0.7614003814138264,0.23438919007738135,0.2951270077749598,-0.11419863262877752,0.7025260617622818,0.10180829461507264,0.695018615576638,0.18,-0.005527877859742246,-0.003459726889616004,0.9379937278703265,0.005527877859742246,0.0038441409884622264,False
1782598897.6709728,TRACKING,Tracking AprilTag,Walk,4,71.78788757324219,0.008310934170454583,-0.025913988076243007,1.4379407542827818,1.4381982544948861,0.005779682927810636,0.7508743089863704,0.04330387336237086,-0.6560027589787176,0.6688814199948913,0.6456622337632087,-0.41200090231315695,0.7667824472455835,0.23698396687160392,0.2964569836537328,-0.11523475555993426,0.7008690138213586,0.10211215362911548,0.6964744680584798,0.18,-0.008310934170454583,-0.005201714635029573,0.9379407542827818,0.008310934170454583,0.005779682927810636,False
1782598897.7209988,TRACKING,Tracking AprilTag,Walk,4,71.60521697998047,0.010571556978075344,-0.029657593033297375,1.4318060095480178,1.432152149605372,0.007383238241713441,0.7531349317939912,0.0395602684053165,-0.6621375037134816,0.6738155249485973,0.644655145190208,-0.4111227456469466,0.7711845154473371,0.2394296599502967,0.2973351403199431,-0.11614820233379555,0.7003681669891245,0.10168308202212474,0.6968892140027733,0.18,-0.010571556978075344,-0.006644914417542097,0.9318060095480178,0.010571556978075344,0.007383238241713441,False
1782598897.7710896,TRACKING,Tracking AprilTag,Walk,4,71.7823257446289,0.01332984568209349,-0.03375671306654326,1.4250175955837174,1.425479690555486,0.009353889352028213,0.7558932204980093,0.035461148372070615,-0.668925917677782,0.6795882928540379,0.6430395900172996,-0.40995552971442173,0.7766193429448056,0.2419589914587305,0.29850235625246807,-0.11761542369714642,0.6996500269021222,0.10107480105992449,0.6974527486182108,0.18,-0.01332984568209349,-0.008418500416825393,0.9250175955837174,0.01332984568209349,0.009353889352028213,False
1782598897.82109,TRACKING,Tracking AprilTag,Walk,4,71.9800033569336,0.014834939536904387,-0.034750379410857325,1.4157334442343752,1.41623756814455,0.010478241272395364,0.7573983143528202,0.03446748202775655,-0.6782100690271242,0.6860884421539681,0.6407626272303341,-0.4084503798951845,0.7830368730738233,0.2444593529321498,0.30000750607170523,-0.1182853085849477,0.6997021556335605,0.10125661864934377,0.6972607663954812,0.18,-0.014834939536904387,-0.009430417145155828,0.9157334442343752,0.014834939536904387,0.010478241272395364,False
1782598897.8711035,TRACKING,Tracking AprilTag,Walk,4,71.56281280517578,0.01907240678522013,-0.03542244326304918,1.406561488313329,1.4071367121191574,0.013558765949026988,0.761635781601136,0.033795418175564695,-0.6873820249481704,0.6927893436700027,0.6379761035780822,-0.40788544005468486,0.7899384003096654,0.2467033932626882,0.3005724459122049,-0.11902157664989636,0.7003962010551593,0.10132093191734767,0.6964288151668294,0.18,-0.01907240678522013,-0.012202889354124289,0.9065614883133291,0.01907240678522013,0.013558765949026988,False
1782598897.9210818,TRACKING,Tracking AprilTag,Walk,4,71.88652038574219,0.020885981858084542,-0.03547404516313871,1.405171812182172,1.4057746810459142,0.014862555440456395,0.7634493566740004,0.033743816275475166,-0.6887717010793275,0.6994856295532218,0.6338607627014153,-0.40832683970576317,0.7977010354773282,0.2479353715152275,0.3001310462611266,-0.12029984436959143,0.7000095966894186,0.10009728298636729,0.6967747454709567,0.18,-0.020885981858084542,-0.013376299896410756,0.9051718121821719,0.020885981858084542,0.014862555440456395,False
1782598897.971096,TRACKING,Tracking AprilTag,Walk,4,71.54045867919922,0.019191853028724427,-0.037496832145879185,1.3905686124625825,1.3912064568602909,0.013800566503807362,0.7617552278446402,0.03172102929273469,-0.703374900798917,0.7057342627668021,0.6294580226687503,-0.40993788728792796,0.805310738494449,0.24865783730978974,0.2985199986789618,-0.12029965076990641,0.7004357139702923,0.0988153904599079,0.6965294848230198,0.18,-0.019191853028724427,-0.012420509853426626,0.8905686124625825,0.019191853028724427,0.013800566503807362,False
1782598898.0210912,TRACKING,Tracking AprilTag,Walk,4,71.66890716552734,0.01629465770685061,-0.03548105874177666,1.3858478880650584,1.3863977749021397,0.011757355917134766,0.7588580325227664,0.033736802696837216,-0.708095625196441,0.7116690236264479,0.6251454576398546,-0.4116098503958851,0.8126234238774527,0.24924455366275966,0.29684803557100464,-0.12042049778714312,0.7005506708569836,0.09789887402462116,0.6965224129482398,0.18,-0.01629465770685061,-0.01058162032542129,0.8858478880650584,0.01629465770685061,0.011757355917134766,False
1782598898.0710783,TRACKING,Tracking AprilTag,Walk,4,71.7381591796875,0.009773836958158033,-0.03107110754642446,1.3779303863219807,1.3783153090503237,0.007093009302092816,0.7523372117740739,0.03814675389218941,-0.7160131269395187,0.7168918851035851,0.6212409668745369,-0.41324444731457854,0.8191299979136639,0.24967794085352174,0.2952134386523112,-0.11981088072307859,0.7000055990896528,0.09686187860801107,0.6973200775655491,0.18,-0.009773836958158033,-0.0063837083718835345,0.8779303863219807,0.009773836958158033,0.007093009302092816,False
1782598898.1210995,TRACKING,Tracking AprilTag,Walk,4,71.84095001220703,0.006399654458422636,-0.029570665210757262,1.372839401089633,1.3731727498761166,0.0046615853956685615,0.7489630292743384,0.03964719622785661,-0.7211041121718664,0.7206372544852458,0.6177893171935102,-0.4139100809691515,0.8242199672554068,0.24949385004513935,0.29454780499773825,-0.11950790665225326,0.6996522645325737,0.09661951799311386,0.6977601577367515,0.18,-0.006399654458422636,-0.0041954268561017055,0.872839401089633,0.006399654458422636,0.0046615853956685615,False
1782598898.171069,TRACKING,Tracking AprilTag,Walk,4,71.8502426147461,0.002072244226519457,-0.031600518605659024,1.3655003951470748,1.3658675690267699,0.00151757014723527,0.7446356190424352,0.03761734283295485,-0.7284431181144246,0.723668977960999,0.6136907963066389,-0.41338214420421554,0.8291889135278075,0.2483542037686357,0.2950757417626742,-0.11975129285372332,0.6999530206149333,0.09637476626708925,0.6974505725991317,0.18,-0.002072244226519457,-0.001365813132511743,0.8655003951470748,0.002072244226519457,0.00151757014723527,False
1782598898.2210984,TRACKING,Tracking AprilTag,Walk,4,71.66461181640625,0.0007604468934379507,-0.029585064232267356,1.3620191665241126,1.3623406564747833,0.0005583231375237674,0.7433238217093537,0.03963279720634652,-0.7319243467373868,0.727289559627039,0.6092376160598799,-0.4129064230534535,0.8348357826983517,0.24732838971075438,0.29555146291343626,-0.1200548873340346,0.7004320727226138,0.09655659977755096,0.6968920709608577,0.18,-0.0007604468934379507,-0.0005024908237713907,0.8620191665241126,0.0007604468934379507,0.0005583231375237674,False
1782598898.2709515,TRACKING,Tracking AprilTag,Walk,4,71.93684387207031,-0.0016210368912075658,-0.027234722915474373,1.3595393457765894,1.3598130719358166,-0.0011923421915259172,0.7409423379247083,0.0419831385231395,-0.73440416748491,0.7321042065812948,0.6038234794875136,-0.41324039002058566,0.8420146438820085,0.24634979264140222,0.2952174959463041,-0.12011632948279692,0.701838248334696,0.09637382329945952,0.6954906374270685,0.18,0.0016210368912075658,0.0010731079723733255,0.8595393457765894,-0.0016210368912075658,-0.0011923421915259172,False
1782598898.321029,TRACKING,Tracking AprilTag,Walk,4,72.05680847167969,-0.003592791360615326,-0.024408499258437372,1.3536818768639083,1.3539066831711866,-0.0026540821635866936,0.7389705834553005,0.044809362180176504,-0.7402616363975911,0.737849727008693,0.5994235045986541,-0.4141853582672351,0.8492405008884685,0.2467470010582773,0.2942725276996546,-0.11871336807132742,0.7016600922097583,0.09716795988151838,0.6958007177445412,0.18,0.003592791360615326,0.0023886739472280243,0.8536818768639083,-0.003592791360615326,-0.0026540821635866936,False
1782598898.3710892,TRACKING,Tracking AprilTag,Walk,4,71.95745086669922,-0.008086569677025984,-0.02961218607732128,1.3605094527335462,1.3608557032803854,-0.005943710596005172,0.7344768051388898,0.03960567536129259,-0.7334340605279532,0.7452323530312575,0.5962696625519882,-0.4142827399432974,0.8568987073337992,0.24915568548863753,0.29417514602359235,-0.1165733694843229,0.7005388141052661,0.09923994700602567,0.6969988897963181,0.18,0.008086569677025984,0.005349339536404655,0.8605094527335462,-0.008086569677025984,-0.005943710596005172,False
1782598898.421085,TRACKING,Tracking AprilTag,Walk,4,72.13158416748047,-0.008529917393329894,-0.03679186736774224,1.3430321970678634,1.3435631296504362,-0.0063511528024528625,0.734033457422586,0.032425994070871635,-0.750911316193636,0.7524572864301594,0.5939008435596853,-0.4131403750570006,0.8639263814739029,0.2520578850368048,0.2953175109098891,-0.11651878173430623,0.7006996408118573,0.09961165625478667,0.6967933013508852,0.18,0.008529917393329894,0.005716037522207576,0.8430321970678634,-0.008529917393329894,-0.0063511528024528625,False
1782598898.4710915,TRACKING,Tracking AprilTag,Walk,4,71.7780532836914,-0.006591366042394853,-0.032566922628568334,1.3304124373677548,1.3308273006136484,-0.004954337412824312,0.735972008773521,0.03665093881004554,-0.7635310758937446,0.7595605858262695,0.5918917778290741,-0.4115916802103164,0.8706276125443335,0.25515412623564393,0.29686620575657335,-0.11700506622092643,0.7011759002326566,0.10046444392261081,0.6961099531818811,0.18,0.006591366042394853,0.0044589036715418804,0.8304124373677548,-0.006591366042394853,-0.004954337412824312,False
1782598898.5210583,TRACKING,Tracking AprilTag,Walk,4,71.9274673461914,-0.004115585481504123,-0.02930892139546172,1.3221130150743239,1.3224442428874421,-0.003112874724962969,0.7384477893344117,0.03990894004315215,-0.7718304981871755,0.7660083430266901,0.5904099803008773,-0.40972991878088444,0.8764879728620885,0.25822421968311876,0.2987279671860053,-0.11737061814869981,0.7008667749357879,0.10095215934370749,0.6962891377225,0.18,0.004115585481504123,0.002801587252466672,0.8221130150743239,-0.004115585481504123,-0.003112874724962969,False
1782598898.5710108,TRACKING,Tracking AprilTag,Walk,4,71.88166809082031,0.0015436430543111787,-0.02917587190477547,1.3201879380185746,1.3205111911774994,0.0011692595473602365,0.744107017870227,0.040041989533838404,-0.7737555752429248,0.7713400092158058,0.5897127590407837,-0.408239614617553,0.8809903162635593,0.2611638941094659,0.30021827134933676,-0.11865154592200984,0.6991530136505261,0.10125664335628308,0.697749214496099,0.18,-0.0015436430543111787,-0.0010523335926242129,0.8201879380185746,0.0015436430543111787,0.0011692595473602365,False
1782598898.6209977,TRACKING,Tracking AprilTag,Walk,4,71.72937774658203,0.004180530047921029,-0.033116956698523964,1.3132290324312086,1.313653189115248,0.003183386768726356,0.7467439048638369,0.03610090474008991,-0.7807144808302908,0.7762720306348386,0.5891881910386619,-0.40725457609275995,0.8850768437684009,0.2639746413088457,0.3012033098741298,-0.1195026971499004,0.6987673032018435,0.10094865224000779,0.6980349066922426,0.18,-0.004180530047921029,-0.00286504809185372,0.8132290324312086,0.004180530047921029,0.003183386768726356,False
1782598898.6710382,TRACKING,Tracking AprilTag,Walk,4,71.92134857177734,0.007889717976507952,-0.03586854852393935,1.3014688541912862,1.3019869349778217,0.006062090002859711,0.7504530927924238,0.03334931291467452,-0.7924746590702132,0.7820185310314828,0.5879485038543703,-0.40590789464566207,0.890247161021168,0.26677230294479604,0.3025499913212277,-0.12048052756297256,0.6984696846153283,0.10094974295296688,0.698164516105797,0.18,-0.007889717976507952,-0.00545588100257374,0.8014688541912862,0.007889717976507952,0.006062090002859711,False
1782598898.721167,TRACKING,Tracking AprilTag,Walk,4,71.64593505859375,0.010018008517580432,-0.037071571440350407,1.3028626652224593,1.3034284738083197,0.007689076797043577,0.7525813833334962,0.032146289998263466,-0.7910808480390401,0.7883612136794674,0.5861099654971573,-0.40447333612646186,0.8962598495199412,0.2695031312954449,0.30398454984042794,-0.12072616961188057,0.6986004739017113,0.10137824455274703,0.697929094798713,0.18,-0.010018008517580432,-0.006920169117339219,0.8028626652224593,0.010018008517580432,0.007689076797043577,False
1782598898.7710803,TRACKING,Tracking AprilTag,Walk,4,72.12589263916016,0.014838129709729272,-0.037860160236770704,1.2902735116744175,1.2909141322160316,0.011499480935276361,0.7574015045256451,0.03135770120184317,-0.8036700015870819,0.7949800635086411,0.5835917167989866,-0.4035007671742922,0.9029245127552514,0.2718975025128828,0.30495711879259757,-0.1222546915971708,0.6988598196643063,0.10101423594274472,0.6974559964457667,0.18,-0.014838129709729272,-0.010349532841748724,0.7902735116744175,0.014838129709729272,0.011499480935276361,False
1782598898.821173,TRACKING,Tracking AprilTag,Walk,4,71.9233169555664,0.01676587314837915,-0.03870804779753363,1.2895605166520077,1.2902502600559773,0.01300049774431321,0.759329247964295,0.03050981364108024,-0.8043829966094918,0.8014710318067251,0.5795303426635744,-0.403873126563635,0.9104961225038453,0.27303686862152693,0.30458475940325475,-0.12231551914812637,0.6991027726160876,0.10095302827894262,0.6972106662819598,0.18,-0.01676587314837915,-0.01170044796988189,0.7895605166520077,0.01676587314837915,0.01300049774431321,False
1782598898.8711016,TRACKING,Tracking AprilTag,Walk,4,72.06636810302734,0.015980790193488466,-0.04004689338804576,1.2763255132405507,1.2770536226306226,0.012520281842659733,0.7585441650094042,0.02917096805056811,-0.8176180000209488,0.8075107313743222,0.5751423269572135,-0.40544959485160215,0.9179375877952842,0.2736345700707562,0.3030082911152876,-0.12261977485210218,0.6997078640639618,0.09936535264271894,0.6967781730769529,0.18,-0.015980790193488466,-0.01126825365839376,0.7763255132405507,0.015980790193488466,0.012520281842659733,False
1782598898.9211347,TRACKING,Tracking AprilTag,Walk,4,71.76512145996094,0.013276540533987876,-0.037332214149434086,1.2705952670715315,1.2712129221520785,0.010448691033607937,0.7558399153499037,0.03188564728917979,-0.8233482461899679,0.8133099078997221,0.5707240697382214,-0.40711489096971365,0.925216085072899,0.27405280756988937,0.3013429949971761,-0.12274366497710783,0.6997792734771463,0.09863439214470723,0.6967885029232536,0.18,-0.013276540533987876,-0.009403821930247143,0.7705952670715315,0.013276540533987876,0.010448691033607937,False
1782598898.9711666,TRACKING,Tracking AprilTag,Walk,4,71.80513763427734,0.007172437285629214,-0.03267795921764569,1.2621466022351449,1.2625899328004193,0.005682667977662989,0.749735812101545,0.03653990222096818,-0.8317969110263546,0.8184657801385138,0.5667333334266056,-0.40851563183806094,0.9317279065777511,0.27437711535662274,0.2999422541288288,-0.12158205548167458,0.6992188893564578,0.0980835156420939,0.6976319749776809,0.18,-0.007172437285629214,-0.005114401179896691,0.7621466022351449,0.007172437285629214,0.005682667977662989,False
1782598899.0212052,TRACKING,Tracking AprilTag,Walk,4,71.5006332397461,0.003965470580417315,-0.03176695812198644,1.2585565989813217,1.258963691861159,0.003150797875263772,0.7465288453963331,0.03745090331662743,-0.8353869142801778,0.8217616340800087,0.5630239951081585,-0.40888555647554276,0.9366441976935427,0.27370486121631804,0.29957232949134704,-0.12139793379128049,0.699213036456968,0.09796062530668938,0.697687170019169,0.18,-0.003965470580417315,-0.0028357180877373947,0.7585565989813217,0.003965470580417315,0.003150797875263772,False
1782598899.0711102,TRACKING,Tracking AprilTag,Walk,4,71.96617126464844,0.00014150506180529642,-0.032777389445857105,1.250088624066275,1.2505182706791933,0.00011319602344722258,0.7427048798777212,0.03644047199275677,-0.8438548891952244,0.8241515145517396,0.5588705410212124,-0.4080284197376791,0.9411614931275771,0.27210587670007613,0.30042946622921063,-0.12194860357887256,0.699770140156043,0.09802275142525993,0.6970235499853477,0.18,-0.00014150506180529642,-0.00010187642110250032,0.750088624066275,0.00014150506180529642,0.00011319602344722258,False
1782598899.1216075,TRACKING,Tracking AprilTag,Walk,4,71.98868560791016,-0.0010042968410129373,-0.030961074144937546,1.247089414434869,1.2474740896386816,-0.0008053124437457572,0.741559077974903,0.03825678729367633,-0.8468540988266304,0.8275440444986882,0.5539500661503596,-0.407297230643319,0.9469392390993825,0.270576829977139,0.3011606553235707,-0.12231364730383192,0.7001906995357084,0.09808284990881132,0.6965286142870908,0.18,0.0010042968410129373,0.0007247811993711815,0.747089414434869,-0.0010042968410129373,-0.0008053124437457572,False
1782598899.1710725,TRACKING,Tracking AprilTag,Walk,4,71.7097396850586,-0.0033429508625451004,-0.027842908792616788,1.2427029687204154,1.2430193366786524,-0.002690057787765657,0.7392204239533707,0.04137495264599708,-0.851240544541084,0.831521694840641,0.5487237747494502,-0.40792281464712243,0.9533602893666355,0.2691962730187109,0.3005350713197673,-0.12213318647812671,0.7015486483656114,0.09802393677354898,0.6952008965446593,0.18,0.0033429508625451004,0.0024210520089890915,0.7427029687204154,-0.0033429508625451004,-0.002690057787765657,False
1782598899.2211025,TRACKING,Tracking AprilTag,Walk,4,72.16879272460938,-0.0054988576348547836,-0.025248642884532237,1.2394290031284718,1.2396983444365959,-0.004436576473954047,0.737064517181061,0.04396921855408163,-0.8545145101330276,0.8371103982445004,0.5446832360944898,-0.40893380362914283,0.9602331927859209,0.2697643900380952,0.2995240823377469,-0.12097328585257003,0.7011811845985492,0.09863412206748394,0.6956879476022165,0.18,0.0054988576348547836,0.0039929188265586425,0.7394290031284718,-0.0054988576348547836,-0.004436576473954047,False
1782598899.2710736,TRACKING,Tracking AprilTag,Walk,4,72.1434555053711,-0.010260559793411905,-0.033826229258341084,1.2555450413432332,1.2560425326057607,-0.008172013785478303,0.7323028150225039,0.03539163218027279,-0.8383984719182662,0.8442949263024115,0.5420041138898805,-0.40912810783649517,0.9674320874558745,0.27240466554134457,0.2993297781303946,-0.11877106537619155,0.6999924711200107,0.10046103474265738,0.6970018327832,0.18,0.010260559793411905,0.0073548124069304725,0.7555450413432332,-0.010260559793411905,-0.008172013785478303,False
1782598899.3211105,TRACKING,Tracking AprilTag,Walk,4,71.82669067382812,-0.010795892349102828,-0.03811245307023817,1.2238859143962861,1.2245267828137847,-0.008820766891631464,0.731767482466813,0.031105408368375706,-0.8700575988652133,0.8513397898287973,0.540093513530168,-0.407960625598258,0.9740248764789535,0.2755376559238868,0.3004972603686317,-0.11883739646736861,0.7006950752159177,0.10077069417957144,0.6962394358003461,0.18,0.010795892349102828,0.007938690202468318,0.7238859143962861,-0.010795892349102828,-0.008820766891631464,False
1782598899.3710802,TRACKING,Tracking AprilTag,Walk,4,72.1626205444336,-0.008331957266254422,-0.031749812369339984,1.216231981011623,1.2166748553877622,-0.006850524453571518,0.7342314175496614,0.03746804906927389,-0.8777115322498763,0.8583464020633218,0.5384076764044976,-0.40621743382991393,0.9804423735286973,0.27881643518388677,0.3022404521369758,-0.1192008659614676,0.7010451338624767,0.10180596232653762,0.6956740758980071,0.18,0.008331957266254422,0.006165472008214367,0.7162319810116231,-0.008331957266254422,-0.006850524453571518,False
1782598899.4210863,TRACKING,Tracking AprilTag,Walk,4,72.05103302001953,-0.005787879499668084,-0.028876310569583986,1.210465317018181,1.2108235315540987,-0.004781496263763221,0.7367754953162478,0.04034155086902989,-0.8834781962433185,0.8646982981648819,0.5372621458006517,-0.40386954176998346,0.986011143551109,0.28207950504014967,0.3045883441969063,-0.1199977873070463,0.7002719296916288,0.10229719813154099,0.6962435197413414,0.18,0.005787879499668084,0.004303346637386899,0.7104653170181809,-0.005787879499668084,-0.004781496263763221,False
1782598899.4710727,TRACKING,Tracking AprilTag,Walk,4,71.98483276367188,0.0006321554345261581,-0.03016182248037568,1.213044303239623,1.2134193903090282,0.0005211313186265469,0.7431955302504419,0.03905603895823819,-0.8808992100218764,0.8698988910553646,0.536908360756494,-0.402086238474329,0.990190492907282,0.2851946886991118,0.30637164749256074,-0.12121572729039848,0.6986078623191847,0.10278312424825328,0.6976313005686076,0.18,-0.0006321554345261581,-0.0004690181867638922,0.713044303239623,0.0006321554345261581,0.0005211313186265469,False
1782598899.5212693,TRACKING,Tracking AprilTag,Walk,4,71.99007415771484,0.003338213764241285,-0.0338476309480315,1.202005922273988,1.2024870240354657,0.00277719528667656,0.7459015885801571,0.035370230490582376,-0.8919375909875114,0.874801666846415,0.5365866042770352,-0.4009505113222682,0.9941228502130358,0.2881404150457484,0.3075073746446215,-0.12213114496551479,0.6981799936334451,0.10253889232486998,0.697935853413624,0.18,-0.003338213764241285,-0.002499475758008904,0.7020059222739881,0.003338213764241285,0.00277719528667656,False
1782598899.5711157,TRACKING,Tracking AprilTag,Walk,4,71.88652801513672,0.007900065749773633,-0.03629154138156005,1.1909865557855035,1.1915655513132781,0.006633114243107871,0.7504634405656895,0.03292632005705382,-0.9029569574759959,0.8805220623492862,0.5355888364169855,-0.39968465519559254,0.9991159362143653,0.2911047965318503,0.3087732307712972,-0.12316509995390107,0.6981593549914145,0.10241379470894252,0.6977931554870916,0.18,-0.007900065749773633,-0.005969802818797085,0.6909865557855035,0.007900065749773633,0.006633114243107871,False
1782598899.621187,TRACKING,Tracking AprilTag,Walk,4,71.47821044921875,0.009830303216901298,-0.03648969385713795,1.186901521217795,1.1875029910228605,0.008282134848033038,0.7523936780328171,0.032728167581475925,-0.9070419920437045,0.8868524345058957,0.5340251996746207,-0.39830274825425055,1.0049404080911293,0.29403636588290355,0.3101551377126392,-0.12329407602036133,0.698503666325255,0.10296886447839088,0.697343969570608,0.18,-0.009830303216901298,-0.007453921363229734,0.6869015212177949,0.009830303216901298,0.008282134848033038,False
1782598899.671079,TRACKING,Tracking AprilTag,Walk,4,72.03958129882812,0.014685043974974003,-0.03677652648144773,1.1793933533337813,1.1800579838738812,0.012450710443228022,0.7572484187908899,0.03244133495716614,-0.9145501599277182,0.8935342295067021,0.531422194978621,-0.39728241169562434,1.0117080173962545,0.2964073323890738,0.3111754742712654,-0.1249966050018714,0.6985283907453214,0.10223111004791728,0.6971246202789918,0.18,-0.014685043974974003,-0.01120563939890522,0.6793933533337813,0.014685043974974003,0.012450710443228022,False
1782598899.72111,TRACKING,Tracking AprilTag,Walk,4,71.57246398925781,0.016540953203638336,-0.03837667180526979,1.1812291296956092,1.181968116707545,0.014002255574168218,0.7591043280195542,0.030841189633344084,-0.9127143835658902,0.8999678547083526,0.5275758785914613,-0.3978548943410641,1.0190961525063924,0.29767269501685845,0.3106029916258257,-0.1250619040476579,0.6989794656680226,0.10223459701309272,0.6966601136163822,0.18,-0.016540953203638336,-0.012602030016751397,0.6812291296956092,0.016540953203638336,0.014002255574168218,False
1782598899.771005,TRACKING,Tracking AprilTag,Walk,4,71.41862487792969,0.01549007343702488,-0.03802101767036606,1.1628835940501614,1.1636080927317392,0.013319611235018892,0.7580534482529407,0.031196843768247814,-0.931059919211338,0.905992517056455,0.5233254125855968,-0.39921949031982107,1.0264367004702286,0.2983650628860384,0.3092383956470687,-0.1254309770410183,0.6994226598116928,0.10071100346359134,0.696370811221887,0.18,-0.01549007343702488,-0.011987650111517003,0.6628835940501614,0.01549007343702488,0.013319611235018892,False
1782598899.821035,TRACKING,Tracking AprilTag,Walk,4,71.66256713867188,0.013181772680505995,-0.03594288592802118,1.161426415591693,1.162057214174071,0.011349153546719625,0.7557451474964219,0.03327497551059269,-0.9325170976698065,0.9117834774049788,0.5190297867546324,-0.40088774558624785,1.0336291668909316,0.298871076546805,0.3075701403806419,-0.12555116599702487,0.6995342311579494,0.09985498666559683,0.6963603562761579,0.18,-0.013181772680505995,-0.010214238192047663,0.6614264155916929,0.013181772680505995,0.011349153546719625,False
1782598899.8709555,TRACKING,Tracking AprilTag,Walk,4,71.37284851074219,0.007440388973693091,-0.03096219672315002,1.1504283743364296,1.150869002750688,0.0064674041445888005,0.7500037637896089,0.03825566471546385,-0.9435151389250698,0.9166881674444919,0.5151627004345697,-0.4022412623860008,1.039869794591425,0.2991258448618488,0.30621662358088897,-0.1244478690830251,0.6988977679596471,0.09948505473532658,0.6972498560100435,0.18,-0.007440388973693091,-0.00582066373012992,0.6504283743364296,0.007440388973693091,0.0064674041445888005,False
1782598899.9209585,TRACKING,Tracking AprilTag,Walk,4,71.66255187988281,0.004826430117623457,-0.03059166976709376,1.1481452131662089,1.1485628303246185,0.004203650926271913,0.7473898049335392,0.038626191671520115,-0.9457983000952905,0.9197349577772252,0.5114244951921754,-0.40253974037683127,1.0446157378813146,0.29826961355253145,0.3059181455900585,-0.12445161477477631,0.6990408749463036,0.0991828710196231,0.6971487709453139,0.18,-0.004826430117623457,-0.0037832858336447218,0.6481452131662089,0.004826430117623457,0.004203650926271913,False
1782598899.9710937,TRACKING,Tracking AprilTag,Walk,4,71.5508041381836,0.0008272563838442467,-0.03075441949487185,1.1395460526246826,1.1399612821162335,0.0007259524409878477,0.7433906311997601,0.03846344194374202,-0.9543974606368169,0.9224307166150789,0.5070519077565365,-0.4019557671997135,1.0495078890756273,0.2967032504764361,0.30650211876717626,-0.124942748295168,0.6996061460474917,0.09918513237891939,0.6964932588159072,0.18,-0.0008272563838442467,-0.0006533571968890629,0.6395460526246826,0.0008272563838442467,0.0007259524409878477,False
1782598900.02117,TRACKING,Tracking AprilTag,Walk,4,70.9732666015625,-0.0005306761881653579,-0.029479383476439722,1.1375858826105736,1.137967906393781,-0.0004664932624278051,0.7420326986277505,0.039738477962174154,-0.9563576306509258,0.9261049325383514,0.5020123249098616,-0.4013768404771978,1.0555770370643909,0.29526703997312614,0.30708104548969195,-0.1251827559458293,0.700254392475134,0.09918185198048399,0.6957988385092415,0.18,0.0005306761881653579,0.00041984393618502456,0.6375858826105736,-0.0005306761881653579,-0.0004664932624278051,False
1782598900.0710988,TRACKING,Tracking AprilTag,Walk,4,71.66834259033203,-0.003575279406137986,-0.026029590359233835,1.1342493467456294,1.1345536138896162,-0.003152100175660715,0.7389880954097778,0.04318827107938004,-0.95969416651587,0.9303135844107385,0.49720396542385087,-0.40242256589721054,1.0619015690312625,0.294354150642662,0.30603532006967915,-0.12457515391191218,0.7013074563683837,0.09924507607093053,0.6948376051608076,0.18,0.003575279406137986,0.0028368901580946436,0.6342493467456294,-0.003575279406137986,-0.003152100175660715,False
1782598900.1211004,TRACKING,Tracking AprilTag,Walk,4,71.58965301513672,-0.006045048666032749,-0.024722794166571624,1.1290079708860938,1.1292948053936633,-0.005354249974610411,0.7365183261498831,0.04449506727204225,-0.9649355423754056,0.9369447966274991,0.4933633457064286,-0.40340710339306596,1.069436038422304,0.2957524017907131,0.3050507825738238,-0.12262000028122662,0.7006246805516179,0.10058624214209132,0.6956808179220612,0.18,0.006045048666032749,0.004818824977149369,0.6290079708860938,-0.006045048666032749,-0.005354249974610411,False
1782598900.1711104,TRACKING,Tracking AprilTag,Walk,4,71.7750244140625,-0.009730387457781944,-0.03509277826263591,1.1400859163133632,1.1406673836409762,-0.008534577146178318,0.7328329873581338,0.03412508317597796,-0.9538575969481362,0.9445984464214865,0.49105142272494023,-0.4038185648432436,1.0767522451334341,0.29897675636199583,0.3046393211236461,-0.12121501179503352,0.6999465031548059,0.10156182257146816,0.6964675224537399,0.18,0.009730387457781944,0.007681119431560486,0.6400859163133632,-0.009730387457781944,-0.008534577146178318,False
1782598900.2210016,TRACKING,Tracking AprilTag,Walk,4,71.73460388183594,-0.010600265203296317,-0.03674863071494468,1.1129871548082557,1.113644123699299,-0.009523869758733301,0.7319631096126196,0.032469230723669196,-0.9809563584532437,0.9517128867294652,0.4895563031094566,-0.40303406972878847,1.0831275302492407,0.3024705198417654,0.3054238162381013,-0.12109351858155551,0.7006212196560866,0.10205058622397219,0.6957384164874755,0.18,0.010600265203296317,0.008571482782859971,0.6129871548082557,-0.010600265203296317,-0.009523869758733301,False
1782598900.2710042,TRACKING,Tracking AprilTag,Walk,4,71.60262298583984,-0.007854058972905465,-0.03013441444482841,1.1027000975907248,1.1031397347584198,-0.007122449865863196,0.7347093158430104,0.039083446993785464,-0.9912434156707746,0.9590700510210702,0.4880805685147038,-0.4012646590686159,1.0896745186225383,0.3061369352911822,0.3071932268982739,-0.12133733532363418,0.7006803870801411,0.10302687224662702,0.6954924225416557,0.18,0.007854058972905465,0.006410204879276876,0.6027000975907248,-0.007854058972905465,-0.007122449865863196,False
1782598900.3209689,TRACKING,Tracking AprilTag,Walk,4,71.54105377197266,-0.005400427416611775,-0.028212278559919604,1.0998183835394286,1.1001934257434491,-0.004910250724047304,0.7371629473993041,0.04100558287869427,-0.9941251297220708,0.9660846316076418,0.48687076279680735,-0.3986687565712895,1.0957883302998308,0.30978238141685255,0.30978912939560027,-0.12243714968352182,0.6994054328132984,0.10333304806291248,0.6965367657967851,0.18,0.005400427416611775,0.004419225651642573,0.5998183835394286,-0.005400427416611775,-0.004910250724047304,False
1782598900.3710992,TRACKING,Tracking AprilTag,Walk,4,71.40093231201172,0.0012382973973054131,-0.032044927063749666,1.0987842963650807,1.0992521733749134,0.0011269699404732741,0.7438016722132212,0.03717293437486421,-0.9951592168964187,0.9710513274249892,0.4865573325147173,-0.39680187288172275,1.0997638087586605,0.312776020825193,0.311656013085167,-0.12457493091414547,0.6972167740481547,0.10315121668050262,0.6983764622830242,0.18,-0.0012382973973054131,-0.0010142729464259468,0.5987842963650807,0.0012382973973054131,0.0011269699404732741,False
1782598900.4211214,TRACKING,Tracking AprilTag,Walk,4,71.26301574707031,0.0039247960020922885,-0.035713422048079764,1.085940512766049,1.0865346979294457,0.00361417487149317,0.7464881708180081,0.03350443939053411,-1.0080030004954503,0.976378576618956,0.4861054627564829,-0.39564509515923935,1.1041031567725788,0.3158991329056556,0.3128127908076504,-0.12536894452732897,0.6967925368665957,0.10296855375735343,0.6986846679670567,0.18,-0.0039247960020922885,-0.003252757384343853,0.5859405127660491,0.0039247960020922885,0.00361417487149317,False
1782598900.470993,TRACKING,Tracking AprilTag,Walk,4,71.63013458251953,0.008039860153918625,-0.0382120173765077,1.0786796318143603,1.079386189329121,0.007453289225791271,0.7506032349698345,0.031005844062106172,-1.015263881447139,0.982438193613456,0.48502003804000876,-0.3942337427759805,1.1094108712191728,0.3190176697883273,0.3142241431909093,-0.1261011491251911,0.6968522843960826,0.10333458154353753,0.6984392301256349,0.18,-0.008039860153918625,-0.006707960303212144,0.5786796318143603,0.008039860153918625,0.007453289225791271,False
1782598900.521011,TRACKING,Tracking AprilTag,Walk,4,71.60164642333984,0.010031262148258406,-0.03848803572732521,1.0734340792880874,1.0741706929959962,0.009344747245425469,0.7525946369641743,0.030729825711288662,-1.020509433973412,0.989062698525028,0.4834493645402414,-0.3925457914927562,1.1154632761225804,0.3221352771163143,0.31591209447413354,-0.126099976800219,0.6973340924213466,0.1042491579742372,0.6978223788755585,0.18,-0.010031262148258406,-0.008410272520882922,0.5734340792880874,0.010031262148258406,0.009344747245425469,False
1782598900.5711303,TRACKING,Tracking AprilTag,Walk,4,71.42086791992188,0.015255214871486731,-0.03940092382327978,1.0648311707746387,1.0656690746344246,0.014325436488884721,0.7578185896874026,0.02981693761533409,-1.0291123424868607,0.9958800594233275,0.48041910299456386,-0.39145096300851295,1.122611830028877,0.3242700070059364,0.3170069229583768,-0.1285394898262626,0.6964691920263449,0.10302690352646308,0.6984223086808751,0.18,-0.015255214871486731,-0.01289289283999625,0.5648311707746387,0.015255214871486731,0.014325436488884721,False
1782598900.6210897,TRACKING,Tracking AprilTag,Walk,4,71.85692596435547,0.017028117877393476,-0.04361058808358307,1.0755837787255103,1.0766022038101584,0.01583018989672522,0.7595914926933093,0.025607273355030803,-1.0183597345359892,1.0020358447963296,0.47657883937598716,-0.3921300780921849,1.129785044655145,0.32535918566168054,0.3163278078747048,-0.12860120668356106,0.6968390966806913,0.10290537943449642,0.6980598010630696,0.18,-0.017028117877393476,-0.014247170907052699,0.5755837787255103,0.017028117877393476,0.01583018989672522,False
1782598900.6710713,TRACKING,Tracking AprilTag,Walk,4,71.53589630126953,0.01527502603019163,-0.04305707711834849,1.0507257898880946,1.0517185573365904,0.014536571035420002,0.7578384008461074,0.026160784320265383,-1.0432177233734048,1.008311647111567,0.4722135838901938,-0.3936394515255188,1.1373909891420322,0.3261277938964634,0.3148184344413709,-0.12878415258115586,0.6975096188139569,0.1014404083364365,0.6975706539573603,0.18,-0.01527502603019163,-0.013082913931878002,0.5507257898880946,0.01527502603019163,0.014536571035420002,False
1782598900.721096,TRACKING,Tracking AprilTag,Walk,4,71.45134735107422,0.012840207947095344,-0.03984882866140709,1.0447711186723412,1.0456096262456969,0.01228935342862975,0.7554035827630112,0.02936903277720678,-1.0491723945891582,1.0139346590406009,0.46815103439822703,-0.39534718312146294,1.144304266943474,0.32670151993633895,0.3131107028454268,-0.12866188074774074,0.6976916313223076,0.10076886390631877,0.6975085261789284,0.18,-0.012840207947095344,-0.011060418085766775,0.5447711186723412,0.012840207947095344,0.01228935342862975,False
1782598900.7710383,TRACKING,Tracking AprilTag,Walk,4,71.63729095458984,0.007559821909722348,-0.035102404992272115,1.035717329467901,1.0363395757683234,0.007298987323836429,0.7501231967256382,0.03411545644634176,-1.0582261837935985,1.018419615612601,0.4644089066870895,-0.3962114555511156,1.1501448572380324,0.3267780723386595,0.31224643041577416,-0.12774733894595702,0.6970866498336241,0.10058653348444203,0.698307360191445,0.18,-0.007559821909722348,-0.006569088591452786,0.535717329467901,0.007559821909722348,0.007298987323836429,False
1782598900.8211484,TRACKING,Tracking AprilTag,Walk,4,71.48588562011719,0.005448949442745474,-0.03607854092809204,1.0362319420956339,1.0368741437536277,0.005258377974243599,0.7480123242586613,0.03313932051052183,-1.0577115711658656,1.0210414273366608,0.46054781458336336,-0.39616066125301347,1.1546480441442855,0.325552006827676,0.3122972247138763,-0.12786980369205375,0.6973939746947047,0.10040373607323552,0.6980043317529006,0.18,-0.005448949442745474,-0.004732540176819239,0.5362319420956339,0.005448949442745474,0.005258377974243599,False
1782598900.8710797,TRACKING,Tracking AprilTag,Walk,4,71.68618774414062,0.002029766239303133,-0.035299813811593736,1.0261075321472197,1.0267165452720517,0.0019781197664456907,0.744593141055219,0.03391804762702014,-1.0678359811142797,1.0237555815940615,0.4559615343298512,-0.3958809099730172,1.1596932063181988,0.32383534188202245,0.3125769759938725,-0.1281707642154264,0.6979203280016194,0.10033939827150523,0.6974320584236559,0.18,-0.002029766239303133,-0.0017803077898011217,0.5261075321472197,0.002029766239303133,0.0019781197664456907,False
1782598900.9211037,TRACKING,Tracking AprilTag,Walk,4,71.51087188720703,0.00042978989364948376,-0.034177436738226916,1.023748865801738,1.0243192969634483,0.0004198196283841095,0.7429931647095653,0.03504042470038696,-1.0701946474597615,1.0273330533996707,0.4507334276938093,-0.39583568660390855,1.1658115556479205,0.3221930249219782,0.3126221993629812,-0.12872330685282812,0.6990365260243909,0.09979260630838026,0.6962899405296649,0.18,-0.00042978989364948376,-0.00037783766554569853,0.523748865801738,0.00042978989364948376,0.0004198196283841095,False
1782598900.9710937,TRACKING,Tracking AprilTag,Walk,4,71.72160339355469,-0.004244342618912897,-0.02991922175864693,1.0190434451540196,1.0194914013302334,-0.004165002087517762,0.7383190321970029,0.03929863967996694,-1.0749000681074798,1.0315221785014101,0.44553982696498745,-0.39718562144213365,1.1723719220671658,0.3209748910649319,0.3112722645247561,-0.12792675046804258,0.700240271049548,0.09972915566067823,0.6952355031400158,0.18,0.004244342618912897,0.003748501878765986,0.5190434451540196,-0.004244342618912897,-0.004165002087517762,False
1782598901.0210853,TRACKING,Tracking AprilTag,Walk,4,71.86897277832031,-0.0074204455532300585,-0.028549893789508868,1.015367819284931,1.0157962236034532,-0.007308005346164447,0.7351429292626858,0.040667967649105005,-1.0785756939765685,1.0374473185354882,0.4418831433707801,-0.3973587143057702,1.1792505436003244,0.3220534016745898,0.31109917166111956,-0.12615769526814774,0.6997571244554011,0.10107263829900952,0.6958509355356325,0.18,0.0074204455532300585,0.006577204811548003,0.5153678192849309,-0.0074204455532300585,-0.007308005346164447,False
1782598901.0711114,TRACKING,Tracking AprilTag,Walk,4,71.84320068359375,-0.010676535570016209,-0.03693282286919449,1.0167274994775157,1.0174540923357018,-0.010500496123943577,0.7318868392458996,0.03228503856941938,-1.0772160137839837,1.0453041998575898,0.43918649434751217,-0.3968244013100499,1.1869714046587858,0.32511784364340185,0.3116334846568398,-0.12524037953406636,0.6995029190253093,0.10235288327418582,0.6960850529171672,0.18,0.010676535570016209,0.00945044651154922,0.5167274994775157,-0.010676535570016209,-0.010500496123943577,False
1782598901.121108,TRACKING,Tracking AprilTag,Walk,4,71.63159942626953,-0.010669134516554726,-0.03712961405836692,1.0027466013533615,1.0034905008006667,-0.010639509443454102,0.7318942402993611,0.03208824738024695,-1.091196911908138,1.0527359760274435,0.43739479069683307,-0.39568531038408583,1.1937806403055957,0.3285928701061604,0.31277257558280397,-0.12524442920002604,0.7001358905231475,0.10284447524466075,0.6953751373664213,0.18,0.010669134516554726,0.009575558499108692,0.5027466013533615,-0.010669134516554726,-0.010639509443454102,False
1782598901.1711211,TRACKING,Tracking AprilTag,Walk,4,71.57940673828125,-0.007526102077913807,-0.030166998833387686,0.9891421531635768,0.9896306832329813,-0.007608569530447467,0.735037272738002,0.03905086260522619,-1.1048013600979227,1.0599188738484155,0.43595335892801895,-0.3937358472182056,1.2001729770181766,0.3321719451268415,0.31472203874868415,-0.12573311041361981,0.6997108630008435,0.10388240481746647,0.6955604496473842,0.18,0.007526102077913807,0.006847712577402721,0.4891421531635768,-0.007526102077913807,-0.007608569530447467,False
1782598901.2210917,TRACKING,Tracking AprilTag,Walk,4,71.77830505371094,-0.005001780108425863,-0.02865859574781903,0.9835363486915732,0.9839665045681392,-0.005085462267306146,0.7375615947074899,0.04055926569079484,-1.110407164569926,1.066112651891996,0.43530835456661826,-0.39211769778670347,1.205296003370843,0.3357122160302119,0.3163401881801863,-0.12639945072401032,0.698096048952791,0.10430548589441509,0.6969974540165128,0.18,0.005001780108425863,0.004576916040575531,0.48353634869157325,-0.005001780108425863,-0.005085462267306146,False
1782598901.271078,TRACKING,Tracking AprilTag,Walk,4,71.66862487792969,0.0004230156749623616,-0.03539077839529177,0.9813034206119157,0.9819414898263197,0.0004310752819919418,0.7429863904908782,0.033827083043322104,-1.1126400926495839,1.071417584930807,0.4352927444439935,-0.39108081856906124,1.2093345470229981,0.3391520886138744,0.3173770673978285,-0.12768453276774724,0.6968938791310411,0.104125149570639,0.6979925032179528,0.18,-0.0004230156749623616,-0.00038796775379274764,0.48130342061191567,0.0004230156749623616,0.0004310752819919418,False
1782598901.3210876,TRACKING,Tracking AprilTag,Walk,4,71.45956420898438,0.0024963508095498417,-0.03801524129687851,0.9744819154707125,0.9752263295859547,0.002561715419489522,0.7450597256254656,0.03120262014173536,-1.119461597790787,1.077186128243077,0.434889165880076,-0.3898335720116431,1.21397757754568,0.34259900537646576,0.31862431395524665,-0.12811481229231775,0.6965441819342212,0.1041886539223375,0.6982531932463626,0.18,-0.0024963508095498417,-0.00230554387754057,0.4744819154707125,0.0024963508095498417,0.002561715419489522,False
1782598901.371082,TRACKING,Tracking AprilTag,Walk,4,71.51891326904297,0.006465111622044978,-0.03949817057207862,0.964182023573775,0.9650123718013393,0.0067051807380798575,0.7490284864379608,0.029719690866535253,-1.1297614896877244,1.083611550582716,0.4338850872010836,-0.3881218963384829,1.2195101432995674,0.3460173298805542,0.32033598962840687,-0.12866471782510008,0.6969135427547404,0.10510466987420415,0.6976459794786024,0.18,-0.006465111622044978,-0.0060346626642718715,0.464182023573775,0.006465111622044978,0.0067051807380798575,False
1782598901.4209564,TRACKING,Tracking AprilTag,Walk,4,71.48538208007812,0.012077667174908536,-0.04037879038993392,0.9584160447669686,0.9593422911685391,0.012601028519489117,0.7546410419908244,0.02883907104867995,-1.135527468494531,1.0900305155270786,0.43246288978563163,-0.3866001505741415,1.2253098601330372,0.34911394756716685,0.3218577353927483,-0.12884244805456205,0.6977389228610864,0.10607682364700562,0.6966403136403464,0.18,-0.012077667174908536,-0.011340925667540205,0.4584160447669686,0.012077667174908536,0.012601028519489117,False
1782598901.4709814,TRACKING,Tracking AprilTag,Walk,4,71.48173522949219,0.014517820750992205,-0.04083373796945812,0.9541282068939108,0.9551119287635904,0.015214622532731403,0.757081195566908,0.028384123469155753,-1.1398153063675887,1.0970552225669743,0.42918982936377703,-0.38602730524632844,1.2327738460563937,0.3511992167721877,0.3224305807205613,-0.13012541549138998,0.6973794546925994,0.10522336599772811,0.6968911792123316,0.18,-0.014517820750992205,-0.013693160279458263,0.45412820689391076,0.014517820750992205,0.015214622532731403,False
1782598901.5210748,TRACKING,Tracking AprilTag,Walk,4,71.64725494384766,0.014968346968807755,-0.04387529019582185,0.9430012675653007,0.94414007601124,0.015871760257976496,0.7575317217847236,0.025342571242792024,-1.1509422456961986,1.1032211633560167,0.42529507001949807,-0.3870559669562444,1.2399902307425925,0.35225362097581103,0.32140191901064535,-0.13055229689334016,0.6978658077038108,0.10430756212749805,0.6964620195651727,0.18,-0.014968346968807755,-0.014284584232178847,0.44300126756530067,0.014968346968807755,0.015871760257976496,False
1782598901.5710833,TRACKING,Tracking AprilTag,Walk,4,71.4836654663086,0.012979037519377125,-0.04150801976347116,0.9367310098752808,0.9377400257969036,0.013854785320314932,0.755542412335293,0.02770984167514271,-1.1572125033862186,1.1087185905306656,0.4213725140958245,-0.3883408270311177,1.2467170550219977,0.3528519399784517,0.32011705893577197,-0.13061602507413622,0.6981243433635375,0.10321107401886184,0.6963543131172056,0.18,-0.012979037519377125,-0.01246930678828344,0.4367310098752808,0.012979037519377125,0.013854785320314932,False
1782598901.6210582,TRACKING,Tracking AprilTag,Walk,4,71.67668151855469,0.008112041608087338,-0.03691308634662589,0.9282529896260461,0.9290220631999959,0.008738819266263905,0.7506754164240032,0.03230477509198798,-1.1656905236354533,1.114085761703503,0.4172123066634857,-0.38985642182643043,1.2534995984656172,0.35318504163566034,0.3186014641404593,-0.13000436969340642,0.6979342570160105,0.10284383236309382,0.6967135587090302,0.18,-0.008112041608087338,-0.007864937339637515,0.4282529896260461,0.008112041608087338,0.008738819266263905,False
1782598901.6710758,TRACKING,Tracking AprilTag,Walk,4,71.44867706298828,0.005610999692009606,-0.03580953512706793,0.9251933385355344,0.9259030833700083,0.006064603654578413,0.7481743745079255,0.033408326311545944,-1.168750174725965,1.1178960609191542,0.41342561169100206,-0.39044423880755236,1.258856875074431,0.3527887762396366,0.3180136471593374,-0.12976130172249142,0.6976348441618425,0.10266157549258259,0.6970855253869119,0.18,-0.005610999692009606,-0.005458143289120572,0.4251933385355344,0.005610999692009606,0.006064603654578413,False
1782598901.7210655,TRACKING,Tracking AprilTag,Walk,4,71.3765640258789,0.0019832484886232,-0.03726131680717389,0.9173956033259623,0.9181541439249612,0.0021618213471705267,0.744546623304539,0.03195654463143998,-1.1765479099355372,1.120137536966224,0.4094885061602505,-0.3901038947942838,1.2631207070957904,0.35125751815443634,0.31835399117260593,-0.1302500613256961,0.6980646445088972,0.10241780829640022,0.6965997890863026,0.18,-0.0019832484886232,-0.001945639212453474,0.41739560332596226,0.0019832484886232,0.0021618213471705267,False
1782598901.771056,TRACKING,Tracking AprilTag,Walk,4,71.56197357177734,0.0003705844736288516,-0.03593813295723365,0.9142610308927965,0.914967168450575,0.0004053376889217937,0.7429339592895446,0.03327972848138022,-1.1796824823687029,1.1229036299623558,0.40498529579762127,-0.3898825869966349,1.2681512592438435,0.3496377283165073,0.3185752989702548,-0.13043070524975384,0.6986618076714703,0.10235483982397621,0.6959762901090046,0.18,-0.0003705844736288516,-0.00036480392002961437,0.41426103089279653,0.0003705844736288516,0.0004053376889217937,False
1782598901.8210437,TRACKING,Tracking AprilTag,Walk,4,71.57673645019531,-0.003666076113098996,-0.03390321322570074,0.9093962533410104,0.9100353913841821,-0.004031307848402954,0.7388972987028168,0.035314648212913136,-1.184547259920489,1.1266490176849726,0.3996371157387447,-0.38986108929624713,1.2744752456368003,0.3480134884214825,0.31859679667064256,-0.13104372849645912,0.6998357666233816,0.10174657447768858,0.6947698004076359,0.18,0.003666076113098996,0.003628177063562659,0.4093962533410104,-0.003666076113098996,-0.004031307848402954,False
1782598901.8710666,TRACKING,Tracking AprilTag,Walk,4,71.52423858642578,-0.006316751457265471,-0.03242684669525792,0.906687714058831,0.9072893764179095,-0.006966730842126832,0.7362466233586503,0.03679101474335595,-1.1872557992026684,1.1313627130717285,0.39446872004531724,-0.3906761858278926,1.2814175529904004,0.3471558131617753,0.31778170013899715,-0.12927098565025336,0.699638011571697,0.10296513351840295,0.6951214615536996,0.18,0.006316751457265471,0.006270057757914149,0.406687714058831,-0.006316751457265471,-0.006966730842126832,False
1782598901.9210684,TRACKING,Tracking AprilTag,Walk,4,71.5548324584961,-0.01036720950738367,-0.03915898892084552,0.9123844855736248,0.9132832829750696,-0.011362274926212248,0.7321961653085322,0.030058872517768356,-1.1815590276878747,1.137788492001675,0.39095572909295806,-0.3902415406987655,1.2885828472078447,0.3486691865675679,0.31821634526812426,-0.12756301347192006,0.6983617225577557,0.10504112257663849,0.6964086046481378,0.18,0.01036720950738367,0.010226047433591023,0.41238448557362484,-0.01036720950738367,-0.011362274926212248,False
1782598901.9710684,TRACKING,Tracking AprilTag,Walk,4,71.31558227539062,-0.0103960335761988,-0.04312580553781814,0.8917338553163586,0.8928365927395558,-0.011657696478713515,0.732167341239717,0.026092055900795733,-1.202209657945141,1.1445744006183352,0.3884138131342673,-0.3891366242026232,1.295389768658695,0.3511542847259238,0.31932126176426656,-0.12786333877653408,0.6993117592847387,0.10540333463822166,0.6953446389885694,0.18,0.0103960335761988,0.010491926830842165,0.3917338553163586,-0.0103960335761988,-0.011657696478713515,False
1782598902.021188,TRACKING,Tracking AprilTag,Walk,4,71.18514251708984,-0.01000921343563478,-0.04128788249040763,0.8903093094696979,0.8913223547755055,-0.011241926449369171,0.7325541613802811,0.027929978948206244,-1.2036342037918015,1.1513756818364278,0.38637848129807323,-0.3876531369113227,1.301878747736852,0.3540340681230294,0.32080474905556705,-0.12811539815742942,0.6997822962720002,0.10571504030903657,0.6947773116846208,0.18,0.01000921343563478,0.010117733804432254,0.3903093094696979,-0.01000921343563478,-0.011241926449369171,False
1782598902.0710888,TRACKING,Tracking AprilTag,Walk,4,71.43958282470703,-0.007070929211954225,-0.03388429406067282,0.8791595862713237,0.8798407364726162,-0.008042654442225745,0.7354924456039617,0.03533356737794105,-1.2147839269901757,1.1579241281559054,0.3847396510233892,-0.3857453063034831,1.3079177434448412,0.3570504309505403,0.3227125796634066,-0.12908640936440818,0.698958657229883,0.10656495070934123,0.6952966314323111,0.18,0.007070929211954225,0.007238388998003171,0.37915958627132373,-0.007070929211954225,-0.008042654442225745,False
1782598902.1210654,TRACKING,Tracking AprilTag,Walk,4,71.38997650146484,-0.0028593926092236955,-0.03573914901104456,0.8773589962496622,0.8780912658706622,-0.003259079234004274,0.7397039822066921,0.033478712427569314,-1.2165845170118372,1.1635040739601101,0.383903332803522,-0.38440585735434474,1.3126991273050672,0.36004602633775684,0.324052028612545,-0.12981925604448075,0.6974962191238017,0.10687048299665529,0.6965807095607235,0.18,0.0028593926092236955,0.002933171310603847,0.3773589962496622,-0.0028593926092236955,-0.003259079234004274,False
1782598902.1710804,TRACKING,Tracking AprilTag,Walk,4,71.20084381103516,-0.0011924395173330603,-0.03872806527705077,0.8682771509447023,0.8691412404234166,-0.0013733388772984233,0.7413709352985828,0.030489796161563103,-1.2256663623167972,1.1685766352781188,0.38347599012713274,-0.3836840301534416,1.316829115083272,0.3630220473457304,0.32477385581344814,-0.13061459574387294,0.6968960066371688,0.1065668617611225,0.6970791112106415,0.18,0.0011924395173330603,0.0012360049895685811,0.36827715094470226,-0.0011924395173330603,-0.0013733388772984233,False
1782598902.2210724,TRACKING,Tracking AprilTag,Walk,4,71.12033081054688,0.0014677016046160945,-0.040622899354192075,0.8574554168300307,0.8584184096063543,0.001711692692594436,0.7440310764205319,0.028594962084421797,-1.2364880964314686,1.1740794704716273,0.3825502226236644,-0.3826839769164867,1.3216101451393005,0.36589954491145427,0.32577390905040304,-0.131103945173728,0.6968406620337302,0.10668980268327585,0.6970237681024086,0.18,-0.0014677016046160945,-0.0015405234233349923,0.3574554168300307,0.0014677016046160945,0.001711692692594436,False
1782598902.2710948,TRACKING,Tracking AprilTag,Walk,4,71.1518783569336,0.0031398514529961674,-0.04087345040859108,0.8541871660028718,0.855170282563343,0.003675818879552293,0.7457032262689121,0.02834441103002279,-1.2397563472586275,1.1809324179464147,0.38081946064676053,-0.3812344369707576,1.3279401853297341,0.3690442257061275,0.32722344899613215,-0.13141030616893642,0.6972131571610594,0.1074231950103707,0.6964807262859887,0.18,-0.0031398514529961674,-0.0033082369915970636,0.3541871660028718,0.0031398514529961674,0.003675818879552293,False
1782598902.3211074,TRACKING,Tracking AprilTag,Walk,4,70.9683609008789,0.005056705360039698,-0.04130575687661165,0.8517880908790176,0.8528040147557758,0.00593650699164404,0.7476200801759555,0.027912104562002223,-1.2421554223824818,1.1877351077270402,0.37854573955090526,-0.38031211619827393,1.3345853452164855,0.3717439008630075,0.3281457697686158,-0.13189393471625943,0.6975547338603096,0.10754146828785244,0.6960288900991313,0.18,-0.005056705360039698,-0.005342856292479636,0.35178809087901763,0.005056705360039698,0.00593650699164404,False
1782598902.371004,TRACKING,Tracking AprilTag,Walk,4,71.1121597290039,0.008009875349493172,-0.04414976147003126,0.8491053501630919,0.8502901006224652,0.009433031799958762,0.750573250165409,0.025068099968582613,-1.2448381630984076,1.1944759295568905,0.37466459930547424,-0.38081828842970006,1.342229413669478,0.373182701068893,0.3276395975371897,-0.13360355111304287,0.6968258305425357,0.10577202105020708,0.696703762428225,0.18,-0.008009875349493172,-0.008489728619962887,0.34910535016309185,0.008009875349493172,0.009433031799958762,False
1782598902.4210002,TRACKING,Tracking AprilTag,Walk,4,70.9796142578125,0.0069608435861404855,-0.046893559192462936,0.8363015350609916,0.8376441468681904,0.008323173587028707,0.7495242184020563,0.022324302246150937,-1.2576419782005077,1.2003521911657418,0.37070038628775026,-0.3821761447630202,1.349271016755746,0.37399588082823915,0.32628174120386955,-0.1337905784187824,0.697090417938373,0.10485958655267708,0.6965410953080039,0.18,-0.0069608435861404855,-0.007490856228325836,0.3363015350609916,0.0069608435861404855,0.008323173587028707,False
1782598902.471004,TRACKING,Tracking AprilTag,Walk,4,71.10293579101562,0.003076408201498825,-0.04368115849754945,0.8252097350779128,0.826370748975585,0.0037280146108869226,0.7456397830174146,0.025536702941064422,-1.2687337781835866,1.2065690863925043,0.3663634602638685,-0.38347436754612696,1.3568137962448354,0.374747672804878,0.3249835184207628,-0.13403280492498298,0.6974466584142899,0.10345428248991173,0.6963480288657244,0.18,-0.003076408201498825,-0.0033552131497982304,0.32520973507791284,0.003076408201498825,0.0037280146108869226,False
1782598902.521283,TRACKING,Tracking AprilTag,Walk,4,70.85027313232422,0.0007764420124221237,-0.041541248387710825,0.8213803432177662,0.8224305115961734,0.0009452889730860123,0.7433398168283379,0.02767661305090305,-1.2725631700437332,1.2120432972353048,0.36258514967534466,-0.3848004741682205,1.3634291356501829,0.3754404208159498,0.32365741179866925,-0.13348365449602742,0.697264411962788,0.10333233976304272,0.6966540614621203,0.18,-0.0007764420124221237,-0.0008507600757774111,0.3213803432177662,0.0007764420124221237,0.0009452889730860123,False
1782598902.5709822,TRACKING,Tracking AprilTag,Walk,4,70.98233032226562,-0.003532391923236962,-0.03897871299486962,0.8141513061805016,0.8150915084914409,-0.004338714107922751,0.7390309828926789,0.03023914844374425,-1.2797922070809977,1.2156473485876214,0.3589985509838294,-0.3857052670934714,1.3684995992580375,0.37506190380769955,0.32275261887341833,-0.1328721771651684,0.6971364297567999,0.10296525625982501,0.6969533261594202,0.18,0.003532391923236962,0.003904842697130476,0.3141513061805016,-0.003532391923236962,-0.004338714107922751,False
1782598902.6210227,TRACKING,Tracking AprilTag,Walk,4,71.11897277832031,-0.005463133105742215,-0.03962446917977407,0.8083324628491185,0.809321515145144,-0.006758419558931215,0.7371002417101736,0.0295933922588398,-1.2856110504123808,1.2180301718287063,0.3551374370453551,-0.3851487710174451,1.3728213206009732,0.3736803206295488,0.32330911494944464,-0.13324087531967405,0.6975156771201261,0.10272303855383025,0.696539106343619,0.18,0.005463133105742215,0.006082577603038094,0.3083324628491185,-0.005463133105742215,-0.006758419558931215,False
1782598902.6709826,TRACKING,Tracking AprilTag,Walk,4,71.0851058959961,-0.008588035502521033,-0.0372777543283484,0.8033281180123579,0.8042384288945873,-0.010690162788747863,0.7339753393133948,0.03194010711026547,-1.2906153952491415,1.221202203186195,0.3504930625997798,-0.3843220750287705,1.3782519789286578,0.37221746484323376,0.32413581093811916,-0.13378413007733328,0.6984605769183403,0.10284044670634424,0.6954699645215385,0.18,0.008588035502521033,0.009621146509873077,0.30332811801235793,-0.008588035502521033,-0.010690162788747863,False
1782598902.7211049,TRACKING,Tracking AprilTag,Walk,4,71.11634826660156,-0.009952660210296747,-0.03622238081138967,0.8009843353060866,0.8018647153495659,-0.0124248972281427,0.7326107146056191,0.032995480627224204,-1.2929591779554128,1.2251704733600994,0.3453140057729865,-0.38406550597100386,1.3846351723995034,0.3708666728895983,0.3243923799958859,-0.13476869659230806,0.6997229790462951,0.10217518029688573,0.6941076166882822,0.18,0.009952660210296747,0.01118240750532843,0.3009843353060866,-0.009952660210296747,-0.0124248972281427,False
1782598902.7709563,TRACKING,Tracking AprilTag,Walk,4,71.25648498535156,-0.013836488581280584,-0.03283100793716395,0.7946961897998213,0.7954944107790975,-0.017409282769784144,0.7287268862346352,0.03638685350144992,-1.2992473234616781,1.2304129238520798,0.3409797003945305,-0.38455048102940176,1.391436286358386,0.37098641925852344,0.323907404937488,-0.13293469287958615,0.7000128524499418,0.10351572044250601,0.6939703664099607,0.18,0.013836488581280584,0.01566835449280573,0.29469618979982126,-0.013836488581280584,-0.017409282769784144,False
1782598902.820988,TRACKING,Tracking AprilTag,Walk,4,71.10133361816406,-0.016095732358344588,-0.03415366204535613,0.796228572775577,0.7971232560498358,-0.020212211627362434,0.7264676424575712,0.03506419939325774,-1.2977149404859225,1.237296238106826,0.33819886718474057,-0.3843362069461578,1.3984726290947527,0.3733534700325129,0.32412167902073197,-0.13110369144886944,0.6989755467748849,0.10546889144490056,0.6950692915361849,0.18,0.016095732358344588,0.018190990464626192,0.296228572775577,-0.016095732358344588,-0.020212211627362434,False
1782598902.8709867,TRACKING,Tracking AprilTag,Walk,4,71.1485824584961,-0.016505722779130965,-0.04164356377431828,0.7811179640876895,0.7824013670161781,-0.021127752161338494,0.7260576520367849,0.027574297664295595,-1.31282554917381,1.244941743315188,0.33611238243053504,-0.38295647344997025,1.4056359666534544,0.37674371538362167,0.3255014125169195,-0.1309184837184623,0.6993915640698645,0.1066268489772278,0.6945088234183601,0.18,0.016505722779130965,0.019014976945204647,0.2811179640876895,-0.016505722779130965,-0.021127752161338494,False
1782598902.9210913,TRACKING,Tracking AprilTag,Walk,4,71.21248626708984,-0.015272080909690051,-0.040207779845849945,0.775788833842368,0.7769801906933957,-0.0196833311942956,0.7272912939062258,0.02901008159276393,-1.3181546794191314,1.2521733898471046,0.3346661422185013,-0.38125003601669855,1.4120684501668146,0.3803508580428232,0.3272078499501912,-0.1309166648978463,0.6995039144028982,0.1075408687878812,0.6942550411249425,0.18,0.015272080909690051,0.01771499807486604,0.27578883384236796,-0.015272080909690051,-0.0196833311942956,False
1782598902.970991,TRACKING,Tracking AprilTag,Walk,4,71.28241729736328,-0.010923590843448527,-0.03661315231823029,0.7658084635739184,0.7667610127288936,-0.014263161868672982,0.7316397839724673,0.03260470912038358,-1.328135049687581,1.258290550785411,0.33376277704985413,-0.3791342505478517,1.417301402032464,0.3836450865329047,0.329323635419038,-0.1316530554295243,0.6986095838879625,0.1087648329974095,0.6948253977791862,0.18,0.010923590843448527,0.012836845681805684,0.2658084635739184,-0.010923590843448527,-0.014263161868672982,False
1782598903.0209882,TRACKING,Tracking AprilTag,Walk,4,71.08222961425781,-0.008132180830161435,-0.03555495170515105,0.7611772661271213,0.7620506003045786,-0.010683282078426067,0.7344311939857544,0.03366290973346282,-1.3327662471343782,1.2641274449119404,0.3333517671613067,-0.37732571966067974,1.4220011711433989,0.3871308335800527,0.33113216630621,-0.1324446566758817,0.6973180656783172,0.10912951434860668,0.6959142743863609,0.18,0.008132180830161435,0.00961495387058346,0.26117726612712133,-0.008132180830161435,-0.010683282078426067,False
1782598903.0709763,TRACKING,Tracking AprilTag,Walk,4,71.09077453613281,-0.0032912979079820185,-0.04128925511948069,0.754559409768735,0.7556954003438041,-0.004361852747707334,0.7392720769079338,0.02792860631913318,-1.3393841034927645,1.2694173176843935,0.3331817694924589,-0.37576746408459877,1.4261287328823231,0.39044367031728,0.332690421882291,-0.13373205801666047,0.6966152342054522,0.10913414866900453,0.6963710862218527,0.18,0.0032912979079820185,0.0039256674729366,0.25455940976873503,-0.0032912979079820185,-0.004361852747707334,False
1782598903.121004,TRACKING,Tracking AprilTag,Walk,4,71.35140991210938,-0.0012532900108238152,-0.04266096879894304,0.7504867689746111,0.7516993543968672,-0.00166996794291327,0.741310084805092,0.026556892639670836,-1.3434567442868883,1.2757198102788259,0.33230771027966804,-0.37386711853170845,1.4314833510226759,0.39388074130597733,0.3345907674351813,-0.13439741089927515,0.6965838558553257,0.10949543830758383,0.6962176503760361,0.18,0.0012532900108238152,0.0015029711486219432,0.2504867689746111,-0.0012532900108238152,-0.00166996794291327,False
1782598903.171018,TRACKING,Tracking AprilTag,Walk,4,70.99845123291016,0.003162186091247995,-0.04390977200706089,0.7419795981980666,0.7432844621278936,0.004261797701797089,0.7457255609071638,0.02530808943155298,-1.3519639150634328,1.282444469977447,0.33070089915224243,-0.3718438538302696,1.4376353235195887,0.39703607400772306,0.33661403213662017,-0.13525316910875146,0.6970787203930733,0.11028992625429326,0.6954307801557373,0.18,-0.003162186091247995,-0.00383561793161738,0.24197959819806658,0.003162186091247995,0.004261797701797089,False
1782598903.2210941,TRACKING,Tracking AprilTag,Walk,4,71.22201538085938,0.005498943355663607,-0.04470702118776044,0.7381212695682329,0.739494398025118,0.007449780751416569,0.7480623181715794,0.024510840250853434,-1.3558222436932665,1.2891941721642781,0.3284294075921476,-0.37039195433671657,1.4442387957422955,0.3997029651045687,0.3380659316301732,-0.13647319449882397,0.6970752926525351,0.10998421130898067,0.695244256948168,0.17859095217617466,-0.005498943355663607,-0.006704802676274912,0.23812126956823287,0.005498943355663607,0.007449780751416569,False
1782598903.270984,TRACKING,Tracking AprilTag,Walk,4,71.00738525390625,0.00878109459725732,-0.04955452671677595,0.734765397525638,0.7364868961098074,0.011950313138751898,0.7513444694131731,0.01966333472183792,-1.3591781157358613,1.2964137724843108,0.3246090876176474,-0.37049696565628787,1.4522068588551391,0.40149947386277757,0.3379609203106019,-0.1376914652421807,0.6968189089849189,0.1090057433167264,0.6954151396140988,0.17607404814422847,-0.00878109459725732,-0.010755281824876709,0.23476539752563796,0.00878109459725732,0.011950313138751898,False
1782598903.3210618,TRACKING,Tracking AprilTag,Walk,4,71.12853240966797,0.0074362304755571,-0.04877775128177878,0.7172163279657221,0.7189115575955272,0.01036781196939649,0.7499996052914729,0.02044011015683509,-1.3767271852957772,1.302696144018747,0.32081573081996345,-0.37150576151086373,1.4594456781737293,0.40270663696859116,0.336952124456026,-0.13769280986072804,0.697313986107632,0.10851853543101704,0.6949946923245169,0.16291224597429158,-0.0074362304755571,-0.00933103077245684,0.2172163279657221,0.0074362304755571,0.01036781196939649,False
1782598903.3711789,TRACKING,Tracking AprilTag,Walk,4,71.16749572753906,0.005874316896627551,-0.0459778106305989,0.7125789223695402,0.7140848599954494,0.00824355541006174,0.7484376917125434,0.023240050808014973,-1.3813645908919592,1.3087371708708637,0.3170542905644474,-0.37264480932117994,1.4664804615742986,0.4037810022374295,0.3358130766457098,-0.13769451357952228,0.6979329622259918,0.10760435613506107,0.6945150133073511,0.15943419177715518,-0.005874316896627551,-0.007419199869055566,0.21257892236954024,0.005874316896627551,0.00824355541006174,False
1782598903.4210904,TRACKING,Tracking AprilTag,Walk,4,71.05577087402344,0.0041639820726625445,-0.04315361966651545,0.7080516322760414,0.709377676280971,0.005880833939317473,0.7467273568885784,0.026064241772098422,-1.385891880985458,1.3137867934960479,0.3138872357116261,-0.37363624064136464,1.4723756612423964,0.4046616531165004,0.33482164532552516,-0.13708499106770516,0.6978150947805313,0.10754396894982035,0.6947633362972787,0.15603872420703105,-0.0041639820726625445,-0.005292750545385726,0.2080516322760414,0.0041639820726625445,0.005880833939317473,False
1782598903.471088,TRACKING,Tracking AprilTag,Walk,4,70.9822006225586,0.0009589495370210643,-0.0404117066236735,0.7003946056707756,0.7015601394529009,0.0013691552305595692,0.7435223243529369,0.028806154814940373,-1.393548907590724,1.3176290336662388,0.310480693462991,-0.37351423228298036,1.477509841223824,0.4045748456544116,0.3349436536839094,-0.1370827974874941,0.6977428944243245,0.10729811130143127,0.6948742873531257,0.1502959542530817,-0.0009589495370210643,-0.0012322397075036123,0.2003946056707756,0.0009589495370210643,0.0013691552305595692,False
1782598903.5211146,TRACKING,Tracking AprilTag,Walk,4,71.14674377441406,-0.0002475885940967331,-0.04081681608208442,0.6958933942330883,0.6970894418311319,-0.000355785218974155,0.7423157862218192,0.02840104535652945,-1.3980501190284111,1.320498041497523,0.30672389523201826,-0.37246521393986187,1.4821328802747726,0.4035888188709965,0.33599267202702787,-0.13763145178874928,0.6980447512673728,0.10741966968877993,0.6944437509766693,0.1469200456748162,0.0002475885940967331,0.0003202066970767395,0.19589339423308827,-0.0002475885940967331,-0.000355785218974155,False
1782598903.5709925,TRACKING,Tracking AprilTag,Walk,4,71.82061767578125,-0.002148619475125924,-0.038819947217315014,0.689927050658428,0.6910216639858993,-0.00311426045240236,0.7404147553407899,0.03039791422129886,-1.4040164626030713,1.3240106654145998,0.30263861343547016,-0.3718044696724884,1.487458391883214,0.4027721302838455,0.3366534162944013,-0.1386119497849754,0.6987360639094665,0.10705652132225754,0.6936090697298373,0.14244528799382097,0.002148619475125924,0.002802834407162124,0.18992705065842796,-0.002148619475125924,-0.00311426045240236,False
1782598903.6210356,TRACKING,Tracking AprilTag,Walk,4,71.69597625732422,-0.0035220478705997615,-0.03794712666874058,0.6870084803035831,0.6880647071697944,-0.005126599039186796,0.7390413269453161,0.03127073476987329,-1.4069350329579162,1.3282105502995192,0.2980135223402018,-0.3719101486703632,1.4936570204408601,0.4019927044115258,0.33654773729652654,-0.1392833893573972,0.699895979737631,0.1065072368223743,0.6923885928441341,0.1402563602276873,0.0035220478705997615,0.004613939135268116,0.18700848030358308,-0.0035220478705997615,-0.005126599039186796,False
1782598903.6710303,TRACKING,Tracking AprilTag,Walk,4,71.7185287475586,-0.007168598147338362,-0.035480011782202385,0.6818689108619015,0.6828289915018687,-0.0105127744406706,0.7353947766685774,0.03373784965641149,-1.4120746023995978,1.3340316973261532,0.2942712996183416,-0.37210384227353455,1.5005123303911876,0.4029385950450761,0.3363540436933552,-0.13671865704973626,0.6998286257733376,0.1087035393774912,0.6926264822323247,0.13640168314642612,0.007168598147338362,0.00946149699660354,0.1818689108619015,-0.007168598147338362,-0.0105127744406706,False
1782598903.7210577,TRACKING,Tracking AprilTag,Walk,4,71.80941772460938,-0.008592574599814313,-0.03751233938842093,0.6832367064605026,0.6843196657992816,-0.012575614795149445,0.7339708002161015,0.03170552205019294,-1.410706806800997,1.3410250949802534,0.29206628023050346,-0.3715622537445646,1.5072576056916374,0.40581452661071815,0.33689563222232516,-0.13531044542242843,0.6988293189385681,0.1104089290794646,0.693641503033784,0.13742752984537696,0.008592574599814313,0.011318053315634501,0.1832367064605026,-0.008592574599814313,-0.012575614795149445,False
1782598903.771099,TRACKING,Tracking AprilTag,Walk,4,71.89134979248047,-0.007824822322273653,-0.04371370240329196,0.6669879677691396,0.6684647071992549,-0.011731041268156939,0.7347385524936422,0.02550415903532191,-1.4269555454923597,1.3476224666951107,0.2905812916019273,-0.37012062148968256,1.513233654543666,0.4089795455504981,0.3383372644772072,-0.13543294655312016,0.6997470627451656,0.11132478346682792,0.6925451304814125,0.1252409758268547,0.007824822322273653,0.010557937141341246,0.1669879677691396,-0.007824822322273653,-0.011731041268156939,False
1782598903.821079,TRACKING,Tracking AprilTag,Walk,4,71.81309509277344,-0.00441844741009799,-0.038666610829177925,0.6590523913101031,0.6602004877021042,-0.006704142601823439,0.7381449274058178,0.030551250609435948,-1.4348911219513965,1.3539616617841677,0.2893723288812461,-0.36809968688415334,1.5188340528109463,0.4121861831173219,0.3403581990827364,-0.13567952582949,0.700003815446883,0.1123643756419663,0.6920693402521759,0.1192892934825773,0.00441844741009799,0.006033728341641095,0.15905239131010307,-0.00441844741009799,-0.006704142601823439,False
1782598903.8710852,TRACKING,Tracking AprilTag,Walk,4,71.97428894042969,-0.0020828353053100952,-0.03646019735405938,0.6548110124864488,0.6558285951889672,-0.003180808265587583,0.7404805395106058,0.032757664084554494,-1.4391325007750506,1.3597429789947466,0.2885456247283533,-0.3658641813708557,1.523762095783339,0.4153201041290897,0.34259370459603405,-0.1365976462816713,0.6988574843275855,0.1130379092554313,0.69293703227695,0.1161082593648366,0.0020828353053100952,0.002862727439028825,0.1548110124864488,-0.0020828353053100952,-0.003180808265587583,False
1782598903.9209678,TRACKING,Tracking AprilTag,Walk,4,71.85775756835938,0.002550799850247933,-0.038362550737442616,0.6500236737327383,0.6511597102800236,0.0039241443967851525,0.7451141746661638,0.030855310701171257,-1.4439198395287611,1.3642324941029118,0.28844068342337176,-0.364434122800733,1.5272395631809648,0.41816157893671757,0.34402376316615674,-0.13745630055390975,0.6977189039217329,0.11328547683306239,0.6938735456025071,0.11251775529955371,-0.002550799850247933,-0.0035317299571066374,0.15002367373273828,0.002550799850247933,0.0039241443967851525,False
1782598903.9710412,TRACKING,Tracking AprilTag,Walk,4,71.80825805664062,0.004160433250386483,-0.04023908490952075,0.6444971479194771,0.6457654890403535,0.006455227110465754,0.7467238080663023,0.02897877652909312,-1.4494463653420224,1.3681992062172108,0.2883887543064719,-0.36330205079563105,1.5302855385717251,0.4207031405727576,0.3451558351712587,-0.13836823169526036,0.6972733475459437,0.11316043297883226,0.6941605201015422,0.10837286093960782,-0.004160433250386483,-0.005809704399419179,0.1444971479194771,0.004160433250386483,0.006455227110465754,False
1782598904.020999,TRACKING,Tracking AprilTag,Walk,4,71.99323272705078,0.006996913927694499,-0.04141658902498755,0.6371726054780883,0.6385555730104561,0.010980749397127636,0.7495602887436104,0.027801272413626323,-1.4567709077834112,1.3732443095870701,0.2876494651270827,-0.3616946298133596,1.5345976479212695,0.4234244140725918,0.3467632561535302,-0.13934273536031397,0.6970798863557363,0.11321978716311101,0.6941502099224052,0.10287945410856622,-0.006996913927694499,-0.009882674457414873,0.1371726054780883,0.006996913927694499,0.010980749397127636,False
1782598904.0709822,TRACKING,Tracking AprilTag,Walk,4,71.917724609375,0.008684462170089488,-0.04207944046166455,0.6350165652971782,0.6364684889250809,0.01367510909401268,0.7512478369860053,0.027138420976949323,-1.4589269479643212,1.378542779396819,0.2862885708071941,-0.3600018802470319,1.5395066109615996,0.4258385179525852,0.34845600571985785,-0.13983232147986513,0.697574684501693,0.11401430664530253,0.6934242707694229,0.10126242397288365,-0.008684462170089488,-0.012307598184611412,0.1350165652971782,0.008684462170089488,0.01367510909401268,False
1782598904.1209807,TRACKING,Tracking AprilTag,Walk,4,71.89297485351562,0.012106981228183522,-0.04388446620152474,0.6302767349690024,0.6319186561666291,0.019206630653416615,0.7546703560440994,0.025333395237089135,-1.463666778292497,1.3837628715565389,0.2840907796578447,-0.3588317433766742,1.5449005948990784,0.42756611321026217,0.3496261425902156,-0.1417835136256828,0.6967716709215648,0.11285308510283577,0.6940251112516742,0.09770755122675179,-0.012106981228183522,-0.017285967588074953,0.13027673496900238,0.012106981228183522,0.019206630653416615,False
1782598904.1709669,TRACKING,Tracking AprilTag,Walk,4,71.89817810058594,0.012341432500329721,-0.04702731444098713,0.6271731332199943,0.6290548611152103,0.019675332491900996,0.7549048073162455,0.022190546997626744,-1.466770380041505,1.3884462438459,0.28118840630174546,-0.35948042721332973,1.5503454578569966,0.42840944853410434,0.34897745875356,-0.1416595595876144,0.6973727392710392,0.1127295159665333,0.6934665730437203,0.09537984991499576,-0.012341432500329721,-0.017707799242710896,0.12717313321999435,0.012341432500329721,0.019675332491900996,False
1782598904.2210548,TRACKING,Tracking AprilTag,Walk,4,71.9096450805664,0.010281078578137462,-0.04523766873641957,0.6156230903697705,0.6173685581934526,0.016698728659410963,0.7528444533940533,0.0239801927021943,-1.4783204228917288,1.3924382600790206,0.2783546415484579,-0.3610144144351902,1.5552206872956005,0.4288550427479848,0.3474434715316995,-0.1414814699922764,0.6978246964718274,0.1118790053907863,0.6931859597507691,0.08671731777732786,-0.010281078578137462,-0.015028855793469867,0.11562309036977048,0.010281078578137462,0.016698728659410963,False
1782598904.2710674,TRACKING,Tracking AprilTag,Walk,4,71.87763977050781,0.008406159204363306,-0.04334041038655735,0.6129868240060844,0.6145745691859619,0.013712582366801349,0.7509695340202791,0.02587745105205652,-1.480956689255415,1.396160252389264,0.27575843918432374,-0.36228029842072423,1.5597362965211197,0.42930533908980184,0.3461775875461655,-0.1412955447973662,0.6979328530271631,0.11114435726825221,0.6932331739993457,0.0847401180045633,-0.008406159204363306,-0.012341324130121215,0.1129868240060844,0.008406159204363306,0.013712582366801349,False
1782598904.3210557,TRACKING,Tracking AprilTag,Walk,4,71.7362060546875,0.005172861111708989,-0.0389637240458913,0.6077679360216742,0.6090375968194831,0.008511038343765398,0.7477362359276248,0.03025413739272257,-1.486175577239825,1.3992936991503138,0.27351610960518397,-0.36341575941951354,1.563574732053152,0.4296414093387806,0.3450421265473762,-0.14032475201227207,0.6975342609814029,0.11127099735466377,0.6938109856996506,0.08082595201625567,-0.005172861111708989,-0.0076599345093888585,0.10776793602167423,0.005172861111708989,0.008511038343765398,False
1782598904.3710756,TRACKING,Tracking AprilTag,Walk,4,71.8849105834961,0.003933166819437625,-0.03805126911061202,0.6054416978450641,0.6066490075584658,0.006496267939211286,0.7464965416353535,0.031166592328001855,-1.4885018154164353,1.4009791869900003,0.27154157379970045,-0.3634258035233811,1.5661393929179541,0.42923869907888956,0.34503208244350864,-0.14056374805663965,0.6976917950653269,0.11090070786752682,0.6936634809655708,0.07908127338379806,-0.003933166819437625,-0.005846641145290157,0.10544169784506408,0.003933166819437625,0.006496267939211286,False
1782598904.4210644,TRACKING,Tracking AprilTag,Walk,4,71.91842651367188,0.002045691349672622,-0.03670301494229887,0.6011571556255326,0.6022800195247503,0.003402909595761111,0.7446090661655884,0.032514846496315,-1.4927863576359668,1.4019559754336146,0.2689044343212763,-0.36252343017190247,1.568597023468026,0.4278717051609827,0.3459344557949873,-0.1410479871660476,0.6981600714809254,0.11089753036811272,0.6930943064723655,0.07586786671914947,-0.002045691349672622,-0.003062618636185,0.10115715562553262,0.002045691349672622,0.003402909595761111,False
1782598904.4710667,TRACKING,Tracking AprilTag,Walk,4,71.98823547363281,0.0012536291126867191,-0.03563787760966531,0.6006919764328515,0.6017495163747779,0.002086971928758437,0.7438170039286025,0.03357998382894856,-1.4932515368286479,1.4034652359195208,0.2658860821950578,-0.36192690967110847,1.5717070364383359,0.42656169138370004,0.3465309762957813,-0.14233255620741558,0.6991506995522923,0.11016735160994216,0.691948623380562,0.07551898232463866,-0.0012536291126867191,-0.0018782747358825932,0.10069197643285155,0.0012536291126867191,0.002086971928758437,False
1782598904.5210545,TRACKING,Tracking AprilTag,Walk,4,71.75109100341797,-0.0016729992898181273,-0.03269446396981665,0.5977979498101127,0.5986936743427906,-0.002798595951401477,0.7408903755260977,0.03652339746879722,-1.4961455634513867,1.4050901151831015,0.2629231497165651,-0.36272027091388714,1.5748687868548654,0.4253689903327673,0.3457376150530026,-0.14190281220671916,0.7000538735531477,0.1100433421112751,0.691142987281242,0.07334846235758452,0.0016729992898181273,0.0025187363562613296,0.0977979498101127,-0.0016729992898181273,-0.002798595951401477,False
1782598904.5710063,TRACKING,Tracking AprilTag,Walk,4,71.78358459472656,-0.003526434740467829,-0.032783321795666384,0.5986470999680868,0.5995544447588872,-0.005890605587776988,0.739036940075448,0.03643453964294749,-1.4952964132934126,1.4079977088403948,0.26116979254896827,-0.362603589796681,1.5782175606707065,0.42592941531742834,0.34585429617020874,-0.13952691243595305,0.6986721638907938,0.11248823255444508,0.6926296598089218,0.07398532497606514,0.003526434740467829,0.0053015450289992895,0.09864709996808685,-0.003526434740467829,-0.005890605587776988,False
1782598904.620991,TRACKING,Tracking AprilTag,Walk,4,71.9368667602539,-0.003919647774699846,-0.040413387530857096,0.5944188442530379,0.5958039677054143,-0.006593988401909516,0.738643727041216,0.028804473907756777,-1.4995246690084616,1.4116424965516776,0.2603628860501403,-0.36146858268586834,1.581510313796402,0.4276882082021627,0.3469893032810214,-0.1400150226835647,0.698121983197303,0.11267119959627743,0.6930560516878279,0.07081413318977844,0.003919647774699846,0.0059345895617185646,0.09441884425303793,-0.003919647774699846,-0.006593988401909516,False
1782598904.6711216,TRACKING,Tracking AprilTag,Walk,4,71.61216735839844,-0.0032898902601401973,-0.040404103682134734,0.5890133215484799,0.5904066462480358,-0.005585367815760356,0.7392734845557757,0.02881375775647914,-1.5049301917130196,1.4148811581228793,0.2600106763895042,-0.35967765998630946,1.5841988138247682,0.4295280310238765,0.3487802259805803,-0.14019376910009826,0.6982833749561271,0.11382733102815987,0.6926683001815477,0.06675999116135989,0.0032898902601401973,0.00502683103418432,0.08901332154847985,-0.0032898902601401973,-0.005585367815760356,False
1782598904.7210605,TRACKING,Tracking AprilTag,Walk,4,71.58360290527344,0.00016415793456307334,-0.03875971391052006,0.5850657725766925,0.5863482758659864,0.0002805803004546133,0.7427275327504789,0.03045814752809381,-1.5088777406848068,1.4180828333279027,0.2597123109429752,-0.35784377362882913,1.5868241931920273,0.4313846756414902,0.3506141123380606,-0.14031774901842936,0.698048758383548,0.11504956802946471,0.6926777440670531,0.06379932943251934,-0.00016415793456307334,-0.00025252227040915197,0.08506577257669246,0.00016415793456307334,0.0002805803004546133,False
1782598904.7710068,TRACKING,Tracking AprilTag,Walk,4,71.46516418457031,0.0020472031517563467,-0.037657797410507836,0.5830257585437579,0.5842442433367057,0.0035113281156738405,0.7446105779676722,0.03156006402810604,-1.5109177547177415,1.4210743416081326,0.25944712015233784,-0.3551119337651095,1.5892683933670715,0.4331297640204663,0.3533459522017802,-0.14135619807845992,0.69713751919351,0.11596579289683671,0.6932313030117218,0.06226931890781845,-0.0020472031517563467,-0.0031601953041064564,0.08302575854375793,0.0020472031517563467,0.0035113281156738405,False
1782598904.8210733,TRACKING,Tracking AprilTag,Walk,4,71.79454040527344,0.006518362268129971,-0.03555789501981355,0.5801889085405305,0.5813140481171521,0.011234423715152474,0.7490817370840458,0.03365996641880032,-1.513754604720969,1.4236770668163423,0.25952809825607487,-0.3532401112629501,1.591192125357558,0.4348847543883926,0.35521777470393967,-0.1421491139380058,0.6960362796689644,0.11651466659839119,0.6940831789192795,0.060141681405397884,-0.006518362268129971,-0.010110981343637226,0.08018890854053051,0.006518362268129971,0.011234423715152474,False
1782598904.8710694,TRACKING,Tracking AprilTag,Walk,4,71.71092224121094,0.0081741357573192,-0.03705406786307184,0.5777641491646748,0.5790088362888435,0.014146932532475658,0.750737510573235,0.032163793575542034,-1.5161793640968246,1.4260846998874745,0.2596772176788648,-0.35244522744532225,1.5929233739077364,0.4365645496333459,0.3560126585215675,-0.14269839747644908,0.6957920150690845,0.11657567971771504,0.6942051209996287,0.058323111873506084,-0.0081741357573192,-0.012732239279228093,0.07776414916467478,0.0081741357573192,0.014146932532475658,False
1782598904.9210625,TRACKING,Tracking AprilTag,Walk,4,71.59925079345703,0.010358034698373634,-0.03818111953854885,0.5741154022914889,0.5754768300464823,0.01803977217108294,0.7529214095142894,0.031036741900065022,-1.5198281109700105,1.4289313272890745,0.2595700234852065,-0.3514475332819135,1.5951547538227249,0.4383353465820894,0.3570103526849762,-0.14257861259352478,0.696047302233115,0.1173099714917614,0.6938500290938312,0.055586551718616706,-0.010358034698373634,-0.016235794953974644,0.07411540229148894,0.010358034698373634,0.01803977217108294,False
1782598904.9710677,TRACKING,Tracking AprilTag,Walk,4,71.61253356933594,0.011724949965905463,-0.038962686264570355,0.5725024509881492,0.5739465321439728,0.020477311605182253,0.7542883247818213,0.030255175174043518,-1.5214410622733503,1.4320787644362376,0.2590794356124175,-0.35047622301246123,1.5978640187631108,0.44001073326553475,0.3579816629544285,-0.14190508286217218,0.6966471465758423,0.11858992516180669,0.6931681832540599,0.05437683824111192,-0.011724949965905463,-0.01842958044466403,0.07250245098814923,0.011724949965905463,0.020477311605182253,False
1782598905.0210629,TRACKING,Tracking AprilTag,Walk,4,71.45982360839844,0.01461269538181403,-0.042195826579832514,0.5708614574069542,0.5726052935485916,0.025592032615991918,0.7571760701977298,0.02702203485878136,-1.5230820558545453,1.4350584327246478,0.25793598060965317,-0.35049352655423166,1.600870682529019,0.441081193657646,0.3579643594126581,-0.142640132843157,0.6963548462163364,0.11792072599614005,0.6934251387381715,0.053146093055215615,-0.01461269538181403,-0.023032829354392728,0.07086145740695415,0.01461269538181403,0.025592032615991918,False
1782598905.071067,TRACKING,Tracking AprilTag,Walk,4,71.49970245361328,0.01427120614063323,-0.0455771331600682,0.5689127866477621,0.57091391750694,0.02507979109137339,0.7568345809565491,0.023640728278545672,-1.5250307266137373,1.4375714955699281,0.2560590012914467,-0.3521753777691722,1.6040002994140443,0.4412910373572613,0.35628250819771756,-0.14208587132558978,0.6966968304044705,0.1174283575732108,0.6932789572110715,0.051684589985821594,-0.01427120614063323,-0.02257181198223605,0.06891278664776213,0.01427120614063323,0.02507979109137339,False
1782598905.121056,TRACKING,Tracking AprilTag,Walk,4,71.07051849365234,0.011259019816418712,-0.04530956599352144,0.5608472614586497,0.5627871471377209,0.020072323553868034,0.7538223946323346,0.02390829544509243,-1.5330962518028497,1.4394903761091546,0.2542291042065294,-0.3541472248323453,1.6066480796621072,0.4411500209639623,0.35431066113454446,-0.14159857558653635,0.6967626460758185,0.11651365551495599,0.6934668171613043,0.045635446093987286,-0.011259019816418712,-0.01806509119848123,0.060847261458649715,0.011259019816418712,0.020072323553868034,False
1782598905.17109,TRACKING,Tracking AprilTag,Walk,4,71.35586547851562,0.009250141975718242,-0.044573935472272515,0.5595191079956101,0.561368001459168,0.016530801612978076,0.7518135167916341,0.024643925966341358,-1.5344244052658893,1.4409838753711701,0.2526318563712508,-0.35546801540220757,1.6088214633776636,0.4409088904642393,0.3529898705646822,-0.14141528275525922,0.6965786025402562,0.1156590249552077,0.6938320821587342,0.04463933099670758,-0.009250141975718242,-0.014877721451680268,0.05951910799561011,0.009250141975718242,0.016530801612978076,False
1782598905.2211828,TRACKING,Tracking AprilTag,Walk,4,71.19718933105469,0.007508235785359777,-0.043794255139873194,0.5581479967186492,0.5599138296460502,0.013451240509042794,0.7500716106012756,0.02542360629874068,-1.53579551654285,1.4422361442532798,0.2510986618488933,-0.3575213238297385,1.6107699877483377,0.4405594400766629,0.35093656213715124,-0.1408101717208919,0.6964213521176318,0.11535813808083471,0.6941630181975308,0.04361099753898692,-0.007508235785359777,-0.012106116458138515,0.05814799671864923,0.007508235785359777,0.013451240509042794,False
1782598905.2712016,TRACKING,Tracking AprilTag,Walk,4,71.6410903930664,0.004141410478374303,-0.039081002323843546,0.5554194750140068,0.5568081081020836,0.00745622708008575,0.7467047852942902,0.030136859114770327,-1.5385240382474925,1.4424209450974015,0.25007443763674736,-0.35815608154552775,1.6115767445856055,0.43990192202044287,0.350301804421362,-0.1408121462595685,0.6961259332858165,0.11450523900431318,0.6946000105911961,0.041564606260505094,-0.004141410478374303,-0.006710604372077175,0.05541947501400679,0.004141410478374303,0.00745622708008575,False
1782598905.3209622,TRACKING,Tracking AprilTag,Walk,4,71.77936553955078,0.001679898143249385,-0.037068095539201026,0.5544773539678906,0.5557175558032231,0.0030296873105700494,0.7442432729591653,0.03214976589941285,-1.539466159293609,1.4419882582687802,0.24877443625526738,-0.35759009782851514,1.6120940403127921,0.438633211409568,0.3508677881383746,-0.1415376658843895,0.6967022234024606,0.11401136691334178,0.6939556968975888,0.040858015475917914,-0.001679898143249385,-0.0027267185795130447,0.05447735396789055,0.001679898143249385,0.0030296873105700494,False
1782598905.3711066,TRACKING,Tracking AprilTag,Walk,4,71.55099487304688,0.0009789007237398458,-0.03610048906579407,0.5549543555705319,0.5561281689719743,0.00176392832788673,0.7435422755396557,0.0331173723728198,-1.5389891576909676,1.4417225975599486,0.24679315078384553,-0.3570240207655086,1.6131814567271385,0.43695583450699227,0.3514338652013812,-0.14288476590936838,0.6974558821214663,0.11316034002390817,0.6930613058098583,0.04121576667789889,-0.0009789007237398458,-0.0015875354950980571,0.054954355570531854,0.0009789007237398458,0.00176392832788673,False
1782598905.4210818,TRACKING,Tracking AprilTag,Walk,4,71.72726440429688,-0.001510879455066727,-0.0342886038918749,0.5552868826591498,0.5563465764852858,-0.0027208921618222972,0.741052495360849,0.03492925754673897,-1.5386566306023495,1.4414453151629294,0.24482340216299933,-0.35774366564534466,1.6142525414168105,0.43527965649002265,0.3507142203215451,-0.14282410204618215,0.6984342733822488,0.11279441905185666,0.6921475714545751,0.04146516199436237,0.001510879455066727,0.0024488029456400675,0.05528688265914983,-0.001510879455066727,-0.0027208921618222972,False
1782598905.4710562,TRACKING,Tracking AprilTag,Walk,4,71.17033386230469,-0.0030884795673803054,-0.03437111749776014,0.5570277873610295,0.5580957519247098,-0.005544513198618032,0.7394748952485355,0.034846743940853735,-1.53691572590047,1.4425474289918538,0.24392183574653867,-0.3579122823308416,1.6156760657548201,0.4353121427069483,0.35054560363604814,-0.14049873628066278,0.6972448146265385,0.11498680241214973,0.6934607478804912,0.04277084052077215,0.0030884795673803054,0.004990061878756229,0.057027787361029536,-0.0030884795673803054,-0.005544513198618032,False
1782598905.5210156,TRACKING,Tracking AprilTag,Walk,4,71.67706298828125,-0.003320083527266548,-0.04197054685232045,0.5569147544216808,0.5585038884826783,-0.005961494411016084,0.7392432912886493,0.027247314586293425,-1.5370287588398186,1.4446493904705955,0.24388401981797392,-0.35673664866463056,1.6172968296497787,0.4366510962159864,0.3517212373022592,-0.14099459933895528,0.6964278694621123,0.11505403452551112,0.6941695144077654,0.04268606581626061,0.003320083527266548,0.005365344969914476,0.05691475442168081,-0.003320083527266548,-0.005961494411016084,False
1782598905.5710666,TRACKING,Tracking AprilTag,Walk,4,71.88493347167969,-0.002687499163702232,-0.0423595470212646,0.5512831048452393,0.5529146548640295,-0.004874950547999191,0.7398758756522136,0.026858314417349274,-1.54266040841626,1.4463700595911122,0.24413647699390748,-0.3549653635086942,1.6184391829060352,0.4379623802759447,0.3534925224581956,-0.14117692764821738,0.6967291954623439,0.11633515957522798,0.6936163449175713,0.03846232863392951,0.002687499163702232,0.0043874554931992715,0.05128310484523935,-0.002687499163702232,-0.004874950547999191,False
1782598905.6210635,TRACKING,Tracking AprilTag,Walk,4,71.52515411376953,0.0009901939036246951,-0.04115397019714944,0.54993653873987,0.5514751366908061,0.001800558362280161,0.7435535687195405,0.028063891241464432,-1.5440069745216294,1.4481804336613127,0.24443285984901464,-0.3531956682649335,1.619621074230038,0.43936538774887635,0.35526221770195626,-0.14105407630851538,0.6966643128452594,0.11761627219667206,0.6934904435384472,0.03745240405490252,-0.0009901939036246951,-0.001620502526052145,0.04993653873987003,0.0009901939036246951,0.001800558362280161,False
1782598905.6710973,TRACKING,Tracking AprilTag,Walk,4,71.35173034667969,0.002917311160897387,-0.04035375466880524,0.5484880919009043,0.5499782933692696,0.005318772994918789,0.7454806859768133,0.028864106769808634,-1.545455421360595,1.4500868616704334,0.2445867176217903,-0.3504137042835289,1.620968641537493,0.44072266528869,0.35804418168336083,-0.14172070878726115,0.6962136628493918,0.11889403131678927,0.6935892052792574,0.03636606892567823,-0.002917311160897387,-0.004786895695426911,0.04848809190090431,0.002917311160897387,0.005318772994918789,False
1782598905.7210648,TRACKING,Tracking AprilTag,Walk,4,71.6001968383789,0.007529282165267682,-0.0364057629812123,0.5462024977757639,0.5474661982667531,0.013783908614561755,0.7500926569811835,0.03281209845740157,-1.5477410154857356,1.4520371510479901,0.24493127291154257,-0.34770074368238124,1.6222254357676908,0.4422532910649162,0.3607571422845085,-0.14287984559944575,0.6949294839791924,0.11968704708266259,0.6945022482170411,0.03465187333182293,-0.007529282165267682,-0.01240551775310558,0.04620249777576391,0.007529282165267682,0.013783908614561755,False
1782598905.7709594,TRACKING,Tracking AprilTag,Walk,4,71.62948608398438,0.009737437004879558,-0.03734869043494244,0.5465377476779713,0.5478989432309017,0.01781470158609747,0.7523008118207954,0.03186917100367143,-1.547405765583528,1.4534213027578244,0.24542419814352132,-0.34685856324055303,1.6229557852938723,0.4435282188314055,0.3615993227263367,-0.14367627235442823,0.6943946264130543,0.11962850204531832,0.6948829060132393,0.03490331075847844,-0.009737437004879558,-0.016033231427487724,0.04653774767797125,0.009737437004879558,0.01781470158609747,False
1782598905.8209817,TRACKING,Tracking AprilTag,Walk,4,71.6066665649414,0.011785742246767584,-0.038862205306793206,0.5432587824802722,0.544774521672556,0.02169112428997399,0.7543491170626834,0.030355656131820667,-1.5506847307812273,1.4550677912187555,0.2456407175679173,-0.3462310471656187,1.624065191650106,0.4447639463296298,0.36222683880127104,-0.1437368947346228,0.6946367723884256,0.11993333254927126,0.6945757376135914,0.03244408686020411,-0.011785742246767584,-0.01952201186097659,0.04325878248027215,0.011785742246767584,0.02169112428997399,False
1782598905.8709528,TRACKING,Tracking AprilTag,Walk,4,71.64283752441406,0.01273769671769711,-0.03940132127145783,0.5425300104830221,0.54410800886434,0.023474013917830695,0.7553010715336129,0.02981654016715604,-1.5514135027784772,1.4566692123639278,0.24578931397399048,-0.3451345891849528,1.62518457044103,0.4459187717270524,0.3633232967819369,-0.14337031249059756,0.6950011700001849,0.12109267772726504,0.6940856507633356,0.031897507862266555,-0.01273769671769711,-0.021126612526047625,0.042530010483022074,0.01273769671769711,0.023474013917830695,False
1782598905.9209864,TRACKING,Tracking AprilTag,Walk,4,71.44319915771484,0.015686239826715388,-0.04254545998324726,0.5424223989803436,0.5443144616861456,0.028910806862908447,0.7582496146426312,0.02667240145536661,-1.5515211142811558,1.458259158469273,0.24577365588771438,-0.3451988349514531,1.6264021098803414,0.4469414014289924,0.36325905101543665,-0.14349802547501353,0.6952726534180685,0.1209753664361875,0.6938077650252993,0.03181679923525771,-0.015686239826715388,-0.026019726176617602,0.04242239898034361,0.015686239826715388,0.028910806862908447,False
1782598905.9710684,TRACKING,Tracking AprilTag,Walk,4,71.50346374511719,0.01619581739932698,-0.0460035322023638,0.5467272372123118,0.5488982614165704,0.029614552423824325,0.7587591922152428,0.023214329236250074,-1.5472162760491877,1.459670244364295,0.24457274782389196,-0.3462989961242979,1.6282550278433672,0.44694761457473475,0.36215888984259187,-0.14374088270145344,0.6945339720848571,0.1200587330249507,0.6946560450213339,0.03504542790923382,-0.01619581739932698,-0.026653097181441893,0.046727237212311756,0.01619581739932698,0.029614552423824325,False
1782598906.0210888,TARGET_REACHED,Target reached,Walk,4,71.15052795410156,0.013154914859039914,-0.049509415500828956,0.5359994306393395,0.5384418479779208,0.024537851689354382,0.7557182896749558,0.019708445937784917,-1.5579440826221598,1.4606869026658826,0.2432498898772563,-0.34827887834967064,1.6298877791726305,0.4466045834595962,0.3601790076172191,-0.14349226492504366,0.6945123277677889,0.11883430021652913,0.6949395697305601,0.0,0.0,0.0,0.035999430639339525,0.013154914859039914,0.024537851689354382,True
1782598906.0709603,TARGET_REACHED,Target reached,Walk,4,71.10205078125,0.011158461783325772,-0.048668830482294256,0.5351109285950678,0.5374354586662105,0.020849592595961777,0.7537218365992416,0.020549030956319617,-1.5588325846664315,1.4615940636348939,0.24195365062098798,-0.3498815606663946,1.6314200621205242,0.4462105197581696,0.35857632530049516,-0.14330914574483639,0.6942070799411283,0.11797980354547222,0.695427771131459,0.0,0.0,0.0,0.0,0.0,0.0,False
1782598906.120955,TARGET_REACHED,Target reached,Walk,4,71.2901382446289,0.0077810313808696,-0.04685953089911674,0.5333346931433663,0.535445846931101,0.014588361653445195,0.7503444061967854,0.02235833053949713,-1.5606088201181332,1.4623180640184845,0.24070941704474108,-0.3519427608686608,1.6327794209164879,0.4457367715006152,0.35651512509822897,-0.14257665215799825,0.6941456613839531,0.11743042754794035,0.6957325590535198,0.0,0.0,0.0,0.0,0.0,0.0,False
1782598906.171043,TARGET_REACHED,Target reached,Walk,4,71.46731567382812,0.006164176087716159,-0.04364434883171818,0.5335751436308755,0.5353926224300206,0.01155207838051605,0.748727550903632,0.025573512606895693,-1.5603683696306239,1.4624407462415485,0.23992291503719756,-0.35356655954248345,1.6333843298085733,0.4452193533254397,0.3548913264244063,-0.142027569990264,0.6944519515896964,0.11663716641658552,0.6956726440692003,0.0,0.0,0.0,0.0,0.0,0.0,False
1782598906.2211175,TARGET_REACHED,Target reached,Walk,4,71.29074096679688,0.0030979275710456156,-0.03791774633481268,0.532544544631687,0.5339017181647925,0.005817152120583108,0.7456613023869615,0.03130011510380119,-1.5613989686298124,1.461429850589931,0.23914834461039483,-0.35332256475920454,1.633120674560645,0.44397341782358735,0.3551353212076852,-0.14258095157166817,0.6950211025456274,0.11609116861700038,0.6950821389118824,0.0,0.0,0.0,0.0,0.0,0.0,False
1782598906.2710774,TARGET_REACHED,Target reached,Walk,4,71.455078125,0.0025008274125190044,-0.036748352543749724,0.533406383402968,0.5346765988964366,0.0046883748805044935,0.7450642022284348,0.03246950889486415,-1.5605371298585315,1.4604063579945945,0.23804926183852587,-0.35221784352528196,1.6330586019631397,0.4424728622515518,0.3562400424416078,-0.14343108849913844,0.6954271584507163,0.11602659541994136,0.6945116408645516,0.0,0.0,0.0,0.0,0.0,0.0,False
1782598906.3209546,TARGET_REACHED,Target reached,Walk,4,71.50414276123047,0.0016356361509242694,-0.03641154779333408,0.5348813075371458,0.536121711247522,0.003057932721934762,0.7441990109668402,0.03280631364527979,-1.5590622057243535,1.4590965920354737,0.23674703203039255,-0.35147591322449895,1.6329113234209922,0.4406317760580547,0.3569819727423908,-0.14477837132627383,0.6961202887757812,0.11517571108460317,0.6936788322610042,0.0,0.0,0.0,0.0,0.0,0.0,False
1782598906.3711011,TARGET_REACHED,Target reached,Walk,4,71.19120788574219,0.000577171010096295,-0.03648185745285847,0.5359010495868434,0.5371416889405122,0.001077009995367575,0.7431405458260121,0.0327360039857554,-1.558042463674656,1.4576762460019075,0.2357584245602143,-0.3512826323592544,1.6324760114974994,0.4389568936399655,0.35717525360763536,-0.14435070074026096,0.6965455377792212,0.11572470554060668,0.6932495809758495,0.0,0.0,0.0,0.0,0.0,0.0,False
1782598906.420997,TARGET_REACHED,Target reached,Walk,4,71.42214965820312,-0.00010025658151490995,-0.04170755346511718,0.5453740733083848,0.5469665528205607,-0.00018383085168933143,0.7424631182344009,0.02751030797349669,-1.5485694399531145,1.457432151980472,0.23570685590533746,-0.3498681741409153,1.632324208596185,0.4387589110735135,0.3585897118259745,-0.14459010664269012,0.6949358185874502,0.11645332354337389,0.6946916816408184,0.0,0.0,0.0,0.0,0.0,0.0,False
1782598906.471114,TARGET_REACHED,Target reached,Walk,4,71.38996887207031,-6.560764089951434e-05,-0.04401822041643954,0.5377937084679391,0.5395921431050413,-0.00012199406490073485,0.7424977671750164,0.025199641022174334,-1.5561498047935602,1.457393679191279,0.23606436026787087,-0.347835678911663,1.6320623786158959,0.4390053549538606,0.36062220705522674,-0.1448999315971176,0.694836066260146,0.11761675155334693,0.6945308852753164,0.0,0.0,0.0,0.0,0.0,0.0,False
1782598906.5209925,TARGET_REACHED,Target reached,Walk,4,71.32051086425781,0.0026622226866081875,-0.04355622030651353,0.5366415412213972,0.5384128300119706,0.004960854952340132,0.745225597502524,0.025661641132100343,-1.5573019720401022,1.4574950201243289,0.23659187956714442,-0.34638371284239283,1.6317960959307,0.4394718741146487,0.3620741731244969,-0.14489955345978903,0.6946511448718867,0.11871509329371932,0.6945290727965204,0.0,0.0,0.0,0.0,0.0,0.0,False
1782598906.5710764,TARGET_REACHED,Target reached,Walk,4,70.92037200927734,0.003971719888649179,-0.04339919459219155,0.5360712145108024,0.5378397639420235,0.007408805231688918,0.746535094704565,0.025818666846422325,-1.557872298750697,1.4577022580226084,0.23705947160724172,-0.3441747398344602,1.6316492203001816,0.4399617898335284,0.3642831461324296,-0.1451369385666438,0.6944356968087776,0.11986919568750565,0.6944967300041378,0.0,0.0,0.0,0.0,0.0,0.0,False
1782598906.6209528,TARGET_REACHED,Target reached,Walk,4,71.2103500366211,0.007577608780374338,-0.03972410230640697,0.5364378212314908,0.5379599989836299,0.014124852003139106,0.7501409835962902,0.0294937591322069,-1.5575056920300088,1.4579806879105401,0.23754736304719254,-0.34130127478445793,1.6315431973797172,0.44051344226034017,0.3671566111824318,-0.14635881499041772,0.6937090455300617,0.12078569427274258,0.6948076521480048,0.0,0.0,0.0,0.0,0.0,0.0,False
1782598906.6710916,TARGET_REACHED,Target reached,Walk,4,71.51937866210938,0.00970162956960313,-0.0383140062969239,0.5367836016233036,0.538236676255448,0.018071664971630458,0.7522650043855189,0.030903855141689973,-1.5571599116381958,1.4581607957663274,0.23821168609840243,-0.3397196154199028,1.6312477144211979,0.4411350963259665,0.36873827054698693,-0.14703183897380917,0.6931675364157538,0.12127532753879569,0.6951206368089301,0.0,0.0,0.0,0.0,0.0,0.0,False
1782598906.7209938,TARGET_REACHED,Target reached,Walk,4,71.41492462158203,0.011979312943137043,-0.03975819188453631,0.5368071418579118,0.5384107403369451,0.022312156539649217,0.7545426877590529,0.029459669554077562,-1.5571363714035877,1.4582584924221218,0.2386749152832313,-0.33952392931190684,1.631020495627023,0.4415504245501509,0.3689339566549829,-0.14708942222044644,0.6933343719602787,0.12139454804832696,0.6949212287975117,0.0,0.0,0.0,0.0,0.0,0.0,False
1782598906.7710037,TARGET_REACHED,Target reached,Walk,4,71.58673858642578,0.01243403879090287,-0.04010210248827696,0.5366845269795641,0.5383243125142245,0.023164101352808372,0.7549974136068187,0.029115758950336912,-1.5572589862819353,1.4581432171635929,0.23923899935665516,-0.3385551760877456,1.6305659305682905,0.44190376551083754,0.36990270987914414,-0.146975647420184,0.6938007409573221,0.12213383325904827,0.6943500685431949,0.0,0.0,0.0,0.0,0.0,0.0,False
1782598906.8211882,TARGET_REACHED,Target reached,Walk,4,71.26020050048828,0.014721901425390286,-0.04234959831734086,0.5388793499815835,0.5407413214243877,0.027312682297039897,0.7572852762413061,0.026868263121273016,-1.555064163279916,1.4578807473439743,0.2396988845290669,-0.3379954983911638,1.630067389361884,0.44208220721989,0.37046238757572597,-0.14624317331882422,0.6945330004987066,0.12335452974847402,0.6935564183730383,0.0,0.0,0.0,0.0,0.0,0.0,False
1782598906.87108,TARGET_REACHED,Target reached,Walk,4,71.63562774658203,0.01575896006800306,-0.044566657701641615,0.5403975639604843,0.542461112832566,0.029153527336898195,0.7583223348839189,0.024651203736972258,-1.553545949301015,1.4576572340426077,0.23965300850091548,-0.3379553181874355,1.6299275107787445,0.44190193856530546,0.37050256777945423,-0.14654843357800357,0.6944112989658253,0.12298837720103173,0.6936788619800127,0.0,0.0,0.0,0.0,0.0,0.0,False
1782598906.9209626,TARGET_REACHED,Target reached,Walk,4,71.21238708496094,0.015074512071100705,-0.04815982273292134,0.5375617797213169,0.5399252508051441,0.02803503354570102,0.7576378868870165,0.021058038705692533,-1.5563817335401824,1.4574723773620546,0.2391386271952419,-0.3393866415972085,1.6301218260170267,0.44139105530257017,0.36907124436968125,-0.1463616204134962,0.6943326913360853,0.12237491615056709,0.6939054472397991,0.0,0.0,0.0,0.0,0.0,0.0,False
1782598906.9709988,TARGET_REACHED,Target reached,Walk,4,71.17513275146484,0.013904241450576492,-0.047855038151952085,0.5376560328265514,0.5399605932303083,0.02585508615654635,0.7564676162664923,0.021362823286661788,-1.556287480434948,1.4574773092705895,0.23872540465836692,-0.3404379122816563,1.6303944399702537,0.4410804770979111,0.3680199736852334,-0.14630255278524476,0.6937927065122559,0.12164413337546634,0.6945861705031645,0.0,0.0,0.0,0.0,0.0,0.0,False
1782598907.0211616,TARGET_REACHED,Target reached,Walk,4,71.37413024902344,0.012755941175819133,-0.04815395541280463,0.538041290404293,0.5403424355324096,0.023703667877574705,0.755319315991735,0.021063906025809244,-1.5559022228572064,1.4575348579205958,0.23828026386146883,-0.34096803064402914,1.6307277773445266,0.4407798970402005,0.36748985532286066,-0.14630065148849652,0.6935395506315336,0.12139841293726307,0.694882318396551,0.0,0.0,0.0,0.0,0.0,0.0,False
1782598907.0710406,TARGET_REACHED,Target reached,Walk,4,71.33670806884766,0.011300356930585571,-0.04918615738867813,0.537050959255962,0.5394170084296299,0.02103839394478603,0.7538637317465015,0.02003170404993574,-1.5568925540055374,1.4575071427412156,0.23790707574242853,-0.3413901077475894,1.630949551268384,0.4404784773493079,0.36706777821930037,-0.14630094061598775,0.693540921242999,0.1210324427373816,0.6949447266806994,0.0,0.0,0.0,0.0,0.0,0.0,False
1782598907.1211946,TARGET_REACHED,Target reached,Walk,4,71.06204223632812,0.010739666345229259,-0.049535835680198474,0.5368091210386833,0.5391967840038238,0.020003821439280714,0.7533030411611451,0.0196820257584154,-1.557134392222816,1.457437781934601,0.23751164721451004,-0.3417771110639345,1.6311541719341833,0.44013307175393634,0.36668077490295525,-0.14636604055659916,0.6934381095761147,0.12073062060923818,0.6950861008584451,0.0,0.0,0.0,0.0,0.0,0.0,False
1782598907.1710176,TARGET_REACHED,Target reached,Walk,4,71.17556762695312,0.009568210908193419,-0.05063520563859629,0.5366519786277344,0.5391204140775129,0.017827563495568372,0.7521315857241092,0.018582655800017583,-1.557291534633765,1.4573441215926866,0.23703943425457377,-0.3417685658812736,1.6313903011832918,0.43971354783698435,0.36668932008561617,-0.14660302543104545,0.6933432010394156,0.12048058792709562,0.6951742130139915,0.0,0.0,0.0,0.0,0.0,0.0,False
1782598907.2212324,TARGET_REACHED,Target reached,Walk,4,71.22252655029297,0.009090531384272718,-0.051296504787098206,0.5369084930742319,0.5394299760853709,0.016929631396282677,0.7516539062001886,0.017921356651515667,-1.5570350201872674,1.4572593631301618,0.23653932172048683,-0.3413998928060914,1.63165134345352,0.4392786300552435,0.36705799316079835,-0.14678947449800978,0.6932979795521386,0.12042230070044628,0.6951900684126118,0.0,0.0,0.0,0.0,0.0,0.0,False
1782598907.2711089,TARGET_REACHED,Target reached,Walk,4,71.21648406982422,0.008578894140056166,-0.05258993355469239,0.5369038071213916,0.5395414688764875,0.015977096907382162,0.751142268955972,0.016627927883921485,-1.5570397061401078,1.457232984880618,0.23608309026557403,-0.3409011451106557,1.6319281658655678,0.4389150199554265,0.367556740856234,-0.14727857985054693,0.6932408246757198,0.12048401020513039,0.695132924126763,0.0,0.0,0.0,0.0,0.0,0.0,False
1782598907.321249,TARGET_REACHED,Target reached,Walk,4,71.43452453613281,0.008448994093883293,-0.0532288750309151,0.536735340146025,0.5394344482881348,0.01574015291627001,0.7510123689097992,0.015988986407698774,-1.5572081731154745,1.457290416319555,0.23566074236942006,-0.34028943128158096,1.632246583724783,0.4386316717906241,0.3681684546853088,-0.14758339431607,0.6933001555154008,0.12048371397019114,0.6950091443660418,0.0,0.0,0.0,0.0,0.0,0.0,False
1782598907.37109,TARGET_REACHED,Target reached,Walk,4,71.36125183105469,0.008450767719167867,-0.05466582128348604,0.5365075725260984,0.5393515948520854,0.015750139150174106,0.7510141425350837,0.014552040155127836,-1.557435940735401,1.4574350164534193,0.2353807028768605,-0.3396987436227902,1.6325385996562916,0.43851310530357257,0.3687591423440995,-0.14813221550719535,0.6936030066022941,0.12054434512843462,0.6945795683856132,0.0,0.0,0.0,0.0,0.0,0.0,False
1782598907.4210799,TARGET_REACHED,Target reached,Walk,4,71.27156066894531,0.008562378848153281,-0.05530175663532107,0.5363875810383265,0.5392988371122627,0.015961688855186063,0.7511257536640691,0.013916104803292806,-1.557555932223173,1.4576679442974194,0.23524953284292194,-0.3391470265445293,1.6328008247379082,0.4385650568664471,0.36931085942236047,-0.14831759726325347,0.6937357244831848,0.12054619530655375,0.694407121014006,0.0,0.0,0.0,0.0,0.0,0.0,False
1782598907.4711046,TARGET_REACHED,Target reached,Walk,4,71.20573425292969,0.009029785658542781,-0.05634025676237418,0.5355115111228553,0.5385427931986217,0.016860384538288194,0.7515931604744586,0.01287760467623969,-1.5584320021386442,1.457964513609266,0.2352461129730644,-0.338696998637074,1.6330282546266686,0.4387554267641133,0.36976088732981577,-0.14873953795761316,0.6940771545564124,0.12066395836774774,0.6939550868190651,0.0,0.0,0.0,0.0,0.0,0.0,False
1782598907.5210238,TARGET_REACHED,Target reached,Walk,4,71.34797668457031,0.00940330365249125,-0.05673890675262955,0.5354598832012729,0.5385397034360468,0.01755936809270359,0.751966678468407,0.012478954685984325,-1.5584836300602265,1.4583564500709925,0.23535866066480102,-0.3383459674589148,1.6332526472419757,0.4390959104305959,0.37011191850797487,-0.14886410446689397,0.6942108750333956,0.12072701871074877,0.693783630781133,0.0,0.0,0.0,0.0,0.0,0.0,False
1782598907.571099,TARGET_REACHED,Target reached,Walk,4,71.47834777832031,0.010218315541892644,-0.057494078836371566,0.5347993353727004,0.5379779848551786,0.019104497087850832,0.7527816903578085,0.011723782602242307,-1.559144177888799,1.4588378748959998,0.23554619144145483,-0.3380252035339986,1.6334962055358249,0.4395515605286132,0.3704326824328911,-0.14910691732509376,0.6943878012311059,0.12084801322295768,0.6935333203295294,0.0,0.0,0.0,0.0,0.0,0.0,False
1782598907.6213598,TARGET_REACHED,Target reached,Walk,4,71.33197784423828,0.011139864499992607,-0.0585876830078902,0.5346363707951312,0.5379522861353971,0.02083332409280355,0.7537032393159084,0.010630178430723676,-1.5593071424663683,1.4593363449038037,0.23571465859645085,-0.337780677033376,1.6337651113680447,0.4400038250357222,0.37067720893351375,-0.1491718151852474,0.6943447502239666,0.12091217916611093,0.6935512831219174,0.0,0.0,0.0,0.0,0.0,0.0,False
1782598907.6710935,TARGET_REACHED,Target reached,Walk,4,71.24374389648438,0.011556936066548803,-0.05919933823036867,0.5341763827098556,0.5375709555613528,0.021631681544384364,0.7541203108824647,0.0100185232082452,-1.5597671305516438,1.4599094500500107,0.23586315072468972,-0.33753493756907654,1.6341036896210392,0.44048948354471484,0.3709229483978132,-0.14935384551223885,0.6944007766214717,0.12109441336178253,0.6934242087717799,0.0,0.0,0.0,0.0,0.0,0.0,False
1782598907.721117,TARGET_REACHED,Target reached,Walk,4,71.43409729003906,0.012012449897272024,-0.05971344965203757,0.5336160094998365,0.5370810372899144,0.02250761060848989,0.7545758247131878,0.009504411786576301,-1.560327503761663,1.4604435458256524,0.23594185420274266,-0.3372359324273348,1.6344580544059868,0.44089676493909113,0.37122195353955495,-0.14941762243132353,0.6944745539312088,0.12121870839403945,0.6933148583322729,0.0,0.0,0.0,0.0,0.0,0.0,False
1782598907.7710853,TARGET_REACHED,Target reached,Walk,4,71.40526580810547,0.012714493771370633,-0.060423141805863015,0.5326418096861091,0.5362088323062637,0.023866094306570496,0.7552778685872865,0.008794719632750858,-1.5613017035753902,1.4609687572939234,0.2359455137797858,-0.3368138471965547,1.6348545010769007,0.44124127983866557,0.37164403877033503,-0.14960072780407296,0.6945966064505713,0.1213407779985708,0.6931317278429427,0.0,0.0,0.0,0.0,0.0,0.0,False
1782598907.8211155,TARGET_REACHED,Target reached,Walk,4,71.43547058105469,0.01308547587614435,-0.06065307651480036,0.5322820351157546,0.5358863594798665,0.024578775644371432,0.7556488506920602,0.00856478492381351,-1.5616614781457447,1.461368584472075,0.2358963087621508,-0.33645436629239,1.6351901322219546,0.44146406817008976,0.37200351967449974,-0.1496581657711571,0.6946409399027482,0.12145993062177919,0.693054026236333,0.0,0.0,0.0,0.0,0.0,0.0,False
1782598907.871079,TARGET_REACHED,Target reached,Walk,4,71.42327880859375,0.013757469618384834,-0.06114695609694469,0.5317381934732499,0.5354192045569693,0.025866867003037773,0.7563208444343007,0.008070905341669182,-1.5622053197882495,1.4617556756005254,0.23580611898616888,-0.3360982848207805,1.6355427593286171,0.44164744717942195,0.3723596011461092,-0.14978572347677108,0.6946663891153756,0.12170852999701773,0.6929573425557384,0.0,0.0,0.0,0.0,0.0,0.0,False
1782598907.921119,TARGET_REACHED,Target reached,Walk,4,71.30961608886719,0.013989335241104395,-0.061399148853154346,0.5313391588801705,0.5350578087831883,0.02632236668786152,0.7565527100570202,0.007818712585459527,-1.562604354381329,1.4621086280316853,0.23570844391403928,-0.33578316584222206,1.6358743330723784,0.44180292930323484,0.3726747201246677,-0.14978349696313295,0.6946560631366814,0.12182879378093454,0.6929470419814379,0.0,0.0,0.0,0.0,0.0,0.0,False
1782598907.9710758,TARGET_REACHED,Target reached,Walk,4,71.36907958984375,0.014397423155303561,-0.06184817547181367,0.5308120353174858,0.5345969504594997,0.027116744027515672,0.7569607979712194,0.007369685966800203,-1.5631314779440135,1.4623929849735189,0.23563077093326887,-0.3355394436953793,1.6361408030906388,0.441928967756411,0.37291844227151044,-0.14983871720645792,0.6945680659101797,0.12206820139018976,0.6929811792921072,0.0,0.0,0.0,0.0,0.0,0.0,False
1782598908.0211022,TARGET_REACHED,Target reached,Walk,4,71.36317443847656,0.014553502243581228,-0.06207272391154549,0.5305962474604334,0.5344129539040445,0.027421705854945154,0.757116877059497,0.007145137527068385,-1.5633472658010659,1.4626105488222803,0.23556883310945553,-0.33535001003871917,1.6363463144006896,0.4420234951267741,0.3731078759281706,-0.14984283530057343,0.6945261193015174,0.122193627809266,0.6930002248483548,0.0,0.0,0.0,0.0,0.0,0.0,False
1782598908.0709624,TARGET_REACHED,Target reached,Walk,4,71.45829010009766,0.014827875725675718,-0.06255306542570421,0.5301233008005097,0.5340069905388095,0.027963325942975625,0.7573912505415915,0.00666479601290966,-1.5638202124609897,1.4627880649787104,0.2355285236131193,-0.3351889168964534,1.636507342084163,0.4421083887451668,0.37326896907043633,-0.14977984100874803,0.6943949678714452,0.12237513497251011,0.6931132332906857,0.0,0.0,0.0,0.0,0.0,0.0,False
1782598908.1210287,TARGET_REACHED,Target reached,Walk,4,71.34938049316406,0.014958036488041932,-0.06279451421603362,0.5299612490447789,0.5338780941004299,0.028217282615260814,0.7575214113039578,0.006423347222580256,-1.5639822642167205,1.4629051211226813,0.2355113072549408,-0.33510843059027673,1.636607432616715,0.4421714793872914,0.37334945537661296,-0.14972540149418534,0.6943645199338982,0.12244156355374472,0.6931437665584871,0.0,0.0,0.0,0.0,0.0,0.0,False
1782598908.1710167,TARGET_REACHED,Target reached,Walk,4,71.24482727050781,0.015128586405743483,-0.06328602789327718,0.5296366343427957,0.53361874019857,0.028556321318276283,0.7576919612216593,0.00593183354533669,-1.5643068789187038,1.4629762213391384,0.23552268718706168,-0.33504888847123204,1.6366540192095445,0.4422263832396507,0.3734089974956577,-0.1496560517007397,0.6942649217356909,0.12261786617731894,0.6932273389955145,0.0,0.0,0.0,0.0,0.0,0.0,False
1782598908.2210152,TARGET_REACHED,Target reached,Walk,4,71.22959899902344,0.015200755434170307,-0.0635035922144761,0.5296473057759031,0.5336572286642288,0.02869189331627015,0.7577641302500862,0.005714269224137772,-1.5642962074855964,1.4630027179547094,0.23554491264460534,-0.3350287540790147,1.6366596785488352,0.4422605008813999,0.373429131887875,-0.14965494034442767,0.6941987322502122,0.12267798943405368,0.6932832248663761,0.0,0.0,0.0,0.0,0.0,0.0,False
1782598908.2709746,TARGET_REACHED,Target reached,Walk,4,71.2505111694336,0.015289931274865463,-0.06381835064478261,0.5293791715651993,0.5334312243996102,0.02887473201102488,0.7578533060907813,0.005399510793831261,-1.5645643416963,1.4630034139718444,0.2355787465320172,-0.33499264928972367,1.6366381926045646,0.44228664606405466,0.3734652366771661,-0.14959938297848946,0.6940410378818457,0.12280455265308886,0.6934306772821782,0.0,0.0,0.0,0.0,0.0,0.0,False
1782598908.3211904,TARGET_REACHED,Target reached,Walk,4,71.35128784179688,0.015333363910642378,-0.06400970042397751,0.5293459378125083,0.533422417672699,0.02895852486869737,0.7578967387265582,0.005208161014636364,-1.5645975754489911,1.4629759639769986,0.23560733781362442,-0.3350183809078927,1.6365987447031358,0.4422904966060732,0.37343950505899703,-0.14959826640511154,0.6939748221240792,0.12286467167421034,0.6934865372888116,0.0,0.0,0.0,0.0,0.0,0.0,False
1782598908.3710213,TARGET_REACHED,Target reached,Walk,4,71.36128234863281,0.015360469113914851,-0.06435400668073121,0.5293318224226797,0.5334506166615411,0.02901046009938244,0.7579238439298307,0.00486385475788266,-1.5646116908388197,1.462937112857429,0.23562848422850277,-0.3349773670177086,1.636555483276386,0.44228127547221574,0.37348051894918116,-0.14953635591773398,0.693909726705599,0.12298602333642203,0.6935435152217189,0.0,0.0,0.0,0.0,0.0,0.0,False
1782598908.421017,TARGET_REACHED,Target reached,Walk,4,71.47370910644531,0.01537131999733064,-0.06448746596412058,0.5294776407707135,0.5336117341485798,0.029022951405156025,0.7579346948132465,0.00473039547449329,-1.564465872490786,1.4628791075937113,0.23563403338697578,-0.3349254427003954,1.6365078254061347,0.44224774740663186,0.3735324432664943,-0.14953635591773398,0.693909726705599,0.12298602333642203,0.6935435152217189,0.0,0.0,0.0,0.0,0.0,0.0,False
1782598908.4710262,TARGET_REACHED,Target reached,Walk,4,71.57426452636719,0.015393170248429022,-0.0646809881979325,0.5294841197771117,0.5336422144290134,0.029063828723832067,0.7579565450643448,0.004536873240681374,-1.5644593934843876,1.4628017733348149,0.2356183616145757,-0.334919693908262,1.636459297436224,0.44218552821196033,0.37353819205862776,-0.14953635870307405,0.6938487043822636,0.12298602562722213,0.6936045633884627,0.0,0.0,0.0,0.0,0.0,0.0,False
1782598908.521023,TARGET_REACHED,Target reached,Walk,4,71.47622680664062,0.015377261245922563,-0.06481099599315882,0.5294744245112916,0.5336479097463177,0.02903433918170071,0.7579406360618384,0.004406865445455058,-1.564469088750208,1.462709224978744,0.23560060566042554,-0.3349377959144431,1.636400572496548,0.4421118271022042,0.37352009005244663,-0.14953114816107932,0.6938855605891064,0.12292070710057704,0.6935803949806144,0.0,0.0,0.0,0.0,0.0,0.0,False
1782598908.5710344,TARGET_REACHED,Target reached,Walk,4,71.65518951416016,0.015281471379400342,-0.0649593440138981,0.5295750836051871,0.5337630643999979,0.02884809439314806,0.7578448461953162,0.00425851742471578,-1.5643684296563123,1.462629129193814,0.23558157207601274,-0.33499777813228143,1.636352134925598,0.4420452582369625,0.3734601078346083,-0.14953859983813778,0.6939201394121585,0.12286579652006993,0.6935539224329631,0.0,0.0,0.0,0.0,0.0,0.0,False
1782598908.6210134,TARGET_REACHED,Target reached,Walk,4,71.63211822509766,0.01523379503055557,-0.06498850885331775,0.529625007914265,0.5338147841734959,0.028755432159283376,0.7577971698464714,0.004229352585296123,-1.5643185053472344,1.4625453095182765,0.2355676169125409,-0.33508339434995876,1.636297565214853,0.4419801227530544,0.373374491616931,-0.14959827030624778,0.6939138046151493,0.1228646748782035,0.6935475909791488,0.0,0.0,0.0,0.0,0.0,0.0,False
1782598908.671033,TARGET_REACHED,Target reached,Walk,4,71.4095230102539,0.015033500240612263,-0.06509067752225677,0.5297424669878288,0.5339380898195425,0.02837126967835651,0.7575968750565281,0.004127183916357108,-1.5642010462736706,1.4624613331743486,0.23555271295726174,-0.33507863344673416,1.6362434938796446,0.4419141648503341,0.3733792525201556,-0.1495993918955724,0.6939190071239342,0.12280455997302801,0.6935527907423048,0.0,0.0,0.0,0.0,0.0,0.0,False
1782598908.7213898,TARGET_REACHED,Target reached,Walk,4,71.53848266601562,0.0149533209934639,-0.06513813384246447,0.5295632349258481,0.533763803638221,0.02822958175660667,0.7575166958093797,0.004079727596149399,-1.5643802783356513,1.4623709781795005,0.23552933832646347,-0.33505300050217307,1.6361900903721955,0.44183762424770323,0.3734048854647166,-0.1495993918955724,0.6939190071239342,0.12280455997302801,0.6935527907423048,0.0,0.0,0.0,0.0,0.0,0.0,False
1782598908.771116,TARGET_REACHED,Target reached,Walk,4,71.33280181884766,0.014959724413355645,-0.06516393944397389,0.5297789975453914,0.5339811968586359,0.02823016816187805,0.7575230992292715,0.0040539219946399835,-1.564164515716108,1.4623007486882895,0.23550320070164335,-0.33505918816349134,1.6361537672708855,0.4417720804518245,0.3733986978033984,-0.14959417678893946,0.693955850710013,0.12273924501124328,0.6935286131590042,0.0,0.0,0.0,0.0,0.0,0.0,False
1782598908.8211448,TARGET_REACHED,Target reached,Walk,4,71.31787872314453,0.014906617512004656,-0.06520865290678689,0.5298629485720819,0.5340684599647013,0.02812554970192142,0.7574699923279204,0.0040092085318269854,-1.5640805646894176,1.4622307164535437,0.2354695821499277,-0.3350916503844601,1.636122461525659,0.44170098424068216,0.37336623558242965,-0.1495356278351778,0.6939673830554985,0.1226802497749826,0.693540138404541,0.0,0.0,0.0,0.0,0.0,0.0,False
1782598908.8711085,TARGET_REACHED,Target reached,Walk,4,71.2331314086914,0.01480225993381386,-0.06522530889995792,0.5298668672654601,0.5340714791542006,0.027928545908746726,0.7573656347497297,0.00399255253865595,-1.5640766459960393,1.4621726359101614,0.23544428121739464,-0.33510215580671265,1.636094819519257,0.4416439806777348,0.3733557301601771,-0.14960050905148228,0.6939852255876595,0.12274444051510847,0.6934969334324527,0.0,0.0,0.0,0.0,0.0,0.0,False
1782598908.9212646,TARGET_REACHED,Target reached,Walk,4,71.48304748535156,0.014752028345216751,-0.06525603426519205,0.5298598967114667,0.5340669269777003,0.0278341851660344,0.7573154031611325,0.00396182717342182,-1.5640836165500327,1.4621224363465828,0.23542691409291516,-0.3350867420880921,1.6360679998229077,0.4415981296462971,0.37337114387879766,-0.14965496041384813,0.6940157238441546,0.12267800588574009,0.6934664193401885,0.0,0.0,0.0,0.0,0.0,0.0,False
1782598908.9710343,TARGET_REACHED,Target reached,Walk,4,71.49079895019531,0.014718952655434651,-0.0652971477498852,0.5299414428362726,0.5341519427156787,0.027767538680780853,0.7572823274713505,0.0039207136887286775,-1.5640020704252269,1.4620825743728538,0.23540169547268106,-0.3350848789806121,1.6360541388244632,0.44155304274711116,0.3733730069862776,-0.14971574160501022,0.694075586437903,0.1226167651383879,0.6934042153993155,0.0,0.0,0.0,0.0,0.0,0.0,False
1782598909.0211172,TARGET_REACHED,Target reached,Walk,4,71.32494354248047,0.014694105788380641,-0.06530745463469308,0.5299590083053504,0.5341699456725107,0.02771977036949692,0.7572574806042964,0.003910406803920796,-1.563984504956149,1.4620507144177048,0.2353792711037533,-0.3351042226685991,1.6360445361708875,0.4415152843293979,0.37335366329829056,-0.14972207785519423,0.6941049610147855,0.12262195450920717,0.6933725252486777,0.0,0.0,0.0,0.0,0.0,0.0,False
1782598909.0712318,TARGET_REACHED,Target reached,Walk,4,71.47101593017578,0.014628006715336709,-0.06534131001752895,0.5300679267543086,0.5342803312390245,0.027589473495948917,0.7571913815312525,0.003876551421084923,-1.5638755865071907,1.462016770174204,0.23536030077439826,-0.33511195995283727,1.636031103361704,0.441478792622119,0.37334592601405253,-0.1497817378643629,0.6941596188799509,0.12262082777893443,0.6933051183379374,0.0,0.0,0.0,0.0,0.0,0.0,False
1782598909.121134,TARGET_REACHED,Target reached,Walk,4,71.40602111816406,0.014616133279849005,-0.06536312691159082,0.5301389835238016,0.5343531711923909,0.027563397628045095,0.7571795080957648,0.0038547345270230488,-1.563804529737698,1.4619936482847777,0.2353397139124444,-0.33512825725514644,1.6360269405009327,0.4414481150856151,0.3733296287117433,-0.14978285860260013,0.6941648129125393,0.1225607090766182,0.6933103059767461,0.0,0.0,0.0,0.0,0.0,0.0,False
1782598909.1712227,TARGET_REACHED,Target reached,Walk,4,71.49359893798828,0.01455513684088739,-0.06535689959700719,0.5299731472992455,0.5341862158383142,0.02745701189946142,0.7571185116568032,0.003860961841606683,-1.563970365962254,1.4619757325060716,0.23530795644641425,-0.3352109102246805,1.6360339992890731,0.4414123423965174,0.3732469757422093,-0.14977763261167076,0.6942016272718594,0.12249539879854246,0.6932861160700766,0.0,0.0,0.0,0.0,0.0,0.0,False
1782598909.2210927,TARGET_REACHED,Target reached,Walk,4,71.48491668701172,0.014512668495860585,-0.06536910097375433,0.5300987164206101,0.5343111322626228,0.027370457330362773,0.7570760433117765,0.0038487604648595464,-1.5638447968408893,1.4619493122072822,0.23529059220437662,-0.3353107416487112,1.636025234886592,0.4413819658539424,0.3731471443181785,-0.14971795798799728,0.69426896539481,0.12249651108108868,0.6932313766113628,0.0,0.0,0.0,0.0,0.0,0.0,False
1782598909.2710931,TARGET_REACHED,Target reached,Walk,4,71.12403869628906,0.0143744667143587,-0.06540949712037292,0.5302162692467657,0.5344289660757742,0.02710393368984851,0.7569378415302745,0.003808364318240956,-1.5637272440147338,1.4619021388689701,0.23526622749975434,-0.33538020023245824,1.6360052662734492,0.4413327701512033,0.3730776857344315,-0.14971907709244642,0.6942741548824207,0.12243639162146251,0.6932365583432558,0.0,0.0,0.0,0.0,0.0,0.0,False
1782598909.321102,TARGET_REACHED,Target reached,Walk,4,71.35929107666016,0.014302275983601703,-0.06539257363530279,0.5301786371444283,0.5343876224888474,0.02696979307114056,0.7568656507995175,0.003825287803311081,-1.5637648761170713,1.4618391870615142,0.2352463545411701,-0.33547627193815643,1.6359703934092622,0.441276718854267,0.3729816140287333,-0.1497190670530226,0.6943351434142622,0.12243638341148118,0.6931754767717805,0.0,0.0,0.0,0.0,0.0,0.0,False
1782598909.3711078,TARGET_REACHED,Target reached,Walk,4,71.44599914550781,0.014105786498930113,-0.0653642987954171,0.5301611682239852,0.5343616088964389,0.026600324975076594,0.756669161314846,0.0038535626431967784,-1.5637823450375143,1.4617727639992546,0.23523199061200625,-0.33552716613334277,1.6359293000671373,0.441222592309079,0.372930719833547,-0.1497201856245839,0.6943403308867779,0.12237626260794565,0.6931806555802688,0.0,0.0,0.0,0.0,0.0,0.0,False
1782598909.4211009,TARGET_REACHED,Target reached,Walk,4,71.46063995361328,0.014035096106398224,-0.06536315665797289,0.5301334024886671,0.5343320602445839,0.026468466841473456,0.756598470922314,0.003854704780640983,-1.5638101107728324,1.4617166601374545,0.23524463066425244,-0.33552399474780703,1.635878472271315,0.44119568600124004,0.37293389121908277,-0.1497201856245839,0.6943403308867779,0.12237626260794565,0.6931806555802688,0.0,0.0,0.0,0.0,0.0,0.0,False
1782598909.4710784,TARGET_REACHED,Target reached,Walk,4,71.41168212890625,0.014009394243698252,-0.06533877608752675,0.5302962306719512,0.5344899541175405,0.02641191032912959,0.7565727690596141,0.003879085351087122,-1.5636472825895482,1.4616616733653787,0.2352754160335274,-0.3355070866876943,1.6358166862598693,0.4411832854829306,0.37295079927919544,-0.1497201856245839,0.6943403308867779,0.12237626260794565,0.6931806555802688,0.0,0.0,0.0,0.0,0.0,0.0,False
1782598909.5211377,TARGET_REACHED,Target reached,Walk,4,71.38533782958984,0.014033950054276812,-0.0653610578390579,0.5305009688502667,0.5346964536884813,0.02644797747253786,0.7565973248701926,0.0038568035995559663,-1.5634425444112328,1.4616148510956204,0.23530543393992087,-0.33551164417407137,1.6357615994554233,0.4411756145230513,0.37294624179281843,-0.14977985216815262,0.6943339846230254,0.12237514409011656,0.693174319915937,0.0,0.0,0.0,0.0,0.0,0.0,False
1782598909.5710952,TARGET_REACHED,Target reached,Walk,4,71.3670425415039,0.014040599753647631,-0.06530006524666646,0.5306461633423325,0.5348332334780613,0.02645326675694466,0.7566039745695634,0.0039177961919474175,-1.563297349919167,1.4615741569079739,0.2353199588714603,-0.3355117293386701,1.6357212468227462,0.4411601660415573,0.37294615662821967,-0.14978095947247524,0.694400153185962,0.12231501335894067,0.6931184090339971,0.0,0.0,0.0,0.0,0.0,0.0,False
1782598909.621101,TARGET_REACHED,Target reached,Walk,4,71.30136108398438,0.014018265104561388,-0.0652760890382689,0.5307020438512746,0.5348851642218113,0.026408426936788125,0.7565816399204772,0.0039417724003449756,-1.5632414694102248,1.4615402660832761,0.23532136802330272,-0.3355162608924425,1.6356945943931063,0.4411391845806476,0.3729416250744472,-0.14984062480052351,0.6943938038108172,0.12231389494918497,0.6931120713787149,0.0,0.0,0.0,0.0,0.0,0.0,False
1782598909.6710958,TARGET_REACHED,Target reached,Walk,4,71.27803039550781,0.013974179709635114,-0.06522247641781469,0.5307581017568339,0.5349330908713231,0.026322635551731824,0.7565375545255509,0.003995385020799186,-1.5631854115046655,1.4615064785173284,0.23531297010805888,-0.3355292686764507,1.6356744014754199,0.4411108231514095,0.372928617290439,-0.14984174315618798,0.6943989865124035,0.12225377252213626,0.6931172445139189,0.0,0.0,0.0,0.0,0.0,0.0,False
1782598909.7211127,TARGET_REACHED,Target reached,Walk,4,71.27033233642578,0.013936520200357206,-0.06520555664819541,0.53068419840429,0.5348567188033632,0.026255384534205884,0.756499895016273,0.004012304790418461,-1.5632593148572094,1.4614757780209564,0.2353031486637011,-0.33554170761517504,1.6356574790124103,0.4410833893858561,0.3729161783517147,-0.14990140727209017,0.6943926345824796,0.12225265422068265,0.6931109043085733,0.0,0.0,0.0,0.0,0.0,0.0,False
1782598909.7710693,TARGET_REACHED,Target reached,Walk,4,71.37846374511719,0.013900153540578388,-0.06519176828399613,0.5307570927233467,0.5349264177404077,0.026183308893245032,0.7564635283564942,0.004026093154617744,-1.5631864205381527,1.461444394586569,0.23528603457985567,-0.3355904535189964,1.6356447830038205,0.44104997347369257,0.37286743244789333,-0.14990140727209017,0.6943926345824796,0.12225265422068265,0.6931109043085733,0.0,0.0,0.0,0.0,0.0,0.0,False
1782598909.821031,TARGET_REACHED,Target reached,Walk,4,71.47128295898438,0.013859892652772052,-0.06516740023988468,0.5307165426964668,0.5348821696131424,0.0261094990221707,0.7564232674686879,0.004050461198729191,-1.5632269705650326,1.4614215396099062,0.23527417478367738,-0.33563674750047584,1.6356351444442725,0.44102609664615033,0.3728211384664139,-0.14990140727209017,0.6943926345824796,0.12225265422068265,0.6931109043085733,0.0,0.0,0.0,0.0,0.0,0.0,False
1782598909.8711479,TARGET_REACHED,Target reached,Walk,4,71.503173828125,0.01380154193394115,-0.065150642231018,0.5308772636452954,0.5350380900444238,0.02599175885391661,0.756364916749857,0.004067219207595868,-1.563066249616204,1.4614001216136585,0.23525605209707512,-0.33564325511766235,1.6356306721133498,0.4409983989821863,0.3728146308492274,-0.1498406359644194,0.6943328206644542,0.12231390406219816,0.6931731579013896,0.0,0.0,0.0,0.0,0.0,0.0,False
1782598909.921108,TARGET_REACHED,Target reached,Walk,4,71.5113296508789,0.013764915545435321,-0.06513460757003467,0.5308870238878274,0.5350448786183735,0.025922336760775162,0.7563282903613512,0.004083253868579204,-1.563056489373672,1.4613650991149534,0.23523968062827094,-0.33564506896813023,1.635614729529892,0.4409631791803832,0.3728128169987595,-0.1498406359644194,0.6943328206644542,0.12231390406219816,0.6931731579013896,0.0,0.0,0.0,0.0,0.0,0.0,False
1782598909.971099,TARGET_REACHED,Target reached,Walk,4,71.5167007446289,0.013724328833387547,-0.06509733557013296,0.5310355634354575,0.5351866869919985,0.025838710894794777,0.7562877036493034,0.004120525868480912,-1.5629079498260419,1.461321503486296,0.2352170104253725,-0.3356519526987802,1.635596375157999,0.440917598110081,0.37280593326810957,-0.1498406359644194,0.6943328206644542,0.12231390406219816,0.6931731579013896,0.0,0.0,0.0,0.0,0.0,0.0,False
1782598910.0211132,TARGET_REACHED,Target reached,Walk,4,71.6250228881836,0.013705971319254339,-0.06506697342840669,0.5310371028382911,0.5351840517726804,0.025804089894687354,0.7562693461351702,0.004150888010207188,-1.5629064104232082,1.4612871583507345,0.23520557909025008,-0.3356629908986883,1.6355777325764504,0.44088657041418466,0.37279489506820146,-0.14984698611365416,0.6943012085714119,0.1223190876463393,0.6932025341314747,0.0,0.0,0.0,0.0,0.0,0.0,False
1782598910.0710912,TARGET_REACHED,Target reached,Walk,4,71.40221405029297,0.01364798604215761,-0.06502184354509648,0.5309386328837539,0.5350793768680302,0.025699733153776733,0.7562113608580734,0.004196017893517395,-1.5630048803777457,1.4612539660321242,0.23519947790085186,-0.33568039581832276,1.6355564972737446,0.4408603403465945,0.372777490148567,-0.1498406460119278,0.6942718323363254,0.12231391226391175,0.6932342392682184,0.0,0.0,0.0,0.0,0.0,0.0,False
1782598910.1210966,TARGET_REACHED,Target reached,Walk,4,71.51681518554688,0.01363003681049428,-0.06500430100351597,0.5309915334126474,0.5351292793412875,0.025663392973256618,0.7561934116264101,0.004213560435097907,-1.562951979848852,1.4612167629973603,0.23520374890153006,-0.3357138270660262,1.6355254675631878,0.44083937694264397,0.37274405890086354,-0.1498406460119278,0.6942718323363254,0.12231391226391175,0.6932342392682184,0.0,0.0,0.0,0.0,0.0,0.0,False
1782598910.1711037,TARGET_REACHED,Target reached,Walk,4,71.54581451416016,0.013627711476336657,-0.06495388180420879,0.5311329791619803,0.5352634518020056,0.02565218638435102,0.7561910862922525,0.004263979634405085,-1.562810534099519,1.461181320473025,0.23521261800450086,-0.3357236272875318,1.6354927829072985,0.44082305068195304,0.37273425867935794,-0.14984698611365416,0.6943012085714119,0.1223190876463393,0.6932025341314747,0.0,0.0,0.0,0.0,0.0,0.0,False
1782598910.221144,TARGET_REACHED,Target reached,Walk,4,71.50199890136719,0.013605533735403507,-0.0649252517104638,0.531049603565859,0.5351766813916207,0.025614477399272112,0.7561689085513194,0.004292609728150071,-1.5628939096956405,1.4611544268278225,0.23521591437009232,-0.33574338731211156,1.6354702159579602,0.4408080551167429,0.3727144986547782,-0.14990141844047702,0.6943316515386265,0.1222526633291024,0.6931719907282157,0.0,0.0,0.0,0.0,0.0,0.0,False
1782598910.2711017,TARGET_REACHED,Target reached,Walk,4,71.37712097167969,0.013588025775132219,-0.06487819746211249,0.5311299312912008,0.5352502394803706,0.025577663154933084,0.756151400591048,0.004339663976501387,-1.5628135819702986,1.461133989517449,0.23521766352774096,-0.33575890742170056,1.6354535584426717,0.44079608555567384,0.3726989785451892,-0.14990141844047702,0.6943316515386265,0.1222526633291024,0.6931719907282157,0.0,0.0,0.0,0.0,0.0,0.0,False
1782598910.3211157,TARGET_REACHED,Target reached,Walk,4,71.48492431640625,0.013558947408176723,-0.06485074778301819,0.5310533323373516,0.5351701657692065,0.02552663058737842,0.7561223222240926,0.004367113655595681,-1.5628901809241478,1.4611136543584908,0.23521981937098713,-0.3358052548306317,1.6354367138822317,0.4407844912840907,0.372652631136258,-0.14990141844047702,0.6943316515386265,0.1222526633291024,0.6931719907282157,0.0,0.0,0.0,0.0,0.0,0.0,False
1782598910.3710763,TARGET_REACHED,Target reached,Walk,4,71.47064971923828,0.013527616167808936,-0.06484064080838274,0.5311103802638992,0.5352247575773087,0.025464936275411656,0.7560909909837248,0.004377220630231132,-1.5628331329976002,1.461087755565729,0.23522484589640283,-0.335797788934151,1.6354137766383126,0.44077145685791685,0.3726600970327387,-0.14996219959497978,0.6943304772456207,0.12219142189220575,0.6931708183964939,0.0,0.0,0.0,0.0,0.0,0.0,False
1782598910.4211051,TARGET_REACHED,Target reached,Walk,4,71.47059631347656,0.01350266940134762,-0.06480047677021149,0.53109485780259,0.5352038600897439,0.025418738286920723,0.7560660442172634,0.004417384668402385,-1.5628486554589094,1.4610707151961027,0.23523287501153273,-0.3357870459695123,1.635395612505714,0.44076646634955496,0.37267083999737743,-0.14996219959497978,0.6943304772456207,0.12219142189220575,0.6931708183964939,0.0,0.0,0.0,0.0,0.0,0.0,False
1782598910.4710588,TARGET_REACHED,Target reached,Walk,4,71.25375366210938,0.013501524831390206,-0.06473121802476442,0.5310793165926438,0.5351800279086019,0.02541732802146994,0.756064899647306,0.004486643413849453,-1.5628641966688557,1.4610676915753165,0.2352391555366176,-0.33575519833417955,1.635389229961827,0.44076926820813944,0.3727026876327102,-0.14996219959497978,0.6943304772456207,0.12219142189220575,0.6931708183964939,0.0,0.0,0.0,0.0,0.0,0.0,False
1782598910.5210192,TARGET_REACHED,Target reached,Walk,4,71.3070068359375,0.013508808354758248,-0.06473360343927317,0.5311175329221873,0.5352184237250708,0.025429204636255445,0.756072183170674,0.004484257999340699,-1.562825980339312,1.461076163701403,0.23524270260298022,-0.3357898035073798,1.635393355461144,0.4407774742337054,0.37266808245950994,-0.15002932661904442,0.6943586735631608,0.12213534685301379,0.6931379304661792,0.0,0.0,0.0,0.0,0.0,0.0,False
1782598910.5710435,TARGET_REACHED,Target reached,Walk,4,71.43904113769531,0.013488795561515108,-0.0647346626167968,0.5311706502822283,0.5352707575340317,0.025389010347146197,0.7560521703774309,0.0044831988218170665,-1.562772862979271,1.4610790861322511,0.23523568145221413,-0.3358465390269745,1.6354001430629246,0.4407740441284289,0.37261134693991527,-0.15002932661904442,0.6943586735631608,0.12213534685301379,0.6931379304661792,0.0,0.0,0.0,0.0,0.0,0.0,False
1782598910.6210198,TARGET_REACHED,Target reached,Walk,4,71.40958404541016,0.013451075907107644,-0.064730605652795,0.5311517992586011,0.53525061102897,0.025318941849779033,0.7560144507230234,0.004487255785818878,-1.5627917140028984,1.4610684481821108,0.23523120912428042,-0.3358632273370301,1.6353949749440253,0.4407637262678281,0.3725946586298596,-0.15002932661904442,0.6943586735631608,0.12213534685301379,0.6931379304661792,0.0,0.0,0.0,0.0,0.0,0.0,False
1782598910.6710243,TARGET_REACHED,Target reached,Walk,4,71.30326080322266,0.013408235454765764,-0.06467650391147936,0.5311962914388253,0.535287148150022,0.025236224591397884,0.7559716102706816,0.0045413575271345125,-1.5627472218226741,1.4610625015216963,0.23522912374970897,-0.33584666901312193,1.6353918161283978,0.4407582734299411,0.3726112169537678,-0.15002296824921404,0.6943902806229895,0.12213017065365227,0.6931085546940906,0.0,0.0,0.0,0.0,0.0,0.0,False
1782598910.7211413,TARGET_REACHED,Target reached,Walk,4,71.55583953857422,0.013389139978663485,-0.06465776423900169,0.5311579295784989,0.5352463373997736,0.025202118660851466,0.7559525147945794,0.004560097199612187,-1.5627855836830005,1.4610506772973242,0.23522921627648466,-0.33585633401200843,1.6353827770085565,0.44075065010024195,0.37260155195488137,-0.15002296824921404,0.6943902806229895,0.12213017065365227,0.6931085546940906,0.0,0.0,0.0,0.0,0.0,0.0,False
1782598910.7710948,TARGET_REACHED,Target reached,Walk,4,71.58049011230469,0.013385977464284163,-0.06464843529036171,0.5312369074296278,0.5353235062964837,0.02519242416521022,0.7559493522802,0.004569426148252162,-1.5627066058318717,1.4610425719891929,0.2352349679062519,-0.3358626907811843,1.6353728797360703,0.44074974386505683,0.37259519518570544,-0.15002296824921404,0.6943902806229895,0.12213017065365227,0.6931085546940906,0.0,0.0,0.0,0.0,0.0,0.0,False
1782598910.821223,TARGET_REACHED,Target reached,Walk,4,71.23884582519531,0.013377081441530679,-0.06461799270466986,0.5312759987128297,0.5353584015380619,0.025173837272096808,0.7559404562574465,0.00459986873394401,-1.5626675145486697,1.46102319129444,0.23523155448118782,-0.3359041377199335,1.6353603836831636,0.4407345415145304,0.37255374824695625,-0.15002296824921404,0.6943902806229895,0.12213017065365227,0.6931085546940906,0.0,0.0,0.0,0.0,0.0,0.0,False
1782598910.8710887,TARGET_REACHED,Target reached,Walk,4,71.60337829589844,0.01333424608600442,-0.06458122761897452,0.5311815161240362,0.5352591336458311,0.02509772240899527,0.7558976209019203,0.0046366338196393575,-1.5627619971374633,1.46100117595469,0.235225620181536,-0.33591963846035167,1.6353475272110836,0.44071571062973125,0.3725382475065381,-0.15002296824921404,0.6943902806229895,0.12213017065365227,0.6931085546940906,0.0,0.0,0.0,0.0,0.0,0.0,False
1782598910.9211178,TARGET_REACHED,Target reached,Walk,4,71.57408905029297,0.013307697062011986,-0.06457307022241425,0.5312432612821003,0.5353187637816229,0.025044862719584983,0.7558710718779278,0.004644791216199623,-1.562700251979399,1.4609761560687673,0.23521582071431746,-0.3359341956550967,1.6353349041117844,0.4406919897188416,0.37252369031179305,-0.15008262829935298,0.6943839211719149,0.12212905214599645,0.6931022069814772,0.0,0.0,0.0,0.0,0.0,0.0,False
1782598910.9710143,TARGET_REACHED,Target reached,Walk,4,71.2685317993164,0.013282451978828078,-0.06457852851923747,0.5314378329185563,0.5355118860804596,0.02498822340091089,0.7558458267947439,0.004639332919376404,-1.5625056803429431,1.4609651761139453,0.23520245756230768,-0.33596179791015135,1.6353352612209506,0.44067469793719327,0.3724960880567384,-0.15008374675208005,0.6943890958919946,0.12206892781787722,0.6931073721499069,0.0,0.0,0.0,0.0,0.0,0.0,False
1782598911.021104,TARGET_REACHED,Target reached,Walk,4,71.47879791259766,0.013261644842081158,-0.0645478569556954,0.531452754830126,0.5355224810201906,0.024948395053106642,0.755825019657997,0.0046700044829184745,-1.5624907584313734,1.4609607431703526,0.23519427492041073,-0.3360132016796895,1.635337219140073,0.4406655999610436,0.3724446842872003,-0.15008374675208005,0.6943890958919946,0.12206892781787722,0.6931073721499069,0.0,0.0,0.0,0.0,0.0,0.0,False
1782598911.071112,TARGET_REACHED,Target reached,Walk,4,71.63172149658203,0.01319408500904656,-0.06444474103176104,0.5314017987836506,0.5354578230602072,0.02482372996396943,0.7557574598249623,0.004773120406852835,-1.5625417144778488,1.460951829461102,0.23518258206214004,-0.33603767899128817,1.6353380584870403,0.4406509209745727,0.3724202069756015,-0.15008374675208005,0.6943890958919946,0.12206892781787722,0.6931073721499069,0.0,0.0,0.0,0.0,0.0,0.0,False
1782598911.1211543,TARGET_REACHED,Target reached,Walk,4,71.65432739257812,0.013137968011362574,-0.06438736135624472,0.5311428283538381,0.5351925285517372,0.024730239916507028,0.7557013428272784,0.004830500082369155,-1.5628006849076614,1.4609347486951523,0.2351662647743714,-0.33605470828699113,1.6353357049949502,0.4406274163469318,0.3724031776798986,-0.15002931488131843,0.6944196563892433,0.12213533729760709,0.6930768390876204,0.0,0.0,0.0,0.0,0.0,0.0,False
1782598911.1711473,TARGET_REACHED,Target reached,Walk,4,71.68281555175781,0.013113794442132646,-0.06441861556890989,0.5314930125743952,0.5355432307964425,0.024668497905537483,0.7556771692580485,0.004799245869703983,-1.5624505006871043,1.460921677260099,0.23514871104857618,-0.3360777888424552,1.6353372005582443,0.44060558153541274,0.3723800971244345,-0.15002295595411214,0.6944512582774158,0.12213016064449894,0.693047463327479,0.0,0.0,0.0,0.0,0.0,0.0,False
1782598911.2211106,TARGET_REACHED,Target reached,Walk,4,71.61864471435547,0.013093063413331505,-0.06438349408913231,0.5314037870747235,0.5354499486768385,0.024633650081792458,0.7556564382292473,0.004834367349481561,-1.562539726186776,1.4609139010207586,0.23513846037873587,-0.3360991010569899,1.6353379652819928,0.44059273780822616,0.3723587849098998,-0.15002294254127715,0.6945122307474341,0.12213014972542538,0.692986366807836,0.0,0.0,0.0,0.0,0.0,0.0,False
1782598911.2710855,TARGET_REACHED,Target reached,Walk,4,71.69316101074219,0.013032075216456522,-0.06430895006834711,0.5312316952564347,0.5352687083030037,0.02452689099663897,0.7555954500323724,0.004908911370266764,-1.5627118180050648,1.460892460090093,0.23512735201652613,-0.33610218535190484,1.6353289115704779,0.44057035166236325,0.3723557006149849,-0.14996216272449328,0.6945134105177082,0.12219139184958712,0.69298754398612,0.0,0.0,0.0,0.0,0.0,0.0,False
1782598911.3211477,TARGET_REACHED,Target reached,Walk,4,71.43862915039062,0.013016358526664981,-0.06428703365081546,0.5312418469169514,0.5352757683667825,0.024496855453137553,0.7555797333425808,0.004930827787798409,-1.562701666344548,1.4608768070691787,0.2351184597505869,-0.3361118047243966,1.6353228110688658,0.4405534143267592,0.3723460812424932,-0.1499685056862078,0.6945427864075533,0.12219656018876189,0.6929558180934134,0.0,0.0,0.0,0.0,0.0,0.0,False
1782598911.371109,TARGET_REACHED,Target reached,Walk,4,71.70532989501953,0.013001246225642854,-0.06429611865401665,0.5314421232967291,0.5354752596446702,0.024459208020677994,0.7555646210415586,0.004921742784597227,-1.5625013899647704,1.460869710912342,0.23511558299018803,-0.33610609140791214,1.6353192942904213,0.44054661260185934,0.3723517945589776,-0.14996214819976367,0.6945743779052953,0.12219138001462224,0.6929264422107924,0.0,0.0,0.0,0.0,0.0,0.0,False
1782598911.4211147,TARGET_REACHED,Target reached,Walk,4,71.47241973876953,0.013004719931903004,-0.06431581210466494,0.5315747225104093,0.5356093091416619,0.02445964003923194,0.7555680947478188,0.00490204933394893,-1.5623687907510901,1.4608691201218542,0.23511302364821074,-0.3361180594863547,1.635320510934557,0.4405442847183133,0.37233982648053504,-0.1499685056862078,0.6945427864075533,0.12219656018876189,0.6929558180934134,0.0,0.0,0.0,0.0,0.0,0.0,False
1782598911.4710898,TARGET_REACHED,Target reached,Walk,4,71.61254119873047,0.01297747381295301,-0.06424920886590592,0.5315129843971331,0.5355393806707475,0.024411249194718154,0.7555408486288688,0.0049686525727079545,-1.5624305288643663,1.4608564309971095,0.2351040600847111,-0.3361218090186501,1.6353167075061665,0.4405292217408562,0.37233607694823967,-0.15002294254127715,0.6945122307474341,0.12213014972542538,0.692986366807836,0.0,0.0,0.0,0.0,0.0,0.0,False
1782598911.5211098,TARGET_REACHED,Target reached,Walk,4,71.67984771728516,0.012969407937145445,-0.06423295274538803,0.5315745731566778,0.5355983612627427,0.024393257484313383,0.7555327827530612,0.004984908693225848,-1.5623689401048217,1.460840649101694,0.23509608045813285,-0.33613504251810133,1.6353099153204824,0.44051289357877765,0.3723228434487884,-0.15002294254127715,0.6945122307474341,0.12213014972542538,0.692986366807836,0.0,0.0,0.0,0.0,0.0,0.0,False
1782598911.570994,TARGET_REACHED,Target reached,Walk,4,71.43582153320312,0.01293606772967926,-0.0641856212240332,0.5315369225218406,0.5355545124674155,0.024332297723335023,0.7554994425455951,0.005032240214580666,-1.5624065907396587,1.4608194828029477,0.2350856407180648,-0.3361409575400421,1.6353006351071242,0.44049119385492375,0.37231692842684766,-0.15002294254127715,0.6945122307474341,0.12213014972542538,0.692986366807836,0.0,0.0,0.0,0.0,0.0,0.0,False
1782598911.621143,TARGET_REACHED,Target reached,Walk,4,71.45611572265625,0.012929838578433935,-0.06417326653333123,0.5314940119641636,0.5355102927273993,0.024322548291252907,0.7554932133943497,0.00504459490528264,-1.5624495012973358,1.4608103455995012,0.2350766848091311,-0.3361232023924536,1.63529952390708,0.4404784477956851,0.37233468357443616,-0.15002930202571696,0.6944806340311666,0.1221353268321642,0.6930157425549187,0.0,0.0,0.0,0.0,0.0,0.0,False
1782598911.6710207,TARGET_REACHED,Target reached,Walk,4,71.64785766601562,0.012932288233721796,-0.0641133662644223,0.5315253517570425,0.5355342821642363,0.02432572075183975,0.7554956630496377,0.005104495174191578,-1.562418161504457,1.4608213176170108,0.2350596535354949,-0.33612458077081403,1.6353189373144428,0.44047265391404355,0.3723333051960757,-0.15002930202571696,0.6944806340311666,0.1221353268321642,0.6930157425549187,0.0,0.0,0.0,0.0,0.0,0.0,False
1782598911.721098,TARGET_REACHED,Target reached,Walk,4,71.44630432128906,0.012928395840426134,-0.06409972177451781,0.531524272828147,0.5355314840007707,0.024318451364583476,0.755491770656342,0.005118139664096064,-1.5624192404333526,1.4608385669115191,0.2350525580777487,-0.3361670203271835,1.635336652600734,0.44047848935004086,0.37229086563970626,-0.15002294254127715,0.6945122307474341,0.12213014972542538,0.692986366807836,0.0,0.0,0.0,0.0,0.0,0.0,False
1782598911.7710826,TARGET_REACHED,Target reached,Walk,4,71.40609741210938,0.012885794134483534,-0.0640905175856777,0.5316247613557835,0.5356290927698664,0.024233768756225977,0.7554491689503994,0.0051273438529361726,-1.5623187519057158,1.4608386167445726,0.23505750136227188,-0.3361599134001684,1.6353334740273813,0.4404822755376553,0.37229797256672137,-0.15002292801071002,0.6945731980316843,0.12213013789643236,0.69292526513653,0.0,0.0,0.0,0.0,0.0,0.0,False
1782598911.8210044,TARGET_REACHED,Target reached,Walk,4,71.53910064697266,0.012871574149417342,-0.06405649656831121,0.5315549464176043,0.535555387644184,0.024210214416010185,0.7554349489653331,0.005161364870302665,-1.5623885668438953,1.4608312687835168,0.23505726239384742,-0.33616131289834106,1.6353280497223293,0.440477313022941,0.3722965730685487,-0.15002292801071002,0.6945731980316843,0.12213013789643236,0.69292526513653,0.0,0.0,0.0,0.0,0.0,0.0,False
1782598911.8710275,TARGET_REACHED,Target reached,Walk,4,71.40015411376953,0.01286094434093593,-0.06402432116826427,0.5315960013211508,0.5355920333715156,0.02418836108191835,0.7554243191568517,0.0051935402703496,-1.5623475119403487,1.460825663695272,0.23505282448964585,-0.3361818852929376,1.6353266809902545,0.44047029600217424,0.3722760006739521,-0.15008369084282716,0.694632974982601,0.12206888234471505,0.6928629761886026,0.0,0.0,0.0,0.0,0.0,0.0,False
1782598911.921009,TARGET_REACHED,Target reached,Walk,4,71.40419006347656,0.012854560764046561,-0.06401883930779366,0.5316719962535941,0.5356666529839573,0.02417290545923061,0.7554179355799624,0.005199022130820213,-1.5622715170079053,1.4608129230584068,0.23505365050360194,-0.33621761615758883,1.6353164687244153,0.4404626333816555,0.37224026980930086,-0.1500900377807146,0.6946623505418109,0.12207404455527825,0.6928312398734817,0.0,0.0,0.0,0.0,0.0,0.0,False
1782598911.9711106,TARGET_REACHED,Target reached,Walk,4,71.29029083251953,0.012814635055627821,-0.06399271383162936,0.5316908389626802,0.5356812770033917,0.02409700089244225,0.7553780098715437,0.005225147606984518,-1.5622526742988192,1.4607996085087316,0.23505009497522616,-0.33623896781883905,1.635308671558339,0.44045127014196506,0.37221891814805064,-0.15008367407006346,0.6946939317874999,0.1220688687027763,0.6928018643226069,0.0,0.0,0.0,0.0,0.0,0.0,False
1782598912.0211742,TARGET_REACHED,Target reached,Walk,4,71.5580062866211,0.012794103384035062,-0.06398166366176583,0.5315993960808495,0.5355887043990496,0.024062544267960843,0.7553574781999509,0.005236197776848042,-1.56234411718065,1.4607846720510873,0.23505090451432137,-0.33625578130582034,1.6352968025800627,0.44044216627052557,0.3722021046610694,-0.1501433328772685,0.694687566995557,0.12206775030672236,0.6927955168658028,0.0,0.0,0.0,0.0,0.0,0.0,False
1782598912.071091,TARGET_REACHED,Target reached,Walk,4,71.39656829833984,0.012735571161756207,-0.0639716005331919,0.5315222007176335,0.5355094866604239,0.023955979230095275,0.755298945977672,0.005246260905421976,-1.562421312543866,1.4607611988269358,0.23505025449022873,-0.33624674273890964,1.6352794007545652,0.4404263994936596,0.3722111432279801,-0.1501444512181545,0.6946927413679003,0.12200762519719141,0.6928006771452325,0.0,0.0,0.0,0.0,0.0,0.0,False
1782598912.1211512,TARGET_REACHED,Target reached,Walk,4,71.4780502319336,0.01274094351738587,-0.06395108353750824,0.5316189221155863,0.535603165672751,0.023961722259778787,0.7553043183333017,0.005266777901105635,-1.5623245911459132,1.4607351823773251,0.23505313221197868,-0.336253314086378,1.6352577723141632,0.44041165678364447,0.37220457188051176,-0.1502041088091197,0.694686374020886,0.12200650691159295,0.692794327140316,0.0,0.0,0.0,0.0,0.0,0.0,False
1782598912.1709774,TARGET_REACHED,Target reached,Walk,4,71.256103515625,0.012732617411230671,-0.06390396704595924,0.5315641865013959,0.5355430150055573,0.023948534254824863,0.7552959922271465,0.005313894392654631,-1.5623793267601034,1.4607187545828695,0.23505478039341773,-0.33626017009752285,1.6352442251911796,0.4404022193903816,0.3721977158693669,-0.1502052270393109,0.6946915457787228,0.12194638099331297,0.6927994848123601,0.0,0.0,0.0,0.0,0.0,0.0,False
1782598912.2210321,TARGET_REACHED,Target reached,Walk,4,71.46859741210938,0.012731362935161106,-0.06389717958689602,0.5316589226460631,0.5356362078785557,0.023941910305606807,0.7552947377510769,0.005320681851717857,-1.5622845906154363,1.4607072921929563,0.23506268048155,-0.33627703153882366,1.6352303807408646,0.4404007602911737,0.3721808544280661,-0.15027125464667443,0.6946535942866782,0.12195043329977885,0.6928225066995944,0.0,0.0,0.0,0.0,0.0,0.0,False
1782598912.2709615,TARGET_REACHED,Target reached,Walk,4,71.21510314941406,0.012728160658374139,-0.06386300673670627,0.5316385744915879,0.5356118590832784,0.02393680636005864,0.75529153547429,0.005354854701907608,-1.5623049387699115,1.4607017296783105,0.235063545695393,-0.3362848628821267,1.6352255937923088,0.44039779797996415,0.372173023084763,-0.15027125464667443,0.6946535942866782,0.12195043329977885,0.6928225066995944,0.0,0.0,0.0,0.0,0.0,0.0,False
1782598912.3209944,TARGET_REACHED,Target reached,Walk,4,71.29996490478516,0.012728823524398357,-0.06384544551918005,0.5316507487548846,0.535621865230955,0.023937504533825555,0.7552921983403141,0.005372415919433826,-1.5622927645066147,1.460697803661668,0.23507054220604978,-0.336297258469469,1.6352180601338415,0.4404005563777138,0.37216062749742074,-0.15032455494463628,0.6946178480815695,0.12194415784790229,0.6928478878325258,0.0,0.0,0.0,0.0,0.0,0.0,False
1782598912.3710337,TARGET_REACHED,Target reached,Walk,4,71.5572738647461,0.012712098869974865,-0.06382958148274165,0.5317747579693819,0.5357426678390818,0.023900491818581473,0.7552754736858907,0.005388279955872224,-1.5621687552921175,1.4606947064776803,0.23508081447708915,-0.3362827257210492,1.6352090244450899,0.4404063415682674,0.3721751602458405,-0.15032567348739806,0.6946230166301572,0.12188403165015588,0.6928530432111014,0.0,0.0,0.0,0.0,0.0,0.0,False
1782598912.4210644,TARGET_REACHED,Target reached,Walk,4,71.37506103515625,0.012703302899983436,-0.06382535197301469,0.5317917026967628,0.5357587745582615,0.023883199741144934,0.7552666777158993,0.005392509465599188,-1.5621518105647367,1.4606940209563923,0.2350857702953162,-0.33630701610499464,1.6352052793132987,0.44040965880531135,0.3721508698618951,-0.15033092803266399,0.6945862610685003,0.12194932773417079,0.692877261480634,0.0,0.0,0.0,0.0,0.0,0.0,False
1782598912.4710236,TARGET_REACHED,Target reached,Walk,4,71.40967559814453,0.012706329316616152,-0.06378523495665257,0.5317342645560763,0.5356970553458074,0.023891466981161475,0.755269704132532,0.0054326264819613,-1.562209248705423,1.4606911706286911,0.23509078013978627,-0.33630343705068233,1.6351998551478353,0.4404116085075046,0.3721544489162074,-0.15033204671769643,0.6945914298202945,0.12188919906424676,0.6928824175149371,0.0,0.0,0.0,0.0,0.0,0.0,False
1782598912.5213304,TARGET_REACHED,Target reached,Walk,4,71.48419189453125,0.012706379952386668,-0.0637870498761498,0.5317681635467894,0.5357309208784964,0.023890039702013227,0.7552697547683025,0.005430811562464069,-1.56217534971471,1.4606860027232982,0.235092337864056,-0.336320357009298,1.6351949172609297,0.4404094288231334,0.3721375289575917,-0.15039058354161067,0.6945798866491596,0.12194820856986123,0.6928709027452776,0.0,0.0,0.0,0.0,0.0,0.0,False
1782598912.571116,TARGET_REACHED,Target reached,Walk,4,71.74442291259766,0.012691929940333068,-0.06374497526115404,0.5317410031052928,0.5356986105452193,0.023864100085156763,0.7552553047562489,0.005472886177459835,-1.5622025101562067,1.4606810929016307,0.23509494137185777,-0.33631449853640877,1.6351894949008858,0.4404082111970681,0.372143387430481,-0.15039170265002727,0.6945850552586487,0.12188808043510733,0.6928760586376257,0.0,0.0,0.0,0.0,0.0,0.0,False
1782598912.6211333,TARGET_REACHED,Target reached,Walk,4,71.66341400146484,0.012682047277513755,-0.06372881732516031,0.5317534491656863,0.5357088081975291,0.023844967267688224,0.7552454220934296,0.0054890441134535645,-1.562190064095813,1.4606761964409964,0.2350849942047235,-0.33633156589679014,1.63519224895304,0.44039747170650867,0.3721263200700996,-0.15039170265002727,0.6945850552586487,0.12188808043510733,0.6928760586376257,0.0,0.0,0.0,0.0,0.0,0.0,False
1782598912.6709914,TARGET_REACHED,Target reached,Walk,4,71.42753601074219,0.012647794160571482,-0.0637018808050961,0.5317154239271413,0.5356670499081071,0.023782288386705305,0.7552111689764873,0.00551598063351777,-1.562228089334358,1.460669281131211,0.2350680537455847,-0.3363380646116032,1.6351980202393979,0.44038010815505635,0.37211982135528654,-0.15039170265002727,0.6945850552586487,0.12188808043510733,0.6928760586376257,0.0,0.0,0.0,0.0,0.0,0.0,False
1782598912.7211552,TARGET_REACHED,Target reached,Walk,4,71.62393188476562,0.012637001184422157,-0.06369444723950439,0.5317727712304768,0.535722835643789,0.023759439876992586,0.755200376000338,0.005523414199109483,-1.5621707420310225,1.4606567012982123,0.23505293947514994,-0.33634408037160457,1.6351983018440626,0.4403604456509468,0.3721138055952852,-0.15032567348739806,0.6946230166301572,0.12188403165015588,0.6928530432111014,0.0,0.0,0.0,0.0,0.0,0.0,False
1782598912.771044,TARGET_REACHED,Target reached,Walk,4,71.6081314086914,0.012588489981315515,-0.06365136158860425,0.5317019939201337,0.535646316379324,0.023671415146949037,0.7551518647972314,0.005566499850009621,-1.5622415193413657,1.460645682707934,0.2350455793586146,-0.33633348221272863,1.6351947236586017,0.44034768723270823,0.3721244037541611,-0.1503309117916134,0.6946472217216209,0.1219493145593356,0.6928161509324416,0.0,0.0,0.0,0.0,0.0,0.0,False
1782598912.8210216,TARGET_REACHED,Target reached,Walk,4,71.42474365234375,0.012586542309654964,-0.06364441767177023,0.5316903902253217,0.5356339272358001,0.023668270445845182,0.7551499171255708,0.0055734437668436415,-1.5622531230361778,1.4606383597375512,0.2350505688075112,-0.3363430057441259,1.6351859163902247,0.44034671126178027,0.37211488022276384,-0.1503309117916134,0.6946472217216209,0.1219493145593356,0.6928161509324416,0.0,0.0,0.0,0.0,0.0,0.0,False
1782598912.871014,TARGET_REACHED,Target reached,Walk,4,71.49366760253906,0.012590719373944867,-0.06364175064279619,0.5318043590300782,0.5357468384625574,0.023671050203933373,0.7551540941898607,0.005576110795817685,-1.5621391542314211,1.4606325335631967,0.23506051209467754,-0.33633510847399417,1.6351750224562978,0.44035047097864133,0.3721227774928956,-0.15032979257189336,0.6946420500449526,0.12200944188031458,0.6928109928881695,0.0,0.0,0.0,0.0,0.0,0.0,False
1782598912.9211833,TARGET_REACHED,Target reached,Walk,4,71.57852935791016,0.012597195361698529,-0.06363040759119344,0.531850227183477,0.5357911741120026,0.023681179026704285,0.7551605701776144,0.005587453847420432,-1.5620932860780226,1.4606286179660959,0.2350726380319103,-0.33634555088241125,1.6351641591793475,0.44035713126904996,0.3721123350844785,-0.1503286728171597,0.6946368758961001,0.12206956785802656,0.6928058323782298,0.0,0.0,0.0,0.0,0.0,0.0,False
1782598912.9710536,TARGET_REACHED,Target reached,Walk,4,71.22700500488281,0.012595047749289295,-0.06361962887322793,0.5318307769398093,0.5357705364297064,0.023678008890752642,0.7551584225652052,0.005598232565385941,-1.5621127363216902,1.4606192720928424,0.23508028965489056,-0.33633622641271665,1.6351520836074038,0.44035686063398116,0.3721216595541731,-0.1503286728171597,0.6946368758961001,0.12206956785802656,0.6928058323782298,0.0,0.0,0.0,0.0,0.0,0.0,False
1782598913.0210261,TARGET_REACHED,Target reached,Walk,4,71.56996154785156,0.01259154892570284,-0.0636094940499138,0.5318576912850981,0.5357959673390134,0.023670236317160052,0.7551549237416186,0.005608367388700075,-1.5620858219764013,1.4606124408039738,0.23508531382575037,-0.33634694356400957,1.6351436271130233,0.44035623094896026,0.3721109424028802,-0.15032755252744914,0.6946316992752329,0.12212969249184967,0.6928006694027914,0.0,0.0,0.0,0.0,0.0,0.0,False
1782598913.0710523,TARGET_REACHED,Target reached,Walk,4,71.31257629394531,0.012575152264743667,-0.0636180031862108,0.5319103974666276,0.5358489112772256,0.023637083004677872,0.7551385270806595,0.00559985825240307,-1.562033115794872,1.4606089569770655,0.2350871753756449,-0.33633919137201457,1.6351397703701072,0.4403553777479199,0.3721186945948752,-0.15032755252744914,0.6946316992752329,0.12212969249184967,0.6928006694027914,0.0,0.0,0.0,0.0,0.0,0.0,False
