Fx_N,Fy_N,Fz_N,Mx_Nm,My_Nm,Mz_Nm,ux_m,uy_m,uz_m,theta_x_rad,theta_y_rad,theta_z_rad
-0.09800302982330322,-0.09098410606384277,0.10650634765625,-0.005676469799876213,0.001553606241941452,-0.0031036023092269895,0.0,0.0,0.0,0.0,0.0,0.0
-0.09800302982330322,-0.09098410606384277,0.10650634765625,-0.005676469799876213,0.001553606241941452,-0.0031036023092269895,0.00012388844923099404,5.223117644301933e-05,-0.00033263010880690293,-0.008166471053401653,0.00019701437153162382,-0.002360010386175409
-0.10458338260650635,-0.020709753036499023,0.0214691162109375,-0.0005407482880353927,0.0019883327186107635,-0.003154844183921814,-8.020674575877831e-05,9.834360158871803e-05,0.0003374054882984315,0.0029685097192021998,-0.0005569739303605152,-0.0026353437824269627
-0.008048176765441895,-0.0592494010925293,0.0434722900390625,-0.0019524891412258149,0.00045128539204597473,-0.0005778231763839722,-0.00010141350583226124,-0.0003170160095396449,0.00014109380011361692,-0.0002831827781623499,-0.0018044837939786577,-0.0022177430345671103
-0.05982553958892822,-0.0491483211517334,0.1286468505859375,-0.004855487191081047,0.000737261027097702,-0.0016836635732650758,2.9971547082107252e-05,3.214288518670401e-05,-6.047576897300823e-05,-0.0008759580598166738,-0.00020700007348589526,-0.0005501730641366483
-0.03741037845611572,-0.010535955429077148,0.0429534912109375,-0.0013390506714582443,0.0008127503097057343,-0.0014063608694076537,2.7020994195959125e-05,1.0921258325284767e-05,-5.411716180257367e-05,-0.0008042287404493363,-0.00019055064105101733,-0.00028283151601614934
-0.0811835527420044,-0.013396739959716797,0.020751953125,-0.0010521278321743012,0.0013466663658618927,-0.003343225131034851,1.2748413722292528e-05,4.627059597281477e-05,-0.00010376204779661644,-0.0022257675749163663,-0.00022616884414542046,-0.00026040025862177627
-0.10364067554473877,-0.07858610153198242,0.020538330078125,-0.0024675514543056488,0.0012659914791584015,-0.003604994921684265,4.6199294825221293e-05,2.9806777347016436e-06,-0.00010965938652483054,-0.0030024292398624806,-0.0013544726035197533,-0.0009453912305852165
-0.0472259521484375,-0.10047151148319244,0.02154541015625,-0.0027765231895446776,0.001281142234802246,-0.001070780563354492,-3.693753050787174e-05,8.860841603998324e-05,-1.2702124469679472e-05,-0.0020160899070059382,-0.0011753604828495263,0.0005515347670943302
-0.05971825122833252,-0.09781216084957123,0.0646514892578125,-0.0033310910928249357,0.0007315762341022491,-0.0016605469846725463,-1.7383922656248257e-05,8.35063437932471e-05,-1.5040694617933693e-05,-0.0027710751288754693,-0.002720546644865287,0.0006247016978127858
-0.09657585620880127,-0.0377802848815918,0.0852203369140625,-0.003484139436483383,0.0015377886593341827,-0.003540987238883972,0.00010344635323056696,-0.00046738977288087136,0.0002576581064737565,-0.008633565381639698,-0.01872555564945473,-0.015440101607621855
-0.0159912109375,-0.051197052001953125,0.1072235107421875,-0.004592885665893554,0.00019869208335876465,-0.0002201731872558593,-3.194816379125249e-05,-0.0003173334837839868,0.0004575437712108013,-0.010015280169447973,-0.027509762997533077,-0.010361080955500866
-0.06183207035064697,-0.12504936754703522,0.021575927734375,-0.003075827175974846,0.0014589838683605194,-0.001712809729576111,4.212108053117885e-05,-0.00010933217130473312,8.427521135098617e-05,-0.004603686447275222,-0.008357584452415414,-0.00479249767318017
-0.053256988525390625,-0.039524078369140625,0.06390380859375,-0.0032230338287353513,0.0010059177875518799,-0.001614574966430664,4.686604139792222e-05,-6.661606713286551e-05,6.346001528963903e-05,-0.003483687786558378,-0.005689321743430195,-0.004285041083068946
-0.015483498573303223,-0.05150580406188965,0.10711669921875,-0.004591270539164543,0.00019175931811332703,-0.0006833526372909545,3.0976985366380284e-05,-9.379954714190325e-05,8.837666691244496e-05,-0.004217385647619349,-0.00667725336569005,-0.004611254761780181
-0.03197062015533447,-0.09829308092594147,0.0433502197265625,-0.003053235279917717,0.0010956339538097382,-0.0008847239446640013,1.555142243075684e-05,-8.434059138363044e-05,3.795789358058239e-05,-0.005089899183641172,-0.006928281027208765,-0.003942503326565651
-0.10448801517486572,0.0009539127349853516,0.06378173828125,-0.0020934300392866133,0.0019886307418346405,-0.003644127745628357,-3.1973775665597996e-05,-0.0001486129955357935,0.00030725872704562155,-0.008128072422039376,-0.01986428870907436,-0.0061751932012361396
0.028888702392578125,-0.021831512451171875,0.0865478515625,-0.002716692905426025,-0.0003496110439300537,0.0012758074569702148,-0.00015625128126957414,-0.00023585858438576046,0.0006279439574602107,-0.016018655841608723,-0.04122076393772988,-0.008708776176541425
-0.06129419803619385,-0.09332634508609772,0.022430419921875,-0.0014639702767133712,0.0014563016593456268,-0.0012170208120346067,0.0004588123703501989,-0.0004941788010298309,-0.00041689811473417915,0.004941970880467318,0.022473129004320507,-0.013865321427935432
-0.035309791564941406,0.05413906276226044,0.340484619140625,-0.013966140547990799,-0.00025626271963119507,0.002261914253234863,0.00040426062213362764,-0.0005307446519363584,-0.00033842824403279125,0.006659032472995592,0.021983986491584544,-0.01424721587097483
-0.10615122318267822,-0.1516873985528946,0.3003997802734375,-0.009697128178477286,-0.006444770842790604,0.0017974467706680301,0.00048504590094855185,-0.0007316786814011749,-0.0003081443528053032,0.008359076738557684,0.02375072900530188,-0.01652353599422323
0.06387448310852051,-0.7431143075227737,0.20904541015625,-0.0015630396008491513,-0.0039485059678554535,0.004017304220199585,0.0007326506342301958,-0.0008364148796983968,4.287832007737562e-05,0.016924293547825167,0.037196549249397755,-0.010994253612922698
0.07813501358032227,-1.7402143627405167,-0.1104736328125,0.011410523316264153,-0.0013000927865505219,0.021476025409698486,0.0006505997000331894,-0.0014124438087294293,3.2772857542721218e-06,0.01920647577832718,0.033401342269085525,-0.005103826683443784
0.2549995183944702,-2.5765632539987564,-0.2184295654296875,0.019791015005111694,-0.0034643076360225677,0.03529195604801178,0.0005341160384004992,-0.0021801322092937147,-0.00023737945579639132,0.019524113502019262,0.03433953867646741,-0.004326482401439797
0.2686023712158203,-3.1568745523691177,-0.2103729248046875,0.022500449376106263,-0.014925450086593628,0.037992878913879397,7.169262703022591e-05,-0.0031794239163296972,0.00021615343351441465,0.024821273192944394,-0.0041913941610334455,0.010646010401058515
0.2551156282424927,-4.316324606537819,-0.2955169677734375,0.0259928412425518,-0.010186202824115753,0.04094109065532684,0.0003068899348235528,-0.003935655055908562,-0.0009290293323069244,0.009428161558177507,0.019840676846515106,0.0076142959907884444
0.4176449775695801,-5.995538607239723,-0.8021240234375,0.04503883373260498,-0.021031253039836884,0.05618500833511353,0.00034590542964384776,-0.005472958218354371,0.000726145992645754,0.04555161876475016,0.017261033435071134,0.002307318690534146
0.3231537342071533,-7.984849348664284,-1.1367645263671875,0.05482334766149521,-0.03189930319786072,0.06798056654930115,0.00038110959010505724,-0.006374700915152278,0.00022319413667406108,0.04337993605611097,0.034552752934758325,0.0030283298801479443
0.1552562713623047,-9.512327089905739,-1.41192626953125,0.06512293977022171,-0.041493915021419525,0.08250275184631348,0.00026983504075857865,-0.007334963897214162,0.000851827734661372,0.06026326624348484,0.0343153097608976,0.005467011451653368
-0.2878333330154419,-11.438035860657692,-2.001312255859375,0.08597359472632408,-0.043494731187820435,0.09285239243030548,-4.139526363006337e-05,-0.008390594056571435,0.0010909658128578762,0.062762519472347,0.010851497285745818,0.016064132319657153
-0.4824511408805847,-12.762567415833473,-2.100921630859375,0.09313589369297028,-0.03264231979846954,0.09642834807157516,-0.00025175765986878756,-0.009109367132697915,0.0012349900836564078,0.061643374123063775,-0.00830746952380025,0.022838490944327924
-0.4679418206214905,-13.89621914923191,-2.364166259765625,0.10328649295687675,-0.050126515328884125,0.10709742929697037,0.00016261286623838259,-0.009454968455327414,0.0009874469788319332,0.06196421326075312,0.018344621005618813,0.019509404405759007
-0.23344624042510986,-15.00431241095066,-2.6621551513671875,0.11401369979858399,-0.04702324420213699,0.11771040840625763,0.00026264099797851425,-0.00980063086770336,0.00013401935831187342,0.04421427071724268,0.01591074228349119,0.02349713081932023
-0.07141828536987305,-16.207510843873024,-2.9830169677734375,0.12708289014101026,-0.0532657653093338,0.12740980577468872,9.697617820934932e-05,-0.00992432316609528,-3.99329647703514e-05,0.042349452986150886,0.008734482171991145,0.024976059173305528
-0.16885876655578613,-17.19583596289158,-3.0527801513671875,0.13135936528325082,-0.05385299026966095,0.12295673756599426,0.00011034902561995227,-0.010101844499901688,-0.00018332103812091546,0.03895344511694723,0.008064135189628906,0.020676171350560744
-0.1736527681350708,-16.870760813355446,-2.97161865234375,0.13181233680963517,-0.05872025340795517,0.12393333027362824,0.00015254911897807173,-0.009934602117111379,0.00029882882629524935,0.045953200260086625,0.007647915356182236,0.019940850750829714
-0.3417202830314636,-15.192045107483864,-2.5474700927734375,0.11313450812935828,-0.040389709174633026,0.11772830828428268,-5.398231205548296e-05,-0.009315578885938059,0.0013229345349485954,0.0642358886047068,-0.008449213857622937,0.029932604371843592
-0.0050917863845825195,-13.087973490357399,-2.4524383544921875,0.10303488225460052,-0.023339413106441498,0.11026027439594269,9.740784191015345e-05,-0.008410091551804557,0.0010847028085756996,0.060962330746046386,-0.010358173524868813,0.03105813790234309
-0.04626476764678955,-11.104233637452126,-2.1699981689453125,0.0859200241100788,-0.018934905529022217,0.1011812276506424,2.7857174549834277e-05,-0.007561947099483666,0.0010896531284970523,0.058527939774326555,-0.00646786432816331,0.03819759172684635
-0.0062215328216552734,-10.497034922242165,-2.068145751953125,0.08068580798625946,-0.013042058795690536,0.11571350150108338,0.0005749264609062319,-0.007052842499302019,0.0008125422560915348,0.05953005731154669,0.032037685876183206,0.033869323750243215
-0.02143418788909912,-10.04105557501316,-2.07696533203125,0.07837336868286132,-0.013201288878917694,0.11908523419857026,-5.076253100810835e-06,-0.00682917565896812,0.0008711990884606595,0.050649209253906535,-0.008863879322311936,0.04169679942769945
-0.05926048755645752,-9.408471003174782,-2.179168701171875,0.07780643785953521,-0.01416485384106636,0.10901009605884553,6.457452269969448e-05,-0.007100188765390374,0.00104961651817571,0.05255035148059132,-0.007024843442595501,0.03860944086750608
-0.10526823997497559,-8.655842676758766,-2.0212249755859375,0.07258389968991279,-0.012179695069789886,0.10152426779747009,3.1581383076369055e-05,-0.006715189732782609,0.0007325448568978334,0.047905705882251993,0.0024941990027726123,0.028564100544283856
-0.25496965646743774,-7.183370009064674,-1.8336334228515625,0.0653579135453701,-0.00433572381734848,0.08389341137170792,0.0003440007046268691,-0.005600763188853969,0.0009317039395256694,0.05669208145661398,0.030029410033708775,0.019757025838601106
-0.2917969226837158,-6.08015002310276,-1.792083740234375,0.060525123193264,-0.007051829248666763,0.08073748650550842,0.0005637764920796815,-0.004857090545773335,-0.0004931069114800583,0.025321684813651626,0.029643361157002297,0.02604725483357185
-0.075600266456604,-4.945662394165993,-1.9367218017578125,0.059657148092985154,0.0040658265352249146,0.08800623697757722,0.0005659419235278724,-0.004166745219018337,-0.0005763375355188595,0.02228351020704811,0.03032241155459626,0.03565380513555851
-0.023295879364013672,-4.03094519674778,-1.8687286376953125,0.05644666112124919,-0.004321452230215073,0.09229555597305297,0.0008050221168817105,-0.0032942509152214298,-0.0008930244122010785,0.013697697824190622,0.03733988450646622,0.031509872880345784
0.2018566131591797,-2.72481669485569,-1.70361328125,0.0475464474928379,-0.006035439670085907,0.07560839164733887,0.0005922025804016007,-0.0022249624699059297,-9.56582431653714e-05,0.022595905005636914,0.03201815433796228,0.029542441996412684
0.05840635299682617,-1.3554062992334366,-1.4228515625,0.038874021462798114,0.012327942997217178,0.05913792509078979,0.000493310799148773,-0.0011870137528556812,-0.0005636232919538605,0.004822064203012524,0.0060976503845707,0.03464803875715406
0.09508001804351807,-0.36943288147449493,-1.26873779296875,0.03347821039676666,0.010131310671567917,0.05783210496425629,0.0007712670376583443,-0.00011408778499077507,-8.910239559812715e-05,0.020147591241935988,0.03936256051039734,0.02687384776321588
0.15725600719451904,0.5506247133016586,-1.2877044677734375,0.029652617561221124,0.007608693093061447,0.05916557850360871,0.0007858273755883298,7.3132300379029e-06,-5.1006548504204004e-05,0.012488435162708936,0.031165161116807887,0.02896965942833679
0.2958430051803589,0.9933097213506699,-1.0818328857421875,0.02490578064680099,-0.005361124873161316,0.06575036926746368,0.000795275239568048,0.0003776288502600137,-1.7491599417986288e-05,0.012518345644986877,0.030508777543622502,0.024647347399826568
0.1446852684020996,1.828746423125267,-1.0756683349609375,0.023418743404746055,0.0024904683232307434,0.053535539379119874,0.0007150865997421026,0.0006802538787263623,-0.0008310919919480127,-0.0003276478754095593,0.03690552309593865,0.025356870383073594
0.15071046352386475,2.7009802907705307,-1.046234130859375,0.022626797514557838,0.0038433820009231567,0.054178083329200745,0.0006548760916371709,0.001389575013343277,-0.0004860102672102605,0.004264854503095517,0.032857232033272475,0.029805928125165287
0.18280112743377686,3.5579205602407455,-0.9705352783203125,0.021566026468575,0.01017523929476738,0.055437657628059384,0.000674446057256162,0.0017325569628375025,-0.0004571130193537903,0.004446338373926505,0.0318993048179935,0.03374262174524359
0.2965961694717407,3.807004079222679,-1.312347412109375,0.038631097772121425,0.009131774306297302,0.059245596404075625,0.0006521252043064159,0.002655093628849993,-0.0014720005159755756,-0.014276693873583287,0.035398228016741085,0.034751806621179104
0.11053204536437988,4.679693803191185,-1.159454345703125,0.03254112573504448,0.0071906596422195435,0.051148827123641966,0.0008492380255480491,0.002493481833083993,-0.0015007480255260024,-0.018472287993017988,0.03786114016830605,0.026869014313774725
0.2911158800125122,5.685451611876488,-1.330352783203125,0.03755706203520298,2.3405998945236206e-05,0.044238087496757506,0.0009842942996117895,0.0031406120740578164,-0.0019146533040163079,-0.028217109097382623,0.0378927949707577,0.03169412148048268
0.5385316610336304,6.6866036504507065,-1.4534912109375,0.036024119579195976,0.000883154571056366,0.05837377672672271,0.0009055054335199437,0.0037085274673830035,-0.001161644753789548,-0.01732184515476486,0.030076405344061134,0.03898190007603237
0.8412530422210693,7.881202325224876,-1.30145263671875,0.02821492963910103,0.0038851872086524963,0.05750200177192688,0.0009351832290896468,0.00384939543909097,-0.0011348925628508967,-0.01673865848822238,0.029857176727621414,0.040210469722239725
0.9541283845901489,7.954264268279076,-1.283233642578125,0.026414548650085926,-0.0031434595584869385,0.06228871478557586,0.0009474804321376665,0.004035919906943348,-0.0011150714779816916,-0.017505788358007805,0.027932549744802724,0.04009127516143348
1.0177935361862183,8.458125218749046,-1.0802459716796875,0.01749274647533893,-0.007443390786647797,0.061964134221076966,0.0010208244140876522,0.0040675135419337245,-0.0011493969755219905,-0.01795500420417601,0.02801162952583418,0.03882027441029582
0.9967421293258667,8.234761342406273,-1.0366058349609375,0.01165063642859459,-0.004373256117105484,0.05925058292865753,0.0009474408346668353,0.003841643051605437,-0.0011257222940137977,-0.017083853408408296,0.029398294434926187,0.0404421997912959
0.8827654123306274,7.354094609618187,-1.2815704345703125,0.020309238502979277,-0.011461552232503891,0.06231998807430267,0.0008076768302894032,0.0027406665023564022,-0.0015531301846885793,-0.02482343182237051,0.02729323645801384,0.04175295264177016
0.6639426946640015,4.509083852171898,-1.3788909912109375,0.0360465684223175,-0.029241226613521576,0.08000671961307526,0.0006773313444177489,0.0024330835792140647,-0.0001990077759086114,0.0016551299732003504,0.02462730251155854,0.04887765618867912
0.7307254076004028,3.35345421731472,-1.678466796875,0.0481378199532628,-0.03430633246898651,0.09275836009502411,0.0007301102019727928,0.0019439061544031515,-0.0010154348080550872,-0.01503013257320209,0.020632140260279055,0.051866129168153315
0.5500977039337158,2.005882605910301,-1.8457489013671875,0.05602213834047317,-0.029985569417476654,0.09625003039360046,0.0009217186719526569,0.0006783008711310626,9.572723267150499e-06,0.008870602077090532,0.039020337792016024,0.04315865946375704
0.27195417881011963,0.48503492772579193,-1.91009521484375,0.06305122445225715,-0.04493720829486847,0.09514498437404632,0.0008757858316433599,0.0008652096347419059,-0.0004082944883801201,0.0016410370207932364,0.03369322363638012,0.038172781275502755
0.02616727352142334,1.100559338927269,-1.81182861328125,0.05937405112981796,-0.029216982424259186,0.08022384794712066,0.0005563168774906611,0.0008215930423271806,-0.00028709393516736844,0.0018761034038081521,0.028006586000427287,0.04095081487355489
-0.705750048160553,0.988634929060936,-1.7718048095703125,0.05498987738668919,-0.026575013995170593,0.07912582647562028,0.0003709165696843511,0.0004920445621261939,-0.0005554439853606375,0.000899664134682975,0.0399401483328265,0.033814941720983135
-1.685526967048645,0.736173614859581,-1.72711181640625,0.05752142859816551,-0.03075374662876129,0.08074166309833528,-0.0008324943890408409,0.0003297371500253357,-3.4276997112960675e-05,0.002803400860706287,-0.0016325288116463277,0.05062686729862361
-3.2729134559631348,0.20708952844142914,-1.725372314453125,0.058491741109490396,-0.036641910672187805,0.08622080694198608,-0.0014507351670978493,-8.506039549346891e-05,-0.0006560862111463402,-0.014625943272179816,-0.004482990492478364,0.056877575289284846
-4.412714004516602,0.30465011298656464,-1.8600616455078125,0.06092502522110939,-0.042019978165626526,0.10319299808502197,-0.0012801253638063585,0.00018928223866691564,-0.002147938702729596,-0.03070974814336498,0.03751640431715575,0.043955250549459
-5.63716983795166,0.24930287897586823,-1.8873748779296875,0.06261455561459064,-0.044264137744903564,0.09803147483825683,-0.0023634877308838106,0.00010749400403818221,-0.0017543229925165284,-0.03309690324185451,0.010772119298657191,0.05076327920963981
-6.795976638793945,0.2829941064119339,-1.884796142578125,0.060286578770279875,-0.0699097290635109,0.09153270957946777,-0.003208889114865483,-4.702863302713033e-05,-0.0016005187272654063,-0.036611322804033376,-0.01029407545847297,0.05179926433654826
-7.738213062286377,0.5864425748586655,-1.9451751708984375,0.060164250165820124,-0.08515334129333496,0.08804217950820925,-0.003737247466675318,-0.0002290505884638739,5.691556314378653e-05,-0.002701589676173881,-0.015060431788956956,0.05993128926578229
-8.244586944580078,0.47328172624111176,-2.1414642333984375,0.06337195693224668,-0.09128376841545105,0.09602229476928714,-0.0037849956539164576,-0.0001022159337398835,-1.526022428324127e-05,-0.004601376873022894,-0.015793530155337143,0.06075906444517036
-8.244717597961426,0.8227584809064865,-2.0980377197265625,0.06513242813527584,-0.08033066987991333,0.09415530670166017,-0.003929766133739696,-0.00013934592621730357,0.00011065452583206231,-0.002155842790250562,-0.01646385655579852,0.05930907116277628
-8.509096145629883,0.7491572350263596,-1.9950103759765625,0.06042730892002582,-0.0869646817445755,0.09129695304870605,-0.003964465193811609,-0.00024566821192566603,0.00016054866185707473,0.0005789683189501221,-0.014437416501233915,0.057008068250261654
-8.7412691116333,0.7056782692670822,-1.973968505859375,0.060889102297425265,-0.08552823960781097,0.08483134040832518,-0.004053480004273506,-0.00014256969776264627,0.00048375801601805313,0.006369888988257765,-0.02615402019608392,0.05964409762303031
-8.405993461608887,1.1888022273778915,-1.9138031005859375,0.056612371056973934,-0.07658258080482483,0.08723559711456302,-0.0037798674393106253,-0.00010394444650202892,-0.0003669246586828529,-0.010177658614280796,-0.0204532910118388,0.0639394757142135
-7.260796546936035,1.3633493036031723,-1.96881103515625,0.06240973766565322,-0.0754602774977684,0.10285340282440186,-0.0028962330185459866,0.0004090294511484746,-0.0013028213899230557,-0.028577548051567023,0.00032145209570426863,0.06172695869094903
-5.927478313446045,1.3084302991628647,-1.6850433349609375,0.04712373017609119,-0.06961563974618912,0.1052750079536438,-0.002025749893932208,0.0003076720958313992,-0.0019154984642954865,-0.03509101002159218,0.0028816954803017494,0.06313162939663133
-3.76275634765625,0.5793861001729965,-1.2677154541015625,0.04392223266601562,-0.05846046656370163,0.09515035949707032,-0.0012251365994205253,-0.00014647951029849913,-0.0009695985688396155,-0.015047838842088995,0.0054907232063046,0.06692263427829197
-1.3479795455932617,-0.043158143758773804,-1.070770263671875,0.03694115236759186,-0.04439447820186615,0.09372854026794433,-0.0004656703732953745,-1.1326601591944181e-05,-0.00035951341158417353,0.0007177267130159128,0.024538252519376493,0.056706950301082554
-0.21862274408340454,-0.26392699778079987,-0.6219329833984375,0.025846219581961632,-0.021202437579631805,0.09150848600625992,-0.00024635040932636273,-3.963813929040903e-05,-0.00018759134758785647,0.0046422179867692225,0.022865730577957072,0.05287341686212806
0.03421735763549805,-0.4881008416414261,-0.58062744140625,0.019485979803204535,-0.02186468243598938,0.08223200757980346,-5.308329572113052e-05,5.716185319689629e-05,-0.00025382114244889566,0.007389489079191531,0.034398259879515905,0.0474152579367263
0.34217512607574463,-0.3709995299577713,-0.4447021484375,0.01954722370862961,-0.006234318017959595,0.0749430893087387,0.00019381296107180224,0.0001650729023906085,-0.00011230965212695546,0.011218292956163944,0.03500396236318931,0.04843230723579601
0.9729868173599243,-0.5909528881311417,-0.3944244384765625,0.017277720320820807,-0.006924346089363098,0.08233941152095794,0.0006830825109855024,-3.651605742795638e-05,-0.0005375775701785832,0.0004131449247680579,0.028288957496138273,0.05301232355107243
1.9138859510421753,-0.5967539697885513,-0.4969024658203125,0.017858624896407126,-0.0068411268293857574,0.09369133095264434,0.0011997896854301035,3.302546879330366e-05,-0.000671084534257571,-0.0028766139039209876,0.023441491623906404,0.0685899759393247
3.091526985168457,-0.06430602073669434,-0.40576171875,0.011628581045866011,0.01118117943406105,0.11207844375610351,0.0013559382047971546,-0.00013828302273459313,-0.00039850654706832827,-0.004554883368595873,-0.005233926029906826,0.08878370983169112
4.3127312660217285,-0.825385108590126,-0.4013214111328125,0.00985730254292488,0.024058682844042778,0.1297921503639221,0.002030333535583056,-0.00021242901683795012,-0.00034671798883466586,-0.0008403843072208477,0.0031030984057083292,0.09473966671656744
5.434067726135254,-0.8190581947565079,-0.299041748046875,0.008805718578100204,0.048751238733530045,0.13115667526245117,0.002962924785855653,0.00021347461495511,-0.0003532361574355451,0.0005664477352995796,0.016431681029951302,0.08593111748129988
6.468552112579346,-0.150941863656044,-0.050933837890625,-0.003752167629003525,0.05861274525523186,0.11801252359390257,0.003437743024107001,0.00041610857348658813,-0.0005046400255620064,-0.0013597301468690336,0.012960439754371625,0.08588453464976432
7.100189685821533,-0.26869069039821625,0.1541595458984375,-0.007609188396930694,0.07097776234149933,0.11932324575424194,0.0046253275618251665,0.0012246782645365575,-0.0026035455823056933,-0.03860776451087755,0.044562786012705705,0.08171223897856447
8.775779724121094,-0.04088255763053894,-0.144805908203125,-0.005212241338193417,0.06696727871894836,0.1406198723602295,0.005347659120641817,0.0013117154719610026,-0.0026924968403285454,-0.0400578019513316,0.04587438774445877,0.08638511576665593
9.50271224975586,-0.19153054058551788,-0.4188385009765625,0.0009668344518542291,0.06613563746213913,0.14773653873443604,0.0051643399030159,0.0012027914019116927,-0.0028440757675155326,-0.044078384872286,0.04578966165536123,0.0860920313415467
8.747313499450684,-0.6059991270303726,-0.7901763916015625,0.012431492494046688,0.041516855359077454,0.14756924392700194,0.00443465373310636,0.0009681993608954869,-0.002403916352500813,-0.03341835724343106,0.0421924416025333,0.07686442551362829
6.591778755187988,-0.5087298899888992,-0.78472900390625,0.01767936231613159,0.03059343807399273,0.1267738327407837,0.002683438093682708,-0.0001192624673876612,-0.0007838219532563835,-0.007143737514736747,0.008320678505592306,0.07924685901885245
3.83485746383667,-1.0529933124780655,-0.7245635986328125,0.021567525842785835,0.015795910730957985,0.12659566591262816,0.001477158466184886,-0.0006856422057363326,-0.00026721958508889364,0.0006243300899459505,-0.003988332685845463,0.08159550573031389
1.9888434410095215,-1.3368904739618301,-1.02911376953125,0.03610648677408695,0.0010824911296367645,0.13178214963912965,0.0012779556544280607,-0.0005969016240293926,-0.00018034203180232775,-0.00030088426123544784,-0.009897101210857786,0.07916774207382501
1.0642625093460083,-1.2024759203195572,-1.1957855224609375,0.037870887859463694,-0.013688139617443085,0.12477888064861298,0.001455103865452698,-0.00035725423510441894,-0.0006677317635131952,-0.0032078483732674496,0.02275970453567956,0.07450514040641747
1.010214924812317,-1.015292540192604,-1.4361724853515625,0.0447402262532711,-0.022192761301994324,0.1370939770078659,0.001100276963768319,-0.0006502678286486698,-0.0002065246806535649,0.0018089080861363187,-0.007014417608545321,0.07445417069059344
0.9457212686538696,-0.8166051656007767,-1.09759521484375,0.03645399998605251,-0.014354832470417023,0.11109297196865081,0.0016400413846833328,-0.0001872771850732819,-0.0011390152856123898,-0.006224745389580589,0.0298234659384309,0.03684956544249903
0.685578465461731,-0.47820861637592316,-0.62255859375,0.022131332874298096,-0.012617748230695724,0.05663178786754608,0.0015268666068984998,-0.00021332949650321268,-0.00031804872930614464,0.013875663009853857,0.040371858938802845,0.004115026940740723
0.6359802484512329,-0.5029826909303665,-0.2643890380859375,0.01095923621237278,-0.002175047993659973,0.01055777482509613,0.0008344623098982558,0.0006166202037004039,-0.0007120784200786231,0.004503808249881031,0.030712854802675365,-0.003296819688393951
0.6046788692474365,-0.23120363056659698,0.04547119140625,-0.0008454605907201767,0.014386486262083054,-0.040820832090377804,1.1160612042324667e-05,-0.0002744171658308237,0.00039774514191491533,0.010749715636363061,-0.02982544354093322,-0.041119150458279186
0.3306872844696045,0.15655331313610077,0.2247161865234375,-0.005662476145029067,0.02617296576499939,-0.08870280272483826,0.0007058308561262449,0.00036083541808802286,-0.0005367958703789158,0.002637323480775972,0.010914091487022735,-0.07085506527251283
0.07736814022064209,0.0867404192686081,0.368194580078125,-0.011353621613979339,0.03453110530972481,-0.12670157842159271,0.0006713514777018422,0.0008428560176021344,-0.0008181422043241264,0.0016065174560507395,0.025987103463696114,-0.07793127034196545
0.11749613285064697,0.3552157133817673,0.274505615234375,-0.01101312864422798,0.035080686211586,-0.13389500284671785,0.0007605126979543485,0.0008815649060421496,-0.0008568323296954368,0.0012754200320917518,0.027677520299551436,-0.07455731046393904
0.1761915683746338,0.30257995426654816,0.28131103515625,-0.010051507776379585,0.04108133539557457,-0.1239934222126007,0.0007823742190954807,0.0008669460821059244,-0.0009072893980622918,0.0005592239289664502,0.027775094190630203,-0.07525335058399249
0.29926860332489014,0.1777423620223999,0.17681884765625,-0.004557485697865486,0.034981779754161835,-0.119896023478508,0.0006931143499164117,0.0008330166319389547,-0.0008813892573121547,0.001199873701967472,0.026891976507835397,-0.07687410553178595
0.30201423168182373,0.25052590668201447,0.2361602783203125,-0.006852139331698417,0.029295697808265686,-0.12534679866313936,0.0008355866286014328,0.0007841255748173216,-0.0006312329374764405,0.004447044410520569,0.03487030562815774,-0.07993965387793238
0.48677337169647217,0.40328751504421234,0.208251953125,-0.007568800426721573,0.026653947308659554,-0.13539831790447235,0.0008043004597825471,0.0007972715279756348,-0.000550616693157345,0.005568775740189444,0.02857430371905267,-0.08829778929620787
0.622909426689148,0.542057141661644,0.0716400146484375,-0.0025226925790309907,0.020010383799672127,-0.1519044159269333,0.0007761796951197271,0.00030984977595395767,-0.00036582655966123823,0.009775847362934798,0.04417198258380808,-0.10963656083755702
0.46732115745544434,0.34101779758930206,0.066619873046875,-0.006610540452003479,0.024347415193915367,-0.1768733163166046,0.0007760104664900087,1.770695300453096e-05,-0.000664495698513427,0.007986887096742595,0.054710899766960065,-0.12111032246356444
0.2585916519165039,0.5962957590818405,0.117919921875,-0.008825580541491507,0.02898119017481804,-0.21525102785110473,0.0006539520482165906,5.072420846944254e-05,-0.000532453468457678,0.009896490598890712,0.0479314664151282,-0.1511729342674112
0.10311925411224365,0.6664712280035019,-0.069610595703125,-0.004909310324192047,0.030098451301455498,-0.2678215506696701,0.0005838052004349436,0.0005538167888186418,-0.0014351799383835392,0.00023904683412680883,0.068342943668744,-0.17830663162058843
0.1430506706237793,0.7178678959608078,0.023651123046875,-0.008850279681384564,0.027423642575740814,-0.3152096430015564,0.00045546091255033,0.0005591573512186318,-0.0013051739375841494,0.0032825709099904396,0.06280332227802202,-0.19310520017803162
0.027713298797607422,0.7776665538549423,0.1237335205078125,-0.01492096030473709,0.03128307871520519,-0.33602988693237307,0.0004626239243968296,0.0005208511422983721,-0.001401812686921821,0.0016341912299276586,0.06437575893522683,-0.18970122613119253
0.05271732807159424,0.5274247974157333,0.068756103515625,-0.0143613324919343,0.03346956521272659,-0.3146101762056351,0.0009186633484960715,0.0005307859209387555,-0.00159742484463528,2.3136329826594906e-05,0.07465647659517641,-0.19460869006663337
0.2363210916519165,0.4782421439886093,-0.1208343505859375,-0.004304580070972443,0.024516748264431953,-0.3045198747873306,0.0009585497856325577,0.00042192229947211424,-0.0013779757524249217,0.003528348691369534,0.07363523343510356,-0.19595270434284537
0.3691868782043457,0.24454699456691742,-0.1874542236328125,-0.005546666583418847,0.014751004055142403,-0.30542104442596435,0.001058633633652638,0.000411790502157394,-0.0014827481572732583,0.0027404199936016385,0.0747767236668014,-0.20080207968632127
0.4485604763031006,0.195085808634758,-0.2711334228515625,3.6371117830280575e-06,0.019403954967856407,-0.31771613293647766,0.00055565418918387,8.608042311491115e-05,-0.001176292075094261,0.00781780154813047,0.06200243477966997,-0.1985828726562847
0.4896881580352783,0.06491692364215851,-0.3388214111328125,-0.0005233479917049408,0.02450232394039631,-0.34041180151939393,0.0005795240245791084,-0.00011634545098497691,0.00020730072224403638,0.026378295253651766,0.02089554315593957,-0.22841732495036962
0.21196973323822021,0.2874719947576523,-0.2058258056640625,-0.007269543116688729,0.026796242222189903,-0.38706295794963835,0.0009044110642575029,0.0005479871953009004,0.00023651374656634557,0.015183478362295739,-0.026828049458441465,-0.26704829236934463
0.07247543334960938,0.5454217046499252,-0.263275146484375,-0.007305172107517719,0.030920932069420815,-0.427439229927063,0.0007626909157400288,0.0004743596937561755,0.0002020873656416311,0.016708730588848846,-0.01431444618953765,-0.2880232056243428
0.01939082145690918,0.5620113462209702,-0.0538177490234375,-0.016046988896727562,0.04001171886920929,-0.4547546643161774,0.0013560055625758682,0.0003570240663045832,0.00010287368681893806,0.021243296314815776,0.04030160590054881,-0.2946468201109253
0.13102459907531738,0.8012072890996933,-0.192596435546875,-0.012182733316421508,0.044235147535800934,-0.4865378082561493,0.0011016706664341985,0.00023670546671447016,0.0005541097395876189,0.02612699384178542,0.023223927930245674,-0.32219957146436323
0.04338550567626953,0.7273062318563461,-0.179229736328125,-0.01172231280863285,0.038915351033210754,-0.5173743368911743,0.0007692720756085365,-3.964924308091369e-05,0.0007615625202193925,0.02405330815928215,0.005798523307913011,-0.3304964296157328
0.01962125301361084,0.4854881018400192,-0.11175537109375,-0.015017042990922928,0.04167012870311737,-0.5214513972043991,0.0003778605233247141,-9.149957069344984e-05,0.0006571453467073241,0.022669855544366957,-0.009447536856794992,-0.326636259607054
0.07838225364685059,0.6193821281194687,-0.265289306640625,-0.011208918014764787,0.044460151344537735,-0.5279452325916291,0.0004618183823456249,-9.318506908308937e-05,0.000985875801304558,0.020694038795693665,-0.051353780322613986,-0.35027078039362597
-0.0650249719619751,0.38146717846393585,-0.1141204833984375,-0.017419756844043732,0.04621345177292824,-0.5362163054418564,0.0004399493718128568,-0.0003720513137103499,0.0013174021921370052,0.030657038946152126,-0.029581605976347913,-0.34169795926005203
-0.051813483238220215,0.253218337893486,-0.1084442138671875,-0.017976477960944176,0.046776290982961655,-0.5214910546922684,0.0005290192386516769,-0.0003139191543726751,0.0012140945569856757,0.03229581194568768,-0.020149862368077292,-0.33133315552163195
0.10101008415222168,0.6073112338781357,-0.1517791748046875,-0.014981607366800308,0.049505703151226044,-0.5114503643321991,0.0005272699282234585,-0.0002924964595622338,0.001195437142191027,0.03203089515253356,-0.016212988154845506,-0.3321552161407143
0.1269608736038208,0.4294910877943039,-0.1712646484375,-0.015038424085974694,0.0481228306889534,-0.5115152679681778,0.0005288356607079606,-0.00032635154085721026,0.0011695473650153321,0.030832462739649853,-0.016292087001666164,-0.3325726219751897
0.17051279544830322,0.5765194743871689,-0.23785400390625,-0.011667719440460205,0.04371071979403496,-0.5080538591623306,0.0004674176945774454,-0.00015729472562712153,0.0008305704335998342,0.02759441024536447,-0.011495168887214625,-0.3288425211700642
0.2508751153945923,0.45862244069576263,-0.2787933349609375,-0.012599648342132569,0.046247076243162155,-0.5062630954599381,0.0005772461953031452,7.760883349367767e-05,0.0007229190429842769,0.019300953714440197,-0.051578674728368655,-0.3372026772083227
0.03498685359954834,0.7944829314947128,-0.3087158203125,-0.011661595324873925,0.04747886583209038,-0.5164367984724045,0.0006968661958072775,3.9138359585598036e-05,0.0005753999879506472,0.023672966379415992,-0.005316985427170992,-0.3275361490051076
0.19775187969207764,0.9830769151449203,-0.26531982421875,-0.016297067390680313,0.05255604535341263,-0.5026603214597702,0.000438576726938502,-2.6515329758254082e-05,0.0007474390576754674,0.02625712788505361,-0.009899982566061553,-0.32215654722963927
0.23125803470611572,0.5812197774648666,-0.32232666015625,-0.009908074256181718,0.03839359059929848,-0.4916724118089676,0.0005095627454811541,-0.0003874591291623791,0.001348918855816527,0.028128698001515743,-0.05600854906328271,-0.3473419154736787
-0.0677865743637085,0.2640427201986313,-0.278076171875,-0.010570615332722664,0.04626818746328354,-0.5173613938570023,0.00048492871812312946,0.00011771612659058667,0.000914641021411269,0.017765219954165166,-0.048193280286468694,-0.35403284487013076
-0.34982359409332275,0.8163420408964157,-0.0091400146484375,-0.026133792575597763,0.06808196008205414,-0.5297684522771835,0.0007604954046275206,-1.3014407587581302e-05,0.0012742880305680801,0.027301317601409143,-0.04529596613161417,-0.3591292977480745
-0.15937238931655884,0.5304413884878159,-0.0817108154296875,-0.020185491743683816,0.06788653135299683,-0.5090534057021141,0.0005711716012649221,-0.0004319348648475113,0.0013027023180955883,0.03206911445805983,-0.01614829500491104,-0.33233231880600617
0.1459341049194336,0.21533803641796112,-0.117279052734375,-0.019341292256712914,0.05885820463299751,-0.49005796001434326,0.0011850611160011144,-0.0004079185759407747,0.0012537179469494881,0.03222595098199004,0.009482611298553949,-0.33908214969389816
0.4417107105255127,0.0820966511964798,-0.36334228515625,-0.007902821285724641,0.05243601277470589,-0.45806295453071594,0.0009601282850297474,-0.0003897808384131564,0.0008552084881598813,0.0260778665531754,0.013624592782921208,-0.31421445243033
0.25719213485717773,-0.35672254860401154,-0.40728759765625,-0.0019566507649421694,0.0470154844224453,-0.40623703382492066,0.0008556933131535285,-8.95724245225289e-05,0.0006052771503345289,0.01743502540731727,-0.03583136280336399,-0.29396360876799976
0.12270009517669678,0.022749587893486023,-0.2519073486328125,-0.004725940453410149,0.047335416078567505,-0.36474491752147675,0.0007215330118848073,0.00031764398836084114,0.0005653895978994857,0.01816653058535957,-0.04680438465941874,-0.2830922028034685
0.2183523178100586,0.24816425144672394,-0.292724609375,-0.0021847214499115947,0.03950168564915657,-0.3338334825897217,0.0010837637349503876,0.00018289712126625724,0.0003451275607098415,0.0275491317804207,0.0288376569351187,-0.2520118519000736
0.05413973331451416,0.40759484469890594,-0.313140869140625,0.0011845404016971577,0.0260423943400383,-0.30287508026599885,0.00039351714530617195,-0.00042017611422212175,0.000426484681415167,0.03041370377314165,0.012379194804212887,-0.22700026553451957
0.3333228826522827,0.3567694276571274,-0.218017578125,-0.002289956213831902,0.023369552567601204,-0.2676301166296005,0.0005347043746912169,-0.0004389709221626692,0.0004305566031770719,0.03077578647102741,0.014038705670170121,-0.22910376832561477
0.09838306903839111,0.5022756308317184,-0.332489013671875,-0.0012833199962973604,0.029051121324300766,-0.2837775501871109,0.0005685936084264664,-0.0007670785696515956,0.000493360616789229,0.03167894964964634,0.013506639993876024,-0.23315292055155437
0.07523536682128906,0.28028450906276703,-0.2408905029296875,-0.004130421323776246,0.02934940904378891,-0.2755439962387085,0.0004175753901608046,-0.00027965936062666435,0.0005407896553090149,0.031867717008210304,0.013017988753125324,-0.22044963496285422
0.12430942058563232,0.39137546718120575,-0.367767333984375,-0.0005152770650386808,0.02982148341834545,-0.2604582182264328,0.0004703265085666446,0.00023534288188071368,-0.0012720682715240386,0.00898486955945551,0.06254557836790486,-0.20184858120394242
0.09652996063232422,0.7614360302686691,-0.496826171875,0.005051332013309002,0.02772805094718933,-0.23731086772918702,0.0009550637392133025,0.0005689851513491323,-0.0015968040505740906,0.001917404510239733,0.07346520728600815,-0.1902704442710366
0.181374192237854,1.0484577268362045,-0.5157318115234375,0.004870674576461315,0.025325724855065346,-0.20255531126499177,0.0007826490179600768,0.0005222294964022526,-0.001379746751217037,0.0018811027189613897,0.0499953263632395,-0.16338068581614787
0.3198835849761963,0.5949181765317917,-0.539581298828125,0.009156293520629404,0.013814665377140045,-0.15007549706459045,0.000866047448295906,-0.000317066495593779,-0.00044117606827936886,0.014872674087284163,0.051143298965064775,-0.13187860639220678
0.4239494800567627,0.25295160710811615,-0.6558074951171875,0.013706004426479339,-0.0008173286914825439,-0.10265327202796937,0.0008338015865653426,7.070919328789162e-05,-0.0005147302391677135,0.013125440336116519,0.041047773116043934,-0.1179695097093708
0.16441333293914795,0.4866790622472763,-0.500732421875,0.010449034268558026,-0.0003852061927318573,-0.06867521110057831,0.0009035800120894967,-0.00016764259210571054,-0.0007348006443818481,0.007520434252317156,0.038764291245752064,-0.0975746913243175
0.34983766078948975,0.3234146684408188,-0.5554962158203125,0.010771153908967972,-0.004384759813547134,-0.032539272398948674,0.0009704898744876736,-9.133637631667833e-05,-0.0007686846373210277,0.008155647496670837,0.03279169864625816,-0.08620275284842713
0.34575140476226807,0.3624758869409561,-0.6824951171875,0.017301498789787293,-0.01102321594953537,-0.019617271599769594,0.0007833625546072262,-3.236427038551902e-05,-0.0006325112991203878,0.0071553732023552025,0.017867540994548667,-0.07327126645468066
0.17601501941680908,0.42910976707935333,-0.5489959716796875,0.014864412204027174,-0.011011816561222076,0.0014001796293258663,0.00041659561750577684,0.00020065046738054757,-0.00017932487295822154,0.006998956965415372,-0.02157430408522315,-0.05924542687116522
0.13429796695709229,0.0699058473110199,-0.649139404296875,0.017302954732179642,-0.015076961368322372,0.01621845799922943,0.00019105656678343984,0.00017240823557371774,-0.0001627051461475109,0.011871035591753705,-0.017669683548851164,-0.033379766839710424
0.23603713512420654,0.12712760269641876,-0.599395751953125,0.019637998764514924,-0.014176789671182632,0.03243481689929962,0.00047807530889095297,-3.764449858135176e-05,-0.0004764798114817762,0.010053897699432799,0.010259301570562086,-0.01590078361942681
0.3111896514892578,-0.2675905078649521,-0.7598876953125,0.026116243720054624,-0.022484779357910156,0.05962172645568847,0.0007876660938389326,-7.075624692094815e-06,-4.890947056205512e-05,0.016095621819485737,0.024495086442089694,-0.008338350695476695
0.173209547996521,-0.464166596531868,-0.5797271728515625,0.02039488949894905,-0.017581909894943237,0.07525352095127105,0.0010892776467944978,-0.0007060595523482895,0.00017978528604449138,0.021915158229218894,0.0313684920475987,-0.011852926518878374
0.019631028175354004,-0.8129615932703018,-0.592498779296875,0.01854752705693245,-0.02201332151889801,0.10422836106777192,0.001091846338983625,-9.240664022732147e-05,-0.0010309303276833405,0.0014100443674374152,0.02965876089046479,0.018392945824890445
-0.018788576126098633,-0.9605239778757095,-0.6256103515625,0.02063574694097042,-0.02924991399049759,0.14355218930244446,0.000996867737652745,-0.0007847672558754786,-0.0005357774635033267,0.007019359004328192,0.028831637810640732,0.05207126303045188
-0.13054895401000977,-0.9504269510507584,-0.7102813720703125,0.01989013426363468,-0.040890440344810486,0.18063784578323364,0.0008554865682535856,-0.0002592697318885707,-0.0006390739451397271,-0.005916499269748453,0.014819027577118107,0.0850204768285898
-0.0847015380859375,-0.8229227811098099,-0.728729248046875,0.017127844014465807,-0.04106014966964722,0.21158493152618407,0.0008740413669345612,0.00014990893056754005,-0.0001922441656141727,-0.002143722309374284,0.011105464460626685,0.11353611766347095
0.03103947639465332,-0.6756222397089005,-0.9129791259765625,0.026132545159459113,-0.04524815082550049,0.2530264812374115,0.0008734882679268131,0.000346960528454746,5.333836123261795e-05,-0.0021889107174848663,0.009682066434555436,0.12980104902250836
0.16990983486175537,-0.5422688871622086,-0.744110107421875,0.018591128724217414,-0.05081659555435181,0.2636248117303848,0.0008930331360189258,0.0004716315560593171,-0.00023073597741897825,-0.005666448300612235,0.015589986675970708,0.1276403460518855
0.14444196224212646,-0.47207047045230865,-0.794952392578125,0.015952693789899348,-0.05158935487270355,0.2510528339242935,0.0008851514571078167,0.0004118901662476789,-4.103046492338231e-05,-0.002157286450462327,0.014648437069038558,0.12748831794011994
0.17414283752441406,-0.5024472028017044,-0.686065673828125,0.014691228272318838,-0.05652761459350586,0.2558251051712036,0.0008599527093263891,0.000433124107134382,-0.00011600413445795663,-0.0038097188213942,0.01573227727141759,0.1288355503357363
0.08472669124603271,-0.5038087517023087,-0.708343505859375,0.015000534537732601,-0.05472882091999054,0.2523753600549698,0.0008530314108639156,0.0005290057454246678,-0.0002401022521634858,-0.005875182790479009,0.015509223573988203,0.12807514337195636
-0.04627501964569092,-0.1525331288576126,-0.712432861328125,0.017554113855957985,-0.048532530665397644,0.2439878937101364,0.000715975431277549,0.00046596910692943373,-9.052223388061152e-05,-0.0058433071606117815,0.009614127543732592,0.13558019084975145
0.08836674690246582,-0.6493269950151443,-0.7853546142578125,0.0196787784910202,-0.05298653244972229,0.26890110346794127,0.0007361325657869299,0.00025535908205554945,5.343421358722727e-05,0.000679629918906857,0.011046328947959587,0.1436018370874718
-0.012268900871276855,-0.9477769285440445,-0.7749786376953125,0.01938148744612932,-0.04749471694231033,0.2840803828763962,0.00023326915542479145,-3.356376083883141e-05,4.727041543444661e-05,-0.0031274426039969738,-0.017048363793920832,0.1643567019770675
0.10785984992980957,-0.8986934572458267,-0.876983642578125,0.02054260344415903,-0.04294659197330475,0.30640594393730164,0.0009456826046744015,0.0001716326454187741,-0.00032185545374808404,0.019172529958471605,0.035518203667523944,0.18147189885855372
0.1454625129699707,-0.7930520325899124,-0.8461761474609375,0.022344775211811066,-0.04334759712219238,0.3430152390861511,0.0009886718704453252,-0.00032903932629151284,0.0010310848117543537,0.03514384490202441,0.008835915181064859,0.19689104030525545
0.16137290000915527,-0.9141688495874405,-0.6298828125,0.01086790275275707,-0.06289017200469971,0.38698110444068906,0.000882041482801142,0.00047131210911237326,0.0012876700438438002,0.006133272460350601,-0.016244962512219994,0.2166861695253534
0.07178401947021484,-0.8695981651544571,-0.922760009765625,0.01887492367237806,-0.05822673439979553,0.4196040707015991,0.0009331455323638403,0.00015896194364934454,0.001846227708498015,0.013920215415345554,-0.012729155183348533,0.23086053214006513
0.1380547285079956,-0.8247303515672684,-0.8796844482421875,0.016900277163982392,-0.06783496588468552,0.43944988392353057,0.001020734764842381,0.0002749010220634595,0.001862645564531144,0.016703497112633074,-0.009680824638962542,0.2352540091127228
0.26034486293792725,-0.936423197388649,-0.9019622802734375,0.014608057683110236,-0.07075696438550949,0.4404877265024185,0.0008995833918263984,0.00021456870947057132,0.001906351499170676,0.016102329415691185,-0.01631565427635585,0.23792353407073044
0.34294307231903076,-0.9319967180490494,-0.9225921630859375,0.01744213544398546,-0.07459145039319992,0.44209388859272003,0.0008184086625722467,0.00021276658041930732,0.001854611308761047,0.013425676143746033,-0.019884312478755158,0.23911350502029116
0.2090369462966919,-1.0264440923929214,-0.9669647216796875,0.0175631346398592,-0.07613196969032288,0.43873528289318087,0.000843901816370075,4.977589836067757e-05,0.001968094121243398,0.015421208840221417,-0.01968317162728788,0.23795165091026094
0.09669280052185059,-1.2917752414941788,-0.876434326171875,0.01677861413180828,-0.07545884698629379,0.43423921612739563,0.000775338468744979,0.0002845239487948082,0.0019129753876990186,0.014127288475680046,-0.018262246310000882,0.23851810585385935
0.02864682674407959,-0.709749236702919,-0.796234130859375,0.01345087893038988,-0.06437204778194427,0.4361067777490616,0.0007845113319016432,0.0003026230488740042,0.0019390584998720398,0.014820907981904247,-0.01910669223132182,0.24371546195651686
-0.10026824474334717,-0.6868917495012283,-0.771942138671875,0.012663447721302509,-0.061709992587566376,0.44718092326641085,0.0007448825016782758,0.0003922960778777496,0.0013584823457949654,0.008417417414899205,-0.006562876273498763,0.2531589627893842
0.0776224136352539,-0.8029609471559525,-0.7060699462890625,0.007759264014363287,-0.07304533571004868,0.46933102924346926,0.0006273035244761405,0.00045044001714806756,0.0014033708017887566,0.0007644014087985297,-0.01918485326192603,0.26518729958753817
0.18598484992980957,-0.8112378865480423,-0.767822265625,0.008372956264019012,-0.08070005476474762,0.4943190239620209,-3.616910778496234e-05,0.00026604488602569596,0.0009303623856264091,-0.020509500141984292,-0.06035861155469924,0.2894051132656832
0.3409078121185303,-0.5777708441019058,-0.7904815673828125,0.007091617685556412,-0.0857497900724411,0.5168309002017974,0.00032930201578202853,0.00045813856762579687,0.0003524156345065515,-0.01488289479116815,-0.01458742934488512,0.2900734781693275
0.2343689203262329,-0.5855000764131546,-0.7487335205078125,0.0020158211952447866,-0.08830824494361877,0.529220676894188,0.00034839423815062956,0.0003918464438960386,0.0004688699981402487,-0.010252313361147902,-0.016192708121342242,0.29392051379910816
0.1589338779449463,-0.4155343919992447,-0.7699127197265625,0.004990264867544173,-0.08349429070949554,0.5281654236507416,0.000312325463255006,0.000366818712172872,0.0004918705786036645,-0.008901719386209928,-0.016032208564536746,0.2945237731518618
0.2759743928909302,-0.5208165794610977,-0.725677490234375,0.003717736006975173,-0.08528771996498108,0.5267999127912522,0.0003004810757073345,0.0004699806959939284,0.0002933953149726363,-0.015202897092570162,-0.014477668879937912,0.29198585593432397
0.2564730644226074,-0.4473869353532791,-0.754547119140625,0.0020660531818866706,-0.08895139396190643,0.5158331709480286,0.00029795357989835514,0.0005226800995659839,0.0002600201198703347,-0.015738978847529998,-0.01403505671409776,0.29147595110106245
0.23546266555786133,-0.4661828428506851,-0.711517333984375,0.002523202431201934,-0.09010626375675201,0.5114375091743469,-0.00018064421844540476,0.00023330375411011195,0.0009259756780646071,-0.0174807533926757,-0.05761095440293036,0.29849118213241155
0.08316242694854736,-0.8493673950433731,-0.6254730224609375,-0.0026626166677474992,-0.09425120055675507,0.5033151851987838,-0.00023419047139446383,0.00024042546904431115,0.0008926818700262385,-0.01996517162976987,-0.058780161710046575,0.2945160676942699
0.09109354019165039,-0.8131585866212845,-0.651031494140625,-0.0004781567579507824,-0.0978955626487732,0.490407857837677,-0.00027087474401993154,0.0002509869396740543,0.0008621916418364925,-0.02016239171418835,-0.059565713292125955,0.2963748243733137
0.05283761024475098,-0.7994941622018814,-0.648284912109375,0.000822857340574263,-0.09670685231685638,0.49698628165245057,0.000259993932311969,0.000463890679034671,0.00030894783968852277,-0.015371080802204899,-0.014007045453040656,0.29032081903971346
0.16611230373382568,-0.4407764822244644,-0.797882080078125,0.0065371277987957,-0.09067016839981079,0.5092783345270157,-9.644039083619646e-05,0.00023971293498218217,0.0008311891672193565,-0.012993342892543175,-0.0517191721739212,0.30272916006781936
0.2920255661010742,-0.7353006154298782,-0.8558807373046875,0.007351476641893385,-0.08939629793167114,0.5145490919494629,0.00029810993553057615,0.00042078473897347817,0.0003267660382351057,-0.014578341857172125,-0.014347983850729953,0.2930725760107835
0.2697885036468506,-0.5827401429414749,-0.8812255859375,0.008389884092211721,-0.09265170991420746,0.5138902790546417,-1.039965295117698e-06,0.00019293684677945992,0.001975285301872138,0.0023343330294266175,-0.06345694167872264,0.297446886764302
0.24005615711212158,-0.7864169031381607,-0.7957000732421875,0.006686567451357841,-0.09547948837280273,0.5005734703397751,-0.00020827286780622338,0.00032165920172402287,0.000979273069591828,-0.01845384116371464,-0.06054890331635894,0.2909803278090137
0.14258253574371338,-0.5992144495248795,-0.741790771484375,0.003527993927001951,-0.09149909019470215,0.4700887600851059,0.0003681505481547935,0.0002747522639911429,0.0005541244917216129,-0.014611477234748699,-0.013750098130240737,0.26913996916103855
-0.0035675764083862305,-0.9160849004983902,-0.6416473388671875,0.0011025811845064154,-0.10175076127052307,0.4359953673505783,0.0005340990312817321,0.00018643209275515224,0.0005363689457557014,-0.005225530255944421,-0.0010671087979390874,0.2516694016711344
-0.003244638442993164,-0.825299933552742,-0.6684112548828125,0.004686524373292922,-0.09298233687877655,0.3976912824726105,0.0006480781920887701,0.00021921032607298628,0.00159621725328774,0.009546658425580286,-0.015945382205133078,0.22819664808551837
0.09746706485748291,-1.0080659538507462,-0.7144622802734375,0.008980049363970757,-0.07983392477035522,0.3407854385519028,0.0007409352314410901,0.00012797645085728079,0.00015405215895917613,0.036115573533970664,0.03481617857951318,0.19813804158728698
-0.28651952743530273,-0.7738323956727982,-0.9064178466796875,0.017601068985164163,-0.08297082781791687,0.2777618956565857,0.000514434750743511,-0.00015414988066434106,-0.0003427392709122515,0.02028459749892585,0.030655949188220358,0.18236658161402616
-0.44231224060058594,-0.36337096989154816,-0.6216888427734375,0.009130572239756583,-0.08531728386878967,0.24532173107147218,0.0006119408774424183,-2.806912229000617e-06,-0.0002988094790381229,0.017730199607325154,0.03312944909865766,0.18674230660222146
-0.4657655358314514,-0.833763375878334,-0.6875152587890625,0.012550128285884855,-0.07088364660739899,0.268699906065464,0.0007920356547613137,0.00010052871316869197,-0.0006881028628493086,0.019169759781586346,0.0409979130462449,0.1901957505794826
-0.32227838039398193,-0.902365580201149,-0.7623291015625,0.017453746715188026,-0.06203644722700119,0.28469929181575776,0.0007335783227615808,6.921788561152042e-05,-0.0006589894573352351,0.01803023402985614,0.043594798867186965,0.19166025022076444
-0.23938041925430298,-0.6176743060350418,-0.6013946533203125,0.00768752559840679,-0.06588385254144669,0.27899441755533216,0.0007212272999604138,-3.5309454091214795e-05,-0.0006228725857767041,0.02134350877114876,0.04371316211058596,0.19200893606958092
-0.261417031288147,-0.3720233589410782,-0.77557373046875,0.014973853011131286,-0.06807802617549896,0.283962389588356,0.0006774698608098245,0.00015555313755912404,-0.0005752173801832374,0.01645019763019817,0.036987939972045865,0.19094424103403881
-0.3841327428817749,-0.38808049261569977,-0.6750030517578125,0.0092135716471076,-0.06906428933143616,0.267014676527977,0.00017022939028108787,0.0002084156145968736,-0.00011435438492590579,0.004153023246546041,0.00026745456190439197,0.1858596567206922
-0.3435920476913452,-0.0008643269538879395,-0.704010009765625,0.013327090753316877,-0.058306850492954254,0.23417433629512788,0.00037260917040328207,0.0007200404613197032,-0.0005297930482123716,-0.011648803265653297,0.015129389029955422,0.15077060090447006
-0.492093563079834,0.5772676914930344,-0.6331329345703125,0.01483462882310152,-0.051583416759967804,0.19169043836593627,0.00038868262205835405,0.0007729614974466237,-0.0006118280216777858,-0.012281216033101885,0.014119681131622543,0.12150326702291046
-0.3899484872817993,0.6205577701330185,-0.8134002685546875,0.023195438047051428,-0.04445086419582367,0.1382412678003311,0.00035780570806225953,0.000755990897693706,-0.0004493851406316066,-0.009072662709553363,0.013031142295732401,0.09903054537263378
-0.24677425622940063,0.9854243844747543,-0.6742095947265625,0.017903410652279853,-0.0423537939786911,0.11429788175821304,0.00030954137285477395,0.000903046889587034,-0.0007738573182198844,-0.014437703229122797,0.010692280085955776,0.0954289926010818
0.04630160331726074,1.2275634855031967,-0.737396240234375,0.021707209419608114,-0.02973315864801407,0.10454149430274963,0.0002113378890082544,0.000876456638657891,-0.0005375377303122312,-0.01256474589369751,-0.0027797033263539292,0.09848592990372294
0.11292898654937744,1.306501492857933,-0.713531494140625,0.01973387387573719,-0.02629835158586502,0.11687455380916595,0.00030806135958620813,0.0012148766557766929,-0.0006458398613978106,-0.016441390152661668,0.0018389162212812781,0.10492412013225134
0.20440387725830078,1.52140973508358,-0.629425048828125,0.014295461215078829,-0.0249321386218071,0.1290057219696045,0.0004923473708589917,0.0007064260008883733,-0.0006072165973711654,-0.010331037764293394,0.014913765002969584,0.09934161889699342
0.011140823364257812,0.5565874427556992,-0.826690673828125,0.024957698006629944,-0.02469625324010849,0.12441593139648438,8.287129742439456e-05,0.0010138196203531074,-0.0009133738922223353,-0.020684353817053247,-0.007123653136405535,0.09955283112589411
-0.1536368727684021,1.1815008968114853,-0.9511871337890625,0.027783982010483738,-0.027282990515232086,0.10688082034826278,0.0003438931384672486,0.0011000744100075404,-0.0006837229474715335,-0.007881615288328599,0.01518951760669766,0.08632954556427355
-0.31935805082321167,0.804910883307457,-0.9896240234375,0.03121682945728302,-0.02033962309360504,0.08471632645368576,0.000720488760802677,0.0007798969276473671,-0.0009280567552647393,-0.004871723260750504,0.03926445274145512,0.049818623588388414
-0.36981135606765747,0.7605617493391037,-1.1529998779296875,0.034598451240062715,-0.02191823720932007,0.037254665958881376,0.0004126423845175183,0.00017177838239554956,-0.0008215479551546402,0.001782729341517237,0.03709368692205353,0.013949644259798001
-0.5005702972412109,0.8889711946249008,-0.9764556884765625,0.02486329899251461,-0.0165017731487751,-0.015788636817932127,-0.00021289092032245868,0.0012934138252244994,-0.0008092327676924854,-0.0004832327846456799,0.028033398098246468,0.008103700813011896
-0.7361644506454468,1.0030661672353745,-0.9197540283203125,0.020717935592234133,0.00045641884207725525,-0.05536140558719635,-0.00019993927313817375,0.0012346417081317929,-0.0009645572939481554,-0.002675825207609654,0.006524773434016487,-0.018262003779397733
-0.7900538444519043,1.153738483786583,-0.7983245849609375,0.016766059256196023,0.011309649795293808,-0.09165865236282349,-0.0004482043263678312,0.0013834560980907863,-0.0005829074574189847,0.0009286335230565111,-0.009410302353745625,-0.03338332321867137
-0.9312645792961121,1.465479001402855,-0.6572418212890625,0.01135378515690565,0.01514832116663456,-0.1090847645688057,-0.0005279796958656128,0.0008047436480239083,-0.00018369677188259843,0.0017422778040923905,-0.02348885769063285,-0.0436413792870201
-0.9044326543807983,1.1165238469839096,-0.7110137939453125,0.01575192161232233,0.02011420764029026,-0.1059398158121109,-0.0002660132527086312,0.0013143029049466602,-0.0007029071649884493,1.1215837262025117e-05,0.0012639254801739101,-0.03545837950100274
-0.7421140074729919,1.4289373010396957,-0.71295166015625,0.015846925575137137,0.02518473193049431,-0.1038763628411293,-0.00032661059485980114,0.0007256982992360143,-0.0002627428841363587,0.002339330479046131,-0.011983142045980267,-0.044545525268671386
-0.7517601251602173,1.1360564082860947,-0.81610107421875,0.022416948241591454,0.021759197115898132,-0.111188624625206,4.258505770602956e-05,0.0011508656365236648,-0.0002334371224378022,0.004024498955450657,0.01691059232220429,-0.06283713898562972
-0.8154873847961426,1.322253331542015,-0.6763153076171875,0.014901613987684248,0.020051760599017143,-0.1279874235343933,0.00017368330666265403,0.0012131951080777848,0.0005897644531103906,0.01413073873563626,0.01832516160252429,-0.08058017449747769
-0.7934693098068237,1.5909904092550278,-0.4682769775390625,0.004865804748833179,0.03634209185838699,-0.1529216603899002,7.726135573636606e-05,0.0010846294216176509,0.0010831322878666124,0.01914589474810221,0.0016751490328031136,-0.09951429920862588
-0.7920929193496704,1.618454560637474,-0.37030029296875,-0.0014867142263054849,0.038751184940338135,-0.18313039239406587,0.0003158127256239927,0.001152984052829239,0.0003615400339217204,0.010135819333719254,0.0047743936913031155,-0.1335043468666228
-0.7734789848327637,1.394806131720543,-0.4183197021484375,-0.0008031250476837164,0.04410076513886452,-0.2252793091392517,0.0004820731600815864,0.0003218135426418303,-0.000342476685944871,0.012422600129774225,0.055805984703414226,-0.13901019339739093
-0.6404613256454468,1.1215452998876572,-0.4425201416015625,0.0007867200711369517,0.04769621789455414,-0.2655257017564774,0.0008110976571597617,0.0006713013636856246,-0.0015828693723250915,-0.0029910821066945715,0.0749710271085342,-0.18670569388972685
-0.6005145311355591,0.8967336267232895,-0.36334228515625,-0.005239369107484819,0.061238616704940796,-0.31952868323802947,0.00028628142081620934,0.0008973894804591261,-0.0012887989478185787,0.0008916719336393567,0.04155575200430369,-0.20296054055947596
-0.583598256111145,1.0568030923604965,-0.3775482177734375,-0.00704124501824379,0.06343433260917664,-0.3636387562131882,0.0003276008519248544,0.000649475881244146,-0.0010991015410392745,0.004706531593167258,0.03315113261466777,-0.22723497137664617
-0.509256899356842,0.7486674636602402,-0.4189300537109375,-0.007048674660921097,0.0734124481678009,-0.39119855571508405,0.00023287213012829992,0.0003733461671729465,-0.0004541218648598847,0.013382992543550548,0.02395304043170793,-0.23641850856697608
-0.549305260181427,0.45229966938495636,-0.198211669921875,-0.013160007038712502,0.07708483934402466,-0.39453110838651656,0.0003499101015155097,0.00019982438019416947,-7.359460795669536e-05,0.0153400943411741,0.0123507799804114,-0.24682521857236395
-0.5533217787742615,0.4415407031774521,-0.39117431640625,-0.006869835550189019,0.08627995103597641,-0.4094035944199562,0.0004296674378495482,0.00044679189668768795,0.00043745279091906566,0.015809077797060592,-0.046332086659409924,-0.2634739746942552
-0.3529854416847229,0.4709261506795883,-0.585601806640625,0.0005806427937746043,0.08133464306592941,-0.4120155594420433,0.00040945986126296983,0.00043927857868894613,0.0003330002928774447,0.014884674678594549,-0.03965625829089531,-0.2633932784490822
-0.30571335554122925,0.5571297258138657,-0.6092071533203125,-0.0017729056179523472,0.0863925963640213,-0.4140773768162727,0.0003954458037379281,0.0005093510665706457,-0.0001734547392266331,0.007674541144024419,-0.03677943458756274,-0.264782221273132
-0.2868571877479553,0.7499841302633286,-0.699371337890625,0.002550371987223625,0.08438717573881149,-0.4203835120558739,0.0004866685879872327,0.00029230239745388017,0.00020179086613007449,0.013024771627022293,-0.041117259940559175,-0.2679296975333511
-0.20579040050506592,0.5974553674459457,-0.649658203125,0.001723537888526916,0.08799201250076294,-0.4124677235841751,0.0005213744696374329,0.0002781337118498454,0.00033250246484385165,0.01734818972410569,-0.026265770419774504,-0.27048350289936257
-0.2773374915122986,0.4472389966249466,-0.7381134033203125,0.0037272880148887626,0.09024564921855927,-0.4330364520096779,0.0010372001150475568,0.0002639451062173185,0.00018632160218915638,0.018824715480680283,0.029726956468265182,-0.2966913189907353
-0.4236171245574951,0.3544798046350479,-0.683441162109375,0.0028177335172891622,0.08317214250564575,-0.4677818736934662,0.0009577541259509388,0.00025286432956244385,0.0005337565734513136,0.021876356210327814,0.021495295398136407,-0.31779086050924826
-0.5559267997741699,0.5159963220357895,-0.56414794921875,-0.000924888063669204,0.08863924443721771,-0.502453940448761,0.0006697476767667035,-0.00015650655464127274,0.0008128009267256281,0.026172791818573144,0.008530526736164562,-0.33244969850948053
-0.5463294982910156,-0.126017227768898,-0.42694091796875,-0.0057339757710695265,0.0913238674402237,-0.514448888130188,0.000358209896356914,-0.0006327375354211757,0.0011997787578201461,0.030974536337789318,-0.020690459030461805,-0.3369493292195852
-0.33051037788391113,-0.17170508205890656,-0.4763336181640625,-0.003517670498490333,0.07770601660013199,-0.5278628625011444,0.0006561607584627208,-0.0006040519325151057,0.0014423360431833948,0.03535504687806216,-0.006909237148924199,-0.36743920287109444
-0.5281736254692078,-0.1137198656797409,-0.2968902587890625,-0.0054482713890075685,0.05928222835063934,-0.5590767888379097,0.0005782532439715261,-0.0008016923496738504,0.0015367598028477923,0.03521420196172122,-0.009830168497419045,-0.3697724630924183
-0.1904568076133728,-0.38945747911930084,0.0130462646484375,-0.01767834886610508,0.061163268983364105,-0.5406849941849708,0.0007816043848544625,-0.0004481969805970789,0.0013633634891157126,0.03627498636434153,-0.00443456599368814,-0.3649320306892349
-0.1060795783996582,0.247425839304924,-0.254638671875,-0.012353131340742111,0.06717659533023834,-0.5401501591682434,0.0007716556980379083,-0.0004990514866872002,0.0014186071706624697,0.037879009281013,-0.004886582969523329,-0.36452992997962047
-0.004043102264404297,0.28483568131923676,-0.2550506591796875,-0.011238907897472382,0.06627244502305984,-0.5431526145744324,0.0008551252943985628,-0.0005005351744944265,0.0013006668549547724,0.03842035113807677,-0.00032701188635152184,-0.3679667006401997
-0.020801186561584473,0.1691545993089676,-0.3830413818359375,-0.00839722321510315,0.07069330662488937,-0.5504976090574265,0.0008788512156286728,-0.00023892273543272072,0.0015478022397167942,0.045940106459700904,0.0002971128157755517,-0.36673071920753725
-0.02794826030731201,0.3032413572072983,-0.4943695068359375,-0.009571494367122652,0.07535848021507263,-0.5503893516397477,0.0009039267981417361,-0.0004198589885873057,0.0014934824701305117,0.04640510328464665,0.0006492278563703198,-0.36784680089592436
0.2574511766433716,-0.12300492823123932,-0.525665283203125,-0.006440295547246934,0.07503242790699005,-0.54264003054142,0.0009192307146556247,-0.0005376470675076358,0.0016198383508466945,0.04759945889142015,-0.001939701284471695,-0.37011278916195817
0.4310324192047119,-0.06615416705608368,-0.6128387451171875,-0.003883381487727166,0.07606213539838791,-0.548180290594101,0.0010289575493366253,-0.0006449317288571363,0.0014346725726416697,0.043552752013451025,-0.0010489231912427844,-0.3781514901432278
0.42602670192718506,-0.040211454033851624,-0.5057830810546875,-0.005606878463625908,0.08211145550012589,-0.5625337781858444,0.0010509870491050358,-0.0007002755273120462,0.001511712704938172,0.04436137717276769,0.0031936115425825295,-0.3821429126066928
0.3746509552001953,-0.13228999078273773,-0.439483642578125,-0.011464069582223893,0.08980104327201843,-0.5606345925331115,0.0007992366901134404,-0.000570526842874189,0.001340835175315716,0.0406674745527538,-0.016253894492119392,-0.3723664538018254
0.31594669818878174,0.41326309740543365,-0.4471282958984375,-0.010207332949638367,0.09159199893474579,-0.5601455290651322,0.0009850180729025458,-0.0005698342549589671,0.0014399632562825731,0.043875980165094225,-0.001914767401976918,-0.37329540178251697
0.5145772695541382,0.19295361638069153,-0.4425201416015625,-0.011184119392037391,0.08880273997783661,-0.5525177297735214,0.0008529808973421118,-0.0006068699326276931,0.001518792956010161,0.040419351300274034,-0.019511711554807052,-0.37457147219422277
0.4643678665161133,0.43805651366710663,-0.40777587890625,-0.015375690933465958,0.09117021411657333,-0.5627281551361084,0.000945817925216634,-0.0008832372772872693,0.0016501371088513562,0.04191605942950295,-0.013482535739459678,-0.379791113790681
0.5195796489715576,0.1643122285604477,-0.463531494140625,-0.010612937461137771,0.09331773221492767,-0.5596462247371674,0.0008062057857878765,-0.0009324287700732723,0.001767075242921475,0.03744574146599815,-0.028368844815192078,-0.3804579258708903
0.5850487947463989,0.5578896850347519,-0.4687347412109375,-0.01066608802318573,0.09534354507923126,-0.5581640668153762,0.0008793639652524103,-0.0008756076542157197,0.0017625139933375045,0.03821061822553272,-0.02398604457497044,-0.3722444366662047
0.5557202100753784,0.5786508768796921,-0.4850006103515625,-0.007249220064282417,0.08481255173683167,-0.5270990086126327,0.0008110647981621807,-0.0005310101810719978,0.0022662293847775534,0.03592614602252905,-0.07308709678784171,-0.3692352614911167
0.40086281299591064,0.5604706853628159,-0.30157470703125,-0.013505856862068177,0.0927809476852417,-0.4893085936975479,0.0005786958930442954,-0.00042354691632682487,0.0012564259573105768,0.017145823989016377,-0.07656690378513305,-0.34905532613125234
0.3529311418533325,0.8694788068532944,-0.3661041259765625,-0.007668836404681207,0.08353070169687271,-0.46515347036838534,0.001296924872141442,-0.0004086462513188637,0.001133486138713999,0.029117460935093806,0.010420134788047276,-0.34013190957497685
0.30581557750701904,0.4486585706472397,-0.289093017578125,-0.009176607788205147,0.07991358637809753,-0.43819012652873995,0.0011857547363747587,-0.0002007914437966305,0.0009027144342822538,0.028823440256029582,0.014612170315435219,-0.3196153174844877
0.17903649806976318,0.27190251648426056,-0.36444091796875,-0.00625519477069378,0.07763682305812836,-0.4028713632726669,0.0011647437311976365,0.0001841819283406274,0.0003744526009882292,0.025667625780069557,0.025501032387137895,-0.28873588699211217
0.28999507427215576,0.6129757016897202,-0.3773345947265625,-0.003525415181517602,0.07776383310556412,-0.35424697968959806,0.0010323716770009412,0.0006464945716722038,2.0367397994003724e-05,0.021818926834456985,0.02127442738266585,-0.2628370609335954
0.4058713912963867,0.6233590692281723,-0.3890380859375,-0.0004412870264053348,0.06829119473695755,-0.30885981380462646,0.0012004868252527261,6.680008373536543e-05,0.00015585687924459782,0.02702378275865109,0.0342889336375313,-0.24295412840940434
0.4914466142654419,0.5391951650381088,-0.317962646484375,-0.0026613385546207426,0.06304740905761719,-0.2804387615060806,0.0005071548744382702,-5.509207537923949e-05,-1.47606352551233e-05,0.026607429590458122,0.01924523709340292,-0.23217030438712727
0.1945652961730957,0.7181691974401474,-0.3851776123046875,-0.00013924873352050803,0.06845736503601074,-0.28458284524917604,0.000609352815313411,-0.00010109612457398476,6.61714472579161e-05,0.0275253344760181,0.020257024844005,-0.2316859397836845
0.3967188596725464,0.663813516497612,-0.4441070556640625,0.0010975488245487212,0.07163161039352417,-0.27246975570201876,0.0006494169356855437,-0.0002811582045811046,0.0003308322023945723,0.02815349694786905,0.01459841500808927,-0.2256333224470552
0.3739265203475952,0.5519698113203049,-0.4421844482421875,0.00026524900704622163,0.06663129478693008,-0.2612669262266159,0.0006454478858050434,-0.00029438862290961996,0.00031946998504800623,0.02754596328025919,0.013586194649401981,-0.22090668949444278
0.42566192150115967,0.5370805114507675,-0.5891876220703125,0.005748485615551472,0.06529925763607025,-0.250238962931633,0.0010577157856893936,-0.00041525246088998217,-0.000645222521894686,0.017813757367522064,0.043983093081942655,-0.214143800969963
0.5356041193008423,0.19238805770874023,-0.7069244384765625,0.009744438462555408,0.06150321662425995,-0.2247330638742447,0.0006646960820806931,-1.80273035891292e-05,-0.001218943960272135,0.009119235195037387,0.058290725722623254,-0.18393915162634678
0.42788219451904297,0.08031830191612244,-0.6948394775390625,0.010974805461168288,0.0653485506772995,-0.19224470512390138,0.0008759896397343113,0.00019655996522502134,-0.001716046590154068,-0.0015969734696850472,0.04532398428391777,-0.16664644032496415
0.5490703582763672,0.38186244666576385,-0.6905975341796875,0.011222093997001647,0.05863549932837486,-0.1470458134841919,0.0010062748844004744,0.000257992382825422,-0.0015288668880768046,0.0005594608951758383,0.0615345937058618,-0.1283683696986696
0.3294898271560669,0.21411027014255524,-0.69964599609375,0.011367082543969155,0.05223521962761879,-0.09297191338062287,0.0009656768909364149,-0.00024103800453377888,-0.0006179508062232019,0.0111256373182939,0.04630677062088503,-0.10895423740142648
0.29436612129211426,0.8135110586881638,-0.828460693359375,0.01838489832639694,0.039691511541604996,-0.04096171101570129,0.00121731822242531,6.224697412574563e-07,-0.0006576973118777505,0.01091768814658159,0.04269312953030111,-0.08860018230424223
0.38803601264953613,1.319195494055748,-1.1156158447265625,0.026725070504546165,0.03607177734375,-0.03331244877815247,0.0012193652003846568,2.581763017553106e-05,-0.0006003587316107271,0.011217505010828719,0.042845531533130116,-0.09090059274306068
0.5473606586456299,1.2764551490545273,-1.142059326171875,0.0273458612704277,0.02386564388871193,-0.03900306408882141,0.0011720418353313193,7.276544117522786e-05,-0.0006673802221981307,0.010432322280866439,0.04396222847392308,-0.09245092780939294
0.3435192108154297,1.6408177465200424,-1.0193023681640625,0.024606332641243935,0.028844643384218216,-0.047310593185424805,0.0010866672661727127,0.00012277734125767115,-0.000631413834885093,0.01171669714661474,0.049086671474667116,-0.09874831163724279
0.17775249481201172,1.7337230294942856,-0.8085174560546875,0.017306784750819204,0.027008812874555588,-0.04925977813720703,0.00118093440151766,0.00020319201741745408,-0.0005449598123718825,0.011110531628163852,0.041106664405878485,-0.08749014216370546
0.2689405679702759,1.6687183231115341,-0.79925537109375,0.018014922645688054,0.036849334836006165,-0.0362981951379776,0.0011520855098282106,0.00030637958003834826,-0.0005662709440286984,0.008951810906665218,0.03596519012666024,-0.07384900893136326
0.406063437461853,1.5471051782369614,-0.7687835693359375,0.01708823758482933,0.0345005989074707,-0.006418747344017029,0.0006781784775376682,0.0008955067656508446,-0.000864724518769592,0.00260045795802752,-0.00312035278884682,-0.03485228661365985
0.23785078525543213,1.417803630232811,-0.911865234375,0.024751246535778045,0.02390447072684765,0.024531922087669373,0.0005831239010493114,0.0010853038594287414,-0.0010647067086591998,-0.0012092194073199346,0.002123251271700148,-0.01978310107404776
0.16263651847839355,1.1780152171850204,-0.8203125,0.019124989064037798,0.01851048320531845,0.050152913637161255,0.0007262469213625662,0.0010342169492284982,-0.0008103189101382691,0.003039715853520708,0.023702844210415894,0.001845044591852424
0.12850093841552734,0.934889480471611,-0.9187469482421875,0.025369749476909637,-0.0004250071942806244,0.09143183929443359,0.0012628603181023374,0.00037217515414781396,-0.0003392890320933065,0.011159286034025523,0.028742070591841046,0.006782339680173202
0.3333064317703247,1.091575250029564,-0.7214813232421875,0.01815516082316637,0.0027453452348709106,0.11282769149303436,0.0012574671407850637,0.0006348448000855772,-0.0006164280835956435,0.00677816074199126,0.028756335347073867,0.007630121765594754
0.3478085994720459,1.4317357391119003,-0.813385009765625,0.023092438795566557,0.005728263407945633,0.09968233361244201,0.0012554184395442499,0.0005705590530444488,-0.0006456248740222312,0.005260199174607433,0.029142368658705783,0.008528218333400908
0.38884496688842773,1.1798751205205917,-0.681793212890625,0.01753971267223358,0.0020529888570308685,0.10360866693496704,0.0013140585751851932,0.0006778996824503601,-0.0007970767831843449,0.004443334661137704,0.036853156975415975,0.007964601341814996
0.1469055414199829,1.4974937289953232,-0.665130615234375,0.016885054609179495,0.00890946015715599,0.09903416024684907,0.0012772092270443404,0.0006709703256292074,-0.0005531791917356974,0.007000203967809829,0.03778761899046714,0.015359092659003613
-0.10845470428466797,1.2699830383062363,-0.70025634765625,0.020007481901645658,0.0060766711831092834,0.11836561916351318,0.0012137378351551155,0.0007252663506809743,-0.0005660642421513076,0.0020654135276340206,0.0330026283914271,0.03880577903263608
-0.4002186059951782,0.6339226216077805,-0.682281494140625,0.022169074425697325,-0.003336150199174881,0.16065908819675445,0.0008919959138494193,0.00030854290041232914,-0.0008236717079676775,-0.011729103143338426,0.01780898892480995,0.08822314999947518
-0.43965375423431396,0.18247002363204956,-0.724853515625,0.023490451291799545,-0.0010125413537025452,0.21663011563777923,0.0007848424945005586,0.0006604355197081643,-0.00034267433049970226,-0.009549035186922402,0.01171154347314239,0.12553812849299748
-0.22471565008163452,0.07817438244819641,-0.9311676025390625,0.030377603009343147,-0.015248101204633713,0.26196168519735336,0.0007728559353196328,0.0009590069098044313,-0.00041284253460290113,-0.01041531045460718,0.016107251585976493,0.13592254015281527
-0.2706702947616577,0.437380388379097,-0.9814910888671875,0.02866111638367176,-0.01714443415403366,0.2702314874792099,0.0006533334681291256,0.001072440426350764,-0.00043154306699481426,-0.012000877604912266,0.012987490281451396,0.1421075952641969
-0.2766333818435669,0.5184337943792343,-0.9403228759765625,0.025333893820643424,-0.019177362322807312,0.2781370027589798,0.0006706235558475394,0.0010718074614759325,-0.00035371537368082245,-0.00899788506528688,0.01656852372178057,0.14990212628137226
-0.28004318475723267,0.32561932504177094,-1.0227813720703125,0.026509626061320304,-0.02336198091506958,0.2905095226883888,0.0006674428168606077,0.0010389888311150377,-0.0004356502198198137,-0.006070182807669322,0.016471071649264115,0.16117648230849124
-0.180528461933136,0.36439673602581024,-1.020294189453125,0.026222017372548576,-0.02562200278043747,0.30580853530168534,0.0006111128271875862,0.0011702737367254117,-0.0004973478567920149,-0.005986519128692232,0.018206672979790915,0.17119246849661798
-0.13685059547424316,0.4794635623693466,-0.9754180908203125,0.023785493269562717,-0.02155158668756485,0.31736981217384336,0.0006665078424164684,0.0011928115667593753,-0.0005723897266808051,-0.004975515549786648,0.027620837483622783,0.1781519810202091
-0.0979224443435669,0.4403439313173294,-0.99249267578125,0.025905971399545667,-0.02764791250228882,0.33686143959522247,0.0005425204548304141,0.0013854805511830798,-0.0015042894013289454,-0.024298622462284557,0.030172288709565228,0.18735237085011874
-0.23718130588531494,0.797491118311882,-0.86407470703125,0.022811344240307806,-0.021316103637218475,0.3485026357126236,0.0006076686553331328,0.001064028891717664,-0.0007331321806805932,-0.0021399799015352954,0.033506261142717944,0.19372843396750217
-0.2664784789085388,0.8469137996435165,-1.0363922119140625,0.024447805389165876,-0.025880880653858185,0.36939368873357775,0.0010314882900623514,0.0004878404830358906,7.875669028780904e-05,0.04913733608076551,0.05552017840502142,0.20554740116143289
-0.2951972484588623,0.7308215349912643,-1.0567169189453125,0.025147337366342545,-0.034338317811489105,0.38020098059654234,0.0009763477446538566,0.0007595213582751843,0.00011765633663711407,0.04335241843620024,0.05021260070822329,0.20329863780318308
-0.14733588695526123,0.9919460862874985,-0.939208984375,0.01697386080056429,-0.03758420795202255,0.3682084387159347,0.0007879115686462252,0.0011503415926837329,8.749182949935514e-05,0.019190281823979534,0.03432903497037631,0.19520174008716387
-0.1993386149406433,1.187631830573082,-0.96258544921875,0.018466802155077455,-0.03200764209032059,0.36313437853574754,0.0008461030148387144,0.000737310029908022,9.727688217511777e-05,0.04532197022442633,0.048189614933914715,0.20805168358646542
-0.38465404510498047,0.8827077001333237,-1.021148681640625,0.019134156960546968,-0.03606624901294708,0.38000560916900633,0.00041246152041953237,0.0005890863517581243,0.0011672205720225245,0.03180141921999466,-0.013225185537492346,0.2197494753605148
-0.03983712196350098,0.7709521502256393,-1.0107879638671875,0.01984346506267786,-0.03673757612705231,0.4066215662097931,0.00040729435417664796,0.0009068355732396712,0.0009822768377904115,0.02351975287950139,-0.0231693204183395,0.23293710276253476
-0.027735471725463867,0.7832460254430771,-1.0311737060546875,0.022710755959749224,-0.05237980931997299,0.4298854249858856,0.0003823137075115602,0.001088771584647938,0.0008019451658470248,-0.010181011418109155,-0.025702723028992135,0.23920023148803285
-0.10355103015899658,0.18335968255996704,-1.0409088134765625,0.020237749426364894,-0.05355022847652435,0.4493997224855423,0.00037513745294279373,0.0012958081776162263,0.0008354037976278727,-0.007328799261053902,-0.02308050895525946,0.2472697219291928
-0.062105774879455566,0.22838900983333588,-1.146209716796875,0.02403646082699299,-0.05158402770757675,0.45546109575748445,0.00035737321076712014,0.0014261790269799964,0.0006570336358062171,-0.010905763926971745,-0.02542086986558153,0.24805048695035026
-0.040061116218566895,0.4415706843137741,-0.999755859375,0.019066958281397817,-0.05360642820596695,0.4580197888994217,0.0004995939691084441,0.0008470648290907907,0.0014376670131060114,0.0005829795768429086,-0.016514081225792773,0.2549909105414345
-0.14171278476715088,0.20742277801036835,-1.079071044921875,0.022758449415564534,-0.05692891776561737,0.47257366007328033,0.0006031100408945712,0.000900860212099234,0.0014226378874715713,0.002528920887280785,-0.011748029069398907,0.26311890509069946
-0.15592128038406372,-0.045548975467681885,-1.09332275390625,0.021556425161957736,-0.05145330727100372,0.48167029935121536,0.0005194569607869636,0.0009790398831804302,0.0014123345756905687,0.00270004796079906,-0.012602585070639973,0.2646795121108653
-0.12855970859527588,0.2296997755765915,-1.081787109375,0.019335572167634964,-0.06131966412067413,0.48078522135257723,0.0005030804845578812,0.0010000631455542657,0.0012512143943998986,-0.0006396145307733192,-0.011936302605776687,0.2624296747569431
-0.06217837333679199,0.3480655997991562,-1.1074066162109375,0.01810239712893963,-0.05756485462188721,0.4710189519405365,0.000511875588633505,0.001000340637505102,0.0014012421276102984,0.0018260954234071809,-0.010821778130823297,0.26083214687536665
-0.12334072589874268,0.39155708253383636,-1.0670623779296875,0.01816995582818985,-0.058938294649124146,0.46237790600299833,0.000520379589730495,0.000966122249641271,0.0014042632483487652,0.002520403150827855,-0.012055944754751797,0.26456042081818937
-0.08030545711517334,0.12229301035404205,-1.1437835693359375,0.02259956880420446,-0.06050892919301987,0.4771690178823471,0.0005567076041207188,0.0009841917633503885,0.001246237731772416,-0.0010806073914788016,-0.010904961172608288,0.2719522467195536
0.12738513946533203,0.31984640657901764,-1.1396331787109375,0.021652709597647188,-0.05350516736507416,0.4952075162124634,0.00045831635736308385,0.0010993813423127066,0.0013308481045327372,0.0005949968944631933,-0.018965481889499165,0.28313547945240025
0.19475746154785156,0.12688016891479492,-0.9800872802734375,0.016843510606288907,-0.05710959434509277,0.5238544524383545,0.0004024996431892039,0.0009226092471283064,0.0004876658076955256,-0.009796664679041073,-0.008271210518451902,0.3030235795106612
0.26420891284942627,-0.004110872745513916,-0.69537353515625,0.00425085870504379,-0.06038529425859451,0.5533293852567672,0.00023434995485036893,0.001112436723963101,0.0004230307573447012,-0.013230894959060008,-0.009899347537596498,0.3110291463266608
0.34361839294433594,0.26488856971263885,-0.701080322265625,0.002059728592038155,-0.06452784687280655,0.5608256620407105,0.0001870450980615019,0.0011611086301505642,0.0012160785670282412,-0.000440617566642326,-0.021739685376186563,0.3164746442611785
0.322116494178772,0.3581480234861374,-0.80438232421875,0.009499384927153586,-0.06635887175798416,0.5738546971273423,0.0002737606463087492,0.0012655608003853717,0.001525955686683455,0.0013126472818820864,-0.025007783239779872,0.3208411585867913
0.3267248868942261,0.20090781152248383,-0.952301025390625,0.012664913782477374,-0.06818234920501709,0.5806038493013382,-3.178384380617301e-05,0.0012161596062102691,0.0005656882262039437,-0.017226261042127135,-0.02198960207005445,0.32970362863749253
0.33111727237701416,0.297381654381752,-0.9737701416015625,0.01285635650038719,-0.0661124512553215,0.5852373666906356,0.00026772594027305724,0.001466587478442421,0.0015728437272109637,0.002109164826934765,-0.023529022551154116,0.32942370559533635
0.3949695825576782,0.11427877843379974,-1.0770111083984375,0.014433092833757398,-0.06407637894153595,0.5906575040578842,0.0001998557576661994,0.0014262472445452398,0.001467734803214325,-0.003069952016380093,-0.027389576401131363,0.3265914845561999
0.45277905464172363,0.5328588336706161,-0.9156341552734375,0.008800946016907691,-0.06831417232751846,0.5837680939006805,-9.491646747748425e-05,0.0012418127440511463,0.0005550415493162075,-0.018631040801000056,-0.022475043478159987,0.33039547347592485
0.21686303615570068,0.41347654163837433,-1.0859832763671875,0.016558649643659593,-0.06719446182250977,0.5764232289743424,0.00019744791139097648,0.0014100903575221737,0.0015342472020661929,0.00039083405404912304,-0.025939932579408184,0.3275531925848532
0.1458796262741089,0.27284033596515656,-1.127227783203125,0.017879640418887136,-0.06844230741262436,0.5771119219636918,0.00017883895730504487,0.0013439596688690628,0.0015720808473987766,-0.0008164967873917474,-0.0284401149132667,0.3282652161058196
0.19789445400238037,0.1781657189130783,-1.14849853515625,0.01637098744034767,-0.07155092060565948,0.5825150443506241,0.00016497534696802152,0.0014885691599073455,0.0015841185563844774,0.0019494300869499351,-0.023505112700682926,0.32777645253399373
0.1129685640335083,0.3446701020002365,-1.23699951171875,0.020930372218489646,-0.07051342725753784,0.5772608343076706,0.00022386776085043213,0.0013491547078512815,0.001567045283233442,0.002652595312068005,-0.023514085426940546,0.3279712860717467
0.1111154556274414,-0.12074209749698639,-1.0634918212890625,0.014149658511877057,-0.08037981390953064,0.572995202178955,0.0001267843815335231,0.0012997828800266028,0.0015706057866648304,0.0026204613668595615,-0.022315937377719752,0.3317503864925554
0.03417706489562988,-0.11029146611690521,-1.058074951171875,0.014652669115662577,-0.07623270899057388,0.5883983184719086,-0.00047600497602729927,0.0006410117679830753,0.002143520936584748,-0.0006558426434807931,-0.06980694895937525,0.3431358122768158
0.06451213359832764,-0.1649307757616043,-1.0716705322265625,0.01707353626310825,-0.0755147859454155,0.6089741457796097,0.00023053719295030098,0.001347949449313616,0.0014566303637880771,0.010264878446311035,-0.014447071073814495,0.35262160445555496
0.16376984119415283,0.03302454948425293,-1.0888671875,0.016407976725697514,-0.06717687100172043,0.6285220557737351,0.00023930453965417126,0.0014130637446139306,0.0014857806530837261,0.0019969870138291552,-0.025151753672056337,0.3546874145944941
0.42406558990478516,0.3147832602262497,-1.047882080078125,0.015544923100471494,-0.0682435855269432,0.6352321287155152,0.0002213892366427668,0.0013830637763946915,0.0015570043811492967,0.006472900287599522,-0.02061451156126881,0.3544779664406852
0.3803657293319702,0.3279585987329483,-1.1579742431640625,0.019800425598621364,-0.07195442169904709,0.6292545991373062,0.00016907861655702378,0.0013245974105009313,0.0015010249900651743,0.006282031197763287,-0.018964275394079827,0.3516726778196619
0.1636199951171875,0.195247083902359,-0.9718170166015625,0.009571789155006408,-0.07495914399623871,0.6136241391372681,0.00016668057315196577,0.001381730669353475,0.0014532863344638358,0.005363020242032022,-0.01934135958367813,0.3509482442723209
0.25209999084472656,0.30302493274211884,-0.9067230224609375,0.009990115649700163,-0.0739220604300499,0.6127313242340088,0.00015962601446904007,0.0013237711788656862,0.0015513395741091442,0.005943632628939975,-0.02049050915320603,0.3518088965256379
0.3903331756591797,0.19343630969524384,-0.9495849609375,0.009230336253643036,-0.07915075868368149,0.6182809424972534,0.00019699331349908727,0.0013737291979975294,0.001525874712605777,0.006473355241566302,-0.019625493524526257,0.3522241866204115
0.3781733512878418,0.24937357008457184,-0.8647308349609375,0.005633782922625539,-0.07793780416250229,0.6189805087471009,0.00019248408674004715,0.0013227888360543844,0.0015340948077191404,0.006304013895849098,-0.020006751838656855,0.35228059103091963
0.3402702808380127,0.0775274783372879,-0.8839111328125,0.005641419236063955,-0.07571586966514587,0.6157010861110688,0.00021427231522498993,0.001326127610677863,0.0015595251058270997,0.005641904211429107,-0.021851016422421318,0.3536874139083552
0.29934489727020264,0.22262392938137054,-0.8399200439453125,0.007400436314940452,-0.0755491852760315,0.620383922085762,0.00017782210388450452,0.0014028779504834375,0.0015583318184151638,0.005731338804950698,-0.021227678514837315,0.35435684950923785
0.36988162994384766,0.35864029824733734,-0.8421783447265625,0.006626670624017714,-0.0742994174361229,0.6196851499176025,0.00021256822808346856,0.0014640003035554714,0.001521210192324998,0.006462861476414058,-0.019058206785036582,0.3513649250626056
0.32619547843933105,0.49788276851177216,-0.7364501953125,0.0037980630791187263,-0.06706234067678452,0.6099427314090728,0.00018489166849000767,0.0015364678359571417,0.0014518384406215388,0.005690916925860102,-0.019254997019464103,0.3506908621216906
0.29629361629486084,0.5647706240415573,-0.609771728515625,-0.0008211345952749277,-0.06528352200984955,0.6052453185129165,0.00017966968554459888,0.0014874063161631223,0.0014622092874642429,0.00487513088557914,-0.021256779131849143,0.35192935244925155
0.40026283264160156,0.42428652942180634,-0.6713104248046875,0.0007423572421073922,-0.06797071546316147,0.6112965607070923,0.00021173125868352918,0.001502656751497517,0.0014762841281070944,0.00543999027333882,-0.020395858126482893,0.35074584002768266
0.4329735040664673,0.5898021906614304,-0.6963958740234375,0.0025591061061620707,-0.07295800000429153,0.611814877486229,0.0002084674781652595,0.001461268875544011,0.001414537969768139,0.006711660479566056,-0.017287083037176527,0.3480566454183447
0.1435997486114502,0.38206563889980316,-0.7218475341796875,0.001774479632377625,-0.07296540588140488,0.5916075671291351,-0.0005115763685615369,0.000964726817684812,0.0021274244655111033,-0.001311425670260216,-0.06888038037749036,0.3437653571152439
0.31360507011413574,0.3097550719976425,-0.7891693115234375,0.004476266494989393,-0.06945203989744186,0.5644006491184235,0.00023467466571825552,0.001224863802815267,0.0015167187616551177,0.0028020906416308085,-0.023974743824894177,0.3203507654572773
0.25861191749572754,0.06213001161813736,-0.9026947021484375,0.01149870036303997,-0.06357495486736298,0.5031753369045258,0.0001108976062497418,0.0010740232556710645,0.0007358673554403106,-0.010754112799929253,-0.01093748959519449,0.29168881964727417
-0.11398589611053467,0.6907287091016769,-0.5043792724609375,-0.00486063537299633,-0.06647317856550217,0.4412928196287155,0.00041862839544685657,0.0013595639051254293,0.001706672771223181,0.011131212474786769,-0.008748246368802493,0.2735988341069122
-0.18266206979751587,0.7602417320013046,-0.6518096923828125,0.004261035381555558,-0.04942598193883896,0.41745948745965955,0.0004050447708726576,0.0013821736603901553,0.001529720332399968,0.007618066385998811,-0.00903112524738703,0.2677591770896946
-0.07029807567596436,0.9688826650381088,-0.5878448486328125,0.004708566948771475,-0.04233965277671814,0.408615383181572,0.00046294105499985506,0.0012526224562140291,0.0015935508959488876,0.008090884069156534,-0.009385297966908393,0.2623997531011111
-0.2306734323501587,1.0609158128499985,-0.593292236328125,0.004175092046260834,-0.04074052721261978,0.3949166102457046,0.00022609473751186888,0.0018849163570516642,0.0010610880967609566,0.011098608851433309,-0.0046168808407231485,0.26041517175254836
-0.29749834537506104,1.1777705997228622,-0.491058349609375,-0.0013045360547304166,-0.03605113923549652,0.3826027340555191,0.00017332247065157853,0.0016843110703989891,0.0006223200631359554,-0.008687357077145129,-0.018356547032951462,0.25660649787010814
-0.3641520142555237,0.9141815155744553,-0.356658935546875,-0.0026942997837066662,-0.03804686665534973,0.38296029861688613,0.00029155271955054636,0.0017618501209795126,0.0007655485169198347,0.01949721742878083,0.007785403712646731,0.25882550389062353
-0.23172086477279663,1.4862785190343857,-0.5208282470703125,-0.0013480058002471942,-0.044268250465393066,0.38446683559179307,-0.00013016796049201106,0.002229596808905122,0.0015160293188319128,-0.009167459153244939,-0.03467823228986677,0.25665846083464017
-0.15478569269180298,1.5139620155096054,-0.393157958984375,-0.004604504642486573,-0.05049600452184677,0.387901541082859,0.0005620592084524499,0.0017530758982135719,0.0006896987830393037,0.02753040915938346,0.0168650090111655,0.25254211302459434
-0.15382081270217896,1.8185715526342392,-0.4842376708984375,-0.0007695657968521119,-0.04628646373748779,0.3773649949193001,0.0004616573839839825,0.0017225134775625908,0.0005706532818410444,0.015946887101787034,0.009194235756430804,0.25044310812193665
0.10966718196868896,1.7279677242040634,-0.3685150146484375,-0.0011051603889465338,-0.033996209502220154,0.37067536165714265,0.0006919056201916771,0.0016355888868241383,0.0009890458368494118,0.028714903835625166,0.0166723576216992,0.2381455959501622
0.070159912109375,1.8828494399785995,-0.4620513916015625,0.0023112162658572195,-0.02861514687538147,0.34042515785217287,-2.8676180218575355e-05,0.0013091577106634556,0.0025024100662514675,0.008642319683452134,-0.053565457400175674,0.21775522913860842
0.08245849609375,2.23117695748806,-0.5804901123046875,0.00854126555740833,-0.019651219248771667,0.29607158981323245,0.0005356886091614169,0.0015502779015442233,-0.00012594791078449937,0.012776447654267588,0.03540157486086551,0.1936861089953322
-0.2792432904243469,2.0419005006551743,-0.4545135498046875,0.005316768878996372,-0.0064351558685302734,0.25438279467821123,7.671654191409704e-05,0.001903175387911371,-0.001807045268939451,-0.03162929631307539,0.03254358454811511,0.18597423762979182
-0.652686357498169,1.90990649163723,-0.436553955078125,0.005494955943524837,-0.0015287213027477264,0.22740348324775694,-0.000147220267061713,0.0015162628609918377,-0.0017700202876714272,-0.03184995065960835,0.026094255703725054,0.1879969372625741
-1.01333886384964,1.1887801736593246,-0.7701568603515625,0.016086606092453003,-0.005584005266427994,0.2321454640507698,-6.936119304814994e-05,0.001428230640450128,-0.0017114196951007296,-0.030755979683117714,0.02533370245528718,0.18476281545533133
-1.0446369647979736,1.0543519109487534,-0.7851409912109375,0.02018278097063303,0.005024559795856476,0.22167518353462218,-0.00013379200517548394,0.0015373453965951479,-0.0016905056701488307,-0.0320477987459092,0.02224692223139161,0.17573461289022135
-1.0555906295776367,1.4842452853918076,-0.8467864990234375,0.0185651135250926,-0.009333938360214233,0.20869194595336915,-4.299923989260768e-05,0.0018671493676206004,-0.001713602342183152,-0.03705326777394199,0.02239696484803199,0.1647124096509962
-0.9720888137817383,2.1495336145162582,-0.81787109375,0.015946875303983688,-0.005785539746284485,0.19423369773864746,-1.937688986076991e-06,0.001863920084146316,-0.0016809295379149962,-0.03748343041833827,0.020881983892653153,0.15561409811857435
-0.8347311019897461,2.290996178984642,-0.758209228515625,0.01386260493695736,-0.0064270757138729095,0.18357513050079347,0.00015793934169039056,0.002069229038774694,-0.0023083439986253612,-0.05227163628892924,0.020484213374653903,0.14761023029710094
-0.8233110904693604,2.56381855905056,-0.78662109375,0.013340467267036436,-0.007631715387105942,0.17987324402809143,1.7500945099084217e-05,0.0019239151902323065,-0.0015521051967782387,-0.03584913414225544,0.0182892714915499,0.1480115267174471
-0.9492610692977905,2.49847374856472,-0.95855712890625,0.019941407564282414,-0.004694633185863495,0.1685342285680771,-5.851611299771339e-05,0.0018656360459487658,-0.0015391877568612599,-0.037267871853223083,0.016197465150111327,0.14638072790186815
-0.7868173122406006,2.288516625761986,-0.937255859375,0.0196253991907835,-0.019393764436244965,0.17335664767265319,1.190429050250321e-05,0.001743119079901205,-0.001438003327024629,-0.03457865032967181,0.017370145751811884,0.14573427188115687
-0.7357069253921509,2.0226679891347885,-0.9964599609375,0.023374663726091385,-0.01932515949010849,0.1698667341852188,-9.602799444221807e-07,0.0017913015406538413,-0.0015367203723526492,-0.037382507281947086,0.016981264205267948,0.13825378293637022
-0.8253118991851807,2.165996178984642,-1.08966064453125,0.02785901005744934,-0.025302797555923462,0.15588834687232972,-8.357456992380378e-05,0.001669256931347451,-0.0015433916430868358,-0.03543034587918284,0.018917276437366945,0.13107415128929015
-1.162084698677063,2.168066129088402,-1.1993408203125,0.03196697027981281,-0.01977478712797165,0.14149587219715118,-8.096847311860143e-05,0.0017654569103357578,-0.0016321613053037795,-0.04170080806223474,0.005805506955386133,0.12128122010454094
-1.0219127535820007,2.132356747984886,-1.1555633544921875,0.03221133504152298,-0.017274320125579834,0.13086313919782638,-2.7797672978123727e-05,0.0022004337373832256,-0.0013197103645511171,-0.03142797578550502,0.016728531861203235,0.10967556714088944
-1.1744096279144287,2.518316850066185,-1.399749755859375,0.041089272139072416,-0.008728422224521637,0.10948261679649353,-0.0005311375624218466,0.002082601263976848,-0.001205269647920267,-0.03331564970296463,-0.010539979760386103,0.11092754112598326
-1.0860044956207275,2.5744815915822983,-1.528717041015625,0.04606740770280361,-0.00418485701084137,0.10098438336372376,0.00018021019004953393,0.002113002295416366,-0.0006466901366155401,0.0039000065339038024,0.032052800415733364,0.08958727316777972
-1.2153528928756714,2.723575696349144,-1.4071502685546875,0.04207801728606224,0.005484193563461304,0.06854799323558808,9.655637685508948e-05,0.0020927959902229364,-4.528272691696074e-05,0.0030437934699244136,0.026285429611896356,0.077925831352689
-1.177858829498291,3.076657399535179,-1.3488922119140625,0.03755612051874399,0.011727467179298401,0.06481742727279663,5.398545413171562e-05,0.002057488332084217,-3.144769978483518e-05,0.00364773997175546,0.026339286918394673,0.07840368943463386
-1.355727195739746,3.229841336607933,-1.3476715087890625,0.041254138588309286,0.016393035650253296,0.06401677711486817,5.3899005678712756e-05,0.0022013135407886776,-5.8818043498027925e-05,0.0017215403657814216,0.024682866997103113,0.07480462384230191
-1.237123966217041,3.316456899046898,-1.480712890625,0.0436045058876276,0.014566108584403992,0.059314090785980225,-0.0003401633038366829,0.002376030604618551,-0.0004778960336876431,-0.00011551759329943362,0.03251035498702258,0.0726995964359923
-1.4695484638214111,3.1699954122304916,-1.55078125,0.045468236309587955,0.007511306554079056,0.04284084202766419,-1.331619177387779e-06,0.0018577560029342081,-0.0004406588680691715,-0.003767835224603016,0.023549441518433745,0.055491635776119486
-1.4155421257019043,2.821534737944603,-1.473846435546875,0.04808367771506309,0.01990056224167347,0.033853055629730226,-9.726719376712415e-05,0.0019322240950268225,-0.0004610883572619787,-0.000720474126667034,0.027578399983483787,0.04524310801824208
-1.5144906044006348,3.310116395354271,-1.53155517578125,0.04703272948741913,0.02144157513976097,0.014591155490875245,-0.00025989463229378264,0.0019570212250205775,-0.00020263957203807789,0.0062348999373275015,0.020725149010649403,0.03484763733533645
-1.8751962184906006,3.2899900525808334,-1.4742279052734375,0.04497126575410366,0.021609893068671227,-0.00885685761451721,-0.0003897179335913362,0.002003948233286368,-0.0009098419973269509,-0.011854291267442495,0.022455174102284713,0.027132843761657126
-1.8039636611938477,3.222936734557152,-1.343231201171875,0.042975198668241496,0.023204484954476357,-0.015090395278930663,-0.0003250979278624355,0.002119126324971496,-0.0015643487523804571,-0.026868798926864213,0.009697182913434356,0.016413983473455844
-1.8591086864471436,3.258468732237816,-1.327423095703125,0.03961300691127777,0.032312918454408646,-0.040532458086013794,-0.000705499285228763,0.002668224072843693,-0.0005269223757905189,-0.002651414204898773,-0.0057154434976146975,3.100539042370902e-05
-1.7603214979171753,3.3131695836782455,-1.5552825927734375,0.04634157960891724,0.030311424285173416,-0.08765367821216583,-0.00028330932181192155,0.0028223016867494374,-0.0008273376503185115,-0.0042280725820767525,0.03924050711188333,-0.051023990406287134
-2.1088216304779053,3.3488708585500717,-1.33404541015625,0.041160177905559536,0.03698103129863739,-0.1567416420841217,-0.0006031866806550856,0.002862368782772339,-0.0004860317135768292,-0.004916564483753914,0.026207745370460268,-0.07482833079360447
-2.545172691345215,3.754928693175316,-1.1282501220703125,0.03092234413564205,0.04658549651503563,-0.16193105667114258,-9.835424412191749e-05,0.002868057587789253,-0.0009532015366849358,-0.0025729726674127832,0.06370752754313355,-0.05489550488890276
-2.1911449432373047,3.336587533354759,-1.2748565673828125,0.037808629650473595,0.060281023383140564,-0.12239599292755127,-0.0003348757116438338,0.002365532976753212,-4.847282283727562e-05,0.005190448876357002,0.019495033524216453,-0.0456536958343339
-1.8360507488250732,2.527714356780052,-1.5623931884765625,0.04978815815865993,0.03862440586090088,-0.10396689038276671,-0.00047751867537879013,0.0020565576055893366,-0.0001264453061360214,0.0049626139841602475,0.02343549967040378,-0.043589905098641295
-2.104823589324951,1.6493786424398422,-1.953369140625,0.06410791179776192,0.04049788415431976,-0.09825997228622436,-0.00047316253285469706,0.0017438124947545541,-0.0008921646297674836,-0.0038128535379841426,0.02316173842368598,-0.042702863505826666
-2.330221176147461,0.7573529332876205,-2.196044921875,0.07378394967615604,0.03549354150891304,-0.0913662494277954,-0.000648690479992895,0.00016065606922955773,4.3098071637279916e-05,0.012824439539488008,0.028321120112399262,-0.04540400500898257
-2.2758889198303223,-1.4889001995325089,-2.7819061279296875,0.09942406549155712,0.006219252943992615,-0.06845221395492554,-0.0010862395355811696,-0.002135496924823376,0.00014192638685436398,0.021867252731852874,0.007171486844388888,-0.04445887778466368
-2.41201114654541,-4.037361040711403,-3.9110870361328125,0.13719040199995042,0.02017715387046337,-0.055231064300537105,-0.001048957608081659,-0.0044863488727172555,0.0005033693726760304,0.041123552738389774,0.02500259661521107,-0.049707902575973247
-2.2262673377990723,-7.522207632660866,-4.4520111083984375,0.15473398189127444,0.0051553621888160706,-0.023938827533721924,-0.0012543954108750566,-0.004838544419868745,0.00035791461062366337,0.040173953284464964,0.01724080144829057,-0.05383805495389441
-2.411123514175415,-7.701742544770241,-4.7102508544921875,0.1611020404422283,0.0031713396310806274,-0.026397972440719605,-0.0011944881546658624,-0.004900828013180959,0.0004991470831122212,0.042430624900080885,0.01602270249619886,-0.04804266088765275
-2.44698429107666,-7.492283716797829,-4.6652984619140625,0.16422094115912914,0.0015242770314216614,-0.015016861686706545,-0.0011162558464602118,-0.004542129271463767,0.0005222020857068848,0.04151544504240625,0.015869398723891284,-0.041513530451936925
-2.286921977996826,-6.61939038336277,-4.742523193359375,0.16235172800064085,0.012968279421329498,-0.01628937936782837,-0.0010207351197412033,-0.004221975477296402,0.00027674610642536464,0.03852882957393012,0.02491354458299789,-0.04404232353241692
-2.1689586639404297,-6.005757227540016,-4.519866943359375,0.15645476491212845,0.004823282361030579,-0.02286561042785644,-0.0013508245746962162,-0.004174348643445619,0.000588812490954378,0.040911375542382854,0.001116270324720709,-0.036906379623749666
-2.4097228050231934,-5.430442228913307,-4.8139495849609375,0.15902680589437485,0.019736696034669876,-0.04382487211227416,-0.0013155209586654633,-0.004450110742683076,0.0006775252167453771,0.04249602611332039,-0.0004220385461624918,-0.0370019291263031
-2.3433175086975098,-6.336716070771217,-5.5630035400390625,0.164349104129076,0.011806756258010864,-0.025744604740142812,-0.0011612142818080043,-0.00434280284420978,0.0005370958258573977,0.039797908960554074,0.005387374484893069,-0.03807748394951953
-2.170699119567871,-6.158475294709206,-5.8979339599609375,0.15434582545638084,0.019179200753569603,-0.01641058284759521,-0.0011493666369849214,-0.004035073529554514,-1.9670534562262138e-05,0.03418393839266428,-0.002726717682103013,-0.03322656484042859
-1.9929113388061523,-6.115789785981178,-6.1618804931640625,0.15229139003157616,0.01979476772248745,-0.010774621543884269,-0.0011887644581244936,-0.003860829860529969,0.0005347583923397252,0.040454819950630896,-0.0009400254290212988,-0.02786280177656397
-1.9638285636901855,-4.906822577118874,-6.127471923828125,0.13770208557248115,0.028239086270332336,-0.023644174709320065,-0.0007775711297285082,-0.0030097212635133343,0.0011132098170492412,0.04501028725948774,0.013487164508588396,-0.04444000174655014
-2.0610742568969727,-3.0664037615060806,-6.098968505859375,0.12851253148198127,0.043890926986932755,-0.04399030715942383,-0.0011011610152508087,-0.002148139320132819,0.0008244626734190761,0.030397654330249387,-0.019144523699798275,-0.026997745520524644
-2.0290937423706055,-1.6949672847986221,-5.988128662109375,0.13092748386979103,0.04670243337750435,-0.048817405853271476,-0.000496122609550564,0.0005529731906366879,-0.0006455410588100476,0.007105778777860468,0.026753798379168043,-0.031408784301855716
-1.8915281295776367,0.5610580295324326,-5.7062225341796875,0.12536276270270347,0.03939533978700638,-0.062332231178283695,-0.0005241710978042444,0.0013087324933555656,-0.0008967181431770263,0.00042201247317407337,-0.012964940186089622,-0.024900765484244504
-1.7840871810913086,1.8112377971410751,-5.3171539306640625,0.114370652115345,0.04375234618782997,-0.06832040618896484,-0.00041401640514396093,0.002121278125426224,-0.0004283760283329651,0.005823451161760611,-0.0038307434224832742,-0.02018273108605197
-1.820090651512146,3.0941125005483627,-5.105133056640625,0.1075442822754383,0.03505079820752144,-0.06565990656375885,-0.0003338119391933737,0.0022909752821989827,0.0001984859546943563,0.012648251151507384,-0.0036518989827127664,-0.020344487571617987
-1.8098303079605103,3.9484778493642807,-5.0908660888671875,0.11542962577342986,0.042701322585344315,-0.07628670342922211,-0.0004293929237257299,0.002316355335408778,3.7732916873343264e-05,0.009640712220335116,-0.0031991480957284284,-0.02415646194470933
-1.9072136878967285,3.611458405852318,-4.930419921875,0.11644336970448493,0.03968558460474014,-0.0700635161781311,-0.00046915856219233263,0.0023236358035107624,0.00010625825642134376,0.010728147964622094,-0.00436335378639674,-0.016967513732211833
-2.0129637718200684,3.716791734099388,-4.8693695068359375,0.11571548407435417,0.0332302451133728,-0.06827586214065552,-0.00011460946148469941,0.0031028162692479685,-0.0011832034089112686,-0.0065821085464283025,0.029188531616675544,-0.024331425104131103
-2.1537652015686035,4.623265370726585,-4.600555419921875,0.11580051430344582,0.03146904893219471,-0.07100524164199828,-9.217775322543649e-05,0.003821471422817962,-0.0013590262992596313,-0.011507572812255245,0.03612266377357104,-0.023779414569816578
-2.10263991355896,6.161557301878929,-4.0652008056640625,0.10326709085583685,0.028425946831703186,-0.07089167824745178,9.126480841609727e-06,0.00460618438645451,-0.0010077798244723362,-0.009392595760902874,0.03308791435736785,-0.016309749132096648
-1.4639555215835571,8.019012555480003,-3.5140228271484375,0.08512045724987984,0.028388474136590958,-0.07132773980617524,5.317159473735005e-05,0.005653716195674857,0.00011545545248890345,-0.0012546854395998092,-0.04239645513444131,-0.030522005976701606
-1.0261077880859375,9.768049344420433,-2.9900054931640625,0.06431399934411049,0.030430514365434647,-0.09109069774627684,0.0001943512070998999,0.006032250567274615,-0.0009409331916003906,-0.013350688582457223,0.01800060004546623,-0.03373589069871299
-1.488491177558899,10.537006482481956,-2.7343292236328125,0.05255505038380623,0.028690947219729424,-0.11275910205364227,2.411088153056267e-05,0.006362943680655631,-0.0008987381008764422,-0.014876287208475744,0.011626719443178717,-0.036894652669812664
-1.7401909828186035,11.12084685266018,-2.5950927734375,0.044826070498228066,0.04060561954975128,-0.12297203626632691,9.813386121049574e-05,0.00647239620861688,-0.0009930258851667587,-0.01583918135973838,0.018166901122022728,-0.03692336183938832
-1.6333444118499756,10.936563596129417,-2.802093505859375,0.05082401515364647,0.041069239377975464,-0.10474746163368225,0.00020926093650739698,0.0065128136228912855,-0.0009908142275897444,-0.015945183819585474,0.017967319986685656,-0.030153145630848734
-1.3195950984954834,11.076214894652367,-3.1684722900390625,0.06318360680699348,0.031916867941617966,-0.09417383358955383,0.00018952188182621156,0.006320683981701133,-0.0009464203081443303,-0.014656019661979661,0.01584684946432056,-0.02653936760471226
-1.2209826707839966,10.374596700072289,-3.2422637939453125,0.06478214537501335,0.028935564681887627,-0.08656746718883515,0.0001725733511236012,0.00627829691805506,-0.0010199964451180852,-0.015887940927882437,0.017294326318697817,-0.028550990431614357
-1.3665543794631958,10.252491101622581,-3.28558349609375,0.06768081909775733,0.02436397224664688,-0.09129981688976288,0.00011739508610276441,0.0058246050826222485,-0.0009988741740966458,-0.014850220152895652,0.018451450181259405,-0.02897544125683821
-1.4495797157287598,9.083401784300804,-3.2450714111328125,0.06879505710959434,0.015501817688345909,-0.08398150651931763,-0.0002927709890006025,0.005730636056888051,3.259314875747016e-05,-0.005174628482695437,-0.04709517974107555,-0.028235310928480195
-1.4446479082107544,8.497767552733421,-3.3382720947265625,0.07260400830984115,0.011227279901504517,-0.06146118228435516,6.628631566973556e-05,0.005182214045708792,-0.001029190546933413,-0.013880974627131315,0.032934474633419995,-0.010233045320263675
-1.7159910202026367,7.615948781371117,-3.2525177001953125,0.07331979361653328,0.005078226327896118,-0.029754919319152827,-0.00019253285140625347,0.0038374789241169406,-0.0006566095136173613,-0.017052159565098656,-0.012683355799159527,0.01891061963338375
-1.3365707397460938,7.114372357726097,-3.1798858642578125,0.07541232661485671,0.004046432673931122,0.03925123020172119,0.00029473051411093914,0.0038768734467727003,-0.0011214967024952003,-0.021885918352510678,0.023337295273185208,0.046311589203700806
-0.7798556685447693,6.771402463316917,-3.2217254638671875,0.07927474541425704,-0.010106183588504791,0.11351968379735947,9.088130874696215e-05,0.003762015234575141,0.00024751521558444495,-0.0025765874455802827,-0.01070634439304236,0.08550484355261385
-0.5781117081642151,6.445167645812035,-3.0320892333984375,0.07405014637649059,-0.016382716596126556,0.1687528937935829,0.00045077110909756517,0.003998894169628036,-0.0006278373498565939,-0.019378331249289272,0.004786847135021764,0.09737387142531138
-0.24304825067520142,6.831600770354271,-2.770965576171875,0.06561691523313522,-0.012325510382652283,0.19718099531412125,-0.0001401475805606683,0.004338861537062373,-0.00197322072723288,-0.04746079798613809,0.010528587537187764,0.1108587649100761
-0.5027470588684082,6.385721310973167,-2.785888671875,0.06589174374580382,-0.010200049728155136,0.19566385179519652,-0.00039101573424429707,0.004487413822032133,-0.002468450435308275,-0.05808415955315152,0.012560167758021481,0.11468264317566314
-0.6622765064239502,6.394789323210716,-2.7445068359375,0.06611365138947964,-0.012827124446630478,0.19204516259193422,0.00022211454944031858,0.004208254668923551,-0.0028565960561799837,-0.07065678477593601,0.009907692439987953,0.11099328486696478
-0.48341095447540283,5.6263314336538315,-2.6833953857421875,0.06364293859660625,-0.008309375494718552,0.20595359566211702,0.0002591208299572087,0.0041354552317999,-0.0027246071217694083,-0.0677389383518933,0.01269759656886611,0.11981867359894063
-0.2739601731300354,5.503515347838402,-2.635986328125,0.062006462224125855,-0.011221036314964294,0.21743591747522353,-0.0010975901893796355,0.004378748490812694,-0.001669678341241687,-0.053775431110192694,-0.02546357423436485,0.1490930642181196
-0.3979736566543579,5.159237489104271,-2.5411529541015625,0.05941608640730381,-0.011438723653554916,0.2320797548532486,3.453390929847571e-05,0.003356394843127438,-0.001087025572051641,-0.015517535930556449,0.008720686799353948,0.15450468953102497
-0.5168420672416687,4.810863599181175,-2.2705078125,0.05109052826464176,-0.014151517301797867,0.26748790001630784,0.0001073134354543084,0.003534450970514348,-0.0017231607786686544,-0.04278664953742447,0.008907344616054528,0.16950635776892567
-0.1415557861328125,5.057181462645531,-2.1600494384765625,0.04550687362790107,-0.019059784710407257,0.30472242385864257,-0.00032632578576708045,0.0031551023656067553,-0.0016476721810352074,-0.03925241136413001,-0.00879428135982427,0.1919872071377648
-0.3731405735015869,4.681773766875267,-2.0862274169921875,0.04529939831018448,-0.029229529201984406,0.3316602085590363,0.00028126084127016397,0.003581823266592626,-0.0011958631219937403,-0.01277205254406479,0.0333977401436542,0.2040276732266038
-0.21101164817810059,4.84503947198391,-2.0590057373046875,0.04604821535408496,-0.03856808692216873,0.37326909010887144,0.0003004793919138219,0.0030853719255574466,0.0016036311366364716,0.003881034231503376,-0.019757155050078138,0.2136893694324834
0.2197437286376953,4.949190244078636,-1.90338134765625,0.042498082777857785,-0.047338590025901794,0.40434798652648923,0.00018472869436260246,0.003195550549558175,0.001751694466715278,0.0034487801105684865,-0.0289754055092842,0.2198481153322998
0.2273029088973999,4.89871321618557,-1.84033203125,0.03790989008665085,-0.04919549077749252,0.4063327951669693,0.00018932697850476427,0.0032811096930910207,0.0017049047192454478,0.0028792224834482106,-0.027677172250186764,0.2194935452597701
0.21890473365783691,5.186771497130394,-1.7807769775390625,0.036325598594546316,-0.048029884696006775,0.40326700346946714,0.00022502321317970433,0.003367119772709157,0.0016609299356236328,0.0003325805017113367,-0.029671144677914124,0.22141521950112503
0.2628824710845947,4.941229447722435,-1.7495574951171875,0.037691502255797385,-0.043615877628326416,0.4112622077846527,0.00041448563665893307,0.003027223895303475,0.002081333293797188,0.007935280000139835,-0.025253638900289397,0.22285649230637675
0.24405527114868164,4.475004777312279,-1.7020721435546875,0.035668015699386595,-0.05220920592546463,0.414309110660553,-0.00021062502956705788,0.0027277886267822703,0.0023538282023960167,0.002866546984588762,-0.05784471763568363,0.24082495007598398
0.20481038093566895,4.169609174132347,-1.663543701171875,0.03659022667586803,-0.04426860809326172,0.4447060560894012,0.00046645465438024426,0.002944938938119268,0.001039123632697755,0.021300673928525315,0.018678363266792387,0.2657360339947618
0.1990962028503418,3.4655891507864,-1.72943115234375,0.03902321075499057,-0.0494440495967865,0.4864104334831238,0.0004448552408377847,0.0030564877790460253,0.0008650385470331844,0.012570914367955653,0.001003303088851765,0.2805514832313335
0.3532283306121826,3.1214762777090073,-1.530792236328125,0.028780494387745853,-0.06717046350240707,0.5235629373264312,0.00032930260388189594,0.0031034229340907516,0.0007337385007374928,0.01107648176394806,0.0020709093531681667,0.29200151884585684
0.3192993402481079,3.374106988310814,-1.678436279296875,0.036252500854134555,-0.06813263893127441,0.5447936744070053,0.0004162190457935259,0.003034776988688776,0.000607610109141762,0.012159923992432767,0.00795195699264895,0.2949552195196763
0.33153271675109863,3.226573571562767,-1.69866943359375,0.034695984337329865,-0.06828687340021133,0.5468339559459686,0.00042407235975648085,0.003056334624002206,0.0006092708214726493,0.012012647415017624,0.00805373573681147,0.29625055973845965
0.5350292921066284,3.1819578260183334,-1.8452606201171875,0.0391985361212492,-0.06408810615539551,0.5490926670122147,0.0004333905198081623,0.0030211773341688075,0.0003931228076209074,0.009908644344491409,0.004972552631854884,0.30140366626381226
0.3688899278640747,3.1933604329824448,-1.9491119384765625,0.045050154985785476,-0.059570685029029846,0.5517706015729904,0.0005297518067941438,0.0031317688214927896,0.00047363183457597763,0.008480436894897126,0.002083562503282416,0.3009882907738428
0.6792092323303223,3.2381669133901596,-1.8351287841796875,0.042641193150281906,-0.04432407766580582,0.5482479201316833,0.0004469996754562222,0.002722867907160989,0.0006777195554541012,0.016162838985711275,0.0168289028981652,0.3064866997737754
0.3521392345428467,2.625281438231468,-1.831298828125,0.04130628971993923,-0.06006450951099396,0.5574074463748931,-9.98652037857567e-05,0.0023269027531554473,3.921417507101431e-05,-0.021830025831408487,-0.005995813588455946,0.31333713048173467
0.19300949573516846,2.4449473470449448,-2.0224456787109375,0.048559340814948074,-0.06693233549594879,0.5639117065000534,-5.601478137802485e-05,0.002893061817565846,-9.894262710119419e-05,-0.011888527346428071,0.006758060059164686,0.32614089811239655
0.05243492126464844,2.434518441557884,-2.015869140625,0.04683020225346088,-0.06586495786905289,0.5955501572418213,-0.00014515073216409512,0.0022573397897902286,0.0009189180702218981,-0.009444415858921328,-0.022879988557929214,0.341483270703512
0.4520655870437622,2.193395718932152,-1.9441680908203125,0.04394347764372826,-0.08132070302963257,0.6289530707883835,-0.00023319017449864414,0.0023531631963611727,0.0005659964206438702,-0.01663112522290353,-0.023407111284797742,0.34980234573314856
0.6024504899978638,2.3459850400686264,-1.9080352783203125,0.0385280970364809,-0.09409491717815399,0.642734251742363,-0.00031342824453358883,0.002405219973583299,0.0005579694997974067,-0.017879328348203685,-0.02411281871006568,0.3527331442069732
0.5500802993774414,2.5503641217947006,-1.8458404541015625,0.0383386673694849,-0.09309148788452148,0.6411000397109985,-0.00035212512597026895,0.0023529487928521725,0.0004685474698180555,-0.01951372213277158,-0.024259038376493916,0.351695645680851
0.38635194301605225,2.2290698140859604,-1.7785186767578125,0.03472808848798275,-0.08615975081920624,0.6277648620843888,-0.00029841901265512463,0.002314320545760032,0.0007654394319939284,-0.015026847576736784,-0.026449678619537478,0.3535714512378152
0.5570682287216187,2.274197205901146,-1.8416290283203125,0.036078197772502894,-0.0889512151479721,0.6396857997751236,-0.0002708699036529233,0.002290431789327728,0.0006143065055200808,-0.01592070451681049,-0.02643212437539062,0.3561199541735259
0.6645702123641968,2.252987489104271,-1.90460205078125,0.03915227507352828,-0.09238581359386444,0.6443810443353652,-0.00030854370297032745,0.002358629590392052,0.0006262678634715352,-0.01687674275973273,-0.025638961813618508,0.35431541372204745
0.6738042831420898,2.482185944914818,-1.736541748046875,0.03537497765660286,-0.08791424334049225,0.6325062259674072,-0.0002603572074069173,0.0023768679960939703,0.0006948259893060512,-0.014521497691212555,-0.02347937481878503,0.35140759853663894
0.5956147909164429,2.435933217406273,-1.6917266845703125,0.03353136462628841,-0.08095698058605194,0.6285388038110733,-0.00030859570225097617,0.002382122032193645,0.0006270841084936354,-0.01613323535801044,-0.02395914618706451,0.3517903715930587
0.5234122276306152,2.435152158141136,-1.824798583984375,0.03669818629920482,-0.08714117109775543,0.6255779109001159,-0.0002781714335476377,0.0022993914225043805,0.0005036949369101556,-0.017881286975402078,-0.02387468435999271,0.35336024904627134
0.7190581560134888,2.1106248944997787,-1.8813323974609375,0.04089959143400192,-0.0846160501241684,0.6208929128980637,-0.0002858561765564146,0.0023881831163446118,0.0007007755966962212,-0.01643384806657242,-0.02550831940262946,0.35041985345222654
0.5277116298675537,2.536162480711937,-1.6764373779296875,0.033473293526768685,-0.08366985619068146,0.6141993644046784,-0.00026253572941110394,0.0027878567527510217,0.000628848439746938,-0.015793645871445317,-0.02017138972735641,0.3411308082966382
0.5231708288192749,2.7026177495718002,-1.5773162841796875,0.030630635678172112,-0.08645756542682648,0.5953891941308975,-0.00014176068586368995,0.002386679950308101,0.0006604365105607815,-0.012771654175178724,-0.011920165523719817,0.34067914396493526
0.2674233913421631,2.4070087522268295,-1.7705841064453125,0.03470368582189083,-0.08687165379524231,0.586912110376358,-0.0002764499701618378,0.0023985114197719913,0.0006291217833648464,-0.01622353482455644,-0.02215531203348789,0.3441309141429809
0.5088647603988647,2.7224589437246323,-1.790130615234375,0.038104035745263096,-0.085224449634552,0.6003969301080704,-0.0002726650313660036,0.0027304580183834934,0.0005487433278924882,-0.018028973913049223,-0.024924530605834046,0.343577092247076
0.6725142002105713,2.7598105520009995,-1.7703094482421875,0.03582147139966488,-0.0858277976512909,0.5994498805904388,-3.291132402190658e-05,0.0026827888901549664,0.0008821621609158102,-0.0053460912646043504,-0.01096861350196861,0.3341540593653555
0.23661673069000244,2.3125945180654526,-1.796783447265625,0.03724524775207042,-0.08970731496810913,0.5609055253744125,0.00013304295673398185,0.0026247162377300948,0.0007330529263936456,-0.005440517439677062,-0.005892105446500675,0.3184481864603993
0.3489617109298706,2.5799804776906967,-1.5930633544921875,0.03055617410361767,-0.08266246318817139,0.5214424791002273,0.0003171744719423549,0.002709729000888587,0.0004633618447623344,0.008933655645203983,-0.0020476455197547404,0.2989026647760092
0.5867253541946411,2.6329589933156967,-1.5478668212890625,0.03381794932723045,-0.052830055356025696,0.4673536933851242,0.00039809235654101813,0.002669737463794789,0.0007797099582735689,0.013505793578172595,0.00543895622491977,0.26652029890232665
0.3393040895462036,2.7792359441518784,-1.20245361328125,0.025280478619635102,-0.054104387760162354,0.3959039028120041,0.00039452347839024834,0.002085981798684607,0.0013159978104780763,0.027283605849769868,0.00472956500301342,0.2467407606927435
-0.08555269241333008,2.680545434355736,-1.3125,0.02950086018681526,-0.034830525517463684,0.35234948583602904,0.0002625107502743987,0.0016733209813548258,0.0016216372650336103,0.03352926052323834,-0.013873642694694223,0.23797969727196033
-0.00397491455078125,2.6941133588552475,-1.3159637451171875,0.0330165061828494,-0.03551092743873596,0.3280293518829346,-0.00027882027467813,0.0018110220563790254,0.0025415351065036624,0.007200594506792616,-0.057432168332174315,0.22335343054176485
-0.1043093204498291,2.680367097258568,-1.3460845947265625,0.0322626076477766,-0.041369736194610596,0.30826910347938535,1.1453193960704947e-05,0.0020842845319182317,0.0017802656361638625,0.0029312065039739277,-0.02957845452202239,0.20812998336214633
-0.3524925708770752,2.8386374562978745,-1.330535888671875,0.03355760736733675,-0.03164979815483093,0.2777956620121002,0.00033389375239258577,0.002775028789248802,-0.002975095288746574,-0.057540584340986314,0.034466432382667896,0.186911302527534
-0.3440667390823364,3.1554471105337143,-1.210296630859375,0.031068050081729887,-0.014160700142383575,0.2316290556383133,-0.0006312783278725007,0.0032045331643674774,-0.002765452573517938,-0.06291230479400454,0.0007191042887651618,0.18129107219835952
-0.5949202179908752,3.5908933728933334,-1.0366363525390625,0.02449578495502472,-0.020992405712604523,0.19963455616235734,0.00012533143380099015,0.002500882261106346,-0.0011204498185518207,-0.026008798166779784,0.015255767964417116,0.16243544294344803
-0.46387189626693726,3.5246707051992416,-1.0726318359375,0.029080973967313767,-0.004974916577339172,0.18473174560308456,-1.3236653716589344e-06,0.0028393373181750223,-0.0009406085585125146,-0.02346395001789048,0.00985084310008014,0.15505372578259835
-0.34417009353637695,3.7197009176015854,-1.1046142578125,0.025900446205139156,-0.0057725608348846436,0.16722411275863647,-0.00014265667019509442,0.0025277316175172444,-0.000751044485837289,-0.022014887649913054,0.004866315540357266,0.14985518126672615
-0.4022215008735657,3.3471666425466537,-1.205841064453125,0.030784254286587237,-0.006130676716566086,0.1634659326863289,-0.00032707191102651807,0.0025495351262196145,-0.0008145516535066652,-0.026469597128442324,-0.008834218736364743,0.14781782107171124
-0.47900938987731934,3.4690509885549545,-1.123748779296875,0.028112586557269094,-0.00554337352514267,0.15685776480674743,-0.00020149795165786636,0.0021955345162365755,-0.0005046211052934339,-0.02014027222691233,-0.008645752137990579,0.1440072369181619
-0.472767174243927,3.2373686879873276,-1.0975189208984375,0.02797460874199867,-0.0031535811722278595,0.15459106724977492,-0.00019490222277822582,0.0025090790764605597,-0.0007402902531444223,-0.02471617952855784,-0.009858985341515126,0.1405984456141353
-0.5255879759788513,3.3056737035512924,-1.0319671630859375,0.030422173389196394,-0.0017955154180526733,0.14834600116491317,-3.742566105453121e-05,0.00258920884492851,-0.00010329721679033517,-0.01130482409472902,-0.0010027772651798347,0.1325424365108333
-0.537568986415863,2.9546133130788803,-1.076202392578125,0.028083732728660105,-0.0023909658193588257,0.13232990493535995,-0.0003635022928576226,0.002552557775251683,-0.001285092557420252,-0.038008199600906074,-0.011514922673838971,0.12343156159053614
-0.6357081532478333,2.780187711119652,-1.1972808837890625,0.040057938000559803,0.009376104921102524,0.10943136643648148,-7.087826071422486e-05,0.0023753553113357033,-4.859697552839647e-05,0.0030009958051904497,-0.0003297360401831813,0.10585383153158003
-0.6906265020370483,2.9367214292287827,-1.011871337890625,0.03468015255987644,0.014959564432501793,0.07846624257564544,0.00021120348857463526,0.0020231378813594103,-0.00018797954928032975,-0.0007471785840244126,0.026084270727117224,0.08388850375918921
-0.8179062604904175,2.5276590436697006,-1.0934295654296875,0.03703853627800941,0.022134868428111076,0.05999949004650116,0.00018244511011484676,0.0018074346175020863,-0.00025577239074863454,6.496741694564781e-05,0.028121031180185073,0.07418612043777048
-0.8396812081336975,2.1084593385457993,-1.00347900390625,0.03568129984498024,0.017449935898184776,0.051621143095493316,0.0002868997502001947,0.0014767975675977758,-0.0003425166432286643,0.0015073165105141577,0.03715426247704785,0.06887085370241436
-0.8256605863571167,1.449497565627098,-1.0551300048828125,0.040022357422709466,0.018325094133615494,0.04923796733379364,0.0002613331437274469,0.0012466110481525374,-0.0004948093209808787,-0.001151152559027782,0.03823524283884747,0.06109948211995155
-0.8662925958633423,1.0150714963674545,-0.8857574462890625,0.031279752854108805,0.009624123573303223,0.03551069326877594,0.00023298540465331043,0.0011279278168076885,-0.0003518036298535747,-0.0013669593490781215,0.03194127061288124,0.04790076381347688
-0.877811074256897,1.4219796508550644,-0.95849609375,0.03558059494435787,0.013625849038362503,0.01636534975528717,5.408691631043124e-05,0.0006790069889400791,-0.0010738286395090319,-0.00833789141839314,0.03310584019792503,0.03278781671630966
-1.009113073348999,1.4583688825368881,-0.9003143310546875,0.03101258655309677,0.01556982472538948,0.0010813003826141351,1.2286520047489146e-05,0.0006421321389628703,-0.000976598075908208,-0.006075722057989543,0.029754555025271825,0.019754564237175188
-1.1050834655761719,1.5569383949041367,-0.925872802734375,0.03271467724859714,0.023775210604071617,-0.0233353999710083,-1.987289844501431e-05,0.0007239485551642115,-0.0008155820566716367,-0.00784765351879929,0.023176849219404893,0.003285563285653444
-1.0961236953735352,1.6465773433446884,-0.9484710693359375,0.03419128989934921,0.0370461642742157,-0.045772576866149904,-0.00035624947397204775,0.00152170848331654,-0.0008145821011317332,-0.0011972094135817425,0.03012063709539929,0.007543508605486954
-1.2049784660339355,1.5115994065999985,-1.057037353515625,0.04040710682034492,0.03905238211154938,-0.06998407579421997,-0.0003839218851788476,0.0018312000062037648,-0.0012547817439707983,-0.007760305123138014,0.026240670000111956,-0.010367879243422473
-1.3593745231628418,1.4038654416799545,-1.0367279052734375,0.03824518289685249,0.04481060802936554,-0.08370725660324096,-0.00041257063750443175,0.0015605624065908297,-0.0012843131489660392,-0.007645542690404944,0.019298086717596023,-0.016498178872075605
-1.4832018613815308,1.133774384856224,-1.0105743408203125,0.03700427050948143,0.04844575375318527,-0.08518624863147736,-0.0002780947743334358,0.0015914817038511194,-0.0012930223946359197,-0.007716536322939767,0.030798845296112237,-0.02670396954953457
-1.6136550903320312,1.0763195604085922,-1.0995330810546875,0.04013582055032253,0.04720238968729973,-0.09834710083007812,-0.0002646225452479073,0.0018277147244200325,-0.0014461584267849267,-0.009089702007934358,0.037972763114713926,-0.034728048470576894
-1.6119627952575684,1.2433665841817856,-0.9572906494140625,0.032271473841667175,0.04470456391572952,-0.10543816110610962,-0.00023269338341034207,0.0015985454683145398,-0.001019900449009145,-0.0015494283186194054,0.055615663579177514,-0.03942242312518621
-1.5910048484802246,1.1633579581975937,-0.9783172607421875,0.034737916401028635,0.04196909815073013,-0.11066526697158813,-0.00018379851915646976,0.0014727240043723884,-0.00046755357540101124,0.004987255663629521,0.03315580147438853,-0.045217163010266875
-1.5164891481399536,1.1333979219198227,-1.001312255859375,0.03348700533390045,0.0452704131603241,-0.11932835399150848,-0.0003086235584219333,0.001280494960276742,0.00020383475633315302,0.009413255676407625,0.015292809109135773,-0.06669224560991592
-1.4450898170471191,1.238773688673973,-1.16192626953125,0.0385360806953907,0.038700759410858154,-0.1450357420539856,-0.00029710612430379523,0.0010805126048532602,0.0007237891894101274,0.016720068226554054,0.017922973172868024,-0.0981829019048536
-1.7240560054779053,1.1469758599996567,-1.1905364990234375,0.038711570553183555,0.04876841604709625,-0.1894421783924103,-8.547724423204782e-05,0.0008020545164183703,0.00011646035657380627,0.019046398899129825,0.05349035148591382,-0.11153449178559299
-1.742919921875,1.0224194377660751,-1.1106109619140625,0.035710589760541915,0.04860367253422737,-0.22015263286590575,-6.255859326122562e-06,0.00037999728894981614,0.0009156653483525174,0.02931747502142057,0.03872826515964958,-0.128533182222859
-2.026956081390381,0.9016859978437424,-1.179412841796875,0.036615181661248206,0.05980338901281357,-0.2552590991973877,-9.984850076566378e-05,4.048986740721279e-05,0.0009750416027963864,0.03129331003396749,0.0357958353324596,-0.1420903776891625
-2.089843273162842,0.4257040172815323,-1.4548492431640625,0.04582343402802944,0.05348704755306244,-0.2625699422645569,-5.96455049187072e-05,0.00017783712311382222,0.0007656552802521592,0.028373478531055374,0.03817421170397383,-0.13986487520359475
-2.1609416007995605,0.6527591794729233,-1.4114532470703125,0.04418477360546589,0.062139399349689484,-0.2572200520133972,-6.522137674783157e-06,0.0001413778371536327,0.0009269961049059383,0.030694421827785867,0.03545144665560003,-0.13878997892434178
-1.843234896659851,0.6396707147359848,-1.452423095703125,0.04515408312320709,0.05789044499397278,-0.24774601423740386,-7.43830765641577e-05,8.698226022901422e-05,0.0009421126013878338,0.031178334337107465,0.02860182952871613,-0.14537635089472276
-1.9999122619628906,0.7433931082487106,-1.4581298828125,0.04666378305256366,0.05486002564430237,-0.26073559465408325,-9.791434649181977e-05,8.029196688357046e-05,0.0008083715518169717,0.03027816544412605,0.03419118689161382,-0.15134427766003736
-2.1159214973449707,0.6440093964338303,-1.418426513671875,0.043130654380917545,0.05520816892385483,-0.2719690085220337,-0.00014693153319172026,8.411374017018157e-05,-0.00038409512143463485,0.013956379736899734,0.04667482278909434,-0.1590893490701426
-2.080427885055542,0.7348644584417343,-1.4456634521484375,0.042906347597837444,0.057214025408029556,-0.2899851151180267,-0.0001613603328558767,0.0001645814009834897,-0.00039506571160673263,0.015383155266024306,0.05324297810187335,-0.18069119756260138
-1.9573569297790527,0.6274002641439438,-1.344390869140625,0.037301007770895955,0.05672086775302887,-0.31579967498779293,0.00013895840621058926,0.0003696386575956039,-0.0008412101128790206,0.01156948482218513,0.06319250125638534,-0.20434834024209741
-1.968050241470337,0.6795291155576706,-1.414398193359375,0.03846372850894928,0.06492330133914948,-0.3448721616840362,0.000312619893039337,0.0007557390816546095,-0.0018926676278686917,0.0004041234246408142,0.08165162130523361,-0.22016940701438376
-2.0008509159088135,0.5071811527013779,-1.5930938720703125,0.04029956769645214,0.0673803836107254,-0.3762974652004242,0.00035812394631263515,0.0007423354570312177,-0.002023440765984063,-0.005880333986443783,0.08520733077413754,-0.2429442033508871
-2.0301034450531006,0.5038221925497055,-1.5367889404296875,0.03724719209074974,0.06628920137882233,-0.403394535074234,0.0005859636903329732,0.001001981574235481,-0.0019507906658650597,-0.008912127080509613,0.09060301164070711,-0.2503850939462371
-2.1176350116729736,0.47086201608181,-1.56060791015625,0.03598542424678802,0.06946495175361633,-0.4125236502170563,0.0006046077978456438,0.0007764606264123641,-0.001806671476665992,-0.00391747895830911,0.08862596970880111,-0.25746034728134753
-1.9251059293746948,0.05481228232383728,-1.897491455078125,0.05045095245599747,0.057907260954380035,-0.41006092991352083,0.0005967279489499534,0.0006939806713145156,-0.0017321973208659712,-0.0027182671640201086,0.08441171460929327,-0.26225301336297624
-1.7626359462738037,0.0814768597483635,-1.9207611083984375,0.05052377754509449,0.056254833936691284,-0.41376998435020446,0.0005869116532747909,0.0008390234635499405,-0.0017907452788691576,-0.002937784116341873,0.08850214327838925,-0.2641912586969222
-1.9231112003326416,0.5319784730672836,-2.0412139892578125,0.05293351625621319,0.04974748194217682,-0.41932454016685483,-0.00015450683723306283,0.0016707195393448424,-0.001000931225636908,-0.008062500037363503,-0.09854133272792565,-0.28945168662112253
-1.9172308444976807,0.515084370970726,-1.60791015625,0.0392083590516448,0.06239470839500427,-0.424948576631546,0.0003125315438988908,0.0010836733286958284,-0.0012409893188290526,0.0003469931497816679,0.02066961531195212,-0.28645202091050026
-1.7317999601364136,0.28729845583438873,-1.8182830810546875,0.04674925237715244,0.06010202690958977,-0.42492073498249056,0.0005052058752664478,0.00043572678303576394,0.0002729418740580258,0.02725646847369699,0.0380807982555044,-0.28490412813447685
-1.8056224584579468,0.2254093736410141,-1.7552337646484375,0.04456709616720676,0.06135037541389465,-0.43473535122394563,0.0002640085817173683,0.0006222971911596717,0.0004625402505822561,0.02510044451871582,-0.0012672197012098937,-0.29622436621527687
-1.7580809593200684,0.23539797961711884,-1.6701812744140625,0.040418795813918114,0.06464383751153946,-0.4390435934638977,0.0004291930955931354,0.0005252562213077486,0.00021170421370205774,0.02372364467504702,0.02468442601159051,-0.29970798515954616
-1.699190616607666,0.4694624990224838,-1.7496185302734375,0.03911263570010662,0.05717281252145767,-0.46171561176300047,0.0002704644446259643,0.0007042137278064108,5.171059796978518e-05,0.019632648535479524,0.020824644102004367,-0.313488825441402
-2.0959975719451904,0.6966930478811264,-1.6283111572265625,0.037328511221408844,0.06731420010328293,-0.4930308898067474,4.125711070179783e-05,0.0006134206082298375,0.0002988668828279259,0.0200098659334217,0.006175630586930765,-0.31698909476383386
-2.1647281646728516,0.7538529485464096,-1.5461883544921875,0.03071950388789177,0.07379312068223953,-0.5012122418212891,0.00028183154156424285,0.0006659680123122909,1.1852209044241682e-05,0.012251966548978026,0.016833742252565967,-0.3253626031427756
-1.775697946548462,0.8721875995397568,-1.5835723876953125,0.032501805880069734,0.07750418782234192,-0.485115632314682,0.0003813324934826296,0.0007019881382489542,0.00015641555564141008,0.020739662433034337,0.01866248970372574,-0.3146720163180813
-1.8077921867370605,0.8596823066473007,-1.6923828125,0.03637388590157032,0.07083937525749207,-0.4819330509185791,0.0003620893200757206,0.0006189480270347801,-0.00011951535785141554,0.015802429688574465,0.020889774467133863,-0.32249811774051573
-1.8403692245483398,0.7037846893072128,-1.6645355224609375,0.03646305203616619,0.08111858367919922,-0.4854170847702026,0.00010993920296663642,0.0005615491816041955,0.0002592932007677633,0.0206213084663475,0.009047045098871793,-0.3182216756340445
-1.9979972839355469,0.5378407090902328,-1.5800323486328125,0.032714070904850956,0.07845931500196457,-0.4918262038040161,9.962657638729576e-05,0.0006313662027071313,0.00014741390728086968,0.018642779766743448,0.01015756476229257,-0.3191609750698167
-1.9670336246490479,0.5924699157476425,-1.62103271484375,0.033863775005340574,0.08020763099193573,-0.4830912236881256,0.00021086573308758995,0.0006993648612023785,-0.00030296461601919537,0.016514484798899484,0.030929123543977956,-0.32066943546829124
-1.995826244354248,0.6304958313703537,-1.7729644775390625,0.03828210305690765,0.06963366270065308,-0.46849147808074953,0.00040518225336651226,0.0007582016465296884,-0.00010480695236564862,0.01853239708691907,0.023972541234452745,-0.31277280771191357
-1.7270750999450684,0.7640865296125412,-1.681732177734375,0.03727997363567352,0.08116510510444641,-0.46674662940979006,0.00028556072071541164,0.0005642025122034369,-9.919075828978456e-06,0.01857689713410942,0.02177754588043113,-0.3230428505447842
-1.7426929473876953,0.5704542845487595,-1.5561676025390625,0.03206280549764633,0.07076165080070496,-0.4721796927833557,0.0003838359301308377,0.0006369926640851211,-1.3221178566842195e-05,0.01925623745081419,0.02235100702744434,-0.31241726002373676
-1.6557594537734985,0.6064734309911728,-1.500762939453125,0.0332958451962471,0.09054122120141983,-0.46149975598812104,0.00041076884526241794,0.0006220334901948008,6.939927775217796e-05,0.02119015457589772,0.0215478590471119,-0.31289191647575604
-1.4785914421081543,0.5828095525503159,-1.65380859375,0.03641972064733505,0.08341135084629059,-0.4605966198158264,0.0003562989970808724,0.0005926854744941391,0.00017549237314081314,0.021722007727740925,0.018035795574350897,-0.3159389511678019
-1.5936837196350098,0.41806329786777496,-1.783447265625,0.03935304677188396,0.08163068443536758,-0.46649950899124143,0.0003666846868308621,0.0006303313673865499,7.310472721165412e-05,0.020557642782976206,0.019939775842039938,-0.31645691397627623
-1.7516051530838013,0.4436636418104172,-1.8442840576171875,0.04164593015491962,0.09274817258119583,-0.4663607363653183,0.0003221207804432642,0.00022257137017087482,0.00018410227397297506,0.02312663230920879,0.019969647450464218,-0.314888772610064
-1.60244882106781,-0.14987434446811676,-2.198486328125,0.05845112481415271,0.07010185718536377,-0.4460713327646255,0.0004924607894243888,0.00016133879560981644,0.0002792112888373398,0.02571432623806365,0.019376002849710704,-0.3123201579743043
-1.384479284286499,-0.30382050573825836,-2.299102783203125,0.059657833728790285,0.07977049797773361,-0.4419636734676361,0.00039830839783455,0.00033011351764961235,-2.872898228971105e-05,0.02106559927633861,0.022997833745272003,-0.31413729911034494
-1.6423606872558594,0.060019880533218384,-1.96514892578125,0.04974988154888153,0.08293934166431427,-0.45933967456817626,0.0003340098547423183,0.0001860819662118056,0.00012199636977575643,0.021530082161309076,0.019307526598786092,-0.31918683719774016
-1.7624995708465576,-0.3378651291131973,-1.830413818359375,0.04357036931931972,0.08970125019550323,-0.46464689663887027,0.0003735285162011614,0.0003663397373094957,3.5847964968235076e-05,0.021028777199103874,0.020984777420960825,-0.3163314094140733
-1.6463286876678467,0.31634072959423065,-1.855926513671875,0.045670151692628856,0.1016986221075058,-0.46251575892448427,0.00047401114859222347,0.00035811946979490215,-1.53267799615196e-05,0.021076853332859448,0.02243390213984985,-0.31308022754584264
-1.3965957164764404,0.2792847603559494,-1.96307373046875,0.04917736574292182,0.09157676994800568,-0.45265478140830995,0.0004700292918667949,0.0003366538427736752,0.00010879870890307623,0.02221051992240414,0.02087947115551027,-0.31470467635258875
-1.484708309173584,0.36309318244457245,-1.748291015625,0.04224987908840179,0.09972384572029114,-0.45779545314788817,0.000410292196846216,0.00039923288502944753,-0.00012158989088545565,0.019548238716695532,0.02391368856221641,-0.31523323519619645
-1.7041587829589844,0.17569594085216522,-1.7237548828125,0.03893182496249675,0.11123140156269073,-0.46448476133346556,0.000329501475014822,0.0004478435469799589,0.0002410090699757675,0.022307848163235153,0.01705009194974174,-0.3181138916165325
-1.9719867706298828,0.5203754752874374,-1.8042449951171875,0.03896101162850857,0.0972159206867218,-0.47195327589035035,0.0004180108472392162,0.0003582603069610214,3.7432093910268346e-05,0.019055175319806637,0.02192044775441597,-0.31043474629758566
-1.591117262840271,0.014596611261367798,-1.629302978515625,0.03789826761603355,0.09367547929286957,-0.420232163567543,0.00018164962519696785,0.0005694843763212621,4.019993974328426e-05,0.017230519227650835,-0.03298938345131399,-0.29284135801024425
-1.0908784866333008,-0.03597553074359894,-1.8243408203125,0.046880802483856676,0.09818312525749207,-0.3679945045089722,0.00017883060457214543,0.0004345463061569924,-0.0004989060025943515,0.010186461538877213,-0.0226697843670976,-0.2728458971256588
-1.332643985748291,-0.22202159464359283,-1.94879150390625,0.0548994698548317,0.06733837723731995,-0.32166277059555054,-0.00010814453183363194,0.0006199484064627965,-0.00147699212146542,-0.007660735737376473,-0.03079730340968423,-0.2457335345411889
-1.3855942487716675,-0.1333506852388382,-1.9866485595703125,0.05755935406267643,0.06661522388458252,-0.2973648787355423,-0.00044689793492309025,-0.00021763401236623767,-0.002161232662278475,0.00032612398963265924,0.05908909327574524,-0.21901093038137917
-1.4016497135162354,0.14361782371997833,-1.8173675537109375,0.051105885085165496,0.06684065610170364,-0.28551015419960024,-0.00035976420718426133,-0.0003736338288794829,-0.002436351100760137,-0.004319141003971567,0.0634212014866568,-0.2172694559129508
-1.422922968864441,0.14961566030979156,-1.876800537109375,0.054367181352972985,0.07557704299688339,-0.28273803488254545,-0.0002381508791375513,-0.0002621138970191468,-0.0024248571420549376,-0.00314917899067703,0.06534287363877221,-0.21466221897484983
-1.537401795387268,0.28705959022045135,-1.8397064208984375,0.050636476612389084,0.07204446941614151,-0.28170240064144136,-7.025211745086829e-05,-9.426422520036686e-05,-0.0023295841086401247,-0.004122645927616549,0.06716999326398776,-0.20004860174595776
-1.2678941488265991,0.6310649961233139,-1.5759124755859375,0.04533047977894544,0.06705028563737869,-0.23955723274707794,0.00017314698835464888,-0.00011458098513497905,-0.0005075501849082875,0.01801428977080403,0.05429556346962466,-0.17402968775961897
-1.1449702978134155,0.8482978790998459,-1.6370391845703125,0.047981329546868796,0.05254921689629555,-0.19260733850955963,0.00023314576276510166,-0.0001675030956117702,-0.00016773078678925467,0.01992957580788886,0.03847668632555487,-0.14372314948205792
-0.9588011503219604,0.8196042627096176,-1.2478179931640625,0.03588153458416462,0.024234477430582047,-0.1416419211244583,0.0002817936904375932,-9.085355976889907e-05,-0.00017916594102385694,0.01966591173442095,0.05034456047673685,-0.11917686703098314
-0.9237594604492188,0.685912236571312,-1.32196044921875,0.0417710989767313,0.008703220635652542,-0.08938784854888916,0.0004248657170728624,-5.371380189955188e-05,0.00016256317491930398,0.020093012726828414,0.039889578392974856,-0.1017122813399854
-0.6433683037757874,0.6679006665945053,-1.1394805908203125,0.035545525007247926,0.0007506832480430603,-0.03754307031393051,0.0005652972167197801,0.0003022882808296061,-0.0008449372190635963,0.006086482531313285,0.02803952275365348,-0.0704283588471341
-0.4335240125656128,0.8857211321592331,-1.0656890869140625,0.03498582834243774,0.005644727498292923,-0.0015376422548294064,0.00021646201054897072,0.0007924318202605774,-0.0008516258981254842,0.0044953064818551445,-0.004440965615542575,-0.03705592555535177
-0.4106602668762207,0.7490433901548386,-0.999755859375,0.03426452778577804,-0.004855353385210037,0.007606337985992433,0.0001516001337899186,0.0008120965789150437,-0.0007935456890294625,0.004843427965705827,-0.003462869694157086,-0.03631674883384807
-0.5378530621528625,0.7736042588949203,-1.06805419921875,0.03432145415186882,-0.00823909416794777,0.007622300179004671,0.00031317983941751295,0.001226257849955191,-0.000791498723825707,0.003349478451867885,-0.003623866205281673,-0.04558697081390314
-0.3546234369277954,0.93068628013134,-1.1104278564453125,0.03740559568226337,-0.012238521128892899,0.018323868241310118,0.0002599001711205745,0.0009032295791382044,-0.0006211676094279263,0.006571884622604535,0.013126006439485836,-0.02968217195270994
-0.3744904398918152,0.9913633912801743,-1.0018157958984375,0.033458190155029294,-0.013029508292675018,0.03074182101011276,0.00031916197943209575,0.0009335480712479217,-0.0008076938751825076,0.005455209485690425,0.024453443242947986,-0.007524526661177713
-0.2348170280456543,0.8086365312337875,-0.98736572265625,0.0356517527115345,-0.007645320147275925,0.05810978971481323,0.0004607283253667481,0.0009450359744262775,-0.0008268072218213056,0.00474414610008318,0.030850433744280033,0.007862441391092368
-0.20719802379608154,0.35420165956020355,-0.9935302734375,0.036057619439363475,-0.004423860460519791,0.08383959010601044,0.0010317770428685598,-0.00018692246912150614,-0.00020658286602817828,0.018149477481397527,0.03691936553562755,0.00215717175403202
-0.25561392307281494,0.13588491082191467,-0.8351898193359375,0.03099793074429035,-0.005909804254770279,0.10543957903385162,0.000980663628201461,-9.999114759772496e-06,-0.00023174925531121114,0.014809742969933577,0.03317346328176784,0.01620183358090552
-0.445730984210968,0.043990783393383026,-0.873016357421875,0.03210564182162284,-0.003905758261680603,0.12057513743638992,0.0010864276942621767,0.00037755598584483834,-0.0005824531160849121,0.0054934112323325405,0.030854427841957473,0.03126331353370854
-0.35481590032577515,0.11201997101306915,-0.6996307373046875,0.022941795494556425,-0.0014655031263828278,0.13784326097249985,0.0010775347876707305,0.0004265141161188573,-0.0005024148984972404,0.005642488981908964,0.032638054608314884,0.044284464091337634
-0.42908400297164917,0.22214864194393158,-0.7413482666015625,0.022888434225320817,0.0019345246255397797,0.1504207089304924,0.0011380892318173185,0.0003383874337419471,-0.00047501332093311563,0.006889198183858365,0.03415758388223677,0.059408718024974515
-0.3194347620010376,0.03895191848278046,-0.692169189453125,0.021048692898750304,-0.0043236203491687775,0.1726182298517227,0.0011113963673938872,0.0002351321581443746,-0.0003561492420236525,0.0015404182522305485,0.029777403773085187,0.0773642261726768
-0.2502843737602234,0.005637258291244507,-0.729644775390625,0.02222849030315876,-0.004442326724529266,0.19175378960371017,0.0009971868027966024,0.0005279806375026426,-0.0007202798949237398,-0.009057558905885749,0.022770883583657538,0.09625070127074815
-0.2730255126953125,-0.06410971283912659,-0.813262939453125,0.02177400935411453,-0.008025504648685455,0.21225515544891357,0.0008506572457167216,0.0006427062845371316,-7.105902138262252e-05,0.00014332850412538238,0.015839131462204996,0.11718182791333759
-0.24876201152801514,-0.13838092982769012,-0.827362060546875,0.023337679694890975,-0.009700234979391098,0.23612068473339082,0.0008815254540147982,0.0007491433017022555,8.038621228409216e-05,9.310353597558253e-05,0.01986673349969575,0.13258192931596485
-0.1593536138534546,0.09082601964473724,-0.7641143798828125,0.02082112666249275,-0.021692082285881042,0.2661077098608017,0.00094776932952892,0.0008585935807489921,9.501690821299793e-05,0.004941474205675369,0.024670148158915647,0.15515011341443247
0.13946115970611572,-0.015742838382720947,-0.4854583740234375,0.004980457341670991,-0.0390797033905983,0.3019477102041245,0.000939072169330926,0.0010826079788569965,-0.000122495236516937,0.0052984861119386535,0.03337671540161132,0.1800476468680653
0.2618284225463867,0.18464218080043793,-0.647247314453125,0.007993586602509022,-0.028530724346637726,0.343765203742981,0.0012928293060218074,0.0004766390630234292,0.0006415738963604807,0.05498692601008718,0.0561173897089756,0.1967426703291659
0.08748781681060791,0.3589475005865097,-0.5394744873046875,0.004167722609639168,-0.031640224158763885,0.366639836935997,0.001221176637335353,0.0005179146753835364,0.0006448028501949735,0.055602354393371356,0.060235384701069955,0.2035272047247029
-0.105232834815979,0.28082267940044403,-0.539520263671875,0.003200614721775054,-0.033502593636512756,0.3705821224832535,0.001225942337094806,0.0004724429991979266,0.000626838861575371,0.056557301439569024,0.06009203912090459,0.20306906601068284
0.044716835021972656,0.35936908423900604,-0.518524169921875,0.006426068549156189,-0.037463366985321045,0.36545988594055173,0.0011703524162041592,0.0005040208896173248,0.0005785741838447624,0.05510027988867458,0.058967952418748935,0.20213137878694043
-0.025644779205322266,0.25578366219997406,-0.691375732421875,0.010068671302497386,-0.03591545671224594,0.35852554777145385,0.0012093369926211121,0.000532459067307295,0.000679725875096343,0.05711569087081814,0.059881771830567414,0.20222973869066474
0.035716891288757324,0.5187679380178452,-0.6116943359375,0.00605141331076622,-0.03737321496009827,0.35679950745105743,0.0012256383034649106,0.000507009605550209,0.0006665890862692855,0.05707314217768716,0.06083189561509458,0.20343221798070737
0.07991409301757812,0.3877355009317398,-0.4173736572265625,-8.830838978290609e-05,-0.0403803214430809,0.3564841785812378,0.0011649757858422831,0.0005806968035380956,0.0006543847325195149,0.05534215442360524,0.056189885058788705,0.20084386388322342
0.010496258735656738,0.5963968485593796,-0.5056610107421875,0.00435266947209835,-0.034949399530887604,0.3479530511808395,0.0011503100696561453,0.0005580412303628804,0.0006345661590378981,0.05353488201794219,0.055107417798033055,0.19696520756552705
-0.012717723846435547,0.6228731721639633,-0.487823486328125,0.0039262967139482505,-0.03503424674272537,0.3350003747749329,0.0009647392389214122,0.0007943373259309525,0.0006356382918852738,0.04182294572059351,0.04407786037379816,0.1921713418147805
-0.20258492231369019,0.6409581750631332,-0.557220458984375,0.004605093705356122,-0.0337829515337944,0.32193502917051314,0.0009808765054103372,0.0008708978584969969,0.0007741217030259849,0.03249770314495314,0.037085758973442295,0.18880732952901003
0.015675783157348633,0.8481628149747849,-0.5405120849609375,0.0026251973208785036,-0.03541018068790436,0.31972217482566834,0.0010721759706363056,0.0008032975608453343,0.0008097290707191406,0.03484556817221859,0.03944562739303373,0.1904087645952026
0.26088786125183105,0.5291662067174911,-0.8294525146484375,0.014943821852505205,-0.03700658679008484,0.33412805493354797,0.0012683322212193246,0.00026374210922021016,0.0006194573609684668,0.059356090398006565,0.059028783489725685,0.19704926456211413
0.15691685676574707,-0.0007363408803939819,-0.9767608642578125,0.019257206557393075,-0.04493176192045212,0.32637277571678164,0.00088356415091929,0.00117017577054432,-0.00013558135185411628,0.011612366215605534,0.03814779956449933,0.18831772977305103
0.09986662864685059,0.7544607371091843,-0.950592041015625,0.01784412838488817,-0.04248178005218506,0.30749542046546935,0.0010411406133171482,0.0004992527453967253,0.0006126514541669648,0.05054174469610574,0.05153774486024015,0.19192566075108505
-0.08806145191192627,0.296930655837059,-0.983489990234375,0.018112529561519625,-0.03699292987585068,0.31467129944324496,0.0007846056291975585,0.0011450407529443258,3.42326546653917e-05,0.014643891319511269,0.0363358095614953,0.1875164618335528
-0.039540648460388184,0.5461330264806747,-1.026763916015625,0.023652849650382994,-0.03018299490213394,0.30513746633052824,0.0007278472251414569,0.0011706952795379963,-0.00011993701826230616,0.006402790308946981,0.03386181979278485,0.18486387969618018
-0.27917414903640747,0.6168548911809921,-1.0313720703125,0.022816089338362218,-0.027605436742305756,0.2942433149456978,0.0006970991150401073,0.0010487713523004778,-8.19546326135526e-05,0.007369994211313252,0.032142146955298725,0.1844136280036819
-0.33654046058654785,0.28475530445575714,-1.051544189453125,0.0234305207452178,-0.037142880260944366,0.29356502968788145,0.0007810258842451869,0.0008893233416038503,-0.00029147539213459684,0.021367819199394258,0.045400825102785716,0.18850883016982103
-0.27571117877960205,0.07169163227081299,-1.172332763671875,0.03046237827539444,-0.033304549753665924,0.2947711266374588,0.0008660986760692518,0.0007933833718259688,-0.0002885946045853412,0.024685342493923217,0.04693591150897743,0.18875498764512166
-0.22234588861465454,0.007359117269515991,-1.062469482421875,0.026857243534922595,-0.03324291110038757,0.3000800211548805,0.0006618644469275669,0.001161690543760047,8.33371020256374e-05,0.00877518055062278,0.031730327176531105,0.18430380673210947
-0.24961018562316895,-0.032677993178367615,-1.129608154296875,0.02610150162577629,-0.03221882879734039,0.2940676644229889,0.0009276081547942329,0.0007112069288391582,-0.0001706750118902337,0.026464895283406686,0.04810422849645964,0.18455398975235826
-0.3336327075958252,0.03132063150405884,-1.0249786376953125,0.024937963336408138,-0.029435530304908752,0.27749904950141907,0.0006321740483943225,0.0008092495893575365,-2.560000522951059e-05,0.007308183462273946,0.02862059771930773,0.17355434510417608
-0.2848826050758362,-0.09366782009601593,-0.906524658203125,0.02087807855159044,-0.0477110892534256,0.256180774576664,0.0009684068307610691,0.000903913409957759,-0.0005795992318095034,0.002200978316796158,0.07093297950182088,0.14793992758093766
-0.3007173538208008,-0.09026621282100677,-0.95501708984375,0.02241936993420124,-0.0429743230342865,0.2262637348175049,0.0005012051834685166,0.000910532365700012,-0.0002049073196493182,-0.0051856434901821295,0.02128419428152261,0.14190536498707118
-0.38627177476882935,0.17221209406852722,-0.6823577880859375,0.014575113943815231,-0.03346886485815048,0.2013281595349312,0.0005150628413389258,0.0009205731975582086,-0.00018631365873161886,-0.005109903738582564,0.020689837584449363,0.13643648238087575
-0.4995996952056885,0.15535908937454224,-0.7455902099609375,0.01836901444017887,-0.026092685759067535,0.189482206697464,0.0005143673135795156,0.0008103409915403213,-0.00013888194056717665,-0.0037291011103472707,0.01877573839043456,0.13299566744259497
-0.41642439365386963,-0.009627357125282288,-0.72332763671875,0.01732703540533781,-0.025718405842781067,0.18062321352481842,0.0005003553292231393,0.0008531212909264025,-0.0002412583473536647,-0.004632019095087228,0.01636894677831703,0.11865313336336929
-0.48842257261276245,0.45057739317417145,-0.517791748046875,0.013497059760093688,-0.018847942352294922,0.15591580319166184,0.0005483491827277366,0.0007563160788617766,-0.0001456254330530328,-0.002090296990301149,0.019775290110792706,0.10693856759764897
-0.3481205701828003,0.4690788835287094,-0.584747314453125,0.014733993093967435,-0.015657179057598114,0.1419292676115036,0.0006069799925631967,0.0008268950703655423,-0.00033376356135822016,-0.004431175519458239,0.02344777199812572,0.10099024334159584
-0.3316831588745117,0.47532819211483,-0.5637664794921875,0.014562005083560942,-0.011636130511760712,0.13212339324951172,0.000575745870119067,0.0009493662817934116,-0.0005355836110469713,-0.004925209461069004,0.02969371123325081,0.0973368240818532
-0.4549027681350708,0.6192087978124619,-0.6079559326171875,0.016332502986192703,-0.0006078667938709259,0.11994601807117462,0.0005925004628294078,0.0008714059811767963,-0.0003708373235083394,-0.0022841184121370176,0.030134849205112814,0.09074049365618984
-0.39437204599380493,0.529289111495018,-0.73883056640625,0.02211286819279194,-0.013358481228351593,0.11977641006708145,0.0005683468922762398,0.0007996722957270392,-0.0004086236478648846,-0.002417189825784389,0.029878469859372883,0.08977572554482328
-0.3884403109550476,0.3141715079545975,-0.8680572509765625,0.024422278681993485,-0.01662854105234146,0.114396493537426,0.0006266728256854432,0.0007450012428037989,-0.00036953398374323397,-0.001642880178229247,0.029845101484390207,0.0899731982514591
-0.20320308208465576,0.3537089675664902,-0.9495391845703125,0.031569389880299566,-0.01642792299389839,0.11709885539531707,0.0005306598470309807,0.0009955468051455207,-0.0007177350739712633,-0.00593365728828991,0.030069858233126558,0.08495094107043172
