local_ns,elapsed_s,bota_timestamp,fx,fy,fz,tx,ty,tz,bota_temperature,bota_status,force_zero_fx,force_zero_fy,force_zero_fz,torque_zero_tx,torque_zero_ty,torque_zero_tz,opti_local_ns,opti_dt_ms,opti_frame,opti_timestamp,opti_rigid_id,opti_seen,opti_px,opti_py,opti_pz,opti_qx,opti_qy,opti_qz,opti_qw,origin_frame,origin_px,origin_py,origin_pz,origin_qx,origin_qy,origin_qz,origin_qw,deflection_x_m,deflection_y_m,deflection_z_m,deflection_norm_m,rel_qx,rel_qy,rel_qz,rel_qw,reorientation_angle_deg
103230803697382,0.000016745,5531611,0.36375731229782104,0.007728099822998047,-0.1914825439453125,-0.0005787648260593414,-0.0055263228714466095,-0.0010739564895629883,26.14999008178711,0,-0.08362570405006409,-0.020606279373168945,0.0454254150390625,-0.000682532787322998,0.001776035875082016,0.0005397796630859375,103230792224736,11.473,1416250,11802.083333333334,34,True,0.7637673020362854,1.1645777225494385,-5.201920986175537,0.719752311706543,0.05929747223854065,-0.6910412311553955,-0.030040092766284943,1416250,0.7637673020362854,1.1645777225494385,-5.201920986175537,0.7197523222325736,0.059297473105737596,-0.6910412412615404,-0.030040093205606817,0.0,0.0,-0.0,0.0,0.0,0.0,0.0,1.0,0.0
103230903850477,0.100169840,5532748,0.3193198889493942,0.06286191940307617,-0.277069091796875,0.0009205937385559082,-0.004276681691408157,-0.0010646581649780273,26.14999008178711,0,-0.08362570405006409,-0.020606279373168945,0.0454254150390625,-0.000682532787322998,0.001776035875082016,0.0005397796630859375,103230890794615,13.056,1416262,11802.183333333332,34,True,0.763769268989563,1.164557933807373,-5.201918125152588,0.7197228074073792,0.05945274978876114,-0.6910669803619385,-0.02984793297946453,1416250,0.7637673020362854,1.1645777225494385,-5.201920986175537,0.7197523222325736,0.059297473105737596,-0.6910412412615404,-0.030040093205606817,-5.272032822600583e-06,1.9341907422078463e-05,-1.3209682953973684e-06,2.0091009682051244e-05,-0.00024319746670863063,-5.498088006050672e-05,2.0052938226884642e-05,0.999999968714987,0.02866393412676786
103231004166896,0.200486259,5632816,0.24367785453796387,0.09118962287902832,-0.191314697265625,0.0016975030303001404,-0.0026375334709882736,-0.0004400014877319336,26.14999008178711,0,-0.08362570405006409,-0.020606279373168945,0.0454254150390625,-0.000682532787322998,0.001776035875082016,0.0005397796630859375,103230890794615,113.372,1416262,11802.183333333332,34,True,0.763769268989563,1.164557933807373,-5.201918125152588,0.7197228074073792,0.05945274978876114,-0.6910669803619385,-0.02984793297946453,1416250,0.7637673020362854,1.1645777225494385,-5.201920986175537,0.7197523222325736,0.059297473105737596,-0.6910412412615404,-0.030040093205606817,-5.272032822600583e-06,1.9341907422078463e-05,-1.3209682953973684e-06,2.0091009682051244e-05,-0.00024319746670863063,-5.498088006050672e-05,2.0052938226884642e-05,0.999999968714987,0.02866393412676786
103231104523588,0.300842951,5733382,0.2968284338712692,0.10359907150268555,-0.2125701904296875,0.0020546317100524902,-0.0036427266895771027,-0.0010782480239868164,26.14999008178711,0,-0.08362570405006409,-0.020606279373168945,0.0454254150390625,-0.000682532787322998,0.001776035875082016,0.0005397796630859375,103231061311330,43.212,1416282,11802.35,34,True,0.7637493014335632,1.1645665168762207,-5.2019219398498535,0.7197901606559753,0.059266410768032074,-0.6910021305084229,-0.030094463378190994,1416250,0.7637673020362854,1.1645777225494385,-5.201920986175537,0.7197523222325736,0.059297473105737596,-0.6910412412615404,-0.030040093205606817,-1.158536173626171e-06,1.0436877272554837e-05,1.844526204906417e-05,2.1224945355091472e-05,5.714257567340092e-05,5.845509570762131e-05,-1.4146009599914217e-05,0.9999999965588091,0.009506529673670184
103231204637598,0.400956961,5833746,0.26652026176452637,0.07222676277160645,-0.2778472900390625,0.00040962547063827515,-0.003277568146586418,-0.0009090900421142578,26.14999008178711,0,-0.08362570405006409,-0.020606279373168945,0.0454254150390625,-0.000682532787322998,0.001776035875082016,0.0005397796630859375,103231193023007,11.615,1416298,11802.483333333334,34,True,0.7637568116188049,1.1645712852478027,-5.201923370361328,0.7200357913970947,0.05936869606375694,-0.6907498240470886,-0.029806988313794136,1416250,0.7637673020362854,1.1645777225494385,-5.201920986175537,0.7197523222325736,0.059297473105737596,-0.6910412412615404,-0.030040093205606817,1.1489481003649248e-06,6.218995046631903e-06,1.0824789698777983e-05,1.2536827874312316e-05,-0.00024279153806627818,0.00038967503280024074,0.00011787701164742842,0.9999998876553178,0.05431801491953007
103231304851681,0.501171044,5933893,0.2896716594696045,0.11145710945129395,-0.2132720947265625,0.0015238747000694275,-0.003908870741724968,-0.000926971435546875,26.14999008178711,0,-0.08362570405006409,-0.020606279373168945,0.0454254150390625,-0.000682532787322998,0.001776035875082016,0.0005397796630859375,103231301447912,3.404,1416311,11802.591666666667,34,True,0.7635164856910706,1.1645896434783936,-5.202005863189697,0.723257303237915,0.05967281013727188,-0.6873823404312134,-0.029044315218925476,1416250,0.7637673020362854,1.1645777225494385,-5.201920986175537,0.7197523222325736,0.059297473105737596,-0.6910412412615404,-0.030040093205606817,7.61382786076765e-05,-1.218531116646963e-05,0.0002535932487848666,0.0002650567016825402,-0.0012983403998519938,0.004985266453515935,0.0005158967443129742,0.9999865975507587,0.593280667170544
103231405051872,0.601371235,6033871,0.312323734164238,0.0752100944519043,-0.169921875,0.0012958049774169922,-0.004538137465715408,-0.0009278059005737305,26.14999008178711,0,-0.08362570405006409,-0.020606279373168945,0.0454254150390625,-0.000682532787322998,0.001776035875082016,0.0005397796630859375,103231403518422,1.533,1416323,11802.691666666666,34,True,0.7637937664985657,1.164696455001831,-5.20187520980835,0.7194870710372925,0.057937972247600555,-0.6914510130882263,-0.029614176601171494,1416250,0.7637673020362854,1.1645777225494385,-5.201920986175537,0.7197523222325736,0.059297473105737596,-0.6910412412615404,-0.030040093205606817,-2.9306098204752812e-05,-0.0001222540164730777,-3.299010263758694e-05,0.0001299739928132728,0.0006651833141948782,-0.0004626499949338947,0.0012694107242809533,0.999998866040634,0.17257044267837
103231505143742,0.701463105,6133996,0.25300176441669464,0.10564780235290527,-0.191131591796875,0.002504020929336548,-0.0031041596084833145,-0.0010846853256225586,26.14999008178711,0,-0.08362570405006409,-0.020606279373168945,0.0454254150390625,-0.000682532787322998,0.001776035875082016,0.0005397796630859375,103231502031626,3.112,1416335,11802.791666666666,34,True,0.7637853622436523,1.1646453142166138,-5.201871395111084,0.7195218801498413,0.058677107095718384,-0.691372275352478,-0.02915080264210701,1416250,0.7637673020362854,1.1645777225494385,-5.201920986175537,0.7197523222325736,0.059297473105737596,-0.6910412412615404,-0.030040093205606817,-3.989423891702909e-05,-7.241121223130978e-05,-2.2784737867480313e-05,8.575592245009424e-05,-0.00018481845173382022,-0.00043160434074862575,0.0010573259235008394,0.9999993308106383,0.13256905614718076
103231605425716,0.801745079,6234333,0.3277236670255661,0.09960126876831055,-0.2343902587890625,0.0015848875045776367,-0.004729289561510086,-0.0012416839599609375,26.14999008178711,0,-0.08362570405006409,-0.020606279373168945,0.0454254150390625,-0.000682532787322998,0.001776035875082016,0.0005397796630859375,103231599499789,5.926,1416347,11802.891666666666,34,True,0.7637695074081421,1.1646628379821777,-5.201862812042236,0.7196099162101746,0.05866885185241699,-0.6912824511528015,-0.029123546555638313,1416250,0.7637673020362854,1.1645777225494385,-5.201920986175537,0.7197523222325736,0.059297473105737596,-0.6910412412615404,-0.030040093205606817,-4.677913419949497e-05,-9.154978351648085e-05,-8.005003581860701e-06,0.00010311998031765945,-0.00020670233370560093,-0.0003074848617833359,0.0010846247517943414,0.9999993431579607,0.13134033511984727
103231705652212,0.901971575,6334549,0.2812678813934326,0.07471776008605957,-0.2559356689453125,0.000859580934047699,-0.0034560244530439377,-0.0007499456405639648,26.14999008178711,0,-0.08362570405006409,-0.020606279373168945,0.0454254150390625,-0.000682532787322998,0.001776035875082016,0.0005397796630859375,103231703767437,1.885,1416359,11802.991666666667,34,True,0.7637815475463867,1.1646462678909302,-5.201862812042236,0.7195561528205872,0.058808956295251846,-0.6913233995437622,-0.02919660322368145,1416250,0.7637673020362854,1.1645777225494385,-5.201920986175537,0.7197523222325736,0.059297473105737596,-0.6910412412615404,-0.030040093205606817,-4.842527518298755e-05,-7.459827247596661e-05,-1.9383463328591965e-05,9.102542602788244e-05,-0.00024689438530788027,-0.0003739869603144318,0.000931341167358504,0.9999994658901304,0.11843578606012425
103231805853565,1.002172928,6434823,0.28995776176452637,0.11157536506652832,-0.2776031494140625,0.0015167221426963806,-0.003915099427103996,-0.0009173154830932617,26.14999008178711,0,-0.08362570405006409,-0.020606279373168945,0.0454254150390625,-0.000682532787322998,0.001776035875082016,0.0005397796630859375,103231799442047,6.412,1416371,11803.091666666667,34,True,0.7637912034988403,1.1646463871002197,-5.201866149902344,0.7194564938545227,0.05866178870201111,-0.6914332509040833,-0.02934732288122177,1416250,0.7637673020362854,1.1645777225494385,-5.201920986175537,0.7197523222325736,0.059297473105737596,-0.6910412412615404,-0.030040093205606817,-4.473580206001052e-05,-7.387521112002175e-05,-2.88838795872747e-05,9.106655425562346e-05,-2.7207016276259426e-05,-0.0005085629563654214,0.000930502294669004,0.9999994373943304,0.12155412417261029
103231905952653,1.102272016,6535092,0.2680652141571045,0.17912602424621582,-0.255859375,0.0033905133605003357,-0.003288833424448967,-0.0009284019470214844,26.14999008178711,0,-0.08362570405006409,-0.020606279373168945,0.0454254150390625,-0.000682532787322998,0.001776035875082016,0.0005397796630859375,103231873916491,32.036,1416380,11803.166666666666,34,True,0.7637894153594971,1.1646502017974854,-5.2018561363220215,0.7193071246147156,0.058635808527469635,-0.6915919184684753,-0.02932165376842022,1416250,0.7637673020362854,1.1645777225494385,-5.201920986175537,0.7197523222325736,0.059297473105737596,-0.6910412412615404,-0.030040093205606817,-5.4244966170432435e-05,-7.898825989896408e-05,-2.7678193676694028e-05,9.973837757805288e-05,-1.3833396762683022e-05,-0.0007267262765077719,0.0009628491794436698,0.9999992722992421,0.1382432915867489
103232006206473,1.202525836,6635109,0.2812678813934326,0.07471776008605957,-0.2559356689453125,0.000859580934047699,-0.0034560244530439377,-0.0007499456405639648,26.14999008178711,0,-0.08362570405006409,-0.020606279373168945,0.0454254150390625,-0.000682532787322998,0.001776035875082016,0.0005397796630859375,103231999635288,6.571,1416395,11803.291666666666,34,True,0.763780951499939,1.1646292209625244,-5.201889514923096,0.7194820642471313,0.05872325226664543,-0.6914170384407043,-0.028977779671549797,1416250,0.7637673020362854,1.1645777225494385,-5.201920986175537,0.7197523222325736,0.059297473105737596,-0.6910412412615404,-0.030040093205606817,-2.414297342506579e-05,-5.438500579696901e-05,-1.6977105680615057e-05,6.187757379398902e-05,-0.00033738993763628855,-0.0005029831431884181,0.001142662558616923,0.9999991637487827,0.14819584849488054
103232106464467,1.302783830,6735386,0.258979007601738,0.0884547233581543,-0.213134765625,0.0012447834014892578,-0.002827931195497513,-0.0012364387512207031,26.14999008178711,0,-0.08362570405006409,-0.020606279373168945,0.0454254150390625,-0.000682532787322998,0.001776035875082016,0.0005397796630859375,103232084337504,22.127,1416405,11803.375,34,True,0.7637879252433777,1.1646746397018433,-5.201877117156982,0.7195541858673096,0.058512069284915924,-0.6913358569145203,-0.029544390738010406,1416250,0.7637673020362854,1.1645777225494385,-5.201920986175537,0.7197523222325736,0.059297473105737596,-0.6910412412615404,-0.030040093205606817,-3.0404736512947214e-05,-0.0001006487955611774,-2.6231924055199068e-05,0.00010836393260663422,0.00020938542488374567,-0.00035477099520697664,0.0009049483562207188,0.9999995056817566,0.11393862215119482
103232206715873,1.403035236,6835617,0.3788135349750519,0.11680150032043457,-0.2977752685546875,0.002407751977443695,-0.005002943798899651,-0.0009039640426635742,26.14999008178711,0,-0.08362570405006409,-0.020606279373168945,0.0454254150390625,-0.000682532787322998,0.001776035875082016,0.0005397796630859375,103232200561446,6.154,1416419,11803.491666666667,34,True,0.7637763619422913,1.164677619934082,-5.201867580413818,0.7196208238601685,0.058457277715206146,-0.6912784576416016,-0.02937440015375614,1416250,0.7637673020362854,1.1645777225494385,-5.201920986175537,0.7197523222325736,0.059297473105737596,-0.6910412412615404,-0.030040093205606817,-3.991753334635587e-05,-0.00010530360898875434,-1.5214637876181595e-05,0.00011363865865196244,0.00011949209223850733,-0.00027584218693182955,0.001064082340221897,0.9999993886805637,0.12670733307345466
103232306930749,1.503250112,6936007,0.3475516736507416,0.13785839080810547,-0.2771453857421875,0.0018325969576835632,-0.0039144232869148254,-0.00122833251953125,26.14999008178711,0,-0.08362570405006409,-0.020606279373168945,0.0454254150390625,-0.000682532787322998,0.001776035875082016,0.0005397796630859375,103232283596254,23.334,1416429,11803.575,34,True,0.7637980580329895,1.164638638496399,-5.201868057250977,0.7196996212005615,0.058838870376348495,-0.6911837458610535,-0.028904831036925316,1416250,0.7637673020362854,1.1645777225494385,-5.201920986175537,0.7197523222325736,0.059297473105737596,-0.6910412412615404,-0.030040093205606817,-4.356863783338308e-05,-6.565577885059294e-05,-3.53446952646726e-05,8.636061013267007e-05,-0.0004901608720965095,-0.0001925283105279063,0.0011157491614777748,0.9999992388891993,0.14138117800069488
103232408683320,1.605002683,7036173,0.3124106675386429,0.18222332000732422,-0.362335205078125,0.003826908767223358,-0.0038355067372322083,-0.0004271268844604492,26.14999008178711,0,-0.08362570405006409,-0.020606279373168945,0.0454254150390625,-0.000682532787322998,0.001776035875082016,0.0005397796630859375,103232408420644,0.263,1416444,11803.7,34,True,0.7638368010520935,1.164623498916626,-5.201834678649902,0.719390332698822,0.05971848964691162,-0.6914796233177185,-0.027697646990418434,1416250,0.7637673020362854,1.1645777225494385,-5.201920986175537,0.7197523222325736,0.059297473105737596,-0.6910412412615404,-0.030040093205606817,-7.710614934464187e-05,-5.313034966599767e-05,-7.487580149812398e-05,0.00011989402809304498,-0.0019400517702105533,-0.0007172247251971964,0.0013074032945566035,0.9999970062377427,0.28039895367153433
103232508991053,1.705310416,7137765,0.280707523226738,0.07858610153198242,-0.298370361328125,0.0013194084167480469,-0.0027451999485492706,-0.0012142658233642578,26.14999008178711,0,-0.08362570405006409,-0.020606279373168945,0.0454254150390625,-0.000682532787322998,0.001776035875082016,0.0005397796630859375,103232493827780,15.163,1416454,11803.783333333333,34,True,0.7637921571731567,1.1646226644515991,-5.2018609046936035,0.7194400429725647,0.0589742474257946,-0.6914439797401428,-0.02886698581278324,1416250,0.7637673020362854,1.1645777225494385,-5.201920986175537,0.7197523222325736,0.059297473105737596,-0.6910412412615404,-0.030040093205606817,-5.2908543216414744e-05,-5.097707766474295e-05,-2.914378969053583e-05,7.904009659689596e-05,-0.0005877222178790539,-0.0005655223723210479,0.0010368889440678722,0.9999991298138009,0.1511728333899815
103232609226378,1.805545741,7238252,0.20601876825094223,0.09332942962646484,-0.3217315673828125,-0.0001720823347568512,-0.0018332675099372864,-0.001066446304321289,26.14999008178711,0,-0.08362570405006409,-0.020606279373168945,0.0454254150390625,-0.000682532787322998,0.001776035875082016,0.0005397796630859375,103232608941686,0.285,1416468,11803.9,34,True,0.763792872428894,1.164623498916626,-5.201871871948242,0.7196609973907471,0.059163279831409454,-0.6911981701850891,-0.0288590956479311,1416250,0.7637673020362854,1.1645777225494385,-5.201920986175537,0.7197523222325736,0.059297473105737596,-0.6910412412615404,-0.030040093205606817,-4.190488451698014e-05,-5.0399745000515546e-05,-2.941724751440504e-05,7.184377560945836e-05,-0.0007452437514317775,-0.00024205818132078116,0.0009120027649088085,0.999999277135011,0.13778319380574824
103232709369870,1.905689233,7338442,0.30989718437194824,0.021277666091918945,-0.234588623046875,-0.000627908855676651,-0.0038093309849500656,-0.0009025335311889648,26.14999008178711,0,-0.08362570405006409,-0.020606279373168945,0.0454254150390625,-0.000682532787322998,0.001776035875082016,0.0005397796630859375,103232692451788,16.918,1416478,11803.983333333334,34,True,0.7637628316879272,1.1646493673324585,-5.201866626739502,0.7197157740592957,0.058710791170597076,-0.6911730170249939,-0.029021969065070152,1416250,0.7637673020362854,1.1645777225494385,-5.201920986175537,0.7197523222325736,0.059297473105737596,-0.6910412412615404,-0.030040093205606817,-4.4960095175439974e-05,-7.801325939154336e-05,-6.54549778345917e-07,9.004391836481341e-05,-0.00031846389494085553,-0.00016285040205149537,0.0011276227030379248,0.9999993002635221,0.1355610451652175
103232809517942,2.005837305,7438488,0.4157962203025818,0.14930987358093262,-0.2982940673828125,0.0021746382117271423,-0.005808698013424873,-0.0007535219192504883,26.14999008178711,0,-0.08362570405006409,-0.020606279373168945,0.0454254150390625,-0.000682532787322998,0.001776035875082016,0.0005397796630859375,103232808462141,1.056,1416492,11804.1,34,True,0.7637652158737183,1.1646472215652466,-5.201871871948242,0.719552755355835,0.058843083679676056,-0.6913244724273682,-0.02918592095375061,1416250,0.7637673020362854,1.1645777225494385,-5.201920986175537,0.7197523222325736,0.059297473105737596,-0.6910412412615404,-0.030040093205606817,-3.9942980825114315e-05,-7.512524578695606e-05,-2.725495107878399e-06,8.512739039421495e-05,-0.0002780007260070397,-0.000378765583108176,0.0009139905675727145,0.9999994719365966,0.11776349337955277
103232909742458,2.106061821,7538631,0.3653213381767273,0.0831294059753418,-0.2990264892578125,0.0007470846176147461,-0.00554778054356575,-0.0015517473220825195,26.14999008178711,0,-0.08362570405006409,-0.020606279373168945,0.0454254150390625,-0.000682532787322998,0.001776035875082016,0.0005397796630859375,103232899283576,10.459,1416503,11804.191666666666,34,True,0.7637630701065063,1.1646573543548584,-5.201878547668457,0.7193571925163269,0.058760665357112885,-0.6915258765220642,-0.029400618746876717,1416250,0.7637673020362854,1.1645777225494385,-5.201920986175537,0.7197523222325736,0.059297473105737596,-0.6910412412615404,-0.030040093205606817,-3.212173377489649e-05,-8.44267835993015e-05,-6.877337045485805e-07,9.033360696483332e-05,-4.869955342044069e-05,-0.0006436617418907331,0.0008194001336563651,0.9999994559555203,0.11953218259715302
103233010083879,2.206403242,7638988,0.32237426936626434,0.290266752243042,-0.2560882568359375,0.005372010171413422,-0.005007730796933174,-0.000637054443359375,26.14999008178711,0,-0.08362570405006409,-0.020606279373168945,0.0454254150390625,-0.000682532787322998,0.001776035875082016,0.0005397796630859375,103233008428071,1.656,1416516,11804.3,34,True,0.7637804746627808,1.16464102268219,-5.201882839202881,0.719261646270752,0.05894577130675316,-0.6916229128837585,-0.029083555564284325,1416250,0.7637673020362854,1.1645777225494385,-5.201920986175537,0.7197523222325736,0.059297473105737596,-0.6910412412615404,-0.030040093205606817,-2.9280613235371517e-05,-6.693911558951495e-05,-1.724577950195934e-05,7.507074275625663e-05,-0.0003961981266531883,-0.0008038919261374455,0.0009025227586270008,0.9999991911184158,0.1457505254567587
103233110345571,2.306664934,7739248,0.40108293294906616,0.17339587211608887,-0.234283447265625,0.0024790391325950623,-0.005624966695904732,-0.0009295940399169922,26.14999008178711,0,-0.08362570405006409,-0.020606279373168945,0.0454254150390625,-0.000682532787322998,0.001776035875082016,0.0005397796630859375,103233108087942,2.258,1416528,11804.4,34,True,0.7637597322463989,1.1646358966827393,-5.20187520980835,0.7191948294639587,0.058598943054676056,-0.6917226314544678,-0.029067277908325195,1416250,0.7637673020362854,1.1645777225494385,-5.201920986175537,0.7197523222325736,0.059297473105737596,-0.6910412412615404,-0.030040093205606817,-3.82791615824004e-05,-6.372296215651224e-05,3.3312429595364065e-06,7.441106972156274e-05,-0.00016032113283503954,-0.0009123841837517797,0.001162435145495702,0.9999988952977739,0.17032966037774752
103233210713315,2.407032678,7839422,0.3200976848602295,0.1384575366973877,-0.3201751708984375,0.002255640923976898,-0.004284946247935295,-0.0010720491409301758,26.14999008178711,0,-0.08362570405006409,-0.020606279373168945,0.0454254150390625,-0.000682532787322998,0.001776035875082016,0.0005397796630859375,103233210478341,0.235,1416540,11804.5,34,True,0.7637681365013123,1.1646363735198975,-5.201860427856445,0.7193275094032288,0.05892837792634964,-0.6915650963783264,-0.02886284701526165,1416250,0.7637673020362854,1.1645777225494385,-5.201920986175537,0.7197523222325736,0.059297473105737596,-0.6910412412615404,-0.030040093205606817,-5.2552000126334504e-05,-6.567778747296307e-05,-5.714734837560704e-06,8.430861568597599e-05,-0.0005484409960752196,-0.0007293292048420885,0.0010697291285456205,0.9999990114849997,0.16112365077057642
103233310971825,2.507291188,7939701,0.27382922172546387,0.08657383918762207,-0.3634033203125,0.0007814988493919373,-0.0030173342674970627,-0.0010532140731811523,26.14999008178711,0,-0.08362570405006409,-0.020606279373168945,0.0454254150390625,-0.000682532787322998,0.001776035875082016,0.0005397796630859375,103233308281968,2.690,1416552,11804.6,34,True,0.7637520432472229,1.1646275520324707,-5.201854228973389,0.7191769480705261,0.05845151096582413,-0.6917417049407959,-0.02934892475605011,1416250,0.7637673020362854,1.1645777225494385,-5.201920986175537,0.7197523222325736,0.059297473105737596,-0.6910412412615404,-0.030040093205606817,-6.0425341055641626e-05,-5.8415883882500634e-05,1.0425676483364019e-05,8.468962192382356e-05,0.000145944649694002,-0.0009173393924883921,0.0010734328743080904,0.9999989924647239,0.16266637655393537
103233411192376,2.607511739,8040203,0.3346160352230072,0.14136791229248047,-0.36248779296875,0.0027001425623893738,-0.004462964832782745,-0.00042319297790527344,26.14999008178711,0,-0.08362570405006409,-0.020606279373168945,0.0454254150390625,-0.000682532787322998,0.001776035875082016,0.0005397796630859375,103233409647350,1.545,1416564,11804.7,34,True,0.7637776136398315,1.165008306503296,-5.2021284103393555,0.7197291851043701,0.05835709348320961,-0.6913421154022217,-0.02510872296988964,1416250,0.7637673020362854,1.1645777225494385,-5.201920986175537,0.7197523222325736,0.059297473105737596,-0.6910412412615404,-0.030040093205606817,0.00026061955446464886,-0.0004003578749748591,-1.801871247320559e-05,0.00047805193674215884,-0.002880987932576691,-0.0004967122690090475,0.004092286901534001,0.9999873531067129,0.5763151158995709
103233511398391,2.707717754,8140332,0.33170174062252045,-0.03233182430267334,-0.274444580078125,0.0029004886746406555,-0.005486281588673592,-0.0016878843307495117,26.14999008178711,0,-0.08362570405006409,-0.020606279373168945,0.0454254150390625,-0.000682532787322998,0.001776035875082016,0.0005397796630859375,103233509749715,1.649,1416576,11804.8,34,True,0.763841450214386,1.1649079322814941,-5.201803207397461,0.7192952036857605,0.0604846328496933,-0.6915161609649658,-0.027596432715654373,1416250,0.7637673020362854,1.1645777225494385,-5.201920986175537,0.7197523222325736,0.059297473105737596,-0.6910412412615404,-0.030040093205606817,-7.203610016307007e-05,-0.00033878639877041187,-9.188490793649169e-05,0.00035834098289900634,-0.0025373130495962644,-0.0008382775482445594,0.0008213697935659064,0.9999960923348165,0.32035126262185626
103233611631352,2.807950715,8240512,0.4056297838687897,-0.10598266124725342,-0.468109130859375,0.0013453438878059387,-0.010989569127559662,0.0007039308547973633,26.14999008178711,0,-0.08362570405006409,-0.020606279373168945,0.0454254150390625,-0.000682532787322998,0.001776035875082016,0.0005397796630859375,103233608775829,2.856,1416588,11804.9,34,True,0.7640108466148376,1.1659537553787231,-5.202381610870361,0.7191855907440186,0.05341211333870888,-0.692363977432251,-0.02348148450255394,1416250,0.7637673020362854,1.1645777225494385,-5.201920986175537,0.7197523222325736,0.059297473105737596,-0.6910412412615404,-0.030040093205606817,0.0006403836961769048,-0.0012955265342611635,-0.0002765413878415493,0.0014713787474655417,-0.0005580879396947167,-0.0015557894095528102,0.008774399720935473,0.9999601381888691,1.02316949168599
103233711892106,2.908211469,8340579,0.585970550775528,-0.4305304288864136,-0.3978118896484375,0.003664463758468628,-0.021662648767232895,0.0038911104202270508,26.14999008178711,0,-0.08362570405006409,-0.020606279373168945,0.0454254150390625,-0.000682532787322998,0.001776035875082016,0.0005397796630859375,103233709199952,2.692,1416600,11805.0,34,True,0.7637805938720703,1.1663521528244019,-5.201850891113281,0.718438446521759,0.0599723681807518,-0.6923809051513672,-0.029297800734639168,1416250,0.7637673020362854,1.1645777225494385,-5.201920986175537,0.7197523222325736,0.059297473105737596,-0.6910412412615404,-0.030040093205606817,0.00015615997832595828,-0.0017669422410033406,-8.498217157222056e-05,0.00177586395632036,-0.0008817393549328257,-0.001936458316490586,-1.0468467634562608e-05,0.9999977362750926,0.24382572964318483
103233812157015,3.008476378,8441065,0.6599589884281158,-0.6557186841964722,-0.3503570556640625,0.006185583770275116,-0.01870223507285118,-0.008962273597717285,26.14999008178711,0,-0.08362570405006409,-0.020606279373168945,0.0454254150390625,-0.000682532787322998,0.001776035875082016,0.0005397796630859375,103233808840915,3.316,1416612,11805.1,34,True,0.7638095021247864,1.1679250001907349,-5.201539993286133,0.7183175683021545,0.05951188877224922,-0.6922627687454224,-0.035363420844078064,1416250,0.7637673020362854,1.1645777225494385,-5.201920986175537,0.7197523222325736,0.059297473105737596,-0.6910412412615404,-0.030040093205606817,4.865310899883471e-05,-0.0033635461081821774,-0.00018813423475304807,0.0033691547956674296,0.0037988407943572583,-0.0015614524862687107,-0.003881347389545955,0.9999840327811209,0.6475642178004534
103233912230913,3.108550276,8541353,0.6360999643802643,-1.303627848625183,-0.514556884765625,0.004332996904850006,-0.023017920553684235,-0.008526086807250977,26.14999008178711,0,-0.08362570405006409,-0.020606279373168945,0.0454254150390625,-0.000682532787322998,0.001776035875082016,0.0005397796630859375,103233908341246,3.890,1416624,11805.2,34,True,0.7637669444084167,1.169319987297058,-5.201344013214111,0.7202028036117554,0.05922397971153259,-0.6903677582740784,-0.034537166357040405,1416250,0.7637673020362854,1.1645777225494385,-5.201920986175537,0.7197523222325736,0.059297473105737596,-0.6910412412615404,-0.030040093205606817,2.9777767808680604e-05,-0.00477260730670984,-0.0002081000795631713,0.004777234855293386,0.003234097443125465,0.0010649149699875626,-0.00304828503189343,0.9999895572095738,0.5236924165123118
103234012343701,3.208663064,8641258,0.5407601594924927,-1.7794700860977173,-0.829681396484375,0.005386285483837128,-0.029272958636283875,-0.0022193193435668945,26.14999008178711,0,-0.08362570405006409,-0.020606279373168945,0.0454254150390625,-0.000682532787322998,0.001776035875082016,0.0005397796630859375,103234008945430,3.398,1416636,11805.3,34,True,0.7636914849281311,1.1708879470825195,-5.201131820678711,0.7190922498703003,0.06102137640118599,-0.6913346648216248,-0.035201966762542725,1416250,0.7637673020362854,1.1645777225494385,-5.201920986175537,0.7197523222325736,0.059297473105737596,-0.6910412412615404,-0.030040093205606817,1.5532254127151248e-05,-0.006356584790027867,-0.0002026144847634218,0.006359832079007106,0.0025612100285845804,-0.00041302965622896926,-0.00483817689427532,0.9999849307134745,0.6290925130166904
103234112582769,3.308902132,8741453,0.7459947764873505,-2.5680325031280518,-0.683807373046875,0.006432048976421356,-0.023679427802562714,-0.007525086402893066,26.14999008178711,0,-0.08362570405006409,-0.020606279373168945,0.0454254150390625,-0.000682532787322998,0.001776035875082016,0.0005397796630859375,103234108748525,3.834,1416648,11805.4,34,True,0.7638946175575256,1.172835111618042,-5.200695037841797,0.7185570597648621,0.06114983186125755,-0.6914299130439758,-0.043142661452293396,1416250,0.7637673020362854,1.1645777225494385,-5.201920986175537,0.7197523222325736,0.059297473105737596,-0.6910412412615404,-0.030040093205606817,-0.0001626573038441279,-0.00833232013101555,-0.0004996164779320169,0.008348870150460002,0.008209500006558129,-0.00038441888724149987,-0.010446853991807581,0.9999116558843764,1.523209490691062
103234212826391,3.409145754,8841734,0.865210622549057,-3.0825626850128174,-0.60748291015625,0.01083356887102127,-0.02478894218802452,-0.011222243309020996,26.14999008178711,0,-0.08362570405006409,-0.020606279373168945,0.0454254150390625,-0.000682532787322998,0.001776035875082016,0.0005397796630859375,103234209784438,3.042,1416660,11805.5,34,True,0.7636454701423645,1.1747691631317139,-5.20071268081665,0.7194576859474182,0.05798719823360443,-0.6902885437011719,-0.050198908895254135,1416250,0.7637673020362854,1.1645777225494385,-5.201920986175537,0.7197523222325736,0.059297473105737596,-0.6910412412615404,-0.030040093205606817,9.077612610652159e-05,-0.010257994106414915,-0.00032499630832756186,0.010263542565446912,0.015379025595026791,0.00157287753954527,-0.013027581398695547,0.9997956259910791,2.3167963201287183
103234313086442,3.509405805,8942050,0.9376964271068573,-3.7590153217315674,-0.462615966796875,0.015136510133743286,-0.021439973264932632,-0.013084888458251953,26.297504425048828,0,-0.08362570405006409,-0.020606279373168945,0.0454254150390625,-0.000682532787322998,0.001776035875082016,0.0005397796630859375,103234307796753,5.290,1416672,11805.6,34,True,0.7638367414474487,1.1778508424758911,-5.200091361999512,0.7188183069229126,0.058666426688432693,-0.690997838973999,-0.04879011958837509,1416250,0.7637673020362854,1.1645777225494385,-5.201920986175537,0.7197523222325736,0.059297473105737596,-0.6910412412615404,-0.030040093205606817,-0.00012683022736685546,-0.01338184166484872,-0.0006620323176842819,0.013398808120102083,0.013956938410778531,0.0005165816773766707,-0.012559532954843137,0.999823582011109,2.152511321448311
103234413294922,3.609614285,9042284,0.976123183965683,-4.998939275741577,-0.638641357421875,0.01629638671875,-0.04027343913912773,-0.00241696834564209,26.297504425048828,0,-0.08362570405006409,-0.020606279373168945,0.0454254150390625,-0.000682532787322998,0.001776035875082016,0.0005397796630859375,103234411025964,2.269,1416684,11805.7,34,True,0.7636235952377319,1.1816412210464478,-5.199203014373779,0.7182345390319824,0.05357584357261658,-0.6913829445838928,-0.05708247795701027,1416250,0.7637673020362854,1.1645777225494385,-5.201920986175537,0.7197523222325736,0.059297473105737596,-0.6910412412615404,-0.030040093205606817,-0.0005345205541047631,-0.01725928681200186,-0.0006342789881727167,0.01727920725370638,0.023483557579858018,0.00048063081802934826,-0.014648982821701385,0.9996167759795249,3.172545487292418
103234513422637,3.709742000,9142442,0.8215750753879547,-6.2560670375823975,-0.900634765625,0.018082208931446075,-0.05533434823155403,0.008109569549560547,26.297504425048828,0,-0.08362570405006409,-0.020606279373168945,0.0454254150390625,-0.000682532787322998,0.001776035875082016,0.0005397796630859375,103234507914166,5.508,1416696,11805.8,34,True,0.7637041807174683,1.1837756633758545,-5.198322772979736,0.7189329266548157,0.061589352786540985,-0.6894447803497314,-0.06330981850624084,1416250,0.7637673020362854,1.1645777225494385,-5.201920986175537,0.7197523222325736,0.059297473105737596,-0.6910412412615404,-0.030040093205606817,-0.0011331460724365878,-0.01948153715407066,-0.0008353110624080983,0.01953233356457685,0.022292126845042268,0.0024867826241795066,-0.024736883421812288,0.99944232629576,3.8271712390193136
103234613528599,3.809847962,9242441,0.9010238349437714,-6.980852365493774,-0.9535064697265625,0.01864435523748398,-0.06020217016339302,0.008254528045654297,26.297504425048828,0,-0.08362570405006409,-0.020606279373168945,0.0454254150390625,-0.000682532787322998,0.001776035875082016,0.0005397796630859375,103234611200408,2.328,1416708,11805.9,34,True,0.7637124061584473,1.1851903200149536,-5.197799205780029,0.7179619073867798,0.05959384888410568,-0.6903716921806335,-0.066077321767807,1416250,0.7637673020362854,1.1645777225494385,-5.201920986175537,0.7197523222325736,0.059297473105737596,-0.6910412412615404,-0.030040093205606817,-0.0014723040988364835,-0.02094888054964334,-0.0009208614547704284,0.02102073408474494,0.02574715255029334,0.001372672434896527,-0.025242808539609432,0.9993487882230965,4.135731348830977
103234713752290,3.910071653,9342644,0.859945148229599,-7.490044832229614,-0.901275634765625,0.02394518256187439,-0.07133208587765694,0.015439510345458984,26.297504425048828,0,-0.08362570405006409,-0.020606279373168945,0.0454254150390625,-0.000682532787322998,0.001776035875082016,0.0005397796630859375,103234709830057,3.922,1416720,11806.0,34,True,0.7637512683868408,1.1874648332595825,-5.197353839874268,0.7171779274940491,0.05593561381101608,-0.6913536787033081,-0.06750645488500595,1416250,0.7637673020362854,1.1645777225494385,-5.201920986175537,0.7197523222325736,0.059297473105737596,-0.6910412412615404,-0.030040093205606817,-0.001623692638570259,-0.023257348123854778,-0.0010669112122321937,0.023338357248819063,0.029385546007693324,0.00031876063024810497,-0.02361436446256745,0.9992891222606797,4.3210651482798745
103234813960201,4.010279564,9442988,0.700681060552597,-8.335204839706421,-0.8479156494140625,0.0232577845454216,-0.0799659751355648,0.025569915771484375,26.297504425048828,0,-0.08362570405006409,-0.020606279373168945,0.0454254150390625,-0.000682532787322998,0.001776035875082016,0.0005397796630859375,103234809553470,4.407,1416732,11806.1,34,True,0.7640817761421204,1.189387321472168,-5.19723653793335,0.7168245911598206,0.05415738746523857,-0.6917409896850586,-0.06873100996017456,1416250,0.7637673020362854,1.1645777225494385,-5.201920986175537,0.7197523222325736,0.059297473105737596,-0.6910412412615404,-0.030040093205606817,-0.0014835189023869886,-0.025163042942959606,-0.0014763432936504303,0.025249933623747913,0.031529329937302925,-7.814621742024963e-05,-0.0231900163488824,0.9992337656367563,4.4861746107520455
103234914201854,4.110521217,9543296,0.8158970177173615,-8.917429685592651,-0.59613037109375,0.02829262614250183,-0.07853931561112404,0.027498602867126465,26.297504425048828,0,-0.08362570405006409,-0.020606279373168945,0.0454254150390625,-0.000682532787322998,0.001776035875082016,0.0005397796630859375,103234908158680,6.043,1416744,11806.2,34,True,0.7637243866920471,1.190731406211853,-5.197109222412109,0.7179243564605713,0.05380142480134964,-0.6907734870910645,-0.06724635511636734,1416250,0.7637673020362854,1.1645777225494385,-5.201920986175537,0.7197523222325736,0.059297473105737596,-0.6910412412615404,-0.030040093205606817,-0.0014527221395607402,-0.026526857593297565,-0.0011770751741496078,0.0265926696921437,0.03061632368802337,0.0013008560307641304,-0.021871704364269474,0.9992910372086901,4.315240535992216
103235014424091,4.210743454,9643393,0.8947935998439789,-9.494757413864136,-0.4955596923828125,0.032319843769073486,-0.07773235067725182,0.031189322471618652,26.297504425048828,0,-0.08362570405006409,-0.020606279373168945,0.0454254150390625,-0.000682532787322998,0.001776035875082016,0.0005397796630859375,103235011279330,3.145,1416756,11806.3,34,True,0.7639725208282471,1.1929932832717896,-5.196938514709473,0.7168436646461487,0.04821917787194252,-0.6922723650932312,-0.06759514659643173,1416250,0.7637673020362854,1.1645777225494385,-5.201920986175537,0.7197523222325736,0.059297473105737596,-0.6910412412615404,-0.030040093205606817,-0.0013255445733137711,-0.02877923959777384,-0.0015197129947550178,0.028849804641077597,0.03484627361141686,-0.0003363937858463783,-0.018113954417114896,0.999228456715477,4.5016912007854435
103235114649829,4.310969192,9743477,0.6436326205730438,-10.304949522018433,-0.72021484375,0.032855622470378876,-0.08313166722655296,0.04233598709106445,26.297504425048828,0,-0.08362570405006409,-0.020606279373168945,0.0454254150390625,-0.000682532787322998,0.001776035875082016,0.0005397796630859375,103235109094898,5.555,1416768,11806.4,34,True,0.7639849185943604,1.1946370601654053,-5.196885108947754,0.7182310819625854,0.046877071261405945,-0.6913139224052429,-0.06349650025367737,1416250,0.7637673020362854,1.1645777225494385,-5.201920986175537,0.7197523222325736,0.059297473105737596,-0.6910412412615404,-0.030040093205606817,-0.0011694530229614036,-0.03041463281594318,-0.0015980252278263868,0.03047902876291059,0.03272520257468375,0.0011094877244588464,-0.014262157666786287,0.9993620069885202,4.093536612894011
103235214846863,4.411166226,9843752,0.7545718252658844,-10.816333532333374,-0.577667236328125,0.037267811596393585,-0.0855330266058445,0.04917430877685547,26.297504425048828,0,-0.08362570405006409,-0.020606279373168945,0.0454254150390625,-0.000682532787322998,0.001776035875082016,0.0005397796630859375,103235209135531,5.711,1416780,11806.5,34,True,0.7637968063354492,1.1964181661605835,-5.196596145629883,0.7181901931762695,0.046674344688653946,-0.6909123063087463,-0.06829755753278732,1416250,0.7637673020362854,1.1645777225494385,-5.201920986175537,0.7197523222325736,0.059297473105737596,-0.6910412412615404,-0.030040093205606817,-0.001237018583870167,-0.032224423176568394,-0.0014916375750903357,0.03228263692288503,0.0362982817556158,0.001661076529728855,-0.017448462998586812,0.9991872830982884,4.620262911222633
103235315138953,4.511458316,9944047,1.0795736610889435,-11.654280424118042,-0.50128173828125,0.03837320953607559,-0.09729817137122154,0.04097914695739746,26.297504425048828,0,-0.08362570405006409,-0.020606279373168945,0.0454254150390625,-0.000682532787322998,0.001776035875082016,0.0005397796630859375,103235241213505,73.925,1416784,11806.533333333333,34,True,0.7640332579612732,1.197444200515747,-5.1963582038879395,0.7166101336479187,0.0470028780400753,-0.6920973658561707,-0.07253909111022949,1416250,0.7637673020362854,1.1645777225494385,-5.201920986175537,0.7197523222325736,0.059297473105737596,-0.6910412412615404,-0.030040093205606817,-0.001333725554886779,-0.03326081352350923,-0.0017776707067628948,0.03333497642481685,0.039241841086302215,-4.211606160692272e-05,-0.020674094286518677,0.9990158446990853,5.084345656033622
103235415382087,4.611701450,10044294,1.1385177671909332,-11.83781123161316,-0.7376251220703125,0.03653191030025482,-0.10439054295420647,0.040978312492370605,26.297504425048828,0,-0.08362570405006409,-0.020606279373168945,0.0454254150390625,-0.000682532787322998,0.001776035875082016,0.0005397796630859375,103235408806276,6.576,1416804,11806.7,34,True,0.763835072517395,1.1958568096160889,-5.195817947387695,0.7169384360313416,0.05067528039216995,-0.6913958787918091,-0.07350542396306992,1416250,0.7637673020362854,1.1645777225494385,-5.201920986175537,0.7197523222325736,0.059297473105737596,-0.6910412412615404,-0.030040093205606817,-0.0020781375765265954,-0.03176377778834355,-0.001541663981829097,0.031868996893644266,0.03734812176247363,0.0006366331507955403,-0.023986695723151062,0.9990141895525468,5.0886199732343735
103235515613567,4.711932930,10144443,0.98059943318367,-10.910714864730835,-0.5551910400390625,0.036557748913764954,-0.08549650385975838,0.03772377967834473,26.297504425048828,0,-0.08362570405006409,-0.020606279373168945,0.0454254150390625,-0.000682532787322998,0.001776035875082016,0.0005397796630859375,103235507502095,8.111,1416816,11806.8,34,True,0.7640256881713867,1.1934183835983276,-5.1968231201171875,0.7167809009552002,0.04761955887079239,-0.6922300457954407,-0.0691024661064148,1416250,0.7637673020362854,1.1645777225494385,-5.201920986175537,0.7197523222325736,0.059297473105737596,-0.6910412412615404,-0.030040093205606817,-0.001383973057580441,-0.029212699354691445,-0.0015942228416694153,0.02928888409415079,0.03634490756982045,-0.00024191382478089268,-0.01872899009014684,0.9991637573999799,4.686666375874172
103235616484218,4.812803581,10244714,0.9239944517612457,-9.824570417404175,-0.76995849609375,0.032857462763786316,-0.08515937253832817,0.03570818901062012,26.297504425048828,0,-0.08362570405006409,-0.020606279373168945,0.0454254150390625,-0.000682532787322998,0.001776035875082016,0.0005397796630859375,103235616225106,0.259,1416829,11806.908333333333,34,True,0.7638813257217407,1.191143274307251,-5.1977105140686035,0.7175966501235962,0.04550515115261078,-0.6920570731163025,-0.06357273459434509,1416250,0.7637673020362854,1.1645777225494385,-5.201920986175537,0.7197523222325736,0.059297473105737596,-0.6910412412615404,-0.030040093205606817,-0.000798521961393892,-0.02685292572725856,-0.0013237671716103778,0.026897390523266868,0.03379125000852724,0.0001819178573059799,-0.013342691557326881,0.9993398275415428,4.164091100851708
103235717166268,4.913485631,10345457,0.9824856221675873,-9.125021696090698,-0.7005615234375,0.02803606539964676,-0.08728887513279915,0.031336426734924316,26.297504425048828,0,-0.08362570405006409,-0.020606279373168945,0.0454254150390625,-0.000682532787322998,0.001776035875082016,0.0005397796630859375,103235716895721,0.271,1416841,11807.008333333333,34,True,0.7639963626861572,1.1889445781707764,-5.197314262390137,0.7166876792907715,0.05220681056380272,-0.6920064091682434,-0.06899537146091461,1416250,0.7637673020362854,1.1645777225494385,-5.201920986175537,0.7197523222325736,0.059297473105737596,-0.6910412412615404,-0.030040093205606817,-0.001465889191351479,-0.024718226013097224,-0.001370582843735727,0.02479955696554719,0.03308738620544945,-0.0002895227746154694,-0.02196891472162354,0.999210942612524,4.552505530825104
103235817260388,5.013579751,10446226,0.9040521085262299,-8.049480199813843,-0.373199462890625,0.026581279933452606,-0.06796687468886375,0.016839146614074707,26.297504425048828,0,-0.08362570405006409,-0.020606279373168945,0.0454254150390625,-0.000682532787322998,0.001776035875082016,0.0005397796630859375,103235816462127,0.798,1416853,11807.108333333334,34,True,0.7635648250579834,1.1857677698135376,-5.196907043457031,0.7187855839729309,0.057730987668037415,-0.6893430352210999,-0.0694306343793869,1416250,0.7637673020362854,1.1645777225494385,-5.201920986175537,0.7197523222325736,0.059297473105737596,-0.6910412412615404,-0.030040093205606817,-0.0022889375245668257,-0.02163939334450041,-0.0008343513987382988,0.02177610437075363,0.02936228087264553,0.0029370486354498015,-0.026201346131042493,0.999221056457574,4.52323145709624
103235917353637,5.113673000,10546426,0.6843844950199127,-6.9239866733551025,-0.5478973388671875,0.021708689630031586,-0.06492793932557106,0.013516783714294434,26.297504425048828,0,-0.08362570405006409,-0.020606279373168945,0.0454254150390625,-0.000682532787322998,0.001776035875082016,0.0005397796630859375,103235917060221,0.293,1416865,11807.208333333334,34,True,0.7636171579360962,1.1835134029388428,-5.196714401245117,0.7175086736679077,0.06173372641205788,-0.6903243660926819,-0.06944479048252106,1416250,0.7637673020362854,1.1645777225494385,-5.201920986175537,0.7197523222325736,0.059297473105737596,-0.6910412412615404,-0.030040093205606817,-0.0027639274656115296,-0.01942677261713562,-0.0008076337939413481,0.01963901885782913,0.026702960599830787,0.0012289325427564113,-0.02913834671864578,0.9992178933398427,4.532407269659978
103236017862267,5.214181630,10646449,0.4001414179801941,-6.173990488052368,0.004119873046875,0.024851471185684204,-0.044110316783189774,0.012493371963500977,26.297504425048828,0,-0.08362570405006409,-0.020606279373168945,0.0454254150390625,-0.000682532787322998,0.001776035875082016,0.0005397796630859375,103236017575257,0.287,1416877,11807.308333333332,34,True,0.7636232376098633,1.183264970779419,-5.196792125701904,0.7179802060127258,0.05977843329310417,-0.6904482841491699,-0.0649009421467781,1416250,0.7637673020362854,1.1645777225494385,-5.201920986175537,0.7197523222325736,0.059297473105737596,-0.6910412412615404,-0.030040093205606817,-0.0027181773408234897,-0.019170538504209206,-0.0008007347428005546,0.019378834090983437,0.024776887300209466,0.001254889028378059,-0.02455935100328417,0.9993904989480022,4.001077067663668
103236118082792,5.314402155,10746766,0.3054010421037674,-6.006314992904663,-0.1071624755859375,0.022253260016441345,-0.046469662338495255,0.02393198013305664,26.297504425048828,0,-0.08362570405006409,-0.020606279373168945,0.0454254150390625,-0.000682532787322998,0.001776035875082016,0.0005397796630859375,103236117209667,0.873,1416889,11807.408333333333,34,True,0.7635993361473083,1.182420015335083,-5.196873664855957,0.7181390523910522,0.061713285744190216,-0.6901548504829407,-0.06445226818323135,1416250,0.7637673020362854,1.1645777225494385,-5.201920986175537,0.7197523222325736,0.059297473105737596,-0.6910412412615404,-0.030040093205606817,-0.002745467153143589,-0.018323889516926224,-0.0007406483471266369,0.018543221858447645,0.0230947182616646,0.0014911295805836722,-0.025641308432169434,0.9994032888793566,3.9588704469074933
103236218192203,5.414511566,10847165,0.24086681008338928,-5.690599679946899,0.0634918212890625,0.020036444067955017,-0.02626420557498932,0.019260644912719727,26.297504425048828,0,-0.08362570405006409,-0.020606279373168945,0.0454254150390625,-0.000682532787322998,0.001776035875082016,0.0005397796630859375,103236216447638,1.745,1416901,11807.508333333333,34,True,0.7636647820472717,1.1812862157821655,-5.198001384735107,0.7184658050537109,0.05516161024570465,-0.6906999349594116,-0.060809873044490814,1416250,0.7637673020362854,1.1645777225494385,-5.201920986175537,0.7197523222325736,0.059297473105737596,-0.6910412412615404,-0.030040093205606817,-0.0017690505338676956,-0.017056053372051457,-0.0007134672286842911,0.017162387127321533,0.025023078827373684,0.0013054313710965106,-0.018372928603111432,0.9995171718732397,3.561077147750363
103236318395978,5.514715341,10947222,0.44108664989471436,-5.117114305496216,-0.0803985595703125,0.014481201767921448,-0.03437688574194908,0.015869617462158203,26.297504425048828,0,-0.08362570405006409,-0.020606279373168945,0.0454254150390625,-0.000682532787322998,0.001776035875082016,0.0005397796630859375,103236318195661,0.200,1416913,11807.608333333334,34,True,0.7635363936424255,1.1787497997283936,-5.197824478149414,0.718418538570404,0.058719001710414886,-0.6903483867645264,-0.06201697513461113,1416250,0.7637673020362854,1.1645777225494385,-5.201920986175537,0.7197523222325736,0.059297473105737596,-0.6910412412615404,-0.030040093205606817,-0.0022710767505828558,-0.014569828958420494,-0.0004947350564076154,0.014754066160238846,0.02341416369997491,0.001490509658570505,-0.021780890178796287,0.999487442713618,3.6690817102112696
103236418511572,5.614830935,11047485,0.2684243321418762,-4.218758821487427,0.120452880859375,0.015239126980304718,-0.023423288017511368,0.00947558879852295,26.297504425048828,0,-0.08362570405006409,-0.020606279373168945,0.0454254150390625,-0.000682532787322998,0.001776035875082016,0.0005397796630859375,103236416749432,1.762,1416925,11807.708333333334,34,True,0.7636097073554993,1.1764076948165894,-5.197667121887207,0.7179204821586609,0.06497855484485626,-0.690029501914978,-0.06501820683479309,1416250,0.7637673020362854,1.1645777225494385,-5.201920986175537,0.7197523222325736,0.059297473105737596,-0.6910412412615404,-0.030040093205606817,-0.0027214283832938937,-0.01226490803933845,-0.00048404509053861497,0.012572527244293452,0.02124475060509918,0.0013657781564763716,-0.028399305474885263,0.9993699388466208,4.068007857917593
103236518722743,5.715042106,11147628,0.3409261107444763,-3.326740026473999,0.4737548828125,0.014454834163188934,-0.00947311520576477,-4.684925079345703e-05,26.297504425048828,0,-0.08362570405006409,-0.020606279373168945,0.0454254150390625,-0.000682532787322998,0.001776035875082016,0.0005397796630859375,103236518069686,0.653,1416937,11807.808333333332,34,True,0.7634645700454712,1.1743439435958862,-5.198197841644287,0.7186381816864014,0.06313307583332062,-0.6898685693740845,-0.060455601662397385,1416250,0.7637673020362854,1.1645777225494385,-5.201920986175537,0.7197523222325736,0.059297473105737596,-0.6910412412615404,-0.030040093205606817,-0.0024627236865642915,-0.01015931312703039,-0.00023637727788743368,0.0104562194595809,0.01920500419503295,0.001762457052429667,-0.02388034585772907,0.9995287842982424,3.51798965463178
103236618939804,5.815259167,11247969,0.18272294849157333,-2.5446159839630127,0.5611572265625,0.012331999838352203,-0.020224787294864655,0.0034067630767822266,26.297504425048828,0,-0.08362570405006409,-0.020606279373168945,0.0454254150390625,-0.000682532787322998,0.001776035875082016,0.0005397796630859375,103236617806428,1.133,1416949,11807.908333333333,34,True,0.7636953592300415,1.1716558933258057,-5.198317050933838,0.7177639007568359,0.06870243698358536,-0.6902857422828674,-0.06000537425279617,1416250,0.7637673020362854,1.1645777225494385,-5.201920986175537,0.7197523222325736,0.059297473105737596,-0.6910412412615404,-0.030040093205606817,-0.00267687053721632,-0.0074699750015706935,-0.00035758095033505016,0.007943174839643805,0.015083295192503104,0.0006640303242325673,-0.02761709194550441,0.999504552016817,3.607319345343106
103236719129746,5.915449109,11348373,0.09608088340610266,-1.3448044061660767,0.6451873779296875,0.011551730334758759,-0.019156649708747864,-0.005553722381591797,26.297504425048828,0,-0.08362570405006409,-0.020606279373168945,0.0454254150390625,-0.000682532787322998,0.001776035875082016,0.0005397796630859375,103236718436866,0.693,1416961,11808.008333333333,34,True,0.763374388217926,1.168657660484314,-5.198307037353516,0.7187705636024475,0.07209934294223785,-0.6893772482872009,-0.05412546545267105,1416250,0.7637673020362854,1.1645777225494385,-5.201920986175537,0.7197523222325736,0.059297473105737596,-0.6910412412615404,-0.030040093205606817,-0.003079364468004677,-0.004513563519864538,7.848397685270104e-05,0.0054645128702643115,0.00841970414829158,0.0015628594590928468,-0.025966363454851885,0.9996261371239235,3.1335550495940576
103236819245832,6.015565195,11448128,-0.11427418887615204,-0.4666498899459839,0.6274566650390625,0.009736299514770508,-0.017276782542467117,-0.005640506744384766,26.297504425048828,0,-0.08362570405006409,-0.020606279373168945,0.0454254150390625,-0.000682532787322998,0.001776035875082016,0.0005397796630859375,103236818071124,1.175,1416973,11808.108333333334,34,True,0.7636889815330505,1.1663005352020264,-5.198978424072266,0.7170943021774292,0.0727052167057991,-0.6913051009178162,-0.05086248740553856,1416250,0.7637673020362854,1.1645777225494385,-5.201920986175537,0.7197523222325736,0.059297473105737596,-0.6910412412615404,-0.030040093205606817,-0.0027010338998231208,-0.002079420991986201,-0.00011538404936047645,0.0034107021665272085,0.0058171561172206745,-0.0011947695728065644,-0.02418907496481478,0.9996897628128052,2.8544719618102974
103236919434401,6.115753764,11548419,-0.15408441424369812,0.3334033489227295,0.717864990234375,0.007816120982170105,-0.021717630326747894,-0.005442380905151367,26.297504425048828,0,-0.08362570405006409,-0.020606279373168945,0.0454254150390625,-0.000682532787322998,0.001776035875082016,0.0005397796630859375,103236918069953,1.364,1416985,11808.208333333334,34,True,0.7634296417236328,1.162988543510437,-5.199429035186768,0.7185037732124329,0.07649091631174088,-0.6901222467422485,-0.04040781408548355,1416250,0.7637673020362854,1.1645777225494385,-5.201920986175537,0.7197523222325736,0.059297473105737596,-0.6910412412615404,-0.030040093205606817,-0.0026844326147692846,0.001248347333457801,0.00029116096404471824,0.0029747813760294573,-0.004436174591800345,-0.00010306340964150171,-0.019641185477719675,0.9997972462284312,2.307594179588594
103237019555557,6.215874920,11648515,-0.3187897801399231,1.3038883209228516,1.15496826171875,0.01156453788280487,-0.017892077565193176,-0.0038051605224609375,26.297504425048828,0,-0.08362570405006409,-0.020606279373168945,0.0454254150390625,-0.000682532787322998,0.001776035875082016,0.0005397796630859375,103237016404229,3.151,1416997,11808.308333333332,34,True,0.7633978724479675,1.1604949235916138,-5.2001214027404785,0.7187889218330383,0.07475949823856354,-0.6902720332145691,-0.03574899584054947,1416250,0.7637673020362854,1.1645777225494385,-5.201920986175537,0.7197523222325736,0.059297473105737596,-0.6910412412615404,-0.030040093205606817,-0.002315748213253283,0.003805220085202303,0.0004492620688014262,0.0044770778517328165,-0.006592572674879359,-0.0002380673094140029,-0.015154150197577484,0.9998634071918384,1.8940283980609258
103237119815995,6.316135358,11748703,-0.3550587594509125,2.046412706375122,1.2014923095703125,0.008107073605060577,-0.02379497140645981,-0.004569530487060547,26.297504425048828,0,-0.08362570405006409,-0.020606279373168945,0.0454254150390625,-0.000682532787322998,0.001776035875082016,0.0005397796630859375,103237116965910,2.850,1417009,11808.408333333333,34,True,0.7636932134628296,1.1591325998306274,-5.200472831726074,0.7173995971679688,0.07006137073040009,-0.6924509406089783,-0.030673738569021225,1416250,0.7637673020362854,1.1645777225494385,-5.201920986175537,0.7197523222325736,0.059297473105737596,-0.6910412412615404,-0.030040093205606817,-0.0021290701749321263,0.0052124506036627235,0.0002223077680122696,0.005634891467377877,-0.006827961897094233,-0.0029262394039187845,-0.008282378702734936,0.9999381072157953,1.2749403780833286
103237220045489,6.416364852,11849088,-0.2914338707923889,2.4545323848724365,0.8652496337890625,0.003636971116065979,-0.043284062296152115,0.005379319190979004,26.297504425048828,0,-0.08362570405006409,-0.020606279373168945,0.0454254150390625,-0.000682532787322998,0.001776035875082016,0.0005397796630859375,103237217330608,2.715,1417021,11808.508333333333,34,True,0.7636106610298157,1.1579128503799438,-5.200377941131592,0.7182525396347046,0.07128157466650009,-0.6915375590324402,-0.028426237404346466,1416250,0.7637673020362854,1.1645777225494385,-5.201920986175537,0.7197523222325736,0.059297473105737596,-0.6910412412615404,-0.030040093205606817,-0.0023810112515910403,0.006405921697213273,0.0003478477788131139,0.006842955899920453,-0.009368600785785476,-0.001849338576477011,-0.007584367822035237,0.9999256405507793,1.3974568256101585
103237320251811,6.516571174,11949068,-0.4907349646091461,2.922696352005005,0.9605560302734375,0.000797756016254425,-0.04471278563141823,0.009494662284851074,26.297504425048828,0,-0.08362570405006409,-0.020606279373168945,0.0454254150390625,-0.000682532787322998,0.001776035875082016,0.0005397796630859375,103237317948133,2.304,1417033,11808.608333333334,34,True,0.7635759711265564,1.1560719013214111,-5.200390815734863,0.71821528673172,0.07120320200920105,-0.6915647387504578,-0.0288985762745142,1416250,0.7637673020362854,1.1645777225494385,-5.201920986175537,0.7197523222325736,0.059297473105737596,-0.6910412412615404,-0.030040093205606817,-0.0026031383355171692,0.008230692946112401,0.0004542997806149644,0.008644479386156829,-0.0089717443302618,-0.0018642817201567352,-0.00785575711910682,0.9999271570156628,1.3831335864400285
103237420363035,6.616682398,12049481,-0.6080552637577057,3.62911057472229,0.994537353515625,0.0027245208621025085,-0.038318030536174774,0.010175704956054688,26.297504425048828,0,-0.08362570405006409,-0.020606279373168945,0.0454254150390625,-0.000682532787322998,0.001776035875082016,0.0005397796630859375,103237416969956,3.393,1417045,11808.708333333334,34,True,0.76358962059021,1.1558928489685059,-5.20048189163208,0.7180275321006775,0.06870127469301224,-0.6921108365058899,-0.02644241228699684,1416250,0.7637673020362854,1.1645777225494385,-5.201920986175537,0.7197523222325736,0.059297473105737596,-0.6910412412615404,-0.030040093205606817,-0.002535064812120213,0.008420163801645916,0.0004515316930962771,0.0088050890352153,-0.008972616706601516,-0.002457569222123923,-0.004352407069550195,0.9999472531367123,1.176976669335801
103237520476726,6.716796089,12149474,-0.7943110167980194,3.6213533878326416,1.211029052734375,0.004320003092288971,-0.0338980033993721,0.01544177532196045,26.297504425048828,0,-0.08362570405006409,-0.020606279373168945,0.0454254150390625,-0.000682532787322998,0.001776035875082016,0.0005397796630859375,103237518166110,2.311,1417057,11808.808333333332,34,True,0.7635258436203003,1.1546573638916016,-5.200738430023193,0.7174535989761353,0.06398887187242508,-0.6932599544525146,-0.023586656898260117,1416250,0.7637673020362854,1.1645777225494385,-5.201920986175537,0.7197523222325736,0.059297473105737596,-0.6910412412615404,-0.030040093205606817,-0.002439956474842647,0.00967405240248342,0.000574090267374565,0.009993510750492842,-0.007686208090128072,-0.003709039182500651,0.0010132873817637437,0.9999630685591443,0.984843194898639
103237620593731,6.816913094,12249594,-0.7168542444705963,4.00317645072937,1.1581878662109375,0.0006062686443328857,-0.039788421243429184,0.017529726028442383,26.297504425048828,0,-0.08362570405006409,-0.020606279373168945,0.0454254150390625,-0.000682532787322998,0.001776035875082016,0.0005397796630859375,103237617046966,3.547,1417069,11808.908333333333,34,True,0.7635597586631775,1.1534790992736816,-5.201020240783691,0.718346893787384,0.06940805912017822,-0.6918739676475525,-0.021694138646125793,1416250,0.7637673020362854,1.1645777225494385,-5.201920986175537,0.7197523222325736,0.059297473105737596,-0.6910412412615404,-0.030040093205606817,-0.0023088366425885365,0.01087867315922882,0.0005979956373910456,0.011137048762119333,-0.01290225456278321,-0.0023691827755633055,-0.0015680421722946442,0.9999127262136026,1.5139540485443514
103237720967673,6.917287036,12349728,-0.6384129226207733,4.5417726039886475,1.1695556640625,-0.0024407505989074707,-0.03722173720598221,0.014077305793762207,26.297504425048828,0,-0.08362570405006409,-0.020606279373168945,0.0454254150390625,-0.000682532787322998,0.001776035875082016,0.0005397796630859375,103237720785118,0.183,1417081,11809.008333333333,34,True,0.7638354301452637,1.1528769731521606,-5.201519012451172,0.7175195813179016,0.0675404891371727,-0.692962646484375,-0.020167220383882523,1416250,0.7637673020362854,1.1645777225494385,-5.201920986175537,0.7197523222325736,0.059297473105737596,-0.6910412412615404,-0.030040093205606817,-0.0018804071623741638,0.011550008559062491,0.0003676029943918271,0.0117078503907511,-0.01262128086607122,-0.003758909279402367,0.0008149556508759547,0.99991295107005,1.5120024497802376
103237821173121,7.017492484,12450047,-0.3506925404071808,4.789535284042358,1.166412353515625,-0.0044494979083538055,-0.03722294420003891,0.009601116180419922,26.297504425048828,0,-0.08362570405006409,-0.020606279373168945,0.0454254150390625,-0.000682532787322998,0.001776035875082016,0.0005397796630859375,103237818506194,2.667,1417093,11809.108333333334,34,True,0.7638062834739685,1.152200698852539,-5.2019171714782715,0.717330276966095,0.06352239102125168,-0.6936632990837097,-0.015277438797056675,1416250,0.7637673020362854,1.1645777225494385,-5.201920986175537,0.7197523222325736,0.059297473105737596,-0.6910412412615404,-0.030040093205606817,-0.001572662119513625,0.012268876925630336,0.0004400483377894535,0.012377085670625732,-0.013316807490998719,-0.004563270420470168,0.0070958542678600444,0.9998757363060305,1.8065261525385319
103237921288349,7.117607712,12550340,-0.23364514112472534,4.795156240463257,0.864349365234375,-0.007777981460094452,-0.03938114270567894,0.01043689250946045,26.297504425048828,0,-0.08362570405006409,-0.020606279373168945,0.0454254150390625,-0.000682532787322998,0.001776035875082016,0.0005397796630859375,103237920851687,0.437,1417105,11809.208333333334,34,True,0.763774037361145,1.1542209386825562,-5.201963424682617,0.7189223170280457,0.06303172558546066,-0.6920371055603027,-0.016202496364712715,1416250,0.7637673020362854,1.1645777225494385,-5.201920986175537,0.7197523222325736,0.059297473105737596,-0.6910412412615404,-0.030040093205606817,-0.0012717163411819408,0.010270867399507649,0.00039602887028604504,0.010356873005729008,-0.012456178183279914,-0.0022230550955441015,0.006855311255989462,0.9998964478178188,1.6491152254121817
103238021398624,7.217717987,12650423,-0.22051969170570374,3.846327066421509,0.6699066162109375,-0.009183522313833237,-0.028618890792131424,0.014835715293884277,26.297504425048828,0,-0.08362570405006409,-0.020606279373168945,0.0454254150390625,-0.000682532787322998,0.001776035875082016,0.0005397796630859375,103238016835147,4.563,1417117,11809.308333333332,34,True,0.7637808322906494,1.1567102670669556,-5.201872825622559,0.7168036699295044,0.05593644455075264,-0.69490647315979,-0.01299060508608818,1416250,0.7637673020362854,1.1645777225494385,-5.201920986175537,0.7197523222325736,0.059297473105737596,-0.6910412412615404,-0.030040093205606817,-0.0010454219527559897,0.0077924928755743065,0.00028897404782494436,0.00786761452255363,-0.009631022328779229,-0.005729675506711218,0.014142270780557464,0.9998371919490993,2.0678139308096686
103238121510688,7.317830051,12750511,-0.190464586019516,2.807337522506714,0.3919830322265625,-0.0071027278900146484,-0.027230415493249893,0.025888562202453613,26.297504425048828,0,-0.08362570405006409,-0.020606279373168945,0.0454254150390625,-0.000682532787322998,0.001776035875082016,0.0005397796630859375,103238116137573,5.373,1417129,11809.408333333333,34,True,0.7639411091804504,1.159233570098877,-5.202184677124023,0.7170205116271973,0.053395338356494904,-0.6948964595794678,-0.012226699851453304,1416250,0.7637673020362854,1.1645777225494385,-5.201920986175537,0.7197523222325736,0.059297473105737596,-0.6910412412615404,-0.030040093205606817,-0.0004100945140691618,0.005337558306482209,4.473330920408465e-05,0.005353476184174092,-0.008431943916122904,-0.00554158450338893,0.016511685819473022,0.999812761168003,2.2175446047408074
103238221625113,7.417944476,12850625,-0.06825889647006989,1.8963860273361206,-0.1223297119140625,-0.005577225238084793,-0.01781778410077095,0.027625560760498047,26.297504425048828,0,-0.08362570405006409,-0.020606279373168945,0.0454254150390625,-0.000682532787322998,0.001776035875082016,0.0005397796630859375,103238216507979,5.117,1417141,11809.508333333333,34,True,0.7637439966201782,1.1621562242507935,-5.202212333679199,0.718152642250061,0.05274767428636551,-0.6937375664710999,-0.014236610382795334,1416250,0.7637673020362854,1.1645777225494385,-5.201920986175537,0.7197523222325736,0.059297473105737596,-0.6910412412615404,-0.030040093205606817,-1.933318053673499e-05,0.002435553101248258,0.0001295678964139208,0.0024390737013568905,-0.006640472458170172,-0.0037864811514926053,0.015621231966121437,0.9998487604622424,1.9929929859404134
103238321853003,7.518172366,12950702,0.13020065799355507,0.7779475450515747,-0.1835479736328125,-0.0014757513999938965,-0.014265786856412888,0.024175167083740234,26.297504425048828,0,-0.08362570405006409,-0.020606279373168945,0.0454254150390625,-0.000682532787322998,0.001776035875082016,0.0005397796630859375,103238316319125,5.534,1417153,11809.608333333334,34,True,0.7638112902641296,1.1641608476638794,-5.202756881713867,0.7182861566543579,0.05090196803212166,-0.6936588287353516,-0.01764732040464878,1416250,0.7637673020362854,1.1645777225494385,-5.201920986175537,0.7197523222325736,0.059297473105737596,-0.6910412412615404,-0.030040093205606817,0.0007773100405486544,0.0005197708636863042,8.26653034521703e-06,0.0009351154930803498,-0.002918826664638774,-0.003379853881012751,0.014598293943778292,0.9998834666362756,1.7494316717203398
103238422169001,7.618488364,13051077,1.040572851896286,0.23978698253631592,0.378448486328125,0.006842821836471558,-0.001065978780388832,0.00047528743743896484,26.297504425048828,0,-0.08362570405006409,-0.020606279373168945,0.0454254150390625,-0.000682532787322998,0.001776035875082016,0.0005397796630859375,103238416615575,5.553,1417165,11809.708333333334,34,True,0.7638745307922363,1.165351390838623,-5.206008434295654,0.7199413776397705,0.03765973448753357,-0.6929218173027039,-0.011210341937839985,1416250,0.7637673020362854,1.1645777225494385,-5.201920986175537,0.7197523222325736,0.059297473105737596,-0.6910412412615404,-0.030040093205606817,0.004153679671920966,-0.00025039456535918755,3.924929491360167e-05,0.0041614051427903654,0.001505646595875234,-0.0016894607393100336,0.028653648209390092,0.9995868382461982,3.294144424928959
103238522278506,7.718597869,13151272,2.3712753355503082,-0.1843721866607666,0.35443115234375,0.0076894089579582214,0.004114076495170593,-0.029267072677612305,26.297504425048828,0,-0.08362570405006409,-0.020606279373168945,0.0454254150390625,-0.000682532787322998,0.001776035875082016,0.0005397796630859375,103238517429491,4.849,1417177,11809.808333333332,34,True,0.7642393112182617,1.166751742362976,-5.20975399017334,0.7231888771057129,0.02490394562482834,-0.6901902556419373,0.003881740616634488,1416250,0.7637673020362854,1.1645777225494385,-5.201920986175537,0.7197523222325736,0.059297473105737596,-0.6910412412615404,-0.030040093205606817,0.008057748304288197,-0.0011534467276994667,-0.00021762205361066132,0.008142794756538915,-0.0008016684656012953,0.0020090057480783847,0.048374422385613264,0.9988269301948329,5.551010105342101
103238622379437,7.818698800,13251476,3.7321070730686188,-0.652206540107727,0.3303070068359375,0.008627451956272125,0.0036357156932353973,-0.0552213191986084,26.297504425048828,0,-0.08362570405006409,-0.020606279373168945,0.0454254150390625,-0.000682532787322998,0.001776035875082016,0.0005397796630859375,103238616919297,5.460,1417189,11809.908333333333,34,True,0.764640748500824,1.1668533086776733,-5.212804794311523,0.7248896360397339,0.0184324961155653,-0.6885948181152344,0.005708604585379362,1416250,0.7637673020362854,1.1645777225494385,-5.201920986175537,0.7197523222325736,0.059297473105737596,-0.6910412412615404,-0.030040093205606817,0.011109786032076147,-0.0008545649526985042,-0.0004907683338370883,0.011153406676634368,0.0022097839061370017,0.004418694384425325,0.05434762137058943,0.9985098537552768,6.256565811469379
103238722468915,7.918788278,13351520,5.055361658334732,-0.6542326211929321,0.969482421875,0.014528021216392517,0.021286359056830406,-0.09859979152679443,26.297504425048828,0,-0.08362570405006409,-0.020606279373168945,0.0454254150390625,-0.000682532787322998,0.001776035875082016,0.0005397796630859375,103238716692596,5.776,1417201,11810.008333333333,34,True,0.7649242281913757,1.1671724319458008,-5.21546745300293,0.7258659601211548,0.016278717666864395,-0.6875847578048706,0.008997287601232529,1416250,0.7637673020362854,1.1645777225494385,-5.201920986175537,0.7197523222325736,0.059297473105737596,-0.6910412412615404,-0.030040093205606817,0.01380022947969714,-0.0008250835169047418,-0.0006713136252010573,0.013841161746239023,0.0012418735932468068,0.00569005689867319,0.05819797536157488,0.9982880729860906,6.7061339610646815
103238822542778,8.018862141,13451532,6.246343523263931,-0.771016001701355,1.110565185546875,0.015613734722137451,0.028539247810840607,-0.13117170333862305,26.297504425048828,0,-0.08362570405006409,-0.020606279373168945,0.0454254150390625,-0.000682532787322998,0.001776035875082016,0.0005397796630859375,103238817410640,5.132,1417213,11810.108333333334,34,True,0.765315592288971,1.1675454378128052,-5.217752933502197,0.727178156375885,0.016788018867373466,-0.6861531734466553,0.011130878701806068,1416250,0.7637673020362854,1.1645777225494385,-5.201920986175537,0.7197523222325736,0.059297473105737596,-0.6910412412615404,-0.030040093205606817,0.016127740359150867,-0.0008915002602272871,-0.0009779115189798037,0.016181937237090077,-0.0007700394429966048,0.007485409238013718,0.05934061364026785,0.998209430560838,6.858482486361092
103238922626987,8.118946350,13551541,7.401655584573746,-0.9122661352157593,1.3816986083984375,0.015788428485393524,0.043639980256557465,-0.167510986328125,26.297504425048828,0,-0.08362570405006409,-0.020606279373168945,0.0454254150390625,-0.000682532787322998,0.001776035875082016,0.0005397796630859375,103238917029202,5.598,1417225,11810.208333333334,34,True,0.7653947472572327,1.1673918962478638,-5.219903469085693,0.7290712594985962,0.014721193350851536,-0.6842711567878723,0.0033957071136683226,1416250,0.7637673020362854,1.1645777225494385,-5.201920986175537,0.7197523222325736,0.059297473105737596,-0.6910412412615404,-0.030040093205606817,0.01824285778017624,-0.0004666050447542534,-0.0009582603563893933,0.018273966268058897,0.006057161631064005,0.010668970262463717,0.05553860879553033,0.998381163083304,6.521203917977464
103239022718197,8.219037560,13651774,8.380559831857681,-0.7868629693984985,1.734832763671875,0.016494907438755035,0.05986323952674866,-0.1959526538848877,26.297504425048828,0,-0.08362570405006409,-0.020606279373168945,0.0454254150390625,-0.000682532787322998,0.001776035875082016,0.0005397796630859375,103239017135144,5.583,1417237,11810.308333333332,34,True,0.7657365202903748,1.1668158769607544,-5.22199010848999,0.7281627058982849,0.01528981514275074,-0.685142457485199,0.01118902862071991,1416250,0.7637673020362854,1.1645777225494385,-5.201920986175537,0.7197523222325736,0.059297473105737596,-0.6910412412615404,-0.030040093205606817,0.02025099003384365,0.00038054823953280687,-0.0011871865313276527,0.020289327888661373,0.00013391871833391168,0.008934796308781578,0.06048714941811754,0.9981289777558648,7.010917216406554
103239122803861,8.319123224,13751927,9.209479242563248,-0.6906434297561646,1.95379638671875,0.016870148479938507,0.06662063673138618,-0.22500640153884888,26.297504425048828,0,-0.08362570405006409,-0.020606279373168945,0.0454254150390625,-0.000682532787322998,0.001776035875082016,0.0005397796630859375,103239117089138,5.715,1417249,11810.408333333333,34,True,0.765745222568512,1.1660624742507935,-5.224256992340088,0.7287452220916748,0.012254691682755947,-0.6844964027404785,0.015650974586606026,1416250,0.7637673020362854,1.1645777225494385,-5.201920986175537,0.7197523222325736,0.059297473105737596,-0.6910412412615404,-0.030040093205606817,0.022402653139519384,0.0014114812233415835,-0.0010689629066842907,0.022472512735102198,-0.0010359899896769924,0.00962893181768526,0.0657702102593093,0.9977877980007764,7.623600166930186
103239222887819,8.419207182,13852038,10.30215921998024,-0.5686272382736206,2.1105499267578125,0.017525039613246918,0.06944277510046959,-0.25163882970809937,26.297504425048828,0,-0.08362570405006409,-0.020606279373168945,0.0454254150390625,-0.000682532787322998,0.001776035875082016,0.0005397796630859375,103239217736310,5.152,1417261,11810.508333333333,34,True,0.7662476897239685,1.1664958000183105,-5.226227760314941,0.7310086488723755,0.012620161287486553,-0.6821403503417969,0.012313172221183777,1416250,0.7637673020362854,1.1645777225494385,-5.201920986175537,0.7197523222325736,0.059297473105737596,-0.6910412412615404,-0.030040093205606817,0.02443008578003357,0.0012507475011438566,-0.0015023823715693426,0.024508174418381684,0.0009061449180369739,0.013075772120913598,0.06326404529749503,0.9979107493445625,7.408640833063308
103239323231923,8.519551286,13952087,10.904519945383072,-0.6320322751998901,2.0908050537109375,0.015715278685092926,0.06662161275744438,-0.2692786455154419,26.297504425048828,0,-0.08362570405006409,-0.020606279373168945,0.0454254150390625,-0.000682532787322998,0.001776035875082016,0.0005397796630859375,103239317541663,5.690,1417273,11810.608333333334,34,True,0.7663422226905823,1.1662535667419434,-5.227145195007324,0.7303075790405273,0.009488357231020927,-0.6829718947410583,0.010503849014639854,1416250,0.7637673020362854,1.1645777225494385,-5.201920986175537,0.7197523222325736,0.059297473105737596,-0.6910412412615404,-0.030040093205606817,0.02531229018324943,0.0016098444800596943,-0.0015478203229314935,0.025410615524285984,0.004442983652041376,0.01219416503821297,0.06425125497475306,0.9978493566012145,7.516742859055823
103239423442819,8.619762182,14052426,11.314434915781021,-0.40744221210479736,2.3036041259765625,0.017035752534866333,0.06477213278412819,-0.28288787603378296,26.297504425048828,0,-0.08362570405006409,-0.020606279373168945,0.0454254150390625,-0.000682532787322998,0.001776035875082016,0.0005397796630859375,103239417848736,5.594,1417285,11810.708333333334,34,True,0.7663434743881226,1.1656153202056885,-5.227754592895508,0.7310665845870972,0.011798864230513573,-0.6820834875106812,0.012825503014028072,1416250,0.7637673020362854,1.1645777225494385,-5.201920986175537,0.7197523222325736,0.059297473105737596,-0.6910412412615404,-0.030040093205606817,0.02583539070507266,0.0023188002805304042,-0.0014980859187638518,0.02598246541505908,0.0010998315865807153,0.013151027447313224,0.06421094613972787,0.9978490844027479,7.517218696927623
103239523837880,8.720157243,14152570,11.373310953378677,-0.39970290660858154,2.2416229248046875,0.013313502073287964,0.07463541999459267,-0.279870867729187,26.297504425048828,0,-0.08362570405006409,-0.020606279373168945,0.0454254150390625,-0.000682532787322998,0.001776035875082016,0.0005397796630859375,103239523675014,0.163,1417298,11810.816666666666,34,True,0.7663207054138184,1.165947437286377,-5.226901531219482,0.7304291129112244,0.008219833485782146,-0.6828270554542542,0.012369271367788315,1416250,0.7637673020362854,1.1645777225494385,-5.201920986175537,0.7197523222325736,0.059297473105737596,-0.6910412412615404,-0.030040093205606817,0.02503111591034248,0.0018818193294979693,-0.0015249951657927794,0.025148034077469437,0.003964704516814366,0.012309890639498833,0.06645622009888746,0.9977055269570807,7.764118951306861
103239624091479,8.820410842,14253001,10.387554079294205,-0.2866358757019043,2.1978912353515625,0.017581865191459656,0.08041052892804146,-0.24835807085037231,26.297504425048828,0,-0.08362570405006409,-0.020606279373168945,0.0454254150390625,-0.000682532787322998,0.001776035875082016,0.0005397796630859375,103239616505146,7.586,1417309,11810.908333333333,34,True,0.76600182056427,1.1656525135040283,-5.224786281585693,0.7302804589271545,0.012384174391627312,-0.6828524470329285,0.015799809247255325,1416250,0.7637673020362854,1.1645777225494385,-5.201920986175537,0.7197523222325736,0.059297473105737596,-0.6910412412615404,-0.030040093205606817,0.022884990091251854,0.0018953339533955378,-0.0012864371613482658,0.022999347443822992,-0.0013761930691928174,0.011860369706901904,0.06582151805507061,0.9977599738834876,7.671411325756474
103239724289389,8.920608752,14353252,8.89961901307106,-0.25960803031921387,1.6984405517578125,0.010662779211997986,0.09655528888106346,-0.20077931880950928,26.297504425048828,0,-0.08362570405006409,-0.020606279373168945,0.0454254150390625,-0.000682532787322998,0.001776035875082016,0.0005397796630859375,103239723726212,0.563,1417322,11811.016666666666,34,True,0.7656526565551758,1.1651867628097534,-5.221622943878174,0.7278072237968445,0.006460453849285841,-0.6854475140571594,0.020413748919963837,1416250,0.7637673020362854,1.1645777225494385,-5.201920986175537,0.7197523222325736,0.059297473105737596,-0.6910412412615404,-0.030040093205606817,0.01967718385494989,0.0019456210587773086,-0.0010562306808708532,0.01980132897098251,-0.00037537452581429005,0.008187810514406924,0.0732048482623977,0.9972832441407131,8.448727517631786
103239824947642,9.021267005,14453202,7.07444754242897,-0.10104191303253174,0.966796875,0.0024498850107192993,0.07378799095749855,-0.1332932710647583,26.297504425048828,0,-0.08362570405006409,-0.020606279373168945,0.0454254150390625,-0.000682532787322998,0.001776035875082016,0.0005397796630859375,103239824736194,0.211,1417334,11811.116666666667,34,True,0.765362024307251,1.1658140420913696,-5.219809055328369,0.7284111380577087,0.005225036293268204,-0.6847425699234009,0.02274930104613304,1416250,0.7637673020362854,1.1645777225494385,-5.201920986175537,0.7197523222325736,0.059297473105737596,-0.6910412412615404,-0.030040093205606817,0.017947842256134963,0.0010840503914064472,-0.0008685828950440961,0.018001517801223745,-0.001262612174688802,0.009011145492361648,0.07572264353589402,0.9970874015467991,8.748093173863017
103239925743749,9.122063112,14553977,5.741992861032486,-0.4097782373428345,0.3344879150390625,-0.000976603478193283,0.053432974964380264,-0.08570635318756104,26.297504425048828,0,-0.08362570405006409,-0.020606279373168945,0.0454254150390625,-0.000682532787322998,0.001776035875082016,0.0005397796630859375,103239925491086,0.253,1417346,11811.216666666667,34,True,0.7651071548461914,1.1660257577896118,-5.2176313400268555,0.727260410785675,0.005962366703897715,-0.6859496235847473,0.023020045831799507,1416250,0.7637673020362854,1.1645777225494385,-5.201920986175537,0.7197523222325736,0.059297473105737596,-0.6910412412615404,-0.030040093205606817,0.015806507293353842,0.0005903888067590689,-0.0007162387762722506,0.015833737074444257,-0.0018608638424980097,0.0073089616477850505,0.07534706664765399,0.9971288461442609,8.68559998235998
103240025952956,9.222272319,14654845,4.587458044290543,-0.5925406217575073,-0.52923583984375,-0.011386964470148087,0.01003614254295826,-0.04927206039428711,26.297504425048828,0,-0.08362570405006409,-0.020606279373168945,0.0454254150390625,-0.000682532787322998,0.001776035875082016,0.0005397796630859375,103240025761458,0.191,1417358,11811.316666666666,34,True,0.7651529312133789,1.1663795709609985,-5.216174602508545,0.7259973287582397,0.0043578664772212505,-0.6875028014183044,0.01577473059296608,1416250,0.7637673020362854,1.1645777225494385,-5.201920986175537,0.7197523222325736,0.059297473105737596,-0.6910412412615404,-0.030040093205606817,0.01440922236678247,5.933028547594932e-05,-0.0008384480813279947,0.014433717625173407,0.004592786888124513,0.005796044813605683,0.07146685818610356,0.997415560513333,8.24032590060743
103240126176580,9.322495943,14754963,4.162501245737076,-0.4029799699783325,0.0117950439453125,-0.00546785444021225,0.029757291078567505,-0.04507482051849365,26.297504425048828,0,-0.08362570405006409,-0.020606279373168945,0.0454254150390625,-0.000682532787322998,0.001776035875082016,0.0005397796630859375,103240125830763,0.346,1417370,11811.416666666666,34,True,0.7650339603424072,1.1650538444519043,-5.215654373168945,0.7255733013153076,0.010075723752379417,-0.6878916025161743,0.015717847272753716,1416250,0.7637673020362854,1.1645777225494385,-5.201920986175537,0.7197523222325736,0.059297473105737596,-0.6910412412615404,-0.030040093205606817,0.013720861885036843,0.0013029942009270613,-0.0006907885966650031,0.013799892522812949,0.0007182464617805109,0.00505479199578751,0.0672986448384131,0.9977198131754288,7.739900881769849
103240226274252,9.422593615,14855360,4.1278957426548,0.1511017084121704,-0.2728424072265625,-0.00867455080151558,-0.008656773716211319,-0.04599583148956299,26.297504425048828,0,-0.08362570405006409,-0.020606279373168945,0.0454254150390625,-0.000682532787322998,0.001776035875082016,0.0005397796630859375,103240225718958,0.555,1417382,11811.516666666666,34,True,0.7650803923606873,1.1646013259887695,-5.216084003448486,0.7250892519950867,0.007707229349762201,-0.6884198188781738,0.016259223222732544,1416250,0.7637673020362854,1.1645777225494385,-5.201920986175537,0.7197523222325736,0.059297473105737596,-0.6910412412615404,-0.030040093205606817,0.01409105429994244,0.001807337659715064,-0.0007010997761327401,0.014223776629160204,0.002011179939964785,0.004379156601118983,0.06936465233552666,0.9975797327277071,7.974196278481471
103240326476724,9.522796087,14955435,4.2169298231601715,0.19176948070526123,-0.2815399169921875,-0.009382303804159164,-0.02951669692993164,-0.047690749168395996,26.44426918029785,0,-0.08362570405006409,-0.020606279373168945,0.0454254150390625,-0.000682532787322998,0.001776035875082016,0.0005397796630859375,103240326116283,0.360,1417394,11811.616666666667,34,True,0.7649567723274231,1.1644887924194336,-5.216498851776123,0.7264083623886108,0.008971906267106533,-0.6869305372238159,0.019415922462940216,1416250,0.7637673020362854,1.1645777225494385,-5.201920986175537,0.7197523222325736,0.059297473105737596,-0.6910412412615404,-0.030040093205606817,0.01448328759794541,0.0019653948144402363,-0.0005554432363804985,0.014626582430980544,-0.0012627422876488933,0.006137454542745058,0.07066928535907764,0.9974801197219363,8.136709657665941
103240426945075,9.623264438,15055550,4.40325203537941,0.246687650680542,-0.0872650146484375,-0.006172731518745422,-0.034611187875270844,-0.05014216899871826,26.44426918029785,0,-0.08362570405006409,-0.020606279373168945,0.0454254150390625,-0.000682532787322998,0.001776035875082016,0.0005397796630859375,103240426798053,0.147,1417406,11811.716666666667,34,True,0.7652385830879211,1.1649526357650757,-5.216279029846191,0.7270082831382751,0.008035056293010712,-0.6864439249038696,0.013752823695540428,1416250,0.7637673020362854,1.1645777225494385,-5.201920986175537,0.7197523222325736,0.059297473105737596,-0.6910412412615404,-0.030040093205606817,0.01433493057759575,0.0014904844232764575,-0.0008642149154338784,0.014438097031831368,0.003413811508624392,0.0072662157927745885,0.06745111126038264,0.9976902803920544,7.789882078670502
103240527242333,9.723561696,15156113,4.4444736540317535,0.2604379653930664,-0.0657958984375,-0.002429872751235962,-0.04252093657851219,-0.050226688385009766,26.44426918029785,0,-0.08362570405006409,-0.020606279373168945,0.0454254150390625,-0.000682532787322998,0.001776035875082016,0.0005397796630859375,103240525686306,1.556,1417418,11811.816666666666,34,True,0.765264630317688,1.1649192571640015,-5.216095924377441,0.7260041236877441,0.007212572731077671,-0.6875190138816833,0.013551587238907814,1416250,0.7637673020362854,1.1645777225494385,-5.201920986175537,0.7197523222325736,0.059297473105737596,-0.6910412412615404,-0.030040093205606817,0.014150189448266022,0.0015017857620151201,-0.0008968216133814879,0.01425789293349612,0.004220936991229334,0.005835142594525612,0.06787678329523454,0.997667718777805,7.827850594218314
103240627338942,9.823658305,15256412,4.237057596445084,0.268566370010376,0.08282470703125,-0.001255221664905548,-0.04455306753516197,-0.04568338394165039,26.44426918029785,0,-0.08362570405006409,-0.020606279373168945,0.0454254150390625,-0.000682532787322998,0.001776035875082016,0.0005397796630859375,103240625681483,1.657,1417430,11811.916666666666,34,True,0.7648656368255615,1.1645666360855103,-5.2153778076171875,0.7258391976356506,0.010781512595713139,-0.6875737905502319,0.01683643087744713,1416250,0.7637673020362854,1.1645777225494385,-5.201920986175537,0.7197523222325736,0.059297473105737596,-0.6910412412615404,-0.030040093205606817,0.013378538112318003,0.0017438923870068122,-0.0005158128064256467,0.013501574187163448,-0.0006014188754813873,0.005379752280180672,0.06756986161156556,0.9976998598589328,7.773704975877853
103240727560925,9.923880288,15356496,3.918032318353653,0.2930692434310913,-0.04730224609375,-0.0022313520312309265,-0.03852693364024162,-0.04039406776428223,26.44426918029785,0,-0.08362570405006409,-0.020606279373168945,0.0454254150390625,-0.000682532787322998,0.001776035875082016,0.0005397796630859375,103240717307126,10.254,1417441,11812.008333333333,34,True,0.764809787273407,1.164839744567871,-5.215083122253418,0.7269684672355652,0.011229964904487133,-0.6863498687744141,0.017738038673996925,1416250,0.7637673020362854,1.1645777225494385,-5.201920986175537,0.7197523222325736,0.059297473105737596,-0.6910412412615404,-0.030040093205606817,0.013118982528810845,0.0014338552316638252,-0.00048333603610635956,0.013205955366440284,-0.0016667510055207138,0.00697410982201979,0.06790032858584973,0.997666341574782,7.8301623102693245
103240827735644,10.024055007,15456600,3.6055261194705963,0.2217564582824707,-0.2841033935546875,-0.010920248925685883,-0.023767273873090744,-0.029535293579101562,26.44426918029785,0,-0.08362570405006409,-0.020606279373168945,0.0454254150390625,-0.000682532787322998,0.001776035875082016,0.0005397796630859375,103240823920534,3.815,1417454,11812.116666666667,34,True,0.764885425567627,1.1644837856292725,-5.214982986450195,0.7271339297294617,0.01683861017227173,-0.6861396431922913,0.014321494847536087,1416250,0.7637673020362854,1.1645777225494385,-5.201920986175537,0.7197523222325736,0.059297473105737596,-0.6910412412615404,-0.030040093205606817,0.012977431574397076,0.0017774478704322494,-0.0005493854304754312,0.013110105855845749,-0.0031009272230929016,0.007273869904720676,0.06150601810121355,0.99807539034098,7.110639073067329
103240927973560,10.124292923,15556671,3.7591899931430817,0.16436028480529785,-0.3225250244140625,-0.008068051189184189,-0.021068651229143143,-0.03615593910217285,26.44426918029785,0,-0.08362570405006409,-0.020606279373168945,0.0454254150390625,-0.000682532787322998,0.001776035875082016,0.0005397796630859375,103240926558007,1.416,1417466,11812.216666666667,34,True,0.7649715542793274,1.165244460105896,-5.215380668640137,0.7256588935852051,0.011411168612539768,-0.687796413898468,0.015004976652562618,1416250,0.7637673020362854,1.1645777225494385,-5.201920986175537,0.7197523222325736,0.059297473105737596,-0.6910412412615404,-0.030040093205606817,0.013471387520094488,0.0010770601585806208,-0.0006476682639697633,0.013529885974460866,0.0003002736284589274,0.005184606399149748,0.06584704636699801,0.9978162136270268,7.574461583267312
103241028096800,10.224416163,15657045,3.911830812692642,-0.09152257442474365,-0.379302978515625,-0.0074472203850746155,-0.015891000628471375,-0.04046034812927246,26.44426918029785,0,-0.08362570405006409,-0.020606279373168945,0.0454254150390625,-0.000682532787322998,0.001776035875082016,0.0005397796630859375,103241025629715,2.467,1417478,11812.316666666666,34,True,0.7647950649261475,1.165820837020874,-5.214406490325928,0.7258198261260986,0.007493972312659025,-0.6876184344291687,0.017615122720599174,1416250,0.7637673020362854,1.1645777225494385,-5.201920986175537,0.7197523222325736,0.059297473105737596,-0.6910412412615404,-0.030040093205606817,0.012572228792378699,0.0003760752524542279,-0.0005357934610156936,0.012589259074158877,0.00111317099094987,0.005386816739911926,0.07047437635471805,0.997498423724654,8.107091548072624
103241128302980,10.324622343,15757104,2.9669174253940582,-0.3408545255661011,-0.8301239013671875,-0.016892358660697937,0.001336846500635147,-0.009326815605163574,26.44426918029785,0,-0.08362570405006409,-0.020606279373168945,0.0454254150390625,-0.000682532787322998,0.001776035875082016,0.0005397796630859375,103241125511027,2.792,1417490,11812.416666666666,34,True,0.7644619941711426,1.1659060716629028,-5.212393760681152,0.7254378199577332,0.013821559958159924,-0.687999427318573,0.014344442635774612,1416250,0.7637673020362854,1.1645777225494385,-5.201920986175537,0.7197523222325736,0.059297473105737596,-0.6910412412615404,-0.030040093205606817,0.010575416005479241,2.500424034081487e-05,-0.0002933691769031894,0.010579513900692148,-0.0008713060181691299,0.004852475803744538,0.06364869679814504,0.9979601884345362,7.320428475396474
103241228606818,10.424926181,15857379,2.2271393835544586,-0.2079077959060669,-0.8747100830078125,-0.01235535740852356,0.004787959158420563,0.010369062423706055,26.44426918029785,0,-0.08362570405006409,-0.020606279373168945,0.0454254150390625,-0.000682532787322998,0.001776035875082016,0.0005397796630859375,103241225089240,3.518,1417502,11812.516666666666,34,True,0.7642052173614502,1.1664395332336426,-5.2104973793029785,0.7238271236419678,0.009712115861475468,-0.6898545026779175,0.008982575498521328,1416250,0.7637673020362854,1.1645777225494385,-5.201920986175537,0.7197523222325736,0.059297473105737596,-0.6910412412615404,-0.030040093205606817,0.0087536875107583,-0.0007524213843312884,-0.00013944517435211654,0.008787071635775762,0.005986092530322801,0.002845616849345811,0.06286142665317983,0.998000255611236,7.2481516118501075
103241328820839,10.525140202,15957630,1.2283174097537994,-0.34193408489227295,-1.13873291015625,-0.019067220389842987,0.007865680381655693,0.04078114032745361,26.44426918029785,0,-0.08362570405006409,-0.020606279373168945,0.0454254150390625,-0.000682532787322998,0.001776035875082016,0.0005397796630859375,103241326309782,2.511,1417514,11812.616666666667,34,True,0.7639003396034241,1.166380763053894,-5.208310127258301,0.722785472869873,0.012626351788640022,-0.6908716559410095,0.010868892073631287,1416250,0.7637673020362854,1.1645777225494385,-5.201920986175537,0.7197523222325736,0.059297473105737596,-0.6910412412615404,-0.030040093205606817,0.006566686482415442,-0.0009813738164884812,7.288281285219603e-05,0.0066400133908325895,0.002706160284989507,0.0011942969643100043,0.06203620641122044,0.9980695163391063,7.121485302043833
103241428926806,10.625246169,16058045,-0.07801368832588196,-0.5108727216720581,-1.664306640625,-0.03314892575144768,0.020691053941845894,0.07462513446807861,26.44426918029785,0,-0.08362570405006409,-0.020606279373168945,0.0454254150390625,-0.000682532787322998,0.001776035875082016,0.0005397796630859375,103241425120791,3.806,1417526,11812.716666666667,34,True,0.7639003992080688,1.167240023612976,-5.206182956695557,0.7211302518844604,0.011630791239440441,-0.6926451325416565,0.008865395560860634,1416250,0.7637673020362854,1.1645777225494385,-5.201920986175537,0.7197523222325736,0.059297473105737596,-0.6910412412615404,-0.030040093205606817,0.004567269329998691,-0.0020993533685359908,-5.2161526392898025e-05,0.005026922967737395,0.004991040705377516,-0.0010772838693832722,0.06132339130105779,0.9981048896040333,7.055917481209029
103241529146927,10.725466290,16157990,-1.0833024680614471,-0.7523962259292603,-1.9944915771484375,-0.04684563726186752,0.027011452242732048,0.10733091831207275,26.44426918029785,0,-0.08362570405006409,-0.020606279373168945,0.0454254150390625,-0.000682532787322998,0.001776035875082016,0.0005397796630859375,103241527984871,1.162,1417538,11812.816666666666,34,True,0.7637109756469727,1.1677014827728271,-5.204471588134766,0.7206759452819824,0.007243565749377012,-0.6931578516960144,0.010296722874045372,1416250,0.7637673020362854,1.1645777225494385,-5.201920986175537,0.7197523222325736,0.059297473105737596,-0.6910412412615404,-0.030040093205606817,0.0029223412005094803,-0.0027792970186560043,4.52873014570788e-05,0.004033189922354092,0.0070366432226503465,-0.00171334059448508,0.06545867200428629,0.9978289995663585,7.552246966670025
103241629243767,10.825563130,16258176,-2.0934902131557465,-0.9214259386062622,-2.4541168212890625,-0.06093145161867142,0.03620823472738266,0.1386321783065796,26.44426918029785,0,-0.08362570405006409,-0.020606279373168945,0.0454254150390625,-0.000682532787322998,0.001776035875082016,0.0005397796630859375,103241625695695,3.548,1417550,11812.916666666666,34,True,0.7634649276733398,1.1678494215011597,-5.20239782333374,0.7203802466392517,0.011552690528333187,-0.6934460401535034,0.007171824108809233,1416250,0.7637673020362854,1.1645777225494385,-5.201920986175537,0.7197523222325736,0.059297473105737596,-0.6910412412615404,-0.030040093205606817,0.0008762838371709243,-0.0031963442237113726,0.00019577589678880587,0.0033200629454128603,0.006333985472294397,-0.0020692528626204405,0.06018886207561079,0.9981647658090674,6.9435219610937775
103241729355544,10.925674907,16358251,-2.853460878133774,-0.9777854681015015,-2.6319427490234375,-0.06625378876924515,0.039177607744932175,0.15963125228881836,26.44426918029785,0,-0.08362570405006409,-0.020606279373168945,0.0454254150390625,-0.000682532787322998,0.001776035875082016,0.0005397796630859375,103241725754289,3.601,1417562,11813.016666666666,34,True,0.7631871104240417,1.1675480604171753,-5.200803279876709,0.7198750376701355,0.008107943460345268,-0.6940179467201233,0.007305014878511429,1416250,0.7637673020362854,1.1645777225494385,-5.201920986175537,0.7197523222325736,0.059297473105737596,-0.6910412412615404,-0.030040093205606817,-0.0007529815240201192,-0.0031094579626219907,0.0004160369323032467,0.003226266685484828,0.00866767221054085,-0.0027344214262610134,0.06274748732699914,0.9979880496439135,7.270245862919986
103241829468511,11.025787874,16458458,-3.616194099187851,-0.9420839548110962,-2.7482147216796875,-0.07484760880470276,0.04465175047516823,0.18189942836761475,26.44426918029785,0,-0.08362570405006409,-0.020606279373168945,0.0454254150390625,-0.000682532787322998,0.001776035875082016,0.0005397796630859375,103241824191755,5.277,1417574,11813.116666666667,34,True,0.7634909152984619,1.1681033372879028,-5.1990275382995605,0.7186124920845032,0.00799273420125246,-0.6953495144844055,0.004612024873495102,1416250,0.7637673020362854,1.1645777225494385,-5.201920986175537,0.7197523222325736,0.059297473105737596,-0.6910412412615404,-0.030040093205606817,-0.0024311233066299665,-0.0038688258594163634,1.4678603029792561e-05,0.004569287638561956,0.01080245823238204,-0.004402143164151496,0.06093457906265986,0.998073597038894,7.113952121482484
103241929581586,11.125900949,16558289,-4.350455850362778,-1.0656455755233765,-2.8353271484375,-0.07680390775203705,0.050138335675001144,0.2027907371520996,26.44426918029785,0,-0.08362570405006409,-0.020606279373168945,0.0454254150390625,-0.000682532787322998,0.001776035875082016,0.0005397796630859375,103241927672254,1.909,1417586,11813.216666666667,34,True,0.7629159688949585,1.167948603630066,-5.197567462921143,0.717337429523468,0.008390174247324467,-0.6966602206230164,0.00460066506639123,1416250,0.7637673020362854,1.1645777225494385,-5.201920986175537,0.7197523222325736,0.059297473105737596,-0.6910412412615404,-0.030040093205606817,-0.003919759728466779,-0.003923462738467592,0.0005316915597919183,0.005571424602721241,0.010652011598278598,-0.006237913291426365,0.06060443643300917,0.9980855300881364,7.091877247808096
103242029702990,11.226022353,16658553,-5.041181653738022,-1.0548182725906372,-2.9716339111328125,-0.07793125510215759,0.04238531365990639,0.2231816053390503,26.44426918029785,0,-0.08362570405006409,-0.020606279373168945,0.0454254150390625,-0.000682532787322998,0.001776035875082016,0.0005397796630859375,103242025789105,3.914,1417598,11813.316666666666,34,True,0.7628235816955566,1.1682428121566772,-5.196066856384277,0.7173365950584412,0.01262412965297699,-0.6965990662574768,0.00430675782263279,1416250,0.7637673020362854,1.1645777225494385,-5.201920986175537,0.7197523222325736,0.059297473105737596,-0.6910412412615404,-0.030040093205606817,-0.005373325076875734,-0.004406992858818005,0.0005478294297091631,0.006970963026979126,0.007934113184927793,-0.0063042345454158415,0.05735204992791524,0.9983025838110563,6.677643759958681
103242129937625,11.326256988,16758771,-5.724808782339096,-1.271926760673523,-3.0412750244140625,-0.08372671902179718,0.040536608546972275,0.24271917343139648,26.44426918029785,0,-0.08362570405006409,-0.020606279373168945,0.0454254150390625,-0.000682532787322998,0.001776035875082016,0.0005397796630859375,103242128173110,1.765,1417610,11813.416666666666,34,True,0.7627586722373962,1.168622612953186,-5.194818019866943,0.7164025902748108,0.013951625674962997,-0.6975288391113281,0.005121712572872639,1416250,0.7637673020362854,1.1645777225494385,-5.201920986175537,0.7197523222325736,0.059297473105737596,-0.6910412412615404,-0.030040093205606817,-0.006565436517480284,-0.004942633385038931,0.0005440784746607551,0.008235933634419004,0.006513383644928344,-0.007707079171866249,0.056932293379095986,0.9983270459797877,6.629338471061631
103242230217411,11.426536774,16859130,-6.177087873220444,-1.2631336450576782,-3.1354522705078125,-0.09095749258995056,0.03867054358124733,0.2576162815093994,26.44426918029785,0,-0.08362570405006409,-0.020606279373168945,0.0454254150390625,-0.000682532787322998,0.001776035875082016,0.0005397796630859375,103242224826671,5.391,1417622,11813.516666666666,34,True,0.7627993822097778,1.167929768562317,-5.194247722625732,0.716137170791626,0.013688559643924236,-0.6977505683898926,0.010213357396423817,1416250,0.7637673020362854,1.1645777225494385,-5.201920986175537,0.7197523222325736,0.059297473105737596,-0.6910412412615404,-0.030040093205606817,-0.007217075354818066,-0.004325526444758824,0.0005056669519867484,0.008429238089398224,0.0030515712653226765,-0.008344104445094258,0.060631095544697595,0.9981207011613735,7.0264115903376965
103242330400264,11.526719627,16959367,-6.604885667562485,-1.1282066106796265,-3.1855010986328125,-0.09391911327838898,0.0375705324113369,0.27010512351989746,26.297504425048828,0,-0.08362570405006409,-0.020606279373168945,0.0454254150390625,-0.000682532787322998,0.001776035875082016,0.0005397796630859375,103242330191141,0.209,1417634,11813.616666666667,34,True,0.7627326250076294,1.1678528785705566,-5.193668365478516,0.7161162495613098,0.012376859784126282,-0.6977831721305847,0.011089255101978779,1416250,0.7637673020362854,1.1645777225494385,-5.201920986175537,0.7197523222325736,0.059297473105737596,-0.6910412412615404,-0.030040093205606817,-0.0078036160577910655,-0.004324776345437481,0.0005503070685828402,0.008938845109140352,0.0033301423464992593,-0.008394563414052703,0.0621802147267697,0.998024079044976,7.204833456205628
103242430648821,11.626968184,17059513,-6.946605294942856,-1.1673213243484497,-3.210906982421875,-0.09922701120376587,0.03929351642727852,0.28252243995666504,26.297504425048828,0,-0.08362570405006409,-0.020606279373168945,0.0454254150390625,-0.000682532787322998,0.001776035875082016,0.0005397796630859375,103242426789014,3.860,1417646,11813.716666666667,34,True,0.7622730731964111,1.1683564186096191,-5.192751884460449,0.7158291935920715,0.00724211847409606,-0.6982223987579346,0.004650588613003492,1416250,0.7637673020362854,1.1645777225494385,-5.201920986175537,0.7197523222325736,0.059297473105737596,-0.6910412412615404,-0.030040093205606817,-0.00866555255617087,-0.004958754299360696,0.0009500761535671371,0.010029142037221559,0.011547373557542904,-0.008373020416392485,0.061422744346485494,0.9980099183725458,7.230613052285193
103242530909462,11.727228825,17159855,-7.534628003835678,-1.3323370218276978,-3.7566070556640625,-0.11556343734264374,0.04787851497530937,0.2995203733444214,26.297504425048828,0,-0.08362570405006409,-0.020606279373168945,0.0454254150390625,-0.000682532787322998,0.001776035875082016,0.0005397796630859375,103242529266858,1.643,1417658,11813.816666666666,34,True,0.7624327540397644,1.1688451766967773,-5.191980838775635,0.7143401503562927,0.006493269000202417,-0.6997527480125427,0.004712368827313185,1416250,0.7637673020362854,1.1645777225494385,-5.201920986175537,0.7197523222325736,0.059297473105737596,-0.6910412412615404,-0.030040093205606817,-0.009361746112290806,-0.00553272504483519,0.0007384963735216957,0.010899482262311511,0.012155869206008791,-0.010484650485688697,0.0619620954301728,0.9979494003595281,7.339767548142857
103242631189258,11.827508621,17260042,-7.82862052321434,-1.4858907461166382,-3.6253814697265625,-0.11365659534931183,0.04867483302950859,0.3073238134384155,26.297504425048828,0,-0.08362570405006409,-0.020606279373168945,0.0454254150390625,-0.000682532787322998,0.001776035875082016,0.0005397796630859375,103242625933849,5.255,1417670,11813.916666666666,34,True,0.7622814178466797,1.1682288646697998,-5.191649913787842,0.7145060896873474,0.008614607155323029,-0.6995354294776917,0.007550735957920551,1416250,0.7637673020362854,1.1645777225494385,-5.201920986175537,0.7197523222325736,0.059297473105737596,-0.6910412412615404,-0.030040093205606817,-0.009773687249209137,-0.004969924999714107,0.0008991671997673264,0.011001528012111498,0.008629145248222682,-0.010445597937755735,0.06240000175870833,0.9979592512304906,7.322110562640487
103242731438185,11.927757548,17360345,-7.86118420958519,-1.1937111616134644,-3.650360107421875,-0.11114458739757538,0.04520505666732788,0.31185436248779297,26.297504425048828,0,-0.08362570405006409,-0.020606279373168945,0.0454254150390625,-0.000682532787322998,0.001776035875082016,0.0005397796630859375,103242724694314,6.744,1417682,11814.016666666666,34,True,0.7623035311698914,1.1680972576141357,-5.191413879394531,0.7140412330627441,0.0077297016978263855,-0.6999852061271667,0.010305364616215229,1416250,0.7637673020362854,1.1645777225494385,-5.201920986175537,0.7197523222325736,0.059297473105737596,-0.6910412412615404,-0.030040093205606817,-0.010023503217450148,-0.004868062271955203,0.0008720080816883515,0.011177166238738552,0.00729863553264203,-0.01122731999708565,0.06492641895730522,0.9978001991012155,7.602194190995744
103242831669942,12.027989305,17460577,-8.162740796804428,-1.1498185396194458,-3.6540985107421875,-0.11248841881752014,0.045025672763586044,0.31928491592407227,26.297504425048828,0,-0.08362570405006409,-0.020606279373168945,0.0454254150390625,-0.000682532787322998,0.001776035875082016,0.0005397796630859375,103242825192846,6.477,1417694,11814.116666666667,34,True,0.7622370719909668,1.167957067489624,-5.190612316131592,0.7144945859909058,0.011264801025390625,-0.6994413733482361,0.01234426535665989,1416250,0.7637673020362854,1.1645777225494385,-5.201920986175537,0.7197523222325736,0.059297473105737596,-0.6910412412615404,-0.030040093205606817,-0.010838313424627708,-0.0048323778761354946,0.0009092197484385043,0.011901579490940669,0.0033423662857974953,-0.010749706437621853,0.06380153651039543,0.9978991113023548,7.429254076380064
103242931963073,12.128282436,17560582,-8.420679181814194,-1.2729467153549194,-3.680206298828125,-0.11881238222122192,0.041482288390398026,0.33055293560028076,26.297504425048828,0,-0.08362570405006409,-0.020606279373168945,0.0454254150390625,-0.000682532787322998,0.001776035875082016,0.0005397796630859375,103242925225746,6.737,1417706,11814.216666666667,34,True,0.7622537016868591,1.1682016849517822,-5.190043926239014,0.7156531810760498,0.011174246668815613,-0.6982849836349487,0.01066499948501587,1416250,0.7637673020362854,1.1645777225494385,-5.201920986175537,0.7197523222325736,0.059297473105737596,-0.6910412412615404,-0.030040093205606817,-0.011370031919445312,-0.005145265167448032,0.0008586400611404618,0.01250954204785909,0.004510223340786947,-0.009014458919588518,0.06274023574481166,0.997978987872234,7.286605473949039
103243032248454,12.228567817,17660983,-8.846658796072006,-1.1052314043045044,-3.9880218505859375,-0.12582272291183472,0.04845990240573883,0.34316277503967285,26.297504425048828,0,-0.08362570405006409,-0.020606279373168945,0.0454254150390625,-0.000682532787322998,0.001776035875082016,0.0005397796630859375,103243025969589,6.279,1417718,11814.316666666666,34,True,0.7622906565666199,1.1684249639511108,-5.189570426940918,0.7157749533653259,0.012045085430145264,-0.6981663703918457,0.009208985604345798,1416250,0.7637673020362854,1.1645777225494385,-5.201920986175537,0.7197523222325736,0.059297473105737596,-0.6910412412615404,-0.030040093205606817,-0.01180963258468871,-0.005424231485879209,0.0007926869848288978,0.013019910201443857,0.004945715810903641,-0.008784759423483668,0.06111094092166855,0.9980800673275956,7.1019912793772315
103243132449667,12.328769030,17761299,-9.17425736784935,-1.1153632402420044,-4.0126495361328125,-0.12508946657180786,0.04612620174884796,0.34754133224487305,26.297504425048828,0,-0.08362570405006409,-0.020606279373168945,0.0454254150390625,-0.000682532787322998,0.001776035875082016,0.0005397796630859375,103243125608254,6.841,1417730,11814.416666666666,34,True,0.7622749209403992,1.1679822206497192,-5.189332485198975,0.7145798206329346,0.011992152780294418,-0.6993561387062073,0.01152599137276411,1416250,0.7637673020362854,1.1645777225494385,-5.201920986175537,0.7197523222325736,0.059297473105737596,-0.6910412412615404,-0.030040093205606817,-0.012102249258967815,-0.005015880217751589,0.000815275414856978,0.01312585865713512,0.003421076231135859,-0.010602786279742538,0.0627150572040564,0.9979692874835472,7.304077456233379
103243232672947,12.428992310,17861592,-9.058296293020248,-1.1238175630569458,-4.03436279296875,-0.12687857449054718,0.04470203071832657,0.3478717803955078,26.297504425048828,0,-0.08362570405006409,-0.020606279373168945,0.0454254150390625,-0.000682532787322998,0.001776035875082016,0.0005397796630859375,103243226411077,6.262,1417742,11814.516666666666,34,True,0.762222170829773,1.1679120063781738,-5.189499855041504,0.7147983312606812,0.01060393638908863,-0.6991668939590454,0.010801443830132484,1416250,0.7637673020362854,1.1645777225494385,-5.201920986175537,0.7197523222325736,0.059297473105737596,-0.6910412412615404,-0.030040093205606817,-0.011947260550831451,-0.004927644888871407,0.0008778718155173967,0.012953353918763809,0.004884099671949095,-0.010230910445173325,0.06322080517197276,0.9979351701564911,7.36519953670414
103243332909596,12.529228959,17961914,-9.011849492788315,-0.9746080636978149,-3.9495697021484375,-0.12461596727371216,0.045547518879175186,0.34305036067962646,26.44426918029785,0,-0.08362570405006409,-0.020606279373168945,0.0454254150390625,-0.000682532787322998,0.001776035875082016,0.0005397796630859375,103243327412967,5.497,1417754,11814.616666666667,34,True,0.7622509002685547,1.1681816577911377,-5.19003963470459,0.7148863077163696,0.00927127804607153,-0.6990759968757629,0.012022590264678001,1416250,0.7637673020362854,1.1645777225494385,-5.201920986175537,0.7197523222325736,0.059297473105737596,-0.6910412412615404,-0.030040093205606817,-0.011376932798487773,-0.005126075094594252,0.0008620269989930342,0.012508170782481315,0.0049180656104422325,-0.010137069082046257,0.06502633559964086,0.9978199377340383,7.567997945514708
103243433129544,12.629448907,18062152,-8.520765393972397,-1.1491223573684692,-3.8986053466796875,-0.12278354912996292,0.04481731727719307,0.33488190174102783,26.44426918029785,0,-0.08362570405006409,-0.020606279373168945,0.0454254150390625,-0.000682532787322998,0.001776035875082016,0.0005397796630859375,103243426817758,6.312,1417766,11814.716666666667,34,True,0.762214720249176,1.1692372560501099,-5.190848350524902,0.7139215469360352,0.0034405309706926346,-0.7000657916069031,0.014564868994057178,1416250,0.7637673020362854,1.1645777225494385,-5.201920986175537,0.7197523222325736,0.059297473105737596,-0.6910412412615404,-0.030040093205606817,-0.010442778058975248,-0.0060726823224797975,0.0008921539791298628,0.012113010480522615,0.007205215346866416,-0.01149176071795105,0.07095237820810198,0.9973874795354216,8.284991592350583
103243534088310,12.730407673,18162168,-8.180467694997787,-1.6763521432876587,-3.881927490234375,-0.11920119822025299,0.05263611674308777,0.32656145095825195,26.44426918029785,0,-0.08362570405006409,-0.020606279373168945,0.0454254150390625,-0.000682532787322998,0.001776035875082016,0.0005397796630859375,103243533756046,0.332,1417779,11814.825,34,True,0.7622206807136536,1.1701291799545288,-5.190888404846191,0.7127161622047424,0.0009523697663098574,-0.7012917995452881,0.014986800029873848,1416250,0.7637673020362854,1.1645777225494385,-5.201920986175537,0.7197523222325736,0.059297473105737596,-0.6910412412615404,-0.030040093205606817,-0.010289686068090777,-0.006951448133118015,0.0008534032443621489,0.01244703047416448,0.008729860652696287,-0.01315742835783162,0.07300016403591998,0.9972069231923342,8.566633789211547
103243634350055,12.830669418,18263269,-8.199277013540268,-2.0995991230010986,-3.91680908203125,-0.11893077194690704,0.05779512599110603,0.32273030281066895,26.44426918029785,0,-0.08362570405006409,-0.020606279373168945,0.0454254150390625,-0.000682532787322998,0.001776035875082016,0.0005397796630859375,103243633782928,0.567,1417791,11814.925,34,True,0.7622667551040649,1.170767903327942,-5.191102027893066,0.7140008211135864,0.00414691399782896,-0.7000264525413513,0.012189241126179695,1416250,0.7637673020362854,1.1645777225494385,-5.201920986175537,0.7197523222325736,0.059297473105737596,-0.6910412412615404,-0.030040093205606817,-0.009995159025867619,-0.00755576209839254,0.0007918918135091093,0.012554673929823543,0.008422225403191846,-0.01128901614317851,0.06880582234924125,0.9975306426594732,8.054693256493001
103243734478548,12.930797911,18363427,-7.896103948354721,-2.1813480854034424,-3.801055908203125,-0.10965260118246078,0.05373531952500343,0.3141441345214844,26.44426918029785,0,-0.08362570405006409,-0.020606279373168945,0.0454254150390625,-0.000682532787322998,0.001776035875082016,0.0005397796630859375,103243733989361,0.489,1417803,11815.025,34,True,0.7623381614685059,1.1719061136245728,-5.191328525543213,0.7138742208480835,0.004554800223559141,-0.7001977562904358,0.009271709248423576,1416250,0.7637673020362854,1.1645777225494385,-5.201920986175537,0.7197523222325736,0.059297473105737596,-0.6910412412615404,-0.030040093205606817,-0.009623537538687037,-0.008652426482080009,0.0006863104061584951,0.01295947455570323,0.01025422036714039,-0.011339048918170613,0.06649374830663438,0.9976697140689537,7.824500171324501
103243834572463,13.030891826,18463605,-7.562604993581772,-2.51153302192688,-3.8350677490234375,-0.10952112078666687,0.055282846093177795,0.3084113597869873,26.44426918029785,0,-0.08362570405006409,-0.020606279373168945,0.0454254150390625,-0.000682532787322998,0.001776035875082016,0.0005397796630859375,103243832267903,2.305,1417815,11815.125,34,True,0.7623045444488525,1.172651767730713,-5.191449165344238,0.7142055630683899,0.004280887544155121,-0.6998751163482666,0.008188224397599697,1416250,0.7637673020362854,1.1645777225494385,-5.201920986175537,0.7197523222325736,0.059297473105737596,-0.6910412412615404,-0.030040093205606817,-0.00941062757571389,-0.009377861181244767,0.0006962077047785519,0.01330371740799079,0.011194260067764314,-0.010805379978020004,0.06595211635102237,0.9977014837384413,7.770959353881256
103243934804460,13.131123823,18563416,-7.529554456472397,-3.0511577129364014,-4.0246734619140625,-0.11864764243364334,0.05978374928236008,0.3057260513305664,26.44426918029785,0,-0.08362570405006409,-0.020606279373168945,0.0454254150390625,-0.000682532787322998,0.001776035875082016,0.0005397796630859375,103243933276911,1.528,1417827,11815.225,34,True,0.7623401284217834,1.1740599870681763,-5.191589832305908,0.714449942111969,-3.717273648362607e-05,-0.6996420621871948,0.007899546064436436,1416250,0.7637673020362854,1.1645777225494385,-5.201920986175537,0.7197523222325736,0.059297473105737596,-0.6910412412615404,-0.030040093205606817,-0.009091180458004788,-0.010754464708354432,0.0006122351867898218,0.014095492371931983,0.014364833784289302,-0.010321929904085925,0.06886805147526359,0.9974689472857816,8.15473524165511
103244034930429,13.231249792,18664026,-7.527227967977524,-3.5797336101531982,-4.2334747314453125,-0.12557116150856018,0.06255669519305229,0.3103818893432617,26.44426918029785,0,-0.08362570405006409,-0.020606279373168945,0.0454254150390625,-0.000682532787322998,0.001776035875082016,0.0005397796630859375,103244033695061,1.235,1417839,11815.325,34,True,0.7623706459999084,1.175054907798767,-5.191467761993408,0.7142109274864197,0.0010409315582364798,-0.6999030709266663,0.006121257320046425,1416250,0.7637673020362854,1.1645777225494385,-5.201920986175537,0.7197523222325736,0.059297473105737596,-0.6910412412615404,-0.030040093205606817,-0.009084787083745473,-0.011754538025083104,0.0005379907939999965,0.014865798149932682,0.014922404059664194,-0.010601898968534362,0.06685688139084844,0.9975946466406238,7.9495795527796
103244135176165,13.331495528,18763995,-7.379918187856674,-3.911346197128296,-4.204010009765625,-0.12418852746486664,0.062161970883607864,0.30969464778900146,26.44426918029785,0,-0.08362570405006409,-0.020606279373168945,0.0454254150390625,-0.000682532787322998,0.001776035875082016,0.0005397796630859375,103244134128967,1.047,1417851,11815.425,34,True,0.7623693943023682,1.1759374141693115,-5.191490650177002,0.7145523428916931,0.00012230452557560056,-0.6995412111282349,0.007551589980721474,1416250,0.7637673020362854,1.1645777225494385,-5.201920986175537,0.7197523222325736,0.059297473105737596,-0.6910412412615404,-0.030040093205606817,-0.008950178221471922,-0.012626434861965848,0.0005060644760514775,0.015485110550896887,0.014496015288692897,-0.010162737480650663,0.06851586272551165,0.9974929377507533,8.115979847136655
103244235292596,13.431611959,18864372,-7.632715314626694,-4.280529260635376,-4.4136505126953125,-0.127903014421463,0.07089274004101753,0.31497418880462646,26.44426918029785,0,-0.08362570405006409,-0.020606279373168945,0.0454254150390625,-0.000682532787322998,0.001776035875082016,0.0005397796630859375,103244234438638,0.854,1417863,11815.525,34,True,0.7624314427375793,1.1771925687789917,-5.191161632537842,0.7144985198974609,0.0006228709826245904,-0.6995883584022522,0.008225318975746632,1416250,0.7637673020362854,1.1645777225494385,-5.201920986175537,0.7197523222325736,0.059297473105737596,-0.6910412412615404,-0.030040093205606817,-0.009114697476972845,-0.013908969126675772,0.0003813448552756319,0.016633777567413847,0.013669597421922005,-0.010288852973383446,0.06861937634316957,0.9974961968855266,8.110700614520978
103244335465486,13.531784849,18964405,-7.823018163442612,-4.841174364089966,-4.9521026611328125,-0.14656847715377808,0.07740990445017815,0.32541072368621826,26.44426918029785,0,-0.08362570405006409,-0.020606279373168945,0.0454254150390625,-0.000682532787322998,0.001776035875082016,0.0005397796630859375,103244334173670,1.292,1417875,11815.625,34,True,0.7623485922813416,1.1785014867782593,-5.190718173980713,0.7144156098365784,-0.0013832550030201674,-0.6997098326683044,0.0038327276706695557,1416250,0.7637673020362854,1.1645777225494385,-5.201920986175537,0.7197523222325736,0.059297473105737596,-0.6910412412615404,-0.030040093205606817,-0.009391319061497639,-0.01526547183312888,0.0003942648071600792,0.017927268301140168,0.01822718402663951,-0.010112844520525131,0.06702655897723618,0.9975334282768843,8.050146959741612
103244435656014,13.631975377,19064577,-7.936768621206284,-5.325792551040649,-4.8381500244140625,-0.1440882682800293,0.07034130021929741,0.3297232389450073,26.44426918029785,0,-0.08362570405006409,-0.020606279373168945,0.0454254150390625,-0.000682532787322998,0.001776035875082016,0.0005397796630859375,103244435488565,0.167,1417887,11815.725,34,True,0.7624229788780212,1.17938232421875,-5.190569877624512,0.7137926816940308,-0.0008145176689140499,-0.7003273963928223,0.006392961367964745,1416250,0.7637673020362854,1.1645777225494385,-5.201920986175537,0.7197523222325736,0.059297473105737596,-0.6910412412615404,-0.030040093205606817,-0.009423733059684594,-0.01615383018807921,0.0002795105588297664,0.018703772364899784,0.016046762872168056,-0.01115670745076458,0.06836805396181235,0.9974687155383156,8.15510872142328
103244535764981,13.732084344,19164808,-8.066962331533432,-5.655303239822388,-5.030853271484375,-0.15191064774990082,0.07473759725689888,0.332871675491333,26.44426918029785,0,-0.08362570405006409,-0.020606279373168945,0.0454254150390625,-0.000682532787322998,0.001776035875082016,0.0005397796630859375,103244534233776,1.531,1417899,11815.825,34,True,0.7625028491020203,1.1801725625991821,-5.190612316131592,0.7136996388435364,-0.0006816379027441144,-0.7004205584526062,0.006590707693248987,1416250,0.7637673020362854,1.1645777225494385,-5.201920986175537,0.7197523222325736,0.059297473105737596,-0.6910412412615404,-0.030040093205606817,-0.009278378857589694,-0.016928270311723465,0.00017101342386269692,0.019305022547588147,0.0158209280120957,-0.011303774818196277,0.06840634408195034,0.9974680420951028,8.156193932686165
103244635989729,13.832309092,19264970,-7.928201764822006,-6.001568078994751,-5.0659942626953125,-0.1513441503047943,0.07479630783200264,0.332358717918396,26.44426918029785,0,-0.08362570405006409,-0.020606279373168945,0.0454254150390625,-0.000682532787322998,0.001776035875082016,0.0005397796630859375,103244634505927,1.484,1417911,11815.925,34,True,0.7625711560249329,1.1812775135040283,-5.190686225891113,0.7139666080474854,-0.002972651971504092,-0.700165331363678,0.0033734538592398167,1416250,0.7637673020362854,1.1645777225494385,-5.201920986175537,0.7197523222325736,0.059297473105737596,-0.6910412412615404,-0.030040093205606817,-0.009062338934809785,-0.01801120862992829,6.323429267449245e-05,0.020162678935497204,0.01969658506262206,-0.010675990562395711,0.06784021558949598,0.9974446214758759,8.19384551850933
103244736176213,13.932495576,19365237,-7.912642568349838,-6.371929407119751,-5.01971435546875,-0.1531260907649994,0.07212555035948753,0.3303251266479492,26.44426918029785,0,-0.08362570405006409,-0.020606279373168945,0.0454254150390625,-0.000682532787322998,0.001776035875082016,0.0005397796630859375,103244734591221,1.585,1417923,11816.025,34,True,0.7626327872276306,1.1820905208587646,-5.19047737121582,0.713893473148346,-0.0013212980702519417,-0.70024573802948,0.0032330742105841637,1416250,0.7637673020362854,1.1645777225494385,-5.201920986175537,0.7197523222325736,0.059297473105737596,-0.6910412412615404,-0.030040093205606817,-0.009163867396066101,-0.01884047724828606,-3.877144027707635e-05,0.02095093200362335,0.01866343342363738,-0.010825684489310315,0.0665527151343914,0.9975496062434288,8.023692697208348
103244836238559,14.032557922,19465362,-7.947576612234116,-6.657716989517212,-5.343475341796875,-0.1635696291923523,0.07569529488682747,0.33140671253204346,26.44426918029785,0,-0.08362570405006409,-0.020606279373168945,0.0454254150390625,-0.000682532787322998,0.001776035875082016,0.0005397796630859375,103244832624197,3.614,1417935,11816.125,34,True,0.7626774907112122,1.1823904514312744,-5.190358638763428,0.7136610150337219,-0.0019032163545489311,-0.700480580329895,0.0033644952345639467,1416250,0.7637673020362854,1.1645777225494385,-5.201920986175537,0.7197523222325736,0.059297473105737596,-0.6910412412615404,-0.030040093205606817,-0.009241806205393822,-0.019150662355208237,-0.00010013011094204952,0.021264262898590274,0.018991882414662594,-0.011145663804994654,0.06705564512030696,0.9975062020048764,8.094472584670786
103244936334028,14.132653391,19565034,-8.054302304983139,-6.7463905811309814,-5.339752197265625,-0.16278904676437378,0.08018671348690987,0.3364229202270508,26.44426918029785,0,-0.08362570405006409,-0.020606279373168945,0.0454254150390625,-0.000682532787322998,0.001776035875082016,0.0005397796630859375,103244934413582,1.920,1417947,11816.225,34,True,0.7626346945762634,1.1827400922775269,-5.190325736999512,0.7140265703201294,-0.001878271927125752,-0.7001107931137085,0.0027305863332003355,1416250,0.7637673020362854,1.1645777225494385,-5.201920986175537,0.7197523222325736,0.059297473105737596,-0.6910412412615404,-0.030040093205606817,-0.009231678529261983,-0.01950320878408528,-7.235958221696282e-05,0.021577865447082494,0.019397993228903933,-0.010590054858332365,0.066610201522712,0.9975342849495914,8.048748302416538
103245036451165,14.232770528,19665300,-8.018025487661362,-6.863365411758423,-5.360931396484375,-0.16527146100997925,0.07867887243628502,0.3380371332168579,26.44426918029785,0,-0.08362570405006409,-0.020606279373168945,0.0454254150390625,-0.000682532787322998,0.001776035875082016,0.0005397796630859375,103245033829840,2.621,1417959,11816.325,34,True,0.7625755071640015,1.1824382543563843,-5.190186023712158,0.7144124507904053,9.824408334679902e-05,-0.6997188329696655,0.0029238646384328604,1416250,0.7637673020362854,1.1645777225494385,-5.201920986175537,0.7197523222325736,0.059297473105737596,-0.6910412412615404,-0.030040093205606817,-0.009410700526789351,-0.01922412476869256,-7.611456169517015e-06,0.02140393224296501,0.017858191621558307,-0.010112116441983843,0.06533226666860487,0.9976525071511693,7.853346509876266
103245136700039,14.333019402,19765502,-8.128419011831284,-6.773802042007446,-5.4917449951171875,-0.16671010851860046,0.08214429393410683,0.33980751037597656,26.44426918029785,0,-0.08362570405006409,-0.020606279373168945,0.0454254150390625,-0.000682532787322998,0.001776035875082016,0.0005397796630859375,103245134824759,1.875,1417971,11816.425,34,True,0.7625941038131714,1.1825661659240723,-5.19015645980835,0.7143628597259521,-0.00017532579659018666,-0.699771523475647,0.0023430348373949528,1416250,0.7637673020362854,1.1645777225494385,-5.201920986175537,0.7197523222325736,0.059297473105737596,-0.6910412412615404,-0.030040093205606817,-0.009423070427663213,-0.019353791967034163,-3.240323189782047e-05,0.0215259046211158,0.018469908786479913,-0.010141650994700158,0.06512643907003304,0.9976545275387559,7.849964938385822
103245236906981,14.433226344,19865768,-8.020540326833725,-6.702903985977173,-5.4047088623046875,-0.16227072477340698,0.07695114985108376,0.33863234519958496,26.44426918029785,0,-0.08362570405006409,-0.020606279373168945,0.0454254150390625,-0.000682532787322998,0.001776035875082016,0.0005397796630859375,103245234507235,2.400,1417983,11816.525,34,True,0.7626571655273438,1.1823773384094238,-5.190112590789795,0.714374840259552,0.0014701650943607092,-0.6997553110122681,0.002990254433825612,1416250,0.7637673020362854,1.1645777225494385,-5.201920986175537,0.7197523222325736,0.059297473105737596,-0.6910412412615404,-0.030040093205606817,-0.009488121490445667,-0.019169360726004565,-8.994084946034521e-05,0.021389177857448025,0.016865647575561117,-0.0102095121304287,0.06438957169229075,0.9977300731416283,7.722461348335138
103245337116697,14.533436060,19965969,-7.982859700918198,-6.6435911655426025,-5.2608795166015625,-0.16358445584774017,0.06660797074437141,0.3357480764389038,26.44426918029785,0,-0.08362570405006409,-0.020606279373168945,0.0454254150390625,-0.000682532787322998,0.001776035875082016,0.0005397796630859375,103245334367493,2.749,1417995,11816.625,34,True,0.7625275254249573,1.18214750289917,-5.190463066101074,0.7144826054573059,-0.0008754785521887243,-0.6996415257453918,0.003961531445384026,1416250,0.7637673020362854,1.1645777225494385,-5.201920986175537,0.7197523222325736,0.059297473105737596,-0.6910412412615404,-0.030040093205606817,-0.009174805384314103,-0.018903361475987205,6.3490823819731e-05,0.021012333521448434,0.017777519771783105,-0.010040275104029939,0.06675201510738184,0.9975606854451028,8.00552560137557
103245437327987,14.633647350,20066195,-7.841983407735825,-6.481824159622192,-5.1528778076171875,-0.15571163594722748,0.05924641340970993,0.3297373056411743,26.44426918029785,0,-0.08362570405006409,-0.020606279373168945,0.0454254150390625,-0.000682532787322998,0.001776035875082016,0.0005397796630859375,103245434022232,3.306,1418007,11816.725,34,True,0.7626501321792603,1.1820638179779053,-5.190373420715332,0.7137518525123596,-0.0013480066554620862,-0.7003947496414185,0.001955922693014145,1416250,0.7637673020362854,1.1645777225494385,-5.201920986175537,0.7197523222325736,0.059297473105737596,-0.6910412412615404,-0.030040093205606817,-0.009269633307283108,-0.01882626419969025,-5.953580925466501e-05,0.02098470561815473,0.019614213426582205,-0.010954267599556476,0.06568545391259321,0.9975874436846679,7.961478153419251
103245537465611,14.733784974,20166374,-7.7325402200222015,-6.460740327835083,-4.941131591796875,-0.15308751165866852,0.04767720401287079,0.32494664192199707,26.44426918029785,0,-0.08362570405006409,-0.020606279373168945,0.0454254150390625,-0.000682532787322998,0.001776035875082016,0.0005397796630859375,103245535433604,2.032,1418019,11816.825,34,True,0.762626588344574,1.1820199489593506,-5.190227031707764,0.7139888405799866,-0.0007406688528135419,-0.7001538872718811,0.001986846560612321,1416250,0.7637673020362854,1.1645777225494385,-5.201920986175537,0.7197523222325736,0.059297473105737596,-0.6910412412615404,-0.030040093205606817,-0.009421191360624654,-0.01880214249084314,-4.064549143964588e-05,0.021030479332517654,0.01915086002548916,-0.01063721672107859,0.06527651227986256,0.9976267193320807,7.896381202564472
103245637612985,14.833932348,20266269,-7.906554311513901,-6.410598039627075,-5.00067138671875,-0.1468542218208313,0.050886817276477814,0.3320044279098511,26.44426918029785,0,-0.08362570405006409,-0.020606279373168945,0.0454254150390625,-0.000682532787322998,0.001776035875082016,0.0005397796630859375,103245634358411,3.255,1418031,11816.925,34,True,0.7625104188919067,1.182262659072876,-5.189590930938721,0.7147893905639648,0.003990278113633394,-0.6993274688720703,0.0011332981521263719,1416250,0.7637673020362854,1.1645777225494385,-5.201920986175537,0.7197523222325736,0.059297473105737596,-0.6910412412615404,-0.030040093205606817,-0.010025298475947662,-0.01912743853868089,3.85050221078135e-05,0.021595531880914186,0.016422871241579342,-0.009580692125154666,0.061304211192188186,0.9979380207852036,7.360111968218086
103245737883186,14.934202549,20366630,-8.129146665334702,-6.55212140083313,-5.1380767822265625,-0.15864297747612,0.04654039815068245,0.3419938087463379,26.44426918029785,0,-0.08362570405006409,-0.020606279373168945,0.0454254150390625,-0.000682532787322998,0.001776035875082016,0.0005397796630859375,103245737082866,0.800,1418043,11817.025,34,True,0.7623910307884216,1.1824685335159302,-5.189323902130127,0.7145171761512756,0.0016195885837078094,-0.6996158361434937,0.0006342203123494983,1416250,0.7637673020362854,1.1645777225494385,-5.201920986175537,0.7197523222325736,0.059297473105737596,-0.6910412412615404,-0.030040093205606817,-0.010268379058557342,-0.019370158901444084,0.00013820881357977843,0.02192399977270488,0.0184456033342736,-0.00987554599473467,0.06265815337088734,0.9978157089989569,7.575337002594286
103245837952026,15.034271389,20466941,-8.487929433584213,-6.626362085342407,-5.076904296875,-0.1551130712032318,0.034367140382528305,0.35073280334472656,26.44426918029785,0,-0.08362570405006409,-0.020606279373168945,0.0454254150390625,-0.000682532787322998,0.001776035875082016,0.0005397796630859375,103245833299822,4.652,1418055,11817.125,34,True,0.7620822787284851,1.1825451850891113,-5.18892240524292,0.714692234992981,-0.0002179731527576223,-0.6994361281394958,-0.00202190107665956,1416250,0.7637673020362854,1.1645777225494385,-5.201920986175537,0.7197523222325736,0.059297473105737596,-0.6910412412615404,-0.030040093205606817,-0.010668314359389992,-0.0195099352666522,0.0004261625798344221,0.022240326434748593,0.02161126982219567,-0.009412526622137875,0.062150238980662256,0.9977884070051658,7.622550344513156
103245938268947,15.134588310,20566798,-8.644864171743393,-6.59429669380188,-5.1479339599609375,-0.157219797372818,0.02429080195724964,0.3563237190246582,26.44426918029785,0,-0.08362570405006409,-0.020606279373168945,0.0454254150390625,-0.000682532787322998,0.001776035875082016,0.0005397796630859375,103245936367055,1.902,1418067,11817.225,34,True,0.7620579600334167,1.1824374198913574,-5.18904447555542,0.7146631479263306,-0.0024736998602747917,-0.6994633674621582,-0.00124797981698066,1416250,0.7637673020362854,1.1645777225494385,-5.201920986175537,0.7197523222325736,0.059297473105737596,-0.6910412412615404,-0.030040093205606817,-0.010561913326664847,-0.019388905750431774,0.0004598756990773456,0.02208382134001515,0.022615526575818275,-0.009430361553056155,0.0643077062187217,0.9976292523575898,7.892164468018521
103246038415632,15.234734995,20667302,-8.498067945241928,-6.626734972000122,-5.0213775634765625,-0.15695348381996155,0.01296679861843586,0.35540544986724854,26.44426918029785,0,-0.08362570405006409,-0.020606279373168945,0.0454254150390625,-0.000682532787322998,0.001776035875082016,0.0005397796630859375,103246033197961,5.218,1418079,11817.325,34,True,0.7621663212776184,1.1822069883346558,-5.189174175262451,0.7144049406051636,-0.0006596617749892175,-0.6997321844100952,0.00025901489425450563,1416250,0.7637673020362854,1.1645777225494385,-5.201920986175537,0.7197523222325736,0.059297473105737596,-0.6910412412615404,-0.030040093205606817,-0.010458486145961631,-0.019139521890955247,0.00036620935241405274,0.021813650312806934,0.02030098578337202,-0.009946130123257235,0.06403620921663304,0.9976914895803002,7.7878419403091765
103246138565631,15.334884994,20767456,-8.376348584890366,-6.461773157119751,-4.657806396484375,-0.14710071682929993,-0.0015579331666231155,0.34862542152404785,26.44426918029785,0,-0.08362570405006409,-0.020606279373168945,0.0454254150390625,-0.000682532787322998,0.001776035875082016,0.0005397796630859375,103246133124336,5.441,1418091,11817.425,34,True,0.762627363204956,1.1816610097885132,-5.18939208984375,0.7133678793907166,0.003693483304232359,-0.7007792592048645,0.0010689356131479144,1416250,0.7637673020362854,1.1645777225494385,-5.201920986175537,0.7197523222325736,0.059297473105737596,-0.6910412412615404,-0.030040093205606817,-0.010294292840998389,-0.018550873458148393,-6.352612146855142e-05,0.021215829154774365,0.016803082790096444,-0.01159521160020255,0.061432669674168806,0.9979024173602348,7.423404215211848
103246238890803,15.435210166,20867594,-7.788414567708969,-6.145775079727173,-3.88104248046875,-0.12423636764287949,-0.027768898755311966,0.3299117088317871,26.44426918029785,0,-0.08362570405006409,-0.020606279373168945,0.0454254150390625,-0.000682532787322998,0.001776035875082016,0.0005397796630859375,103246233916955,4.974,1418103,11817.525,34,True,0.7623566389083862,1.1812083721160889,-5.190539836883545,0.714341402053833,-0.0019889113027602434,-0.6997818350791931,0.004236607812345028,1416250,0.7637673020362854,1.1645777225494385,-5.201920986175537,0.7197523222325736,0.059297473105737596,-0.6910412412615404,-0.030040093205606817,-0.009224339755394727,-0.0179704103675584,0.00027375531839859263,0.02020146120150118,0.018361522202261685,-0.010221703933748605,0.06773934045677847,0.997481705609475,8.134147758166185
103246339347357,15.535666720,20967901,-7.443312734365463,-5.982170343399048,-4.1474761962890625,-0.13671906292438507,-0.026037465780973434,0.3226165771484375,26.44426918029785,0,-0.08362570405006409,-0.020606279373168945,0.0454254150390625,-0.000682532787322998,0.001776035875082016,0.0005397796630859375,103246337155359,2.192,1418115,11817.625,34,True,0.7624452114105225,1.1810122728347778,-5.191127300262451,0.7140477299690247,-0.003679359331727028,-0.7000868320465088,0.0008778556948527694,1416250,0.7637673020362854,1.1645777225494385,-5.201920986175537,0.7197523222325736,0.059297473105737596,-0.6910412412615404,-0.030040093205606817,-0.008663573608953182,-0.017698612371785445,0.00021825382003836508,0.019706496956446322,0.021974069643322606,-0.010394219604202616,0.06662676028411228,0.9974818170153146,8.133967758903223
103246439559542,15.635878905,21068449,-6.868127912282944,-5.781015157699585,-3.7684783935546875,-0.11957226693630219,-0.020356010645627975,0.30309510231018066,26.44426918029785,0,-0.08362570405006409,-0.020606279373168945,0.0454254150390625,-0.000682532787322998,0.001776035875082016,0.0005397796630859375,103246434224283,5.335,1418127,11817.725,34,True,0.762331485748291,1.1810121536254883,-5.1924848556518555,0.7149767875671387,-0.005838719196617603,-0.6991229057312012,-0.0011389806168153882,1416250,0.7637673020362854,1.1645777225494385,-5.201920986175537,0.7197523222325736,0.059297473105737596,-0.6910412412615404,-0.030040093205606817,-0.0073222965851440485,-0.017533518412370955,0.00039032969204849454,0.019005069125532223,0.024832831669495153,-0.008873953689103153,0.06681338213484213,0.9974169415970946,8.238122907160495
103246539679249,15.735998612,21168708,-5.930607408285141,-5.652793645858765,-3.218597412109375,-0.10053549706935883,-0.02794332057237625,0.272929310798645,26.44426918029785,0,-0.08362570405006409,-0.020606279373168945,0.0454254150390625,-0.000682532787322998,0.001776035875082016,0.0005397796630859375,103246537650559,2.029,1418139,11817.825,34,True,0.7625819444656372,1.180345058441162,-5.194035530090332,0.7172154784202576,0.0003196073812432587,-0.6968465447425842,0.0026223058812320232,1416250,0.7637673020362854,1.1645777225494385,-5.201920986175537,0.7197523222325736,0.059297473105737596,-0.6910412412615404,-0.030040093205606817,-0.005860425316365839,-0.016667198533292363,0.00023297967195154103,0.017669022931798672,0.017667745665270285,-0.00609654111637725,0.06504447988877578,0.9977073211045022,7.761081646596001
103246639881869,15.836201232,21268814,-4.933579057455063,-5.4438536167144775,-2.843414306640625,-0.08639358729124069,-0.028518520295619965,0.23645544052124023,26.44426918029785,0,-0.08362570405006409,-0.020606279373168945,0.0454254150390625,-0.000682532787322998,0.001776035875082016,0.0005397796630859375,103246634167567,5.714,1418151,11817.925,34,True,0.7627378106117249,1.179718255996704,-5.1960225105285645,0.7156725525856018,-0.005794753786176443,-0.6983746290206909,0.007221207022666931,1416250,0.7637673020362854,1.1645777225494385,-5.201920986175537,0.7197523222325736,0.059297473105737596,-0.6910412412615404,-0.030040093205606817,-0.003964562001408348,-0.015790338223876547,0.00018731666107129334,0.01628151161959302,0.01871991345516422,-0.008351636127027773,0.07257775043243544,0.9971520872747547,8.650358116919673
103246740076216,15.936395579,21369048,-3.7990847527980804,-5.241424322128296,-2.5337066650390625,-0.07549651712179184,-0.03254613280296326,0.20365464687347412,26.44426918029785,0,-0.08362570405006409,-0.020606279373168945,0.0454254150390625,-0.000682532787322998,0.001776035875082016,0.0005397796630859375,103246734264654,5.812,1418163,11818.025,34,True,0.7628313302993774,1.1798431873321533,-5.197978973388672,0.7166652083396912,-0.00855180062353611,-0.6973448991775513,0.005287281237542629,1416250,0.7637673020362854,1.1645777225494385,-5.201920986175537,0.7197523222325736,0.059297473105737596,-0.6910412412615404,-0.030040093205606817,-0.002005932317374499,-0.01566512251847291,0.00017347897783989057,0.01579398375763401,0.02192621452142237,-0.006727020909066406,0.07325364877717389,0.9970495931734189,8.804717265919468
103246840201048,16.036520411,21469221,-2.829218715429306,-5.158344030380249,-2.2258148193359375,-0.06666291505098343,-0.03632805123925209,0.1697176694869995,26.44426918029785,0,-0.08362570405006409,-0.020606279373168945,0.0454254150390625,-0.000682532787322998,0.001776035875082016,0.0005397796630859375,103246833609080,6.592,1418175,11818.125,34,True,0.7628626227378845,1.179652452468872,-5.199838161468506,0.7191064953804016,-0.0052718715742230415,-0.6948500275611877,0.0064537785947322845,1416250,0.7637673020362854,1.1645777225494385,-5.201920986175537,0.7197523222325736,0.059297473105737596,-0.6910412412615404,-0.030040093205606817,-0.0001861294902048339,-0.01524193682555921,0.0002297893722077196,0.015244805198395994,0.018598781767220993,-0.0034120007560194954,0.07176882102893203,0.9972420367672702,8.512590195129407
103246940348843,16.136668206,21569026,-1.618368238210678,-4.995220422744751,-1.808563232421875,-0.054762572050094604,-0.045872483402490616,0.1373426914215088,26.44426918029785,0,-0.08362570405006409,-0.020606279373168945,0.0454254150390625,-0.000682532787322998,0.001776035875082016,0.0005397796630859375,103246934429898,5.919,1418187,11818.225,34,True,0.763110876083374,1.1796174049377441,-5.201716899871826,0.7193808555603027,-0.008540099486708641,-0.6945448517799377,0.0050743212923407555,1416250,0.7637673020362854,1.1645777225494385,-5.201920986175537,0.7197523222325736,0.059297473105737596,-0.6910412412615404,-0.030040093205606817,0.001681025633012026,-0.014961103181402488,6.431958266854814e-05,0.015055384172850914,0.02182379260425731,-0.002822779574429113,0.07317497896529075,0.9970763142534627,8.764736005137083
103247040655222,16.236974585,21669413,-0.527151495218277,-5.055360555648804,-1.6519012451171875,-0.053149785846471786,-0.0476340688765049,0.10253548622131348,26.44426918029785,0,-0.08362570405006409,-0.020606279373168945,0.0454254150390625,-0.000682532787322998,0.001776035875082016,0.0005397796630859375,103247034703865,5.951,1418199,11818.325,34,True,0.7633681893348694,1.1789541244506836,-5.204012393951416,0.7198455333709717,-0.0071999612264335155,-0.6940526962280273,0.007834546267986298,1416250,0.7637673020362854,1.1645777225494385,-5.201920986175537,0.7197523222325736,0.059297473105737596,-0.6910412412615404,-0.030040093205606817,0.0038819017398041486,-0.014005014703271822,-6.790510443546443e-05,0.014533210555811913,0.018867881854686137,-0.0023513703059625524,0.07413061383827738,0.9970672626177044,8.778299817179306
103247140901074,16.337220437,21769729,0.4207824170589447,-4.845776796340942,-1.427764892578125,-0.042600639164447784,-0.045847337692976,0.07217299938201904,26.44426918029785,0,-0.08362570405006409,-0.020606279373168945,0.0454254150390625,-0.000682532787322998,0.001776035875082016,0.0005397796630859375,103247137256130,3.645,1418211,11818.425,34,True,0.7636321783065796,1.1793180704116821,-5.206264019012451,0.7219889163970947,-0.011644062586128712,-0.6917824745178223,0.005788008216768503,1416250,0.7637673020362854,1.1645777225494385,-5.201920986175537,0.7197523222325736,0.059297473105737596,-0.6910412412615404,-0.030040093205606817,0.0061698793529213845,-0.014072274464855612,-0.00024845100314096455,0.015367434650740983,0.023212932599891108,0.001018648876914552,0.07597391907335177,0.9968390470558496,9.113623986420567
103247241177309,16.437496672,21870140,1.3468420803546906,-4.971462965011597,-1.267974853515625,-0.03992407023906708,-0.043104711920022964,0.04364347457885742,26.44426918029785,0,-0.08362570405006409,-0.020606279373168945,0.0454254150390625,-0.000682532787322998,0.001776035875082016,0.0005397796630859375,103247234474115,6.703,1418223,11818.525,34,True,0.7637919187545776,1.1790623664855957,-5.208193778991699,0.7215728759765625,-0.010374999605119228,-0.6922014951705933,0.009066525846719742,1416250,0.7637673020362854,1.1645777225494385,-5.201920986175537,0.7197523222325736,0.059297473105737596,-0.6910412412615404,-0.030040093205606817,0.00805625668893736,-0.013570227171530336,-0.000314814754391846,0.015784595200846012,0.020013580988275853,0.00019702613966943172,0.07731401248757278,0.9968058794117325,9.161338852707722
103247341378117,16.537697480,21970414,2.42692032456398,-5.058408498764038,-0.8500518798828125,-0.03107733651995659,-0.054577846080064774,0.016544222831726074,26.59029197692871,0,-0.08362570405006409,-0.020606279373168945,0.0454254150390625,-0.000682532787322998,0.001776035875082016,0.0005397796630859375,103247334680025,6.698,1418235,11818.625,34,True,0.763778805732727,1.179042935371399,-5.210206508636475,0.7228295803070068,-0.009563998319208622,-0.6909072399139404,0.00855201855301857,1416250,0.7637673020362854,1.1645777225494385,-5.201920986175537,0.7197523222325736,0.059297473105737596,-0.6910412412615404,-0.030040093205606817,0.0100483009558869,-0.01329955524668577,-0.0002141842912454297,0.01667010488180386,0.019708967339014963,0.0020031503078813406,0.07641039210330859,0.9968796296313274,9.054900722825813
103247441498082,16.637817445,22070415,3.257516533136368,-4.805885076522827,-0.59033203125,-0.019746463745832443,-0.06934642419219017,-0.010710597038269043,26.59029197692871,0,-0.08362570405006409,-0.020606279373168945,0.0454254150390625,-0.000682532787322998,0.001776035875082016,0.0005397796630859375,103247434787326,6.711,1418247,11818.725,34,True,0.764164388179779,1.179162859916687,-5.212368488311768,0.7243765592575073,-0.013532600365579128,-0.6892004609107971,0.009915352798998356,1416250,0.7637673020362854,1.1645777225494385,-5.201920986175537,0.7197523222325736,0.059297473105737596,-0.6910412412615404,-0.030040093205606817,0.012221069257959639,-0.013130842585664767,-0.0005105384373885408,0.01794531165272436,0.02132249190678367,0.004339009374887792,0.08024937903722146,0.9965372855546701,9.538967402981585
103247541610735,16.737930098,22170597,3.930425077676773,-5.109162092208862,-0.5418701171875,-0.02132856845855713,-0.07268429920077324,-0.03213191032409668,26.59029197692871,0,-0.08362570405006409,-0.020606279373168945,0.0454254150390625,-0.000682532787322998,0.001776035875082016,0.0005397796630859375,103247537597394,4.013,1418259,11818.825,34,True,0.7644151449203491,1.1791198253631592,-5.214334011077881,0.7243472337722778,-0.013872758485376835,-0.6892298460006714,0.009532028809189796,1416250,0.7637673020362854,1.1645777225494385,-5.201920986175537,0.7197523222325736,0.059297473105737596,-0.6910412412615404,-0.030040093205606817,0.014173326051195215,-0.012831117621315143,-0.0006744561571732965,0.019130489849281482,0.02183607811869889,0.004330543036516921,0.08022846423473026,0.9965278850167414,9.551914259603137
103247641714399,16.838033762,22270744,4.772120386362076,-5.061490774154663,-0.4492950439453125,-0.015909332782030106,-0.07489955052733421,-0.057247281074523926,26.59029197692871,0,-0.08362570405006409,-0.020606279373168945,0.0454254150390625,-0.000682532787322998,0.001776035875082016,0.0005397796630859375,103247633850586,7.864,1418271,11818.925,34,True,0.7646796107292175,1.179121971130371,-5.215639114379883,0.72483891248703,-0.014959417283535004,-0.6886999011039734,0.00878832209855318,1416250,0.7637673020362854,1.1645777225494385,-5.201920986175537,0.7197523222325736,0.059297473105737596,-0.6910412412615404,-0.030040093205606817,0.015477230518455022,-0.012658255128000862,-0.0008822856448280472,0.020013858082989028,0.023076094173377838,0.005128485599584064,0.08050989260992861,0.9964734565983653,9.62653413026911
103247742279570,16.938598933,22370783,5.426396757364273,-5.007230043411255,0.0309295654296875,-0.004695326089859009,-0.08008132502436638,-0.07912731170654297,26.59029197692871,0,-0.08362570405006409,-0.020606279373168945,0.0454254150390625,-0.000682532787322998,0.001776035875082016,0.0005397796630859375,103247742047679,0.232,1418284,11819.033333333333,34,True,0.764751136302948,1.1789720058441162,-5.217154502868652,0.7256216406822205,-0.018813572824001312,-0.6877713799476624,0.00948733277618885,1416250,0.7637673020362854,1.1645777225494385,-5.201920986175537,0.7197523222325736,0.059297473105737596,-0.6910412412615404,-0.030040093205606817,0.01696295830650251,-0.012316757485152383,-0.0008825433784914197,0.020981500238808445,0.025157785634809058,0.00641201737186431,0.08378548879633672,0.9961455534821881,10.064407985805154
103247842397107,17.038716470,22471468,5.939049154520035,-4.868934392929077,0.3404541015625,0.007922202348709106,-0.0814056508243084,-0.09522128105163574,26.59029197692871,0,-0.08362570405006409,-0.020606279373168945,0.0454254150390625,-0.000682532787322998,0.001776035875082016,0.0005397796630859375,103247841432470,0.965,1418296,11819.133333333333,34,True,0.7651053071022034,1.1792576313018799,-5.217700481414795,0.7253889441490173,-0.019026001915335655,-0.688042938709259,0.006776812952011824,1416250,0.7637673020362854,1.1645777225494385,-5.201920986175537,0.7197523222325736,0.059297473105737596,-0.6910412412615404,-0.030040093205606817,0.017553788596377972,-0.012515976781610465,-0.0012236337924585673,0.021593574241940312,0.02727857964820082,0.006222868044948426,0.08205966679760636,0.9962345939038345,9.947407408117169
103247943095195,17.139414558,22571200,6.22829857468605,-5.021319627761841,0.4056243896484375,0.006086379289627075,-0.08567039296030998,-0.10414564609527588,26.59029197692871,0,-0.08362570405006409,-0.020606279373168945,0.0454254150390625,-0.000682532787322998,0.001776035875082016,0.0005397796630859375,103247942782001,0.313,1418308,11819.233333333334,34,True,0.7649067044258118,1.1788607835769653,-5.217873573303223,0.7267912030220032,-0.015756290405988693,-0.6866231560707092,0.008656874299049377,1416250,0.7637673020362854,1.1645777225494385,-5.201920986175537,0.7197523222325736,0.059297473105737596,-0.6910412412615404,-0.030040093205606817,0.017667480142357486,-0.012109672477873961,-0.0010025388200661026,0.02144269353853927,0.023539583593152412,0.008004073601546424,0.08104598864760142,0.9964002060086976,9.726057140494612
103248043354982,17.239674345,22672047,6.3811449110507965,-4.857650518417358,0.448883056640625,0.008290618658065796,-0.08577275648713112,-0.10606861114501953,26.59029197692871,0,-0.08362570405006409,-0.020606279373168945,0.0454254150390625,-0.000682532787322998,0.001776035875082016,0.0005397796630859375,103248042467383,0.888,1418320,11819.333333333334,34,True,0.7649520039558411,1.1786553859710693,-5.217851161956787,0.7269573211669922,-0.01694321818649769,-0.686414897441864,0.008977497927844524,1416250,0.7637673020362854,1.1645777225494385,-5.201920986175537,0.7197523222325736,0.059297473105737596,-0.6910412412615404,-0.030040093205606817,0.01762092240617353,-0.011906909859428183,-0.0010407774149693335,0.021292125926559016,0.024111690463689474,0.008285405917060618,0.08212544056350392,0.996295834802105,9.86613261646671
103248143472719,17.339792082,22772379,6.168091684579849,-4.882231950759888,0.2735137939453125,0.0033601894974708557,-0.08387666568160057,-0.10015904903411865,26.59029197692871,0,-0.08362570405006409,-0.020606279373168945,0.0454254150390625,-0.000682532787322998,0.001776035875082016,0.0005397796630859375,103248142992453,0.480,1418332,11819.433333333332,34,True,0.7648910880088806,1.1785733699798584,-5.2175774574279785,0.7264286279678345,-0.018970314413309097,-0.6869169473648071,0.009312166832387447,1416250,0.7637673020362854,1.1645777225494385,-5.201920986175537,0.7197523222325736,0.059297473105737596,-0.6910412412615404,-0.030040093205606817,0.017336913853110293,-0.011862556227261015,-0.0009885908113315997,0.021030124440605338,0.02531727101488205,0.007599754636024192,0.08379944893369981,0.9961319851687525,10.082118061778663
103248243661434,17.439980797,22872446,5.720941931009293,-4.666640520095825,0.378814697265625,0.008726365864276886,-0.08295440301299095,-0.08910572528839111,26.59029197692871,0,-0.08362570405006409,-0.020606279373168945,0.0454254150390625,-0.000682532787322998,0.001776035875082016,0.0005397796630859375,103248242796615,0.865,1418344,11819.533333333333,34,True,0.7647782564163208,1.1784723997116089,-5.216569900512695,0.7256836295127869,-0.014536046423017979,-0.687842071056366,0.006726852152496576,1416250,0.7637673020362854,1.1645777225494385,-5.201920986175537,0.7197523222325736,0.059297473105737596,-0.6910412412615404,-0.030040093205606817,0.01632114284290999,-0.011893567868784457,-0.0009154851767222074,0.020215706108292434,0.024191033042474178,0.006439167010019951,0.07880493117337861,0.9965756939998657,9.485886347248599
103248343935344,17.540254707,22972580,5.4497202932834625,-4.759157419204712,0.28570556640625,0.0002572163939476013,-0.08845669403672218,-0.07610964775085449,26.59029197692871,0,-0.08362570405006409,-0.020606279373168945,0.0454254150390625,-0.000682532787322998,0.001776035875082016,0.0005397796630859375,103248343224551,0.711,1418356,11819.633333333333,34,True,0.7647295594215393,1.178316593170166,-5.216187953948975,0.7254498600959778,-0.01537769753485918,-0.6880438923835754,0.009041107259690762,1416250,0.7637673020362854,1.1645777225494385,-5.201920986175537,0.7197523222325736,0.059297473105737596,-0.6910412412615404,-0.030040093205606817,0.015920946064659235,-0.011789091657630618,-0.0008773077858233441,0.019829999360990166,0.023125946735875497,0.006020414766541471,0.0810021531609093,0.9964274165120635,9.689206237844637
103248444245653,17.640565016,23073099,5.124533087015152,-4.632527589797974,0.02777099609375,0.0004844740033149719,-0.08234760537743568,-0.06409919261932373,26.59029197692871,0,-0.08362570405006409,-0.020606279373168945,0.0454254150390625,-0.000682532787322998,0.001776035875082016,0.0005397796630859375,103248442480026,1.766,1418368,11819.733333333334,34,True,0.7646678686141968,1.177985429763794,-5.216082572937012,0.7251856327056885,-0.01631638966500759,-0.6883029937744141,0.008863130584359169,1416250,0.7637673020362854,1.1645777225494385,-5.201920986175537,0.7197523222325736,0.059297473105737596,-0.6910412412615404,-0.030040093205606817,0.01577213844512913,-0.011476752770819266,-0.0008074448681339216,0.01952250425816073,0.023926023697170427,0.005690086240614234,0.08154691004553952,0.9963660320236944,9.772142227226775
103248544463534,17.740782897,23173309,4.725581556558609,-4.551070928573608,-0.4314117431640625,-0.013044562190771103,-0.06796038523316383,-0.05520749092102051,26.59029197692871,0,-0.08362570405006409,-0.020606279373168945,0.0454254150390625,-0.000682532787322998,0.001776035875082016,0.0005397796630859375,103248542585825,1.878,1418380,11819.833333333334,34,True,0.7645971775054932,1.1776772737503052,-5.215506553649902,0.7250908017158508,-0.016720153391361237,-0.6883983016014099,0.008460686542093754,1416250,0.7637673020362854,1.1645777225494385,-5.201920986175537,0.7197523222325736,0.059297473105737596,-0.6910412412615404,-0.030040093205606817,0.015159414838511336,-0.011246534969924296,-0.0007497809568427451,0.01889059497631167,0.024503200797102123,0.005591948970677663,0.08155665242261467,0.9963517630350353,9.791320534319985
103248644588975,17.840908338,23273470,4.526884943246841,-4.2999427318573,-0.5394287109375,-0.009596258401870728,-0.06550874188542366,-0.0462956428527832,26.59029197692871,0,-0.08362570405006409,-0.020606279373168945,0.0454254150390625,-0.000682532787322998,0.001776035875082016,0.0005397796630859375,103248643214314,1.375,1418392,11819.933333333332,34,True,0.7644845247268677,1.1772301197052002,-5.215351104736328,0.7247545123100281,-0.018557056784629822,-0.6887165904045105,0.007485039532184601,1416250,0.7637673020362854,1.1645777225494385,-5.201920986175537,0.7197523222325736,0.059297473105737596,-0.6910412412615404,-0.030040093205606817,0.014944332629996906,-0.0108277330489188,-0.0006267104572912391,0.018465255122307865,0.026503776899054518,0.005243504185707015,0.08219417604769645,0.9962500554066634,9.926950579606032
103248744802107,17.941121470,23373627,4.450138956308365,-3.9779016971588135,-0.453369140625,-0.004625849425792694,-0.060664210468530655,-0.04296708106994629,26.59029197692871,0,-0.08362570405006409,-0.020606279373168945,0.0454254150390625,-0.000682532787322998,0.001776035875082016,0.0005397796630859375,103248743127914,1.674,1418404,11820.033333333333,34,True,0.76454097032547,1.1773104667663574,-5.215366363525391,0.724831223487854,-0.01826166734099388,-0.6886310577392578,0.008574008010327816,1416250,0.7637673020362854,1.1645777225494385,-5.201920986175537,0.7197523222325736,0.059297473105737596,-0.6910412412615404,-0.030040093205606817,0.01497179005684086,-0.010902985077853282,-0.0006855135893012028,0.01853373977358932,0.02550848671579793,0.005284630493186837,0.08273607016851688,0.9962309634211792,9.95220475195971
103248844865901,18.041185264,23473891,4.271849542856216,-4.184099912643433,-0.89129638671875,-0.022481534630060196,-0.053939659148454666,-0.03950703144073486,26.59029197692871,0,-0.08362570405006409,-0.020606279373168945,0.0454254150390625,-0.000682532787322998,0.001776035875082016,0.0005397796630859375,103248841235501,3.630,1418416,11820.133333333333,34,True,0.7646055221557617,1.1778630018234253,-5.215123176574707,0.7250367403030396,-0.015069675631821156,-0.6884839534759521,0.009197923354804516,1416250,0.7637673020362854,1.1645777225494385,-5.201920986175537,0.7197523222325736,0.059297473105737596,-0.6910412412615404,-0.030040093205606817,0.01480329439026441,-0.011478253492326446,-0.0007818322412866121,0.018748308982210988,0.02283872668075701,0.005399645152942112,0.08087754205392653,0.9964477204485639,9.661617477556387
103248945175204,18.141494567,23573619,4.330349832773209,-4.512760400772095,-0.6227874755859375,-0.013905040919780731,-0.058163199573755264,-0.03899800777435303,26.59029197692871,0,-0.08362570405006409,-0.020606279373168945,0.0454254150390625,-0.000682532787322998,0.001776035875082016,0.0005397796630859375,103248943063995,2.111,1418428,11820.233333333334,34,True,0.7646067142486572,1.1788513660430908,-5.214833736419678,0.7247267961502075,-0.014541065320372581,-0.6887992024421692,0.010739797726273537,1416250,0.7637673020362854,1.1645777225494385,-5.201920986175537,0.7197523222325736,0.059297473105737596,-0.6910412412615404,-0.030040093205606817,0.01464184864174248,-0.01249406807835823,-0.00083376346727991,0.019266048642981176,0.021391672550695906,0.004851251231871856,0.08155366633797008,0.9964275494052763,9.689025918838553
103249045290161,18.241609524,23674196,4.215601354837418,-5.023579359054565,-1.0230712890625,-0.020641889423131943,-0.0462019257247448,-0.03631019592285156,26.59029197692871,0,-0.08362570405006409,-0.020606279373168945,0.0454254150390625,-0.000682532787322998,0.001776035875082016,0.0005397796630859375,103249042959807,2.330,1418440,11820.333333333334,34,True,0.7645559310913086,1.1805012226104736,-5.214763641357422,0.72468501329422,-0.016235414892435074,-0.6888449788093567,0.007786085829138756,1416250,0.7637673020362854,1.1645777225494385,-5.201920986175537,0.7197523222325736,0.059297473105737596,-0.6910412412615404,-0.030040093205606817,0.014779775191782302,-0.014140346612198722,-0.0008499559213640901,0.020472263726833077,0.024692449347244884,0.005015476152970877,0.08073094204005983,0.9964174039736146,9.702782350830697
103249145477764,18.341797127,23774395,4.111228376626968,-5.61443829536438,-0.6800689697265625,-0.0033263973891735077,-0.048061881214380264,-0.03492999076843262,26.59029197692871,0,-0.08362570405006409,-0.020606279373168945,0.0454254150390625,-0.000682532787322998,0.001776035875082016,0.0005397796630859375,103249143469161,2.009,1418452,11820.433333333332,34,True,0.764584481716156,1.1832133531570435,-5.214644908905029,0.7249438166618347,-0.02016466110944748,-0.6885128021240234,-1.387328484270256e-05,1416250,0.7637673020362854,1.1645777225494385,-5.201920986175537,0.7197523222325736,0.059297473105737596,-0.6910412412615404,-0.030040093205606817,0.015007276717845582,-0.01684212277066828,-0.00098856789859486,0.022579918520632118,0.032994286826355905,0.006013957555699889,0.07817429870627544,0.9963754254161032,9.7594964690821
103249245597279,18.441916642,23874595,3.9875241816043854,-6.579152345657349,-1.292724609375,-0.016663983464241028,-0.03355512395501137,-0.03721320629119873,26.59029197692871,0,-0.08362570405006409,-0.020606279373168945,0.0454254150390625,-0.000682532787322998,0.001776035875082016,0.0005397796630859375,103249241860899,3.736,1418464,11820.533333333333,34,True,0.7646902799606323,1.1845059394836426,-5.214323043823242,0.7246600389480591,-0.015972046181559563,-0.6889030337333679,0.005035467445850372,1416250,0.7637673020362854,1.1645777225494385,-5.201920986175537,0.7197523222325736,0.059297473105737596,-0.6910412412615404,-0.030040093205606817,0.014856254008303933,-0.018158944443421747,-0.001158104427073441,0.023490354452892603,0.02649440691438782,0.005111625683515808,0.07864085256871828,0.9965377734899925,9.538294917197343
103249345846233,18.542165596,23974706,3.8940726816654205,-7.130378007888794,-1.25579833984375,-0.007919825613498688,-0.03521660715341568,-0.031017065048217773,26.59029197692871,0,-0.08362570405006409,-0.020606279373168945,0.0454254150390625,-0.000682532787322998,0.001776035875082016,0.0005397796630859375,103249344801165,1.045,1418476,11820.633333333333,34,True,0.7647085189819336,1.186668872833252,-5.21417760848999,0.7243627309799194,-0.01977839320898056,-0.6891342401504517,0.0012096103746443987,1416250,0.7637673020362854,1.1645777225494385,-5.201920986175537,0.7197523222325736,0.059297473105737596,-0.6910412412615404,-0.030040093205606817,0.014987216639175335,-0.02032017195636512,-0.0012663134817795518,0.025281012652976505,0.03190106039653648,0.0050809689604457975,0.07872597087181993,0.996372785462494,9.763052130350822
103249446075282,18.642394645,24075098,3.7664977610111237,-7.9408581256866455,-1.199951171875,-0.008815944194793701,-0.0318961925804615,-0.02857959270477295,26.59029197692871,0,-0.08362570405006409,-0.020606279373168945,0.0454254150390625,-0.000682532787322998,0.001776035875082016,0.0005397796630859375,103249442434908,3.640,1418488,11820.733333333334,34,True,0.7646482586860657,1.1888495683670044,-5.213797569274902,0.7247434258460999,-0.021437600255012512,-0.6886833310127258,-0.001634381478652358,1416250,0.7637673020362854,1.1645777225494385,-5.201920986175537,0.7197523222325736,0.059297473105737596,-0.6910412412615404,-0.030040093205606817,0.014884920342719777,-0.02253181784968231,-0.001306958647485622,0.027036120471077445,0.03505643689242177,0.005887071998526061,0.07796390259692894,0.9963222463177004,9.830874174089423
103249546209022,18.742528385,24175256,3.6687091886997223,-8.62952208518982,-1.554901123046875,-0.01751965656876564,-0.019084639847278595,-0.02392578125,26.59029197692871,0,-0.08362570405006409,-0.020606279373168945,0.0454254150390625,-0.000682532787322998,0.001776035875082016,0.0005397796630859375,103249543746924,2.462,1418500,11820.833333333334,34,True,0.764850914478302,1.1898841857910156,-5.213994979858398,0.7248705625534058,-0.020950615406036377,-0.6885647773742676,0.0015601628692820668,1416250,0.7637673020362854,1.1645777225494385,-5.201920986175537,0.7197523222325736,0.059297473105737596,-0.6910412412615404,-0.030040093205606817,0.015219540604411563,-0.023523692320897557,-0.0015408129535987003,0.028060160747500444,0.0324097781438818,0.005856200070034344,0.07982492786829697,0.9962646696998871,9.907575945618321
103249646303293,18.842622656,24275394,3.6108337938785553,-9.133954763412476,-1.848358154296875,-0.023955650627613068,-0.010989483445882797,-0.02000904083251953,26.59029197692871,0,-0.08362570405006409,-0.020606279373168945,0.0454254150390625,-0.000682532787322998,0.001776035875082016,0.0005397796630859375,103249642567199,3.736,1418512,11820.933333333332,34,True,0.7648774981498718,1.1915283203125,-5.214553356170654,0.7248957753181458,-0.0286893118172884,-0.6882609128952026,-0.000295242149149999,1416250,0.7637673020362854,1.1645777225494385,-5.201920986175537,0.7197523222325736,0.059297473105737596,-0.6910412412615404,-0.030040093205606817,0.015982610066931687,-0.02508222489069546,-0.001606921551130594,0.029784963100371584,0.03907419258897827,0.006434822289106524,0.08410507842096926,0.9956696923776629,10.668020565985518
103249746527659,18.942847022,24375394,3.670987516641617,-9.786067724227905,-1.52691650390625,-0.011593345552682877,-0.010640379041433334,-0.019517898559570312,26.59029197692871,0,-0.08362570405006409,-0.020606279373168945,0.0454254150390625,-0.000682532787322998,0.001776035875082016,0.0005397796630859375,103249745609985,0.918,1418524,11821.033333333333,34,True,0.7649294137954712,1.1933996677398682,-5.214076042175293,0.7256425619125366,-0.029742272570729256,-0.6873198747634888,-0.01223746221512556,1416250,0.7637673020362854,1.1645777225494385,-5.201920986175537,0.7197523222325736,0.059297473105737596,-0.6910412412615404,-0.030040093205606817,0.015748896953739922,-0.02699451702667941,-0.0017517733571925116,0.03130176376273664,0.048319038074552394,0.008367971543031148,0.07662639838726028,0.9958532234631777,10.439342183956185
103249846593314,19.042912677,24475648,3.7450734674930573,-10.105437994003296,-1.352508544921875,-0.010201975703239441,-0.017552852630615234,-0.02641439437866211,26.59029197692871,0,-0.08362570405006409,-0.020606279373168945,0.0454254150390625,-0.000682532787322998,0.001776035875082016,0.0005397796630859375,103249842387989,4.205,1418536,11821.133333333333,34,True,0.7647476196289062,1.1939823627471924,-5.213932991027832,0.7257137298583984,-0.02444223128259182,-0.6875280737876892,-0.0068815648555755615,1416250,0.7637673020362854,1.1645777225494385,-5.201920986175537,0.7197523222325736,0.059297473105737596,-0.6910412412615404,-0.030040093205606817,0.01567414749193711,-0.02759794225447243,-0.0015990097038890096,0.031778642958964196,0.0408117805186176,0.007790495096805128,0.076523303545531,0.9962017319657326,9.990747658546532
103249946837578,19.143156941,24575334,3.7004293501377106,-10.522311925888062,-1.6234130859375,-0.013889022171497345,-0.006793620064854622,-0.02567756175994873,26.59029197692871,0,-0.08362570405006409,-0.020606279373168945,0.0454254150390625,-0.000682532787322998,0.001776035875082016,0.0005397796630859375,103249943546364,3.291,1418548,11821.233333333334,34,True,0.7649117112159729,1.1950111389160156,-5.214148044586182,0.7250121235847473,-0.027316667139530182,-0.6881425380706787,-0.008434961549937725,1416250,0.7637673020362854,1.1645777225494385,-5.201920986175537,0.7197523222325736,0.059297473105737596,-0.6910412412615404,-0.030040093205606817,0.016024052992185435,-0.028583508943117404,-0.0017933777325688112,0.03281773090098268,0.04397370682788472,0.007041854855935614,0.07749557805610574,0.995997570664584,10.255915206939719
103250046924853,19.243244216,24675913,3.868394523859024,-10.892310857772827,-1.6817779541015625,-0.017165139317512512,-0.002519676461815834,-0.03125500679016113,26.59029197692871,0,-0.08362570405006409,-0.020606279373168945,0.0454254150390625,-0.000682532787322998,0.001776035875082016,0.0005397796630859375,103250042961562,3.963,1418560,11821.333333333334,34,True,0.7649339437484741,1.195692777633667,-5.214390754699707,0.7252236604690552,-0.026460805907845497,-0.6879580020904541,-0.008017760701477528,1416250,0.7637673020362854,1.1645777225494385,-5.201920986175537,0.7197523222325736,0.059297473105737596,-0.6910412412615404,-0.030040093205606817,0.016351952532114862,-0.029227762645478356,-0.001831494458800196,0.0335410618917406,0.04306469418859677,0.00727040683930591,0.07717487507754135,0.9960605463301915,10.174856694579542
103250147134409,19.343453772,24776069,4.078725963830948,-11.114925146102905,-1.258758544921875,-0.004355989396572113,-0.000829990953207016,-0.03611016273498535,26.59029197692871,0,-0.08362570405006409,-0.020606279373168945,0.0454254150390625,-0.000682532787322998,0.001776035875082016,0.0005397796630859375,103250143464348,3.670,1418572,11821.433333333332,34,True,0.7649763822555542,1.1967841386795044,-5.214718818664551,0.7256777882575989,-0.028634725138545036,-0.6874019503593445,-0.007107083220034838,1416250,0.7637673020362854,1.1645777225494385,-5.201920986175537,0.7197523222325736,0.059297473105737596,-0.6910412412615404,-0.030040093205606817,0.016817204263367472,-0.030266545994186312,-0.001901963638567206,0.0346770764531333,0.04386488259230345,0.007995750756248032,0.07937909406936755,0.9958468253048428,10.4473982110718
103250247250040,19.443569403,24876182,4.233803182840347,-11.445436239242554,-1.24615478515625,-0.00024355947971343994,0.00961470790207386,-0.04432940483093262,26.59029197692871,0,-0.08362570405006409,-0.020606279373168945,0.0454254150390625,-0.000682532787322998,0.001776035875082016,0.0005397796630859375,103250241837414,5.413,1418584,11821.533333333333,34,True,0.7651410102844238,1.1980210542678833,-5.214813232421875,0.7251213192939758,-0.02945777215063572,-0.6878781318664551,-0.012450444512069225,1416250,0.7637673020362854,1.1645777225494385,-5.201920986175537,0.7197523222325736,0.059297473105737596,-0.6910412412615404,-0.030040093205606817,0.017073960665278713,-0.03147349293892067,-0.0021101264136022873,0.035868558990530354,0.048324494163694026,0.007610047747309945,0.07626031342023967,0.9958871397071828,10.396533717512073
103250347431557,19.543750920,24976397,4.516773611307144,-11.878633260726929,-1.171905517578125,0.002638794481754303,0.005788750946521759,-0.05012547969818115,26.59029197692871,0,-0.08362570405006409,-0.020606279373168945,0.0454254150390625,-0.000682532787322998,0.001776035875082016,0.0005397796630859375,103250345679159,1.752,1418596,11821.633333333333,34,True,0.7649248242378235,1.1981967687606812,-5.214718341827393,0.726226806640625,-0.026376642286777496,-0.6868451833724976,-0.01194771472364664,1416250,0.7637673020362854,1.1645777225494385,-5.201920986175537,0.7197523222325736,0.059297473105737596,-0.6910412412615404,-0.030040093205606817,0.01699400809750386,-0.031669012446618156,-0.0019051973437730933,0.03599100495236,0.04573900231088001,0.008995083536479431,0.07442458799166116,0.9961365432720801,10.076172048774898
103250447551647,19.643871010,25076391,4.682302385568619,-11.951060056686401,-0.9277496337890625,0.010145813226699829,0.005192628130316734,-0.05216681957244873,26.59029197692871,0,-0.08362570405006409,-0.020606279373168945,0.0454254150390625,-0.000682532787322998,0.001776035875082016,0.0005397796630859375,103250441913991,5.638,1418608,11821.733333333334,34,True,0.7650402188301086,1.1984275579452515,-5.215097427368164,0.7273250222206116,-0.023751886561512947,-0.6857653260231018,-0.012652485631406307,1416250,0.7637673020362854,1.1645777225494385,-5.201920986175537,0.7197523222325736,0.059297473105737596,-0.6910412412615404,-0.030040093205606817,0.017403409889385164,-0.03184524275959445,-0.0020129862878162973,0.03634625532280304,0.04433542843180502,0.010494169515676001,0.0720810761071893,0.9963576469617595,9.783416756470254
103250547795337,19.744114700,25176710,4.7271226942539215,-11.921013593673706,-0.902587890625,0.01218462735414505,0.014522260054945946,-0.05860400199890137,26.59029197692871,0,-0.08362570405006409,-0.020606279373168945,0.0454254150390625,-0.000682532787322998,0.001776035875082016,0.0005397796630859375,103250545993583,1.802,1418620,11821.833333333334,34,True,0.7652391195297241,1.198298454284668,-5.215188026428223,0.7273262143135071,-0.023690780624747276,-0.6857319474220276,-0.014388864859938622,1416250,0.7637673020362854,1.1645777225494385,-5.201920986175537,0.7197523222325736,0.059297473105737596,-0.6910412412615404,-0.030040093205606817,0.01748436757878089,-0.031697217270347765,-0.0022026484617679557,0.0362666286351473,0.04554094937193499,0.010620144843359826,0.0708362529371966,0.9963912182088049,9.738198660403787
103250647956839,19.844276202,25277036,4.790740877389908,-11.665616750717163,-0.9901275634765625,0.014242596924304962,0.01621296815574169,-0.061009764671325684,26.59029197692871,0,-0.08362570405006409,-0.020606279373168945,0.0454254150390625,-0.000682532787322998,0.001776035875082016,0.0005397796630859375,103250642645433,5.311,1418632,11821.933333333332,34,True,0.7652718424797058,1.198509693145752,-5.2151899337768555,0.7272629141807556,-0.020636359229683876,-0.6858509182929993,-0.016475556418299675,1416250,0.7637673020362854,1.1645777225494385,-5.201920986175537,0.7197523222325736,0.059297473105737596,-0.6910412412615404,-0.030040093205606817,0.01751429938443179,-0.03190491596820574,-0.002243411481589216,0.03646515104783612,0.044941072983959385,0.010522752117351875,0.06719565269888833,0.9966716188922495,9.35200395302568
103250748205193,19.944524556,25376900,4.776976019144058,-11.638268232345581,-0.9741363525390625,0.010625578463077545,0.01249040849506855,-0.06348288059234619,26.59029197692871,0,-0.08362570405006409,-0.020606279373168945,0.0454254150390625,-0.000682532787322998,0.001776035875082016,0.0005397796630859375,103250746221524,1.984,1418644,11822.033333333333,34,True,0.7650434374809265,1.1971914768218994,-5.215218544006348,0.7262668609619141,-0.024440700188279152,-0.6868571639060974,-0.012897137552499771,1416250,0.7637673020362854,1.1645777225494385,-5.201920986175537,0.7197523222325736,0.059297473105737596,-0.6910412412615404,-0.030040093205606817,0.017366751882059477,-0.030604780595120198,-0.0019631269629912565,0.03524358854715685,0.04508404648692588,0.009012282897416513,0.07237783961924453,0.9963170458450427,9.837826588322043
103250848293942,20.044613305,25477341,4.794729620218277,-11.393946409225464,-0.6080322265625,0.02078404277563095,0.006662292405962944,-0.06411457061767578,26.59029197692871,0,-0.08362570405006409,-0.020606279373168945,0.0454254150390625,-0.000682532787322998,0.001776035875082016,0.0005397796630859375,103250840922240,7.372,1418656,11822.133333333333,34,True,0.7651845812797546,1.1975752115249634,-5.215100288391113,0.7257934808731079,-0.027653826400637627,-0.6871515512466431,-0.016788937151432037,1416250,0.7637673020362854,1.1645777225494385,-5.201920986175537,0.7197523222325736,0.059297473105737596,-0.6910412412615404,-0.030040093205606817,0.017303572797516827,-0.03099374149100416,-0.0021239874912981718,0.03556032854225827,0.05013725699333686,0.008800568109719242,0.07198187264419498,0.9961061266113994,10.115784378688351
103250948482211,20.144801574,25577238,4.759404093027115,-11.260270833969116,-0.41796875,0.02497129887342453,-0.004177568480372429,-0.061107754707336426,26.59029197692871,0,-0.08362570405006409,-0.020606279373168945,0.0454254150390625,-0.000682532787322998,0.001776035875082016,0.0005397796630859375,103250943632374,4.850,1418668,11822.233333333334,34,True,0.7649102210998535,1.1967276334762573,-5.214995861053467,0.7261607050895691,-0.026080073788762093,-0.6869392991065979,-0.011179371736943722,1416250,0.7637673020362854,1.1645777225494385,-5.201920986175537,0.7197523222325736,0.059297473105737596,-0.6910412412615404,-0.030040093205606817,0.01708213099077648,-0.030178755881264247,-0.0018217804299046547,0.03472571654641227,0.04498861200885367,0.008827195053330796,0.07474099776168582,0.9961485274147601,10.060522097938636
103251048583898,20.244903261,25677536,4.6363305151462555,-11.089627981185913,-0.596221923828125,0.02180492877960205,-0.006557723507285118,-0.057032227516174316,26.59029197692871,0,-0.08362570405006409,-0.020606279373168945,0.0454254150390625,-0.000682532787322998,0.001776035875082016,0.0005397796630859375,103251043272373,5.312,1418680,11822.333333333334,34,True,0.765064001083374,1.196448802947998,-5.2149481773376465,0.725032389163971,-0.02826238051056862,-0.6880416870117188,-0.01131183747202158,1416250,0.7637673020362854,1.1645777225494385,-5.201920986175537,0.7197523222325736,0.059297473105737596,-0.6910412412615404,-0.030040093205606817,0.017005316982735823,-0.029901617400059057,-0.001966564247989954,0.034455114333931766,0.04669128355609813,0.007327447889540371,0.07618639096417708,0.9959728241167847,10.28759315252614
103251148785013,20.345104376,25777728,4.719506651163101,-10.95622992515564,-0.4693603515625,0.023444846272468567,-0.013913221657276154,-0.05298960208892822,26.59029197692871,0,-0.08362570405006409,-0.020606279373168945,0.0454254150390625,-0.000682532787322998,0.001776035875082016,0.0005397796630859375,103251142418674,6.366,1418692,11822.433333333332,34,True,0.7649797201156616,1.1964647769927979,-5.214916706085205,0.7253109216690063,-0.02852490171790123,-0.687741756439209,-0.011029127985239029,1416250,0.7637673020362854,1.1645777225494385,-5.201920986175537,0.7197523222325736,0.059297473105737596,-0.6910412412615404,-0.030040093205606817,0.016972956045299872,-0.029925085351307425,-0.0018844002878340162,0.034454940641996536,0.04664306532446291,0.007726923566020226,0.07657821450857481,0.9959420144627003,10.326897016846138
103251248972647,20.445292010,25878031,4.587193876504898,-10.89166808128357,-0.477081298828125,0.0186065211892128,-0.017593495547771454,-0.0524601936340332,26.59029197692871,0,-0.08362570405006409,-0.020606279373168945,0.0454254150390625,-0.000682532787322998,0.001776035875082016,0.0005397796630859375,103251244037918,4.935,1418704,11822.533333333333,34,True,0.7650296688079834,1.1963543891906738,-5.214700222015381,0.7251578569412231,-0.026435917243361473,-0.6879810690879822,-0.011368708685040474,1416250,0.7637673020362854,1.1645777225494385,-5.201920986175537,0.7197523222325736,0.059297473105737596,-0.6910412412615404,-0.030040093205606817,0.01674626520958578,-0.02984058638620199,-0.00193932643014749,0.034273298372710426,0.04546269346006348,0.0074062866542338734,0.0748381111902216,0.9961312903100835,10.083024192699842
103251349204502,20.545523865,25978139,4.515791326761246,-10.803711652755737,-0.384857177734375,0.026999756693840027,-0.012813929468393326,-0.05050396919250488,26.59029197692871,0,-0.08362570405006409,-0.020606279373168945,0.0454254150390625,-0.000682532787322998,0.001776035875082016,0.0005397796630859375,103251343445782,5.759,1418716,11822.633333333333,34,True,0.7650179266929626,1.1962294578552246,-5.214796543121338,0.7251349687576294,-0.025934556499123573,-0.6880171298980713,-0.011800406500697136,1416250,0.7637673020362854,1.1645777225494385,-5.201920986175537,0.7197523222325736,0.059297473105737596,-0.6910412412615404,-0.030040093205606817,0.0168254423322573,-0.0297052147812868,-0.0019186145223836749,0.03419322120777739,0.04542977001691283,0.007375052160268956,0.07417865435866033,0.9961823486889245,10.016223752810431
103251450531448,20.646850811,26078414,4.730338484048843,-10.713459730148315,-0.4733428955078125,0.0245371013879776,-0.014398142695426941,-0.05608952045440674,26.59029197692871,0,-0.08362570405006409,-0.020606279373168945,0.0454254150390625,-0.000682532787322998,0.001776035875082016,0.0005397796630859375,103251450227949,0.303,1418729,11822.741666666667,34,True,0.7650391459465027,1.1955106258392334,-5.214816093444824,0.7256325483322144,-0.023866118863224983,-0.6875518560409546,-0.012660497799515724,1416250,0.7637673020362854,1.1645777225494385,-5.201920986175537,0.7197523222325736,0.059297473105737596,-0.6910412412615404,-0.030040093205606817,0.01675442137734056,-0.028989357309605557,-0.0019111283161308385,0.03353723131616837,0.044576912738908236,0.008042647701605064,0.07211106564497108,0.9963675069371554,9.770157720722583
103251550829508,20.747148871,26179554,4.7214721739292145,-10.56881308555603,-0.2979583740234375,0.031550370156764984,-0.011797595769166946,-0.05641734600067139,26.59029197692871,0,-0.08362570405006409,-0.020606279373168945,0.0454254150390625,-0.000682532787322998,0.001776035875082016,0.0005397796630859375,103251550724843,0.105,1418741,11822.841666666667,34,True,0.7649590373039246,1.1958779096603394,-5.214822769165039,0.7258085608482361,-0.023800455033779144,-0.6874048113822937,-0.010490925051271915,1416250,0.7637673020362854,1.1645777225494385,-5.201920986175537,0.7197523222325736,0.059297473105737596,-0.6910412412615404,-0.030040093205606817,0.016804602690956703,-0.02935607164391078,-0.0018450844073948655,0.03387591992011056,0.042955975952796065,0.00813949288526744,0.07356909049748989,0.9963313312893888,9.818716863214066
103251650970286,20.847289649,26280012,4.505700021982193,-10.674699544906616,-0.5845947265625,0.017240747809410095,-0.003540780395269394,-0.05314302444458008,26.59029197692871,0,-0.08362570405006409,-0.020606279373168945,0.0454254150390625,-0.000682532787322998,0.001776035875082016,0.0005397796630859375,103251650267124,0.703,1418753,11822.941666666666,34,True,0.7649309635162354,1.19560968875885,-5.2143120765686035,0.7256481051445007,-0.02136453613638878,-0.6876108050346375,-0.013030817732214928,1416250,0.7637673020362854,1.1645777225494385,-5.201920986175537,0.7197523222325736,0.059297473105737596,-0.6910412412615404,-0.030040093205606817,0.01626331222082515,-0.02915538895429378,-0.0018286953062036618,0.03343465501528508,0.0431177825952854,0.007957780654630986,0.07005733240161874,0.996578898395851,9.481444423529924
103251751087381,20.947406744,26380337,4.458631902933121,-10.606523275375366,-0.4357452392578125,0.019774146378040314,-0.009300891309976578,-0.05005776882171631,26.59029197692871,0,-0.08362570405006409,-0.020606279373168945,0.0454254150390625,-0.000682532787322998,0.001776035875082016,0.0005397796630859375,103251750610790,0.477,1418765,11823.041666666666,34,True,0.7649112343788147,1.195320963859558,-5.214199066162109,0.725246250629425,-0.02198183909058571,-0.6879968047142029,-0.013967345468699932,1416250,0.7637673020362854,1.1645777225494385,-5.201920986175537,0.7197523222325736,0.059297473105737596,-0.6910412412615404,-0.030040093205606817,0.016113916848606955,-0.028884229067556753,-0.001802695365914183,0.033124110789773634,0.04425339342595568,0.007476336103661885,0.06984222562745401,0.9965479441994534,9.524266582503168
103251851150385,21.047469748,26480245,4.434814363718033,-10.471782445907593,-0.479461669921875,0.02119886875152588,-0.008651826530694962,-0.048636436462402344,26.59029197692871,0,-0.08362570405006409,-0.020606279373168945,0.0454254150390625,-0.000682532787322998,0.001776035875082016,0.0005397796630859375,103251850029282,1.121,1418777,11823.141666666666,34,True,0.7648884057998657,1.1948375701904297,-5.214217662811279,0.7256415486335754,-0.02182740531861782,-0.6875854134559631,-0.013936986215412617,1416250,0.7637673020362854,1.1645777225494385,-5.201920986175537,0.7197523222325736,0.059297473105737596,-0.6910412412615404,-0.030040093205606817,0.016070153254618053,-0.028403779830659875,-0.001760390551330078,0.03268215888200662,0.04408855253600008,0.008039163632927893,0.06976313237930645,0.9965564092132422,9.512575154817082
103251951329998,21.147649361,26579955,4.40618172287941,-10.226572751998901,-0.3294525146484375,0.027775108814239502,-0.010749779641628265,-0.04841113090515137,26.59029197692871,0,-0.08362570405006409,-0.020606279373168945,0.0454254150390625,-0.000682532787322998,0.001776035875082016,0.0005397796630859375,103251950679941,0.650,1418789,11823.241666666667,34,True,0.764842689037323,1.1947580575942993,-5.214009761810303,0.725259006023407,-0.02155442163348198,-0.6879760026931763,-0.014960148371756077,1416250,0.7637673020362854,1.1645777225494385,-5.201920986175537,0.7197523222325736,0.059297473105737596,-0.6910412412615404,-0.030040093205606817,0.015852262339392367,-0.0283530027270285,-0.001720637106991793,0.0325291803919152,0.04467098607289687,0.007546153990687143,0.06884865499322065,0.9965979235724147,9.455028906295937
103252052820935,21.249140298,26680490,4.237733751535416,-10.190093755722046,-0.2054290771484375,0.02763211727142334,-0.01749936118721962,-0.045046210289001465,26.59029197692871,0,-0.08362570405006409,-0.020606279373168945,0.0454254150390625,-0.000682532787322998,0.001776035875082016,0.0005397796630859375,103252052518492,0.302,1418801,11823.341666666667,34,True,0.7644662857055664,1.1945263147354126,-5.213048458099365,0.7257007956504822,-0.01923239417374134,-0.6875790953636169,-0.014950370416045189,1416250,0.7637673020362854,1.1645777225494385,-5.201920986175537,0.7197523222325736,0.059297473105737596,-0.6910412412615404,-0.030040093205606817,0.01485575807059349,-0.028260161960530376,-0.0013773458606625,0.03195664850242115,0.043022523542853734,0.008066789880611826,0.06719839948970943,0.9967789948002758,9.199833761313815
103252153016781,21.349336144,26782006,3.7557887136936188,-10.035971403121948,0.1810302734375,0.03646794706583023,-0.02177342399954796,-0.0292818546295166,26.59029197692871,0,-0.08362570405006409,-0.020606279373168945,0.0454254150390625,-0.000682532787322998,0.001776035875082016,0.0005397796630859375,103252151204281,1.812,1418813,11823.441666666666,34,True,0.7644243240356445,1.1948593854904175,-5.211209774017334,0.7255383133888245,-0.012055236846208572,-0.6878475546836853,-0.017736684530973434,1416250,0.7637673020362854,1.1645777225494385,-5.201920986175537,0.7197523222325736,0.059297473105737596,-0.6910412412615404,-0.030040093205606817,0.013073933551280616,-0.02882232640999899,-0.001427630820902763,0.03168110427287246,0.04008906860123204,0.00771090277139469,0.06010559685735737,0.9973568698232127,8.333407265014563
103252253222300,21.449541663,26881867,3.041879564523697,-10.048548460006714,0.39544677734375,0.0392550453543663,-0.018629372119903564,-0.007832050323486328,26.59029197692871,0,-0.08362570405006409,-0.020606279373168945,0.0454254150390625,-0.000682532787322998,0.001776035875082016,0.0005397796630859375,103252251727897,1.494,1418825,11823.541666666666,34,True,0.7644363641738892,1.1944841146469116,-5.2093305587768555,0.7243433594703674,-0.0059476858004927635,-0.6892409324645996,-0.015440433286130428,1416250,0.7637673020362854,1.1645777225494385,-5.201920986175537,0.7197523222325736,0.059297473105737596,-0.6910412412615404,-0.030040093205606817,0.011164108819877054,-0.028685115888534986,-0.001506153805309681,0.030817879527410507,0.03433428498761101,0.005562619812348568,0.05726747299412775,0.9977528003829805,7.683689638046409
103252353481616,21.549800979,26982380,2.3383807241916656,-10.031752347946167,0.5698394775390625,0.04593675583600998,-0.018070988357067108,0.018721342086791992,26.59029197692871,0,-0.08362570405006409,-0.020606279373168945,0.0454254150390625,-0.000682532787322998,0.001776035875082016,0.0005397796630859375,103252351403477,2.078,1418837,11823.641666666666,34,True,0.7641823887825012,1.1958024501800537,-5.207894802093506,0.7230149507522583,-0.012874007225036621,-0.6903417110443115,-0.0226269718259573,1416250,0.7637673020362854,1.1645777225494385,-5.201920986175537,0.7197523222325736,0.059297473105737596,-0.6910412412615404,-0.030040093205606817,0.009898637482372349,-0.030182687812075327,-0.0013655481193062878,0.031793747643754866,0.04439836760845558,0.004486557952634584,0.057240814356142686,0.9973625945077786,8.324373846817554
103252453718828,21.650038191,27082552,1.4631885588169098,-10.441745519638062,0.1598358154296875,0.02846238762140274,0.001463722437620163,0.04862773418426514,26.59029197692871,0,-0.08362570405006409,-0.020606279373168945,0.0454254150390625,-0.000682532787322998,0.001776035875082016,0.0005397796630859375,103252451596408,2.122,1418849,11823.741666666667,34,True,0.7642491459846497,1.1964869499206543,-5.206252574920654,0.722252607345581,-0.012906930409371853,-0.6912584900856018,-0.018608197569847107,1416250,0.7637673020362854,1.1645777225494385,-5.201920986175537,0.7197523222325736,0.059297473105737596,-0.6910412412615404,-0.030040093205606817,0.008360247711692415,-0.031063813458878327,-0.0015295024244841094,0.03220549062000688,0.041605861064500996,0.0030625792961547207,0.06002398573583148,0.9973247686032474,8.383882240967255
103252553934311,21.750253674,27182963,0.562230259180069,-10.73075556755066,0.3461456298828125,0.038281843066215515,0.017506934702396393,0.0786135196685791,26.59029197692871,0,-0.08362570405006409,-0.020606279373168945,0.0454254150390625,-0.000682532787322998,0.001776035875082016,0.0005397796630859375,103252551616430,2.318,1418861,11823.841666666667,34,True,0.763988733291626,1.19743812084198,-5.20408296585083,0.7226162552833557,-0.012203454039990902,-0.6907098889350891,-0.024426687508821487,1416250,0.7637673020362854,1.1645777225494385,-5.201920986175537,0.7197523222325736,0.059297473105737596,-0.6910412412615404,-0.030040093205606817,0.0063205573264541876,-0.03228962370328556,-0.0013999000124698166,0.032932187353130485,0.04526414670548201,0.004032621218456156,0.055501923599314364,0.9974238975811183,8.227018330036898
103252654148051,21.850467414,27282932,-0.23102036118507385,-11.040422201156616,0.0124053955078125,0.020634785294532776,0.01662536710500717,0.1055225133895874,26.59029197692871,0,-0.08362570405006409,-0.020606279373168945,0.0454254150390625,-0.000682532787322998,0.001776035875082016,0.0005397796630859375,103252651908457,2.240,1418873,11823.941666666666,34,True,0.7639108896255493,1.1980687379837036,-5.2025251388549805,0.721765398979187,-0.007832051254808903,-0.6917269825935364,-0.0225229375064373,1416250,0.7637673020362854,1.1645777225494385,-5.201920986175537,0.7197523222325736,0.059297473105737596,-0.6910412412615404,-0.030040093205606817,0.004853508927117374,-0.03311311574705225,-0.0014137713007300484,0.03349677197393886,0.04095896655245447,0.0024683838037329315,0.053651262174491975,0.9977162984573502,7.745866061719014
103252754354438,21.950673801,27383079,-1.1138884723186493,-11.365480184555054,-0.225555419921875,0.0126209557056427,0.022161997854709625,0.1361933946609497,26.59029197692871,0,-0.08362570405006409,-0.020606279373168945,0.0454254150390625,-0.000682532787322998,0.001776035875082016,0.0005397796630859375,103252750216987,4.137,1418885,11824.041666666666,34,True,0.7638692259788513,1.1987152099609375,-5.200709819793701,0.7202408313751221,-0.008378012105822563,-0.6930940747261047,-0.02834678627550602,1416250,0.7637673020362854,1.1645777225494385,-5.201920986175537,0.7197523222325736,0.059297473105737596,-0.6910412412615404,-0.030040093205606817,0.003134618347372818,-0.033982973538301695,-0.0014754784228220975,0.03415911824483783,0.0456548430739,0.0007926173790453459,0.04997036765366741,0.9977063543037827,7.762718486941306
103252854432548,22.050751911,27483475,-1.7885358035564423,-11.419597387313843,-0.27734375,0.006095618009567261,0.017737742513418198,0.15789639949798584,26.59029197692871,0,-0.08362570405006409,-0.020606279373168945,0.0454254150390625,-0.000682532787322998,0.001776035875082016,0.0005397796630859375,103252850381366,4.051,1418897,11824.141666666666,34,True,0.7636519074440002,1.1984319686889648,-5.199697017669678,0.7206574082374573,-0.007841543294489384,-0.6926788687705994,-0.028060579672455788,1416250,0.7637673020362854,1.1645777225494385,-5.201920986175537,0.7197523222325736,0.059297473105737596,-0.6910412412615404,-0.030040093205606817,0.0020865631599415535,-0.03383856244676242,-0.0012912316673452558,0.03392741271453838,0.04504098804563343,0.0013462477127449413,0.04979425222114277,0.9977424665006028,7.701342965612617
103252954557029,22.150876392,27583280,-1.9651146829128265,-11.420754194259644,-0.4578094482421875,-0.0016769804060459137,0.010361837223172188,0.16656386852264404,26.59029197692871,0,-0.08362570405006409,-0.020606279373168945,0.0454254150390625,-0.000682532787322998,0.001776035875082016,0.0005397796630859375,103252952287960,2.269,1418909,11824.241666666667,34,True,0.7637243270874023,1.1984827518463135,-5.1997175216674805,0.720289945602417,-0.008844439871609211,-0.6931470036506653,-0.025525391101837158,1416250,0.7637673020362854,1.1645777225494385,-5.201920986175537,0.7197523222325736,0.059297473105737596,-0.6910412412615404,-0.030040093205606817,0.0021160739155018774,-0.03388315483053007,-0.0013646113809100743,0.03397658185142304,0.04394811776816609,0.0006351714958859889,0.05226027869258049,0.9976657871114857,7.831092817057725
103253054663338,22.250982701,27683700,-2.1498003900051117,-11.491034269332886,-1.0260772705078125,-0.02042136713862419,0.01716672070324421,0.17528927326202393,26.59029197692871,0,-0.08362570405006409,-0.020606279373168945,0.0454254150390625,-0.000682532787322998,0.001776035875082016,0.0005397796630859375,103253050051332,4.612,1418921,11824.341666666667,34,True,0.7636932134628296,1.1986795663833618,-5.199537754058838,0.7201793193817139,-0.00893460400402546,-0.6931858658790588,-0.02748320996761322,1416250,0.7637673020362854,1.1645777225494385,-5.201920986175537,0.7197523222325736,0.059297473105737596,-0.6910412412615404,-0.030040093205606817,0.0019616815229025336,-0.03410210047348572,-0.0013489203872237077,0.034185099638761915,0.04542519924648747,0.0006495553156652956,0.050966851000446615,0.9976665321891915,7.829842393434881
103253154784766,22.351104129,27783578,-2.243816703557968,-11.472640752792358,-0.766937255859375,-0.012610964477062225,0.008465470746159554,0.17817819118499756,26.59029197692871,0,-0.08362570405006409,-0.020606279373168945,0.0454254150390625,-0.000682532787322998,0.001776035875082016,0.0005397796630859375,103253150812907,3.972,1418933,11824.441666666666,34,True,0.7636967301368713,1.1989107131958008,-5.199522972106934,0.7200125455856323,-0.011011585593223572,-0.693448007106781,-0.024304458871483803,1416250,0.7637673020362854,1.1645777225494385,-5.201920986175537,0.7197523222325736,0.059297473105737596,-0.6910412412615404,-0.030040093205606817,0.001976490171488842,-0.03433290107545144,-0.001362016495745615,0.034416706678434675,0.04459311735955407,0.00021953179833228415,0.05465639366063649,0.9975089394696973,8.090026829385604
103253255043156,22.451362519,27883890,-2.263929456472397,-11.577233076095581,-1.00299072265625,-0.016018450260162354,0.010107451118528843,0.17952466011047363,26.59029197692871,0,-0.08362570405006409,-0.020606279373168945,0.0454254150390625,-0.000682532787322998,0.001776035875082016,0.0005397796630859375,103253250527567,4.516,1418945,11824.541666666666,34,True,0.76380455493927,1.1987518072128296,-5.199955463409424,0.7203088402748108,-0.01155807450413704,-0.6931594610214233,-0.02348513714969158,1416250,0.7637673020362854,1.1645777225494385,-5.201920986175537,0.7197523222325736,0.059297473105737596,-0.6910412412615404,-0.030040093205606817,0.002389097322697026,-0.03411652566773685,-0.0014448600101221948,0.03423058179615876,0.04435504785203156,0.0005997982500574594,0.05562482141109977,0.9974658636841095,8.159703317748301
103253355133876,22.551453239,27984263,-2.2930916249752045,-11.38499903678894,-1.2440338134765625,-0.020826008170843124,0.015389196574687958,0.1793982982635498,26.59029197692871,0,-0.08362570405006409,-0.020606279373168945,0.0454254150390625,-0.000682532787322998,0.001776035875082016,0.0005397796630859375,103253353149479,1.984,1418957,11824.641666666666,34,True,0.7637478709220886,1.1987353563308716,-5.199997901916504,0.7204409241676331,-0.011342044919729233,-0.6930025219917297,-0.024161329492926598,1416250,0.7637673020362854,1.1645777225494385,-5.201920986175537,0.7197523222325736,0.059297473105737596,-0.6910412412615404,-0.030040093205606817,0.002426927050344985,-0.03409739208766085,-0.0013858044936672527,0.03421173155778645,0.044679178982750374,0.0008376378345478774,0.05500517382936466,0.9974855889587012,8.127871052927484
103253455249337,22.651568700,28084145,-1.932532161474228,-11.292768239974976,-0.6323089599609375,0.0002827197313308716,8.470751345157623e-05,0.17188537120819092,26.59029197692871,0,-0.08362570405006409,-0.020606279373168945,0.0454254150390625,-0.000682532787322998,0.001776035875082016,0.0005397796630859375,103253450821401,4.428,1418969,11824.741666666667,34,True,0.7637364864349365,1.1986827850341797,-5.200118064880371,0.7206494212150574,-0.010375907644629478,-0.6927699446678162,-0.02503177896142006,1416250,0.7637673020362854,1.1645777225494385,-5.201920986175537,0.7197523222325736,0.059297473105737596,-0.6910412412615404,-0.030040093205606817,0.0025389304574646833,-0.03403074045735951,-0.001367222711172485,0.03415269772486433,0.04461799175819869,0.001171708555872952,0.05371365448724691,0.9975583718420442,8.009322725267072
103253555366602,22.751685965,28184249,-1.647581309080124,-11.322407484054565,-0.4625244140625,0.0014395266771316528,-0.012231618165969849,0.164262056350708,26.59029197692871,0,-0.08362570405006409,-0.020606279373168945,0.0454254150390625,-0.000682532787322998,0.001776035875082016,0.0005397796630859375,103253553272321,2.094,1418981,11824.841666666667,34,True,0.7637676000595093,1.1981562376022339,-5.200664520263672,0.7198714017868042,-0.01159343309700489,-0.6936365365982056,-0.022785011678934097,1416250,0.7637673020362854,1.1645777225494385,-5.201920986175537,0.7197523222325736,0.059297473105737596,-0.6910412412615404,-0.030040093205606817,0.003014946266513924,-0.03343906767816011,-0.0013543380865826504,0.03360201452037223,0.04391699435787598,-8.631953250820557e-05,0.05612247769103834,0.9974575467925078,8.173087861050496
103253655471867,22.851791230,28284489,-1.5671673715114594,-11.139666318893433,-0.552032470703125,0.0020096078515052795,-0.012523945420980453,0.15592575073242188,26.59029197692871,0,-0.08362570405006409,-0.020606279373168945,0.0454254150390625,-0.000682532787322998,0.001776035875082016,0.0005397796630859375,103253651493730,3.978,1418993,11824.941666666666,34,True,0.7637717127799988,1.1974681615829468,-5.201127052307129,0.7201522588729858,-0.010253753513097763,-0.6933925747871399,-0.02196243219077587,1416250,0.7637673020362854,1.1645777225494385,-5.201920986175537,0.7197523222325736,0.059297473105737596,-0.6910412412615404,-0.030040093205606817,0.003386260374502981,-0.03269898445862352,-0.0013118636780403764,0.032900020216695816,0.042376264138853745,0.00019433538784635607,0.05573600253584635,0.9975458448075032,8.029851172555034
103253755593654,22.951913017,28384406,-1.1971041858196259,-10.85776972770691,-0.2252655029296875,0.01619560271501541,-0.017390165477991104,0.1401984691619873,26.59029197692871,0,-0.08362570405006409,-0.020606279373168945,0.0454254150390625,-0.000682532787322998,0.001776035875082016,0.0005397796630859375,103253753258137,2.336,1419005,11825.041666666666,34,True,0.7637885212898254,1.197398066520691,-5.201308727264404,0.7204257845878601,-0.009902842342853546,-0.6930774450302124,-0.02307249791920185,1416250,0.7637673020362854,1.1645777225494385,-5.201920986175537,0.7197523222325736,0.059297473105737596,-0.6910412412615404,-0.030040093205606817,0.0035580790473843755,-0.03260602680368701,-0.0013180968068085418,0.03282606113474948,0.04290583852410117,0.0006654509819782883,0.05472308409943407,0.9975790847156834,7.975264159666724
103253855762642,23.052082005,28484730,-1.120142787694931,-10.798370122909546,-0.6222686767578125,0.0037025734782218933,-0.01802511140704155,0.13557207584381104,26.59029197692871,0,-0.08362570405006409,-0.020606279373168945,0.0454254150390625,-0.000682532787322998,0.001776035875082016,0.0005397796630859375,103253850521427,5.241,1419017,11825.141666666666,34,True,0.76384037733078,1.196920394897461,-5.201635360717773,0.7205632925033569,-0.012018426321446896,-0.6929377913475037,-0.02193964459002018,1416250,0.7637673020362854,1.1645777225494385,-5.201920986175537,0.7197523222325736,0.059297473105737596,-0.6910412412615404,-0.030040093205606817,0.0038231957481404295,-0.032089409551514445,-0.0013372903270795886,0.03234401608508638,0.0435400092734994,0.00085736769223943,0.05703258841449709,0.9974220853639879,8.229912805791159
103253955943531,23.152262894,28584622,-1.0165161788463593,-10.607348203659058,-0.9710235595703125,0.0005630478262901306,-0.017205923795700073,0.12856125831604004,26.59029197692871,0,-0.08362570405006409,-0.020606279373168945,0.0454254150390625,-0.000682532787322998,0.001776035875082016,0.0005397796630859375,103253951514408,4.429,1419029,11825.241666666667,34,True,0.7635088562965393,1.1960963010787964,-5.20195198059082,0.7219926118850708,-0.008657408878207207,-0.6914827227592468,-0.022436652332544327,1416250,0.7637673020362854,1.1645777225494385,-5.201920986175537,0.7197523222325736,0.059297473105737596,-0.6910412412615404,-0.030040093205606817,0.004019907297587437,-0.031247492846359123,-0.0009607723460906917,0.03151965335097253,0.04144591113607345,0.002820881308285617,0.05431107986519006,0.997659553997566,7.84154571587767
103254056241260,23.252560623,28684926,-0.47228583693504333,-10.35221552848816,-0.476409912109375,0.009624302387237549,-0.03020220249891281,0.11625993251800537,26.59029197692871,0,-0.08362570405006409,-0.020606279373168945,0.0454254150390625,-0.000682532787322998,0.001776035875082016,0.0005397796630859375,103254050148198,6.093,1419041,11825.341666666667,34,True,0.7635694742202759,1.195434808731079,-5.20236349105835,0.7221047878265381,-0.00696075102314353,-0.6913833618164062,-0.022478805854916573,1416250,0.7637673020362854,1.1645777225494385,-5.201920986175537,0.7197523222325736,0.059297473105737596,-0.6910412412615404,-0.030040093205606817,0.004346163028650404,-0.030537668863676887,-0.000977937287411186,0.03086089295592883,0.040294529383572204,0.0029214466368639447,0.053064443979221235,0.9977735117933733,7.648185937214238
103254156360754,23.352680117,28785413,-0.1018274575471878,-9.871722936630249,0.700897216796875,0.0362681970000267,-0.06995229795575142,0.10123252868652344,26.59029197692871,0,-0.08362570405006409,-0.020606279373168945,0.0454254150390625,-0.000682532787322998,0.001776035875082016,0.0005397796630859375,103254154091788,2.269,1419053,11825.441666666666,34,True,0.7639249563217163,1.1938992738723755,-5.202981472015381,0.7211467027664185,-0.0013302172301337123,-0.6924594044685364,-0.02110939286649227,1416250,0.7637673020362854,1.1645777225494385,-5.201920986175537,0.7197523222325736,0.059297473105737596,-0.6910412412615404,-0.030040093205606817,0.004777348268639646,-0.028922749828421163,-0.0012467329130746432,0.029341146144516137,0.035510548787816926,0.0012345417174229323,0.049933688912314506,0.9981202851075337,7.027189572013621
103254256458469,23.452777832,28885472,0.5893900692462921,-9.027462720870972,2.38519287109375,0.06935795396566391,-0.1316050998866558,0.0780186653137207,26.59029197692871,0,-0.08362570405006409,-0.020606279373168945,0.0454254150390625,-0.000682532787322998,0.001776035875082016,0.0005397796630859375,103254250997004,5.461,1419065,11825.541666666666,34,True,0.7636382579803467,1.1923052072525024,-5.204137325286865,0.7222421169281006,-0.004403610713779926,-0.6912769675254822,-0.021981842815876007,1416250,0.7637673020362854,1.1645777225494385,-5.201920986175537,0.7197523222325736,0.059297473105737596,-0.6910412412615404,-0.030040093205606817,0.0057099099864197315,-0.027210630265631044,-0.0008489687141060086,0.02781622223421834,0.038159313723722756,0.002986638729491786,0.051572303180047435,0.9979354910563805,7.364626996191726
103254356580965,23.552900328,28985325,1.2789088785648346,-8.287824392318726,3.671844482421875,0.09747567027807236,-0.16467155143618584,0.057639241218566895,26.735576629638672,0,-0.08362570405006409,-0.020606279373168945,0.0454254150390625,-0.000682532787322998,0.001776035875082016,0.0005397796630859375,103254351269260,5.312,1419077,11825.641666666666,34,True,0.7635143995285034,1.1910637617111206,-5.205372333526611,0.722502589225769,-0.0025872995611280203,-0.6910514831542969,-0.020765922963619232,1416250,0.7637673020362854,1.1645777225494385,-5.201920986175537,0.7197523222325736,0.059297473105737596,-0.6910412412615404,-0.030040093205606817,0.006771839399639075,-0.0258309665671003,-0.0006240080489961164,0.02671115925395919,0.036007812485054115,0.0032022656706581776,0.0511139329326558,0.9980383503627362,7.178758889285622
103254456781857,23.653101220,29085725,2.1780604422092438,-7.788251161575317,6.0660400390625,0.1523761749267578,-0.22951334342360497,0.03416562080383301,26.735576629638672,0,-0.08362570405006409,-0.020606279373168945,0.0454254150390625,-0.000682532787322998,0.001776035875082016,0.0005397796630859375,103254451774415,5.007,1419089,11825.741666666667,34,True,0.7638605833053589,1.1914583444595337,-5.20703125,0.7203871011734009,-0.010287226177752018,-0.6932426691055298,-0.018744107335805893,1416250,0.7637673020362854,1.1645777225494385,-5.201920986175537,0.7197523222325736,0.059297473105737596,-0.6910412412615404,-0.030040093205606817,0.00847932913111312,-0.025999194111689466,-0.000913353739366038,0.027362224544511468,0.04006705234127383,0.00027468303854433224,0.057993508753893065,0.9975125607270929,8.08414200862073
103254556974643,23.753294006,29185825,2.661412626504898,-7.85382866859436,6.472930908203125,0.1552533507347107,-0.2400343082845211,0.010906696319580078,26.735576629638672,0,-0.08362570405006409,-0.020606279373168945,0.0454254150390625,-0.000682532787322998,0.001776035875082016,0.0005397796630859375,103254554816622,2.158,1419101,11825.841666666667,34,True,0.7636899352073669,1.1907958984375,-5.207462787628174,0.7221677899360657,-0.006646595895290375,-0.6914088726043701,-0.019581247121095657,1416250,0.7637673020362854,1.1645777225494385,-5.201920986175537,0.7197523222325736,0.059297473105737596,-0.6910412412615404,-0.030040093205606817,0.008816551628503883,-0.02529605650211594,-0.0006987407871865684,0.02679758003745851,0.03799152845460506,0.0027653669168475337,0.05484516152248111,0.9977680114981996,7.65763062546977
103254657214523,23.853533886,29286184,2.8976694643497467,-7.694911241531372,6.063262939453125,0.15421202778816223,-0.24013352021574974,0.003941774368286133,26.735576629638672,0,-0.08362570405006409,-0.020606279373168945,0.0454254150390625,-0.000682532787322998,0.001776035875082016,0.0005397796630859375,103254651285325,5.929,1419113,11825.941666666666,34,True,0.7636367082595825,1.1907070875167847,-5.207748889923096,0.7226775884628296,-0.004607114940881729,-0.6908159852027893,-0.022116823121905327,1416250,0.7637673020362854,1.1645777225494385,-5.201920986175537,0.7197523222325736,0.059297473105737596,-0.6910412412615404,-0.030040093205606817,0.009086849734368099,-0.025174544842015333,-0.0006298288056875112,0.02677172445738414,0.038356681386661436,0.00363347806164832,0.051637476181344635,0.9979224087491967,7.387932161600288
103254757334381,23.953653744,29386380,3.2125898897647858,-7.5974647998809814,6.467620849609375,0.16537246108055115,-0.26832419261336327,-0.0079115629196167,26.735576629638672,0,-0.08362570405006409,-0.020606279373168945,0.0454254150390625,-0.000682532787322998,0.001776035875082016,0.0005397796630859375,103254752791924,4.542,1419125,11826.041666666666,34,True,0.7637470960617065,1.189493179321289,-5.208215713500977,0.7222845554351807,-0.0008010854362510145,-0.6912030577659607,-0.023298820480704308,1416250,0.7637673020362854,1.1645777225494385,-5.201920986175537,0.7197523222325736,0.059297473105737596,-0.6910412412615404,-0.030040093205606817,0.009399728580065214,-0.023908079824538995,-0.0006729102893963087,0.025698326531760757,0.036612060333669476,0.003039035445995653,0.04806958760514209,0.9981681401693572,6.937133705717055
103254857445566,24.053764929,29486408,3.703477531671524,-7.141217470169067,6.5415496826171875,0.16073504090309143,-0.2754186950623989,-0.024663805961608887,26.735576629638672,0,-0.08362570405006409,-0.020606279373168945,0.0454254150390625,-0.000682532787322998,0.001776035875082016,0.0005397796630859375,103254849473026,7.973,1419137,11826.141666666666,34,True,0.7641224265098572,1.188400149345398,-5.208975791931152,0.7223953008651733,0.002599751576781273,-0.691290557384491,-0.015988154336810112,1416250,0.7637673020362854,1.1645777225494385,-5.201920986175537,0.7197523222325736,0.059297473105737596,-0.6910412412615404,-0.030040093205606817,0.010028655772683099,-0.022713094840373826,-0.000972523652799098,0.0248476239526044,0.02900193693521877,0.0025169217671446864,0.050682997822077774,0.9982904319338091,6.70151069559855
103254957646704,24.153966067,29586352,3.7620412409305573,-6.908296823501587,5.9853363037109375,0.1392459273338318,-0.2747873030602932,-0.027726054191589355,26.735576629638672,0,-0.08362570405006409,-0.020606279373168945,0.0454254150390625,-0.000682532787322998,0.001776035875082016,0.0005397796630859375,103254951042277,6.604,1419149,11826.241666666667,34,True,0.7641687393188477,1.1879429817199707,-5.209114074707031,0.72197026014328,0.002410288667306304,-0.6917416453361511,-0.0157089214771986,1416250,0.7637673020362854,1.1645777225494385,-5.201920986175537,0.7197523222325736,0.059297473105737596,-0.6910412412615404,-0.030040093205606817,0.010109471764000023,-0.022240624321563894,-0.0009950985176510525,0.024450705728462818,0.028971399514718797,0.0018876630279911484,0.051000668548718125,0.9982765280953145,6.728714851264103
103255057878338,24.254197701,29686719,3.8539368212223053,-6.644026041030884,5.8194122314453125,0.12950637936592102,-0.2879336439073086,-0.027621865272521973,26.735576629638672,0,-0.08362570405006409,-0.020606279373168945,0.0454254150390625,-0.000682532787322998,0.001776035875082016,0.0005397796630859375,103255053372986,4.505,1419161,11826.341666666667,34,True,0.7636874318122864,1.186385154724121,-5.209211826324463,0.7235076427459717,-0.00029382240609265864,-0.690025269985199,-0.020043950527906418,1416250,0.7637673020362854,1.1645777225494385,-5.201920986175537,0.7197523222325736,0.059297473105737596,-0.6910412412615404,-0.030040093205606817,0.009990472883029882,-0.020705427003047172,-0.0004500795242870721,0.022994060697998798,0.03381224072180332,0.004523711039486511,0.04999088060339573,0.9981669100267245,6.939463261628541
103255158070525,24.354389888,29787058,3.809020906686783,-5.86749005317688,5.865325927734375,0.12583571672439575,-0.29337718710303307,-0.028231382369995117,26.735576629638672,0,-0.08362570405006409,-0.020606279373168945,0.0454254150390625,-0.000682532787322998,0.001776035875082016,0.0005397796630859375,103255150395879,7.675,1419173,11826.441666666666,34,True,0.764075517654419,1.1840834617614746,-5.210195541381836,0.7225106954574585,-0.0020342825446277857,-0.691246509552002,-0.012351824901998043,1416250,0.7637673020362854,1.1645777225494385,-5.201920986175537,0.7197523222325736,0.059297473105737596,-0.6910412412615404,-0.030040093205606817,0.010688199404985884,-0.01828390241031469,-0.0007059950896861331,0.02119049605217662,0.029580908280204907,0.0025519491819075424,0.05653672309998939,0.9979589452286133,7.322659689101034
103255258209135,24.454528498,29886943,4.0798589289188385,-5.017552137374878,6.1656036376953125,0.1376878321170807,-0.2857157550752163,-0.0340421199798584,26.735576629638672,0,-0.08362570405006409,-0.020606279373168945,0.0454254150390625,-0.000682532787322998,0.001776035875082016,0.0005397796630859375,103255251979769,6.229,1419185,11826.541666666666,34,True,0.76405268907547,1.182299256324768,-5.210868835449219,0.723441481590271,-0.002167512895539403,-0.6902228593826294,-0.01483678724616766,1416250,0.7637673020362854,1.1645777225494385,-5.201920986175537,0.7197523222325736,0.059297473105737596,-0.6910412412615404,-0.030040093205606817,0.011128325342039275,-0.016432170877013284,-0.0005851043387040309,0.01985442549500759,0.031372874762229226,0.004083289799097223,0.05493985135695077,0.9979883176703255,7.269761423364183
103255358531649,24.554851012,29987352,4.285500913858414,-4.2458336353302,6.1938323974609375,0.13100266456604004,-0.27801209315657616,-0.043871521949768066,26.735576629638672,0,-0.08362570405006409,-0.020606279373168945,0.0454254150390625,-0.000682532787322998,0.001776035875082016,0.0005397796630859375,103255358291035,0.241,1419198,11826.65,34,True,0.76400226354599,1.1782653331756592,-5.211645603179932,0.7227897644042969,-0.003334048669785261,-0.6910252571105957,-0.006924474146217108,1416250,0.7637673020362854,1.1645777225494385,-5.201920986175537,0.7197523222325736,0.059297473105737596,-0.6910412412615404,-0.030040093205606817,0.011384530957057885,-0.012338858129240116,-0.00034511215931610264,0.01679208347550214,0.026551251004234496,0.0026212613726427914,0.06123266139041938,0.9977668671778859,7.659594103923215
103255458756984,24.655076347,30087705,4.467353731393814,-2.9590370655059814,6.0226898193359375,0.12806358933448792,-0.2742416523396969,-0.04935789108276367,26.735576629638672,0,-0.08362570405006409,-0.020606279373168945,0.0454254150390625,-0.000682532787322998,0.001776035875082016,0.0005397796630859375,103255458665575,0.091,1419210,11826.75,34,True,0.7638429403305054,1.175633430480957,-5.212520122528076,0.7239978909492493,-0.00699993222951889,-0.6896806955337524,-0.010890312492847443,1416250,0.7637673020362854,1.1645777225494385,-5.201920986175537,0.7197523222325736,0.059297473105737596,-0.6910412412615404,-0.030040093205606817,0.011911385098001867,-0.009627711907334585,-4.646412354577411e-05,0.015315877070488322,0.03182292784032474,0.004769165637731442,0.061161880079152756,0.9976090320100218,7.925762910628754
103255559369064,24.755688427,30187754,4.799575239419937,-2.0496037006378174,5.483734130859375,0.10643290728330612,-0.2593156658113003,-0.06050097942352295,26.735576629638672,0,-0.08362570405006409,-0.020606279373168945,0.0454254150390625,-0.000682532787322998,0.001776035875082016,0.0005397796630859375,103255559090600,0.278,1419222,11826.85,34,True,0.764009416103363,1.1733465194702148,-5.212860584259033,0.7239591479301453,-0.0014757633907720447,-0.6898254752159119,-0.00466527882963419,1416250,0.7637673020362854,1.1645777225494385,-5.201920986175537,0.7197523222325736,0.059297473105737596,-0.6910412412615404,-0.030040093205606817,0.011965000800216972,-0.007311087556866036,-0.00010945078515622989,0.01402231168130724,0.023534766192872036,0.0041031118497216745,0.061489654441714184,0.9978217785005669,7.564801036170046
103255659587954,24.855907317,30288429,4.998460680246353,-1.3062998056411743,5.364959716796875,0.10398169606924057,-0.25434985384345055,-0.06808269023895264,26.735576629638672,0,-0.08362570405006409,-0.020606279373168945,0.0454254150390625,-0.000682532787322998,0.001776035875082016,0.0005397796630859375,103255658915079,0.673,1419234,11826.95,34,True,0.7638197541236877,1.171427845954895,-5.212987899780273,0.7249931693077087,-0.000977246672846377,-0.6886878609657288,-0.009642562828958035,1416250,0.7637673020362854,1.1645777225494385,-5.201920986175537,0.7197523222325736,0.059297473105737596,-0.6910412412615404,-0.030040093205606817,0.011840573341699825,-0.005401745221141534,0.00015965629288117075,0.013015510694020212,0.026674162284494013,0.005916628593963358,0.057718477484687565,0.997958947016034,7.322656481658286
103255759773027,24.956092390,30388650,5.043790251016617,-0.3987313508987427,5.484405517578125,0.1087985560297966,-0.2471216283738613,-0.07380545139312744,26.735576629638672,0,-0.08362570405006409,-0.020606279373168945,0.0454254150390625,-0.000682532787322998,0.001776035875082016,0.0005397796630859375,103255758404564,1.368,1419246,11827.05,34,True,0.7640639543533325,1.169593334197998,-5.213390827178955,0.7235445976257324,-0.002322957618162036,-0.6902412176132202,-0.006700599566102028,1416250,0.7637673020362854,1.1645777225494385,-5.201920986175537,0.7197523222325736,0.059297473105737596,-0.6910412412615404,-0.030040093205606817,0.012016448777868786,-0.0035222941533018296,4.256352376972986e-06,0.012522045178406922,0.02562224427763648,0.0036635480276438473,0.06068083980043694,0.9978215846007441,7.565137850836463
103255859954819,25.056274182,30488582,5.104796797037125,0.148445725440979,4.980377197265625,0.10012175887823105,-0.23273080214858055,-0.08009552955627441,26.735576629638672,0,-0.08362570405006409,-0.020606279373168945,0.0454254150390625,-0.000682532787322998,0.001776035875082016,0.0005397796630859375,103255857480557,2.474,1419258,11827.15,34,True,0.7639883160591125,1.1678255796432495,-5.2134857177734375,0.7245739102363586,0.00492659118026495,-0.6891747713088989,0.002543054986745119,1416250,0.7637673020362854,1.1645777225494385,-5.201920986175537,0.7197523222325736,0.059297473105737596,-0.6910412412615404,-0.030040093205606817,0.011883350579928417,-0.0017615976526832472,0.00015229095887975687,0.012014176618960648,0.013865207562668189,0.004376520346815793,0.06187970813746036,0.997977707070514,7.288914803379417
103255960201587,25.156520950,30588766,4.969669729471207,0.49110233783721924,4.6286163330078125,0.09125324338674545,-0.22262166067957878,-0.07397758960723877,26.735576629638672,0,-0.08362570405006409,-0.020606279373168945,0.0454254150390625,-0.000682532787322998,0.001776035875082016,0.0005397796630859375,103255959136437,1.065,1419270,11827.25,34,True,0.7638770341873169,1.1668716669082642,-5.213212013244629,0.7250017523765564,0.006454587914049625,-0.6886968612670898,0.00524108624085784,1416250,0.7637673020362854,1.1645777225494385,-5.201920986175537,0.7197523222325736,0.059297473105737596,-0.6910412412615404,-0.030040093205606817,0.011486810046356497,-0.0008552604959302661,0.0002885109778613018,0.011522218282141766,0.010826192748898516,0.004810265982604144,0.0626553907156049,0.9979649076525763,7.311952583982737
103256060412351,25.256731714,30689267,4.712269216775894,0.6676584482192993,4.3671112060546875,0.08707312494516373,-0.21453186497092247,-0.06595301628112793,26.735576629638672,0,-0.08362570405006409,-0.020606279373168945,0.0454254150390625,-0.000682532787322998,0.001776035875082016,0.0005397796630859375,103256059657993,0.754,1419282,11827.35,34,True,0.7638987302780151,1.1667784452438354,-5.212891101837158,0.7251055836677551,0.007677511777728796,-0.6885641813278198,0.006506308447569609,1416250,0.7637673020362854,1.1645777225494385,-5.201920986175537,0.7197523222325736,0.059297473105737596,-0.6910412412615404,-0.030040093205606817,0.011157718859638533,-0.0008020885671755915,0.00025662262054482524,0.011189454472390621,0.009059468753335354,0.004865753209257417,0.0626516810802596,0.997982473458042,7.280317138883926
103256160536170,25.356855533,30789542,4.519259363412857,0.7194182872772217,4.129486083984375,0.08241673558950424,-0.20547020062804222,-0.059795379638671875,26.735576629638672,0,-0.08362570405006409,-0.020606279373168945,0.0454254150390625,-0.000682532787322998,0.001776035875082016,0.0005397796630859375,103256159691389,0.845,1419294,11827.45,34,True,0.7638323903083801,1.1666032075881958,-5.212804794311523,0.725257396697998,0.006916970480233431,-0.6884178519248962,0.005895558279007673,1416250,0.7637673020362854,1.1645777225494385,-5.201920986175537,0.7197523222325736,0.059297473105737596,-0.6910412412615404,-0.030040093205606817,0.011047423981936672,-0.0006421133687670149,0.0003259132573821211,0.01107086743061971,0.010011385474364457,0.005135045829381512,0.06278163473962924,0.9979638619732849,7.313831508903539
103256260742154,25.457061517,30889621,4.354992300271988,0.6840381622314453,4.0438690185546875,0.08091417700052261,-0.20169217512011528,-0.0544896125793457,26.735576629638672,0,-0.08362570405006409,-0.020606279373168945,0.0454254150390625,-0.000682532787322998,0.001776035875082016,0.0005397796630859375,103256259493961,1.248,1419306,11827.55,34,True,0.7638079524040222,1.166224718093872,-5.212731838226318,0.725124180316925,0.007273529656231403,-0.6885521411895752,0.006163853220641613,1416250,0.7637673020362854,1.1645777225494385,-5.201920986175537,0.7197523222325736,0.059297473105737596,-0.6910412412615404,-0.030040093205606817,0.010926162757510016,-0.0002771739168046358,0.00036181605258300766,0.010935664993024542,0.009583847358860847,0.004919712543845711,0.06270653820415906,0.9979738655720092,7.2958367788735865
103256360973783,25.557293146,30989880,4.336541563272476,0.7820948362350464,3.80242919921875,0.07433060556650162,-0.1990145705640316,-0.053348660469055176,26.735576629638672,0,-0.08362570405006409,-0.020606279373168945,0.0454254150390625,-0.000682532787322998,0.001776035875082016,0.0005397796630859375,103256359108445,1.865,1419318,11827.65,34,True,0.7638267278671265,1.166364312171936,-5.212646961212158,0.7250497937202454,0.007399408612400293,-0.688618540763855,0.007249100599437952,1416250,0.7637673020362854,1.1645777225494385,-5.201920986175537,0.7197523222325736,0.059297473105737596,-0.6910412412615404,-0.030040093205606817,0.010860455823320873,-0.00042533757281922025,0.00033400846344072157,0.0108739125614843,0.0087219225217239,0.0047523833123876424,0.06336347177457703,0.9979410871214041,7.354635499233181
103256461239996,25.657559359,31090207,4.271066099405289,0.6584924459457397,3.6067047119140625,0.06776829808950424,-0.1982295773923397,-0.05011558532714844,26.735576629638672,0,-0.08362570405006409,-0.020606279373168945,0.0454254150390625,-0.000682532787322998,0.001776035875082016,0.0005397796630859375,103256459491428,1.749,1419330,11827.75,34,True,0.7639206647872925,1.1668630838394165,-5.212498188018799,0.724450945854187,0.005342125426977873,-0.6892746686935425,0.0065469020046293736,1416250,0.7637673020362854,1.1645777225494385,-5.201920986175537,0.7197523222325736,0.059297473105737596,-0.6910412412615404,-0.030040093205606817,0.01077983466916083,-0.0009342091353088705,0.000214506385194717,0.010822365508160663,0.010705894525121983,0.003969744434607791,0.06434315330501687,0.9978625073497391,7.493717720749697
103256561352131,25.757671494,31190719,4.092447191476822,0.49628186225891113,3.3495330810546875,0.06386176496744156,-0.1942908875644207,-0.04540252685546875,26.735576629638672,0,-0.08362570405006409,-0.020606279373168945,0.0454254150390625,-0.000682532787322998,0.001776035875082016,0.0005397796630859375,103256560393267,0.959,1419342,11827.85,34,True,0.763640284538269,1.1670384407043457,-5.21234655380249,0.7253357172012329,0.004523420240730047,-0.6883559226989746,0.005812652409076691,1416250,0.7637673020362854,1.1645777225494385,-5.201920986175537,0.7197523222325736,0.059297473105737596,-0.6910412412615404,-0.030040093205606817,0.010641160339690434,-0.0011392926429529277,0.00048108889571277344,0.010712783374402072,0.011719074096167414,0.005310560823116761,0.06444989069576618,0.9978379992941622,7.536571402247951
103256661467562,25.857786925,31290454,4.036666303873062,0.4146655797958374,3.612945556640625,0.07294736057519913,-0.2006346397101879,-0.04148554801940918,26.735576629638672,0,-0.08362570405006409,-0.020606279373168945,0.0454254150390625,-0.000682532787322998,0.001776035875082016,0.0005397796630859375,103256660720713,0.747,1419354,11827.95,34,True,0.7636932730674744,1.1673399209976196,-5.212212085723877,0.7245733737945557,0.0032152533531188965,-0.6891783475875854,0.004055603872984648,1416250,0.7637673020362854,1.1645777225494385,-5.201920986175537,0.7197523222325736,0.059297473105737596,-0.6910412412615404,-0.030040093205606817,0.010548135022192193,-0.0014526206008051317,0.0004107206020121138,0.010655606527513961,0.013959378795428504,0.004335293596427758,0.06415675045107862,0.9978327777461695,7.545670161029251
103256761692734,25.958012097,31390586,3.9464999735355377,0.3578299283981323,3.7487640380859375,0.0816885456442833,-0.19915669783949852,-0.04130721092224121,26.735576629638672,0,-0.08362570405006409,-0.020606279373168945,0.0454254150390625,-0.000682532787322998,0.001776035875082016,0.0005397796630859375,103256759252590,2.440,1419366,11828.05,34,True,0.7636677622795105,1.1675243377685547,-5.211606025695801,0.7236789464950562,0.003602830693125725,-0.6901240944862366,0.002124628983438015,1416250,0.7637673020362854,1.1645777225494385,-5.201920986175537,0.7197523222325736,0.059297473105737596,-0.6910412412615404,-0.030040093205606817,0.009969843250305213,-0.0017124028737661987,0.0004029167209686532,0.010123854993122693,0.01516432085793931,0.003139363360639135,0.06251878617381229,0.9979236389353449,7.385743803786745
103256861751630,26.058070993,31490921,3.5928803980350494,0.3054143190383911,3.763427734375,0.07961419969797134,-0.20928632840514183,-0.03191733360290527,26.735576629638672,0,-0.08362570405006409,-0.020606279373168945,0.0454254150390625,-0.000682532787322998,0.001776035875082016,0.0005397796630859375,103256857497257,4.254,1419378,11828.15,34,True,0.7636848092079163,1.167535662651062,-5.210331439971924,0.722567081451416,0.0059935967437922955,-0.6912726163864136,0.0017558239633217454,1416250,0.7637673020362854,1.1645777225494385,-5.201920986175537,0.7197523222325736,0.059297473105737596,-0.6910412412615404,-0.030040093205606817,0.008708563726855582,-0.0018824544408673632,0.0003305009319726216,0.008915825692143201,0.013879155833358916,0.0014944177743966836,0.06051173679188068,0.9980698700287967,7.120832687811147
103256962032787,26.158352150,31590728,2.8350233137607574,0.29641175270080566,3.67791748046875,0.08282022923231125,-0.20561501011252403,-0.008985161781311035,26.735576629638672,0,-0.08362570405006409,-0.020606279373168945,0.0454254150390625,-0.000682532787322998,0.001776035875082016,0.0005397796630859375,103256959939915,2.093,1419390,11828.25,34,True,0.7635061740875244,1.1675209999084473,-5.20856237411499,0.7225512862205505,0.012298504821956158,-0.6912040710449219,-0.002320499625056982,1416250,0.7637673020362854,1.1645777225494385,-5.201920986175537,0.7197523222325736,0.059297473105737596,-0.6910412412615404,-0.030040093205606817,0.006946446288987401,-0.002097234313387217,0.00043312281047727544,0.007269051050858793,0.012452557368432832,0.001585153913655435,0.05315386005330606,0.9985074302495147,6.261652706213313
103257062053921,26.258373284,31691228,1.9144518673419952,0.11518073081970215,3.6538238525390625,0.0776517316699028,-0.19643109664320946,0.016222119331359863,26.735576629638672,0,-0.08362570405006409,-0.020606279373168945,0.0454254150390625,-0.000682532787322998,0.001776035875082016,0.0005397796630859375,103257057492170,4.562,1419402,11828.35,34,True,0.7633053660392761,1.1679654121398926,-5.206599712371826,0.7203776240348816,0.008947338908910751,-0.6935223937034607,-0.001658894238062203,1416250,0.7637673020362854,1.1645777225494385,-5.201920986175537,0.7197523222325736,0.059297473105737596,-0.6910412412615404,-0.030040093205606817,0.0050498435082927395,-0.002792241906082124,0.0005317613431964746,0.005794851546540737,0.014494927034577073,-0.0015241165271525638,0.0559638167637316,0.9983264122381564,6.630594352063436
103257162180989,26.358500352,31790996,0.672776848077774,0.06493449211120605,3.3318328857421875,0.0750417485833168,-0.18082674965262413,0.057619333267211914,26.735576629638672,0,-0.08362570405006409,-0.020606279373168945,0.0454254150390625,-0.000682532787322998,0.001776035875082016,0.0005397796630859375,103257161497804,0.683,1419414,11828.45,34,True,0.7631310224533081,1.1679738759994507,-5.203866004943848,0.7188935279846191,0.011315188370645046,-0.6950141787528992,-0.00441609974950552,1416250,0.7637673020362854,1.1645777225494385,-5.201920986175537,0.7197523222325736,0.059297473105737596,-0.6910412412615404,-0.030040093205606817,0.0023346755209222502,-0.003150525949396849,0.000587609076689062,0.003965073514176486,0.014976191107039837,-0.00353103872326882,0.052311016303253334,0.9985122948861377,6.251437741573802
103257262287033,26.458606396,31891390,-0.7261013090610504,-0.008480310440063477,2.8575592041015625,0.06731268018484116,-0.15660695359110832,0.09877848625183105,26.735576629638672,0,-0.08362570405006409,-0.020606279373168945,0.0454254150390625,-0.000682532787322998,0.001776035875082016,0.0005397796630859375,103257258973568,3.313,1419426,11828.55,34,True,0.7630018591880798,1.1680843830108643,-5.201292991638184,0.7180049419403076,0.014331351034343243,-0.6958420276641846,-0.008211969397962093,1416250,0.7637673020362854,1.1645777225494385,-5.201920986175537,0.7197523222325736,0.059297473105737596,-0.6910412412615404,-0.030040093205606817,-0.00020655446860335042,-0.0035878522159784737,0.000601331200205126,0.0036437545862121113,0.01569976760164976,-0.004606454983316576,0.047489204244258114,0.9987377400248716,5.758212989898627
103257362403982,26.558723345,31991408,-2.0321761071681976,-0.10079872608184814,2.3199310302734375,0.0606054961681366,-0.13353052362799644,0.136602520942688,26.735576629638672,0,-0.08362570405006409,-0.020606279373168945,0.0454254150390625,-0.000682532787322998,0.001776035875082016,0.0005397796630859375,103257359358918,3.045,1419438,11828.65,34,True,0.7626805305480957,1.1678552627563477,-5.198408603668213,0.7174233794212341,0.0172673799097538,-0.6964051127433777,-0.005046448670327663,1416250,0.7637673020362854,1.1645777225494385,-5.201920986175537,0.7197523222325736,0.059297473105737596,-0.6910412412615404,-0.030040093205606817,-0.0031067896087937997,-0.0037359604386155544,0.0008066169357234188,0.004925461699496352,0.011443319672837599,-0.005689526490034957,0.04754592673305196,0.9987872969628118,5.644022773824225
103257462523865,26.658843228,32091523,-3.298398107290268,-0.20224392414093018,1.6438446044921875,0.04311634600162506,-0.11485173925757408,0.17260730266571045,26.735576629638672,0,-0.08362570405006409,-0.020606279373168945,0.0454254150390625,-0.000682532787322998,0.001776035875082016,0.0005397796630859375,103257459214738,3.309,1419450,11828.75,34,True,0.7625098824501038,1.1679856777191162,-5.196371555328369,0.7159174680709839,0.017596686258912086,-0.6979243159294128,-0.007368606515228748,1416250,0.7637673020362854,1.1645777225494385,-5.201920986175537,0.7197523222325736,0.059297473105737596,-0.6910412412615404,-0.030040093205606817,-0.005115820155521329,-0.004127736340075498,0.0008840939005149126,0.006632604705675276,0.013022455895247044,-0.007695817275482519,0.0456605389712521,0.9988424826867216,5.514082689731513
103257562645214,26.758964577,32191591,-4.182585805654526,-0.2527790069580078,1.8159942626953125,0.04837680608034134,-0.11173677071928978,0.19499802589416504,26.735576629638672,0,-0.08362570405006409,-0.020606279373168945,0.0454254150390625,-0.000682532787322998,0.001776035875082016,0.0005397796630859375,103257561110806,1.534,1419462,11828.85,34,True,0.7623814940452576,1.1680970191955566,-5.195065498352051,0.7153996825218201,0.01357077807188034,-0.698561429977417,-0.0055750589817762375,1416250,0.7637673020362854,1.1645777225494385,-5.201920986175537,0.7197523222325736,0.059297473105737596,-0.6910412412615404,-0.030040093205606817,-0.006401114798738396,-0.004407236781898053,0.0009516402949653184,0.007829663209190065,0.014566948611136213,-0.008497607264364826,0.04978604857995059,0.9986175163924054,6.026257258411817
103257662874031,26.859193394,32291774,-4.890637010335922,-0.43208420276641846,1.3589019775390625,0.03668954223394394,-0.10413510724902153,0.21564030647277832,26.735576629638672,0,-0.08362570405006409,-0.020606279373168945,0.0454254150390625,-0.000682532787322998,0.001776035875082016,0.0005397796630859375,103257659882496,2.992,1419474,11828.95,34,True,0.7625528573989868,1.1682788133621216,-5.193728923797607,0.7146949768066406,0.017767978832125664,-0.699198842048645,-0.004045615904033184,1416250,0.7637673020362854,1.1645777225494385,-5.201920986175537,0.7197523222325736,0.059297473105737596,-0.6910412412615404,-0.030040093205606817,-0.007696361398334725,-0.004747246567182957,0.0007158954122456659,0.009070988644281372,0.01062465611706072,-0.009660143317318239,0.04779937312027488,0.9987537325300927,5.72161155352527
103257763110697,26.959430060,32392068,-5.389885514974594,-0.5268901586532593,1.20361328125,0.03068966418504715,-0.10401439294219017,0.23203051090240479,26.735576629638672,0,-0.08362570405006409,-0.020606279373168945,0.0454254150390625,-0.000682532787322998,0.001776035875082016,0.0005397796630859375,103257761493347,1.617,1419486,11829.05,34,True,0.7622946500778198,1.167953610420227,-5.193094253540039,0.71448814868927,0.018638132140040398,-0.6993952393531799,-0.0023625914473086596,1416250,0.7637673020362854,1.1645777225494385,-5.201920986175537,0.7197523222325736,0.059297473105737596,-0.6910412412615404,-0.030040093205606817,-0.008376487677734676,-0.004515696319087364,0.0009588913723755192,0.009564336449826315,0.008829842627151993,-0.010070366184346702,0.04832975349240591,0.9987416365264123,5.749316667692602
103257863168693,27.059488056,32492152,-5.740666478872299,-0.4670790433883667,1.025634765625,0.02427070587873459,-0.10113069042563438,0.24317502975463867,26.735576629638672,0,-0.08362570405006409,-0.020606279373168945,0.0454254150390625,-0.000682532787322998,0.001776035875082016,0.0005397796630859375,103257857815109,5.354,1419498,11829.15,34,True,0.7623482942581177,1.1676994562149048,-5.192934989929199,0.7141509056091309,0.019162891432642937,-0.699726939201355,-0.001863250508904457,1416250,0.7637673020362854,1.1645777225494385,-5.201920986175537,0.7197523222325736,0.059297473105737596,-0.6910412412615404,-0.030040093205606817,-0.008564562514612352,-0.0042813756069000645,0.0009083086137117406,0.009618052437567852,0.008137610216493785,-0.010587530190677373,0.048287088193129046,0.9987442318322819,5.743383539184372
103257963278007,27.159597370,32592187,-5.659051030874252,-0.33715808391571045,0.874176025390625,0.02479194849729538,-0.10107996687293053,0.24046802520751953,26.735576629638672,0,-0.08362570405006409,-0.020606279373168945,0.0454254150390625,-0.000682532787322998,0.001776035875082016,0.0005397796630859375,103257959284250,3.994,1419510,11829.25,34,True,0.7624025940895081,1.1675779819488525,-5.193238735198975,0.7144026160240173,0.018314329907298088,-0.6994946599006653,-0.0008663719054311514,1416250,0.7637673020362854,1.1645777225494385,-5.201920986175537,0.7197523222325736,0.059297473105737596,-0.6910412412615404,-0.030040093205606817,-0.008276846648346256,-0.004120566316471426,0.0008718996817929413,0.009286843719143238,0.007985160361361295,-0.010280025610330921,0.04959467344403595,0.9986845981857504,5.878201396757527
103258063379111,27.259698474,32692476,-5.5079165399074554,-0.3509484529495239,0.7656707763671875,0.020001009106636047,-0.097304318100214,0.2355959415435791,26.735576629638672,0,-0.08362570405006409,-0.020606279373168945,0.0454254150390625,-0.000682532787322998,0.001776035875082016,0.0005397796630859375,103258058584117,4.795,1419522,11829.35,34,True,0.7624236345291138,1.1676594018936157,-5.193568706512451,0.7144419550895691,0.018227076157927513,-0.6994571685791016,-0.0004519986396189779,1416250,0.7637673020362854,1.1645777225494385,-5.201920986175537,0.7197523222325736,0.059297473105737596,-0.6910412412615404,-0.030040093205606817,-0.007938653341588869,-0.004159032931386545,0.0008619708337749189,0.009003486298126771,0.007743805194180874,-0.010247806271215574,0.049945029351789946,0.9986693697069071,5.91213711825524
103258163499840,27.359819203,32792513,-5.169653505086899,-0.31869256496429443,0.9850921630859375,0.02713245153427124,-0.10144081339240074,0.22520625591278076,26.735576629638672,0,-0.08362570405006409,-0.020606279373168945,0.0454254150390625,-0.000682532787322998,0.001776035875082016,0.0005397796630859375,103258161147544,2.352,1419534,11829.45,34,True,0.7623631954193115,1.1676452159881592,-5.19417142868042,0.7149129509925842,0.016184983775019646,-0.6990242004394531,-0.001640796777792275,1416250,0.7637673020362854,1.1645777225494385,-5.201920986175537,0.7197523222325736,0.059297473105737596,-0.6910412412615404,-0.030040093205606817,-0.007345328459336282,-0.004072163188303548,0.0009488464316428418,0.008452021814841192,0.009970793026582467,-0.009478861804092131,0.050608245562092806,0.9986238230417133,6.012493017328368
103258263622459,27.459941822,32892634,-4.845282644033432,-0.2730339765548706,0.970428466796875,0.03102537989616394,-0.09201426431536674,0.21228599548339844,26.735576629638672,0,-0.08362570405006409,-0.020606279373168945,0.0454254150390625,-0.000682532787322998,0.001776035875082016,0.0005397796630859375,103258259368435,4.254,1419546,11829.55,34,True,0.7623279094696045,1.168479561805725,-5.195230484008789,0.7156781554222107,0.014583265408873558,-0.698270857334137,-0.003171659307554364,1416250,0.7637673020362854,1.1645777225494385,-5.201920986175537,0.7197523222325736,0.059297473105737596,-0.6910412412615404,-0.030040093205606817,-0.0061910765235414136,-0.004768092310288165,0.0009974402169559632,0.007877754742702766,0.012111829342900744,-0.008268960923576874,0.050725937644930316,0.9986049304531075,6.053632566938161
103258363745991,27.560065354,32992858,-4.00705823302269,-0.6058968305587769,1.224212646484375,0.04353119432926178,-0.09769817069172859,0.19041907787322998,26.735576629638672,0,-0.08362570405006409,-0.020606279373168945,0.0454254150390625,-0.000682532787322998,0.001776035875082016,0.0005397796630859375,103258361932745,1.813,1419558,11829.65,34,True,0.7623893618583679,1.1699475049972534,-5.196244716644287,0.7162508368492126,0.012638484127819538,-0.6977174878120422,-0.00391274644061923,1416250,0.7637673020362854,1.1645777225494385,-5.201920986175537,0.7197523222325736,0.059297473105737596,-0.6910412412615404,-0.030040093205606817,-0.004997198165811819,-0.006093390127437175,0.0009229982170275095,0.007934312727777863,0.013939136684167833,-0.007372560047052333,0.051630915772843095,0.9985417339116629,6.1892611065459615
103258463975575,27.660294938,33092993,-3.2930124700069427,-1.3140398263931274,1.1573638916015625,0.046376749873161316,-0.09483563527464867,0.17049872875213623,26.735576629638672,0,-0.08362570405006409,-0.020606279373168945,0.0454254150390625,-0.000682532787322998,0.001776035875082016,0.0005397796630859375,103258459350650,4.625,1419570,11829.75,34,True,0.7624750137329102,1.1717252731323242,-5.197303295135498,0.7168426513671875,0.010642492212355137,-0.6971480250358582,-0.0028370877262204885,1416250,0.7637673020362854,1.1645777225494385,-5.201920986175537,0.7197523222325736,0.059297473105737596,-0.6910412412615404,-0.030040093205606817,-0.0037191378626634302,-0.007719162011010014,0.0008143158732893581,0.008607006386381266,0.014492695167286766,-0.006557543473485972,0.05382884457023559,0.9984234652203519,6.43541379513763
103258564185623,27.760504986,33193189,-2.8374310433864594,-2.0978195667266846,0.8887786865234375,0.03633883595466614,-0.08917943015694618,0.15871894359588623,26.735576629638672,0,-0.08362570405006409,-0.020606279373168945,0.0454254150390625,-0.000682532787322998,0.001776035875082016,0.0005397796630859375,103258561576121,2.610,1419582,11829.85,34,True,0.7626034617424011,1.1748770475387573,-5.197795391082764,0.7164145112037659,0.0061059086583554745,-0.6976346969604492,-0.004350035451352596,1416250,0.7637673020362854,1.1645777225494385,-5.201920986175537,0.7197523222325736,0.059297473105737596,-0.6910412412615404,-0.030040093205606817,-0.002826620689765154,-0.01077584340637232,0.000585293680408795,0.011155767760884623,0.01875832821685025,-0.0069776956385218525,0.05603778213292291,0.9982280319945479,6.82275402677888
103258664391128,27.860710491,33293368,-2.5115769803524017,-3.2753279209136963,0.6956329345703125,0.03341218829154968,-0.08790992572903633,0.1572035551071167,26.735576629638672,0,-0.08362570405006409,-0.020606279373168945,0.0454254150390625,-0.000682532787322998,0.001776035875082016,0.0005397796630859375,103258659682300,4.709,1419594,11829.95,34,True,0.7626053094863892,1.1781286001205444,-5.198019504547119,0.7180774807929993,0.004853600170463324,-0.6958933472633362,-0.008588123135268688,1416250,0.7637673020362854,1.1645777225494385,-5.201920986175537,0.7197523222325736,0.059297473105737596,-0.6910412412615404,-0.030040093205606817,-0.0021918638195730427,-0.013970522076356283,0.0004672413086279323,0.014149136670836138,0.02252088478399056,-0.00428624738676875,0.05405674027198343,0.9982746649409936,6.732351943661129
103258764509714,27.960829077,33393508,-2.2457066476345062,-4.45656943321228,0.6513519287109375,0.02963615208864212,-0.08449279144406319,0.15263450145721436,26.735576629638672,0,-0.08362570405006409,-0.020606279373168945,0.0454254150390625,-0.000682532787322998,0.001776035875082016,0.0005397796630859375,103258761795052,2.715,1419606,11830.05,34,True,0.7628446817398071,1.1804393529891968,-5.198451995849609,0.7175654768943787,0.005972711369395256,-0.6964330673217773,-0.0067262486554682255,1416250,0.7637673020362854,1.1645777225494385,-5.201920986175537,0.7197523222325736,0.059297473105737596,-0.6910412412615404,-0.030040093205606817,-0.0014609295254074122,-0.016196213478196116,0.00015746806283357847,0.016262731698589914,0.02045482898445315,-0.005172550523232401,0.05452374172713661,0.9982895403040012,6.703258561607677
103258864574569,28.060893932,33493639,-1.9714027345180511,-5.393605947494507,0.6069793701171875,0.030724182724952698,-0.08011019602417946,0.14691591262817383,26.735576629638672,0,-0.08362570405006409,-0.020606279373168945,0.0454254150390625,-0.000682532787322998,0.001776035875082016,0.0005397796630859375,103258859271557,5.303,1419618,11830.15,34,True,0.7630694508552551,1.1831966638565063,-5.199296951293945,0.7175629734992981,0.0012180112535133958,-0.696441113948822,-0.00847533717751503,1416250,0.7637673020362854,1.1645777225494385,-5.201920986175537,0.7197523222325736,0.059297473105737596,-0.6910412412615404,-0.030040093205606817,-0.00026505850696458217,-0.018813517563877898,-0.00013722823418702983,0.018815885063602895,0.024999985213183314,-0.004933523868648093,0.05673734857837959,0.9980638929236312,7.131853393461536
103258964692454,28.161011817,33593320,-1.4705071151256561,-6.320223093032837,0.824249267578125,0.035100191831588745,-0.07601906731724739,0.138177752494812,26.735576629638672,0,-0.08362570405006409,-0.020606279373168945,0.0454254150390625,-0.000682532787322998,0.001776035875082016,0.0005397796630859375,103258960843790,3.849,1419630,11830.25,34,True,0.7627655267715454,1.1857056617736816,-5.199705123901367,0.7194570302963257,-0.0013386138016358018,-0.6944140195846558,-0.0129973404109478,1416250,0.7637673020362854,1.1645777225494385,-5.201920986175537,0.7197523222325736,0.059297473105737596,-0.6910412412615404,-0.030040093205606817,0.0004463375620708367,-0.021262565417940634,8.665904988681936e-05,0.02126742615274466,0.029844344110772764,-0.001820702435452626,0.05550401870102619,0.9980106733273325,7.229240969045816
103259064892238,28.261211601,33693905,-1.224372237920761,-7.381953477859497,0.4930572509765625,0.023543760180473328,-0.07238486036658287,0.13343501091003418,26.735576629638672,0,-0.08362570405006409,-0.020606279373168945,0.0454254150390625,-0.000682532787322998,0.001776035875082016,0.0005397796630859375,103259060755507,4.137,1419642,11830.35,34,True,0.7632800936698914,1.188109040260315,-5.1995344161987305,0.7187069654464722,-0.0013080474454909563,-0.6952106952667236,-0.011858148500323296,1416250,0.7637673020362854,1.1645777225494385,-5.201920986175537,0.7197523222325736,0.059297473105737596,-0.6910412412615404,-0.030040093205606817,0.0006015639574215169,-0.023643517667680865,-0.0005274415227134943,0.023657049720045148,0.02907305880372701,-0.002980906834660846,0.05624870326235552,0.9979889552633043,7.268608887728117
103259165037714,28.361357077,33794094,-1.4405432641506195,-8.2540442943573,-0.010833740234375,0.011522114276885986,-0.057072337716817856,0.14294946193695068,26.735576629638672,0,-0.08362570405006409,-0.020606279373168945,0.0454254150390625,-0.000682532787322998,0.001776035875082016,0.0005397796630859375,103259161264295,3.773,1419654,11830.45,34,True,0.7628984451293945,1.1906299591064453,-5.198798179626465,0.7190842032432556,-0.005168032366782427,-0.6945899128913879,-0.020882559940218925,1416250,0.7637673020362854,1.1645777225494385,-5.201920986175537,0.7197523222325736,0.059297473105737596,-0.6910412412615404,-0.030040093205606817,0.00017719535684262728,-0.026251065056211585,-0.00027576785506146933,0.026253111485875818,0.03818766416324434,-0.0016223311887242353,0.05279441433369166,0.9978736493977741,7.4741541104398
103259265216912,28.461536275,33894162,-1.6703839004039764,-9.01805853843689,-0.26153564453125,0.0014960244297981262,-0.05462762340903282,0.15784084796905518,26.735576629638672,0,-0.08362570405006409,-0.020606279373168945,0.0454254150390625,-0.000682532787322998,0.001776035875082016,0.0005397796630859375,103259259357356,5.860,1419666,11830.55,34,True,0.7631344199180603,1.1921433210372925,-5.198310852050781,0.7185059189796448,-0.0020587490871548653,-0.695274829864502,-0.018385477364063263,1416250,0.7637673020362854,1.1645777225494385,-5.201920986175537,0.7197523222325736,0.059297473105737596,-0.6910412412615404,-0.030040093205606817,-0.0001048889426985924,-0.027801719596519985,-0.0005909432748172884,0.027808197139834068,0.03429972443559453,-0.002756393765323717,0.052268369591749145,0.998040053673836,7.175640515386282
103259365337921,28.561657284,33994421,-1.958096832036972,-9.801140546798706,-0.560821533203125,-0.012708183377981186,-0.05325799062848091,0.16597890853881836,26.735576629638672,0,-0.08362570405006409,-0.020606279373168945,0.0454254150390625,-0.000682532787322998,0.001776035875082016,0.0005397796630859375,103259362586026,2.752,1419678,11830.65,34,True,0.7633609771728516,1.1940003633499146,-5.1978864669799805,0.7186487913131714,0.00021504367759916931,-0.6950839757919312,-0.020055407658219337,1416250,0.7637673020362854,1.1645777225494385,-5.201920986175537,0.7197523222325736,0.059297473105737596,-0.6910412412615404,-0.030040093205606817,-0.00028133673226346956,-0.02968555001959606,-0.0009073072164044417,0.029700744716383794,0.033914767443891006,-0.0024895777737039553,0.04948055072032274,0.9981960056282279,6.884153181285086
103259465457522,28.661776885,34094452,-1.9836672246456146,-10.350767850875854,-0.63702392578125,-0.012333735823631287,-0.05647406354546547,0.17344188690185547,26.735576629638672,0,-0.08362570405006409,-0.020606279373168945,0.0454254150390625,-0.000682532787322998,0.001776035875082016,0.0005397796630859375,103259458798124,6.659,1419690,11830.75,34,True,0.7630466818809509,1.1953771114349365,-5.1976704597473145,0.7185618877410889,-0.004590741824358702,-0.6950608491897583,-0.023198094218969345,1416250,0.7637673020362854,1.1645777225494385,-5.201920986175537,0.7197523222325736,0.059297473105737596,-0.6910412412615404,-0.030040093205606817,-0.00033267357275561195,-0.031090953990677545,-0.0006561495934596449,0.031099656333236792,0.03949896010177232,-0.0022022667923143886,0.05076195424544342,0.9979269543273384,7.379842881187791
103259565581051,28.761900414,34194571,-2.2349201142787933,-10.932937383651733,-0.8276824951171875,-0.02135806530714035,-0.054475557059049606,0.1817089319229126,26.735576629638672,0,-0.08362570405006409,-0.020606279373168945,0.0454254150390625,-0.000682532787322998,0.001776035875082016,0.0005397796630859375,103259563031081,2.550,1419702,11830.85,34,True,0.7630295157432556,1.1956379413604736,-5.197531223297119,0.718685507774353,-0.0035100956447422504,-0.6948738694190979,-0.025081565603613853,1416250,0.7637673020362854,1.1645777225494385,-5.201920986175537,0.7197523222325736,0.059297473105737596,-0.6910412412615404,-0.030040093205606817,-0.0004382411397570911,-0.03136766345899616,-0.0006551130886219813,0.03137756426704122,0.040093021702497296,-0.0019030387807323912,0.04868431462966225,0.998007397549338,7.235192608814994
103259665822092,28.862141455,34294618,-2.0110104978084564,-10.693684339523315,-0.5226898193359375,-0.0062403492629528046,-0.06565416976809502,0.17644596099853516,26.735576629638672,0,-0.08362570405006409,-0.020606279373168945,0.0454254150390625,-0.000682532787322998,0.001776035875082016,0.0005397796630859375,103259658823302,6.999,1419714,11830.95,34,True,0.7632322311401367,1.1949257850646973,-5.198029518127441,0.7184995412826538,-0.0024032946676015854,-0.6951701045036316,-0.022161493077874184,1416250,0.7637673020362854,1.1645777225494385,-5.201920986175537,0.7197523222325736,0.059297473105737596,-0.6910412412615404,-0.030040093205606817,-2.700900714305886e-05,-0.03059052841665333,-0.0008084334028044245,0.030601220937461166,0.03724959973451101,-0.0024511665073105866,0.049903453875192086,0.9980561629456024,7.146080909993564
103259766029929,28.962349292,34395074,-1.8290084302425385,-10.52922797203064,-0.65521240234375,-0.008628785610198975,-0.06331783905625343,0.16624903678894043,26.735576629638672,0,-0.08362570405006409,-0.020606279373168945,0.0454254150390625,-0.000682532787322998,0.001776035875082016,0.0005397796630859375,103259762353683,3.676,1419726,11831.05,34,True,0.7633177042007446,1.1947364807128906,-5.198340892791748,0.7191375494003296,-0.0026163372676819563,-0.6945051550865173,-0.02229270711541176,1416250,0.7637673020362854,1.1645777225494385,-5.201920986175537,0.7197523222325736,0.059297473105737596,-0.6910412412615404,-0.030040093205606817,0.0002608442078506864,-0.030360166623283752,-0.0008730084293085231,0.0303738357935241,0.037432665749332766,-0.0015174971577520124,0.049983973028530575,0.9980471407591718,7.162651122528069
103259866096299,29.062415662,34495049,-1.4641744792461395,-10.30735468864441,-0.50677490234375,-0.0048420242965221405,-0.0730750598013401,0.15958940982818604,26.735576629638672,0,-0.08362570405006409,-0.020606279373168945,0.0454254150390625,-0.000682532787322998,0.001776035875082016,0.0005397796630859375,103259858532577,7.564,1419738,11831.15,34,True,0.7633796334266663,1.1938591003417969,-5.19887113571167,0.7185537815093994,-0.005406584125012159,-0.6951465010643005,-0.020560631528496742,1416250,0.7637673020362854,1.1645777225494385,-5.201920986175537,0.7197523222325736,0.059297473105737596,-0.6910412412615404,-0.030040093205606817,0.0006774453792153957,-0.029421440043528577,-0.0008780055494632395,0.029442332791775442,0.03816974011540967,-0.002401403360494936,0.053173841961979926,0.997852617740929,7.511039627373045
103259966207949,29.162527312,34594889,-1.4015298783779144,-9.84747862815857,-0.0081939697265625,0.014256961643695831,-0.07308957353234291,0.14939582347869873,26.735576629638672,0,-0.08362570405006409,-0.020606279373168945,0.0454254150390625,-0.000682532787322998,0.001776035875082016,0.0005397796630859375,103259958275363,7.933,1419750,11831.25,34,True,0.763238251209259,1.1931332349777222,-5.198878765106201,0.7192580699920654,-0.0007012505084276199,-0.6942464113235474,-0.02625369280576706,1416250,0.7637673020362854,1.1645777225494385,-5.201920986175537,0.7197523222325736,0.059297473105737596,-0.6910412412615404,-0.030040093205606817,0.000587554862201356,-0.028707232469184083,-0.0007084328466980022,0.02872198276328001,0.03894122784770848,-0.001070634003870252,0.045867755205384456,0.998187649467254,6.900083380320498
103260066324870,29.262644233,34695109,-1.1916316449642181,-9.429555654525757,0.2662200927734375,0.02173250913619995,-0.0823490135371685,0.14040780067443848,26.735576629638672,0,-0.08362570405006409,-0.020606279373168945,0.0454254150390625,-0.000682532787322998,0.001776035875082016,0.0005397796630859375,103260059695605,6.629,1419762,11831.35,34,True,0.7631902098655701,1.1925251483917236,-5.198845863342285,0.7193508744239807,-0.001197202829644084,-0.6941062808036804,-0.02737385220825672,1416250,0.7637673020362854,1.1645777225494385,-5.201920986175537,0.7197523222325736,0.059297473105737596,-0.6910412412615404,-0.030040093205606817,0.0004759703255908629,-0.028110745045645428,-0.0006383511972223989,0.028122020322571373,0.04007909201589189,-0.0008243219825244119,0.045451935875066844,0.9981618648303789,6.949009333155393
103260166452714,29.362772077,34795375,-0.9231947362422943,-9.230059385299683,0.4378204345703125,0.02754978835582733,-0.09056570753455162,0.1353529691696167,26.735576629638672,0,-0.08362570405006409,-0.020606279373168945,0.0454254150390625,-0.000682532787322998,0.001776035875082016,0.0005397796630859375,103260160458654,5.994,1419774,11831.45,34,True,0.7629557847976685,1.1915537118911743,-5.198882102966309,0.7193776965141296,0.0006157328607514501,-0.694097638130188,-0.02690722793340683,1416250,0.7637673020362854,1.1645777225494385,-5.201920986175537,0.7197523222325736,0.059297473105737596,-0.6910412412615404,-0.030040093205606817,0.0003797552668404879,-0.02715363368520957,-0.0003651519958988651,0.02715874393916902,0.03848910251079009,-0.0008816965340003313,0.04447085401653649,0.9982685784608148,6.744219801775415
103260266704957,29.463024320,34895548,-1.0009197890758514,-8.898716688156128,0.629302978515625,0.035408854484558105,-0.09100420400500298,0.1314021348953247,26.735576629638672,0,-0.08362570405006409,-0.020606279373168945,0.0454254150390625,-0.000682532787322998,0.001776035875082016,0.0005397796630859375,103260259780527,6.924,1419786,11831.55,34,True,0.7630148530006409,1.191133975982666,-5.198740482330322,0.7189483046531677,0.0020782758947461843,-0.6944825649261475,-0.028339726850390434,1416250,0.7637673020362854,1.1645777225494385,-5.201920986175537,0.7197523222325736,0.059297473105737596,-0.6910412412615404,-0.030040093205606817,0.00018836508517984085,-0.026752747907592533,-0.00041397905498642793,0.02675661377436388,0.038545193964633635,-0.001414467304968192,0.04241437148682538,0.9983552916651715,6.573120810898156
103260366831527,29.563150890,34995770,-0.9445627629756927,-8.754364728927612,0.2762908935546875,0.024788029491901398,-0.088556457310915,0.12710869312286377,26.735576629638672,0,-0.08362570405006409,-0.020606279373168945,0.0454254150390625,-0.000682532787322998,0.001776035875082016,0.0005397796630859375,103260359695114,7.136,1419798,11831.65,34,True,0.7633180618286133,1.1906787157058716,-5.198497295379639,0.7169957160949707,0.0051980214193463326,-0.6963585019111633,-0.031224731355905533,1416250,0.7637673020362854,1.1645777225494385,-5.201920986175537,0.7197523222325736,0.059297473105737596,-0.6910412412615404,-0.030040093205606817,-9.895340203869328e-05,-0.026318664086499424,-0.0007095407729706619,0.026328412773699014,0.03863570667907203,-0.004036640560448669,0.038115842947022444,0.9985179869280435,6.239464146324374
103260467098159,29.663417522,35095932,-0.7791878879070282,-8.504091024398804,0.29302978515625,0.024522505700588226,-0.08777124807238579,0.1158907413482666,26.735576629638672,0,-0.08362570405006409,-0.020606279373168945,0.0454254150390625,-0.000682532787322998,0.001776035875082016,0.0005397796630859375,103260459819432,7.279,1419810,11831.75,34,True,0.7632405757904053,1.1899961233139038,-5.198323726654053,0.717412531375885,0.010466779582202435,-0.6957136392593384,-0.03453043848276138,1416250,0.7637673020362854,1.1645777225494385,-5.201920986175537,0.7197523222325736,0.059297473105737596,-0.6910412412615404,-0.030040093205606817,-0.0003605350247230833,-0.025667231228022152,-0.0006132451460662382,0.025677087335326438,0.037323306332198054,-0.003246716391234195,0.032044605066278466,0.9987840471910102,5.651581602232159
103260567218103,29.763537466,35196181,-0.7603309452533722,-8.139865636825562,0.37646484375,0.026274390518665314,-0.074244175106287,0.10268604755401611,26.735576629638672,0,-0.08362570405006409,-0.020606279373168945,0.0454254150390625,-0.000682532787322998,0.001776035875082016,0.0005397796630859375,103260561032426,6.186,1419822,11831.85,34,True,0.7629046440124512,1.1890617609024048,-5.198352813720703,0.7194255590438843,0.017288807779550552,-0.6931180953979492,-0.04141715541481972,1416250,0.7637673020362854,1.1645777225494385,-5.201920986175537,0.7197523222325736,0.059297473105737596,-0.6910412412615404,-0.030040093205606817,-0.0004629820684693606,-0.024752211969314503,-0.00024045339142330852,0.024757709255968072,0.03735135326813941,0.00021594782290534903,0.02241682662745898,0.9990507072514041,4.993465683709444
103260667436395,29.863755758,35296299,-0.26991182565689087,-7.864122629165649,0.2212371826171875,0.019794873893260956,-0.06582416221499443,0.08220231533050537,26.735576629638672,0,-0.08362570405006409,-0.020606279373168945,0.0454254150390625,-0.000682532787322998,0.001776035875082016,0.0005397796630859375,103260667252659,0.184,1419835,11831.958333333334,34,True,0.7629027962684631,1.1883810758590698,-5.198143482208252,0.7184675335884094,0.023766813799738884,-0.693391740322113,-0.049471642822027206,1416250,0.7637673020362854,1.1645777225494385,-5.201920986175537,0.7197523222325736,0.059297473105737596,-0.6910412412615404,-0.030040093205606817,-0.0007569035115140084,-0.024103830926088615,-0.00022128486026622748,0.024116727291002633,0.038717027555769286,-0.0003600329873781338,0.01213969682616423,0.9991764058035311,4.651082854422594
103260767561975,29.963881338,35396449,-0.2544870972633362,-7.640062570571899,0.0675811767578125,0.016448132693767548,-0.05297822877764702,0.07192277908325195,26.735576629638672,0,-0.08362570405006409,-0.020606279373168945,0.0454254150390625,-0.000682532787322998,0.001776035875082016,0.0005397796630859375,103260767225699,0.336,1419847,11832.058333333332,34,True,0.7627634406089783,1.188420295715332,-5.197569370269775,0.7181491255760193,0.027919460088014603,-0.692857563495636,-0.058572832494974136,1416250,0.7637673020362854,1.1645777225494385,-5.201920986175537,0.7197523222325736,0.059297473105737596,-0.6910412412615404,-0.030040093205606817,-0.0013262644114834373,-0.024220690702118165,-0.00010843685102667158,0.024257217357469125,0.042375869015884665,0.00021934061816308859,0.0028265950794992764,0.9990977169301802,4.86823674731614
103260867626386,30.063945749,35496628,-0.3332670331001282,-7.515385866165161,0.087554931640625,0.017146550118923187,-0.04777983948588371,0.06777608394622803,26.735576629638672,0,-0.08362570405006409,-0.020606279373168945,0.0454254150390625,-0.000682532787322998,0.001776035875082016,0.0005397796630859375,103260866622434,1.004,1419859,11832.158333333333,34,True,0.7629657983779907,1.1865876913070679,-5.197169303894043,0.717343270778656,0.03349880874156952,-0.6937267184257507,-0.05513382330536842,1416250,0.7637673020362854,1.1645777225494385,-5.201920986175537,0.7197523222325736,0.059297473105737596,-0.6910412412615404,-0.030040093205606817,-0.0019476554468264777,-0.022445496840012024,-0.0002567629175038375,0.02253130305442514,0.036120821036131144,-0.001334643239971567,0.0011656674897427557,0.999345859167086,4.14502288521697
103260967702105,30.164021468,35596517,-0.10475325584411621,-6.850040674209595,0.201934814453125,0.02031780034303665,-0.06398504599928856,0.058493852615356445,26.735576629638672,0,-0.08362570405006409,-0.020606279373168945,0.0454254150390625,-0.000682532787322998,0.001776035875082016,0.0005397796630859375,103260966616187,1.086,1419871,11832.258333333333,34,True,0.76285719871521,1.1841635704040527,-5.197454452514648,0.7192085385322571,0.03720637038350105,-0.6916100382804871,-0.05504864454269409,1416250,0.7637673020362854,1.1645777225494385,-5.201920986175537,0.7197523222325736,0.059297473105737596,-0.6910412412615404,-0.030040093205606817,-0.0019766976114534867,-0.02001185978522065,-4.2209862889463064e-05,0.020109292557993742,0.03331588891563911,0.0013613927233173118,-0.0013969761331102185,0.9994429681644157,3.824967910494831
103261067919271,30.264238634,35696624,0.08651239238679409,-5.802209138870239,0.4954833984375,0.03716348856687546,-0.0673503689467907,0.04448831081390381,26.735576629638672,0,-0.08362570405006409,-0.020606279373168945,0.0454254150390625,-0.000682532787322998,0.001776035875082016,0.0005397796630859375,103261067281069,0.638,1419883,11832.358333333334,34,True,0.7628290057182312,1.1819572448730469,-5.1980743408203125,0.7184607982635498,0.036108411848545074,-0.6925341486930847,-0.05391395464539528,1416250,0.7637673020362854,1.1645777225494385,-5.201920986175537,0.7197523222325736,0.059297473105737596,-0.6910412412615404,-0.030040093205606817,-0.001643267715005566,-0.017748659930489134,9.807423116244671e-05,0.01782483875568439,0.033335188064498894,0.00014524130093712673,0.0001608208179608231,0.9994442046849508,3.8207197531690396
103261168075197,30.364394560,35797005,0.1732800230383873,-4.90143895149231,0.58563232421875,0.03522138297557831,-0.06770371273159981,0.03754246234893799,26.735576629638672,0,-0.08362570405006409,-0.020606279373168945,0.0454254150390625,-0.000682532787322998,0.001776035875082016,0.0005397796630859375,103261159669368,8.406,1419894,11832.45,34,True,0.7629930973052979,1.1802579164505005,-5.198718070983887,0.7185679078102112,0.03549722582101822,-0.6926918029785156,-0.05077631026506424,1416250,0.7637673020362854,1.1645777225494385,-5.201920986175537,0.7197523222325736,0.059297473105737596,-0.6910412412615404,-0.030040093205606817,-0.001214593716875741,-0.01597656185838291,2.779844386595237e-05,0.016022688272112486,0.0315053459416512,-6.19079194117411e-05,0.002780052240816857,0.9994997151845741,3.624886344856625
103261268191978,30.464511341,35897348,0.20531973987817764,-4.217189073562622,0.316314697265625,0.027810119092464447,-0.05787103250622749,0.04040646553039551,26.735576629638672,0,-0.08362570405006409,-0.020606279373168945,0.0454254150390625,-0.000682532787322998,0.001776035875082016,0.0005397796630859375,103261262672664,5.519,1419906,11832.55,34,True,0.7630692720413208,1.1783148050308228,-5.199320316314697,0.7183785438537598,0.03195163235068321,-0.6935532093048096,-0.04353578761219978,1416250,0.7637673020362854,1.1645777225494385,-5.201920986175537,0.7197523222325736,0.059297473105737596,-0.6910412412615404,-0.030040093205606817,-0.0008613009927994663,-0.013971883289103149,5.2940105674880675e-05,0.013998505802381411,0.028800882080527248,-0.0011356001345016466,0.010350148839858088,0.9995309370013071,3.509944029509509
103261368311755,30.564631118,35997390,0.08538713399320841,-3.6603844165802,0.3907318115234375,0.026248134672641754,-0.05991474166512489,0.04564023017883301,26.880130767822266,0,-0.08362570405006409,-0.020606279373168945,0.0454254150390625,-0.000682532787322998,0.001776035875082016,0.0005397796630859375,103261368174174,0.138,1419919,11832.658333333333,34,True,0.7629799246788025,1.1768580675125122,-5.1996917724609375,0.717631995677948,0.02762913703918457,-0.694486677646637,-0.043924178928136826,1416250,0.7637673020362854,1.1645777225494385,-5.201920986175537,0.7197523222325736,0.059297473105737596,-0.6910412412615404,-0.030040093205606817,-0.0006813275337612696,-0.012485431190768143,0.00021454620215481557,0.012505847804148516,0.0321452276045838,-0.002170482826246878,0.013176652964709448,0.9993939909581198,3.9895977709719634
103261468417075,30.664736438,36097356,0.06210589408874512,-2.878232717514038,0.7104034423828125,0.04085876792669296,-0.0602840892970562,0.04607880115509033,26.880130767822266,0,-0.08362570405006409,-0.020606279373168945,0.0454254150390625,-0.000682532787322998,0.001776035875082016,0.0005397796630859375,103261467421614,0.995,1419931,11832.758333333333,34,True,0.7628806829452515,1.1749616861343384,-5.200047016143799,0.7197074294090271,0.029644310474395752,-0.6927375793457031,-0.0354558527469635,1416250,0.7637673020362854,1.1645777225494385,-5.201920986175537,0.7197523222325736,0.059297473105737596,-0.6910412412615404,-0.030040093205606817,-0.0005735793314644616,-0.01056568398061452,0.0004023500929152249,0.010588888365875163,0.024491500470169566,-4.004144202840454e-05,0.017648715236078374,0.9995442399673555,3.4598099280616084
103261568535845,30.764855208,36197386,0.037468958646059036,-2.3762800693511963,0.4362945556640625,0.031265608966350555,-0.06388333067297935,0.04831504821777344,26.880130767822266,0,-0.08362570405006409,-0.020606279373168945,0.0454254150390625,-0.000682532787322998,0.001776035875082016,0.0005397796630859375,103261568106178,0.430,1419943,11832.858333333334,34,True,0.7630077600479126,1.1746225357055664,-5.200560569763184,0.7177926898002625,0.02470199577510357,-0.6950733065605164,-0.032197561115026474,1416250,0.7637673020362854,1.1645777225494385,-5.201920986175537,0.7197523222325736,0.059297473105737596,-0.6910412412615404,-0.030040093205606817,-0.00010276301076679898,-0.01015966419343958,0.0003107594387670732,0.010164935227960038,0.02575770143216039,-0.003089091248809627,0.023414196823299444,0.9993892003215303,4.005337657841051
103261668758212,30.865077575,36297700,0.12809353694319725,-2.3935344219207764,0.364776611328125,0.024158023297786713,-0.07101115211844444,0.046957969665527344,26.880130767822266,0,-0.08362570405006409,-0.020606279373168945,0.0454254150390625,-0.000682532787322998,0.001776035875082016,0.0005397796630859375,103261668587178,0.171,1419955,11832.958333333334,34,True,0.7630928158760071,1.1749889850616455,-5.200769424438477,0.7180857062339783,0.027556978166103363,-0.6946148872375488,-0.03322362154722214,1416250,0.7637673020362854,1.1645777225494385,-5.201920986175537,0.7197523222325736,0.059297473105737596,-0.6910412412615404,-0.030040093205606817,0.00015396944158588993,-0.01049299827592733,0.00022066650221608158,0.010496447642548238,0.02448731495544126,-0.0025815776120581275,0.020653870875288895,0.9994834288176933,3.683421429195324
103261768894269,30.965213632,36397996,0.2503928691148758,-2.3861887454986572,0.2299346923828125,0.02049652487039566,-0.07958914712071419,0.041283607482910156,26.880130767822266,0,-0.08362570405006409,-0.020606279373168945,0.0454254150390625,-0.000682532787322998,0.001776035875082016,0.0005397796630859375,103261768298706,0.596,1419967,11833.058333333332,34,True,0.7630420923233032,1.1745200157165527,-5.201045036315918,0.7191464304924011,0.028661344200372696,-0.6934407949447632,-0.0338640995323658,1416250,0.7637673020362854,1.1645777225494385,-5.201920986175537,0.7197523222325736,0.059297473105737596,-0.6910412412615404,-0.030040093205606817,0.00036573104861850744,-0.00999589134124177,0.00030134332476700857,0.010007118001963274,0.024083654801875323,-0.0009987144486744426,0.01944403406052805,0.9995203398031915,3.5493745222281397
103261868953413,31.065272776,36498066,0.5173497498035431,-2.2418148517608643,-0.046173095703125,0.009743355214595795,-0.1026686541736126,0.03142344951629639,26.880130767822266,0,-0.08362570405006409,-0.020606279373168945,0.0454254150390625,-0.000682532787322998,0.001776035875082016,0.0005397796630859375,103261867031120,1.922,1419979,11833.158333333333,34,True,0.7632704377174377,1.1742411851882935,-5.201241970062256,0.7200488448143005,0.028945723548531532,-0.692409098148346,-0.03551749512553215,1416250,0.7637673020362854,1.1645777225494385,-5.201920986175537,0.7197523222325736,0.059297473105737596,-0.6910412412615404,-0.030040093205606817,0.0005342059216724607,-0.009684858493977462,9.266709701074411e-05,0.009700023051827543,0.024988885762747073,0.000456956630473182,0.018119304782061467,0.9995234052153001,3.538013769237662
103261969187037,31.165506400,36597799,0.5351656377315521,-2.115351915359497,0.359130859375,0.014922715723514557,-0.11379877850413322,0.03185117244720459,26.880130767822266,0,-0.08362570405006409,-0.020606279373168945,0.0454254150390625,-0.000682532787322998,0.001776035875082016,0.0005397796630859375,103261965941019,3.246,1419991,11833.258333333333,34,True,0.7630634307861328,1.1737102270126343,-5.20182991027832,0.7198371887207031,0.030723895877599716,-0.6926594376564026,-0.03336664289236069,1416250,0.7637673020362854,1.1645777225494385,-5.201920986175537,0.7197523222325736,0.059297473105737596,-0.6910412412615404,-0.030040093205606817,0.0010417588714605732,-0.009094059646600748,0.00034523169602109383,0.009160041884518681,0.022233218080862843,-5.044545686661018e-05,0.018320758994872,0.9995849294876732,3.3017454611140735
103262069310724,31.265630087,36698096,1.185689002275467,-1.8989757299423218,0.1693115234375,0.0067455098032951355,-0.1444033496081829,0.01348567008972168,26.880130767822266,0,-0.08362570405006409,-0.020606279373168945,0.0454254150390625,-0.000682532787322998,0.001776035875082016,0.0005397796630859375,103262066983198,2.328,1420003,11833.358333333334,34,True,0.763285219669342,1.1732782125473022,-5.201974391937256,0.7202426195144653,0.03378881514072418,-0.6920539140701294,-0.03420904651284218,1416250,0.7637673020362854,1.1645777225494385,-5.201920986175537,0.7197523222325736,0.059297473105737596,-0.6910412412615404,-0.030040093205606817,0.0011385595893614708,-0.008638050859502732,0.00014676919617955312,0.008713999184463472,0.020673468913514105,0.0006234328979769499,0.015538491362488697,0.9996653311487208,2.9647452725988717
103262169448909,31.365768272,36798381,1.4338103830814362,-1.732880711555481,0.5481109619140625,0.013288028538227081,-0.17248156294226646,0.00719141960144043,26.880130767822266,0,-0.08362570405006409,-0.020606279373168945,0.0454254150390625,-0.000682532787322998,0.001776035875082016,0.0005397796630859375,103262168789108,0.660,1420015,11833.458333333334,34,True,0.7633695602416992,1.1739161014556885,-5.202568531036377,0.7193512320518494,0.028047462925314903,-0.6932172775268555,-0.03459734097123146,1416250,0.7637673020362854,1.1645777225494385,-5.201920986175537,0.7197523222325736,0.059297473105737596,-0.6910412412615404,-0.030040093205606817,0.0018115961329937618,-0.009192220690442513,6.349573039475935e-05,0.009369249355132765,0.025016217411253,-0.0006343905082938361,0.01938460569925237,0.9994988861809704,3.6278886854338626
103262269660513,31.465979876,36898472,1.5711700022220612,-1.9000598192214966,0.32354736328125,0.0001565888524055481,-0.1816168688237667,0.003459334373474121,26.880130767822266,0,-0.08362570405006409,-0.020606279373168945,0.0454254150390625,-0.000682532787322998,0.001776035875082016,0.0005397796630859375,103262268742466,0.918,1420027,11833.558333333332,34,True,0.7634886503219604,1.1749894618988037,-5.203000068664551,0.7200806736946106,0.023863982409238815,-0.692642867565155,-0.034062229096889496,1416250,0.7637673020362854,1.1645777225494385,-5.201920986175537,0.7197523222325736,0.059297473105737596,-0.6910412412615404,-0.030040093205606817,0.002380030979910546,-0.010196847444908595,-7.833769871380046e-05,0.010471216838319825,0.02746605312488927,0.000377058000241126,0.022791458351930752,0.9993628085831479,4.090963906749663
103262369907947,31.566227310,36998753,1.726757675409317,-2.1779191493988037,0.6009979248046875,0.013716936111450195,-0.17043859884142876,-0.0014106035232543945,26.880130767822266,0,-0.08362570405006409,-0.020606279373168945,0.0454254150390625,-0.000682532787322998,0.001776035875082016,0.0005397796630859375,103262359055752,10.852,1420038,11833.65,34,True,0.7633082866668701,1.1729891300201416,-5.202538967132568,0.7200062274932861,0.03433917835354805,-0.6923699378967285,-0.03218299522995949,1416250,0.7637673020362854,1.1645777225494385,-5.201920986175537,0.7197523222325736,0.059297473105737596,-0.6910412412615404,-0.030040093205606817,0.0016623595610850005,-0.008279828690970915,0.00015927570014686833,0.008446559726350908,0.018860730493156348,9.594469247470316e-05,0.01653792685394585,0.9996853307992742,2.8747900518642395
103262470174595,31.666493958,37098982,1.5498622953891754,-1.68970787525177,0.9385223388671875,0.016998611390590668,-0.1671794019639492,0.002108335494995117,26.880130767822266,0,-0.08362570405006409,-0.020606279373168945,0.0454254150390625,-0.000682532787322998,0.001776035875082016,0.0005397796630859375,103262467594256,2.580,1420051,11833.758333333333,34,True,0.7633088231086731,1.1724236011505127,-5.202701091766357,0.7194119691848755,0.03670065477490425,-0.6927907466888428,-0.033771224319934845,1416250,0.7637673020362854,1.1645777225494385,-5.201920986175537,0.7197523222325736,0.059297473105737596,-0.6910412412615404,-0.030040093205606817,0.0017513243932607027,-0.007698976498192814,0.0001876231130026265,0.007897884443487891,0.018414788849476775,-0.0005943514008617812,0.013718119990995536,0.9997361429307006,2.6324585574265456
103262570464940,31.766784303,37199257,1.820847064256668,-1.2312873601913452,1.4840545654296875,0.03690870851278305,-0.16128059849143028,-0.01420438289642334,26.880130767822266,0,-0.08362570405006409,-0.020606279373168945,0.0454254150390625,-0.000682532787322998,0.001776035875082016,0.0005397796630859375,103262567824585,2.640,1420063,11833.858333333334,34,True,0.7633667588233948,1.171507477760315,-5.202389717102051,0.7192322015762329,0.04344884306192398,-0.6925358772277832,-0.03480353206396103,1416250,0.7637673020362854,1.1645777225494385,-5.201920986175537,0.7197523222325736,0.059297473105737596,-0.6910412412615404,-0.030040093205606817,0.0013286519528921356,-0.006827392231455632,0.00015182271064591982,0.00695712949638949,0.014484805847720588,-0.0006766383240433549,0.008129412785357087,0.9998618130561331,1.9050489234174333
103262670669688,31.866989051,37299536,1.6232707798480988,-1.1034661531448364,0.416778564453125,0.013421490788459778,-0.14447907730937004,-0.0163881778717041,26.880130767822266,0,-0.08362570405006409,-0.020606279373168945,0.0454254150390625,-0.000682532787322998,0.001776035875082016,0.0005397796630859375,103262667832067,2.838,1420075,11833.958333333334,34,True,0.7633526921272278,1.1708875894546509,-5.202378749847412,0.7211593389511108,0.0439986027777195,-0.690589427947998,-0.03285658732056618,1416250,0.7637673020362854,1.1645777225494385,-5.201920986175537,0.7197523222325736,0.059297473105737596,-0.6910412412615404,-0.030040093205606817,0.0012385987699490928,-0.006214971764861343,0.0001893894572802367,0.00634002123951269,0.012530270329466686,0.001924090752730034,0.009134943958703986,0.9998779140470686,1.7906260286794369
103262770897431,31.967216794,37399794,1.4417870342731476,-0.7351576089859009,0.337432861328125,0.011038646101951599,-0.16165996715426445,-0.008734941482543945,26.880130767822266,0,-0.08362570405006409,-0.020606279373168945,0.0454254150390625,-0.000682532787322998,0.001776035875082016,0.0005397796630859375,103262768340421,2.557,1420087,11834.058333333332,34,True,0.7630965113639832,1.1704109907150269,-5.202657699584961,0.7211100459098816,0.03908070921897888,-0.6908939480781555,-0.03374283388257027,1416250,0.7637673020362854,1.1645777225494385,-5.201920986175537,0.7197523222325736,0.059297473105737596,-0.6910412412615404,-0.030040093205606817,0.0014449157441397817,-0.005718892438902348,0.0004756175248474048,0.005917746552982769,0.0165861533325161,0.0018711342784622498,0.012068400964573168,0.9997878535330886,2.360441305350012
103262871100741,32.067420104,37499966,1.480042725801468,-0.7746723890304565,0.16351318359375,0.0015020444989204407,-0.15403012558817863,-0.005262017250061035,26.880130767822266,0,-0.08362570405006409,-0.020606279373168945,0.0454254150390625,-0.000682532787322998,0.001776035875082016,0.0005397796630859375,103262868213194,2.888,1420099,11834.158333333333,34,True,0.7636136412620544,1.170793890953064,-5.202402114868164,0.7206824421882629,0.04766490310430527,-0.6912274956703186,-0.023439578711986542,1416250,0.7637673020362854,1.1645777225494385,-5.201920986175537,0.7197523222325736,0.059297473105737596,-0.6910412412615404,-0.030040093205606817,0.001259757663143594,-0.006107735770683296,-6.648654228319303e-05,0.006236653435508346,0.003270953519984742,0.00046674386416523095,0.01299454592796321,0.9999101083544267,1.5364928535615563
103262971202035,32.167521398,37599847,1.413073569536209,-1.1397382020950317,-1.56634521484375,-0.035442594438791275,-0.13006506487727165,-0.007625460624694824,26.880130767822266,0,-0.08362570405006409,-0.020606279373168945,0.0454254150390625,-0.000682532787322998,0.001776035875082016,0.0005397796630859375,103262968218637,2.983,1420111,11834.258333333333,34,True,0.763529360294342,1.1708967685699463,-5.202495574951172,0.7201411724090576,0.04388068616390228,-0.6919429898262024,-0.02619420550763607,1416250,0.7637673020362854,1.1645777225494385,-5.201920986175537,0.7197523222325736,0.059297473105737596,-0.6910412412615404,-0.030040093205606817,0.0013622540285304276,-0.00620169830021839,1.770021923907919e-05,0.006349575666368593,0.007927339059246159,-0.0001452538161515471,0.013804081238316366,0.9998732837404622,1.8242669258631605
103263071316863,32.267636226,37700415,1.1040299236774445,-1.0713404417037964,-2.939208984375,-0.06368260085582733,-0.12566552683711052,0.004776597023010254,26.880130767822266,0,-0.08362570405006409,-0.020606279373168945,0.0454254150390625,-0.000682532787322998,0.001776035875082016,0.0005397796630859375,103263068885789,2.431,1420123,11834.358333333334,34,True,0.7637149095535278,1.169817328453064,-5.202101230621338,0.7178775072097778,0.045167990028858185,-0.6945374011993408,-0.015150974504649639,1416250,0.7637673020362854,1.1645777225494385,-5.201920986175537,0.7197523222325736,0.059297473105737596,-0.6910412412615404,-0.030040093205606817,0.0008414568830042876,-0.005173033391205529,-0.00014275470330592612,0.005242967009032065,-0.0006887891636273949,-0.004270379826816661,0.020452576334483694,0.9997814668950935,2.395709490469066
103263171515909,32.367835272,37800457,0.5695205330848694,-1.346333622932434,-5.5036468505859375,-0.11552713811397552,-0.11718298122286797,0.02328312397003174,26.880130767822266,0,-0.08362570405006409,-0.020606279373168945,0.0454254150390625,-0.000682532787322998,0.001776035875082016,0.0005397796630859375,103263168681992,2.834,1420135,11834.458333333334,34,True,0.7639489769935608,1.1705538034439087,-5.202042102813721,0.7165241837501526,0.04410557448863983,-0.6959514617919922,-0.017303764820098877,1416250,0.7637673020362854,1.1645777225494385,-5.201920986175537,0.7197523222325736,0.059297473105737596,-0.6910412412615404,-0.030040093205606817,0.0008851605675896688,-0.005900140849968952,-0.0004074881685520088,0.005980068384842926,0.0017193637401131008,-0.006063785295584767,0.01969181487251758,0.9997862305129257,2.3694536647038165
103263271740204,32.468059567,37900614,0.35447531938552856,-1.89495050907135,-7.641448974609375,-0.1564532071352005,-0.09494953975081444,0.029437780380249023,26.880130767822266,0,-0.08362570405006409,-0.020606279373168945,0.0454254150390625,-0.000682532787322998,0.001776035875082016,0.0005397796630859375,103263267305132,4.435,1420147,11834.558333333332,34,True,0.7640820145606995,1.1710476875305176,-5.202175140380859,0.7180944085121155,0.04715736210346222,-0.6940876841545105,-0.018945714458823204,1416250,0.7637673020362854,1.1645777225494385,-5.201920986175537,0.7197523222325736,0.059297473105737596,-0.6910412412615404,-0.030040093205606817,0.0010847301477603056,-0.006367171988443139,-0.0005536845361945297,0.006482598644794849,0.000634562741765668,-0.0036315495710862455,0.01639775127273608,0.9998587514899477,1.926037221023851
103263371993017,32.568312380,38000967,0.331904873251915,-2.202840566635132,-9.489517211914062,-0.1883799135684967,-0.054227154701948166,0.028920531272888184,26.880130767822266,0,-0.08362570405006409,-0.020606279373168945,0.0454254150390625,-0.000682532787322998,0.001776035875082016,0.0005397796630859375,103263367852798,4.140,1420159,11834.658333333333,34,True,0.7642327547073364,1.1713790893554688,-5.202341079711914,0.7179151177406311,0.047332752496004105,-0.6942468881607056,-0.01946081407368183,1416250,0.7637673020362854,1.1645777225494385,-5.201920986175537,0.7197523222325736,0.059297473105737596,-0.6910412412615404,-0.030040093205606817,0.001296967312458608,-0.0066682614548285194,-0.0007098451654599448,0.006830206087554366,0.0008989312268628882,-0.003844759126242825,0.01590971020710412,0.999865636408731,1.8785090443511068
103263472218364,32.668537727,38101258,0.00885007530450821,-2.4675347805023193,-10.76092529296875,-0.20961683988571167,-0.036585934460163116,0.040456414222717285,26.880130767822266,0,-0.08362570405006409,-0.020606279373168945,0.0454254150390625,-0.000682532787322998,0.001776035875082016,0.0005397796630859375,103263467428052,4.790,1420171,11834.758333333333,34,True,0.764387845993042,1.172363519668579,-5.202574253082275,0.71767258644104,0.04491221159696579,-0.6946403980255127,-0.020091727375984192,1416250,0.7637673020362854,1.1645777225494385,-5.201920986175537,0.7197523222325736,0.059297473105737596,-0.6910412412615404,-0.030040093205606817,0.0016588655706096158,-0.007608000220428324,-0.000892730025670495,0.007837759197253066,0.0030563459065730747,-0.004185462983471554,0.017213352305564564,0.9998384075197941,2.0600798190241116
103263572459082,32.768778445,38201448,-0.009448662400245667,-2.9034316539764404,-12.180587768554688,-0.2321152687072754,-0.0234074629843235,0.04374849796295166,26.880130767822266,0,-0.08362570405006409,-0.020606279373168945,0.0454254150390625,-0.000682532787322998,0.001776035875082016,0.0005397796630859375,103263567233008,5.226,1420183,11834.858333333334,34,True,0.7642871737480164,1.1735042333602905,-5.202600955963135,0.7200666666030884,0.03967079147696495,-0.6923317313194275,-0.02464122138917446,1416250,0.7637673020362854,1.1645777225494385,-5.201920986175537,0.7197523222325736,0.059297473105737596,-0.6910412412615404,-0.030040093205606817,0.0018262488715063288,-0.008739703668229319,-0.0008352338689392125,0.008967453415823374,0.009744074837000844,-0.00044216036043470675,0.01791459730985099,0.9997919407071716,2.3375920152327625
103263672666228,32.868985591,38301592,-0.02440900355577469,-3.222050905227661,-13.28240966796875,-0.2512224316596985,-0.020486637949943542,0.044924259185791016,26.880130767822266,0,-0.08362570405006409,-0.020606279373168945,0.0454254150390625,-0.000682532787322998,0.001776035875082016,0.0005397796630859375,103263667906358,4.760,1420195,11834.958333333334,34,True,0.7643944025039673,1.173924446105957,-5.202592849731445,0.7184939384460449,0.0384778194129467,-0.6940141916275024,-0.025104839354753494,1416250,0.7637673020362854,1.1645777225494385,-5.201920986175537,0.7197523222325736,0.059297473105737596,-0.6910412412615404,-0.030040093205606817,0.0018755923710899786,-0.009152516759843307,-0.0009588988969645431,0.009391799448258218,0.011049169137125489,-0.002676606724081876,0.018410146461229508,0.999765881666853,2.4796695615025266
103263772877935,32.969197298,38401768,-0.05634710192680359,-3.3795812129974365,-13.710205078125,-0.2496373951435089,-0.02893315628170967,0.0489192008972168,26.880130767822266,0,-0.08362570405006409,-0.020606279373168945,0.0454254150390625,-0.000682532787322998,0.001776035875082016,0.0005397796630859375,103263767677269,5.201,1420207,11835.058333333332,34,True,0.7644621729850769,1.1744461059570312,-5.20280122756958,0.718280017375946,0.036030933260917664,-0.6944531202316284,-0.022595100104808807,1416250,0.7637673020362854,1.1645777225494385,-5.201920986175537,0.7197523222325736,0.059297473105737596,-0.6910412412615404,-0.030040093205606817,0.0021508898376987064,-0.0096405072190711,-0.0010377644682855493,0.009931901209059298,0.010966131004532498,-0.003215671301498967,0.02190613161698614,0.9996947158140086,2.8315929941303204
103263873073948,33.069393311,38502080,-0.14533214271068573,-3.6721718311309814,-14.160476684570312,-0.25389403104782104,-0.032458074390888214,0.052979350090026855,26.880130767822266,0,-0.08362570405006409,-0.020606279373168945,0.0454254150390625,-0.000682532787322998,0.001776035875082016,0.0005397796630859375,103263866604445,6.470,1420219,11835.158333333333,34,True,0.7645532488822937,1.1745991706848145,-5.20272159576416,0.7180857062339783,0.03682339936494827,-0.6946858763694763,-0.02021581493318081,1416250,0.7637673020362854,1.1645777225494385,-5.201920986175537,0.7197523222325736,0.059297473105737596,-0.6910412412615404,-0.030040093205606817,0.0020948306203025812,-0.009798196067761583,-0.0011380462987596273,0.010084052304910777,0.008725646835450577,-0.003682366227497458,0.02297540509241506,0.9996911693253618,2.847993662604306
103263973318351,33.169637714,38601926,-0.2691759169101715,-3.7204272747039795,-15.281982421875,-0.26637327671051025,-0.026064906269311905,0.058772921562194824,26.880130767822266,0,-0.08362570405006409,-0.020606279373168945,0.0454254150390625,-0.000682532787322998,0.001776035875082016,0.0005397796630859375,103263967634953,5.683,1420231,11835.258333333333,34,True,0.7647010087966919,1.1748210191726685,-5.202832221984863,0.7190394997596741,0.039864636957645416,-0.6936683654785156,-0.014737765304744244,1416250,0.7637673020362854,1.1645777225494385,-5.201920986175537,0.7197523222325736,0.059297473105737596,-0.6910412412615404,-0.030040093205606817,0.002238229024883456,-0.009997756025239354,-0.0012893758249871781,0.010326048843875469,0.002592200259072492,-0.002707093657914661,0.02459801916469637,0.9996903968704098,2.851553358022192
103264073442675,33.269762038,38702438,-0.38110020756721497,-4.004955530166626,-16.168411254882812,-0.28462424874305725,-0.019117627292871475,0.061858177185058594,26.880130767822266,0,-0.08362570405006409,-0.020606279373168945,0.0454254150390625,-0.000682532787322998,0.001776035875082016,0.0005397796630859375,103264069166687,4.276,1420243,11835.358333333334,34,True,0.7646591067314148,1.1751598119735718,-5.202729225158691,0.7181629538536072,0.03912655636668205,-0.6946162581443787,-0.014809577725827694,1416250,0.7637673020362854,1.1645777225494385,-5.201920986175537,0.7197523222325736,0.059297473105737596,-0.6910412412615404,-0.030040093205606817,0.0021775363743815673,-0.010348286759232784,-0.0012651003657543195,0.010650313725355657,0.0032364707207467145,-0.003968640693058357,0.025056126981623395,0.9996729293368927,2.9308949959736577
103264173565053,33.369884416,38802557,-0.35536298155784607,-4.177386522293091,-16.688583374023438,-0.2955884635448456,-0.02088712528347969,0.06368780136108398,26.880130767822266,0,-0.08362570405006409,-0.020606279373168945,0.0454254150390625,-0.000682532787322998,0.001776035875082016,0.0005397796630859375,103264167827032,5.738,1420255,11835.458333333334,34,True,0.764678955078125,1.1752004623413086,-5.202823162078857,0.7186174392700195,0.03827047720551491,-0.6941912174224854,-0.014930776320397854,1416250,0.7637673020362854,1.1645777225494385,-5.201920986175537,0.7197523222325736,0.059297473105737596,-0.6910412412615404,-0.030040093205606817,0.002276555808187656,-0.010375947111621172,-0.001282438499131794,0.010699889406671834,0.0038764329940432986,-0.0033157449367016705,0.02560271975239072,0.9996591818435111,2.991860381228919
103264273792995,33.470112358,38902923,-0.47186610102653503,-4.190358400344849,-17.464065551757812,-0.30655142664909363,-0.006452098488807678,0.06568777561187744,26.880130767822266,0,-0.08362570405006409,-0.020606279373168945,0.0454254150390625,-0.000682532787322998,0.001776035875082016,0.0005397796630859375,103264268494050,5.299,1420267,11835.558333333332,34,True,0.7647619247436523,1.1753239631652832,-5.202652931213379,0.7185240983963013,0.038227301090955734,-0.6943198442459106,-0.013481241650879383,1416250,0.7637673020362854,1.1645777225494385,-5.201920986175537,0.7197523222325736,0.059297473105737596,-0.6910412412615404,-0.030040093205606817,0.002126637169189117,-0.010516031421773238,-0.0013773898246187866,0.010816963771875274,0.002873394798485394,-0.0035574835657886665,0.026633813585467948,0.9996347972569312,3.0970474508145536
103264374066257,33.570385620,39002853,-0.6029316484928131,-4.288757562637329,-17.570846557617188,-0.3098737299442291,-0.0013229437172412872,0.06975114345550537,26.880130767822266,0,-0.08362570405006409,-0.020606279373168945,0.0454254150390625,-0.000682532787322998,0.001776035875082016,0.0005397796630859375,103264368243678,5.823,1420279,11835.658333333333,34,True,0.7647175192832947,1.1754647493362427,-5.202364444732666,0.7184163331985474,0.038681093603372574,-0.6943863034248352,-0.014471018686890602,1416250,0.7637673020362854,1.1645777225494385,-5.201920986175537,0.7197523222325736,0.059297473105737596,-0.6910412412615404,-0.030040093205606817,0.0018568708782414557,-0.010693637821551761,-0.0013509482773272836,0.01093740922545175,0.0032793779046828286,-0.0036347285896741743,0.02561882476312245,0.999659797254243,2.989157826542931
103264474268489,33.670587852,39103267,-0.6697498857975006,-4.35450005531311,-17.573135375976562,-0.31192126870155334,-0.004742313176393509,0.07130110263824463,26.880130767822266,0,-0.08362570405006409,-0.020606279373168945,0.0454254150390625,-0.000682532787322998,0.001776035875082016,0.0005397796630859375,103264470186388,4.082,1420291,11835.758333333333,34,True,0.7647340297698975,1.1753793954849243,-5.2023396492004395,0.7182780504226685,0.039304010570049286,-0.6944882869720459,-0.014763906598091125,1416250,0.7637673020362854,1.1645777225494385,-5.201920986175537,0.7197523222325736,0.059297473105737596,-0.6910412412615404,-0.030040093205606817,0.0018220898630257228,-0.010611418743539365,-0.001365196038993251,0.010852924925777498,0.0030699245660073815,-0.0038050353409746496,0.024962943570056576,0.999676422007407,2.915203156158292
103264574510574,33.770829937,39203410,-0.6391585767269135,-4.222625494003296,-16.801589965820312,-0.2975935935974121,-0.028353258967399597,0.0696253776550293,26.880130767822266,0,-0.08362570405006409,-0.020606279373168945,0.0454254150390625,-0.000682532787322998,0.001776035875082016,0.0005397796630859375,103264567787766,6.723,1420303,11835.858333333334,34,True,0.7646536827087402,1.1752033233642578,-5.202482223510742,0.7184446454048157,0.037821002304553986,-0.6944178938865662,-0.013805649243295193,1416250,0.7637673020362854,1.1645777225494385,-5.201920986175537,0.7197523222325736,0.059297473105737596,-0.6910412412615404,-0.030040093205606817,0.0019380247703169127,-0.010422575255293172,-0.0012720203442585368,0.010677267942634907,0.003395858095385406,-0.0036515186082976547,0.026700303814719797,0.9996310461044371,3.1129133342192743
103264675841009,33.872160372,39303609,-0.6341163218021393,-4.280044794082642,-16.82012939453125,-0.29747456312179565,-0.0241798497736454,0.07033741474151611,26.880130767822266,0,-0.08362570405006409,-0.020606279373168945,0.0454254150390625,-0.000682532787322998,0.001776035875082016,0.0005397796630859375,103264675580310,0.261,1420316,11835.966666666667,34,True,0.7647323608398438,1.1758151054382324,-5.202618598937988,0.7185747623443604,0.03629452735185623,-0.6943786144256592,-0.013089949265122414,1416250,0.7637673020362854,1.1645777225494385,-5.201920986175537,0.7197523222325736,0.059297473105737596,-0.6910412412615404,-0.030040093205606817,0.002153801579756819,-0.011008427781589534,-0.0013683686574107324,0.011300299830093858,0.003929350549461606,-0.003529914621718977,0.028300100967216663,0.999585516197723,3.2994109346156226
103264776822482,33.973141845,39405069,-0.6730844080448151,-4.437823534011841,-17.249038696289062,-0.30282503366470337,-0.022314339876174927,0.07539963722229004,26.880130767822266,0,-0.08362570405006409,-0.020606279373168945,0.0454254150390625,-0.000682532787322998,0.001776035875082016,0.0005397796630859375,103264776547497,0.275,1420328,11836.066666666666,34,True,0.764693558216095,1.1754961013793945,-5.202459812164307,0.7183880805969238,0.03617793321609497,-0.6945762038230896,-0.013178780674934387,1416250,0.7637673020362854,1.1645777225494385,-5.201920986175537,0.7197523222325736,0.059297473105737596,-0.6910412412615404,-0.030040093205606817,0.001954468474864597,-0.010713823577884118,-0.0013241289793582602,0.010970837717842769,0.004091182862708535,-0.003792364724641617,0.028317498533336503,0.9995834129623169,3.3077721027845857
103264876904693,34.073224056,39506004,-0.7638742029666901,-4.344043016433716,-17.10430908203125,-0.30372971296310425,-0.027548551559448242,0.07558226585388184,26.880130767822266,0,-0.08362570405006409,-0.020606279373168945,0.0454254150390625,-0.000682532787322998,0.001776035875082016,0.0005397796630859375,103264874947251,1.957,1420340,11836.166666666666,34,True,0.7646837830543518,1.1753861904144287,-5.202469348907471,0.7184128165245056,0.03618850186467171,-0.6945615410804749,-0.012557188048958778,1416250,0.7637673020362854,1.1645777225494385,-5.201920986175537,0.7197523222325736,0.059297473105737596,-0.6910412412615404,-0.030040093205606817,0.0019496056855038788,-0.010604118501181148,-0.0013097042470477883,0.010861105686382782,0.0036348743451119145,-0.003801894105308512,0.02874046502739739,0.999573068344539,3.348592166817177
103264976989137,34.173308500,39605894,-0.7756447494029999,-4.222246408462524,-16.869430541992188,-0.2988494038581848,-0.03514661267399788,0.07703399658203125,26.880130767822266,0,-0.08362570405006409,-0.020606279373168945,0.0454254150390625,-0.000682532787322998,0.001776035875082016,0.0005397796630859375,103264976048035,0.941,1420352,11836.266666666666,34,True,0.76468825340271,1.17561936378479,-5.202357292175293,0.7184788584709167,0.0363072045147419,-0.6944877505302429,-0.012516829185187817,1416250,0.7637673020362854,1.1645777225494385,-5.201920986175537,0.7197523222325736,0.059297473105737596,-0.6910412412615404,-0.030040093205606817,0.0018682893691184998,-0.010849064438169756,-0.0013280252876498454,0.011088568686487823,0.0035174380509364403,-0.003709104512863437,0.02868461774927418,0.9995754413138853,3.33927247515221
103265077054145,34.273373508,39706090,-0.7804514467716217,-4.341831922531128,-17.083908081054688,-0.3039124310016632,-0.03192731365561485,0.07983994483947754,26.880130767822266,0,-0.08362570405006409,-0.020606279373168945,0.0454254150390625,-0.000682532787322998,0.001776035875082016,0.0005397796630859375,103265076058094,0.996,1420364,11836.366666666667,34,True,0.7646476030349731,1.1755868196487427,-5.2021050453186035,0.7184764742851257,0.03705127537250519,-0.694438099861145,-0.013207403011620045,1416250,0.7637673020362854,1.1645777225494385,-5.201920986175537,0.7197523222325736,0.059297473105737596,-0.6910412412615404,-0.030040093205606817,0.0016125942721560858,-0.010850170570408945,-0.0012970600852644535,0.011045769622726395,0.0034974240465310558,-0.0036564186446494396,0.02767022367032018,0.999604300385792,3.2237752831984547
103265177288674,34.373608037,39806111,-1.0428280532360077,-4.296387434005737,-17.348403930664062,-0.3102874755859375,-0.029788948595523834,0.08349072933197021,26.880130767822266,0,-0.08362570405006409,-0.020606279373168945,0.0454254150390625,-0.000682532787322998,0.001776035875082016,0.0005397796630859375,103265176520532,0.768,1420376,11836.466666666667,34,True,0.7647167444229126,1.17583429813385,-5.2020463943481445,0.718587338924408,0.03688200190663338,-0.6943431496620178,-0.012636258266866207,1416250,0.7637673020362854,1.1645777225494385,-5.201920986175537,0.7197523222325736,0.059297473105737596,-0.6910412412615404,-0.030040093205606817,0.0015884789306533271,-0.011099773722180115,-0.0013781944514919835,0.011297241342153094,0.0031943552517108417,-0.003540248109986598,0.028190462382333636,0.9995911967241988,3.2767220655273372
103265277501910,34.473821273,39906361,-1.1518777310848236,-4.5605103969573975,-18.108047485351562,-0.3339391052722931,-0.016878295689821243,0.0875709056854248,26.880130767822266,0,-0.08362570405006409,-0.020606279373168945,0.0454254150390625,-0.000682532787322998,0.001776035875082016,0.0005397796630859375,103265276217787,1.284,1420388,11836.566666666666,34,True,0.7647943496704102,1.1761568784713745,-5.20193338394165,0.7186418175697327,0.037418898195028305,-0.6942090392112732,-0.01508466899394989,1416250,0.7637673020362854,1.1645777225494385,-5.201920986175537,0.7197523222325736,0.059297473105737596,-0.6910412412615404,-0.030040093205606817,0.0015203322142928225,-0.011430249602023185,-0.0014730296689152754,0.011624621818015084,0.004575998395495932,-0.0032770189305803,0.026111281184290555,0.999643197536265,3.061219436579535
103265377745213,34.574064576,40006587,-1.0500383079051971,-4.567154169082642,-17.890350341796875,-0.3285529315471649,-0.023751042783260345,0.08941638469696045,26.880130767822266,0,-0.08362570405006409,-0.020606279373168945,0.0454254150390625,-0.000682532787322998,0.001776035875082016,0.0005397796630859375,103265376749273,0.996,1420400,11836.666666666666,34,True,0.764687180519104,1.1759114265441895,-5.201672554016113,0.7186001539230347,0.03840836510062218,-0.6942142248153687,-0.014329173602163792,1416250,0.7637673020362854,1.1645777225494385,-5.201920986175537,0.7197523222325736,0.059297473105737596,-0.6910412412615404,-0.030040093205606817,0.0012265960470128762,-0.011224320280735773,-0.0013677856464150548,0.011373686350591132,0.003350025240443831,-0.00338406501392724,0.025918872151091628,0.9996527084449307,3.0201416113252777
103265477965149,34.674284512,40106982,-1.1678210198879242,-4.26399827003479,-16.699310302734375,-0.299131840467453,-0.03490712493658066,0.08876693248748779,26.880130767822266,0,-0.08362570405006409,-0.020606279373168945,0.0454254150390625,-0.000682532787322998,0.001776035875082016,0.0005397796630859375,103265477027170,0.938,1420412,11836.766666666666,34,True,0.7645497918128967,1.1752055883407593,-5.201844215393066,0.7181193828582764,0.03816915675997734,-0.6947342157363892,-0.013862749561667442,1416250,0.7637673020362854,1.1645777225494385,-5.201920986175537,0.7197523222325736,0.059297473105737596,-0.6910412412615404,-0.030040093205606817,0.0013019854285605938,-0.010509251515269007,-0.0011959020923559755,0.01065690927435668,0.0032248947796897874,-0.004111034128160551,0.02640047267197152,0.9996377916499324,3.084323795970885
103265578260175,34.774579538,40207121,-0.677530974149704,-3.9825260639190674,-14.203399658203125,-0.2503510117530823,-0.04885072633624077,0.07418012619018555,26.880130767822266,0,-0.08362570405006409,-0.020606279373168945,0.0454254150390625,-0.000682532787322998,0.001776035875082016,0.0005397796630859375,103265576505467,1.755,1420424,11836.866666666667,34,True,0.7643880844116211,1.1748881340026855,-5.201949596405029,0.7186766266822815,0.03868631273508072,-0.6941251754760742,-0.014054297469556332,1416250,0.7637673020362854,1.1645777225494385,-5.201920986175537,0.7197523222325736,0.059297473105737596,-0.6910412412615404,-0.030040093205606817,0.0013600335347354056,-0.0101884986426491,-0.0010176334463548715,0.01032912259768503,0.0029525317329671154,-0.003291774903352418,0.025910630220764078,0.9996544833170681,3.0124138954126582
103265678383841,34.874703204,40307426,-0.5863875448703766,-3.7539584636688232,-13.023117065429688,-0.22421491146087646,-0.03257892280817032,0.06801915168762207,26.880130767822266,0,-0.08362570405006409,-0.020606279373168945,0.0454254150390625,-0.000682532787322998,0.001776035875082016,0.0005397796630859375,103265676777945,1.606,1420436,11836.966666666667,34,True,0.7642911076545715,1.1746423244476318,-5.201303958892822,0.7182413935661316,0.041925910860300064,-0.6943674087524414,-0.015014206059277058,1416250,0.7637673020362854,1.1645777225494385,-5.201920986175537,0.7197523222325736,0.059297473105737596,-0.6910412412615404,-0.030040093205606817,0.0006852190460268921,-0.010029944706810245,-0.0009391434394016662,0.01009709395630644,0.0014321705304605502,-0.003807284575079616,0.022897054030638558,0.9997295526233354,2.6651324720998706
103265778487219,34.974806582,40407440,-0.7892285883426666,-3.4147021770477295,-10.850540161132812,-0.17226287722587585,-0.042958129197359085,0.06983613967895508,26.880130767822266,0,-0.08362570405006409,-0.020606279373168945,0.0454254150390625,-0.000682532787322998,0.001776035875082016,0.0005397796630859375,103265776022110,2.465,1420448,11837.066666666666,34,True,0.7641370892524719,1.1748642921447754,-5.2014570236206055,0.7173792123794556,0.038298606872558594,-0.6954612135887146,-0.015297277830541134,1416250,0.7637673020362854,1.1645777225494385,-5.201920986175537,0.7197523222325736,0.059297473105737596,-0.6910412412615404,-0.030040093205606817,0.0008592625183357037,-0.010237539946347646,-0.0007873764340283738,0.010303665264232122,0.004233288565074704,-0.005064605863916438,0.025293932832044924,0.9996582646070886,2.995883869225167
103265878572467,35.074891830,40507396,-0.16011734306812286,-3.367494821548462,-9.038131713867188,-0.1354813575744629,-0.03995257988572121,0.05402088165283203,26.880130767822266,0,-0.08362570405006409,-0.020606279373168945,0.0454254150390625,-0.000682532787322998,0.001776035875082016,0.0005397796630859375,103265876831089,1.741,1420460,11837.166666666666,34,True,0.7637704014778137,1.1742926836013794,-5.201239109039307,0.7199708819389343,0.04511679708957672,-0.6923308372497559,-0.01686478592455387,1416250,0.7637673020362854,1.1645777225494385,-5.201920986175537,0.7197523222325736,0.059297473105737596,-0.6910412412615404,-0.030040093205606817,0.0005568484886143735,-0.00971434103472238,-0.0004085734915746955,0.009738862062694016,0.0003863781728992119,-0.0011324295333256516,0.019362954760376135,0.9998118044403193,2.2232030181815285
103265978809362,35.175128725,40607470,-0.0829763263463974,-3.057907819747925,-6.427520751953125,-0.08491863310337067,-0.025879815220832825,0.04222977161407471,26.880130767822266,0,-0.08362570405006409,-0.020606279373168945,0.0454254150390625,-0.000682532787322998,0.001776035875082016,0.0005397796630859375,103265978700126,0.109,1420472,11837.266666666666,34,True,0.763744592666626,1.1737130880355835,-5.2013325691223145,0.7207664847373962,0.04801250621676445,-0.690852165222168,-0.030228890478610992,1416250,0.7637673020362854,1.1645777225494385,-5.201920986175537,0.7197523222325736,0.059297473105737596,-0.6910412412615404,-0.030040093205606817,0.0005749703946648761,-0.009129298046459178,-0.0003563413161827073,0.009154324273775934,0.007892587430966318,0.0011871126773738139,0.008046371729029368,0.9999357748021291,1.2987413731807145
103266078928114,35.275247477,40707898,0.33756452798843384,-2.637136697769165,-5.2342376708984375,-0.06225142627954483,-0.018606264144182205,0.023010730743408203,26.880130767822266,0,-0.08362570405006409,-0.020606279373168945,0.0454254150390625,-0.000682532787322998,0.001776035875082016,0.0005397796630859375,103266067424370,11.504,1420483,11837.358333333334,34,True,0.763750433921814,1.172945261001587,-5.200982570648193,0.7198315858840942,0.0483274981379509,-0.6919867396354675,-0.025715531781315804,1416250,0.7637673020362854,1.1645777225494385,-5.201920986175537,0.7197523222325736,0.059297473105737596,-0.6910412412615404,-0.030040093205606817,0.00013085568192727185,-0.00841181907000218,-0.0003475409436072664,0.008420012350550826,0.004521776577627923,-0.0005526466936611185,0.01091721827043544,0.9999300287837394,1.3555947236916284
103266179142515,35.375461878,40808085,0.1839706152677536,-2.2197916507720947,-3.9478759765625,-0.03935229778289795,-0.045554567128419876,0.02913033962249756,26.880130767822266,0,-0.08362570405006409,-0.020606279373168945,0.0454254150390625,-0.000682532787322998,0.001776035875082016,0.0005397796630859375,103266176501609,2.641,1420496,11837.466666666667,34,True,0.7637441754341125,1.1721723079681396,-5.200789451599121,0.7189151644706726,0.049489352852106094,-0.6929026246070862,-0.024448048323392868,1416250,0.7637673020362854,1.1645777225494385,-5.201920986175537,0.7197523222325736,0.059297473105737596,-0.6910412412615404,-0.030040093205606817,-0.00015886986147349634,-0.007670149049363328,-0.0003196982123312219,0.0076784525146217815,0.0028884519825606927,-0.0019552028440435465,0.01093002595191159,0.9999341821138399,1.31474634771989
103266280243451,35.476562814,40908218,0.14652122557163239,-1.9909627437591553,-3.1341400146484375,-0.028039488941431046,-0.05915549024939537,0.028005242347717285,26.880130767822266,0,-0.08362570405006409,-0.020606279373168945,0.0454254150390625,-0.000682532787322998,0.001776035875082016,0.0005397796630859375,103266279975993,0.267,1420508,11837.566666666666,34,True,0.7637708783149719,1.1720589399337769,-5.200951099395752,0.717731773853302,0.05325836315751076,-0.6936683654785156,-0.02913486585021019,1416250,0.7637673020362854,1.1645777225494385,-5.201920986175537,0.7197523222325736,0.059297473105737596,-0.6910412412615404,-0.030040093205606817,-1.2017425189104537e-05,-0.007536374391368573,-0.0003349974950859863,0.007543825734141669,0.0037382138437767123,-0.0031594232943306655,0.004931318502414836,0.999975862658461,0.7961835810691774
103266380509154,35.576828517,41009392,0.6163671910762787,-1.9045475721359253,-2.5274200439453125,-0.0170273557305336,-0.061720188707113266,0.005283951759338379,26.880130767822266,0,-0.08362570405006409,-0.020606279373168945,0.0454254150390625,-0.000682532787322998,0.001776035875082016,0.0005397796630859375,103266376940795,3.568,1420520,11837.666666666666,34,True,0.7638469934463501,1.1727783679962158,-5.2003173828125,0.7182788252830505,0.06159577518701553,-0.691872239112854,-0.03992865979671478,1416250,0.7637673020362854,1.1645777225494385,-5.201920986175537,0.7197523222325736,0.059297473105737596,-0.6910412412615404,-0.030040093205606817,-0.0005459908899664433,-0.008325447078135935,-0.00046615995941686985,0.008356343710650733,0.005622637293065107,-0.0010990339895695644,-0.008550026969478375,0.9999470361539065,1.1793950486687452
103266480611627,35.676930990,41109601,0.7129059731960297,-2.1320817470550537,-2.781768798828125,-0.022340841591358185,-0.0474172942340374,-0.008999466896057129,26.880130767822266,0,-0.08362570405006409,-0.020606279373168945,0.0454254150390625,-0.000682532787322998,0.001776035875082016,0.0005397796630859375,103266476566802,4.045,1420532,11837.766666666666,34,True,0.763593316078186,1.1726614236831665,-5.199488162994385,0.7185606956481934,0.07516530156135559,-0.6895846724510193,-0.04993721470236778,1416250,0.7637673020362854,1.1645777225494385,-5.201920986175537,0.7197523222325736,0.059297473105737596,-0.6910412412615404,-0.030040093205606817,-0.0013923587673161145,-0.008324473431277405,-0.00024413709025539936,0.008443643986088224,0.0033051011856894963,0.0009280836315441743,-0.02528505329632503,0.9996743875116174,2.9243539575667796
103266580858163,35.777177526,41209613,1.0068753063678741,-1.9920470714569092,-1.982696533203125,-0.009383928030729294,-0.04851840063929558,-0.030341744422912598,26.880130767822266,0,-0.08362570405006409,-0.020606279373168945,0.0454254150390625,-0.000682532787322998,0.001776035875082016,0.0005397796630859375,103266576538554,4.320,1420544,11837.866666666667,34,True,0.7637264728546143,1.1718882322311401,-5.19929838180542,0.7169613838195801,0.08256636559963226,-0.6896480917930603,-0.05945314094424248,1416250,0.7637673020362854,1.1645777225494385,-5.201920986175537,0.7197523222325736,0.059297473105737596,-0.6910412412615404,-0.030040093205606817,-0.0016735234211065328,-0.007576037090707154,-0.0003553222055048545,0.007766805811302834,0.005091574876362137,0.00011918872806071512,-0.03728081441629946,0.9992918505300556,4.31276431361793
103266681093293,35.877412656,41309997,1.3770758211612701,-1.6684778928756714,-1.6314239501953125,0.002583801746368408,-0.032579779624938965,-0.05719029903411865,26.880130767822266,0,-0.08362570405006409,-0.020606279373168945,0.0454254150390625,-0.000682532787322998,0.001776035875082016,0.0005397796630859375,103266679952475,1.141,1420556,11837.966666666667,34,True,0.7642332315444946,1.1717089414596558,-5.198911190032959,0.7187615633010864,0.0992620512843132,-0.6856622099876404,-0.05827673152089119,1416250,0.7637673020362854,1.1645777225494385,-5.201920986175537,0.7197523222325736,0.059297473105737596,-0.6910412412615404,-0.030040093205606817,-0.002060851708406377,-0.00742458907889247,-0.0008709842234438572,0.007754369495448287,-0.007582986246345624,0.003660736647117968,-0.04849761604727788,0.9987878045733833,5.64284118006265
103266781194126,35.977513489,41410256,1.6754718124866486,-1.5569437742233276,-1.3717193603515625,0.00588931143283844,-0.0253031924366951,-0.0770871639251709,26.880130767822266,0,-0.08362570405006409,-0.020606279373168945,0.0454254150390625,-0.000682532787322998,0.001776035875082016,0.0005397796630859375,103266776589902,4.604,1420568,11838.066666666666,34,True,0.7630915641784668,1.1718581914901733,-5.199110507965088,0.7156959772109985,0.09393886476755142,-0.6863792538642883,-0.08853455632925034,1416250,0.7637673020362854,1.1645777225494385,-5.201920986175537,0.7197523222325736,0.059297473105737596,-0.6910412412615404,-0.030040093205606817,-0.00188761213014229,-0.0075976181347266,0.0002715815640233683,0.007833303097729859,0.01800830347863835,0.002980317642333418,-0.06573588308846855,0.9976700919578332,7.823865472231401
103266881255466,36.077574829,41510360,2.0863141119480133,-1.24763023853302,-0.8272552490234375,0.018336020410060883,-0.012322183698415756,-0.1028670072555542,26.880130767822266,0,-0.08362570405006409,-0.020606279373168945,0.0454254150390625,-0.000682532787322998,0.001776035875082016,0.0005397796630859375,103266879898044,1.357,1420580,11838.166666666666,34,True,0.7632040977478027,1.1722209453582764,-5.198696613311768,0.7153564095497131,0.11139653623104095,-0.683060884475708,-0.09635341912508011,1416250,0.7637673020362854,1.1645777225494385,-5.201920986175537,0.7197523222325736,0.059297473105737596,-0.6910412412615404,-0.030040093205606817,-0.0022475730661163486,-0.008004050988403347,0.00012734766674816795,0.008314603679112942,0.011385406945445762,0.0050732749795259205,-0.08382405627537963,0.9964026103835792,9.722806532572921
103266981480999,36.177800362,41610209,2.4654771387577057,-1.4329777956008911,-0.5984954833984375,0.02720411866903305,0.0017282124608755112,-0.1264033317565918,26.880130767822266,0,-0.08362570405006409,-0.020606279373168945,0.0454254150390625,-0.000682532787322998,0.001776035875082016,0.0005397796630859375,103266977729886,3.751,1420592,11838.266666666666,34,True,0.7630811929702759,1.173020362854004,-5.197810649871826,0.7118319869041443,0.1219705119729042,-0.6815492510795593,-0.11793718487024307,1416250,0.7637673020362854,1.1645777225494385,-5.201920986175537,0.7197523222325736,0.059297473105737596,-0.6910412412615404,-0.030040093205606817,-0.0030289645995826998,-0.008912711990750628,0.0001808975310557917,0.00941508287230321,0.0196295564305127,0.004687974780607951,-0.10660436902699884,0.994096681370154,12.457463349196047
103267081690217,36.278009580,41710556,2.6126021444797516,-1.364881157875061,-0.7517547607421875,0.02513645589351654,0.00976656749844551,-0.1486741304397583,26.880130767822266,0,-0.08362570405006409,-0.020606279373168945,0.0454254150390625,-0.000682532787322998,0.001776035875082016,0.0005397796630859375,103267080477290,1.213,1420604,11838.366666666667,34,True,0.7628750801086426,1.1729888916015625,-5.197347640991211,0.7109260559082031,0.13378478586673737,-0.6789983510971069,-0.12508811056613922,1416250,0.7637673020362854,1.1645777225494385,-5.201920986175537,0.7197523222325736,0.059297473105737596,-0.6910412412615404,-0.030040093205606817,-0.003499699368465605,-0.008948522325306015,0.0003679177767332582,0.009615576476040066,0.01648825487548417,0.005967085495034331,-0.12017965973810542,0.9925972903081538,13.951832779484473
103267181909624,36.378228987,41810771,2.9112214148044586,-1.4484816789627075,-0.6032562255859375,0.027124576270580292,-0.0009659938514232635,-0.16505855321884155,26.880130767822266,0,-0.08362570405006409,-0.020606279373168945,0.0454254150390625,-0.000682532787322998,0.001776035875082016,0.0005397796630859375,103267176118513,5.791,1420616,11838.466666666667,34,True,0.7627049684524536,1.1745872497558594,-5.196488380432129,0.7098904252052307,0.13252152502536774,-0.6791471242904663,-0.13135017454624176,1416250,0.7637673020362854,1.1645777225494385,-5.201920986175537,0.7197523222325736,0.059297473105737596,-0.6910412412615404,-0.030040093205606817,-0.004155044805661134,-0.010647790076717767,0.0004388186958505894,0.011438198839971655,0.02190828720199628,0.005553615073726537,-0.12365470831899462,0.9920678895227042,14.44273670856769
103267282065587,36.478384950,41911104,2.743352562189102,-2.255017042160034,-1.0575408935546875,0.005901500582695007,-0.007426749914884567,-0.1499408483505249,26.880130767822266,0,-0.08362570405006409,-0.020606279373168945,0.0454254150390625,-0.000682532787322998,0.001776035875082016,0.0005397796630859375,103267276476206,5.589,1420628,11838.566666666666,34,True,0.7630820274353027,1.1755952835083008,-5.195376873016357,0.7090479135513306,0.14401602745056152,-0.6782727241516113,-0.12828311324119568,1416250,0.7637673020362854,1.1645777225494385,-5.201920986175537,0.7197523222325736,0.059297473105737596,-0.6910412412615404,-0.030040093205606817,-0.005114581263396142,-0.01176954218722268,-2.4556148933256095e-05,0.012832835532381287,0.011731047464643762,0.00507359153534559,-0.1298846662193985,0.9914467281076631,14.998361067929117
103267382257138,36.578576501,42011239,2.8457540571689606,-2.5958993434906006,-0.9178466796875,0.012430936098098755,-0.006910338997840881,-0.15430676937103271,26.880130767822266,0,-0.08362570405006409,-0.020606279373168945,0.0454254150390625,-0.000682532787322998,0.001776035875082016,0.0005397796630859375,103267376088816,6.168,1420640,11838.666666666666,34,True,0.7630559802055359,1.1755352020263672,-5.1942901611328125,0.7059576511383057,0.15344931185245514,-0.6777645349502563,-0.13679298758506775,1416250,0.7637673020362854,1.1645777225494385,-5.201920986175537,0.7197523222325736,0.059297473105737596,-0.6910412412615404,-0.030040093205606817,-0.006200333998701604,-0.011847186503726318,-4.308500154227802e-05,0.013371680001663513,0.011399958288117865,0.0035251004656844387,-0.1427534810817898,0.9896863433718621,16.472060607701547
103267482486179,36.678805542,42111432,2.626610428094864,-2.6573102474212646,-1.003204345703125,0.013779237866401672,-0.0035237353295087814,-0.15524685382843018,26.880130767822266,0,-0.08362570405006409,-0.020606279373168945,0.0454254150390625,-0.000682532787322998,0.001776035875082016,0.0005397796630859375,103267475619973,6.866,1420652,11838.766666666666,34,True,0.7634639143943787,1.1760857105255127,-5.193264961242676,0.7035225033760071,0.16291122138500214,-0.6753255128860474,-0.14983868598937988,1416250,0.7637673020362854,1.1645777225494385,-5.201920986175537,0.7197523222325736,0.059297473105737596,-0.6910412412615404,-0.030040093205606817,-0.007131202376470069,-0.012503297567237285,-0.0005158503348777564,0.014403214882693643,0.014179583296970513,0.0040871446788613985,-0.1587964807672548,0.9872010496154435,18.35350877894426
103267582711981,36.779031344,42211582,2.9728528559207916,-2.6812918186187744,-1.1163787841796875,0.008302107453346252,-0.005343683063983917,-0.17870855331420898,26.880130767822266,0,-0.08362570405006409,-0.020606279373168945,0.0454254150390625,-0.000682532787322998,0.001776035875082016,0.0005397796630859375,103267575917387,6.795,1420664,11838.866666666667,34,True,0.7633970379829407,1.1767839193344116,-5.192141056060791,0.7010709643363953,0.16697204113006592,-0.6742829084396362,-0.16112883388996124,1416250,0.7637673020362854,1.1645777225494385,-5.201920986175537,0.7197523222325736,0.059297473105737596,-0.6910412412615404,-0.030040093205606817,-0.008159158485481176,-0.013338977495560527,-0.0005245766423851396,0.01564529860603516,0.019511320340834387,0.0036909370452493095,-0.1696979170627566,0.9852960480519788,19.675159306052972
103267682828651,36.879148014,42311877,2.6740860044956207,-2.939570665359497,-1.2141571044921875,0.011800773441791534,0.00538499653339386,-0.1705540418624878,26.880130767822266,0,-0.08362570405006409,-0.020606279373168945,0.0454254150390625,-0.000682532787322998,0.001776035875082016,0.0005397796630859375,103267676239354,6.589,1420676,11838.966666666667,34,True,0.7633531093597412,1.1770178079605103,-5.191871643066406,0.7003608345985413,0.1719684600830078,-0.6737404465675354,-0.1612309068441391,1416250,0.7637673020362854,1.1645777225494385,-5.201920986175537,0.7197523222325736,0.059297473105737596,-0.6910412412615404,-0.030040093205606817,-0.008398188625543828,-0.013606454740402913,-0.0005013928003603811,0.015997392835493535,0.016121222405598084,0.0034466061892351454,-0.1734230470612483,0.9847094362510789,20.064776040886688
103267783045328,36.979364691,42411997,3.004636198282242,-3.2541091442108154,-1.126068115234375,0.010944470763206482,-0.0008072126656770706,-0.18633615970611572,26.880130767822266,0,-0.08362570405006409,-0.020606279373168945,0.0454254150390625,-0.000682532787322998,0.001776035875082016,0.0005397796630859375,103267776829622,6.216,1420688,11839.066666666666,34,True,0.7633118033409119,1.1770497560501099,-5.19158411026001,0.7001140117645264,0.17682118713855743,-0.6717241406440735,-0.165413036942482,1416250,0.7637673020362854,1.1645777225494385,-5.201920986175537,0.7197523222325736,0.059297473105737596,-0.6910412412615404,-0.030040093205606817,-0.008680701232496658,-0.013675929602220655,-0.00047379111811176374,0.01620524922351908,0.015665737602854155,0.0048294953774241645,-0.17988102886034704,0.9835517658445341,20.812504779041696
103267883133077,37.079452440,42512168,3.0018796026706696,-3.1278088092803955,-1.126495361328125,0.012486234307289124,0.0013466216623783112,-0.18777573108673096,26.880130767822266,0,-0.08362570405006409,-0.020606279373168945,0.0454254150390625,-0.000682532787322998,0.001776035875082016,0.0005397796630859375,103267876501822,6.631,1420700,11839.166666666666,34,True,0.7632279992103577,1.177011489868164,-5.191100120544434,0.6993784308433533,0.18009458482265472,-0.6710264086723328,-0.1678074598312378,1416250,0.7637673020362854,1.1645777225494385,-5.201920986175537,0.7197523222325736,0.059297473105737596,-0.6910412412615404,-0.030040093205606817,-0.009168459731864835,-0.013702269640414436,-0.00040951572278654595,0.0164918328356996,0.01510780037938254,0.004867023180568141,-0.18395629832704202,0.9828062610498922,21.280264576263605
103267983195603,37.179514966,42612209,2.7768196165561676,-3.209944486618042,-1.294525146484375,0.01123327761888504,0.0157417431473732,-0.1866471767425537,26.880130767822266,0,-0.08362570405006409,-0.020606279373168945,0.0454254150390625,-0.000682532787322998,0.001776035875082016,0.0005397796630859375,103267980311015,2.885,1420712,11839.266666666666,34,True,0.7631822228431702,1.1769053936004639,-5.190412521362305,0.6955801844596863,0.18566887080669403,-0.6713460087776184,-0.17603938281536102,1416250,0.7637673020362854,1.1645777225494385,-5.201920986175537,0.7197523222325736,0.059297473105737596,-0.6910412412615404,-0.030040093205606817,-0.009865199944672134,-0.013685203105880046,-0.0003893578872539174,0.01687479047460782,0.017313735530517294,0.002332925551530418,-0.19387262569738056,0.980871141906802,22.449511012315813
103268083311227,37.279630590,42712073,2.874030262231827,-3.2167465686798096,-1.904754638671875,0.018291756510734558,-0.02288822829723358,-0.19227945804595947,26.880130767822266,0,-0.08362570405006409,-0.020606279373168945,0.0454254150390625,-0.000682532787322998,0.001776035875082016,0.0005397796630859375,103268076230351,7.081,1420724,11839.366666666667,34,True,0.7631810903549194,1.175769567489624,-5.189882755279541,0.6947551965713501,0.19650296866893768,-0.6673004627227783,-0.18278926610946655,1416250,0.7637673020362854,1.1645777225494385,-5.201920986175537,0.7197523222325736,0.059297473105737596,-0.6910412412615404,-0.030040093205606817,-0.010534454136707347,-0.012625789207575054,-0.0003671012576014866,0.016447493438388774,0.014470063594633098,0.004749409782005887,-0.2065053912896829,0.9783269309053007,23.900959918589688
103268183431877,37.379751240,42812388,2.8112179338932037,-2.7790639400482178,-1.7179107666015625,0.007951304316520691,0.012092494405806065,-0.2085065245628357,26.880130767822266,0,-0.08362570405006409,-0.020606279373168945,0.0454254150390625,-0.000682532787322998,0.001776035875082016,0.0005397796630859375,103268177192492,6.239,1420736,11839.466666666667,34,True,0.7630225419998169,1.1755067110061646,-5.189606666564941,0.6948067545890808,0.19518955051898956,-0.6670804023742676,-0.18479275703430176,1416250,0.7637673020362854,1.1645777225494385,-5.201920986175537,0.7197523222325736,0.059297473105737596,-0.6910412412615404,-0.030040093205606817,-0.010847469808603715,-0.012406772010716298,-0.00021054856117289214,0.01648150247007458,0.016805109176287802,0.005101684619933489,-0.20694810479231257,0.9781942767377461,23.97426068890505
103268283690216,37.480009579,42912560,2.5112768709659576,-2.5953752994537354,-1.8325347900390625,0.00684269517660141,0.007303725928068161,-0.2000303864479065,27.023958206176758,0,-0.08362570405006409,-0.020606279373168945,0.0454254150390625,-0.000682532787322998,0.001776035875082016,0.0005397796630859375,103268276719126,6.971,1420748,11839.566666666666,34,True,0.7631524801254272,1.1741703748703003,-5.189536094665527,0.6922970414161682,0.19502712786197662,-0.669029176235199,-0.18732129037380219,1416250,0.7637673020362854,1.1645777225494385,-5.201920986175537,0.7197523222325736,0.059297473105737596,-0.6910412412615404,-0.030040093205606817,-0.01108204687075793,-0.011085384087064037,-0.0002915802502070133,0.01567745267081738,0.018928216423157455,0.002119549581430347,-0.20866879298116364,0.977800882065666,24.190351997686957
103268384234992,37.580554355,43012812,2.253662019968033,-2.3430674076080322,-2.2046051025390625,-0.00037614256143569946,0.02348737046122551,-0.20407992601394653,27.023958206176758,0,-0.08362570405006409,-0.020606279373168945,0.0454254150390625,-0.000682532787322998,0.001776035875082016,0.0005397796630859375,103268383951381,0.284,1420761,11839.675,34,True,0.7630280256271362,1.1733452081680298,-5.1879801750183105,0.6906481385231018,0.21000811457633972,-0.6629026532173157,-0.19865037500858307,1416250,0.7637673020362854,1.1645777225494385,-5.201920986175537,0.7197523222325736,0.059297473105737596,-0.6910412412615404,-0.030040093205606817,-0.012733676180974842,-0.010467762008765459,-0.00020248172436822433,0.01648519182183764,0.01641611704880599,0.005611424341495196,-0.22756206492660333,0.973609022978033,26.38488080714113
103268484439642,37.680759005,43113335,1.8580544292926788,-2.0761215686798096,-2.3781280517578125,0.0007853806018829346,0.045260678976774216,-0.21274107694625854,27.023958206176758,0,-0.08362570405006409,-0.020606279373168945,0.0454254150390625,-0.000682532787322998,0.001776035875082016,0.0005397796630859375,103268483985834,0.454,1420773,11839.775,34,True,0.7631938457489014,1.1729544401168823,-5.185705661773682,0.6835273504257202,0.23027940094470978,-0.6565518379211426,-0.22068408131599426,1416250,0.7637673020362854,1.1645777225494385,-5.201920986175537,0.7197523222325736,0.059297473105737596,-0.6910412412615404,-0.030040093205606817,-0.015031457373093223,-0.010357939413593267,-0.00045097130827222566,0.018260202484520052,0.01810395638821732,0.005959272311299666,-0.2579916092907317,0.9659591416681099,29.985246144999273
103268584652750,37.780972113,43213496,1.6396339237689972,-2.024482011795044,-2.3830413818359375,0.0002490431070327759,0.05919194594025612,-0.239044189453125,27.023958206176758,0,-0.08362570405006409,-0.020606279373168945,0.0454254150390625,-0.000682532787322998,0.001776035875082016,0.0005397796630859375,103268583872812,0.780,1420785,11839.875,34,True,0.7629887461662292,1.1722877025604248,-5.183629035949707,0.677894115447998,0.25392481684684753,-0.6463953256607056,-0.24115343391895294,1416250,0.7637673020362854,1.1645777225494385,-5.201920986175537,0.7197523222325736,0.059297473105737596,-0.6910412412615404,-0.030040093205606817,-0.01718216254625771,-0.009966072755586197,-0.0003099486105696253,0.01986568357940025,0.016063829358776732,0.009880117663288945,-0.28979474069836975,0.9569029966119118,33.7647367104486
103268686138677,37.882458040,43313775,1.7503266632556915,-2.0325005054473877,-2.1342620849609375,-0.0034663379192352295,0.062026847153902054,-0.27312368154525757,27.023958206176758,0,-0.08362570405006409,-0.020606279373168945,0.0454254150390625,-0.000682532787322998,0.001776035875082016,0.0005397796630859375,103268685868287,0.270,1420797,11839.975,34,True,0.7630426287651062,1.1721824407577515,-5.18217658996582,0.6700581312179565,0.26919373869895935,-0.6429911851882935,-0.2551848292350769,1416250,0.7637673020362854,1.1645777225494385,-5.201920986175537,0.7197523222325736,0.059297473105737596,-0.6910412412615404,-0.030040093205606817,-0.018633132567220205,-0.0100412205651624,-0.000422294160799426,0.02117068898416128,0.01564504089330973,0.007288614075752875,-0.31104777042084447,0.9502375457308152,36.30246742538295
103268786251327,37.982570690,43415217,1.8513504564762115,-1.8916267156600952,-1.9944915771484375,-0.004339106380939484,0.056874241679906845,-0.30011463165283203,27.023958206176758,0,-0.08362570405006409,-0.020606279373168945,0.0454254150390625,-0.000682532787322998,0.001776035875082016,0.0005397796630859375,103268784257796,1.994,1420809,11840.075,34,True,0.763099730014801,1.1717106103897095,-5.181215286254883,0.6650612354278564,0.28446507453918457,-0.636140763759613,-0.26851093769073486,1416250,0.7637673020362854,1.1645777225494385,-5.201920986175537,0.7197523222325736,0.059297473105737596,-0.6910412412615404,-0.030040093205606817,-0.01964367219570798,-0.009691408671362211,-0.0005024850068934816,0.021910037666556807,0.014427310925729159,0.009097612322481963,-0.3317503477143384,0.9432130156761503,38.80332632952931
103268886340327,38.082659690,43515450,1.9578305780887604,-1.5993131399154663,-2.022369384765625,-0.003007125109434128,0.061540309339761734,-0.32378172874450684,27.023958206176758,0,-0.08362570405006409,-0.020606279373168945,0.0454254150390625,-0.000682532787322998,0.001776035875082016,0.0005397796630859375,103268883546873,2.793,1420821,11840.175,34,True,0.7630528807640076,1.1719472408294678,-5.1799774169921875,0.6595702767372131,0.2983464300632477,-0.6295239329338074,-0.28223419189453125,1416250,0.7637673020362854,1.1645777225494385,-5.201920986175537,0.7197523222325736,0.059297473105737596,-0.6910412412615404,-0.030040093205606817,-0.020842393630913128,-0.010082979220055042,-0.0005182506347606952,0.02315902471906837,0.014484653106523887,0.010462369610169053,-0.35174918262680877,0.9359237395043978,41.24420489049413
103268986536560,38.182855923,43615382,2.1715454161167145,-1.7563546895980835,-2.06890869140625,-0.007589228451251984,0.060644906014204025,-0.3443584442138672,27.023958206176758,0,-0.08362570405006409,-0.020606279373168945,0.0454254150390625,-0.000682532787322998,0.001776035875082016,0.0005397796630859375,103268984411321,2.125,1420833,11840.275,34,True,0.7632369995117188,1.172581672668457,-5.178601264953613,0.6524997353553772,0.3079504370689392,-0.6255513429641724,-0.29681020975112915,1416250,0.7637673020362854,1.1645777225494385,-5.201920986175537,0.7197523222325736,0.059297473105737596,-0.6910412412615404,-0.030040093205606817,-0.022118956638257834,-0.010876022396297565,-0.0007859581500609275,0.024660775254309094,0.01831584505867781,0.009011430147374211,-0.36927290234926735,0.9290967912639856,43.41108763893407
103269086760683,38.283080046,43715684,2.2193924486637115,-1.8596769571304321,-2.109527587890625,-0.0033835694193840027,0.05722716078162193,-0.3521880507469177,27.023958206176758,0,-0.08362570405006409,-0.020606279373168945,0.0454254150390625,-0.000682532787322998,0.001776035875082016,0.0005397796630859375,103269086266320,0.494,1420845,11840.375,34,True,0.7631326913833618,1.1727279424667358,-5.177603721618652,0.6486209630966187,0.3165319561958313,-0.6212611198425293,-0.3051769435405731,1416250,0.7637673020362854,1.1645777225494385,-5.201920986175537,0.7197523222325736,0.059297473105737596,-0.6910412412615404,-0.030040093205606817,-0.02309311022817614,-0.011150461848864606,-0.0007305008261188875,0.02565459356354411,0.018269758447838933,0.009657273964088777,-0.3815901423559727,0.9241005985511473,44.93375727648748
103269186962054,38.383281417,43815849,2.533874899148941,-1.9469305276870728,-1.9363250732421875,-0.00607377290725708,0.06605308130383492,-0.3729797601699829,27.023958206176758,0,-0.08362570405006409,-0.020606279373168945,0.0454254150390625,-0.000682532787322998,0.001776035875082016,0.0005397796630859375,103269185237902,1.724,1420857,11840.475,34,True,0.7628768086433411,1.1732813119888306,-5.17671537399292,0.6437783241271973,0.33082398772239685,-0.6121249198913574,-0.31844639778137207,1416250,0.7637673020362854,1.1645777225494385,-5.201920986175537,0.7197523222325736,0.059297473105737596,-0.6910412412615404,-0.030040093205606817,-0.023913121502404957,-0.011821377644397163,-0.0005347744502497788,0.02668086080157226,0.017547814718729012,0.013244122450593195,-0.4016081963933401,0.9155476634281795,47.43275478102778
103269287203563,38.483522926,43916144,2.9353834688663483,-1.883193850517273,-1.8513031005859375,-0.010482169687747955,0.08050315454602242,-0.40155065059661865,27.023958206176758,0,-0.08362570405006409,-0.020606279373168945,0.0454254150390625,-0.000682532787322998,0.001776035875082016,0.0005397796630859375,103269286455395,0.748,1420869,11840.575,34,True,0.7630847096443176,1.173515796661377,-5.175388336181641,0.6356382369995117,0.34059542417526245,-0.6074991226196289,-0.33302217721939087,1416250,0.7637673020362854,1.1645777225494385,-5.201920986175537,0.7197523222325736,0.059297473105737596,-0.6910412412615404,-0.030040093205606817,-0.025190845657337223,-0.012210816478462281,-0.0008086240784325009,0.02800601037103808,0.021256529957056684,0.01151918638437416,-0.4193352999112823,0.9075094349523546,49.67317718706414
103269387324090,38.583643453,44016324,3.0079759657382965,-1.83901846408844,-1.5112762451171875,-0.009417124092578888,0.08172261342406273,-0.42014408111572266,27.023958206176758,0,-0.08362570405006409,-0.020606279373168945,0.0454254150390625,-0.000682532787322998,0.001776035875082016,0.0005397796630859375,103269385379558,1.945,1420881,11840.675,34,True,0.7630124688148499,1.1732611656188965,-5.174257755279541,0.6260890960693359,0.3540271520614624,-0.599996030330658,-0.35026001930236816,1416250,0.7637673020362854,1.1645777225494385,-5.201920986175537,0.7197523222325736,0.059297473105737596,-0.6910412412615404,-0.030040093205606817,-0.0263465153121201,-0.0121031479481618,-0.0007753973117195193,0.029003901467524917,0.02422357215966242,0.010939374819770087,-0.44170652364624174,0.8967657975183545,52.52770108938845
103269487528918,38.683848281,44116483,3.088081032037735,-1.5206571817398071,-1.2002716064453125,-0.013561759144067764,0.0930606760084629,-0.451652467250824,27.023958206176758,0,-0.08362570405006409,-0.020606279373168945,0.0454254150390625,-0.000682532787322998,0.001776035875082016,0.0005397796630859375,103269484725020,2.804,1420893,11840.775,34,True,0.7627564668655396,1.1732772588729858,-5.1727213859558105,0.6174577474594116,0.36703604459762573,-0.5933530330657959,-0.36326664686203003,1416250,0.7637673020362854,1.1645777225494385,-5.201920986175537,0.7197523222325736,0.059297473105737596,-0.6910412412615404,-0.030040093205606817,-0.027877014562516587,-0.012322670994081061,-0.0005866955188716101,0.030484756403471435,0.0244608159788135,0.010136541978086389,-0.4607692139095987,0.8871249351199118,54.97167674371387
103269587649219,38.783968582,44216604,3.055901199579239,-1.5820878744125366,-1.1844329833984375,-0.01318732276558876,0.0846121497452259,-0.4647202491760254,27.023958206176758,0,-0.08362570405006409,-0.020606279373168945,0.0454254150390625,-0.000682532787322998,0.001776035875082016,0.0005397796630859375,103269585033519,2.616,1420905,11840.875,34,True,0.7628078460693359,1.1732999086380005,-5.171600341796875,0.6118375062942505,0.37753090262413025,-0.5856473445892334,-0.37435632944107056,1416250,0.7637673020362854,1.1645777225494385,-5.201920986175537,0.7197523222325736,0.059297473105737596,-0.6910412412615404,-0.030040093205606817,-0.028983366764003468,-0.012483219278066473,-0.0006872037050852179,0.031564831085455124,0.02490216347544838,0.012141233242274285,-0.4765510422468624,0.8787101779557512,57.02567549411044
103269687773327,38.884092690,44316728,3.1058060228824615,-1.4868487119674683,-1.145782470703125,-0.013020005077123642,0.08363332226872444,-0.4770743250846863,27.023958206176758,0,-0.08362570405006409,-0.020606279373168945,0.0454254150390625,-0.000682532787322998,0.001776035875082016,0.0005397796630859375,103269684956432,2.817,1420917,11840.975,34,True,0.763035774230957,1.1729967594146729,-5.171215534210205,0.6052987575531006,0.3822472393512726,-0.5851559042930603,-0.38091084361076355,1416250,0.7637673020362854,1.1645777225494385,-5.201920986175537,0.7197523222325736,0.059297473105737596,-0.6910412412615404,-0.030040093205606817,-0.02939461197462716,-0.012220933120595395,-0.0009196062127330099,0.03184713637147706,0.026527892361890792,0.008223391408961778,-0.4848776057280242,0.8741409235495327,58.11306660896701
103269787989706,38.984309069,44416862,3.144437223672867,-1.3887964487075806,-1.1947021484375,-0.012604396790266037,0.07890395447611809,-0.49090611934661865,27.023958206176758,0,-0.08362570405006409,-0.020606279373168945,0.0454254150390625,-0.000682532787322998,0.001776035875082016,0.0005397796630859375,103269783508156,4.482,1420929,11841.075,34,True,0.7629052996635437,1.1728379726409912,-5.170211315155029,0.6001949310302734,0.3909161686897278,-0.5788353681564331,-0.3897438645362854,1416250,0.7637673020362854,1.1645777225494385,-5.201920986175537,0.7197523222325736,0.059297473105737596,-0.6910412412615404,-0.030040093205606817,-0.030415078614831885,-0.01219499479029035,-0.0008265051801591397,0.03277923147199218,0.026673419213989802,0.009509017568877953,-0.4977135756368478,0.866879059568919,59.80406627766792
103269888156358,39.084475721,44517108,3.179890066385269,-1.454471230506897,-1.13153076171875,-0.01777573674917221,0.08938777819275856,-0.5024596452713013,27.023958206176758,0,-0.08362570405006409,-0.020606279373168945,0.0454254150390625,-0.000682532787322998,0.001776035875082016,0.0005397796630859375,103269885417453,2.739,1420941,11841.175,34,True,0.7629492282867432,1.1728038787841797,-5.169203758239746,0.59552001953125,0.39856237173080444,-0.5734656453132629,-0.3970404267311096,1416250,0.7637673020362854,1.1645777225494385,-5.201920986175537,0.7197523222325736,0.059297473105737596,-0.6910412412615404,-0.030040093205606817,-0.03141642465563996,-0.012285419302854365,-0.0009124852163830046,0.033745457395930586,0.026463319805097422,0.010346306765106452,-0.5086977069704898,0.8604761993013993,61.259814730535886
103269988351277,39.184670640,44617029,3.280850797891617,-1.3011773824691772,-1.134033203125,-0.013988636434078217,0.08355991914868355,-0.5100563764572144,27.023958206176758,0,-0.08362570405006409,-0.020606279373168945,0.0454254150390625,-0.000682532787322998,0.001776035875082016,0.0005397796630859375,103269984049562,4.302,1420953,11841.275,34,True,0.7627972960472107,1.1727293729782104,-5.16851282119751,0.5927029848098755,0.4053567945957184,-0.5703662037849426,-0.3988376557826996,1416250,0.7637673020362854,1.1645777225494385,-5.201920986175537,0.7197523222325736,0.059297473105737596,-0.6910412412615404,-0.030040093205606817,-0.0321164876564071,-0.012304735938917209,-0.0007877167131665307,0.03440197383190145,0.022962487701367773,0.01053291568432374,-0.5150901091170343,0.8567636554707215,62.08974912187035
103270088546199,39.284865562,44717282,3.2265376150608063,-1.4111217260360718,-1.26275634765625,-0.013445742428302765,0.08033377304673195,-0.5115035772323608,27.023958206176758,0,-0.08362570405006409,-0.020606279373168945,0.0454254150390625,-0.000682532787322998,0.001776035875082016,0.0005397796630859375,103270085697159,2.849,1420965,11841.375,34,True,0.7630041837692261,1.17269766330719,-5.167818069458008,0.5859766602516174,0.4091818332672119,-0.5676705241203308,-0.40859735012054443,1416250,0.7637673020362854,1.1645777225494385,-5.201920986175537,0.7197523222325736,0.059297473105737596,-0.6910412412615404,-0.030040093205606817,-0.03280130565270816,-0.0123512170379287,-0.0010229864130320634,0.03506457922236702,0.027386003277659,0.00828879046695824,-0.5250673741571743,0.8505795408853666,63.4504810113656
103270188665048,39.384984411,44817600,3.2322923243045807,-1.4483343362808228,-1.2868804931640625,-0.015547018498182297,0.08095203712582588,-0.5196521282196045,27.023958206176758,0,-0.08362570405006409,-0.020606279373168945,0.0454254150390625,-0.000682532787322998,0.001776035875082016,0.0005397796630859375,103270184644261,4.021,1420977,11841.475,34,True,0.7631398439407349,1.1727125644683838,-5.167203426361084,0.5816192030906677,0.41531720757484436,-0.5628536939620972,-0.41524261236190796,1416250,0.7637673020362854,1.1645777225494385,-5.201920986175537,0.7197523222325736,0.059297473105737596,-0.6910412412615404,-0.030040093205606817,-0.03340350549617134,-0.01243699040448915,-0.0011854983863037074,0.035663403036979416,0.027774422770094787,0.00895427280502048,-0.5344785715484737,0.8446780800955027,64.72507757341944
103270288882854,39.485202217,44917769,3.3751582205295563,-1.3457142114639282,-1.245391845703125,-0.01532847061753273,0.07955214753746986,-0.5241466164588928,27.023958206176758,0,-0.08362570405006409,-0.020606279373168945,0.0454254150390625,-0.000682532787322998,0.001776035875082016,0.0005397796630859375,103270284365190,4.518,1420989,11841.575,34,True,0.7632583379745483,1.1723933219909668,-5.166811943054199,0.5779101848602295,0.41829153895378113,-0.5600923895835876,-0.42112767696380615,1416250,0.7637673020362854,1.1645777225494385,-5.201920986175537,0.7197523222325736,0.059297473105737596,-0.6910412412615404,-0.030040093205606817,-0.03382755614250171,-0.012164386704001207,-0.001308315513909075,0.03597203841795071,0.029902506776106508,0.008638263703954707,-0.5409890583255261,0.8404534842932989,65.62392506925647
103270389121577,39.585440940,45018053,3.2414876520633698,-1.2871299982070923,-1.1849365234375,-0.01457398384809494,0.07624973729252815,-0.5263243317604065,27.023958206176758,0,-0.08362570405006409,-0.020606279373168945,0.0454254150390625,-0.000682532787322998,0.001776035875082016,0.0005397796630859375,103270384939911,4.182,1421001,11841.675,34,True,0.76312255859375,1.172371506690979,-5.166601181030273,0.5801491141319275,0.41287538409233093,-0.5645458698272705,-0.4174313545227051,1416250,0.7637673020362854,1.1645777225494385,-5.201920986175537,0.7197523222325736,0.059297473105737596,-0.6910412412615404,-0.030040093205606817,-0.03404437505422647,-0.01217510364969637,-0.0011810076787759473,0.03617523187003803,0.031181678136945445,0.006923572448356896,-0.5342698968531109,0.8447102724660585,64.7181855058328
103270489333113,39.685652476,45118293,2.974663645029068,-1.823647379875183,-0.5919189453125,-0.012356732040643692,0.07112400606274605,-0.49023228883743286,27.023958206176758,0,-0.08362570405006409,-0.020606279373168945,0.0454254150390625,-0.000682532787322998,0.001776035875082016,0.0005397796630859375,103270487720010,1.613,1421013,11841.775,34,True,0.7630411982536316,1.1729340553283691,-5.167369365692139,0.5863198637962341,0.40280812978744507,-0.5729371905326843,-0.40708431601524353,1416250,0.7637673020362854,1.1645777225494385,-5.201920986175537,0.7197523222325736,0.059297473105737596,-0.6910412412615404,-0.030040093205606817,-0.03321466312570669,-0.012640073560154126,-0.001088437450626935,0.03555516843222957,0.03100347551839927,0.004837010503761063,-0.5192557553662951,0.8540426501961977,62.69173740771917
103270589446480,39.785765843,45218484,3.094954162836075,-1.9813740253448486,-1.50701904296875,-0.016182325780391693,0.07175052538514137,-0.46729886531829834,27.023958206176758,0,-0.08362570405006409,-0.020606279373168945,0.0454254150390625,-0.000682532787322998,0.001776035875082016,0.0005397796630859375,103270588121134,1.325,1421025,11841.875,34,True,0.7630921602249146,1.1726473569869995,-5.167888641357422,0.5894345045089722,0.40010151267051697,-0.5742993950843811,-0.4033186733722687,1416250,0.7637673020362854,1.1645777225494385,-5.201920986175537,0.7197523222325736,0.059297473105737596,-0.6910412412615404,-0.030040093205606817,-0.032734404313851426,-0.012288662920107628,-0.0011058246215853696,0.03498250005703462,0.03015074124789552,0.005866919815628591,-0.5144798447295692,0.8569521581868604,62.04785074050845
103270689578274,39.885897637,45318519,3.019055038690567,-2.0114119052886963,-1.43853759765625,-0.012811180204153061,0.06847301498055458,-0.4537454843521118,27.023958206176758,0,-0.08362570405006409,-0.020606279373168945,0.0454254150390625,-0.000682532787322998,0.001776035875082016,0.0005397796630859375,103270686208118,3.370,1421037,11841.975,34,True,0.7630066275596619,1.1732648611068726,-5.168171405792236,0.5947166085243225,0.3952108919620514,-0.5772358179092407,-0.39613044261932373,1416250,0.7637673020362854,1.1645777225494385,-5.201920986175537,0.7197523222325736,0.059297473105737596,-0.6910412412615404,-0.030040093205606817,-0.03237902374782715,-0.01286905866464021,-0.0010321473964606254,0.03485798585725122,0.02837206352712912,0.007124245136823193,-0.5055910174727998,0.8622772142375457,60.853524023459435
103270789833171,39.986152534,45418638,3.083806663751602,-2.2615745067596436,-1.5342254638671875,-0.014309141784906387,0.07546458020806313,-0.43324029445648193,27.023958206176758,0,-0.08362570405006409,-0.020606279373168945,0.0454254150390625,-0.000682532787322998,0.001776035875082016,0.0005397796630859375,103270786094472,3.739,1421049,11842.075,34,True,0.7628438472747803,1.1734217405319214,-5.168867111206055,0.6006803512573242,0.3841431736946106,-0.5842263698577881,-0.3876812160015106,1416250,0.7637673020362854,1.1645777225494385,-5.201920986175537,0.7197523222325736,0.059297473105737596,-0.6910412412615404,-0.030040093205606817,-0.031675708025164506,-0.01294458805448412,-0.0008457153619512603,0.03422905305831881,0.03017433306193751,0.006045428739833936,-0.49122259895843223,0.8704902760445645,58.96867438511411
103270890040062,40.086359425,45519014,2.8908239901065826,-2.5937721729278564,-1.4131011962890625,-0.006308775395154953,0.065188679844141,-0.39747434854507446,27.023958206176758,0,-0.08362570405006409,-0.020606279373168945,0.0454254150390625,-0.000682532787322998,0.001776035875082016,0.0005397796630859375,103270884181571,5.858,1421061,11842.175,34,True,0.7627190351486206,1.1735258102416992,-5.169572353363037,0.6086207032203674,0.3756211996078491,-0.5916898846626282,-0.3720116913318634,1416250,0.7637673020362854,1.1645777225494385,-5.201920986175537,0.7197523222325736,0.059297473105737596,-0.6910412412615404,-0.030040093205606817,-0.0309682011917684,-0.012964915882688506,-0.0006947321462838743,0.033579773400875035,0.02498923028304456,0.005487494923146097,-0.4735655474006842,0.8803869024948178,56.62185898518522
103270990097088,40.186416451,45619036,2.666157156229019,-3.0490033626556396,-1.2462921142578125,-0.002129971981048584,0.06482617929577827,-0.3609393835067749,27.023958206176758,0,-0.08362570405006409,-0.020606279373168945,0.0454254150390625,-0.000682532787322998,0.001776035875082016,0.0005397796630859375,103270984422181,5.675,1421073,11842.275,34,True,0.7630329132080078,1.173944115638733,-5.170214653015137,0.6184437870979309,0.35694995522499084,-0.6032335162162781,-0.35527944564819336,1416250,0.7637673020362854,1.1645777225494385,-5.201920986175537,0.7197523222325736,0.059297473105737596,-0.6910412412615404,-0.030040093205606817,-0.030266590695414028,-0.013285349978710712,-0.0009965804292858984,0.03306902189258986,0.02623817817672311,0.0035358013285929912,-0.44763493031720425,0.8938243816739635,53.28435531481433
103271090304099,40.286623462,45718929,2.4971798956394196,-3.4797561168670654,-1.251190185546875,0.004604615271091461,0.05003216490149498,-0.31093961000442505,27.023958206176758,0,-0.08362570405006409,-0.020606279373168945,0.0454254150390625,-0.000682532787322998,0.001776035875082016,0.0005397796630859375,103271086659507,3.645,1421085,11842.375,34,True,0.7628303170204163,1.1745034456253052,-5.171525001525879,0.6307570338249207,0.337725967168808,-0.6127541661262512,-0.33558768033981323,1416250,0.7637673020362854,1.1645777225494385,-5.201920986175537,0.7197523222325736,0.059297473105737596,-0.6910412412615404,-0.030040093205606817,-0.028904491152025605,-0.013684567587838398,-0.0007594758043346675,0.03198927636444772,0.025544213973226038,0.004602071424587129,-0.41917448079658887,0.9075346102050341,49.666308519056884
103271190555505,40.386874868,45819374,2.134766012430191,-3.900838613510132,-1.362060546875,0.01058109849691391,0.04184814170002937,-0.25368982553482056,27.023958206176758,0,-0.08362570405006409,-0.020606279373168945,0.0454254150390625,-0.000682532787322998,0.001776035875082016,0.0005397796630859375,103271184513975,6.042,1421097,11842.475,34,True,0.762779176235199,1.1749475002288818,-5.1729912757873535,0.6438781023025513,0.31114470958709717,-0.6273775696754456,-0.3082328140735626,1416250,0.7637673020362854,1.1645777225494385,-5.201920986175537,0.7197523222325736,0.059297473105737596,-0.6910412412615404,-0.030040093205606817,-0.027396725755277417,-0.013943367140147735,-0.0006623862537823561,0.03074795643394911,0.024697202226001823,0.0023204711288283826,-0.3799218651214892,0.9246859142533519,44.757917786013714
103271290794411,40.487113774,45919703,1.5922005474567413,-4.368629217147827,-1.196014404296875,0.015825755894184113,0.032004017382860184,-0.1930180788040161,27.023958206176758,0,-0.08362570405006409,-0.020606279373168945,0.0454254150390625,-0.000682532787322998,0.001776035875082016,0.0005397796630859375,103271287773911,3.021,1421109,11842.575,34,True,0.762940526008606,1.1750978231430054,-5.174258232116699,0.6544435620307922,0.2911287844181061,-0.636986494064331,-0.28494885563850403,1416250,0.7637673020362854,1.1645777225494385,-5.201920986175537,0.7197523222325736,0.059297473105737596,-0.6910412412615404,-0.030040093205606817,-0.026115739337360937,-0.01392666892486963,-0.0007746539476138248,0.029607161924413906,0.022022748033031225,0.0019261944034167366,-0.34851004830446863,0.937044307690416,40.87806537344644
103271391050321,40.587369684,46020041,1.1641172468662262,-4.417084455490112,-1.559539794921875,0.014890924096107483,0.02352087013423443,-0.1537923812866211,27.023958206176758,0,-0.08362570405006409,-0.020606279373168945,0.0454254150390625,-0.000682532787322998,0.001776035875082016,0.0005397796630859375,103271386618368,4.432,1421121,11842.675,34,True,0.7629421949386597,1.1757222414016724,-5.1752190589904785,0.6581957340240479,0.2798832356929779,-0.6433102488517761,-0.27312222123146057,1416250,0.7637673020362854,1.1645777225494385,-5.201920986175537,0.7197523222325736,0.059297473105737596,-0.6910412412615404,-0.030040093205606817,-0.02508408557495561,-0.014425203409450468,-0.000759061941347905,0.028946053574995682,0.021543904569172573,-0.00039590939827161,-0.33183087168358827,0.9430927716981892,38.8447843302547
103271491279365,40.687598728,46120253,1.0833946764469147,-4.539473295211792,-1.7260589599609375,0.014350488781929016,0.021354569122195244,-0.13217711448669434,27.023958206176758,0,-0.08362570405006409,-0.020606279373168945,0.0454254150390625,-0.000682532787322998,0.001776035875082016,0.0005397796630859375,103271486967050,4.312,1421133,11842.775,34,True,0.762868344783783,1.1758506298065186,-5.176227569580078,0.6643211841583252,0.2676224708557129,-0.6471933126449585,-0.2611444592475891,1416250,0.7637673020362854,1.1645777225494385,-5.201920986175537,0.7197523222325736,0.059297473105737596,-0.6910412412615404,-0.030040093205606817,-0.02407096423535708,-0.014429432541489581,-0.0006468197794786101,0.02807201842611897,0.021441823915302277,0.0007002485557213167,-0.3142491656379949,0.9490981085930841,36.719285637942484
103271591395372,40.787714735,46220375,0.8573589622974396,-4.511998891830444,-1.6769866943359375,0.017355799674987793,0.030858147889375687,-0.11819088459014893,27.023958206176758,0,-0.08362570405006409,-0.020606279373168945,0.0454254150390625,-0.000682532787322998,0.001776035875082016,0.0005397796630859375,103271585885300,5.510,1421145,11842.875,34,True,0.7629416584968567,1.1768032312393188,-5.176785945892334,0.6678923964500427,0.256609708070755,-0.6504431366920471,-0.25494134426116943,1416250,0.7637673020362854,1.1645777225494385,-5.201920986175537,0.7197523222325736,0.059297473105737596,-0.6910412412615404,-0.030040093205606817,-0.023393863652551337,-0.015300494538894347,-0.0007328098592996044,0.02796274307035676,0.024672815987729746,0.0007920304517942123,-0.3017266884850389,0.9530748293260354,35.24387376325533
103271691644235,40.887963598,46320511,0.80301633477211,-4.723671197891235,-1.67047119140625,0.019111528992652893,0.024846067652106285,-0.09885585308074951,27.023958206176758,0,-0.08362570405006409,-0.020606279373168945,0.0454254150390625,-0.000682532787322998,0.001776035875082016,0.0005397796630859375,103271689133919,2.510,1421157,11842.975,34,True,0.7629132866859436,1.1767867803573608,-5.177529811859131,0.6699885129928589,0.24275554716587067,-0.6580929160118103,-0.2431028038263321,1416250,0.7637673020362854,1.1645777225494385,-5.201920986175537,0.7197523222325736,0.059297473105737596,-0.6910412412615404,-0.030040093205606817,-0.02265971010806284,-0.015192303210281439,-0.0006717739906788727,0.027289555132121987,0.02611644096956542,-0.003551227968356052,-0.2832201163974246,0.9586926963103606,33.05121755732286
103271791729267,40.988048630,46420787,0.6907773315906525,-4.667615652084351,-1.3468780517578125,0.02357465773820877,0.01709063909947872,-0.0830237865447998,27.023958206176758,0,-0.08362570405006409,-0.020606279373168945,0.0454254150390625,-0.000682532787322998,0.001776035875082016,0.0005397796630859375,103271784884774,6.844,1421169,11843.075,34,True,0.7627291083335876,1.1766453981399536,-5.178426265716553,0.6755715608596802,0.23563097417354584,-0.659824013710022,-0.22959399223327637,1416250,0.7637673020362854,1.1645777225494385,-5.201920986175537,0.7197523222325736,0.059297473105737596,-0.6910412412615404,-0.030040093205606817,-0.021796066950161053,-0.014948011795530507,-0.00044377768401906883,0.026433095349732608,0.0212517520458749,-0.0015260889863548122,-0.26837399419158214,0.96307914177862,31.235529170381216
103271891970907,41.088290270,46520879,0.43586012721061707,-4.8068859577178955,-1.5836029052734375,0.01971905678510666,0.01386617124080658,-0.06562399864196777,27.023958206176758,0,-0.08362570405006409,-0.020606279373168945,0.0454254150390625,-0.000682532787322998,0.001776035875082016,0.0005397796630859375,103271889428016,2.543,1421181,11843.175,34,True,0.7626788020133972,1.1771612167358398,-5.179190635681152,0.679460346698761,0.22485823929309845,-0.6622435450553894,-0.2218240201473236,1416250,0.7637673020362854,1.1645777225494385,-5.201920986175537,0.7197523222325736,0.059297473105737596,-0.6910412412615404,-0.030040093205606817,-0.020974888402818727,-0.015365780772631111,-0.0003805648083352526,0.026003807256565387,0.023130353504026868,-0.0007173666641775989,-0.2549476467525208,0.9666779037234687,29.665193529306585
103271992171984,41.188491347,46621074,0.4924929141998291,-4.804692506790161,-1.7978057861328125,0.022417128086090088,-0.0005793347954750061,-0.052626967430114746,27.023958206176758,0,-0.08362570405006409,-0.020606279373168945,0.0454254150390625,-0.000682532787322998,0.001776035875082016,0.0005397796630859375,103271985074036,7.098,1421193,11843.275,34,True,0.7628775238990784,1.1773923635482788,-5.180192470550537,0.6805992126464844,0.21264521777629852,-0.6673538684844971,-0.21495486795902252,1416250,0.7637673020362854,1.1645777225494385,-5.201920986175537,0.7197523222325736,0.059297473105737596,-0.6910412412615404,-0.030040093205606817,-0.01994501813703507,-0.015460746136878352,-0.0005447024259390282,0.02524153561747939,0.026894783654021447,-0.003648973438025337,-0.2411893751705749,0.9700984696977311,28.0932825902753
103272094469754,41.290789117,46721101,0.4667552709579468,-4.82077956199646,-1.6024627685546875,0.01969820261001587,0.0075132474303245544,-0.04728269577026367,27.023958206176758,0,-0.08362570405006409,-0.020606279373168945,0.0454254150390625,-0.000682532787322998,0.001776035875082016,0.0005397796630859375,103272094150942,0.319,1421206,11843.383333333333,34,True,0.7627043724060059,1.1774845123291016,-5.181283950805664,0.6845470070838928,0.20706802606582642,-0.668026328086853,-0.20557014644145966,1416250,0.7637673020362854,1.1645777225494385,-5.201920986175537,0.7197523222325736,0.059297473105737596,-0.6910412412615404,-0.030040093205606817,-0.018858018382843948,-0.015423021840572038,-0.00032834532171319196,0.024363954331609088,0.02391546146401452,-0.0017938400197426985,-0.23043565714352887,0.9727919822643364,26.792035923726033
103272194789681,41.391109044,46823554,0.3757946491241455,-4.567596197128296,-1.6006927490234375,0.022123895585536957,0.017467224970459938,-0.04195046424865723,27.023958206176758,0,-0.08362570405006409,-0.020606279373168945,0.0454254150390625,-0.000682532787322998,0.001776035875082016,0.0005397796630859375,103272193388161,1.402,1421218,11843.483333333334,34,True,0.7627352476119995,1.1777247190475464,-5.182043552398682,0.6870579123497009,0.19851692020893097,-0.6705039143562317,-0.19740068912506104,1416250,0.7637673020362854,1.1645777225494385,-5.201920986175537,0.7197523222325736,0.059297473105737596,-0.6910412412615404,-0.030040093205606817,-0.018073458892696726,-0.015564652473742342,-0.00033571391816953917,0.023854161624530523,0.02401612867388836,-0.0020695015104182923,-0.2184122253444169,0.9755588360253407,25.387335009778464
103272295057399,41.491376762,46923940,0.4155725836753845,-4.593425035476685,-1.686981201171875,0.020731806755065918,0.011690061539411545,-0.03415572643280029,26.880130767822266,0,-0.08362570405006409,-0.020606279373168945,0.0454254150390625,-0.000682532787322998,0.001776035875082016,0.0005397796630859375,103272293488396,1.569,1421230,11843.583333333334,34,True,0.7629518508911133,1.1776678562164307,-5.182724952697754,0.6875137090682983,0.19239932298660278,-0.6730297207832336,-0.1932315081357956,1416250,0.7637673020362854,1.1645777225494385,-5.201920986175537,0.7197523222325736,0.059297473105737596,-0.6910412412615404,-0.030040093205606817,-0.01739706581034221,-0.015413486851488623,-0.0005203705791723508,0.023248747520459218,0.025378945342332086,-0.003635930967587352,-0.21102509737649494,0.9771443585348843,24.546806239527474
103272395142406,41.591461769,47024266,0.5002449750900269,-4.396413564682007,-1.4296875,0.023153968155384064,0.010676172561943531,-0.03134512901306152,26.880130767822266,0,-0.08362570405006409,-0.020606279373168945,0.0454254150390625,-0.000682532787322998,0.001776035875082016,0.0005397796630859375,103272394329706,0.813,1421242,11843.683333333332,34,True,0.7629484534263611,1.1772507429122925,-5.183809280395508,0.6899909973144531,0.1839206963777542,-0.6757674217224121,-0.18282246589660645,1416250,0.7637673020362854,1.1645777225494385,-5.201920986175537,0.7197523222325736,0.059297473105737596,-0.6910412412615404,-0.030040093205606817,-0.016375336957142522,-0.014864454192699923,-0.00045407655610260253,0.022120349102707083,0.023834013982094643,-0.004257020307029957,-0.19750036710152916,0.980003787008177,22.954501079983864
103272495230419,41.691549782,47124358,0.4557912051677704,-4.22414755821228,-1.2364501953125,0.02650938183069229,0.006312994286417961,-0.019947052001953125,26.880130767822266,0,-0.08362570405006409,-0.020606279373168945,0.0454254150390625,-0.000682532787322998,0.001776035875082016,0.0005397796630859375,103272494218888,1.012,1421254,11843.783333333333,34,True,0.7630410194396973,1.1773951053619385,-5.185201168060303,0.6920046210289001,0.16673530638217926,-0.6812666654586792,-0.17089411616325378,1416250,0.7637673020362854,1.1645777225494385,-5.201920986175537,0.7197523222325736,0.059297473105737596,-0.6910412412615404,-0.030040093205606817,-0.014973881863569377,-0.014829222732547479,-0.0004920583940572763,0.021079969316362798,0.02738997060836658,-0.007014686693197769,-0.176603555437079,0.983875890490082,20.6058616293134
103272595490616,41.791809979,47224310,0.14036015793681145,-4.295347452163696,-1.564910888671875,0.021177969872951508,-0.009928446263074875,0.006228089332580566,26.880130767822266,0,-0.08362570405006409,-0.020606279373168945,0.0454254150390625,-0.000682532787322998,0.001776035875082016,0.0005397796630859375,103272595130164,0.360,1421266,11843.883333333333,34,True,0.7631494998931885,1.177538275718689,-5.186253547668457,0.6969609260559082,0.1546521782875061,-0.6826655268669128,-0.15587207674980164,1416250,0.7637673020362854,1.1645777225494385,-5.201920986175537,0.7197523222325736,0.059297473105737596,-0.6910412412615404,-0.030040093205606817,-0.013908493504323284,-0.01483461734777216,-0.000560521096386413,0.02034271976197185,0.024861823582926643,-0.005124299993257864,-0.15718992788281586,0.9872420968789295,18.323991580429254
103272695969808,41.892289171,47324508,0.0040125176310539246,-4.231546640396118,-1.7169647216796875,0.023372240364551544,-0.02552459016442299,0.027619481086730957,26.880130767822266,0,-0.08362570405006409,-0.020606279373168945,0.0454254150390625,-0.000682532787322998,0.001776035875082016,0.0005397796630859375,103272695729486,0.240,1421278,11843.983333333334,34,True,0.7627365589141846,1.17716383934021,-5.187440395355225,0.7006990313529968,0.14548514783382416,-0.6840670108795166,-0.14109347760677338,1416250,0.7637673020362854,1.1645777225494385,-5.201920986175537,0.7197523222325736,0.059297473105737596,-0.6910412412615404,-0.030040093205606817,-0.012795250959002715,-0.014333004129096263,-8.260321704675058e-05,0.019213544122832125,0.02053050090060345,-0.004150791754358175,-0.14011555877403936,0.9899135819100681,16.289277634299385
103272796229440,41.992548803,47425056,-0.1884278655052185,-4.1756980419158936,-1.6103057861328125,0.022994332015514374,-0.025614235550165176,0.04018449783325195,26.880130767822266,0,-0.08362570405006409,-0.020606279373168945,0.0454254150390625,-0.000682532787322998,0.001776035875082016,0.0005397796630859375,103272792746649,3.483,1421290,11844.083333333334,34,True,0.7628812193870544,1.1774225234985352,-5.188375473022461,0.7029679417610168,0.1340915709733963,-0.6858981251716614,-0.131906196475029,1416250,0.7637673020362854,1.1645777225494385,-5.201920986175537,0.7197523222325736,0.059297473105737596,-0.6910412412615404,-0.030040093205606817,-0.011830104685435142,-0.01446599138980401,-0.00019671478110383782,0.018688364841883385,0.021831789165114274,-0.004103348601274037,-0.12537667766101923,0.991860486263462,14.630591195267524
103272896351757,42.092671120,47525260,-0.2666694223880768,-4.321792840957642,-1.933624267578125,0.019899606704711914,-0.034544285386800766,0.0516507625579834,26.880130767822266,0,-0.08362570405006409,-0.020606279373168945,0.0454254150390625,-0.000682532787322998,0.001776035875082016,0.0005397796630859375,103272892945156,3.407,1421302,11844.183333333332,34,True,0.7630652189254761,1.1775223016738892,-5.189032554626465,0.7026793360710144,0.12488380819559097,-0.6891176700592041,-0.12554919719696045,1416250,0.7637673020362854,1.1645777225494385,-5.201920986175537,0.7197523222325736,0.059297473105737596,-0.6910412412615404,-0.030040093205606817,-0.011159177446619853,-0.014474556514875798,-0.0003559348413503229,0.018280227493080323,0.02381884841594964,-0.006720413873676834,-0.11427681715774103,0.993140628288764,13.429454021032473
103272996446851,42.192766214,47625387,-0.46215465664863586,-4.327619791030884,-1.89105224609375,0.019391857087612152,-0.0363653227686882,0.06437742710113525,26.880130767822266,0,-0.08362570405006409,-0.020606279373168945,0.0454254150390625,-0.000682532787322998,0.001776035875082016,0.0005397796630859375,103272992660065,3.787,1421314,11844.283333333333,34,True,0.7628918290138245,1.1774922609329224,-5.190441608428955,0.7072559595108032,0.1125461608171463,-0.6891193389892578,-0.11062081158161163,1416250,0.7637673020362854,1.1645777225494385,-5.201920986175537,0.7197523222325736,0.059297473105737596,-0.6910412412615404,-0.030040093205606817,-0.009772912606180243,-0.014275973753372365,-0.00012091610829444469,0.017301094419725545,0.021462547257884736,-0.004073570826177541,-0.09480920039539942,0.9952557362840528,11.16667527189551
103273096565708,42.292885071,47725387,-0.5244925320148468,-4.194320917129517,-1.99658203125,0.02012769877910614,-0.03135509416460991,0.07305538654327393,26.880130767822266,0,-0.08362570405006409,-0.020606279373168945,0.0454254150390625,-0.000682532787322998,0.001776035875082016,0.0005397796630859375,103273094749624,1.816,1421326,11844.383333333333,34,True,0.7630127668380737,1.1771154403686523,-5.191229343414307,0.7078245878219604,0.10572954267263412,-0.691042423248291,-0.10132143646478653,1416250,0.7637673020362854,1.1645777225494385,-5.201920986175537,0.7197523222325736,0.059297473105737596,-0.6910412412615404,-0.030040093205606817,-0.009035341327207453,-0.013798559237720168,-0.00019309706711856698,0.016494693583493612,0.01957681723176108,-0.0054114271643065925,-0.08338518484301743,0.9963103811723611,9.84672930515236
103273196684613,42.393003976,47825691,-0.4678891599178314,-4.1476829051971436,-2.0635223388671875,0.019417807459831238,-0.042626556009054184,0.08300697803497314,26.880130767822266,0,-0.08362570405006409,-0.020606279373168945,0.0454254150390625,-0.000682532787322998,0.001776035875082016,0.0005397796630859375,103273193779722,2.905,1421338,11844.483333333334,34,True,0.7629539966583252,1.1769132614135742,-5.192147731781006,0.7097494602203369,0.09958544373512268,-0.6911372542381287,-0.0931008905172348,1416250,0.7637673020362854,1.1645777225494385,-5.201920986175537,0.7197523222325736,0.059297473105737596,-0.6910412412615404,-0.030040093205606817,-0.0081529185855347,-0.01348576419399812,-8.69988975100407e-05,0.015758917671167865,0.0178536859799288,-0.0044524041219844435,-0.07316523092027102,0.9971500744516084,8.653415942656514
103273296900328,42.493219691,47925903,-0.41014015674591064,-4.06208062171936,-1.8896331787109375,0.02003612369298935,-0.03837645426392555,0.08671200275421143,27.023958206176758,0,-0.08362570405006409,-0.020606279373168945,0.0454254150390625,-0.000682532787322998,0.001776035875082016,0.0005397796630859375,103273293897038,3.003,1421350,11844.583333333334,34,True,0.763146162033081,1.1774365901947021,-5.192859649658203,0.710747480392456,0.09103626012802124,-0.6919735074043274,-0.08788097649812698,1416250,0.7637673020362854,1.1645777225494385,-5.201920986175537,0.7197523222325736,0.059297473105737596,-0.6910412412615404,-0.030040093205606817,-0.007373589741929569,-0.013906913597467806,-0.00026840270608963755,0.015743065505242623,0.02002408677945844,-0.004417335741303374,-0.06332046100863127,0.9977825626414063,7.632619109505154
103273397158609,42.593477972,48026053,-0.4966106712818146,-4.04966139793396,-1.9558563232421875,0.018922843039035797,-0.04014001414179802,0.09051287174224854,27.023958206176758,0,-0.08362570405006409,-0.020606279373168945,0.0454254150390625,-0.000682532787322998,0.001776035875082016,0.0005397796630859375,103273395014074,2.145,1421362,11844.683333333332,34,True,0.7634418606758118,1.1771767139434814,-5.193619251251221,0.7102327942848206,0.08315382897853851,-0.6938706040382385,-0.08484358340501785,1416250,0.7637673020362854,1.1645777225494385,-5.201920986175537,0.7197523222325736,0.059297473105737596,-0.6910412412615404,-0.030040093205606817,-0.006642444625593692,-0.01354127044057893,-0.0005207909666222747,0.015091696358590395,0.023412954780250753,-0.006081765414304108,-0.05552162822641305,0.9981644125478484,6.944190407078298
103273497366892,42.693686255,48126390,-0.3912568986415863,-4.053826093673706,-2.2358245849609375,0.01526062935590744,-0.04109346494078636,0.09295976161956787,27.023958206176758,0,-0.08362570405006409,-0.020606279373168945,0.0454254150390625,-0.000682532787322998,0.001776035875082016,0.0005397796630859375,103273494067871,3.299,1421374,11844.783333333333,34,True,0.7633571028709412,1.1772016286849976,-5.193986415863037,0.7113829255104065,0.08264811336994171,-0.693192183971405,-0.08116793632507324,1416250,0.7637673020362854,1.1645777225494385,-5.201920986175537,0.7197523222325736,0.059297473105737596,-0.6910412412615404,-0.030040093205606817,-0.006278563598087129,-0.013523713027419733,-0.00042130821904503836,0.014916054287869225,0.021042091149175563,-0.005001447779621969,-0.052569794887221556,0.9983830089628394,6.517483951525232
103273597625005,42.793944368,48226491,-0.34510892629623413,-4.062453985214233,-2.237091064453125,0.013908088207244873,-0.04166533425450325,0.0900806188583374,27.023958206176758,0,-0.08362570405006409,-0.020606279373168945,0.0454254150390625,-0.000682532787322998,0.001776035875082016,0.0005397796630859375,103273594537782,3.087,1421386,11844.883333333333,34,True,0.7634888887405396,1.1769912242889404,-5.193835258483887,0.7111955881118774,0.08569608628749847,-0.6924999952316284,-0.08544539660215378,1416250,0.7637673020362854,1.1645777225494385,-5.201920986175537,0.7197523222325736,0.059297473105737596,-0.6910412412615404,-0.030040093205606817,-0.006450091828258692,-0.013328314806486937,-0.0005512454349921785,0.014817271398722107,0.021979109306819317,-0.0044706197183145835,-0.05775138025127183,0.9980790100951359,7.103947032155533
103273697869561,42.894188924,48326649,-0.18670859932899475,-3.837437868118286,-2.10693359375,0.01920996606349945,-0.033024292439222336,0.07272553443908691,27.023958206176758,0,-0.08362570405006409,-0.020606279373168945,0.0454254150390625,-0.000682532787322998,0.001776035875082016,0.0005397796630859375,103273693744214,4.125,1421398,11844.983333333334,34,True,0.7631813287734985,1.17727530002594,-5.193017482757568,0.7107853889465332,0.09594244509935379,-0.6907867193222046,-0.09161370247602463,1416250,0.7637673020362854,1.1645777225494385,-5.201920986175537,0.7197523222325736,0.059297473105737596,-0.6910412412615404,-0.030040093205606817,-0.007236277913731467,-0.013725746825488045,-0.00029046099236703634,0.015519156277009385,0.019248834561243378,-0.003462986567299431,-0.06946456302767379,0.9973926832373712,8.276732731122175
103273798082969,42.994402332,48427073,-0.08318096399307251,-4.013689756393433,-2.02264404296875,0.01754795014858246,-0.03290867060422897,0.054529666900634766,27.023958206176758,0,-0.08362570405006409,-0.020606279373168945,0.0454254150390625,-0.000682532787322998,0.001776035875082016,0.0005397796630859375,103273792599170,5.484,1421410,11845.083333333334,34,True,0.7629519701004028,1.176770806312561,-5.192408084869385,0.7100991010665894,0.10773704946041107,-0.6885703206062317,-0.10011479258537292,1416250,0.7637673020362854,1.1645777225494385,-5.201920986175537,0.7197523222325736,0.059297473105737596,-0.6910412412615404,-0.030040093205606817,-0.007913009090836504,-0.013312061455816595,-6.82349301251997e-05,0.015486489243233542,0.017106146409269427,-0.002192199774316117,-0.08393564046336008,0.9963219270271932,9.831301168887022
103273898174290,43.094493653,48527284,0.07944279164075851,-3.754624605178833,-1.80999755859375,0.021211162209510803,-0.023622572422027588,0.02995443344116211,27.023958206176758,0,-0.08362570405006409,-0.020606279373168945,0.0454254150390625,-0.000682532787322998,0.001776035875082016,0.0005397796630859375,103273892344452,5.830,1421422,11845.183333333332,34,True,0.762985348701477,1.1764028072357178,-5.1913228034973145,0.7073373198509216,0.12015040963888168,-0.6868409514427185,-0.1161353588104248,1416250,0.7637673020362854,1.1645777225494385,-5.201920986175537,0.7197523222325736,0.059297473105737596,-0.6910412412615404,-0.030040093205606817,-0.009034159791826146,-0.013081724915844178,-0.00013410823392843692,0.01589860229505959,0.020039258618460173,-0.0022789063577434705,-0.10415677075781854,0.9943563756546938,12.180107918550089
103273998380644,43.194700007,48627181,0.2646816372871399,-3.5318210124969482,-1.579437255859375,0.020474426448345184,-0.01427355408668518,0.0010552406311035156,27.023958206176758,0,-0.08362570405006409,-0.020606279373168945,0.0454254150390625,-0.000682532787322998,0.001776035875082016,0.0005397796630859375,103273993341108,5.040,1421434,11845.283333333333,34,True,0.7629586458206177,1.1763137578964233,-5.189637660980225,0.7044029831886292,0.13913515210151672,-0.6833557486534119,-0.13222292065620422,1416250,0.7637673020362854,1.1645777225494385,-5.201920986175537,0.7197523222325736,0.059297473105737596,-0.6910412412615404,-0.030040093205606817,-0.010716773858509413,-0.0132056077458337,-0.00017666500321656704,0.01700789606020143,0.018380562616952048,-0.001414522914766847,-0.12921694410094936,0.9914449734604639,14.999901596560505
103274098498776,43.294818139,48727507,0.49783191084861755,-3.53869366645813,-1.6907958984375,0.018973052501678467,-0.016814619302749634,-0.01939404010772705,27.023958206176758,0,-0.08362570405006409,-0.020606279373168945,0.0454254150390625,-0.000682532787322998,0.001776035875082016,0.0005397796630859375,103274092825826,5.673,1421446,11845.383333333333,34,True,0.763062596321106,1.1761280298233032,-5.188047885894775,0.6995183825492859,0.1526268720626831,-0.6823658347129822,-0.14749924838542938,1416250,0.7637673020362854,1.1645777225494385,-5.201920986175537,0.7197523222325736,0.059297473105737596,-0.6910412412615404,-0.030040093205606817,-0.012312175880674379,-0.013215998520415806,-0.00034180090327246086,0.01806568901718865,0.020140434845344626,-0.003576935371482237,-0.1498035967798636,0.9885041480992403,17.39222456918398
103274198621737,43.394941100,48827611,0.42575252056121826,-3.3642966747283936,-1.4766693115234375,0.021595709025859833,0.0002895630896091461,-0.04103052616119385,27.023958206176758,0,-0.08362570405006409,-0.020606279373168945,0.0454254150390625,-0.000682532787322998,0.001776035875082016,0.0005397796630859375,103274193216383,5.405,1421458,11845.483333333334,34,True,0.7631666660308838,1.1757482290267944,-5.186482906341553,0.6959952116012573,0.1693325936794281,-0.6783256530761719,-0.1636810004711151,1416250,0.7637673020362854,1.1645777225494385,-5.201920986175537,0.7197523222325736,0.059297473105737596,-0.6910412412615404,-0.030040093205606817,-0.013907619531881486,-0.013030922081258379,-0.0004984738716450456,0.0190650278660198,0.020109210380043943,-0.002645966237056152,-0.17334012405585536,0.984653147008054,20.101769228632644
103274298855651,43.495175014,48927728,0.5119968950748444,-3.385504961013794,-1.481689453125,0.021407894790172577,-0.005028571933507919,-0.05819892883300781,27.023958206176758,0,-0.08362570405006409,-0.020606279373168945,0.0454254150390625,-0.000682532787322998,0.001776035875082016,0.0005397796630859375,103274294855299,4.000,1421470,11845.583333333334,34,True,0.763003945350647,1.175283670425415,-5.1850361824035645,0.6922290921211243,0.18323688209056854,-0.6752941608428955,-0.17669446766376495,1416250,0.7637673020362854,1.1645777225494385,-5.201920986175537,0.7197523222325736,0.059297473105737596,-0.6910412412615404,-0.030040093205606817,-0.015406711797676017,-0.012758728012188865,-0.0003804245851624959,0.020007414419925887,0.01980062178183617,-0.0027126069596243862,-0.19265499923983437,0.9810630093976813,22.336280361030088
103274399115559,43.595434922,49028098,0.3823762834072113,-3.424421548843384,-1.5760650634765625,0.019334547221660614,-0.011236146092414856,-0.073020339012146,27.023958206176758,0,-0.08362570405006409,-0.020606279373168945,0.0454254150390625,-0.000682532787322998,0.001776035875082016,0.0005397796630859375,103274393258662,5.857,1421482,11845.683333333332,34,True,0.7629984021186829,1.1751394271850586,-5.1835198402404785,0.6861963272094727,0.19706368446350098,-0.6728816032409668,-0.19372889399528503,1416250,0.7637673020362854,1.1645777225494385,-5.201920986175537,0.7197523222325736,0.059297473105737596,-0.6910412412615404,-0.030040093205606817,-0.016928212942594,-0.012805843765046267,-0.0004346902944753268,0.02123070850482132,0.022544465006494485,-0.004550312311751736,-0.214808562169825,0.9763853354971945,24.952661973142
103274499229677,43.695549040,49128323,0.45927339792251587,-3.2515928745269775,-1.6237335205078125,0.020030535757541656,-0.008321434259414673,-0.09172499179840088,27.023958206176758,0,-0.08362570405006409,-0.020606279373168945,0.0454254150390625,-0.000682532787322998,0.001776035875082016,0.0005397796630859375,103274493495667,5.734,1421494,11845.783333333333,34,True,0.7629873752593994,1.1747334003448486,-5.181894302368164,0.6826993227005005,0.21521881222724915,-0.666702926158905,-0.20762880146503448,1416250,0.7637673020362854,1.1645777225494385,-5.201920986175537,0.7197523222325736,0.059297473105737596,-0.6910412412615404,-0.030040093205606817,-0.01859137033948703,-0.01260740071814443,-0.00047805607846975026,0.022468069378163955,0.01974168428929729,-0.0022409218679134146,-0.23787414022360948,0.971092754366689,27.619941821476836
103274599343123,43.795662486,49228398,0.6343747079372406,-3.3930776119232178,-1.430877685546875,0.017125263810157776,8.994340896606445e-05,-0.11510872840881348,27.023958206176758,0,-0.08362570405006409,-0.020606279373168945,0.0454254150390625,-0.000682532787322998,0.001776035875082016,0.0005397796630859375,103274593774188,5.569,1421506,11845.883333333333,34,True,0.7627203464508057,1.174435019493103,-5.180479526519775,0.6805147528648376,0.22582606971263885,-0.6602752804756165,-0.2234703153371811,1416250,0.7637673020362854,1.1645777225494385,-5.201920986175537,0.7197523222325736,0.059297473105737596,-0.6910412412615404,-0.030040093205606817,-0.020041664126451017,-0.012500489036489624,-0.0002609292899089764,0.02362199422578888,0.023498077970191326,0.0014964817850781633,-0.2567784840822871,0.9661834251250517,29.8857360571134
103274699552314,43.895871677,49328447,0.6223112046718597,-3.4108493328094482,-1.3463592529296875,0.019906029105186462,0.00022474117577075958,-0.12983596324920654,27.023958206176758,0,-0.08362570405006409,-0.020606279373168945,0.0454254150390625,-0.000682532787322998,0.001776035875082016,0.0005397796630859375,103274693298175,6.254,1421518,11845.983333333334,34,True,0.7628307342529297,1.1743756532669067,-5.179259777069092,0.6748786568641663,0.23634758591651917,-0.6589673757553101,-0.23332513868808746,1416250,0.7637673020362854,1.1645777225494385,-5.201920986175537,0.7197523222325736,0.059297473105737596,-0.6910412412615404,-0.030040093205606817,-0.021254022468521875,-0.01258951671048919,-0.0004214280805178982,0.02470641624605172,0.02341206368726756,-0.0011886266053812156,-0.27153497613334504,0.9621430346767368,31.63153176787955
103274799665170,43.995984533,49428623,0.588950127363205,-3.5713393688201904,-1.477783203125,0.016720056533813477,0.0006032567471265793,-0.14083588123321533,27.023958206176758,0,-0.08362570405006409,-0.020606279373168945,0.0454254150390625,-0.000682532787322998,0.001776035875082016,0.0005397796630859375,103274793940394,5.725,1421530,11846.083333333334,34,True,0.7627155184745789,1.1743746995925903,-5.178335189819336,0.6705157160758972,0.2478165626525879,-0.6552855372428894,-0.24412399530410767,1416250,0.7637673020362854,1.1645777225494385,-5.201920986175537,0.7197523222325736,0.059297473105737596,-0.6910412412615404,-0.030040093205606817,-0.022174954952653068,-0.012709378064150269,-0.00034623643831428177,0.02556123622990315,0.02317176898545764,-0.0012577710057168345,-0.287621563956974,0.9574629617280902,33.54307435121544
103274899866378,44.096185741,49528825,0.7650289833545685,-3.5055019855499268,-1.2856292724609375,0.01821659505367279,0.0030227340757846832,-0.15744853019714355,27.023958206176758,0,-0.08362570405006409,-0.020606279373168945,0.0454254150390625,-0.000682532787322998,0.001776035875082016,0.0005397796630859375,103274893647578,6.219,1421542,11846.183333333332,34,True,0.7627324461936951,1.1740648746490479,-5.177689075469971,0.6685446500778198,0.2549726068973541,-0.6523502469062805,-0.24995239078998566,1416250,0.7637673020362854,1.1645777225494385,-5.201920986175537,0.7197523222325736,0.059297473105737596,-0.6910412412615404,-0.030040093205606817,-0.022854048126420723,-0.012482440457123645,-0.00037900196334349136,0.02604347284865461,0.02230680433942894,-0.0003765359926499733,-0.29700486245524343,0.9546153028203301,34.65602227706805
103274999924410,44.196243773,49628945,0.717539519071579,-3.568617582321167,-1.243408203125,0.017678022384643555,0.0032469630241394043,-0.16065186262130737,27.023958206176758,0,-0.08362570405006409,-0.020606279373168945,0.0454254150390625,-0.000682532787322998,0.001776035875082016,0.0005397796630859375,103274993477694,6.447,1421554,11846.283333333333,34,True,0.7628359794616699,1.174179196357727,-5.177382946014404,0.6680033206939697,0.25479644536972046,-0.6522465348243713,-0.25184282660484314,1416250,0.7637673020362854,1.1645777225494385,-5.201920986175537,0.7197523222325736,0.059297473105737596,-0.6910412412615404,-0.030040093205606817,-0.02313905412595772,-0.012629539314375274,-0.0004999868410822071,0.026366097094158762,0.023799296554140315,-0.0005585799340711017,-0.298219654643363,0.9542003558249068,34.81531415338574
103275100132440,44.296451803,49728857,0.5919386446475983,-3.7460787296295166,-1.3506622314453125,0.013399563729763031,0.006187122315168381,-0.15755921602249146,27.023958206176758,0,-0.08362570405006409,-0.020606279373168945,0.0454254150390625,-0.000682532787322998,0.001776035875082016,0.0005397796630859375,103275094381809,5.751,1421566,11846.383333333333,34,True,0.7628486156463623,1.174163579940796,-5.1773881912231445,0.6680142879486084,0.2551893889904022,-0.6520899534225464,-0.25182127952575684,1416250,0.7637673020362854,1.1645777225494385,-5.201920986175537,0.7197523222325736,0.059297473105737596,-0.6910412412615404,-0.030040093205606817,-0.023135357660642626,-0.012612850234887386,-0.0005117710943931932,0.026355088214358353,0.023502633870844253,-0.0004513830412963271,-0.2984916460442647,0.9541227173148477,34.84504002534703
103275200256887,44.396576250,49829142,0.5236833095550537,-3.658403158187866,-1.306304931640625,0.015299148857593536,0.01056281290948391,-0.15530157089233398,27.023958206176758,0,-0.08362570405006409,-0.020606279373168945,0.0454254150390625,-0.000682532787322998,0.001776035875082016,0.0005397796630859375,103275195275111,4.982,1421578,11846.483333333334,34,True,0.7628272771835327,1.1740604639053345,-5.177393436431885,0.6679432988166809,0.25438520312309265,-0.652702271938324,-0.25123628973960876,1416250,0.7637673020362854,1.1645777225494385,-5.201920986175537,0.7197523222325736,0.059297473105737596,-0.6910412412615404,-0.030040093205606817,-0.023144050228056955,-0.012510924274028763,-0.0004862505780438975,0.026313622456323897,0.023675752777095133,-0.000951687720132155,-0.2974943896710047,0.9544294846321533,34.72744262283032
103275300498292,44.496817655,49929372,0.4396957755088806,-3.6192739009857178,-1.3276519775390625,0.015973977744579315,0.01124556828290224,-0.15115618705749512,26.880130767822266,0,-0.08362570405006409,-0.020606279373168945,0.0454254150390625,-0.000682532787322998,0.001776035875082016,0.0005397796630859375,103275292977938,7.520,1421590,11846.583333333334,34,True,0.762843906879425,1.1741174459457397,-5.177549362182617,0.6687538623809814,0.2519453465938568,-0.6536720991134644,-0.24900756776332855,1416250,0.7637673020362854,1.1645777225494385,-5.201920986175537,0.7197523222325736,0.059297473105737596,-0.6910412412615404,-0.030040093205606817,-0.022981637656327155,-0.01254715227562699,-0.0004983347784725936,0.026188452362557076,0.023790823471058736,-0.0011484542026638511,-0.2941209373268357,0.9554713768593474,34.32512469864166
103275401831634,44.598150997,50029616,0.5482306182384491,-3.7334048748016357,-1.5188446044921875,0.013900049030780792,0.007441069930791855,-0.14440429210662842,26.880130767822266,0,-0.08362570405006409,-0.020606279373168945,0.0454254150390625,-0.000682532787322998,0.001776035875082016,0.0005397796630859375,103275401578891,0.253,1421603,11846.691666666666,34,True,0.762820303440094,1.174500823020935,-5.177305698394775,0.6686509251594543,0.2520567774772644,-0.6534756422042847,-0.24968568980693817,1416250,0.7637673020362854,1.1645777225494385,-5.201920986175537,0.7197523222325736,0.059297473105737596,-0.6910412412615404,-0.030040093205606817,-0.023175408543730493,-0.012958682112926063,-0.0005001185515809571,0.026557054088100992,0.02419334444270199,-0.0010413242989047444,-0.2946817749658984,0.9552885685651896,34.39604462100613
103275502942874,44.699262237,50130851,0.5041296780109406,-3.8781073093414307,-1.40673828125,0.016740329563617706,0.0072888582944869995,-0.14054787158966064,26.880130767822266,0,-0.08362570405006409,-0.020606279373168945,0.0454254150390625,-0.000682532787322998,0.001776035875082016,0.0005397796630859375,103275502621422,0.321,1421615,11846.791666666666,34,True,0.7628010511398315,1.174447774887085,-5.177151203155518,0.668323814868927,0.252221941947937,-0.6536999940872192,-0.24980726838111877,1416250,0.7637673020362854,1.1645777225494385,-5.201920986175537,0.7197523222325736,0.059297473105737596,-0.6910412412615404,-0.030040093205606817,-0.023336003453366186,-0.012926289135513403,-0.0004855067571275474,0.026681336638212615,0.024189846023288195,-0.0014266010742282622,-0.29489733355223996,0.9552216385857911,34.421974463676165
103275603254489,44.799573852,50232226,0.43709394335746765,-3.8870275020599365,-1.4044647216796875,0.017873406410217285,0.010939684696495533,-0.13779139518737793,26.880130767822266,0,-0.08362570405006409,-0.020606279373168945,0.0454254150390625,-0.000682532787322998,0.001776035875082016,0.0005397796630859375,103275601803177,1.451,1421627,11846.891666666666,34,True,0.7627723217010498,1.174651026725769,-5.176860332489014,0.6678643226623535,0.2523665130138397,-0.6535819172859192,-0.2511953115463257,1416250,0.7637673020362854,1.1645777225494385,-5.201920986175537,0.7197523222325736,0.059297473105737596,-0.6910412412615404,-0.030040093205606817,-0.023599613497473238,-0.013165420420234216,-0.0004772358123657321,0.027027722917261188,0.02509578985478958,-0.0015811785372187859,-0.2959913726681988,0.9548595752842368,34.561917048548814
103275703402300,44.899721663,50332323,0.4076704680919647,-4.098604917526245,-1.4481353759765625,0.015713132917881012,0.0028259120881557465,-0.1340092420578003,26.880130767822266,0,-0.08362570405006409,-0.020606279373168945,0.0454254150390625,-0.000682532787322998,0.001776035875082016,0.0005397796630859375,103275701836363,1.566,1421639,11846.991666666667,34,True,0.7627067565917969,1.1747323274612427,-5.176707744598389,0.6681328415870667,0.25131410360336304,-0.6537649631500244,-0.25105997920036316,1416250,0.7637673020362854,1.1645777225494385,-5.201920986175537,0.7197523222325736,0.059297473105737596,-0.6910412412615404,-0.030040093205606817,-0.02374302695664537,-0.01326798065549176,-0.00042150758453199345,0.027201990890049026,0.025728430267746155,-0.001503778965483149,-0.2951189578034299,0.9551128662466013,34.464074409800865
103275803537336,44.999856699,50432436,0.2788400948047638,-4.114871263504028,-1.5975341796875,0.017587698996067047,0.002287166193127632,-0.1306542158126831,26.880130767822266,0,-0.08362570405006409,-0.020606279373168945,0.0454254150390625,-0.000682532787322998,0.001776035875082016,0.0005397796630859375,103275801416733,2.121,1421651,11847.091666666667,34,True,0.762636125087738,1.1749937534332275,-5.1765055656433105,0.6682614684104919,0.24947386980056763,-0.6543024778366089,-0.25115275382995605,1416250,0.7637673020362854,1.1645777225494385,-5.201920986175537,0.7197523222325736,0.059297473105737596,-0.6910412412615404,-0.030040093205606817,-0.023912933051716868,-0.013555505086926259,-0.0003698326558319848,0.02749030486354956,0.027094891396953952,-0.0017409878483516383,-0.2938347781121524,0.9554705432368291,34.325448422504714
103275903707008,45.100026371,50532701,0.203991137444973,-4.4364049434661865,-1.658050537109375,0.01678040623664856,-0.0027924794703722,-0.1221688985824585,26.880130767822266,0,-0.08362570405006409,-0.020606279373168945,0.0454254150390625,-0.000682532787322998,0.001776035875082016,0.0005397796630859375,103275900516509,3.190,1421663,11847.191666666666,34,True,0.7626393437385559,1.1755658388137817,-5.176516532897949,0.6693326234817505,0.24784860014915466,-0.6541314721107483,-0.2503536343574524,1416250,0.7637673020362854,1.1645777225494385,-5.201920986175537,0.7197523222325736,0.059297473105737596,-0.6910412412615404,-0.030040093205606817,-0.02382935600457296,-0.014121020662438607,-0.00039471907933720193,0.027701935587487174,0.02760053419626282,-0.0008762562922254302,-0.29205438601292044,0.9560029698163115,34.11808245860654
103276003908645,45.200228008,50632527,0.18859566003084183,-4.644914388656616,-1.5235595703125,0.017360463738441467,-0.0022353120148181915,-0.11428976058959961,26.880130767822266,0,-0.08362570405006409,-0.020606279373168945,0.0454254150390625,-0.000682532787322998,0.001776035875082016,0.0005397796630859375,103276001416786,2.492,1421675,11847.291666666666,34,True,0.7625104188919067,1.1764373779296875,-5.1766252517700195,0.6712992191314697,0.24145929515361786,-0.6563710570335388,-0.24542167782783508,1416250,0.7637673020362854,1.1645777225494385,-5.201920986175537,0.7197523222325736,0.059297473105737596,-0.6910412412615404,-0.030040093205606817,-0.023615901472355646,-0.014976898763872901,-0.0002950612751136206,0.02796614667935822,0.02853974553476543,-0.0012297212925100331,-0.28386359455279775,0.958439059303156,33.15324513752082
103276104070718,45.300390081,50732889,0.24095971882343292,-5.046351194381714,-1.6395111083984375,0.019274398684501648,-0.003211257979273796,-0.09639906883239746,26.880130767822266,0,-0.08362570405006409,-0.020606279373168945,0.0454254150390625,-0.000682532787322998,0.001776035875082016,0.0005397796630859375,103276101760271,2.310,1421687,11847.391666666666,34,True,0.7626861929893494,1.1787015199661255,-5.176236629486084,0.6714717149734497,0.23171545565128326,-0.6622591614723206,-0.2384253442287445,1416250,0.7637673020362854,1.1645777225494385,-5.201920986175537,0.7197523222325736,0.059297473105737596,-0.6910412412615404,-0.030040093205606817,-0.02370717410101725,-0.0172619802923026,-0.0005749446253780107,0.02933149550892415,0.030581478590898208,-0.005470655017531078,-0.27182855873844064,0.9618441036649628,31.7569749597156
103276204208313,45.400527676,50833127,0.4773142635822296,-5.85877251625061,-1.8144378662109375,0.018651023507118225,-0.012797720730304718,-0.07174766063690186,26.880130767822266,0,-0.08362570405006409,-0.020606279373168945,0.0454254150390625,-0.000682532787322998,0.001776035875082016,0.0005397796630859375,103276202035301,2.173,1421699,11847.491666666667,34,True,0.7625504732131958,1.180322527885437,-5.176000595092773,0.6745316386222839,0.2266552895307541,-0.662039577960968,-0.23524032533168793,1416250,0.7637673020362854,1.1645777225494385,-5.201920986175537,0.7197523222325736,0.059297473105737596,-0.6910412412615404,-0.030040093205606817,-0.023740604311604952,-0.0189041639160729,-0.0005123815869604555,0.03035203850380736,0.03168089915000599,-0.0032349320381122038,-0.26581068969207844,0.9634991090235515,31.056270444289844
103276304293256,45.500612619,50933431,0.5287512540817261,-6.348144769668579,-1.956298828125,0.018486566841602325,-0.020484764128923416,-0.06064713001251221,27.023958206176758,0,-0.08362570405006409,-0.020606279373168945,0.0454254150390625,-0.000682532787322998,0.001776035875082016,0.0005397796630859375,103276301749294,2.544,1421711,11847.591666666667,34,True,0.7625661492347717,1.1808605194091797,-5.176081657409668,0.6755843162536621,0.22692470252513885,-0.6605295538902283,-0.23620299994945526,1416250,0.7637673020362854,1.1645777225494385,-5.201920986175537,0.7197523222325736,0.059297473105737596,-0.6910412412615404,-0.030040093205606817,-0.023591403118133507,-0.01942656510280975,-0.000545362194206999,0.03056539142067144,0.03206644504660632,-0.0013716539180302354,-0.2666527653382908,0.963258098541115,31.159266279769152
103276404410134,45.600729497,51033316,0.5109633803367615,-6.5771706104278564,-1.6470184326171875,0.019681237637996674,-0.007902145385742188,-0.06207919120788574,27.023958206176758,0,-0.08362570405006409,-0.020606279373168945,0.0454254150390625,-0.000682532787322998,0.001776035875082016,0.0005397796630859375,103276402812592,1.598,1421723,11847.691666666666,34,True,0.7625656723976135,1.1808174848556519,-5.176213264465332,0.6746843457221985,0.22398093342781067,-0.6632437109947205,-0.23396867513656616,1416250,0.7637673020362854,1.1645777225494385,-5.201920986175537,0.7197523222325736,0.059297473105737596,-0.6910412412615404,-0.030040093205606817,-0.02346643308972501,-0.019367454969951303,-0.0005375454516236141,0.030431246262356618,0.03268053071817043,-0.003991150389852428,-0.26296182274951146,0.9642443328362366,30.735669452158845
103276504534959,45.700854322,51133533,0.6107141673564911,-6.251317262649536,-1.411346435546875,0.024513699114322662,-0.007687564939260483,-0.061510324478149414,27.023958206176758,0,-0.08362570405006409,-0.020606279373168945,0.0454254150390625,-0.000682532787322998,0.001776035875082016,0.0005397796630859375,103276501128928,3.406,1421735,11847.791666666666,34,True,0.7626014351844788,1.18002188205719,-5.177225589752197,0.6777195334434509,0.2182728499174118,-0.6648683547973633,-0.22583898901939392,1416250,0.7637673020362854,1.1645777225494385,-5.201920986175537,0.7197523222325736,0.059297473105737596,-0.6910412412615404,-0.030040093205606817,-0.022562610346756037,-0.018450575248975816,-0.0004987988023809712,0.029150367286243897,0.030778851381705802,-0.003373650136288653,-0.2530066851294303,0.9669689230126262,29.53464352187814
103276604774769,45.801094132,51233614,0.5025438666343689,-5.8308141231536865,-1.461212158203125,0.02565600723028183,-0.011639568954706192,-0.05351567268371582,27.023958206176758,0,-0.08362570405006409,-0.020606279373168945,0.0454254150390625,-0.000682532787322998,0.001776035875082016,0.0005397796630859375,103276602168884,2.606,1421747,11847.891666666666,34,True,0.762681782245636,1.1792782545089722,-5.1787872314453125,0.6811174154281616,0.20828954875469208,-0.6676763296127319,-0.2165706604719162,1416250,0.7637673020362854,1.1645777225494385,-5.201920986175537,0.7197523222325736,0.059297473105737596,-0.6910412412615404,-0.030040093205606817,-0.02110602439003091,-0.017514484154029494,-0.00048288745378501996,0.027430905946165048,0.03107125601566868,-0.003296309076671944,-0.23913054343247522,0.9704845669013852,27.910411067345446
103276704977728,45.901297091,51333986,0.39427611231803894,-5.495351076126099,-1.4687347412109375,0.021566025912761688,-0.011360153555870056,-0.0438692569732666,27.023958206176758,0,-0.08362570405006409,-0.020606279373168945,0.0454254150390625,-0.000682532787322998,0.001776035875082016,0.0005397796630859375,103276701589123,3.389,1421759,11847.991666666667,34,True,0.7625320553779602,1.1786006689071655,-5.180525779724121,0.6852560639381409,0.19740770757198334,-0.6713796257972717,-0.20175155997276306,1416250,0.7637673020362854,1.1645777225494385,-5.201920986175537,0.7197523222325736,0.059297473105737596,-0.6910412412615404,-0.030040093205606817,-0.019474428282627954,-0.016631789926644887,-0.0002322172647369426,0.025611007749741278,0.028020246222810713,-0.0036536320495491603,-0.2207010481282637,0.9749320818034175,25.71213839697378
103276805214983,46.001534346,51434120,0.18224045634269714,-5.00396466255188,-1.517120361328125,0.021655745804309845,-0.007324438542127609,-0.02925693988800049,27.023958206176758,0,-0.08362570405006409,-0.020606279373168945,0.0454254150390625,-0.000682532787322998,0.001776035875082016,0.0005397796630859375,103276801369135,3.846,1421771,11848.091666666667,34,True,0.7626950740814209,1.1782464981079102,-5.181966781616211,0.6893466114997864,0.1845100224018097,-0.6743625402450562,-0.18971706926822662,1416250,0.7637673020362854,1.1645777225494385,-5.201920986175537,0.7197523222325736,0.059297473105737596,-0.6910412412615404,-0.030040093205606817,-0.01808487421195966,-0.01609319318294248,-0.0003191168509962197,0.024210645956902917,0.02832522296709406,-0.003300021588475811,-0.2027694001540423,0.9788111983230219,23.631466236430345
103276905278554,46.101597917,51534365,0.07102299202233553,-4.7170326709747314,-1.6748046875,0.021577976644039154,-0.01759740337729454,-0.018577218055725098,27.023958206176758,0,-0.08362570405006409,-0.020606279373168945,0.0454254150390625,-0.000682532787322998,0.001776035875082016,0.0005397796630859375,103276900736534,4.542,1421783,11848.191666666666,34,True,0.762765645980835,1.1774595975875854,-5.183663845062256,0.6911627650260925,0.17387829720973969,-0.6784659624099731,-0.17816929519176483,1416250,0.7637673020362854,1.1645777225494385,-5.201920986175537,0.7197523222325736,0.059297473105737596,-0.6910412412615404,-0.030040093205606817,-0.016499919698413437,-0.015097685704209584,-0.00028593234327929835,0.022366698929035537,0.027549413049251695,-0.005363808234752687,-0.18690625383226567,0.9819767368325236,21.78907469559311
103277005408939,46.201728302,51634196,0.09073302987962961,-4.1835596561431885,-1.6633453369140625,0.018449127674102783,-0.018533647060394287,-0.01312410831451416,27.023958206176758,0,-0.08362570405006409,-0.020606279373168945,0.0454254150390625,-0.000682532787322998,0.001776035875082016,0.0005397796630859375,103277001537220,3.872,1421795,11848.291666666666,34,True,0.7631778717041016,1.1756713390350342,-5.186552047729492,0.6954677104949951,0.157562255859375,-0.6834456324577332,-0.1562083214521408,1416250,0.7637673020362854,1.1645777225494385,-5.201920986175537,0.7197523222325736,0.059297473105737596,-0.6910412412615404,-0.030040093205606817,-0.013848417930963856,-0.012945564028146823,-0.0005037028953726375,0.018963650065435638,0.023183967411586074,-0.006785136687867955,-0.15958192973751853,0.986889088639871,18.576321162958532
103277105522428,46.301841791,51734468,0.4337652921676636,-3.3843295574188232,-1.30560302734375,0.019000522792339325,-0.014939982444047928,-0.012119174003601074,27.023958206176758,0,-0.08362570405006409,-0.020606279373168945,0.0454254150390625,-0.000682532787322998,0.001776035875082016,0.0005397796630859375,103277102186543,3.336,1421807,11848.391666666666,34,True,0.76275235414505,1.175225853919983,-5.189826488494873,0.7038251757621765,0.14169733226299286,-0.6820231080055237,-0.1392717957496643,1416250,0.7637673020362854,1.1645777225494385,-5.201920986175537,0.7197523222325736,0.059297473105737596,-0.6910412412615404,-0.030040093205606817,-0.010675455652784374,-0.01211272123276163,7.953613470545985e-05,0.016145887868243235,0.02162176928267827,-0.0005136281763873374,-0.13600643517699573,0.9904718496098861,15.831328725579056
103277205642708,46.401962071,51834591,0.7577470242977142,-2.8038170337677,-0.9326019287109375,0.020595096051692963,0.0220530703663826,-0.01928269863128662,27.023958206176758,0,-0.08362570405006409,-0.020606279373168945,0.0454254150390625,-0.000682532787322998,0.001776035875082016,0.0005397796630859375,103277204585854,1.057,1421819,11848.491666666667,34,True,0.7628737092018127,1.1750898361206055,-5.192504405975342,0.7064213752746582,0.12256404757499695,-0.6869591474533081,-0.11846543103456497,1416250,0.7637673020362854,1.1645777225494385,-5.201920986175537,0.7197523222325736,0.059297473105737596,-0.6910412412615404,-0.030040093205606817,-0.008033777819741633,-0.01163731826998102,7.9120034365325e-05,0.014141252510072956,0.020082934796684423,-0.0029312722874487718,-0.10755493523451891,0.993991961375658,12.567580101855865
103277305843505,46.502162868,51934726,1.15235236287117,-2.768789052963257,-0.973724365234375,0.018870428204536438,0.012993345968425274,-0.009702444076538086,27.167064666748047,0,-0.08362570405006409,-0.020606279373168945,0.0454254150390625,-0.000682532787322998,0.001776035875082016,0.0005397796630859375,103277303495682,2.348,1421831,11848.591666666667,34,True,0.7630414366722107,1.174301028251648,-5.1941304206848145,0.7097712159156799,0.11514218151569366,-0.686641275882721,-0.10719559341669083,1416250,0.7637673020362854,1.1645777225494385,-5.201920986175537,0.7197523222325736,0.059297473105737596,-0.6910412412615404,-0.030040093205606817,-0.0065158070371641435,-0.010644555969188023,1.2322495173240134e-05,0.012480483362859849,0.01698078004598716,-0.0008329248304057568,-0.09423601916616955,0.9954047076626522,10.98982173589808
103277406079301,46.602398664,52035032,1.3985613882541656,-2.360628366470337,-1.324615478515625,0.013962700963020325,0.015245646238327026,-0.014796614646911621,27.167064666748047,0,-0.08362570405006409,-0.020606279373168945,0.0454254150390625,-0.000682532787322998,0.001776035875082016,0.0005397796630859375,103277402033139,4.046,1421843,11848.691666666666,34,True,0.7631800770759583,1.1736265420913696,-5.195262432098389,0.7104452848434448,0.11185096204280853,-0.6874346137046814,-0.10094792395830154,1416250,0.7637673020362854,1.1645777225494385,-5.201920986175537,0.7197523222325736,0.059297473105737596,-0.6910412412615404,-0.030040093205606817,-0.005474086966298779,-0.009828227960659476,-5.116339986383704e-05,0.011249991584653587,0.01478516819856866,-0.0012097246462534625,-0.08748595953718806,0.9960552907602458,10.181645964985336
103277506210362,46.702529725,52135156,1.4242470562458038,-1.9036656618118286,-1.2960205078125,0.011623434722423553,0.00011428818106651306,-0.01222538948059082,27.167064666748047,0,-0.08362570405006409,-0.020606279373168945,0.0454254150390625,-0.000682532787322998,0.001776035875082016,0.0005397796630859375,103277502368602,3.842,1421855,11848.791666666666,34,True,0.7634204626083374,1.1719383001327515,-5.196104526519775,0.7125517725944519,0.10236530005931854,-0.6881870031356812,-0.09049917012453079,1416250,0.7637673020362854,1.1645777225494385,-5.201920986175537,0.7197523222325736,0.059297473105737596,-0.6910412412615404,-0.030040093205606817,-0.004844497894702178,-0.008038938987916867,-0.0001894807975206987,0.009387736834607837,0.013800971562586927,-0.0006302232463128442,-0.07329059507704651,0.9972149340417245,8.554334230640846
103277606327138,46.802646501,52235281,1.3785467445850372,-1.4723924398422241,-1.163665771484375,0.008577540516853333,-0.02471969649195671,-0.004044890403747559,27.167064666748047,0,-0.08362570405006409,-0.020606279373168945,0.0454254150390625,-0.000682532787322998,0.001776035875082016,0.0005397796630859375,103277603657451,2.670,1421867,11848.891666666666,34,True,0.7631841897964478,1.1705442667007446,-5.197402477264404,0.7151432037353516,0.09846377372741699,-0.6874361038208008,-0.07941566407680511,1416250,0.7637673020362854,1.1645777225494385,-5.201920986175537,0.7197523222325736,0.059297473105737596,-0.6910412412615404,-0.030040093205606817,-0.003743799655964419,-0.006505084013560522,0.00015632621738158485,0.00750710275497284,0.008397334931193351,0.001161002248587506,-0.06269219430284775,0.9979969066151089,7.254220382524004
103277706458867,46.902778230,52335391,1.5859605371952057,-1.0207747220993042,-1.230224609375,0.0026548057794570923,-0.06009501591324806,-0.005683779716491699,27.167064666748047,0,-0.08362570405006409,-0.020606279373168945,0.0454254150390625,-0.000682532787322998,0.001776035875082016,0.0005397796630859375,103277702442049,4.017,1421879,11848.991666666667,34,True,0.7634447813034058,1.1699252128601074,-5.19827938079834,0.7148954272270203,0.09012670069932938,-0.6895080208778381,-0.07335220277309418,1416250,0.7637673020362854,1.1645777225494385,-5.201920986175537,0.7197523222325736,0.059297473105737596,-0.6910412412615404,-0.030040093205606817,-0.0029432871004850154,-0.005770290691363533,-4.205175798241721e-05,0.006477728148746869,0.009924708475659278,-0.0006105899938241287,-0.05245391784588176,0.9985738399558393,6.120732313653235
103277806579207,47.002898570,52435536,1.5402102768421173,-0.7866896390914917,-1.1936798095703125,7.735192775726318e-05,-0.06164741888642311,-0.0029050111770629883,27.167064666748047,0,-0.08362570405006409,-0.020606279373168945,0.0454254150390625,-0.000682532787322998,0.001776035875082016,0.0005397796630859375,103277802457261,4.122,1421891,11849.091666666667,34,True,0.7634515166282654,1.1682233810424805,-5.198877811431885,0.7157722115516663,0.08677512407302856,-0.6897521615028381,-0.06619914621114731,1416250,0.7637673020362854,1.1645777225494385,-5.201920986175537,0.7197523222325736,0.059297473105737596,-0.6910412412615404,-0.030040093205606817,-0.0025657938535941847,-0.0040082813775870856,4.290793816977715e-05,0.004759354871430697,0.007080495523597866,-0.0005038931600696572,-0.04503923111866949,0.998959999366873,5.226633813765705
103277906642413,47.102961776,52535692,1.4610414803028107,-0.2427300214767456,-0.6468505859375,-0.0030542388558387756,-0.06099427118897438,0.0026197433471679688,27.167064666748047,0,-0.08362570405006409,-0.020606279373168945,0.0454254150390625,-0.000682532787322998,0.001776035875082016,0.0005397796630859375,103277876082153,30.560,1421900,11849.166666666666,34,True,0.7635592222213745,1.1668258905410767,-5.199882984161377,0.7146376371383667,0.08267948776483536,-0.6919541954994202,-0.06046942621469498,1416250,0.7637673020362854,1.1645777225494385,-5.201920986175537,0.7197523222325736,0.059297473105737596,-0.6910412412615404,-0.030040093205606817,-0.0017427002866870656,-0.002492574378499431,3.282401787819207e-05,0.0030415470960878893,0.005951428129762398,-0.0030895745970385695,-0.038133045877990865,0.9992501718008823,4.437880987246881
103278006742640,47.203062003,52635492,1.4975828230381012,0.3561553955078125,-0.995361328125,-0.00502636656165123,-0.044516149908304214,-0.0012627840042114258,27.167064666748047,0,-0.08362570405006409,-0.020606279373168945,0.0454254150390625,-0.000682532787322998,0.001776035875082016,0.0005397796630859375,103278003898354,2.844,1421915,11849.291666666666,34,True,0.7636370062828064,1.1667569875717163,-5.200160026550293,0.7140598893165588,0.08271057903766632,-0.6928607821464539,-0.05675705894827843,1416250,0.7637673020362854,1.1645777225494385,-5.201920986175537,0.7197523222325736,0.059297473105737596,-0.6910412412615404,-0.030040093205606817,-0.0014738922308885998,-0.0023861853440883497,-3.021618477640194e-05,0.0028048443490572253,0.0033290717556896526,-0.004362408028386389,-0.03559705037655139,0.999351157842892,4.128199156864615
103278106913757,47.303233120,52735762,1.4675994217395782,0.415141224861145,-0.805389404296875,-0.006177570670843124,-0.05295005813241005,0.00897979736328125,27.167064666748047,0,-0.08362570405006409,-0.020606279373168945,0.0454254150390625,-0.000682532787322998,0.001776035875082016,0.0005397796630859375,103278100601327,6.312,1421927,11849.391666666666,34,True,0.7634922862052917,1.165087103843689,-5.201437950134277,0.7157766819000244,0.06681305915117264,-0.6938866972923279,-0.04148471727967262,1416250,0.7637673020362854,1.1645777225494385,-5.201920986175537,0.7197523222325736,0.059297473105737596,-0.6910412412615404,-0.030040093205606817,-0.00042457474460187,-0.0005774113813486898,0.0002340068595588442,0.0007539408646474456,0.0033318718472040575,-0.004342486690411097,-0.01346833557367219,0.9998943171036689,1.6659954242694894
103278207146597,47.403465960,52835855,1.4403074085712433,0.8981888294219971,-0.9763946533203125,-0.006886489689350128,-0.03953351452946663,0.025857090950012207,27.167064666748047,0,-0.08362570405006409,-0.020606279373168945,0.0454254150390625,-0.000682532787322998,0.001776035875082016,0.0005397796630859375,103278202992385,4.154,1421939,11849.491666666667,34,True,0.7635326385498047,1.1642345190048218,-5.2023468017578125,0.7171715497970581,0.05636529624462128,-0.6939612030982971,-0.03009638749063015,1416250,0.7637673020362854,1.1645777225494385,-5.201920986175537,0.7197523222325736,0.059297473105737596,-0.6910412412615404,-0.030040093205606817,0.00036962967777218013,0.0003831934529212411,0.0002659158024292868,0.0005951256464254255,0.0023174460571075417,-0.003793648482535217,0.0020062220515582353,0.9999881063032916,0.558890189409918
103278307263884,47.503583247,52936215,1.3944200575351715,0.9741536378860474,-0.848388671875,-0.005336802452802658,-0.04706201329827309,0.037882208824157715,27.023958206176758,0,-0.08362570405006409,-0.020606279373168945,0.0454254150390625,-0.000682532787322998,0.001776035875082016,0.0005397796630859375,103278301262431,6.001,1421951,11849.591666666667,34,True,0.7637128233909607,1.1647762060165405,-5.2026753425598145,0.7177239656448364,0.05052806809544563,-0.6939954161643982,-0.026261044666171074,1416250,0.7637673020362854,1.1645777225494385,-5.201920986175537,0.7197523222325736,0.059297473105737596,-0.6910412412615404,-0.030040093205606817,0.0007708325563714945,-0.0001046747888082698,7.923081871964168e-05,0.0007819316875592483,0.0035761485878551065,-0.0034886064871738624,0.008891745031591044,0.9999479874755229,1.1687549813990015
103278407382206,47.603701569,53036322,1.307175189256668,1.0016139149665833,-0.930450439453125,-0.002941809594631195,-0.04034051671624184,0.041001081466674805,27.023958206176758,0,-0.08362570405006409,-0.020606279373168945,0.0454254150390625,-0.000682532787322998,0.001776035875082016,0.0005397796630859375,103278401722354,5.660,1421963,11849.691666666666,34,True,0.7637667059898376,1.1650669574737549,-5.202850341796875,0.7190472483634949,0.05153597146272659,-0.6926267743110657,-0.024153655394911766,1416250,0.7637673020362854,1.1645777225494385,-5.201920986175537,0.7197523222325736,0.059297473105737596,-0.6910412412615404,-0.030040093205606817,0.000983222168332728,-0.0003685851925362234,2.172926360254391e-05,0.0010502633181038862,0.0012419389409131093,-0.0017443207408290307,0.00965994986358764,0.9999510489526242,1.1338363911191678
103278507497093,47.703816456,53136465,1.3332542479038239,0.8186720609664917,-0.6577301025390625,-0.00655817985534668,-0.05654096230864525,0.03999197483062744,27.023958206176758,0,-0.08362570405006409,-0.020606279373168945,0.0454254150390625,-0.000682532787322998,0.001776035875082016,0.0005397796630859375,103278502154939,5.342,1421975,11849.791666666666,34,True,0.7635945081710815,1.1629873514175415,-5.202040195465088,0.7178036570549011,0.05506831035017967,-0.693692147731781,-0.022729912772774696,1416250,0.7637673020362854,1.1645777225494385,-5.201920986175537,0.7197523222325736,0.059297473105737596,-0.6910412412615404,-0.030040093205606817,-9.016916998458229e-05,0.001583665866516491,0.00023920881203127686,0.0016041661110179806,-0.00212326326673163,-0.0035610347798973874,0.00805966821485983,0.999958925422771,1.0386175659729187
103278607614324,47.803933687,53236536,1.0158120095729828,1.2908293008804321,-0.605682373046875,-0.00832827016711235,-0.06532736495137215,0.057278990745544434,27.023958206176758,0,-0.08362570405006409,-0.020606279373168945,0.0454254150390625,-0.000682532787322998,0.001776035875082016,0.0005397796630859375,103278604672543,2.942,1421987,11849.891666666666,34,True,0.7635797262191772,1.1636152267456055,-5.202646732330322,0.7133544087409973,0.049718987196683884,-0.6987399458885193,-0.02039782702922821,1416250,0.7637673020362854,1.1645777225494385,-5.201920986175537,0.7197523222325736,0.059297473105737596,-0.6910412412615404,-0.030040093205606817,0.0005901295655934277,0.0010366276446004265,0.00025581353171414713,0.0012199550568547108,0.0003277929560971324,-0.01024640564746615,0.01340923027227495,0.9998575379855825,1.9342932772717636
103278707811344,47.904130707,53336748,1.1194665729999542,1.203576683998108,-0.7265625,-0.006298784166574478,-0.054251860827207565,0.053810954093933105,27.023958206176758,0,-0.08362570405006409,-0.020606279373168945,0.0454254150390625,-0.000682532787322998,0.001776035875082016,0.0005397796630859375,103278702630621,5.181,1421999,11849.991666666667,34,True,0.7636275887489319,1.1643770933151245,-5.202633380889893,0.7139639258384705,0.05055943503975868,-0.6980733871459961,-0.019822414964437485,1416250,0.7637673020362854,1.1645777225494385,-5.201920986175537,0.7197523222325736,0.059297473105737596,-0.6910412412615404,-0.030040093205606817,0.0006753725298187925,0.0002819206262446303,0.00017796299567647125,0.0007531786782471634,-0.0007249804763350133,-0.009404814390700124,0.01321806845090814,0.9998681445750798,1.8608929876685367
103278808046105,48.004365468,53436940,0.5850894153118134,1.0994961261749268,-1.374298095703125,8.460134267807007e-06,-0.01489168033003807,0.06056547164916992,27.023958206176758,0,-0.08362570405006409,-0.020606279373168945,0.0454254150390625,-0.000682532787322998,0.001776035875082016,0.0005397796630859375,103278805446924,2.599,1422011,11850.091666666667,34,True,0.7633203864097595,1.1641556024551392,-5.201634407043457,0.713946521282196,0.06036167964339256,-0.6971226334571838,-0.025631459429860115,1416250,0.7637673020362854,1.1645777225494385,-5.201920986175537,0.7197523222325736,0.059297473105737596,-0.6910412412615404,-0.030040093205606817,-0.00035454728943861585,0.0003629176580857952,0.00045014835686616237,0.0006782673146983081,-0.0033735168350541786,-0.008682533299201545,0.0021189987808290095,0.9999543703808884,1.0946939026040052
103278908236561,48.104555924,53537338,0.7482948005199432,0.8971037864685059,-1.407135009765625,0.004232220351696014,-0.002085527405142784,0.0459514856338501,27.023958206176758,0,-0.08362570405006409,-0.020606279373168945,0.0454254150390625,-0.000682532787322998,0.001776035875082016,0.0005397796630859375,103278902703901,5.533,1422023,11850.191666666666,34,True,0.7638704776763916,1.1641923189163208,-5.201735019683838,0.7164818644523621,0.05480889976024628,-0.6950532793998718,-0.023467911407351494,1416250,0.7637673020362854,1.1645777225494385,-5.201920986175537,0.7197523222325736,0.059297473105737596,-0.6910412412615404,-0.030040093205606817,-0.00022931827447707025,0.0003632386603036772,-9.610158072681754e-05,0.00044018712971478864,-0.0012924051823536842,-0.005402571362083275,0.007698901559628955,0.9999549333976494,1.0879192602856371
103279008374685,48.204694048,53637379,0.3349970579147339,1.047917127609253,-1.5777435302734375,0.005799703299999237,0.006879972293972969,0.06164288520812988,27.023958206176758,0,-0.08362570405006409,-0.020606279373168945,0.0454254150390625,-0.000682532787322998,0.001776035875082016,0.0005397796630859375,103279005074137,3.301,1422035,11850.291666666666,34,True,0.7635079622268677,1.1638063192367554,-5.202838897705078,0.7183709144592285,0.04946848377585411,-0.6938052177429199,-0.011422490701079369,1416250,0.7637673020362854,1.1645777225494385,-5.201920986175537,0.7197523222325736,0.059297473105737596,-0.6910412412615404,-0.030040093205606817,0.0008021287866982032,0.0008681361626882896,0.0003283455439236819,0.0012267362322975622,-0.0064024310344794125,-0.003752701158302063,0.01994108461098714,0.9997736140023915,2.4383755792290795
103279108573822,48.304893185,53737508,0.834949404001236,1.2146860361099243,-1.4643096923828125,0.008615449070930481,0.0043075960129499435,0.06825041770935059,27.023958206176758,0,-0.08362570405006409,-0.020606279373168945,0.0454254150390625,-0.000682532787322998,0.001776035875082016,0.0005397796630859375,103279101414812,7.159,1422047,11850.391666666666,34,True,0.7631797790527344,1.1639708280563354,-5.203834533691406,0.7163342833518982,0.038960617035627365,-0.6966084837913513,-0.00915853213518858,1416250,0.7637673020362854,1.1645777225494385,-5.201920986175537,0.7197523222325736,0.059297473105737596,-0.6910412412615404,-0.030040093205606817,0.001797434644598504,0.0008153437195844929,0.0006925399589768187,0.0020916902919525253,-0.0005431441912299544,-0.0069963443466064534,0.02903207877394988,0.9995538477552044,3.4231451542060753
103279209713900,48.406033263,53837711,0.9277186095714569,1.2327293157577515,-1.548828125,0.009024247527122498,0.0049319155514240265,0.06765127182006836,27.023958206176758,0,-0.08362570405006409,-0.020606279373168945,0.0454254150390625,-0.000682532787322998,0.001776035875082016,0.0005397796630859375,103279209464342,0.250,1422060,11850.5,34,True,0.7632085680961609,1.1628899574279785,-5.204893112182617,0.7112547159194946,0.03644850105047226,-0.7019875049591064,-0.001335009466856718,1416250,0.7637673020362854,1.1645777225494385,-5.201920986175537,0.7197523222325736,0.059297473105737596,-0.6910412412615404,-0.030040093205606817,0.0027106451709428426,0.0020204553220160566,0.0007512860786723237,0.0034632741333925038,-0.003966614000368497,-0.014766548785283051,0.03610693753119421,0.999230956322142,4.494392173527505
103279309935149,48.506254512,53938971,2.0979255735874176,1.2772197723388672,-1.4250335693359375,0.005811721086502075,0.0022839102894067764,0.09348344802856445,27.023958206176758,0,-0.08362570405006409,-0.020606279373168945,0.0454254150390625,-0.000682532787322998,0.001776035875082016,0.0005397796630859375,103279301947192,7.988,1422071,11850.591666666667,34,True,0.7635682821273804,1.1634670495986938,-5.197485446929932,0.7174184322357178,0.09294449537992477,-0.6873218417167664,-0.0652749240398407,1416250,0.7637673020362854,1.1645777225494385,-5.201920986175537,0.7197523222325736,0.059297473105737596,-0.6910412412615404,-0.030040093205606817,-0.004544941885750294,0.0005368169124547877,5.042404801044054e-05,0.004576812398052021,0.0019584305422532117,0.0021428089507565806,-0.04881636815257789,0.9988035518158733,5.606061835371772
103279410045265,48.606364628,54039001,0.9105302393436432,0.7467384934425354,-0.8017578125,-0.038190774619579315,-0.009453758597373962,0.017369627952575684,27.023958206176758,0,-0.08362570405006409,-0.020606279373168945,0.0454254150390625,-0.000682532787322998,0.001776035875082016,0.0005397796630859375,103279409438042,0.607,1422084,11850.7,34,True,0.7638024091720581,1.165902018547058,-5.2006378173828125,0.7170928716659546,0.07954277843236923,-0.6906703114509583,-0.04924893006682396,1416250,0.7637673020362854,1.1645777225494385,-5.201920986175537,0.7197523222325736,0.059297473105737596,-0.6910412412615404,-0.030040093205606817,-0.001102517011808025,-0.0014717024942196657,-0.00014164235982708058,0.001844319536012094,-0.00010684103253204982,-0.0010399477081581285,-0.02801454298418351,0.9996069690008897,3.2128855394254643
103279510292321,48.706611684,54139108,1.5500980913639069,0.07814383506774902,-0.0326690673828125,-0.060074593871831894,-0.01942330226302147,0.012895464897155762,27.023958206176758,0,-0.08362570405006409,-0.020606279373168945,0.0454254150390625,-0.000682532787322998,0.001776035875082016,0.0005397796630859375,103279501661782,8.631,1422095,11850.791666666666,34,True,0.7638967037200928,1.1657720804214478,-5.202802658081055,0.7191752791404724,0.0718720555305481,-0.6901103854179382,-0.03700195625424385,1416250,0.7637673020362854,1.1645777225494385,-5.201920986175537,0.7197523222325736,0.059297473105737596,-0.6910412412615404,-0.030040093205606817,0.0010303479537821481,-0.0010677474386884284,-0.00013740222885001783,0.0014901613574313727,-0.003716600618445892,0.0003063043142859656,-0.013923698440504558,0.9998961064426883,1.6518313122830404
103279610718093,48.807037456,54239328,2.3301102221012115,-0.7329338788986206,0.19183349609375,-0.08659984916448593,-0.0011382587254047394,0.013881087303161621,27.023958206176758,0,-0.08362570405006409,-0.020606279373168945,0.0454254150390625,-0.000682532787322998,0.001776035875082016,0.0005397796630859375,103279610477970,0.240,1422108,11850.9,34,True,0.7635645270347595,1.1703459024429321,-5.202922821044922,0.7217976450920105,0.06671306490898132,-0.6880806684494019,-0.03320387750864029,1416250,0.7637673020362854,1.1645777225494385,-5.201920986175537,0.7197523222325736,0.059297473105737596,-0.6910412412615404,-0.030040093205606817,0.0017171783477608702,-0.005600668669783099,2.2339734885163347e-05,0.00585804490341816,-0.0030843348763502573,0.00350912098980799,-0.007491348344090907,0.9999610255646153,1.0117167788601922
103279710917337,48.907236700,54339829,2.418909937143326,-1.9715477228164673,0.1650238037109375,-0.10072574019432068,0.011499717831611633,0.015924811363220215,27.023958206176758,0,-0.08362570405006409,-0.020606279373168945,0.0454254150390625,-0.000682532787322998,0.001776035875082016,0.0005397796630859375,103279710570557,0.347,1422120,11851.0,34,True,0.7641295790672302,1.1709136962890625,-5.204404354095459,0.720401406288147,0.04955846816301346,-0.6912147402763367,-0.0280704777687788,1416250,0.7637673020362854,1.1645777225494385,-5.201920986175537,0.7197523222325736,0.059297473105737596,-0.6910412412615404,-0.030040093205606817,0.0032791163674942094,-0.005953189032692337,-0.0004998602719919143,0.0068149045556084335,0.005303208295709343,0.0004994349312448798,0.00841445790420739,0.9999504104927905,1.1412067109780057
103279811146713,49.007466076,54440006,2.8632527887821198,-2.4201176166534424,1.3927154541015625,-0.13328546285629272,-0.010156050324440002,0.034464359283447266,27.023958206176758,0,-0.08362570405006409,-0.020606279373168945,0.0454254150390625,-0.000682532787322998,0.001776035875082016,0.0005397796630859375,103279810618265,0.528,1422132,11851.1,34,True,0.7639340758323669,1.1711418628692627,-5.203843116760254,0.7215153574943542,0.05388234183192253,-0.6895963549613953,-0.031131096184253693,1416250,0.7637673020362854,1.1645777225494385,-5.201920986175537,0.7197523222325736,0.059297473105737596,-0.6910412412615404,-0.030040093205606817,0.0027443621500396003,-0.006258175485345061,-0.0003377182348665201,0.006841808066739758,0.004388691123627109,0.0024856551187867337,0.0032047642805810503,0.9999821450379791,0.6847747491167794
103279911238169,49.107557532,54540334,2.732525020837784,-2.6275436878204346,1.1746673583984375,-0.1488473266363144,0.005527136847376823,0.03610396385192871,27.023958206176758,0,-0.08362570405006409,-0.020606279373168945,0.0454254150390625,-0.000682532787322998,0.001776035875082016,0.0005397796630859375,103279909555139,1.683,1422144,11851.2,34,True,0.7641168236732483,1.170837163925171,-5.205547332763672,0.7208384275436401,0.038855381309986115,-0.6918395161628723,-0.015503175556659698,1416250,0.7637673020362854,1.1645777225494385,-5.201920986175537,0.7197523222325736,0.059297473105737596,-0.6910412412615404,-0.030040093205606817,0.004401836996531269,-0.00573479487898137,-0.0004348793398065062,0.00724245547367831,0.0036780571516477067,-7.19367906027446e-05,0.02484723566557699,0.9996844910272775,2.8786237388222626
103280011328876,49.207648239,54640261,3.026783138513565,-2.8927595615386963,2.23187255859375,-0.20848843455314636,-0.0016360767185688019,0.05308091640472412,27.023958206176758,0,-0.08362570405006409,-0.020606279373168945,0.0454254150390625,-0.000682532787322998,0.001776035875082016,0.0005397796630859375,103280009326595,2.002,1422156,11851.3,34,True,0.7640281319618225,1.1701136827468872,-5.206739902496338,0.7220761775970459,0.030593009665608406,-0.6911216378211975,-0.004592024255543947,1416250,0.7637673020362854,1.1645777225494385,-5.201920986175537,0.7197523222325736,0.059297473105737596,-0.6910412412615404,-0.030040093205606817,0.005488751820541476,-0.0048722896103335495,-0.0002669072314697339,0.007344170617889569,0.0014546196990310037,0.0009012927934206603,0.038385980492417655,0.9992615214519509,4.404162127539242
103280112398758,49.308718121,54740418,3.216210514307022,-2.6061670780181885,2.4703369140625,-0.19660541415214539,-0.018026258796453476,0.06229722499847412,27.023958206176758,0,-0.08362570405006409,-0.020606279373168945,0.0454254150390625,-0.000682532787322998,0.001776035875082016,0.0005397796630859375,103280112165248,0.234,1422168,11851.4,34,True,0.7639235854148865,1.1707569360733032,-5.20955753326416,0.7204126119613647,0.0029630539938807487,-0.6932798624038696,0.0189752746373415,1416250,0.7637673020362854,1.1645777225494385,-5.201920986175537,0.7197523222325736,0.059297473105737596,-0.6910412412615404,-0.030040093205606817,0.008359224397798208,-0.0051616833136936945,-6.594346888353205e-05,0.009824660589796327,0.003763391227638466,-0.002369161422012378,0.07452486630247476,0.9972092399608131,8.563078521951718
103280213227133,49.409546496,54841470,2.8481790125370026,-2.79551100730896,1.852447509765625,-0.17839473485946655,0.0002809520810842514,0.08568871021270752,27.023958206176758,0,-0.08362570405006409,-0.020606279373168945,0.0454254150390625,-0.000682532787322998,0.001776035875082016,0.0005397796630859375,103280212913642,0.313,1422180,11851.5,34,True,0.763721227645874,1.1722301244735718,-5.208804130554199,0.7197288870811462,-0.0013964800164103508,-0.6938876509666443,0.022545240819454193,1416250,0.7637673020362854,1.1645777225494385,-5.201920986175537,0.7197523222325736,0.059297473105737596,-0.6910412412615404,-0.030040093205606817,0.007791701670787248,-0.006725048096180851,4.655934862313725e-05,0.010292669944938422,0.0042630973600347385,-0.003359830104451733,0.08010736572644278,0.9967714620207272,9.210590828723015
103280313476569,49.509795932,54942413,2.4439848959445953,-3.1725800037384033,1.409332275390625,-0.1483873873949051,-0.0052927713841199875,0.11282718181610107,27.023958206176758,0,-0.08362570405006409,-0.020606279373168945,0.0454254150390625,-0.000682532787322998,0.001776035875082016,0.0005397796630859375,103280303045872,10.431,1422191,11851.591666666667,34,True,0.7633915543556213,1.1725589036941528,-5.209043979644775,0.7162670493125916,-0.013532965444028378,-0.6968481540679932,0.034366425126791,1416250,0.7637673020362854,1.1645777225494385,-5.201920986175537,0.7197523222325736,0.059297473105737596,-0.6910412412615404,-0.030040093205606817,0.008058661386931676,-0.0070353467195748975,0.00037329336080733075,0.010704086824530137,0.004421128637633954,-0.008219316813180721,0.09689520861304171,0.9952508301933385,11.172452141179052
103280413577489,49.609896852,55042587,1.9604730904102325,-3.4242451190948486,1.352691650390625,-0.14716340601444244,-0.00602678582072258,0.14926660060882568,27.023958206176758,0,-0.08362570405006409,-0.020606279373168945,0.0454254150390625,-0.000682532787322998,0.001776035875082016,0.0005397796630859375,103280401300913,12.277,1422203,11851.691666666666,34,True,0.7637837529182434,1.1731191873550415,-5.2095947265625,0.7168785929679871,-0.037947382777929306,-0.6950539946556091,0.03930873051285744,1416250,0.7637673020362854,1.1645777225494385,-5.201920986175537,0.7197523222325736,0.059297473105737596,-0.6910412412615404,-0.030040093205606817,0.008690506768495894,-0.007504532846907992,-1.61876429385883e-05,0.01148229868899855,0.017610500887574675,-0.0060650190237718764,0.11786523767324891,0.99285490961719,13.706621437004033
103280513927225,49.710246588,55142724,1.5878093540668488,-3.558701276779175,1.2264404296875,-0.14573988318443298,-0.01589290052652359,0.18031775951385498,27.023958206176758,0,-0.08362570405006409,-0.020606279373168945,0.0454254150390625,-0.000682532787322998,0.001776035875082016,0.0005397796630859375,103280513793303,0.134,1422216,11851.8,34,True,0.7634658217430115,1.173583745956421,-5.211451530456543,0.7160307168960571,-0.05028768628835678,-0.6927183270454407,0.07008995860815048,1416250,0.7637673020362854,1.1645777225494385,-5.201920986175537,0.7197523222325736,0.059297473105737596,-0.6910412412615404,-0.030040093205606817,0.010577855340331009,-0.007746458502903738,0.0003632895930006146,0.01311604445961363,0.003870271337866736,-0.006424379419714132,0.14789785725908067,0.9889742019724355,17.032268244879475
103280614182914,49.810502277,55243155,1.0831809341907501,-3.6289680004119873,1.45574951171875,-0.14950034022331238,-0.02591181918978691,0.20228278636932373,27.023958206176758,0,-0.08362570405006409,-0.020606279373168945,0.0454254150390625,-0.000682532787322998,0.001776035875082016,0.0005397796630859375,103280609736515,4.446,1422228,11851.9,34,True,0.7634226083755493,1.1732321977615356,-5.2129998207092285,0.7134191989898682,-0.0657748356461525,-0.6918674111366272,0.08958958089351654,1416250,0.7637673020362854,1.1645777225494385,-5.201920986175537,0.7197523222325736,0.059297473105737596,-0.6910412412615404,-0.030040093205606817,0.012066271320573953,-0.007206070463168294,0.0004868002050300601,0.014062692826819097,0.0005656251195466018,-0.008307640228833122,0.17233939540426688,0.9850024345014301,19.87111735185398
103280714377305,49.910696668,55343392,0.8880642950534821,-3.1130001544952393,1.567352294921875,-0.16016334295272827,-0.03232382610440254,0.2208622694015503,27.023958206176758,0,-0.08362570405006409,-0.020606279373168945,0.0454254150390625,-0.000682532787322998,0.001776035875082016,0.0005397796630859375,103280713378494,0.999,1422240,11852.0,34,True,0.7641817331314087,1.1722043752670288,-5.214432239532471,0.7127881646156311,-0.09834032505750656,-0.6881945729255676,0.09300864487886429,1416250,0.7637673020362854,1.1645777225494385,-5.201920986175537,0.7197523222325736,0.059297473105737596,-0.6910412412615404,-0.030040093205606817,0.013384434506288716,-0.00597471584297713,-0.000169496050872357,0.014658412102568113,0.020410006745545026,-0.005324648625937235,0.197993436498475,0.9799763664727744,22.97028716238439
103280814477035,50.010796398,55443501,0.7401326596736908,-2.578932523727417,1.288299560546875,-0.15228387713432312,-0.03576425090432167,0.24392974376678467,27.023958206176758,0,-0.08362570405006409,-0.020606279373168945,0.0454254150390625,-0.000682532787322998,0.001776035875082016,0.0005397796630859375,103280810444769,4.032,1422252,11852.1,34,True,0.7633715867996216,1.1722791194915771,-5.21560001373291,0.7091100215911865,-0.09886053949594498,-0.6874864101409912,0.12145855277776718,1416250,0.7637673020362854,1.1645777225494385,-5.201920986175537,0.7197523222325736,0.059297473105737596,-0.6910412412615404,-0.030040093205606817,0.014520711392069282,-0.005938115591316865,0.0006867490201456711,0.015702990171438117,0.0003611102512589559,-0.00902807535527006,0.21778854136894793,0.9759541560458422,25.18034918082547
103280914560678,50.110880041,55543424,0.5969140231609344,-2.6102654933929443,0.7652587890625,-0.1425652652978897,-0.030811935663223267,0.26408517360687256,27.023958206176758,0,-0.08362570405006409,-0.020606279373168945,0.0454254150390625,-0.000682532787322998,0.001776035875082016,0.0005397796630859375,103280912759166,1.802,1422264,11852.2,34,True,0.7641323208808899,1.172167181968689,-5.216466903686523,0.7069023251533508,-0.1234227642416954,-0.6840648651123047,0.1308097094297409,1416250,0.7637673020362854,1.1645777225494385,-5.201920986175537,0.7197523222325736,0.059297473105737596,-0.6910412412615404,-0.030040093205606817,0.015394591090429842,-0.005685283968514629,-3.099396060270707e-05,0.01641087594462237,0.010467534297566349,-0.007907668899614364,0.24169561958079264,0.9702634317409681,28.015292914956493
103281014745510,50.211064873,55643541,0.18566275388002396,-2.3316915035247803,0.17529296875,-0.12718558311462402,-0.02573389559984207,0.2900506258010864,27.023958206176758,0,-0.08362570405006409,-0.020606279373168945,0.0454254150390625,-0.000682532787322998,0.001776035875082016,0.0005397796630859375,103281011035320,3.710,1422276,11852.3,34,True,0.7638934254646301,1.1712243556976318,-5.21730899810791,0.7021734118461609,-0.13036321103572845,-0.6838854551315308,0.14919349551200867,1416250,0.7637673020362854,1.1645777225494385,-5.201920986175537,0.7197523222325736,0.059297473105737596,-0.6910412412615404,-0.030040093205606817,0.016100595440660483,-0.00465583550416479,0.00028030834992392566,0.016762593789646504,0.0021633148682864145,-0.011928032157872581,0.25910916340650514,0.9657719625027446,30.068047451637053
103281114951121,50.311270484,55743794,0.031828105449676514,-1.9994409084320068,0.00494384765625,-0.11583530902862549,-0.03123345598578453,0.29840803146362305,27.023958206176758,0,-0.08362570405006409,-0.020606279373168945,0.0454254150390625,-0.000682532787322998,0.001776035875082016,0.0005397796630859375,103281113864086,1.087,1422288,11852.4,34,True,0.763878583908081,1.1702327728271484,-5.218390464782715,0.7035601139068604,-0.1484231948852539,-0.6786066889762878,0.14988894760608673,1416250,0.7637673020362854,1.1645777225494385,-5.201920986175537,0.7197523222325736,0.059297473105737596,-0.6910412412615404,-0.030040093205606817,0.01704616792539683,-0.0035382698912857723,0.0003801422448187897,0.01741366425801023,0.013788281106718245,-0.006669075042881334,0.2725121268635286,0.9620304295886439,31.678842105881458
103281215186571,50.411505934,55844160,0.3691873848438263,-1.5410829782485962,0.0040740966796875,-0.11345839500427246,-0.040623631328344345,0.31619763374328613,27.023958206176758,0,-0.08362570405006409,-0.020606279373168945,0.0454254150390625,-0.000682532787322998,0.001776035875082016,0.0005397796630859375,103281210475824,4.711,1422300,11852.5,34,True,0.7639270424842834,1.1691776514053345,-5.219644069671631,0.7015824913978577,-0.16418248414993286,-0.6746763586997986,0.16011865437030792,1416250,0.7637673020362854,1.1645777225494385,-5.201920986175537,0.7197523222325736,0.059297473105737596,-0.6910412412615404,-0.030040093205606817,0.018156699828660257,-0.0023334009195047707,0.00042666448214594225,0.018310995360699047,0.01714209367407285,-0.005340014560329842,0.2906887198414114,0.9566492047903068,33.864736289801165
103281315298427,50.511617790,55944387,0.35103586316108704,-1.4182084798812866,-0.158660888671875,-0.09840765595436096,-0.04918881878256798,0.3279738426208496,27.023958206176758,0,-0.08362570405006409,-0.020606279373168945,0.0454254150390625,-0.000682532787322998,0.001776035875082016,0.0005397796630859375,103281313763344,1.535,1422312,11852.6,34,True,0.7644430994987488,1.1692752838134766,-5.220463275909424,0.6966854333877563,-0.1732969880104065,-0.6730683445930481,0.1776980608701706,1416250,0.7637673020362854,1.1645777225494385,-5.201920986175537,0.7197523222325736,0.059297473105737596,-0.6910412412615404,-0.030040093205606817,0.01900063405759912,-0.0023049839805999468,-5.698134296376882e-05,0.01914001809338392,0.010839530244235495,-0.008335325546248497,0.3090583140277024,0.9509447857065502,36.04140958918372
103281415539641,50.611859004,56044429,0.295047402381897,-1.2690411806106567,-0.382080078125,-0.08306936919689178,-0.046703580766916275,0.339725136756897,27.023958206176758,0,-0.08362570405006409,-0.020606279373168945,0.0454254150390625,-0.000682532787322998,0.001776035875082016,0.0005397796630859375,103281410766015,4.774,1422324,11852.7,34,True,0.7647019624710083,1.1684404611587524,-5.221426486968994,0.695580244064331,-0.18541423976421356,-0.6695406436920166,0.18304407596588135,1416250,0.7637673020362854,1.1645777225494385,-5.201920986175537,0.7197523222325736,0.059297473105737596,-0.6910412412615404,-0.030040093205606817,0.019859252585730524,-0.001345598985714218,-0.00024155951952807542,0.01990625280899633,0.01518925965746952,-0.006512987596475617,0.32130252941592835,0.9468323779711765,37.53483233352948
103281515631826,50.711951189,56144699,0.6072706282138824,-1.2801417112350464,0.042999267578125,-0.08797602355480194,-0.06074425205588341,0.3454693555831909,27.023958206176758,0,-0.08362570405006409,-0.020606279373168945,0.0454254150390625,-0.000682532787322998,0.001776035875082016,0.0005397796630859375,103281509552727,6.079,1422336,11852.8,34,True,0.7646946310997009,1.1681239604949951,-5.222446441650391,0.6930223703384399,-0.19422242045402527,-0.6667565107345581,0.19347725808620453,1416250,0.7637673020362854,1.1645777225494385,-5.201920986175537,0.7197523222325736,0.059297473105737596,-0.6910412412615404,-0.030040093205606817,0.020829791616139216,-0.0009045215996121353,-0.00017800874306246562,0.02085018141908015,0.013678516038434202,-0.006630760678612235,0.3346166977321902,0.9422317107859476,39.140429304129896
103281615876650,50.812196013,56244682,0.5805692970752716,-1.05011785030365,-0.1843719482421875,-0.0773109719157219,-0.05826802924275398,0.3597543239593506,27.023958206176758,0,-0.08362570405006409,-0.020606279373168945,0.0454254150390625,-0.000682532787322998,0.001776035875082016,0.0005397796630859375,103281610643298,5.233,1422348,11852.9,34,True,0.7647178769111633,1.1685059070587158,-5.222944259643555,0.6891176104545593,-0.20608928799629211,-0.6653916239738464,0.19974538683891296,1416250,0.7637673020362854,1.1645777225494385,-5.201920986175537,0.7197523222325736,0.059297473105737596,-0.6910412412615404,-0.030040093205606817,0.021372567067377966,-0.0012197484592053678,-0.0001945355736737448,0.02140822863860361,0.01740387509078994,-0.008361932475998422,0.3472168842214081,0.9375860592653179,40.69992084707004
103281716138592,50.912457955,56345333,0.43596526980400085,-0.9428914785385132,-0.4490203857421875,-0.06083276495337486,-0.057510051876306534,0.3791649341583252,27.023958206176758,0,-0.08362570405006409,-0.020606279373168945,0.0454254150390625,-0.000682532787322998,0.001776035875082016,0.0005397796630859375,103281709267081,6.872,1422360,11853.0,34,True,0.7646189332008362,1.1686604022979736,-5.224163055419922,0.6864259839057922,-0.2129664123058319,-0.6628251075744629,0.21006560325622559,1416250,0.7637673020362854,1.1645777225494385,-5.201920986175537,0.7197523222325736,0.059297473105737596,-0.6910412412615404,-0.030040093205606817,0.022596483439828178,-0.001224626800060048,-4.918531981794674e-05,0.022629697166368357,0.014656921559870528,-0.008780075020350886,0.3590617184581446,0.9331574182692377,42.135053608586
103281816241315,51.012560678,56445335,0.29112567007541656,-0.8853296041488647,-0.5089874267578125,-0.05388084799051285,-0.05853687599301338,0.38809752464294434,27.023958206176758,0,-0.08362570405006409,-0.020606279373168945,0.0454254150390625,-0.000682532787322998,0.001776035875082016,0.0005397796630859375,103281810070762,6.171,1422372,11853.1,34,True,0.7648981213569641,1.1673256158828735,-5.224477767944336,0.6871727705001831,-0.2207915186882019,-0.6580153107643127,0.2146172672510147,1416250,0.7637673020362854,1.1645777225494385,-5.201920986175537,0.7197523222325736,0.059297473105737596,-0.6910412412615404,-0.030040093205606817,0.022749650119066475,0.00015000478091773978,-0.0002626630901608522,0.02275166090361696,0.01648067949581269,-0.004836987455052565,0.36773903535103986,0.9297703978051799,43.20189508783306
103281916317964,51.112637327,56545284,0.5777099430561066,-0.7899738550186157,-0.4699249267578125,-0.05879867821931839,-0.06522553041577339,0.39044010639190674,27.023958206176758,0,-0.08362570405006409,-0.020606279373168945,0.0454254150390625,-0.000682532787322998,0.001776035875082016,0.0005397796630859375,103281909847124,6.471,1422384,11853.2,34,True,0.7647011876106262,1.1673136949539185,-5.224423885345459,0.6865684986114502,-0.22025640308856964,-0.6594475507736206,0.21269629895687103,1416250,0.7637673020362854,1.1645777225494385,-5.201920986175537,0.7197523222325736,0.059297473105737596,-0.6910412412615404,-0.030040093205606817,0.022687267354968052,0.00014644063818127287,-6.79221569044933e-05,0.022687841640749093,0.0175965950249779,-0.00618758883736531,0.36603361974572296,0.9304146725002516,43.0009053024085
103282016541197,51.212860560,56645256,0.45505648851394653,-0.662246823310852,-0.5805816650390625,-0.060612890869379044,-0.0651320032775402,0.396793007850647,27.023958206176758,0,-0.08362570405006409,-0.020606279373168945,0.0454254150390625,-0.000682532787322998,0.001776035875082016,0.0005397796630859375,103282009606342,6.935,1422396,11853.3,34,True,0.7651224732398987,1.1660735607147217,-5.224408149719238,0.6856818795204163,-0.21946167945861816,-0.6582343578338623,0.22001057863235474,1416250,0.7637673020362854,1.1645777225494385,-5.201920986175537,0.7197523222325736,0.059297473105737596,-0.6910412412615404,-0.030040093205606817,0.02253028913008832,0.0013921151443330867,-0.0004411713822610455,0.022577567296965004,0.011737631922958264,-0.006384671936540354,0.3704270252679791,0.9287654617352112,43.513632755394866
103282116694891,51.313014254,56745530,0.5412896573543549,-0.46293485164642334,-0.315399169921875,-0.07278276979923248,-0.07113313302397728,0.39804959297180176,27.023958206176758,0,-0.08362570405006409,-0.020606279373168945,0.0454254150390625,-0.000682532787322998,0.001776035875082016,0.0005397796630859375,103282109732477,6.962,1422408,11853.4,34,True,0.7648609280586243,1.1656677722930908,-5.224396705627441,0.6861297488212585,-0.226388618350029,-0.6555646061897278,0.2195662260055542,1416250,0.7637673020362854,1.1645777225494385,-5.201920986175537,0.7197523222325736,0.059297473105737596,-0.6910412412615404,-0.030040093205606817,0.022457550270931194,0.0017814183414675273,-0.00016485060619813652,0.022528697059552346,0.01667249278572272,-0.003919181338560784,0.3750520109843013,0.9268455411008769,44.10337415637735
103282216803484,51.413122847,56845759,0.7756774127483368,-0.25166547298431396,-0.2089385986328125,-0.0744042843580246,-0.06835160031914711,0.39791083335876465,27.023958206176758,0,-0.08362570405006409,-0.020606279373168945,0.0454254150390625,-0.000682532787322998,0.001776035875082016,0.0005397796630859375,103282209726000,7.077,1422420,11853.5,34,True,0.7646788358688354,1.1657453775405884,-5.224031448364258,0.6849045157432556,-0.23011213541030884,-0.6550618410110474,0.22101619839668274,1416250,0.7637673020362854,1.1645777225494385,-5.201920986175537,0.7197523222325736,0.059297473105737596,-0.6910412412615404,-0.030040093205606817,0.02209845583267061,0.0016507867248172978,-1.8181754634044416e-06,0.022160028210836933,0.018208970355422325,-0.0043781267280016975,0.37864628420342133,0.9253519637758872,44.557023816545495
103282317077199,51.513396562,56945992,0.32262076437473297,-0.006064891815185547,-0.2939300537109375,-0.06557287275791168,-0.06841258332133293,0.4129849672317505,27.167064666748047,0,-0.08362570405006409,-0.020606279373168945,0.0454254150390625,-0.000682532787322998,0.001776035875082016,0.0005397796630859375,103282311686486,5.391,1422432,11853.6,34,True,0.7647311091423035,1.1663354635238647,-5.224078178405762,0.6839742064476013,-0.23154598474502563,-0.6549383401870728,0.2227589339017868,1416250,0.7637673020362854,1.1645777225494385,-5.201920986175537,0.7197523222325736,0.059297473105737596,-0.6910412412615404,-0.030040093205606817,0.02222162337608197,0.001074057618456058,-7.483155562781148e-05,0.022247690778998026,0.01796610416326433,-0.004992385507916808,0.3808237155507199,0.9244596220832361,44.825977641336706
103282417192567,51.613511930,57046300,0.5076382458209991,-0.20873606204986572,0.045867919921875,-0.0637577697634697,-0.09184770658612251,0.4084148406982422,27.167064666748047,0,-0.08362570405006409,-0.020606279373168945,0.0454254150390625,-0.000682532787322998,0.001776035875082016,0.0005397796630859375,103282409962356,7.230,1422444,11853.7,34,True,0.764599084854126,1.1658127307891846,-5.224079608917236,0.683742880821228,-0.23261931538581848,-0.6547467708587646,0.2229139357805252,1416250,0.7637673020362854,1.1645777225494385,-5.201920986175537,0.7197523222325736,0.059297473105737596,-0.6910412412615404,-0.030040093205606817,0.02215171598072257,0.001586561867345451,7.726815470212635e-05,0.02220859450341794,0.018591846401218665,-0.004991306855587407,0.3816838887666888,0.9240924408083885,44.9362033998912
103282517439826,51.713759189,57146220,0.2454925775527954,0.12038159370422363,-0.0013885498046875,-0.06311199814081192,-0.08791319653391838,0.41761207580566406,27.167064666748047,0,-0.08362570405006409,-0.020606279373168945,0.0454254150390625,-0.000682532787322998,0.001776035875082016,0.0005397796630859375,103282510620819,6.819,1422456,11853.8,34,True,0.7647377252578735,1.1664012670516968,-5.224143028259277,0.68330317735672,-0.23326997458934784,-0.6546030640602112,0.22400152683258057,1416250,0.7637673020362854,1.1645777225494385,-5.201920986175537,0.7197523222325736,0.059297473105737596,-0.6910412412615404,-0.030040093205606817,0.022294501833781913,0.001017244664573569,-8.118761067785164e-05,0.022317844657408926,0.01826337040397777,-0.005236672475491033,0.38287339389012787,0.9236054302644212,45.08200693720367
103282617581310,51.813900673,57246582,0.4350292980670929,-0.23215830326080322,0.0029144287109375,-0.06362848728895187,-0.09166460111737251,0.4095320701599121,27.167064666748047,0,-0.08362570405006409,-0.020606279373168945,0.0454254150390625,-0.000682532787322998,0.001776035875082016,0.0005397796630859375,103282610493810,7.088,1422468,11853.9,34,True,0.7646275758743286,1.1653348207473755,-5.224066734313965,0.6834021210670471,-0.23385661840438843,-0.6542441248893738,0.22413697838783264,1416250,0.7637673020362854,1.1645777225494385,-5.201920986175537,0.7197523222325736,0.059297473105737596,-0.6910412412615404,-0.030040093205606817,0.022079398583760637,0.0020598857428038974,6.677031105731962e-05,0.022175378900222125,0.01854701588176577,-0.0049003596716613584,0.38338428703118754,0.9233896702554985,45.14645950062027
103282717680441,51.913999804,57346748,0.401714950799942,0.29195618629455566,-0.2478179931640625,-0.05609309673309326,-0.07217488065361977,0.41851115226745605,27.167064666748047,0,-0.08362570405006409,-0.020606279373168945,0.0454254150390625,-0.000682532787322998,0.001776035875082016,0.0005397796630859375,103282710730773,6.950,1422480,11854.0,34,True,0.7648471593856812,1.1656748056411743,-5.224928855895996,0.6830307245254517,-0.2343546599149704,-0.6535396575927734,0.22678807377815247,1416250,0.7637673020362854,1.1645777225494385,-5.201920986175537,0.7197523222325736,0.059297473105737596,-0.6910412412615404,-0.030040093205606817,0.02298538532779681,0.0018404670533612782,-0.00012843144873852966,0.02305930944930551,0.016952436039340824,-0.0047922104260201825,0.38553161254768975,0.9225264361295794,45.403460232616794
103282817778289,52.014097652,57446892,1.0022795498371124,-0.18741333484649658,-0.084686279296875,-0.044496193528175354,-0.08554815128445625,0.3941316604614258,27.167064666748047,0,-0.08362570405006409,-0.020606279373168945,0.0454254150390625,-0.000682532787322998,0.001776035875082016,0.0005397796630859375,103282810863064,6.915,1422492,11854.1,34,True,0.7650655508041382,1.1653753519058228,-5.225919246673584,0.683430552482605,-0.23703116178512573,-0.6513423919677734,0.229111447930336,1416250,0.7637673020362854,1.1645777225494385,-5.201920986175537,0.7197523222325736,0.059297473105737596,-0.6910412412615404,-0.030040093205606817,0.02393733664447476,0.0022708427860859874,-0.00029215885316311225,0.024046583320411957,0.016987451533897163,-0.002991793524826869,0.38902126801926873,0.9210672769622036,45.83477473031974
103282918354808,52.114674171,57546928,1.1897623836994171,-0.3917301893234253,-0.141754150390625,-0.039460159838199615,-0.08785003051161766,0.3884621858596802,27.167064666748047,0,-0.08362570405006409,-0.020606279373168945,0.0454254150390625,-0.000682532787322998,0.001776035875082016,0.0005397796630859375,103282918150784,0.204,1422505,11854.208333333334,34,True,0.7649396657943726,1.1664530038833618,-5.225981712341309,0.6834580898284912,-0.23499037325382233,-0.6514968276023865,0.23068717122077942,1416250,0.7637673020362854,1.1645777225494385,-5.201920986175537,0.7197523222325736,0.059297473105737596,-0.6910412412615404,-0.030040093205606817,0.02413121139622742,0.0012050157967689904,-0.00020550904359530682,0.024162153473705074,0.0144513820233024,-0.003238661265137055,0.38864755513747173,0.9212674674145898,45.775827898078894
103283018642926,52.214962289,57647436,1.2576983273029327,-0.7714158296585083,-0.2559661865234375,-0.024614036083221436,-0.091155756264925,0.3772315979003906,27.167064666748047,0,-0.08362570405006409,-0.020606279373168945,0.0454254150390625,-0.000682532787322998,0.001776035875082016,0.0005397796630859375,103283018411404,0.232,1422517,11854.308333333332,34,True,0.765144407749176,1.1657541990280151,-5.226707458496094,0.6840239763259888,-0.23509998619556427,-0.6517635583877563,0.2281303107738495,1416250,0.7637673020362854,1.1645777225494385,-5.201920986175537,0.7197523222325736,0.059297473105737596,-0.6910412412615404,-0.030040093205606817,0.02476966280314798,0.001997482424422284,-0.0003515618427990597,0.024852559770511384,0.016366253577609402,-0.00288468254405716,0.3870011497025321,0.9219294628546004,45.580387218160034
103283119158557,52.315477920,57747882,1.6743859350681305,-0.8717664480209351,0.5392303466796875,-0.04616732895374298,-0.1061677448451519,0.36065006256103516,27.167064666748047,0,-0.08362570405006409,-0.020606279373168945,0.0454254150390625,-0.000682532787322998,0.001776035875082016,0.0005397796630859375,103283118899658,0.259,1422529,11854.408333333333,34,True,0.7651053667068481,1.1665865182876587,-5.226986885070801,0.6822476387023926,-0.23687216639518738,-0.651411235332489,0.232579305768013,1416250,0.7637673020362854,1.1645777225494385,-5.201920986175537,0.7197523222325736,0.059297473105737596,-0.6910412412615404,-0.030040093205606817,0.02515075161736546,0.0012057902577782508,-0.00033275778565866,0.02518183799503286,0.014421198046347755,-0.004069197445446038,0.3912352002503596,0.9201687284211082,46.09847729695047
103283219275415,52.415594778,57848314,1.3281653225421906,-1.0846041440963745,0.1268310546875,-0.030223749577999115,-0.09873319044709206,0.3693089485168457,27.167064666748047,0,-0.08362570405006409,-0.020606279373168945,0.0454254150390625,-0.000682532787322998,0.001776035875082016,0.0005397796630859375,103283217798042,1.477,1422541,11854.508333333333,34,True,0.765018105506897,1.1667739152908325,-5.226877689361572,0.6814107298851013,-0.23797553777694702,-0.6512548327445984,0.23433782160282135,1416250,0.7637673020362854,1.1645777225494385,-5.201920986175537,0.7197523222325736,0.059297473105737596,-0.6910412412615404,-0.030040093205606817,0.025062987311278408,0.0010025527322544193,-0.00025760599575730837,0.025084353804618993,0.013933843744359766,-0.004606094957284867,0.39319023317020885,0.9193400200292104,46.34042542006523
103283319983781,52.516303144,57948473,1.1507669985294342,-1.0347877740859985,-0.0404510498046875,-0.022320140153169632,-0.0990164764225483,0.3747425079345703,27.167064666748047,0,-0.08362570405006409,-0.020606279373168945,0.0454254150390625,-0.000682532787322998,0.001776035875082016,0.0005397796630859375,103283319744493,0.239,1422553,11854.608333333334,34,True,0.7651022672653198,1.1670618057250977,-5.226756572723389,0.6815345287322998,-0.23722968995571136,-0.6518166065216064,0.23316916823387146,1416250,0.7637673020362854,1.1645777225494385,-5.201920986175537,0.7197523222325736,0.059297473105737596,-0.6910412412615404,-0.030040093205606817,0.024982652833220504,0.0007057327641964376,-0.0003579933553416411,0.02499518274712449,0.014289166107988721,-0.004877990027276569,0.3918700408048975,0.9198966768419159,46.17803706533045
103283420269071,52.616588434,58049308,1.0442231595516205,-0.998367190361023,-0.1697235107421875,-0.023784104734659195,-0.09383416548371315,0.3763883113861084,27.167064666748047,0,-0.08362570405006409,-0.020606279373168945,0.0454254150390625,-0.000682532787322998,0.001776035875082016,0.0005397796630859375,103283418189320,2.080,1422565,11854.708333333334,34,True,0.7650926113128662,1.1674222946166992,-5.226375579833984,0.6816920042037964,-0.23610036075115204,-0.6527827978134155,0.23114372789859772,1416250,0.7637673020362854,1.1645777225494385,-5.201920986175537,0.7197523222325736,0.059297473105737596,-0.6910412412615404,-0.030040093205606817,0.02465038661110203,0.0003003071450585074,-0.0003787366710912138,0.024655124942376597,0.01501912918546286,-0.00537840757714908,0.38969586723178407,0.9208054243720072,45.91177012185182
103283520389013,52.716708376,58149459,0.9856548607349396,-1.1267277002334595,-0.110260009765625,-0.027811266481876373,-0.09807324782013893,0.37024569511413574,27.167064666748047,0,-0.08362570405006409,-0.020606279373168945,0.0454254150390625,-0.000682532787322998,0.001776035875082016,0.0005397796630859375,103283519832764,0.556,1422577,11854.808333333332,34,True,0.7649030089378357,1.1661533117294312,-5.225639820098877,0.6851096153259277,-0.2303733080625534,-0.6530498266220093,0.22600653767585754,1416250,0.7637673020362854,1.1645777225494385,-5.201920986175537,0.7197523222325736,0.059297473105737596,-0.6910412412615404,-0.030040093205606817,0.023752916703463085,0.0014576486030671383,-0.0001720544728767608,0.023798222499029548,0.014672173689141116,-0.0030763110942468863,0.3822344936812499,0.923943751247621,44.980766304982716
103283620449109,52.816768472,58249517,1.2159694731235504,-0.8290907144546509,0.2823944091796875,-0.037478312849998474,-0.10584307834506035,0.3609161376953125,27.167064666748047,0,-0.08362570405006409,-0.020606279373168945,0.0454254150390625,-0.000682532787322998,0.001776035875082016,0.0005397796630859375,103283617533229,2.916,1422589,11854.908333333333,34,True,0.7648605704307556,1.1664888858795166,-5.226136207580566,0.6835538148880005,-0.23086366057395935,-0.6527663469314575,0.2309809923171997,1416250,0.7637673020362854,1.1645777225494385,-5.201920986175537,0.7197523222325736,0.059297473105737596,-0.6910412412615404,-0.030040093205606817,0.02428590176715357,0.0011853255866453964,-0.00012127390891211601,0.024315113175783738,0.011460579715761338,-0.00422764073152343,0.3859242290796502,0.9224496038135102,45.42626787157061
103283721257311,52.917576674,58349360,1.275060087442398,-0.939318060874939,0.32867431640625,-0.03926201909780502,-0.10162445530295372,0.3632398843765259,27.167064666748047,0,-0.08362570405006409,-0.020606279373168945,0.0454254150390625,-0.000682532787322998,0.001776035875082016,0.0005397796630859375,103283720983172,0.274,1422601,11855.008333333333,34,True,0.764890193939209,1.1662161350250244,-5.225584506988525,0.6848713755607605,-0.2301926165819168,-0.6532245874404907,0.22640720009803772,1416250,0.7637673020362854,1.1645777225494385,-5.201920986175537,0.7197523222325736,0.059297473105737596,-0.6910412412615404,-0.030040093205606817,0.02370557589646295,0.0013878936382165938,-0.00016407802585817997,0.023746736595425838,0.014276450732269436,-0.0033959154388819024,0.3823724478679137,0.9238917478927501,44.996342058664574
103283821371313,53.017690676,58450482,1.0467989146709442,-0.7977744340896606,0.157562255859375,-0.03588259220123291,-0.09459160640835762,0.36423516273498535,27.167064666748047,0,-0.08362570405006409,-0.020606279373168945,0.0454254150390625,-0.000682532787322998,0.001776035875082016,0.0005397796630859375,103283820392433,0.979,1422613,11855.108333333334,34,True,0.7649926543235779,1.1664764881134033,-5.225351810455322,0.6850619316101074,-0.22882317006587982,-0.6547680497169495,0.22273051738739014,1416250,0.7637673020362854,1.1645777225494385,-5.201920986175537,0.7197523222325736,0.059297473105737596,-0.6910412412615404,-0.030040093205606817,0.02351184355545092,0.0011052004434014481,-0.00028647849648396804,0.02353954811216735,0.0160622070874053,-0.004198264306020605,0.37890372056616684,0.9252871719749574,44.57660405002512
103283921541372,53.117860735,58550652,1.0085075199604034,-0.7999042272567749,-0.1583251953125,-0.030934106558561325,-0.08566445484757423,0.3597620725631714,27.167064666748047,0,-0.08362570405006409,-0.020606279373168945,0.0454254150390625,-0.000682532787322998,0.001776035875082016,0.0005397796630859375,103283920456423,1.085,1422625,11855.208333333334,34,True,0.7648614645004272,1.166479229927063,-5.2245049476623535,0.6894522905349731,-0.21653224527835846,-0.658244788646698,0.21091055870056152,1416250,0.7637673020362854,1.1645777225494385,-5.201920986175537,0.7197523222325736,0.059297473105737596,-0.6910412412615404,-0.030040093205606817,0.022667814712756976,0.0009907067971493928,-0.00019213129184119347,0.022690267478438948,0.016150387597211102,-0.003335062703142544,0.36225396880840566,0.931933530043739,42.523497544743456
103284021665062,53.217984425,58650381,1.3094159662723541,-0.7747281789779663,-0.112335205078125,-0.017112895846366882,-0.09079023078083992,0.3236287832260132,27.167064666748047,0,-0.08362570405006409,-0.020606279373168945,0.0454254150390625,-0.000682532787322998,0.001776035875082016,0.0005397796630859375,103284018711147,2.954,1422637,11855.308333333332,34,True,0.7648237347602844,1.1661393642425537,-5.222700119018555,0.6931537985801697,-0.20084065198898315,-0.6636385321617126,0.1969388723373413,1416250,0.7637673020362854,1.1645777225494385,-5.201920986175537,0.7197523222325736,0.059297473105737596,-0.6910412412615404,-0.030040093205606817,0.020834327799195012,0.001099956043404071,-0.0002191311115577186,0.020864494640076565,0.015571644664785417,-0.0043022184908075856,0.3416864103483673,0.9396751629056386,40.0058487358112
103284121752076,53.318071439,58750871,1.1074438393115997,-0.46803033351898193,-0.05926513671875,-0.01703723520040512,-0.08833744749426842,0.304317831993103,27.167064666748047,0,-0.08362570405006409,-0.020606279373168945,0.0454254150390625,-0.000682532787322998,0.001776035875082016,0.0005397796630859375,103284120767973,0.984,1422649,11855.408333333333,34,True,0.7646836638450623,1.1658462285995483,-5.221518039703369,0.6962904930114746,-0.18823501467704773,-0.667296290397644,0.1856415569782257,1416250,0.7637673020362854,1.1645777225494385,-5.201920986175537,0.7197523222325736,0.059297473105737596,-0.6910412412615404,-0.030040093205606817,0.019620157666438324,0.0012363677166724572,-0.00011891824811889715,0.019659433703351274,0.01511456899164941,-0.004476085912277439,0.3251024707278013,0.9455474065248033,37.98985095560281
103284221849250,53.418168613,58850990,0.9784657657146454,-0.5038992166519165,-0.33642578125,-0.010326385498046875,-0.08255306258797646,0.28458333015441895,27.167064666748047,0,-0.08362570405006409,-0.020606279373168945,0.0454254150390625,-0.000682532787322998,0.001776035875082016,0.0005397796630859375,103284218033897,3.815,1422661,11855.508333333333,34,True,0.7645623087882996,1.166282057762146,-5.21995210647583,0.7000749707221985,-0.17155832052230835,-0.671278178691864,0.1727670431137085,1416250,0.7637673020362854,1.1645777225494385,-5.201920986175537,0.7197523222325736,0.059297473105737596,-0.6910412412615404,-0.030040093205606817,0.018118711607761004,0.0006030198106878771,-8.216032719502407e-05,0.01812892974051861,0.012979176221616541,-0.004464372239325221,0.3045465772170677,0.9523985471799533,35.49896724888961
103284322192436,53.518511799,58950936,0.9781295955181122,-0.4747549295425415,-0.2821807861328125,-0.013625457882881165,-0.08541113510727882,0.260189414024353,27.167064666748047,0,-0.08362570405006409,-0.020606279373168945,0.0454254150390625,-0.000682532787322998,0.001776035875082016,0.0005397796630859375,103284317802422,4.390,1422673,11855.608333333334,34,True,0.7639480829238892,1.1664987802505493,-5.218228816986084,0.7008811831474304,-0.14679989218711853,-0.6779628992080688,0.16607731580734253,1416250,0.7637673020362854,1.1645777225494385,-5.201920986175537,0.7197523222325736,0.059297473105737596,-0.6910412412615404,-0.030040093205606817,0.016414819645794124,0.0001455337827014889,0.00044833701596672896,0.01642158610383729,0.0010571967015999691,-0.009065650997434506,0.28235238831885373,0.9592673376685804,32.81892280742389
103284422462630,53.618781993,59051232,0.9119028151035309,-0.40745794773101807,0.0865325927734375,-0.023306291550397873,-0.0906335674226284,0.23615097999572754,27.167064666748047,0,-0.08362570405006409,-0.020606279373168945,0.0454254150390625,-0.000682532787322998,0.001776035875082016,0.0005397796630859375,103284419179809,3.283,1422685,11855.708333333334,34,True,0.7642828822135925,1.166638731956482,-5.216946601867676,0.7048535346984863,-0.14155100286006927,-0.6787721514701843,0.149710550904274,1416250,0.7637673020362854,1.1645777225494385,-5.201920986175537,0.7197523222325736,0.059297473105737596,-0.6910412412615404,-0.030040093205606817,0.015174337831344229,-0.00013903247020668466,5.3394526509348934e-05,0.015175068685940029,0.009138671220059598,-0.006090222581754735,0.2675242302037801,0.9634885469641615,31.060791119606133
103284522710361,53.719029724,59151590,0.7374456226825714,-0.5587712526321411,-0.14794921875,-0.02030198648571968,-0.08112232014536858,0.2158215045928955,27.167064666748047,0,-0.08362570405006409,-0.020606279373168945,0.0454254150390625,-0.000682532787322998,0.001776035875082016,0.0005397796630859375,103284520761205,1.949,1422697,11855.808333333332,34,True,0.7637762427330017,1.1669694185256958,-5.216405391693115,0.7047053575515747,-0.12572583556175232,-0.6823891401290894,0.14808249473571777,1416250,0.7637673020362854,1.1645777225494385,-5.201920986175537,0.7197523222325736,0.059297473105737596,-0.6910412412615404,-0.030040093205606817,0.01466065238263142,-0.0005567661409395875,0.0005230448895629333,0.014680541297123583,-0.0004064449436058104,-0.009174805242064377,0.2551088546517349,0.9668687243000251,29.57965582162689
103284622926569,53.819245932,59251924,0.6915604770183563,-0.502372145652771,-0.07086181640625,-0.02983495220541954,-0.07740306481719017,0.21035778522491455,27.167064666748047,0,-0.08362570405006409,-0.020606279373168945,0.0454254150390625,-0.000682532787322998,0.001776035875082016,0.0005397796630859375,103284618914902,4.012,1422709,11855.908333333333,34,True,0.7637893557548523,1.1662665605545044,-5.2160139083862305,0.7056763172149658,-0.12401799112558365,-0.6824018359184265,0.14480407536029816,1416250,0.7637673020362854,1.1645777225494385,-5.201920986175537,0.7197523222325736,0.059297473105737596,-0.6910412412615404,-0.030040093205606817,0.014183936743628441,9.144294876097382e-05,0.000520281895111506,0.014193770345137753,0.000744599182692082,-0.008369871619473666,0.251672060685085,0.9677760922298367,29.1695616332779
103284723106238,53.919425601,59351945,0.6781456172466278,-0.2463083267211914,-0.056854248046875,-0.032548822462558746,-0.07794943079352379,0.20723235607147217,27.167064666748047,0,-0.08362570405006409,-0.020606279373168945,0.0454254150390625,-0.000682532787322998,0.001776035875082016,0.0005397796630859375,103284721735909,1.370,1422721,11856.008333333333,34,True,0.7637869119644165,1.165376901626587,-5.215978145599365,0.7067403793334961,-0.1197090744972229,-0.6827565431594849,0.14153195917606354,1416250,0.7637673020362854,1.1645777225494385,-5.201920986175537,0.7197523222325736,0.059297473105737596,-0.6910412412615404,-0.030040093205606817,0.01403551912357973,0.0009686552604022614,0.0005556192326366869,0.014079872258424544,0.0001111420310999367,-0.007825274187332254,0.24638329159866168,0.9691408702311295,28.54188586877027
103284823294101,54.019613464,59452120,0.7825846374034882,0.006104230880737305,0.1880645751953125,-0.040078841149806976,-0.08523209765553474,0.20352041721343994,27.167064666748047,0,-0.08362570405006409,-0.020606279373168945,0.0454254150390625,-0.000682532787322998,0.001776035875082016,0.0005397796630859375,103284820833905,2.460,1422733,11856.108333333334,34,True,0.7637232542037964,1.1650729179382324,-5.215407371520996,0.7064077854156494,-0.11649651825428009,-0.6838606595993042,0.14053882658481598,1416250,0.7637673020362854,1.1645777225494385,-5.201920986175537,0.7197523222325736,0.059297473105737596,-0.6910412412615404,-0.030040093205606817,0.013428790415436861,0.001195702641165176,0.0006063262677984515,0.0134955455010474,-0.0013185948908933515,-0.008887416153587957,0.24339820400038903,0.9698848330760781,28.193970139405042
103284923477408,54.119796771,59552382,0.7070850431919098,0.1864398717880249,0.0597991943359375,-0.03917571157217026,-0.07865536585450172,0.20772552490234375,27.167064666748047,0,-0.08362570405006409,-0.020606279373168945,0.0454254150390625,-0.000682532787322998,0.001776035875082016,0.0005397796630859375,103284922805298,0.672,1422745,11856.208333333334,34,True,0.7638108730316162,1.1649121046066284,-5.215376853942871,0.706667423248291,-0.11746859550476074,-0.6839010119438171,0.13820898532867432,1416250,0.7637673020362854,1.1645777225494385,-5.201920986175537,0.7197523222325736,0.059297473105737596,-0.6910412412615404,-0.030040093205606817,0.013381458087547501,0.0013551154351763204,0.0005237640426173828,0.013460092390610938,0.0010246524877914331,-0.008569684082695428,0.24250444150831474,0.9701119040867103,28.08693910522163
103285023723728,54.220043091,59652482,0.6522168219089508,0.30093562602996826,-0.0231170654296875,-0.03129912540316582,-0.08114707842469215,0.2091313600540161,27.167064666748047,0,-0.08362570405006409,-0.020606279373168945,0.0454254150390625,-0.000682532787322998,0.001776035875082016,0.0005397796630859375,103285018605768,5.118,1422757,11856.308333333332,34,True,0.7638368010520935,1.164727807044983,-5.215353488922119,0.7071225643157959,-0.11695295572280884,-0.6836497783660889,0.1375596970319748,1416250,0.7637673020362854,1.1645777225494385,-5.201920986175537,0.7197523222325736,0.059297473105737596,-0.6910412412615404,-0.030040093205606817,0.013335898164341114,0.0015359958092415749,0.000504006478381583,0.013433520964584637,0.0011070809115906741,-0.008051325730334567,0.24170406901329772,0.9703159761378013,27.990406602619515
103285123930441,54.320249804,59752935,0.6700360476970673,0.40514612197875977,-0.06390380859375,-0.025222130119800568,-0.08523474261164665,0.2113257646560669,27.167064666748047,0,-0.08362570405006409,-0.020606279373168945,0.0454254150390625,-0.000682532787322998,0.001776035875082016,0.0005397796630859375,103285122518441,1.412,1422769,11856.408333333333,34,True,0.7638080716133118,1.1645649671554565,-5.215342998504639,0.706756055355072,-0.11814206838607788,-0.6834961175918579,0.13918134570121765,1416250,0.7637673020362854,1.1645777225494385,-5.201920986175537,0.7197523222325736,0.059297473105737596,-0.6910412412615404,-0.030040093205606817,0.013303750899157555,0.001694823753417489,0.0005385390227804316,0.013422080308992376,0.0007635196542495474,-0.008254439222679431,0.2436542059386042,0.9698267418458231,28.22128783517135
103285224138163,54.420457526,59853065,0.7564955055713654,0.44025087356567383,-0.1639556884765625,-0.013728074729442596,-0.09368434175848961,0.21608686447143555,27.167064666748047,0,-0.08362570405006409,-0.020606279373168945,0.0454254150390625,-0.000682532787322998,0.001776035875082016,0.0005397796630859375,103285219605591,4.533,1422781,11856.508333333333,34,True,0.7638736367225647,1.1644071340560913,-5.215469837188721,0.706165075302124,-0.11986374855041504,-0.6834933757781982,0.14071384072303772,1416250,0.7637673020362854,1.1645777225494385,-5.201920986175537,0.7197523222325736,0.059297473105737596,-0.6910412412615404,-0.030040093205606817,0.013411931699986997,0.0018700163015263386,0.00048466316542971266,0.013550342109224206,0.000867845332417766,-0.008700011232051053,0.24591728638769922,0.9692513837517859,28.490467171780253
103285324352007,54.520671370,59953158,0.6748676002025604,0.5293753147125244,-0.225555419921875,-0.0057367198169231415,-0.09725813940167427,0.21811580657958984,27.023958206176758,0,-0.08362570405006409,-0.020606279373168945,0.0454254150390625,-0.000682532787322998,0.001776035875082016,0.0005397796630859375,103285319051486,5.301,1422793,11856.608333333334,34,True,0.7635544538497925,1.164523959159851,-5.215453624725342,0.7078837156295776,-0.1174694076180458,-0.6814049482345581,0.14418350160121918,1416250,0.7637673020362854,1.1645777225494385,-5.201920986175537,0.7197523222325736,0.059297473105737596,-0.6910412412615404,-0.030040093205606817,0.013398590042163835,0.001738200525932778,0.000798088206834536,0.013534419122083268,-0.003459506054865848,-0.006286877703039871,0.24663080831524517,0.9690829434967743,28.568801277096046
103285424473044,54.620792407,60053464,0.795639306306839,0.46248745918273926,0.0839385986328125,-0.020290691405534744,-0.10299211367964745,0.21255171298980713,27.023958206176758,0,-0.08362570405006409,-0.020606279373168945,0.0454254150390625,-0.000682532787322998,0.001776035875082016,0.0005397796630859375,103285418794366,5.679,1422805,11856.708333333334,34,True,0.7638320326805115,1.164677381515503,-5.215618133544922,0.7058845162391663,-0.12145187705755234,-0.682982861995697,0.14321623742580414,1416250,0.7637673020362854,1.1645777225494385,-5.201920986175537,0.7197523222325736,0.059297473105737596,-0.6910412412615404,-0.030040093205606817,0.013591633936866684,0.0016188993416341904,0.0005221301296930448,0.01369766286723626,0.00014235763818347402,-0.008627124004298992,0.2487576353304493,0.9685273312253613,28.825714118594142
103285524716893,54.721036256,60153483,0.835913211107254,0.5517512559890747,-0.26141357421875,0.0012146607041358948,-0.09499001875519753,0.21468663215637207,27.023958206176758,0,-0.08362570405006409,-0.020606279373168945,0.0454254150390625,-0.000682532787322998,0.001776035875082016,0.0005397796630859375,103285519632441,5.084,1422817,11856.808333333332,34,True,0.7639503479003906,1.164476990699768,-5.215867519378662,0.7055362462997437,-0.12556175887584686,-0.6821979880332947,0.14511671662330627,1416250,0.7637673020362854,1.1645777225494385,-5.201920986175537,0.7197523222325736,0.059297473105737596,-0.6910412412615404,-0.030040093205606817,0.01381788199250495,0.0018539286556423851,0.00042252439073695545,0.013948098116939535,0.0015785020895511116,-0.008292109931475498,0.25298479778720623,0.9674334299230123,29.32509047530059
103285624932457,54.821251820,60253816,0.8970350325107574,0.47368955612182617,-0.2599334716796875,-0.004803359508514404,-0.08797699585556984,0.22007274627685547,27.023958206176758,0,-0.08362570405006409,-0.020606279373168945,0.0454254150390625,-0.000682532787322998,0.001776035875082016,0.0005397796630859375,103285619563350,5.369,1422829,11856.908333333333,34,True,0.7640486359596252,1.164743423461914,-5.2166829109191895,0.7045244574546814,-0.134170800447464,-0.6804818511009216,0.1502932757139206,1416250,0.7637673020362854,1.1645777225494385,-5.201920986175537,0.7197523222325736,0.059297473105737596,-0.6910412412615404,-0.030040093205606817,0.01466362203129632,0.0016962439229959974,0.0003492465934732933,0.014765535131043249,0.0037304959197275583,-0.007804444592159343,0.2626468378020629,0.9648532596397121,30.47126134143687
103285725200189,54.921519552,60354304,0.9970226585865021,0.2885112762451172,-0.214752197265625,-0.013822823762893677,-0.0835508368909359,0.23312854766845703,27.023958206176758,0,-0.08362570405006409,-0.020606279373168945,0.0454254150390625,-0.000682532787322998,0.001776035875082016,0.0005397796630859375,103285718680104,6.520,1422841,11857.008333333333,34,True,0.7640253305435181,1.1640305519104004,-5.2173380851745605,0.7031402587890625,-0.14130526781082153,-0.6790322065353394,0.1566583514213562,1416250,0.7637673020362854,1.1645777225494385,-5.201920986175537,0.7197523222325736,0.059297473105737596,-0.6910412412615404,-0.030040093205606817,0.01522169713763089,0.0024838197090950725,0.0004283595072016424,0.015428963541484554,0.0040350505691822275,-0.007880711358124848,0.2720548105103766,0.962241026372061,31.590304974293545
103285825392321,55.021711684,60454387,0.9029955565929413,0.6417747735977173,-0.217742919921875,-0.016496792435646057,-0.08271697536110878,0.2565513849258423,27.023958206176758,0,-0.08362570405006409,-0.020606279373168945,0.0454254150390625,-0.000682532787322998,0.001776035875082016,0.0005397796630859375,103285818500734,6.892,1422853,11857.108333333334,34,True,0.7640178799629211,1.1636853218078613,-5.218018531799316,0.7010794281959534,-0.1522454172372818,-0.6763824224472046,0.1667807400226593,1416250,0.7637673020362854,1.1645777225494385,-5.201920986175537,0.7197523222325736,0.059297473105737596,-0.6910412412615404,-0.030040093205606817,0.015852068040299507,0.002910862079959693,0.00047850212926191693,0.016124209856316695,0.0042143142460405875,-0.00766923080361942,0.28672218769705055,0.9579738042016253,33.33960889940827
103285925559904,55.121879267,60554478,0.9162909090518951,0.6916766166687012,-0.133880615234375,-0.023693695664405823,-0.0853259451687336,0.2782425880432129,27.023958206176758,0,-0.08362570405006409,-0.020606279373168945,0.0454254150390625,-0.000682532787322998,0.001776035875082016,0.0005397796630859375,103285918219321,7.341,1422865,11857.208333333334,34,True,0.7644105553627014,1.16330885887146,-5.2188720703125,0.6982349753379822,-0.17480114102363586,-0.6717352867126465,0.17516939342021942,1416250,0.7637673020362854,1.1645777225494385,-5.201920986175537,0.7197523222325736,0.059297473105737596,-0.6910412412615404,-0.030040093205606817,0.016665205365416956,0.003408073797329097,0.0001378637518356365,0.017010674392675718,0.013573380235670618,-0.006109927911987056,0.30844534225530085,0.9511255978948829,35.97437392260679
103286025718874,55.222038237,60654474,0.5856992304325104,0.8445805311203003,-0.3043060302734375,-0.03540637344121933,-0.06853381171822548,0.31978166103363037,27.023958206176758,0,-0.08362570405006409,-0.020606279373168945,0.0454254150390625,-0.000682532787322998,0.001776035875082016,0.0005397796630859375,103286017563811,8.155,1422877,11857.308333333332,34,True,0.76429682970047,1.163650393486023,-5.220268249511719,0.6960904598236084,-0.1893511414527893,-0.6652377247810364,0.19251760840415955,1416250,0.7637673020362854,1.1645777225494385,-5.201920986175537,0.7197523222325736,0.059297473105737596,-0.6910412412615404,-0.030040093205606817,0.018088114065386133,0.003239368773787591,0.0002983792405264737,0.018378313596905102,0.010820745672874277,-0.0035068635544630578,0.3305837323163132,0.9437081165799676,38.63217362179474
103286125946560,55.322265923,60754558,0.5356110036373138,1.0254013538360596,-0.4827117919921875,-0.0270862877368927,-0.05586991831660271,0.34779345989227295,27.023958206176758,0,-0.08362570405006409,-0.020606279373168945,0.0454254150390625,-0.000682532787322998,0.001776035875082016,0.0005397796630859375,103286118365587,7.581,1422889,11857.408333333333,34,True,0.7646715044975281,1.1633166074752808,-5.221451282501221,0.6908076405525208,-0.20585685968399048,-0.6624951958656311,0.203734889626503,1416250,0.7637673020362854,1.1645777225494385,-5.201920986175537,0.7197523222325736,0.059297473105737596,-0.6910412412615404,-0.030040093205606817,0.019232577137191186,0.0037347432149250886,-1.1733318248401581e-05,0.01959184697495862,0.01414928482844613,-0.005352891090673495,0.34981972301660935,0.936694883985387,40.99257339836173
103286226155882,55.422475245,60855074,0.6539506614208221,0.9239067435264587,-0.68182373046875,-0.015670210123062134,-0.058343540877103806,0.3658127784729004,27.023958206176758,0,-0.08362570405006409,-0.020606279373168945,0.0454254150390625,-0.000682532787322998,0.001776035875082016,0.0005397796630859375,103286218275709,7.880,1422901,11857.508333333333,34,True,0.7648106813430786,1.1637502908706665,-5.222708702087402,0.6873846054077148,-0.2198493331670761,-0.65883469581604,0.21238085627555847,1416250,0.7637673020362854,1.1645777225494385,-5.201920986175537,0.7197523222325736,0.059297473105737596,-0.6910412412615404,-0.030040093205606817,0.020539222511951092,0.0034684190049737275,-0.00011324576722014374,0.02083032444282361,0.01748147566424116,-0.005176044706041938,0.36555260442440557,0.9306121103705537,42.939132653370166
103286327805848,55.524125211,60955384,0.7955409586429596,0.8272069096565247,-0.55419921875,-0.028234295547008514,-0.06076313927769661,0.3912316560745239,27.167064666748047,0,-0.08362570405006409,-0.020606279373168945,0.0454254150390625,-0.000682532787322998,0.001776035875082016,0.0005397796630859375,103286327554090,0.252,1422914,11857.616666666667,34,True,0.7647595405578613,1.1629301309585571,-5.223905563354492,0.6838394403457642,-0.23556187748908997,-0.6529058814048767,0.2249182164669037,1416250,0.7637673020362854,1.1645777225494385,-5.201920986175537,0.7197523222325736,0.059297473105737596,-0.6910412412615404,-0.030040093205606817,0.021619547651200267,0.004428932199184854,2.11661044891596e-05,0.02206854614766171,0.01907063132695,-0.0036300496654539938,0.3851372622600413,0.9226550942681985,45.36524380257526
103286427928901,55.624248264,61057356,0.8899053633213043,0.896846354007721,-0.7808074951171875,-0.02332114428281784,-0.058363575488328934,0.4098881483078003,27.167064666748047,0,-0.08362570405006409,-0.020606279373168945,0.0454254150390625,-0.000682532787322998,0.001776035875082016,0.0005397796630859375,103286427085824,0.843,1422926,11857.716666666667,34,True,0.7648687958717346,1.1623682975769043,-5.225229740142822,0.6790400147438049,-0.24709273874759674,-0.6483383178710938,0.23980680108070374,1416250,0.7637673020362854,1.1645777225494385,-5.201920986175537,0.7197523222325736,0.059297473105737596,-0.6910412412615404,-0.030040093205606817,0.022864920563089988,0.005156373189044443,-9.058979540435682e-06,0.02343913093282731,0.016196169240687536,-0.004195603577800688,0.4033034545607289,0.9149133317161398,47.61315599234127
103286528152297,55.724471660,61157138,1.009282499551773,1.1255987882614136,-0.679443359375,-0.036098867654800415,-0.05698099359869957,0.4331926107406616,27.167064666748047,0,-0.08362570405006409,-0.020606279373168945,0.0454254150390625,-0.000682532787322998,0.001776035875082016,0.0005397796630859375,103286527786615,0.366,1422938,11857.816666666666,34,True,0.764967143535614,1.1614502668380737,-5.225895404815674,0.6763914227485657,-0.2581149637699127,-0.6435055136680603,0.2485400289297104,1416250,0.7637673020362854,1.1645777225494385,-5.201920986175537,0.7197523222325736,0.059297473105737596,-0.6910412412615404,-0.030040093205606817,0.023411973389684124,0.006153941902968498,-4.3000444243349424e-05,0.024207299477277393,0.017320209880925478,-0.0027342173382561845,0.4169694842451365,0.9087513321000266,49.33327755944027
103286628215318,55.824534681,61257332,1.1307436525821686,1.3135011196136475,-0.6385345458984375,-0.04182979464530945,-0.05844603106379509,0.45202207565307617,27.167064666748047,0,-0.08362570405006409,-0.020606279373168945,0.0454254150390625,-0.000682532787322998,0.001776035875082016,0.0005397796630859375,103286626153387,2.062,1422950,11857.916666666666,34,True,0.7649275064468384,1.1614181995391846,-5.226365089416504,0.6713171005249023,-0.26761218905448914,-0.6407594084739685,0.2591225206851959,1416250,0.7637673020362854,1.1645777225494385,-5.201920986175537,0.7197523222325736,0.059297473105737596,-0.6910412412615404,-0.030040093205606817,0.02387195165774891,0.00624279111696135,1.8063823561457332e-05,0.02467474099522899,0.016256008543973965,-0.004606485336879407,0.430734715722961,0.9023204126861586,51.07045697245717
103286728314785,55.924634148,61357061,0.9805137813091278,1.425270915031433,-0.787872314453125,-0.048535723239183426,-0.04882175102829933,0.47593069076538086,27.167064666748047,0,-0.08362570405006409,-0.020606279373168945,0.0454254150390625,-0.000682532787322998,0.001776035875082016,0.0005397796630859375,103286727275058,1.040,1422962,11858.016666666666,34,True,0.7649757862091064,1.1605204343795776,-5.226651191711426,0.6684422492980957,-0.2756551206111908,-0.6374334692955017,0.2662290930747986,1416250,0.7637673020362854,1.1645777225494385,-5.201920986175537,0.7197523222325736,0.059297473105737596,-0.6910412412615404,-0.030040093205606817,0.024043458432346128,0.007170558295534563,1.6955203768219884e-05,0.025089939958807202,0.01658817405768639,-0.004379064783227248,0.44116416151271765,0.8972624136058731,52.39895039956909
103286828404272,56.024723635,61457470,0.9630329310894012,1.8672250509262085,-0.726959228515625,-0.04821832478046417,-0.050688501447439194,0.4945148229598999,27.167064666748047,0,-0.08362570405006409,-0.020606279373168945,0.0454254150390625,-0.000682532787322998,0.001776035875082016,0.0005397796630859375,103286825670409,2.734,1422974,11858.116666666667,34,True,0.7649563550949097,1.1604653596878052,-5.226944446563721,0.665710985660553,-0.28108349442481995,-0.6350024938583374,0.27311673760414124,1416250,0.7637673020362854,1.1645777225494385,-5.201920986175537,0.7197523222325736,0.059297473105737596,-0.6910412412615404,-0.030040093205606817,0.024326407039890537,0.007261008984563224,5.11305839445838e-05,0.025386983776749812,0.015319904252752647,-0.004762131836403616,0.44959594804234015,0.8930879610306974,53.47223829069436
103286928494480,56.124813843,61557407,0.9714854657649994,1.8370469808578491,-0.663177490234375,-0.05553058534860611,-0.04478832706809044,0.5033695697784424,27.167064666748047,0,-0.08362570405006409,-0.020606279373168945,0.0454254150390625,-0.000682532787322998,0.001776035875082016,0.0005397796630859375,103286926099357,2.395,1422986,11858.216666666667,34,True,0.765002429485321,1.1604022979736328,-5.226840019226074,0.6648091673851013,-0.2829258143901825,-0.6342914700508118,0.27505648136138916,1416250,0.7637673020362854,1.1645777225494385,-5.201920986175537,0.7197523222325736,0.059297473105737596,-0.6910412412615404,-0.030040093205606817,0.024216644000309484,0.007312459388096786,3.0719820898457515e-06,0.02529659894881848,0.015181816924046299,-0.00493324282446389,0.4521875668051467,0.8917800064909287,53.80443804222397
103287028595538,56.224914901,61657497,0.914557009935379,1.9527586698532104,-0.8771514892578125,-0.05395793914794922,-0.04373488202691078,0.509300708770752,27.167064666748047,0,-0.08362570405006409,-0.020606279373168945,0.0454254150390625,-0.000682532787322998,0.001776035875082016,0.0005397796630859375,103287025069646,3.526,1422998,11858.316666666666,34,True,0.7649586200714111,1.1604987382888794,-5.226945877075195,0.6646748781204224,-0.2831535339355469,-0.6343181133270264,0.2750854194164276,1416250,0.7637673020362854,1.1645777225494385,-5.201920986175537,0.7197523222325736,0.059297473105737596,-0.6910412412615404,-0.030040093205606817,0.024332145751178934,0.007228203751295105,4.7638971956445036e-05,0.025383114777318028,0.015323965527506062,-0.005040093811191915,0.4523642824455807,0.891687349636845,53.827899419275916
103287128710195,56.325029558,61757498,0.8570419251918793,1.9549486637115479,-0.72802734375,-0.05094945430755615,-0.04726090654730797,0.5045861005783081,27.167064666748047,0,-0.08362570405006409,-0.020606279373168945,0.0454254150390625,-0.000682532787322998,0.001776035875082016,0.0005397796630859375,103287126988454,1.722,1423010,11858.416666666666,34,True,0.7649527788162231,1.1605336666107178,-5.226826190948486,0.6649860143661499,-0.28257641196250916,-0.6342886090278625,0.2749950885772705,1416250,0.7637673020362854,1.1645777225494385,-5.201920986175537,0.7197523222325736,0.059297473105737596,-0.6910412412615404,-0.030040093205606817,0.024217723785536983,0.007178343684433186,4.695752762771911e-05,0.02525923530936371,0.014979069506240172,-0.00481583024022747,0.4519040177567728,0.8919277964000848,53.766996975901726
103287228838524,56.425157887,61857813,0.8051498234272003,1.9479671716690063,-0.6060638427734375,-0.05790239945054054,-0.04769424721598625,0.5018062591552734,27.167064666748047,0,-0.08362570405006409,-0.020606279373168945,0.0454254150390625,-0.000682532787322998,0.001776035875082016,0.0005397796630859375,103287228527230,0.311,1423022,11858.516666666666,34,True,0.7649142742156982,1.1604282855987549,-5.2267351150512695,0.6664490699768066,-0.27982762455940247,-0.635024905204773,0.2725536525249481,1416250,0.7637673020362854,1.1645777225494385,-5.201920986175537,0.7197523222325736,0.059297473105737596,-0.6910412412615404,-0.030040093205606817,0.024112620444263898,0.007269702924073994,8.554972869524941e-05,0.025184804228929457,0.014836484839259308,-0.004272552629232928,0.44834735321791175,0.8937260625460901,53.30947496146306
103287329154938,56.525474301,61958053,0.8835658133029938,1.749779462814331,-0.7039947509765625,-0.04732031747698784,-0.04584343358874321,0.4862607717514038,27.167064666748047,0,-0.08362570405006409,-0.020606279373168945,0.0454254150390625,-0.000682532787322998,0.001776035875082016,0.0005397796630859375,103287327404323,1.751,1423034,11858.616666666667,34,True,0.7649797797203064,1.1605117321014404,-5.226573467254639,0.6694910526275635,-0.2736271619796753,-0.6378072500228882,0.26478642225265503,1416250,0.7637673020362854,1.1645777225494385,-5.201920986175537,0.7197523222325736,0.059297473105737596,-0.6910412412615404,-0.030040093205606817,0.023965465583133908,0.007169627892517776,9.953862373967204e-06,0.025014939612418033,0.016215795728293316,-0.0038987015620754453,0.4387810333071542,0.8984392316149903,52.0926728224638
103287429284304,56.625603667,62058355,1.0577018558979034,1.52467942237854,-0.923187255859375,-0.026390008628368378,-0.04340444877743721,0.4608820676803589,27.167064666748047,0,-0.08362570405006409,-0.020606279373168945,0.0454254150390625,-0.000682532787322998,0.001776035875082016,0.0005397796630859375,103287427323604,1.961,1423046,11858.716666666667,34,True,0.7649350166320801,1.160936713218689,-5.225985527038574,0.6719619035720825,-0.2670224905014038,-0.6406787633895874,0.25825780630111694,1416250,0.7637673020362854,1.1645777225494385,-5.201920986175537,0.7197523222325736,0.059297473105737596,-0.6910412412615404,-0.030040093205606817,0.023434926620206367,0.006672831688674865,1.2838721873026891e-05,0.024366424302154382,0.01644672948643086,-0.004069294279013536,0.42974850608188164,0.9027896584773565,50.94557348910752
103287529485687,56.725805050,62158396,0.9543203413486481,1.5506596565246582,-0.98553466796875,-0.020377684384584427,-0.034744177013635635,0.44322144985198975,27.167064666748047,0,-0.08362570405006409,-0.020606279373168945,0.0454254150390625,-0.000682532787322998,0.001776035875082016,0.0005397796630859375,103287527079979,2.406,1423058,11858.816666666666,34,True,0.7649461627006531,1.1611069440841675,-5.22551965713501,0.6766166090965271,-0.2574397027492523,-0.6435357928276062,0.24854889512062073,1416250,0.7637673020362854,1.1645777225494385,-5.201920986175537,0.7197523222325736,0.059297473105737596,-0.6910412412615404,-0.030040093205606817,0.022995179649434247,0.006446268396863861,-2.4966382992023693e-05,0.023881651673919885,0.01684222675839786,-0.0026212085385253214,0.4165038691547586,0.9089741446502931,49.272062677194846
103287629605144,56.825924507,62258587,1.3527489006519318,1.344372034072876,-0.9605712890625,-0.0123167484998703,-0.03896345570683479,0.40492403507232666,27.167064666748047,0,-0.08362570405006409,-0.020606279373168945,0.0454254150390625,-0.000682532787322998,0.001776035875082016,0.0005397796630859375,103287626672030,2.933,1423070,11858.916666666666,34,True,0.7649546265602112,1.161374568939209,-5.2241621017456055,0.6822509169578552,-0.23794706165790558,-0.6517489552497864,0.23051725327968597,1416250,0.7637673020362854,1.1645777225494385,-5.201920986175537,0.7197523222325736,0.059297473105737596,-0.6910412412615404,-0.030040093205606817,0.021683854365112075,0.006011417997902302,-0.00010231277576888838,0.022501936680583277,0.016668089302377564,-0.0041554422169692296,0.39059422938941624,0.9204026592023068,46.029961761736146
103287730693331,56.927012694,62358728,1.4159682095050812,1.1056807041168213,-0.7910003662109375,-0.00856691226363182,-0.03590969368815422,0.3608438968658447,27.167064666748047,0,-0.08362570405006409,-0.020606279373168945,0.0454254150390625,-0.000682532787322998,0.001776035875082016,0.0005397796630859375,103287730454293,0.239,1423082,11859.016666666666,34,True,0.7647203803062439,1.162198543548584,-5.222905158996582,0.6887348890304565,-0.21816866099834442,-0.6574344635009766,0.21407148241996765,1416250,0.7637673020362854,1.1645777225494385,-5.201920986175537,0.7197523222325736,0.059297473105737596,-0.6910412412615404,-0.030040093205606817,0.02053364701120021,0.005027090123107763,4.544451381277635e-05,0.021140112579886006,0.014979637972325877,-0.0033858602901158386,0.3655492571111596,0.930665292692165,42.9224789503162
103287830793592,57.027112955,62459817,1.3334725201129913,0.7331128120422363,-1.0240020751953125,0.0018777400255203247,-0.0353141725063324,0.3179323673248291,27.167064666748047,0,-0.08362570405006409,-0.020606279373168945,0.0454254150390625,-0.000682532787322998,0.001776035875082016,0.0005397796630859375,103287826740091,4.054,1423094,11859.116666666667,34,True,0.764658510684967,1.1633212566375732,-5.22110652923584,0.6921860575675964,-0.2007322460412979,-0.6642899513244629,0.19825217127799988,1416250,0.7637673020362854,1.1645777225494385,-5.201920986175537,0.7197523222325736,0.059297473105737596,-0.6910412412615404,-0.030040093205606817,0.018890957120477562,0.003686403451409067,-1.3806795871765189e-05,0.019247286093418334,0.014619181377490645,-0.005520960011505094,0.34247813682415684,0.939395829421154,40.09931971623818
103287931031002,57.127350365,62559740,0.9901917278766632,0.4047205448150635,-1.13739013671875,0.0009282752871513367,-0.033987272530794144,0.28882384300231934,27.167064666748047,0,-0.08362570405006409,-0.020606279373168945,0.0454254150390625,-0.000682532787322998,0.001776035875082016,0.0005397796630859375,103287927180299,3.851,1423106,11859.216666666667,34,True,0.7644267678260803,1.1638096570968628,-5.2201738357543945,0.6964402198791504,-0.18241539597511292,-0.6697986721992493,0.18183930218219757,1416250,0.7637673020362854,1.1645777225494385,-5.201920986175537,0.7197523222325736,0.059297473105737596,-0.6910412412615404,-0.030040093205606817,0.018019662106858573,0.0030753889318200145,0.00015842313098143608,0.01828090089179813,0.013973540229176296,-0.0061230709092754965,0.3183702978816902,0.9478436588398044,37.17295609461173
103288031148892,57.227468255,62660091,0.9286119043827057,0.2557178735733032,-0.9142303466796875,-0.00679507851600647,-0.037163786590099335,0.25913143157958984,27.167064666748047,0,-0.08362570405006409,-0.020606279373168945,0.0454254150390625,-0.000682532787322998,0.001776035875082016,0.0005397796630859375,103288027698909,3.450,1423118,11859.316666666666,34,True,0.7642783522605896,1.164039134979248,-5.218811988830566,0.698478102684021,-0.164435014128685,-0.6763669848442078,0.16618464887142181,1416250,0.7637673020362854,1.1645777225494385,-5.201920986175537,0.7197523222325736,0.059297473105737596,-0.6910412412615404,-0.030040093205606817,0.01669329869230827,0.002670933339902078,0.00023898422104886641,0.01690731260711565,0.01314409399842291,-0.009054218779256773,0.2949290180884932,0.9553858530481887,34.35832107465441
103288131270558,57.327589921,62760290,0.9176740348339081,0.12612688541412354,-0.7967376708984375,-0.01326337456703186,-0.041312139481306076,0.23217594623565674,27.167064666748047,0,-0.08362570405006409,-0.020606279373168945,0.0454254150390625,-0.000682532787322998,0.001776035875082016,0.0005397796630859375,103288126106000,5.165,1423130,11859.416666666666,34,True,0.7639157176017761,1.165307641029358,-5.216702461242676,0.7018247842788696,-0.13687965273857117,-0.6818031668663025,0.15443609654903412,1416250,0.7637673020362854,1.1645777225494385,-5.201920986175537,0.7197523222325736,0.059297473105737596,-0.6910412412615404,-0.030040093205606817,0.014749549872810103,0.0011336328080056351,0.00046094309187885707,0.014800230178205002,0.002780068835659052,-0.010785334617281315,0.26733900889579226,0.9635381684692506,31.039547001545113
103288231390016,57.427709379,62860294,0.754433661699295,-0.14815270900726318,-0.782073974609375,-0.012901797890663147,-0.04606769606471062,0.20076608657836914,27.167064666748047,0,-0.08362570405006409,-0.020606279373168945,0.0454254150390625,-0.000682532787322998,0.001776035875082016,0.0005397796630859375,103288226125341,5.265,1423142,11859.516666666666,34,True,0.7638755440711975,1.1667859554290771,-5.214995384216309,0.7070963978767395,-0.12422752380371094,-0.6849019527435303,0.12446563690900803,1416250,0.7637673020362854,1.1645777225494385,-5.201920986175537,0.7197523222325736,0.059297473105737596,-0.6910412412615404,-0.030040093205606817,0.01324354622941559,-0.0005470993615909682,0.00037021409379886196,0.01326001104514504,0.015633623116158832,-0.007975689181199785,0.23792746449534902,0.9711243482938534,27.604770747488956
103288331514385,57.527833748,62960508,0.34280064702033997,-0.28695428371429443,-0.6033172607421875,-0.020718123763799667,-0.046710651367902756,0.17950546741485596,27.167064666748047,0,-0.08362570405006409,-0.020606279373168945,0.0454254150390625,-0.000682532787322998,0.001776035875082016,0.0005397796630859375,103288327725478,3.789,1423154,11859.616666666667,34,True,0.763724148273468,1.1667207479476929,-5.213265419006348,0.7074285745620728,-0.10374324023723602,-0.6886191964149475,0.12077208608388901,1416250,0.7637673020362854,1.1645777225494385,-5.201920986175537,0.7197523222325736,0.059297473105737596,-0.6910412412615404,-0.030040093205606817,0.011514804320443961,-0.0007056916892174583,0.00044928505342980567,0.011545153803981172,0.0043470257400210766,-0.01081796763412507,0.22076282634779917,0.9752578374186051,25.5438286659691
103288431638957,57.627958320,63060628,0.1803455948829651,-0.23545408248901367,-0.568389892578125,-0.02231873944401741,-0.050030652433633804,0.16899430751800537,27.167064666748047,0,-0.08362570405006409,-0.020606279373168945,0.0454254150390625,-0.000682532787322998,0.001776035875082016,0.0005397796630859375,103288427271853,4.367,1423166,11859.716666666667,34,True,0.7639201879501343,1.1668034791946411,-5.2123188972473145,0.7093462944030762,-0.0966058298945427,-0.6910219192504883,0.09992024302482605,1416250,0.7637673020362854,1.1645777225494385,-5.201920986175537,0.7197523222325736,0.059297473105737596,-0.6910412412615404,-0.030040093205606817,0.01059454212822053,-0.0008975987737473898,0.00020955891208581916,0.010634562586345854,0.014507809073668597,-0.010200056096834666,0.2014020647509522,0.9793480947270775,23.32909821693481
103288531878858,57.728198221,63160907,0.10616912320256233,-0.2571209669113159,-0.5480194091796875,-0.015175431966781616,-0.055134017020463943,0.15260910987854004,27.167064666748047,0,-0.08362570405006409,-0.020606279373168945,0.0454254150390625,-0.000682532787322998,0.001776035875082016,0.0005397796630859375,103288527262812,4.616,1423178,11859.816666666666,34,True,0.7630901336669922,1.1665245294570923,-5.2112040519714355,0.7099730372428894,-0.06854762881994247,-0.6936907768249512,0.10016322880983353,1416250,0.7637673020362854,1.1645777225494385,-5.201920986175537,0.7197523222325736,0.059297473105737596,-0.6910412412615404,-0.030040093205606817,0.009422669275858995,-0.0007970797829798025,0.0010009456750429153,0.009509149525958634,-0.004917023921851123,-0.012545147460952144,0.18149237446708422,0.9833000356764128,20.97160399884564
103288632159936,57.828479299,63261068,0.17674951255321503,-0.15699350833892822,-0.5894317626953125,-0.004040531814098358,-0.056368548423051834,0.12877929210662842,27.167064666748047,0,-0.08362570405006409,-0.020606279373168945,0.0454254150390625,-0.000682532787322998,0.001776035875082016,0.0005397796630859375,103288627168211,4.992,1423190,11859.916666666666,34,True,0.7637792825698853,1.1681267023086548,-5.209922790527344,0.7132720947265625,-0.07217425853013992,-0.6929503083229065,0.07651013880968094,1416250,0.7637673020362854,1.1645777225494385,-5.201920986175537,0.7197523222325736,0.059297473105737596,-0.6910412412615404,-0.030040093205606817,0.008382081669658757,-0.0025152907737452743,0.00019568585995586888,0.008753529216784742,0.014470480201093587,-0.008220895796792416,0.1679307647704555,0.9856582979504906,19.430697355204853
103288732282689,57.928602052,63361415,0.16768982261419296,-0.181280255317688,-1.336029052734375,0.03324764966964722,-0.06118187680840492,0.12207555770874023,27.167064666748047,0,-0.08362570405006409,-0.020606279373168945,0.0454254150390625,-0.000682532787322998,0.001776035875082016,0.0005397796630859375,103288728402341,3.880,1423202,11860.016666666666,34,True,0.7629165649414062,1.1671708822250366,-5.209260940551758,0.7116802334785461,-0.0458049438893795,-0.6961966753005981,0.0819968432188034,1416250,0.7637673020362854,1.1645777225494385,-5.201920986175537,0.7197523222325736,0.059297473105737596,-0.6910412412615404,-0.030040093205606817,0.007572098394066232,-0.0016886014833957497,0.0010654163006104328,0.007830910608144698,-0.007460549433084489,-0.01277500177757046,0.15274605683308196,0.9881547356834781,17.65507766466442
103288832433174,58.028752537,63461412,0.1947179213166237,0.06437337398529053,-1.0455780029296875,0.03533545881509781,-0.06752396002411842,0.10093498229980469,27.167064666748047,0,-0.08362570405006409,-0.020606279373168945,0.0454254150390625,-0.000682532787322998,0.001776035875082016,0.0005397796630859375,103288827524961,4.908,1423214,11860.116666666667,34,True,0.763663113117218,1.167351484298706,-5.208000659942627,0.7142025232315063,-0.05034306272864342,-0.6958332061767578,0.056537553668022156,1416250,0.7637673020362854,1.1645777225494385,-5.201920986175537,0.7197523222325736,0.059297473105737596,-0.6910412412615404,-0.030040093205606817,0.0063741173700239025,-0.001992661212643863,0.0002587889711348663,0.0066833406831312125,0.013902537377835797,-0.00912439157406969,0.13855761588804782,0.9902147504517801,16.0438412389471
103288932608860,58.128928223,63561354,-0.007207393646240234,0.04929971694946289,-1.611572265625,0.04887981712818146,-0.05165024474263191,0.09529829025268555,27.167064666748047,0,-0.08362570405006409,-0.020606279373168945,0.0454254150390625,-0.000682532787322998,0.001776035875082016,0.0005397796630859375,103288928877323,3.732,1423226,11860.216666666667,34,True,0.7631268501281738,1.1670211553573608,-5.207597732543945,0.7141726613044739,-0.0352725051343441,-0.6963407397270203,0.06182869151234627,1416250,0.7637673020362854,1.1645777225494385,-5.201920986175537,0.7197523222325736,0.059297473105737596,-0.6910412412615404,-0.030040093205606817,0.005912506979608785,-0.0017392070547420234,0.0007895643745026977,0.006213372020462871,-0.0002891555971044242,-0.010276798214250926,0.1313804212195497,0.9912787139486443,15.145165771863434
103289032724599,58.229043962,63661581,-0.12124130129814148,0.20367920398712158,-2.525482177734375,0.07735925167798996,-0.017782997339963913,0.08885347843170166,27.167064666748047,0,-0.08362570405006409,-0.020606279373168945,0.0454254150390625,-0.000682532787322998,0.001776035875082016,0.0005397796630859375,103289026221760,6.503,1423238,11860.316666666666,34,True,0.7626672387123108,1.1676759719848633,-5.207345008850098,0.715911328792572,-0.020370105281472206,-0.6954073309898376,0.0588616207242012,1416250,0.7637673020362854,1.1645777225494385,-5.201920986175537,0.7197523222325736,0.059297473105737596,-0.6910412412615404,-0.030040093205606817,0.005727674314672192,-0.0024400270216885685,0.001212157553078479,0.006342658027594674,-0.008559350827060282,-0.008675213526809666,0.11867907074812983,0.9928578731873179,13.703775200322811
103289132849917,58.329169280,63761638,0.209279403090477,-0.0245208740234375,-3.2093658447265625,0.09581343084573746,-0.000688435509800911,0.06856608390808105,27.167064666748047,0,-0.08362570405006409,-0.020606279373168945,0.0454254150390625,-0.000682532787322998,0.001776035875082016,0.0005397796630859375,103289128974588,3.875,1423250,11860.416666666666,34,True,0.7629061937332153,1.1675193309783936,-5.207508563995361,0.7159538865089417,-0.017828045412898064,-0.6962327361106873,0.04849906638264656,1416250,0.7637673020362854,1.1645777225494385,-5.201920986175537,0.7197523222325736,0.059297473105737596,-0.6910412412615404,-0.030040093205606817,0.0058789695434480265,-0.0022538176416525154,0.0009867201715247176,0.00637303644674243,-0.002809880575751088,-0.008701782196943952,0.10971578533456505,0.9939209375026601,12.641720503707521
103289233071432,58.429390795,63862122,0.537223607301712,-0.006193399429321289,-3.4569091796875,0.10796529799699783,0.0055046696215868,0.045110344886779785,27.167064666748047,0,-0.08362570405006409,-0.020606279373168945,0.0454254150390625,-0.000682532787322998,0.001776035875082016,0.0005397796630859375,103289227217176,5.854,1423262,11860.516666666666,34,True,0.7628892660140991,1.1684598922729492,-5.207207679748535,0.7160418033599854,-0.01396629773080349,-0.6965941786766052,0.04296136274933815,1416250,0.7637673020362854,1.1645777225494385,-5.201920986175537,0.7197523222325736,0.059297473105737596,-0.6910412412615404,-0.030040093205606817,0.005699428799532211,-0.0032244789031345943,0.0009542353564408551,0.006617500884259787,-0.0014739407848323761,-0.008688812316189731,0.10312556971396644,0.9946293022580155,11.88167161740593
103289333319853,58.529639216,63962167,0.47516658902168274,-0.06423485279083252,-4.10394287109375,0.1552569568157196,0.011256596073508263,0.04687809944152832,27.3094539642334,0,-0.08362570405006409,-0.020606279373168945,0.0454254150390625,-0.000682532787322998,0.001776035875082016,0.0005397796630859375,103289328997539,4.322,1423274,11860.616666666667,34,True,0.7628340125083923,1.1683306694030762,-5.207284927368164,0.7166458368301392,-0.01335987076163292,-0.6960412859916687,0.042033225297927856,1416250,0.7637673020362854,1.1645777225494385,-5.201920986175537,0.7197523222325736,0.059297473105737596,-0.6910412412615404,-0.030040093205606817,0.0057575071741941385,-0.003089149216666127,0.0010177292387164234,0.006612677562611399,-0.0012759081386475163,-0.007836635596729591,0.10206692225449335,0.9947458482358402,11.751932003346473
103289433442198,58.629761561,64062439,0.6232003271579742,0.008187294006347656,-4.4922637939453125,0.17508384585380554,0.01969485729932785,0.04664969444274902,27.3094539642334,0,-0.08362570405006409,-0.020606279373168945,0.0454254150390625,-0.000682532787322998,0.001776035875082016,0.0005397796630859375,103289429111696,4.331,1423286,11860.716666666667,34,True,0.7629820108413696,1.1690417528152466,-5.207590579986572,0.7173121571540833,-0.012506269849836826,-0.6954521536827087,0.040661051869392395,1416250,0.7637673020362854,1.1645777225494385,-5.201920986175537,0.7197523222325736,0.059297473105737596,-0.6910412412615404,-0.030040093205606817,0.0061562962984613835,-0.0037491934903317045,0.0008556322309241557,0.007258687378375736,-0.0009331068727773031,-0.006896426740118977,0.10052611850501715,0.9949100804133495,11.566646662144983
103289533567642,58.729887005,64162519,1.0757053196430206,-0.39517223834991455,-4.52264404296875,0.18313726782798767,0.010614078491926193,0.03701353073120117,27.3094539642334,0,-0.08362570405006409,-0.020606279373168945,0.0454254150390625,-0.000682532787322998,0.001776035875082016,0.0005397796630859375,103289531507936,2.060,1423298,11860.816666666666,34,True,0.7631072402000427,1.169136881828308,-5.20802640914917,0.7175579071044922,-0.012117886915802956,-0.6952505707740784,0.039881862699985504,1416250,0.7637673020362854,1.1645777225494385,-5.201920986175537,0.7197523222325736,0.059297473105737596,-0.6910412412615404,-0.030040093205606817,0.006605102571400418,-0.0037834271973494907,0.0007457233457296411,0.0076483857541791425,-0.000660008028045153,-0.006546976906269651,0.0997166461955043,0.9949941165425615,11.470684339626395
103289633774749,58.830094112,64262702,1.277001291513443,-0.3462735414505005,-4.657958984375,0.2027600109577179,0.011338612996041775,0.027862906455993652,27.3094539642334,0,-0.08362570405006409,-0.020606279373168945,0.0454254150390625,-0.000682532787322998,0.001776035875082016,0.0005397796630859375,103289627509934,6.265,1423310,11860.916666666666,34,True,0.7644973993301392,1.168578863143921,-5.2082624435424805,0.7298842072486877,-0.022549735382199287,-0.6823019981384277,0.03499305993318558,1416250,0.7637673020362854,1.1645777225494385,-5.201920986175537,0.7197523222325736,0.059297473105737596,-0.6910412412615404,-0.030040093205606817,0.006820934279510995,-0.0031398429624654076,-0.0006103207170957254,0.007533674379216822,0.008929455849870711,0.011894037186659434,0.1041885779209131,0.9944463469330287,12.082538769903397
103289733970045,58.930289408,64362892,1.273343712091446,-0.3833829164505005,-4.416961669921875,0.1791173219680786,0.014531034976243973,0.02779674530029297,27.3094539642334,0,-0.08362570405006409,-0.020606279373168945,0.0454254150390625,-0.000682532787322998,0.001776035875082016,0.0005397796630859375,103289727423783,6.546,1423322,11861.016666666666,34,True,0.763968825340271,1.1691226959228516,-5.208287239074707,0.723517656326294,-0.02090947888791561,-0.6891008615493774,0.03499980643391609,1416250,0.7637673020362854,1.1645777225494385,-5.201920986175537,0.7197523222325736,0.059297473105737596,-0.6910412412615404,-0.030040093205606817,0.006894482749799362,-0.0036989387283314855,-0.00010261812725413053,0.007824740927549784,0.008385522304698386,0.002551316577509621,0.10283937910209796,0.9946593567173103,11.848350288377958
103289834139916,59.030459279,64463142,1.2185701429843903,-0.37488114833831787,-4.0686798095703125,0.1600426733493805,0.013771839439868927,0.0257340669631958,27.3094539642334,0,-0.08362570405006409,-0.020606279373168945,0.0454254150390625,-0.000682532787322998,0.001776035875082016,0.0005397796630859375,103289825866211,8.274,1423334,11861.116666666667,34,True,0.7639345526695251,1.1689826250076294,-5.208200931549072,0.72398841381073,-0.022937072440981865,-0.6885275840759277,0.035277001559734344,1416250,0.7637673020362854,1.1645777225494385,-5.201920986175537,0.7197523222325736,0.059297473105737596,-0.6910412412615404,-0.030040093205606817,0.006789864800277259,-0.00357241362929609,-6.670225076059466e-05,0.007672604012659661,0.009539025525384598,0.0033337192658250974,0.10450098864729179,0.9944734469454785,12.052996023495481
103289934214183,59.130533546,64562994,1.2135170996189117,-0.2845226526260376,-4.3345794677734375,0.17445719242095947,0.018092243000864983,0.0325770378112793,27.3094539642334,0,-0.08362570405006409,-0.020606279373168945,0.0454254150390625,-0.000682532787322998,0.001776035875082016,0.0005397796630859375,103289933827564,0.387,1423347,11861.225,34,True,0.7641518115997314,1.1685539484024048,-5.208060264587402,0.7247069478034973,-0.019926642999053,-0.6882996559143066,0.025423042476177216,1416250,0.7637673020362854,1.1645777225494385,-5.201920986175537,0.7197523222325736,0.059297473105737596,-0.6910412412615404,-0.030040093205606817,0.006604279631406114,-0.0031556115129156457,-0.0002730669996945649,0.007324544972663738,0.014516004482771032,0.004488189108019347,0.09556049598315923,0.9953076576515623,11.105354817124185
103290034327395,59.230646758,64663081,1.1086751520633698,-0.3298138380050659,-3.7654571533203125,0.14249631762504578,0.014026876538991928,0.013588905334472656,27.3094539642334,0,-0.08362570405006409,-0.020606279373168945,0.0454254150390625,-0.000682532787322998,0.001776035875082016,0.0005397796630859375,103290027238354,7.089,1423358,11861.316666666666,34,True,0.7643926739692688,1.169205904006958,-5.206719875335693,0.7240157723426819,-0.01030933577567339,-0.6894459128379822,0.018953245133161545,1416250,0.7637673020362854,1.1645777225494385,-5.201920986175537,0.7197523222325736,0.059297473105737596,-0.6910412412615404,-0.030040093205606817,0.005367537969394882,-0.003959058502559683,-0.0005965590919350203,0.006696304266515686,0.012615433099950708,0.0032802750360570454,0.08416096712152529,0.9963669114621171,9.770958984999716
103290134427952,59.330747315,64763438,1.0519217550754547,0.0009570121765136719,-4.1010284423828125,0.1592450737953186,0.015798859298229218,0.014103293418884277,27.3094539642334,0,-0.08362570405006409,-0.020606279373168945,0.0454254150390625,-0.000682532787322998,0.001776035875082016,0.0005397796630859375,103290130138842,4.289,1423370,11861.416666666666,34,True,0.7639643549919128,1.1692084074020386,-5.205696105957031,0.720758318901062,0.011768922209739685,-0.6930525302886963,0.006865167990326881,1416250,0.7637673020362854,1.1645777225494385,-5.201920986175537,0.7197523222325736,0.059297473105737596,-0.6910412412615404,-0.030040093205606817,0.004336871340384192,-0.004108490454267158,-0.00021320084474445899,0.005977758897450607,0.006370585474888115,-0.0015130713942989038,0.05983191469408501,0.9981869906183424,6.901337848925708
103290234690258,59.431009621,64863539,1.2464831173419952,-0.5249055624008179,-3.9748382568359375,0.12322791665792465,0.011906774714589119,-0.009758353233337402,27.3094539642334,0,-0.08362570405006409,-0.020606279373168945,0.0454254150390625,-0.000682532787322998,0.001776035875082016,0.0005397796630859375,103290227201009,7.489,1423382,11861.516666666666,34,True,0.7643535733222961,1.16947340965271,-5.20418643951416,0.723392903804779,0.03172707557678223,-0.6893319487571716,-0.022750316187739372,1416250,0.7637673020362854,1.1645777225494385,-5.201920986175537,0.7197523222325736,0.059297473105737596,-0.6910412412615404,-0.030040093205606817,0.002888869078396984,-0.004543092555109393,-0.0006771193004258127,0.0054262090876981296,0.013594727568457199,0.004142011185731541,0.025045924023410958,0.9995852784107468,3.300357290871966
103290335936499,59.532255862,64963998,1.5638016760349274,-0.638595700263977,-3.52978515625,0.14859092235565186,0.01683863066136837,-0.05487179756164551,27.3094539642334,0,-0.08362570405006409,-0.020606279373168945,0.0454254150390625,-0.000682532787322998,0.001776035875082016,0.0005397796630859375,103290335692454,0.244,1423395,11861.625,34,True,0.7642450928688049,1.1696032285690308,-5.201842784881592,0.7203114628791809,0.06295448541641235,-0.6887146830558777,-0.05348096042871475,1416250,0.7637673020362854,1.1645777225494385,-5.201920986175537,0.7197523222325736,0.059297473105737596,-0.6910412412615404,-0.030040093205606817,0.000578212077480314,-0.004969938322311252,-0.0006749030603358312,0.005048773145524836,0.014189716642846538,0.003341062123258687,-0.018867483496486023,0.999715713246518,2.732475188160454
103290436167341,59.632486704,65065088,1.9130269587039948,-0.5669518709182739,-3.006744384765625,0.11411236971616745,0.01387997716665268,-0.09601128101348877,27.3094539642334,0,-0.08362570405006409,-0.020606279373168945,0.0454254150390625,-0.000682532787322998,0.001776035875082016,0.0005397796630859375,103290427748018,8.419,1423406,11861.716666666667,34,True,0.7640913724899292,1.1692779064178467,-5.199525833129883,0.7170389890670776,0.09107913076877594,-0.6866388320922852,-0.07801822572946548,1416250,0.7637673020362854,1.1645777225494385,-5.201920986175537,0.7197523222325736,0.059297473105737596,-0.6910412412615404,-0.030040093205606817,-0.0017654382659232964,-0.004944305443906081,-0.0006087524738767952,0.00528521600011548,0.012390392876766174,0.0031838770906170155,-0.05632293135707507,0.9983306408672317,6.62221000742819
103290536496395,59.732815758,65165318,1.8698215782642365,-0.6176296472549438,-2.9588775634765625,0.10169928520917892,0.013993114233016968,-0.12583017349243164,27.3094539642334,0,-0.08362570405006409,-0.020606279373168945,0.0454254150390625,-0.000682532787322998,0.001776035875082016,0.0005397796630859375,103290536323843,0.173,1423419,11861.825,34,True,0.7637383937835693,1.1695696115493774,-5.197193622589111,0.7132092714309692,0.12397272139787674,-0.6815675497055054,-0.1069066971540451,1416250,0.7637673020362854,1.1645777225494385,-5.201920986175537,0.7197523222325736,0.059297473105737596,-0.6910412412615404,-0.030040093205606817,-0.004053476765425326,-0.005540893114671335,-0.0003682221571226022,0.006875155122108242,0.010266440375971521,0.004912338278475093,-0.10034072713746266,0.9948880377269443,11.5916865162016
103290636619819,59.832939182,65265556,2.175561100244522,-0.6508840322494507,-2.829376220703125,0.08301638811826706,0.006646035239100456,-0.15745460987091064,27.3094539642334,0,-0.08362570405006409,-0.020606279373168945,0.0454254150390625,-0.000682532787322998,0.001776035875082016,0.0005397796630859375,103290627509449,9.110,1423430,11861.916666666666,34,True,0.7636386752128601,1.1689058542251587,-5.194757461547852,0.7066482305526733,0.15036572515964508,-0.6786118745803833,-0.1323796659708023,1416250,0.7637673020362854,1.1645777225494385,-5.201920986175537,0.7197523222325736,0.059297473105737596,-0.6910412412615404,-0.030040093205606817,-0.006556180078487008,-0.005192373009960583,-0.00034802163354814386,0.00837050498796426,0.010383845182617908,0.0032233769956613303,-0.13741786840844933,0.9904534895905235,15.846598597015745
103290736825162,59.933144525,65365726,1.794497400522232,-0.6805492639541626,-2.761932373046875,0.07128455489873886,0.00738215446472168,-0.17951303720474243,27.3094539642334,0,-0.08362570405006409,-0.020606279373168945,0.0454254150390625,-0.000682532787322998,0.001776035875082016,0.0005397796630859375,103290735642771,1.182,1423443,11862.025,34,True,0.7634820938110352,1.1685309410095215,-5.192232608795166,0.7015621066093445,0.170187845826149,-0.6740614771842957,-0.15648597478866577,1416250,0.7637673020362854,1.1645777225494385,-5.201920986175537,0.7197523222325736,0.059297473105737596,-0.6910412412615404,-0.030040093205606817,-0.009112301113077006,-0.005143741294367302,-0.0002860596277245253,0.010467756979858567,0.013919474574250103,0.0038177995201077444,-0.16878162742608968,0.9855477841676686,19.505598468185323
103290836983418,60.033302781,65465914,1.5947288572788239,-0.8536583185195923,-2.7101898193359375,0.060473211109638214,0.002734847366809845,-0.1911492943763733,27.3094539642334,0,-0.08362570405006409,-0.020606279373168945,0.0454254150390625,-0.000682532787322998,0.001776035875082016,0.0005397796630859375,103290827354976,9.628,1423454,11862.116666666667,34,True,0.7634683847427368,1.1684406995773315,-5.190535545349121,0.699026882648468,0.18282346427440643,-0.6703559756278992,-0.16899707913398743,1416250,0.7637673020362854,1.1645777225494385,-5.201920986175537,0.7197523222325736,0.059297473105737596,-0.6910412412615404,-0.030040093205606817,-0.01080639003100079,-0.00526736536594972,-0.0003420562493403297,0.012026645661955482,0.014049068157732127,0.005095199949342432,-0.18678346666635567,0.9822874320693887,21.599889102249655
103290937050372,60.133369735,65565906,1.2433467209339142,-0.876867413520813,-2.9568634033203125,0.052459508180618286,0.0010136552155017853,-0.19108307361602783,27.3094539642334,0,-0.08362570405006409,-0.020606279373168945,0.0454254150390625,-0.000682532787322998,0.001776035875082016,0.0005397796630859375,103290934099903,2.950,1423467,11862.225,34,True,0.7633235454559326,1.168469786643982,-5.189805030822754,0.6979809999465942,0.18564298748970032,-0.6694807410240173,-0.17365169525146484,1416250,0.7637673020362854,1.1645777225494385,-5.201920986175537,0.7197523222325736,0.059297473105737596,-0.6910412412615404,-0.030040093205606817,-0.011532269711888962,-0.00539400341779752,-0.00023008552825831924,0.012733477801813484,0.015430351048496826,0.005193712181071397,-0.19211766472353176,0.9812368381392318,22.23320374922377
103291037165071,60.233484434,65665936,1.0948307812213898,-0.8990243673324585,-2.5108795166015625,0.04658970236778259,0.0003842804580926895,-0.18336671590805054,27.3094539642334,0,-0.08362570405006409,-0.020606279373168945,0.0454254150390625,-0.000682532787322998,0.001776035875082016,0.0005397796630859375,103291026487057,10.678,1423478,11862.316666666666,34,True,0.7633600234985352,1.168666958808899,-5.189544677734375,0.6975747346878052,0.1881062239408493,-0.6686558127403259,-0.1757979840040207,1416250,0.7637673020362854,1.1645777225494385,-5.201920986175537,0.7197523222325736,0.059297473105737596,-0.6910412412615404,-0.030040093205606817,-0.011763931453793132,-0.005620429283486053,-0.0002853612509919601,0.013040733860629877,0.015236238858067491,0.005559984296412801,-0.1954226476484664,0.9805849949831718,22.61734102675228
103291137262779,60.333582142,65766243,1.0197047889232635,-1.0103086233139038,-2.6173858642578125,0.04373882710933685,0.0030637606978416443,-0.17947590351104736,27.3094539642334,0,-0.08362570405006409,-0.020606279373168945,0.0454254150390625,-0.000682532787322998,0.001776035875082016,0.0005397796630859375,103291134808569,2.454,1423491,11862.425,34,True,0.7632904052734375,1.1684781312942505,-5.189363479614258,0.6972211003303528,0.18873153626918793,-0.6686604619026184,-0.1765119880437851,1416250,0.7637673020362854,1.1645777225494385,-5.201920986175537,0.7197523222325736,0.059297473105737596,-0.6910412412615404,-0.030040093205606817,-0.01197012982155619,-0.005459008048396813,-0.00021636339390805853,0.013157947785866663,0.015328925969926188,0.005335815887789197,-0.1963869379755585,0.9803921275132743,22.72977100126552
103291237380096,60.433699459,65866342,0.8341180384159088,-0.8806923627853394,-2.6229705810546875,0.04093121737241745,0.0028700027614831924,-0.17508327960968018,27.3094539642334,0,-0.08362570405006409,-0.020606279373168945,0.0454254150390625,-0.000682532787322998,0.001776035875082016,0.0005397796630859375,103291227365208,10.015,1423502,11862.516666666666,34,True,0.7632374167442322,1.1679729223251343,-5.189273834228516,0.6973413228988647,0.18774153292179108,-0.6693194508552551,-0.1745842546224594,1416250,0.7637673020362854,1.1645777225494385,-5.201920986175537,0.7197523222325736,0.059297473105737596,-0.6910412412615404,-0.030040093205606817,-0.012125092988912529,-0.004971810105090785,-0.00014777212122018413,0.01310567099810874,0.014661034594236068,0.004860016302982662,-0.1943153279649911,0.9808175098477899,22.481061299103672
103291337491312,60.533810675,65966471,0.7649120390415192,-0.9061652421951294,-2.7103424072265625,0.03830081969499588,0.002655729651451111,-0.17125093936920166,27.3094539642334,0,-0.08362570405006409,-0.020606279373168945,0.0454254150390625,-0.000682532787322998,0.001776035875082016,0.0005397796630859375,103291336519314,0.972,1423515,11862.625,34,True,0.763261079788208,1.1678967475891113,-5.18949556350708,0.6976379752159119,0.1867435872554779,-0.6695780754089355,-0.17347440123558044,1416250,0.7637673020362854,1.1645777225494385,-5.201920986175537,0.7197523222325736,0.059297473105737596,-0.6910412412615404,-0.030040093205606817,-0.011914084334714057,-0.004867511318368174,-0.0001588858052458407,0.012871026247670767,0.014558260348480097,0.004843036337081942,-0.19280473168329168,0.9811171884618053,22.30420382254978
103291437615668,60.633935031,66066551,0.9154900014400482,-0.810332179069519,-2.5566864013671875,0.04366237670183182,0.00012370385229587555,-0.17063391208648682,27.3094539642334,0,-0.08362570405006409,-0.020606279373168945,0.0454254150390625,-0.000682532787322998,0.001776035875082016,0.0005397796630859375,103291435294756,2.321,1423527,11862.725,34,True,0.7632997632026672,1.1677700281143188,-5.189503192901611,0.6974435448646545,0.18656733632087708,-0.6700088381767273,-0.17278146743774414,1416250,0.7637673020362854,1.1645777225494385,-5.201920986175537,0.7197523222325736,0.059297473105737596,-0.6910412412615404,-0.030040093205606817,-0.011921134114487008,-0.004739260588613132,-0.00019226978986828884,0.01283008172906407,0.014212699674439529,0.004362839682623521,-0.19219761128236326,0.9812436206239619,22.229172319220126
103291537740272,60.734059635,66167080,0.9302367866039276,-0.7969239950180054,-2.704681396484375,0.04588822275400162,-5.6976452469825745e-05,-0.16852492094039917,27.3094539642334,0,-0.08362570405006409,-0.020606279373168945,0.0454254150390625,-0.000682532787322998,0.001776035875082016,0.0005397796630859375,103291536019774,1.720,1423539,11862.825,34,True,0.7632755041122437,1.167738914489746,-5.189540386199951,0.6975957155227661,0.1866074800491333,-0.6698827147483826,-0.17261242866516113,1416250,0.7637673020362854,1.1645777225494385,-5.201920986175537,0.7197523222325736,0.059297473105737596,-0.6910412412615404,-0.030040093205606817,-0.011889135138538362,-0.004704828982563536,-0.00016524327350539382,0.012787269272093874,0.014051243431025567,0.004547544261127301,-0.19210446825010183,0.9812633467513097,22.217443233321575
103291637974729,60.834294092,66266804,0.636612206697464,-0.7193659543991089,-2.7972564697265625,0.040772370994091034,0.004588553681969643,-0.16760116815567017,27.3094539642334,0,-0.08362570405006409,-0.020606279373168945,0.0454254150390625,-0.000682532787322998,0.001776035875082016,0.0005397796630859375,103291635920745,2.054,1423551,11862.925,34,True,0.7632516026496887,1.1673277616500854,-5.189422607421875,0.6971813440322876,0.1897168904542923,-0.6691356897354126,-0.17379038035869598,1416250,0.7637673020362854,1.1645777225494385,-5.201920986175537,0.7197523222325736,0.059297473105737596,-0.6910412412615404,-0.030040093205606817,-0.012058948264923649,-0.004313102979487209,-0.0001305443014818206,0.012807737207735639,0.012718497434503234,0.004775312139866483,-0.19520350287404858,0.9806686640668584,22.568395138596365
103291738073670,60.934393033,66367148,0.751585453748703,-0.7372454404830933,-2.706817626953125,0.04726661741733551,0.0010730642825365067,-0.17032605409622192,27.3094539642334,0,-0.08362570405006409,-0.020606279373168945,0.0454254150390625,-0.000682532787322998,0.001776035875082016,0.0005397796630859375,103291735748382,2.325,1423563,11863.025,34,True,0.7633845210075378,1.1668740510940552,-5.189053058624268,0.6949710249900818,0.19162000715732574,-0.6702906489372253,-0.1760893315076828,1416250,0.7637673020362854,1.1645777225494385,-5.201920986175537,0.7197523222325736,0.059297473105737596,-0.6910412412615404,-0.030040093205606817,-0.012477771875348754,-0.00390384101124724,-0.0002616103040245235,0.013076819397908349,0.013192925306514582,0.0024957581814347147,-0.19825832014361028,0.980057833194955,22.923355129625403
103291838119984,61.034439347,66467185,0.630469411611557,-0.6605428457260132,-2.589202880859375,0.03694113343954086,0.0004276316612958908,-0.17075574398040771,27.3094539642334,0,-0.08362570405006409,-0.020606279373168945,0.0454254150390625,-0.000682532787322998,0.001776035875082016,0.0005397796630859375,103291835928541,2.191,1423575,11863.125,34,True,0.7631416320800781,1.1672029495239258,-5.188630104064941,0.6939288973808289,0.197734534740448,-0.6687793135643005,-0.1791590452194214,1416250,0.7637673020362854,1.1645777225494385,-5.201920986175537,0.7197523222325736,0.059297473105737596,-0.6910412412615404,-0.030040093205606817,-0.012864475948278366,-0.004293433999221628,-5.009900123076393e-05,0.013562109970038922,0.011118655152811158,0.0028617374140147978,-0.204887757068257,0.9787181376525651,23.683488885414203
103291938216706,61.134536069,66567008,0.483433336019516,-0.590086817741394,-2.68017578125,0.03361736238002777,0.0008093435317277908,-0.17000198364257812,27.3094539642334,0,-0.08362570405006409,-0.020606279373168945,0.0454254150390625,-0.000682532787322998,0.001776035875082016,0.0005397796630859375,103291935482357,2.734,1423587,11863.225,34,True,0.763099193572998,1.16744863986969,-5.188530445098877,0.6939464211463928,0.1988120824098587,-0.6679666638374329,-0.18092168867588043,1416250,0.7637673020362854,1.1645777225494385,-5.201920986175537,0.7197523222325736,0.059297473105737596,-0.6910412412615404,-0.030040093205606817,-0.012933693005461037,-0.004551290671249845,-2.1539973105882656e-05,0.01371113144507626,0.011593977468300931,0.0035309042478751107,-0.20690475613155765,0.9782860186529283,23.923590421953893
103292038285304,61.234604667,66667130,0.588405042886734,-0.7767165899276733,-2.4342498779296875,0.0175987109541893,-0.0033294055610895157,-0.1775965690612793,27.3094539642334,0,-0.08362570405006409,-0.020606279373168945,0.0454254150390625,-0.000682532787322998,0.001776035875082016,0.0005397796630859375,103292034409160,3.876,1423599,11863.325,34,True,0.7634045481681824,1.1668624877929688,-5.18817138671875,0.690727949142456,0.20516519248485565,-0.6668239831924438,-0.19012604653835297,1416250,0.7637673020362854,1.1645777225494385,-5.201920986175537,0.7197523222325736,0.059297473105737596,-0.6910412412615404,-0.030040093205606817,-0.013352388449001133,-0.004001884432060461,-0.0003191731635982753,0.013942855798183816,0.013857499513247551,0.0024842015601914125,-0.21806318698069238,0.9758331030118175,25.243908751155054
103292138400230,61.334719593,66767092,0.6360645592212677,-0.9749051332473755,-2.04840087890625,-0.0055989474058151245,-0.012432374060153961,-0.19427525997161865,27.3094539642334,0,-0.08362570405006409,-0.020606279373168945,0.0454254150390625,-0.000682532787322998,0.001776035875082016,0.0005397796630859375,103292135081880,3.318,1423611,11863.425,34,True,0.7632924914360046,1.1666290760040283,-5.186573505401611,0.6843775510787964,0.22431837022304535,-0.6615729928016663,-0.20887750387191772,1416250,0.7637673020362854,1.1645777225494385,-5.201920986175537,0.7197523222325736,0.059297473105737596,-0.6910412412615404,-0.030040093205606817,-0.01497006014912653,-0.003975497750791429,-0.0002671684352694242,0.015491244695240542,0.013997664802685241,0.002411777912597723,-0.24534106363098868,0.9693327659806962,28.452544231729934
103292238521150,61.434840513,66867473,0.6748786270618439,-0.9863969087600708,-2.429595947265625,0.008108630776405334,-0.012940220534801483,-0.21961718797683716,27.3094539642334,0,-0.08362570405006409,-0.020606279373168945,0.0454254150390625,-0.000682532787322998,0.001776035875082016,0.0005397796630859375,103292234715799,3.805,1423623,11863.525,34,True,0.7632665634155273,1.1674740314483643,-5.18565034866333,0.6824405193328857,0.2343563288450241,-0.6565379500389099,-0.21979528665542603,1416250,0.7637673020362854,1.1645777225494385,-5.201920986175537,0.7197523222325736,0.059297473105737596,-0.6910412412615404,-0.030040093205606817,-0.01577886515482738,-0.004929699190066892,-0.00031379894706982746,0.0165339949636485,0.014678744236799797,0.005043048532120565,-0.26037666018381195,0.9653823579083353,30.239684098003142
103292338641205,61.534960568,66967606,0.9964939653873444,-1.1297601461410522,-2.2625274658203125,0.000365234911441803,-0.011625558137893677,-0.24178552627563477,27.3094539642334,0,-0.08362570405006409,-0.020606279373168945,0.0454254150390625,-0.000682532787322998,0.001776035875082016,0.0005397796630859375,103292336495168,2.146,1423635,11863.625,34,True,0.7632660269737244,1.1670035123825073,-5.1833977699279785,0.6728658676147461,0.2561468183994293,-0.6506476402282715,-0.24144971370697021,1416250,0.7637673020362854,1.1645777225494385,-5.201920986175537,0.7197523222325736,0.059297473105737596,-0.6910412412615404,-0.030040093205606817,-0.018071327062610304,-0.004745377478896334,-0.00039217844833249496,0.018688105124821632,0.015144784499200425,0.003295597981233689,-0.29176921807416845,0.9563631621517044,33.977100915834704
103292438850975,61.635170338,67067724,0.9109651744365692,-1.1386996507644653,-1.4508514404296875,-0.018949437886476517,-0.01590995118021965,-0.2713400721549988,27.3094539642334,0,-0.08362570405006409,-0.020606279373168945,0.0454254150390625,-0.000682532787322998,0.001776035875082016,0.0005397796630859375,103292434480076,4.371,1423647,11863.725,34,True,0.7631665468215942,1.1666624546051025,-5.181373596191406,0.6655198931694031,0.2771768271923065,-0.6421706676483154,-0.26052483916282654,1416250,0.7637673020362854,1.1645777225494385,-5.201920986175537,0.7197523222325736,0.059297473105737596,-0.6910412412615404,-0.030040093205606817,-0.020124718692308072,-0.004665115195806244,-0.000366943452287993,0.020661612950877123,0.014059556985982519,0.004819910478193246,-0.32077754577632456,0.9470379419252739,37.46154640119679
103292539134714,61.735454077,67167910,0.7332598268985748,-1.1782487630844116,-1.53961181640625,-0.014744479209184647,-0.014468468725681305,-0.2927791476249695,27.3094539642334,0,-0.08362570405006409,-0.020606279373168945,0.0454254150390625,-0.000682532787322998,0.001776035875082016,0.0005397796630859375,103292535791087,3.344,1423659,11863.825,34,True,0.7632753849029541,1.1664535999298096,-5.1793437004089355,0.6566785573959351,0.293986439704895,-0.6350777745246887,-0.281107634305954,1416250,0.7637673020362854,1.1645777225494385,-5.201920986175537,0.7197523222325736,0.059297473105737596,-0.6910412412615404,-0.030040093205606817,-0.022159114949466818,-0.004707471191580076,-0.0005550411118126614,0.022660422127556284,0.017102940256059407,0.004530854653354344,-0.34783721028371856,0.9373879858056365,40.765139910129015
103292639268655,61.835588018,67268332,0.8226580321788788,-1.273945927619934,-1.6005706787109375,-0.007693428546190262,-0.013116952031850815,-0.3142930865287781,27.3094539642334,0,-0.08362570405006409,-0.020606279373168945,0.0454254150390625,-0.000682532787322998,0.001776035875082016,0.0005397796630859375,103292635368853,3.900,1423671,11863.925,34,True,0.763334333896637,1.1667290925979614,-5.178200721740723,0.6496612429618835,0.307968407869339,-0.6294109225273132,-0.2948518693447113,1416250,0.7637673020362854,1.1645777225494385,-5.201920986175537,0.7197523222325736,0.059297473105737596,-0.6910412412615404,-0.030040093205606817,-0.02325484176638037,-0.0051210422202526,-0.0006738400048656467,0.023821561648077482,0.017208039748553977,0.004155309713575528,-0.3679849447194585,0.929663217100157,43.23524515694772
103292739381760,61.935701123,67368453,1.0380426347255707,-1.2529958486557007,-1.7049560546875,-0.0013326145708560944,-0.011191602796316147,-0.33531200885772705,27.3094539642334,0,-0.08362570405006409,-0.020606279373168945,0.0454254150390625,-0.000682532787322998,0.001776035875082016,0.0005397796630859375,103292735659045,3.723,1423683,11864.025,34,True,0.7633852362632751,1.1663316488265991,-5.176947593688965,0.6428096294403076,0.3210185170173645,-0.623955488204956,-0.3072824478149414,1416250,0.7637673020362854,1.1645777225494385,-5.201920986175537,0.7197523222325736,0.059297473105737596,-0.6910412412615404,-0.030040093205606817,-0.024545433015457026,-0.004881766809091182,-0.0007633052039470818,0.025037822667496563,0.017019143000358172,0.0036921990168747865,-0.38653798754715585,0.9221090502868672,45.52723075383847
103292839475809,62.035795172,67468404,0.9263492524623871,-1.366129755973816,-1.770416259765625,0.0011121109127998352,-0.010552685707807541,-0.3506532311439514,27.3094539642334,0,-0.08362570405006409,-0.020606279373168945,0.0454254150390625,-0.000682532787322998,0.001776035875082016,0.0005397796630859375,103292833960631,5.515,1423695,11864.125,34,True,0.7632498741149902,1.1665873527526855,-5.176379203796387,0.640573263168335,0.32650572061538696,-0.6209360361099243,-0.31224727630615234,1416250,0.7637673020362854,1.1645777225494385,-5.201920986175537,0.7197523222325736,0.059297473105737596,-0.6910412412615404,-0.030040093205606817,-0.025081504112362343,-0.005212306080932615,-0.0006625776117860526,0.025625943735039618,0.016688841036786143,0.004449601110232738,-0.3941416411133805,0.9188873980936184,46.47206934580641
103292939563404,62.135882767,67568458,0.9740675389766693,-1.404257893562317,-1.8122100830078125,0.0023311376571655273,-0.009029660373926163,-0.35732513666152954,27.3094539642334,0,-0.08362570405006409,-0.020606279373168945,0.0454254150390625,-0.000682532787322998,0.001776035875082016,0.0005397796630859375,103292934984479,4.579,1423707,11864.225,34,True,0.7632960081100464,1.1663514375686646,-5.175603866577148,0.6374930739402771,0.33169054985046387,-0.6174867153167725,-0.31983453035354614,1416250,0.7637673020362854,1.1645777225494385,-5.201920986175537,0.7197523222325736,0.059297473105737596,-0.6910412412615404,-0.030040093205606817,-0.025878198167998436,-0.005073522939746868,-0.0007329334539342521,0.026381034227077438,0.018454847106657537,0.005097872216341114,-0.40340280534865736,0.9148221723121761,47.639028449515635
103293039666871,62.235986234,67668607,0.9337960779666901,-1.4094849824905396,-1.7521820068359375,-0.0014805570244789124,-0.012068193405866623,-0.35643404722213745,27.3094539642334,0,-0.08362570405006409,-0.020606279373168945,0.0454254150390625,-0.000682532787322998,0.001776035875082016,0.0005397796630859375,103293035221883,4.445,1423719,11864.325,34,True,0.7633458375930786,1.1661685705184937,-5.1752471923828125,0.6367490887641907,0.33278578519821167,-0.6168179512023926,-0.3214651942253113,1416250,0.7637673020362854,1.1645777225494385,-5.201920986175537,0.7197523222325736,0.059297473105737596,-0.6910412412615404,-0.030040093205606817,-0.02625304513780269,-0.004934741828456168,-0.0007909797173811005,0.026724515053305056,0.018854361532719213,0.005128885508634272,-0.40538216035267566,0.9139384616331836,47.8891569726158
103293139894772,62.336214135,67768549,0.8197280466556549,-1.5300627946853638,-1.8206634521484375,-0.008612003177404404,-0.013151649385690689,-0.3516581654548645,27.3094539642334,0,-0.08362570405006409,-0.020606279373168945,0.0454254150390625,-0.000682532787322998,0.001776035875082016,0.0005397796630859375,103293135576204,4.319,1423731,11864.425,34,True,0.7632047533988953,1.16615629196167,-5.175278186798096,0.636066198348999,0.3320377767086029,-0.6192812323570251,-0.31884416937828064,1416250,0.7637673020362854,1.1645777225494385,-5.201920986175537,0.7197523222325736,0.059297473105737596,-0.6910412412615404,-0.030040093205606817,-0.02622922741898743,-0.004924876662850224,-0.0006483208187354467,0.026695450942534282,0.017651357053595603,0.0027510777294841855,-0.4029990183982539,0.9150260391571032,47.58114955052674
103293240169944,62.436489307,67869129,0.6055571734905243,-1.676218867301941,-1.849365234375,-0.021504953503608704,-0.012302238494157791,-0.3411393165588379,27.3094539642334,0,-0.08362570405006409,-0.020606279373168945,0.0454254150390625,-0.000682532787322998,0.001776035875082016,0.0005397796630859375,103293236279355,3.891,1423743,11864.525,34,True,0.7633224129676819,1.1658519506454468,-5.17494535446167,0.6371515989303589,0.33006229996681213,-0.6191946864128113,-0.31889596581459045,1416250,0.7637673020362854,1.1645777225494385,-5.201920986175537,0.7197523222325736,0.059297473105737596,-0.6910412412615404,-0.030040093205606817,-0.026593284554035146,-0.004659736106055135,-0.0007683527420782612,0.027009374111338035,0.019016037533478913,0.0036258410775225625,-0.4015512293401454,0.9156319423264044,47.4087375588755
103293340291099,62.536610462,67969233,0.3649687170982361,-1.9201499223709106,-1.89862060546875,-0.034761883318424225,-0.013951011002063751,-0.32711148262023926,27.3094539642334,0,-0.08362570405006409,-0.020606279373168945,0.0454254150390625,-0.000682532787322998,0.001776035875082016,0.0005397796630859375,103293336281984,4.009,1423755,11864.625,34,True,0.7632800340652466,1.166508674621582,-5.1753010749816895,0.6396695971488953,0.32644355297088623,-0.6209452748298645,-0.3141409158706665,1416250,0.7637673020362854,1.1645777225494385,-5.201920986175537,0.7197523222325736,0.059297473105737596,-0.6910412412615404,-0.030040093205606817,-0.02615897906059308,-0.0052679793326013795,-0.0007361292057709808,0.02669430047685932,0.01812244584087419,0.0039326363578260914,-0.39545876217703535,0.9182965091654376,46.64339965587919
103293440541757,62.636861120,68069484,0.5029512941837311,-1.9506622552871704,-1.6626434326171875,-0.03995906561613083,-0.014567777514457703,-0.3184863328933716,27.3094539642334,0,-0.08362570405006409,-0.020606279373168945,0.0454254150390625,-0.000682532787322998,0.001776035875082016,0.0005397796630859375,103293435950115,4.592,1423767,11864.725,34,True,0.7633174061775208,1.1668134927749634,-5.175219535827637,0.638836681842804,0.32539069652557373,-0.62281334400177,-0.3132284879684448,1416250,0.7637673020362854,1.1645777225494385,-5.201920986175537,0.7197523222325736,0.059297473105737596,-0.6910412412615404,-0.030040093205606817,-0.026199709754759083,-0.005578673759394997,-0.0007887542830861289,0.02679866648672033,0.018329085212275276,0.001990033951939252,-0.39406374887541207,0.9188981696697451,46.46894055316877
103293540662487,62.736981850,68169708,0.6037007868289948,-2.27995228767395,-1.367034912109375,-0.0322912335395813,-0.010821443051099777,-0.3069871664047241,27.3094539642334,0,-0.08362570405006409,-0.020606279373168945,0.0454254150390625,-0.000682532787322998,0.001776035875082016,0.0005397796630859375,103293536848598,3.814,1423779,11864.825,34,True,0.7630007266998291,1.1683388948440552,-5.1739654541015625,0.6382936239242554,0.32507753372192383,-0.6212022304534912,-0.31782642006874084,1416250,0.7637673020362854,1.1645777225494385,-5.201920986175537,0.7197523222325736,0.059297473105737596,-0.6910412412615404,-0.030040093205606817,-0.02726120988354607,-0.007261486214890764,-0.0005857319792192727,0.02821782819983279,0.02177564412539551,0.0030564144087876777,-0.3970963021906447,0.917513491148987,46.86952731437431
103293640781391,62.837100754,68269918,0.7487263977527618,-2.905937433242798,0.00262451171875,-0.048118866980075836,-0.02032851055264473,-0.3026975393295288,27.3094539642334,0,-0.08362570405006409,-0.020606279373168945,0.0454254150390625,-0.000682532787322998,0.001776035875082016,0.0005397796630859375,103293635386077,5.395,1423791,11864.925,34,True,0.762912929058075,1.169108510017395,-5.172525882720947,0.6368948221206665,0.32827624678611755,-0.6189134120941162,-0.32178544998168945,1416250,0.7637673020362854,1.1645777225494385,-5.201920986175537,0.7197523222325736,0.059297473105737596,-0.6910412412615404,-0.030040093205606817,-0.028593785507149506,-0.008208379099994577,-0.0005899477041463159,0.029754497061313747,0.022321021462076096,0.0038758378386368197,-0.4022861383387759,0.9152336383582137,47.522142791716696
103293741045055,62.937364418,68369983,0.740071028470993,-3.4835469722747803,1.4825897216796875,-0.0600128173828125,-0.027224186807870865,-0.2913857698440552,27.3094539642334,0,-0.08362570405006409,-0.020606279373168945,0.0454254150390625,-0.000682532787322998,0.001776035875082016,0.0005397796630859375,103293736571893,4.473,1423803,11865.025,34,True,0.7628777027130127,1.169936180114746,-5.171660900115967,0.6384684443473816,0.3260503113269806,-0.6199511885643005,-0.31891968846321106,1416250,0.7637673020362854,1.1645777225494385,-5.201920986175537,0.7197523222325736,0.059297473105737596,-0.6910412412615404,-0.030040093205606817,-0.029347474072876755,-0.00913857237667045,-0.0006241179583651193,0.030743735341818363,0.02181086183587594,0.004113268547809468,-0.39857916846127517,0.916865319333515,47.05593684705581
103293841155210,63.037474573,68470219,0.6955080926418304,-3.9692742824554443,2.488037109375,-0.02195616438984871,-0.03148358315229416,-0.268949031829834,27.3094539642334,0,-0.08362570405006409,-0.020606279373168945,0.0454254150390625,-0.000682532787322998,0.001776035875082016,0.0005397796630859375,103293833851418,7.304,1423815,11865.125,34,True,0.7628425359725952,1.170721173286438,-5.170536994934082,0.6368046402931213,0.32715854048728943,-0.6200831532478333,-0.32084888219833374,1416250,0.7637673020362854,1.1645777225494385,-5.201920986175537,0.7197523222325736,0.059297473105737596,-0.6910412412615404,-0.030040093205606817,-0.030363217722211382,-0.01005887955054592,-0.0006678601765489871,0.031993000570034416,0.02249137769016596,0.0029496344813256248,-0.40080467078998994,0.9158826635868553,47.337220848206606
103293941264803,63.137584166,68570114,0.7238545715808868,-4.564823865890503,3.0457611083984375,-0.007433194667100906,-0.038829222321510315,-0.255800724029541,27.3094539642334,0,-0.08362570405006409,-0.020606279373168945,0.0454254150390625,-0.000682532787322998,0.001776035875082016,0.0005397796630859375,103293935864701,5.400,1423827,11865.225,34,True,0.7628085017204285,1.1713417768478394,-5.169738292694092,0.6361726522445679,0.327294260263443,-0.6195133924484253,-0.3230573236942291,1416250,0.7637673020362854,1.1645777225494385,-5.201920986175537,0.7197523222325736,0.059297473105737596,-0.6910412412615404,-0.030040093205606817,-0.031077436341051614,-0.01077548582288853,-0.0006923467820959689,0.032899809852308656,0.02397231938378408,0.003049869191725285,-0.4024830561706605,0.9151084174548939,47.55774308742034
103294041433898,63.237753261,68670264,0.5818168818950653,-4.75666356086731,2.8656768798828125,0.0014486312866210938,-0.0349484384059906,-0.24271756410598755,27.3094539642334,0,-0.08362570405006409,-0.020606279373168945,0.0454254150390625,-0.000682532787322998,0.001776035875082016,0.0005397796630859375,103294035851806,5.582,1423839,11865.325,34,True,0.7627939581871033,1.1714823246002197,-5.170117378234863,0.6377530097961426,0.3236876428127289,-0.6219084858894348,-0.31894707679748535,1416250,0.7637673020362854,1.1645777225494385,-5.201920986175537,0.7197523222325736,0.059297473105737596,-0.6910412412615404,-0.030040093205606817,-0.030684407666784163,-0.010867968815345054,-0.0006669225890385678,0.032559029558211425,0.023600830651834243,0.002282703328282898,-0.39688118675583356,0.9175636837066623,46.8550631110343
103294141557300,63.337876663,68770351,0.49701783061027527,-4.845934152603149,2.640411376953125,-0.020209982991218567,-0.025476545095443726,-0.23591101169586182,27.3094539642334,0,-0.08362570405006409,-0.020606279373168945,0.0454254150390625,-0.000682532787322998,0.001776035875082016,0.0005397796630859375,103294135350800,6.207,1423851,11865.425,34,True,0.7627772688865662,1.170620322227478,-5.170656204223633,0.6391041278839111,0.32084500789642334,-0.6245867609977722,-0.3138405978679657,1416250,0.7637673020362854,1.1645777225494385,-5.201920986175537,0.7197523222325736,0.059297473105737596,-0.6910412412615404,-0.030040093205606817,-0.030260326876380042,-0.009946856485152828,-0.0005936584919904939,0.03185874710353041,0.02200803407836802,0.0010712785547956074,-0.39114580247431135,0.9200649216250941,46.12885024531187
103294241840294,63.438159657,68870703,0.2913271337747574,-4.697795152664185,2.54473876953125,-0.025725234299898148,-0.03178159147500992,-0.2285597324371338,27.3094539642334,0,-0.08362570405006409,-0.020606279373168945,0.0454254150390625,-0.000682532787322998,0.001776035875082016,0.0005397796630859375,103294235649381,6.191,1423863,11865.525,34,True,0.7627512216567993,1.1704866886138916,-5.169970512390137,0.6377050876617432,0.32233816385269165,-0.6235963702201843,-0.3171086609363556,1416250,0.7637673020362854,1.1645777225494385,-5.201920986175537,0.7197523222325736,0.059297473105737596,-0.6910412412615404,-0.030040093205606817,-0.030957922819064225,-0.00990139221646983,-0.0005920483970812109,0.03250816934864209,0.02331169889944998,0.0009662535392607197,-0.3945916099942218,0.9185603368155449,46.56697546557812
103294342071874,63.538391237,68971273,0.17271485179662704,-4.865420579910278,2.0208587646484375,-0.01574351266026497,-0.02961830049753189,-0.21864396333694458,27.3094539642334,0,-0.08362570405006409,-0.020606279373168945,0.0454254150390625,-0.000682532787322998,0.001776035875082016,0.0005397796630859375,103294337867785,4.204,1423875,11865.625,34,True,0.7627637386322021,1.1706770658493042,-5.169929504394531,0.6383559107780457,0.32063642144203186,-0.6243988275527954,-0.31594318151474,1416250,0.7637673020362854,1.1645777225494385,-5.201920986175537,0.7197523222325736,0.059297473105737596,-0.6910412412615404,-0.030040093205606817,-0.030973940960509178,-0.010094672365114273,-0.0006136822923566511,0.032583186381016545,0.023676849862958538,0.0008204391547835255,-0.3924986910439673,0.9194473944652477,46.30914395822473
103294442223713,63.638543076,69071027,0.14420905336737633,-5.05806040763855,2.02325439453125,-0.016854852437973022,-0.03279321268200874,-0.21176552772521973,27.3094539642334,0,-0.08362570405006409,-0.020606279373168945,0.0454254150390625,-0.000682532787322998,0.001776035875082016,0.0005397796630859375,103294436216029,6.008,1423887,11865.725,34,True,0.7628095149993896,1.171324372291565,-5.169187068939209,0.6363614201545715,0.3220232129096985,-0.6243152022361755,-0.31870949268341064,1416250,0.7637673020362854,1.1645777225494385,-5.201920986175537,0.7197523222325736,0.059297473105737596,-0.6910412412615404,-0.030040093205606817,-0.03162597612123533,-0.010827202129956165,-0.0007164529306840801,0.03343566922293855,0.02476453401497422,-0.00037527069565340687,-0.3955292438745073,0.9181193790934743,46.694643486171586
103294542337420,63.738656783,69171379,0.20226598531007767,-5.423689603805542,2.1363677978515625,-0.0198715440928936,-0.03385099396109581,-0.20401877164840698,27.3094539642334,0,-0.08362570405006409,-0.020606279373168945,0.0454254150390625,-0.000682532787322998,0.001776035875082016,0.0005397796630859375,103294536092489,6.245,1423899,11865.825,34,True,0.7627151608467102,1.1729183197021484,-5.16792106628418,0.6371117234230042,0.32145851850509644,-0.6225529313087463,-0.3212178349494934,1416250,0.7637673020362854,1.1645777225494385,-5.201920986175537,0.7197523222325736,0.059297473105737596,-0.6910412412615404,-0.030040093205606817,-0.032682171122354615,-0.012569699654070562,-0.0007385498635198381,0.03502380782503976,0.026833109461128983,0.0015773202438461582,-0.39686462776867326,0.9174834949597337,46.87816943369996
103294642455915,63.838775278,69271517,0.3648812174797058,-6.245439767837524,1.7115020751953125,-0.014360971748828888,-0.028431657701730728,-0.18937885761260986,27.3094539642334,0,-0.08362570405006409,-0.020606279373168945,0.0454254150390625,-0.000682532787322998,0.001776035875082016,0.0005397796630859375,103294636092851,6.363,1423911,11865.925,34,True,0.7626882195472717,1.1750448942184448,-5.166415691375732,0.6364889740943909,0.31980374455451965,-0.6234469413757324,-0.3223682641983032,1416250,0.7637673020362854,1.1645777225494385,-5.201920986175537,0.7197523222325736,0.059297473105737596,-0.6910412412615404,-0.030040093205606817,-0.033905498133041445,-0.014867130553263903,-0.0008588865175990161,0.03703177096207503,0.028876369792024376,0.000621436034939693,-0.39647865411877686,0.9175894756987202,46.84762888363573
103294742576187,63.938895550,69371916,0.4339064359664917,-7.226305246353149,1.745635986328125,-0.024726152420043945,-0.029987409710884094,-0.17189353704452515,27.3094539642334,0,-0.08362570405006409,-0.020606279373168945,0.0454254150390625,-0.000682532787322998,0.001776035875082016,0.0005397796630859375,103294736227002,6.349,1423923,11866.025,34,True,0.7624478936195374,1.1763297319412231,-5.164764404296875,0.6373195648193359,0.32012271881103516,-0.620597243309021,-0.3258899450302124,1416250,0.7637673020362854,1.1645777225494385,-5.201920986175537,0.7197523222325736,0.059297473105737596,-0.6910412412615404,-0.030040093205606817,-0.03538833490447602,-0.01635788601274593,-0.0007399041175432025,0.038993103752080344,0.03099675332932675,0.003445730089568444,-0.3991782281009395,0.9163427690757348,47.20571294691399
103294842670700,64.038990063,69471621,0.5700547397136688,-7.812565088272095,1.4591522216796875,-0.02529316022992134,-0.031657177954912186,-0.15760934352874756,27.3094539642334,0,-0.08362570405006409,-0.020606279373168945,0.0454254150390625,-0.000682532787322998,0.001776035875082016,0.0005397796630859375,103294842581488,0.089,1423936,11866.133333333333,34,True,0.762542188167572,1.1777234077453613,-5.165255069732666,0.6390727162361145,0.31396374106407166,-0.6253379583358765,-0.31932029128074646,1416250,0.7637673020362854,1.1645777225494385,-5.201920986175537,0.7197523222325736,0.059297473105737596,-0.6910412412615404,-0.030040093205606817,-0.03472159183258409,-0.017673681886948348,-0.0008668339100477816,0.03897049360551166,0.03075278191933689,0.0010405416388000188,-0.38995897973051774,0.9203179764651201,46.054775455012106
103294942783569,64.139102932,69571511,0.7121679484844208,-7.629170656204224,1.436126708984375,-0.028525937348604202,-0.026341956108808517,-0.157237708568573,27.3094539642334,0,-0.08362570405006409,-0.020606279373168945,0.0454254150390625,-0.000682532787322998,0.001776035875082016,0.0005397796630859375,103294934374525,8.409,1423947,11866.225,34,True,0.7626540064811707,1.1767642498016357,-5.167908191680908,0.6431325078010559,0.3062695264816284,-0.6298016905784607,-0.30972471833229065,1416250,0.7637673020362854,1.1645777225494385,-5.201920986175537,0.7197523222325736,0.059297473105737596,-0.6910412412615404,-0.030040093205606817,-0.0322092900055561,-0.01638593545372982,-0.0008269337577024095,0.036147213762549445,0.029306099628089527,0.0002953851782176442,-0.3774153196216794,0.9255802189907963,44.487979398229385
103295042886540,64.239205903,69671907,1.2222944796085358,-6.443396806716919,1.6562957763671875,-0.018754370510578156,-0.03364938497543335,-0.18662601709365845,27.3094539642334,0,-0.08362570405006409,-0.020606279373168945,0.0454254150390625,-0.000682532787322998,0.001776035875082016,0.0005397796630859375,103295042658928,0.228,1423960,11866.333333333334,34,True,0.7626730799674988,1.1777114868164062,-5.170514106750488,0.6453839540481567,0.30029726028442383,-0.6325709223747253,-0.3052135109901428,1416250,0.7637673020362854,1.1645777225494385,-5.201920986175537,0.7197523222325736,0.059297473105737596,-0.6910412412615404,-0.030040093205606817,-0.02950541619401512,-0.016997712982947104,-0.0007702788734976581,0.034060022915078245,0.030282802643004952,-0.0002300293717175661,-0.36978261874198726,0.9286246355912011,43.5571482917692
103295143701062,64.340020425,69771764,2.1879726946353912,-5.626356363296509,1.8679962158203125,-0.011468298733234406,-0.034542445093393326,-0.21333372592926025,27.3094539642334,0,-0.08362570405006409,-0.020606279373168945,0.0454254150390625,-0.000682532787322998,0.001776035875082016,0.0005397796630859375,103295143424104,0.277,1423972,11866.433333333332,34,True,0.7625579237937927,1.1792857646942139,-5.173105239868164,0.6530743837356567,0.2886967658996582,-0.6362854242324829,-0.29204261302948,1416250,0.7637673020362854,1.1645777225494385,-5.201920986175537,0.7197523222325736,0.059297473105737596,-0.6910412412615404,-0.030040093205606817,-0.02674172336655368,-0.01823872552278322,-0.0006045307337766393,0.032374933740732005,0.02880867990434293,0.001978332312573827,-0.35176392293608627,0.9356432486177866,41.33536816363267
103295243897411,64.440216774,69872915,3.0387188494205475,-5.351564168930054,1.444671630859375,-0.0065172091126441956,-0.03370435908436775,-0.23214364051818848,27.3094539642334,0,-0.08362570405006409,-0.020606279373168945,0.0454254150390625,-0.000682532787322998,0.001776035875082016,0.0005397796630859375,103295243514073,0.383,1423984,11866.533333333333,34,True,0.7629287242889404,1.1810709238052368,-5.17592716217041,0.657063901424408,0.28154510259628296,-0.6369351744651794,-0.2886398732662201,1416250,0.7637673020362854,1.1645777225494385,-5.201920986175537,0.7197523222325736,0.059297473105737596,-0.6910412412615404,-0.030040093205606817,-0.023704103935212713,-0.019638556742172547,-0.0009221347109978115,0.0307962300730483,0.031220327311195145,0.0042806570765421825,-0.3440089752550632,0.9384374204397097,40.418448294516736
103295344231525,64.540550888,69973113,4.554429918527603,-4.73755955696106,1.3832855224609375,0.00034120678901672363,-0.037838976830244064,-0.2705097794532776,27.3094539642334,0,-0.08362570405006409,-0.020606279373168945,0.0454254150390625,-0.000682532787322998,0.001776035875082016,0.0005397796630859375,103295343989360,0.242,1423996,11866.633333333333,34,True,0.7631598711013794,1.1816529035568237,-5.179164409637451,0.661808431148529,0.27131256461143494,-0.6418783068656921,-0.2763899266719818,1416250,0.7637673020362854,1.1645777225494385,-5.201920986175537,0.7197523222325736,0.059297473105737596,-0.6910412412615404,-0.030040093205606817,-0.020412763837618156,-0.019799966500634602,-0.0010358347323732517,0.028456854262363836,0.029625093943971753,0.003582487188846517,-0.32774902484303525,0.9442934376076074,38.42888690927137
103295444694877,64.641014240,70073253,5.299908548593521,-4.247722387313843,1.3144683837890625,-0.00565338134765625,-0.0325247123837471,-0.2833491563796997,27.3094539642334,0,-0.08362570405006409,-0.020606279373168945,0.0454254150390625,-0.000682532787322998,0.001776035875082016,0.0005397796630859375,103295444449975,0.245,1424008,11866.733333333334,34,True,0.7633331418037415,1.1823917627334595,-5.182901859283447,0.6728290319442749,0.2489909827709198,-0.6483255624771118,-0.2549090087413788,1416250,0.7637673020362854,1.1645777225494385,-5.201920986175537,0.7197523222325736,0.059297473105737596,-0.6910412412615404,-0.030040093205606817,-0.016607914753560726,-0.020056782924044857,-0.0010762605628078582,0.02606253461432431,0.029640533184564548,0.005954527837323252,-0.29599164621588275,0.9547119606253924,34.61881479872902
103295544905468,64.741224831,70173909,5.886845499277115,-3.9376566410064697,1.35614013671875,-0.01492651179432869,-0.025599271059036255,-0.279224157333374,27.3094539642334,0,-0.08362570405006409,-0.020606279373168945,0.0454254150390625,-0.000682532787322998,0.001776035875082016,0.0005397796630859375,103295544590664,0.315,1424020,11866.833333333334,34,True,0.7635422348976135,1.1830062866210938,-5.187013626098633,0.6816095113754272,0.22602726519107819,-0.6565871834754944,-0.2306804358959198,1416250,0.7637673020362854,1.1645777225494385,-5.201920986175537,0.7197523222325736,0.059297473105737596,-0.6910412412615404,-0.030040093205606817,-0.012446462464458425,-0.020141929009126015,-0.0011314951765914174,0.02370426150341947,0.0282969645181717,0.005329019455908245,-0.2619516761940924,0.9646513373700372,30.559187476568766
103295645153983,64.841473346,70274069,6.4472364485263824,-3.7841265201568604,1.01959228515625,-0.01674659177660942,-0.019413892179727554,-0.27467459440231323,27.3094539642334,0,-0.08362570405006409,-0.020606279373168945,0.0454254150390625,-0.000682532787322998,0.001776035875082016,0.0005397796630859375,103295644617656,0.536,1424032,11866.933333333332,34,True,0.7636061906814575,1.1832571029663086,-5.191250324249268,0.6890231966972351,0.20370855927467346,-0.6631826758384705,-0.2096158117055893,1416250,0.7637673020362854,1.1645777225494385,-5.201920986175537,0.7197523222325736,0.059297473105737596,-0.6910412412615404,-0.030040093205606817,-0.00821282449091366,-0.01985730367581316,-0.0010223698839118946,0.021512978305468167,0.028727184661410138,0.005126437460178546,-0.23069345320176632,0.9725888129884286,26.89234130925091
103295745359748,64.941679111,70374354,6.949371725320816,-3.669409990310669,0.7273712158203125,-0.014423932880163193,-0.019561130553483963,-0.26668232679367065,27.3094539642334,0,-0.08362570405006409,-0.020606279373168945,0.0454254150390625,-0.000682532787322998,0.001776035875082016,0.0005397796630859375,103295744557126,0.803,1424044,11867.033333333333,34,True,0.7638879418373108,1.1833914518356323,-5.194955825805664,0.6983574032783508,0.17485584318637848,-0.6692003011703491,-0.1841018944978714,1416250,0.7637673020362854,1.1645777225494385,-5.201920986175537,0.7197523222325736,0.059297473105737596,-0.6910412412615404,-0.030040093205606817,-0.004512230054431438,-0.01951419586510295,-0.0011490701754525209,0.020062014420138122,0.03037832982788115,0.00659938671891619,-0.1915612149531885,0.9809882293368565,22.380479092129967
103295845447968,65.041767331,70474486,7.31778421998024,-3.4298903942108154,0.64154052734375,-0.017647292464971542,-0.02018512412905693,-0.2583298087120056,27.3094539642334,0,-0.08362570405006409,-0.020606279373168945,0.0454254150390625,-0.000682532787322998,0.001776035875082016,0.0005397796630859375,103295843336583,2.111,1424056,11867.133333333333,34,True,0.7641757130622864,1.1828174591064453,-5.198892593383789,0.7025187015533447,0.15096712112426758,-0.677050769329071,-0.15899279713630676,1416250,0.7637673020362854,1.1645777225494385,-5.201920986175537,0.7197523222325736,0.059297473105737596,-0.6910412412615404,-0.030040093205606817,-0.000672050073320662,-0.018439788504260715,-0.0012443877021920313,0.018493943661001096,0.029154599947395266,0.0030533366809630262,-0.15653325983805969,0.9872375727257804,18.32724722238938
103295945556656,65.141876019,70574441,7.347924143075943,-3.2190372943878174,0.460784912109375,-0.005773507058620453,-0.015924129635095596,-0.23968422412872314,27.3094539642334,0,-0.08362570405006409,-0.020606279373168945,0.0454254150390625,-0.000682532787322998,0.001776035875082016,0.0005397796630859375,103295943948921,1.608,1424068,11867.233333333334,34,True,0.7642039060592651,1.1819642782211304,-5.203104496002197,0.7112579345703125,0.12215863168239594,-0.6799672842025757,-0.12974615395069122,1416250,0.7637673020362854,1.1645777225494385,-5.201920986175537,0.7197523222325736,0.059297473105737596,-0.6910412412615404,-0.030040093205606817,0.0033955838775077563,-0.017065594381815156,-0.0010578918818544272,0.017432258508510167,0.02792252810444122,0.006124496040446181,-0.11498181448192293,0.99295619506147,13.609010209963229
103296045647769,65.241967132,70674439,7.302020460367203,-3.1690661907196045,0.238067626953125,0.005172528326511383,-0.015317525714635849,-0.2154591679573059,27.3094539642334,0,-0.08362570405006409,-0.020606279373168945,0.0454254150390625,-0.000682532787322998,0.001776035875082016,0.0005397796630859375,103296044180312,1.467,1424080,11867.333333333334,34,True,0.7646690607070923,1.1798288822174072,-5.206701278686523,0.7177002429962158,0.09241443872451782,-0.6832125782966614,-0.0979107916355133,1416250,0.7637673020362854,1.1645777225494385,-5.201920986175537,0.7197523222325736,0.059297473105737596,-0.6910412412615404,-0.030040093205606817,0.006707388089757311,-0.014478370525690759,-0.0012845109353505405,0.016008192790219773,0.025562328274145188,0.007246351083666502,-0.07109432085256669,0.9971156679702158,8.7055195462883
103296145737807,65.342057170,70774592,7.181258589029312,-2.7736189365386963,0.07177734375,0.03935568779706955,-0.011975090950727463,-0.18611162900924683,27.3094539642334,0,-0.08362570405006409,-0.020606279373168945,0.0454254150390625,-0.000682532787322998,0.001776035875082016,0.0005397796630859375,103296144657301,1.081,1424092,11867.433333333332,34,True,0.7650192379951477,1.1776751279830933,-5.209232330322266,0.720180094242096,0.07115715742111206,-0.6861794590950012,-0.07372279465198517,1416250,0.7637673020362854,1.1645777225494385,-5.201920986175537,0.7197523222325736,0.059297473105737596,-0.6910412412615404,-0.030040093205606817,0.008956159662933099,-0.012011417581245177,-0.0014415886207681471,0.015052080453230506,0.022944053017230525,0.006028894867641797,-0.038843265957323965,0.9989636747888213,5.2173884289113595
103296245975311,65.442294674,70874986,6.856483846902847,-2.5278360843658447,0.00128173828125,0.0347457155585289,-0.017136100679636,-0.1555899977684021,27.3094539642334,0,-0.08362570405006409,-0.020606279373168945,0.0454254150390625,-0.000682532787322998,0.001776035875082016,0.0005397796630859375,103296244941047,1.034,1424104,11867.533333333333,34,True,0.7651523947715759,1.1754077672958374,-5.21076774597168,0.7228154540061951,0.049212049692869186,-0.6874349117279053,-0.050491634756326675,1416250,0.7637673020362854,1.1645777225494385,-5.201920986175537,0.7197523222325736,0.059297473105737596,-0.6910412412615404,-0.030040093205606817,0.01019542505772023,-0.009566027056235044,-0.001420543641283817,0.01405252681851212,0.021383623234240735,0.006228105706368781,-0.006800549662064188,0.999728815169884,2.6687637919726956
103296346192311,65.542511674,70975195,6.182821661233902,-2.1273224353790283,0.166229248046875,0.03287338465452194,-0.01869390159845352,-0.11300921440124512,27.3094539642334,0,-0.08362570405006409,-0.020606279373168945,0.0454254150390625,-0.000682532787322998,0.001776035875082016,0.0005397796630859375,103296344274536,1.918,1424116,11867.633333333333,34,True,0.765209436416626,1.1735044717788696,-5.21204948425293,0.7242581248283386,0.02817859873175621,-0.688417375087738,-0.02716265618801117,1416250,0.7637673020362854,1.1645777225494385,-5.201920986175537,0.7197523222325736,0.059297473105737596,-0.6910412412615404,-0.030040093205606817,0.011226554172147624,-0.007516580965838746,-0.0013485431708627881,0.01357766830791853,0.019142438731873677,0.005766417880240404,0.02457466933869011,0.9994980745809974,3.6308255923694777
103296446311372,65.642630735,71075401,5.517336279153824,-1.8737577199935913,0.379669189453125,0.032528914511203766,-0.020337380468845367,-0.06255042552947998,27.3094539642334,0,-0.08362570405006409,-0.020606279373168945,0.0454254150390625,-0.000682532787322998,0.001776035875082016,0.0005397796630859375,103296445416002,0.895,1424128,11867.733333333334,34,True,0.7647929191589355,1.1712133884429932,-5.2124342918396,0.7238761782646179,0.012655835598707199,-0.6898134350776672,0.0007452754653058946,1416250,0.7637673020362854,1.1645777225494385,-5.201920986175537,0.7197523222325736,0.059297473105737596,-0.6910412412615404,-0.030040093205606817,0.011301505316516637,-0.005215828256866397,-0.000827442744114067,0.012474515955305313,0.009876767551876057,0.0033090954735535685,0.05505203650404836,0.9984291525324318,6.423792459391133
103296546423267,65.742742630,71175424,4.390943914651871,-1.2885431051254272,0.6118621826171875,0.012616164982318878,-0.02234865352511406,-0.0030770301818847656,27.3094539642334,0,-0.08362570405006409,-0.020606279373168945,0.0454254150390625,-0.000682532787322998,0.001776035875082016,0.0005397796630859375,103296544346678,2.077,1424140,11867.833333333334,34,True,0.7644270658493042,1.1691168546676636,-5.211198806762695,0.7238773703575134,-0.0018417037790641189,-0.689776599407196,0.014368373900651932,1416250,0.7637673020362854,1.1645777225494385,-5.201920986175537,0.7197523222325736,0.059297473105737596,-0.6910412412615404,-0.030040093205606817,0.00979703490749777,-0.00330854021440125,-0.0004343180794398194,0.010349732533895182,0.010087688226895953,0.002964123907374994,0.0748997600054998,0.9971356369455547,8.675317474955499
103296646541554,65.842860917,71275547,2.8410848677158356,-0.531349778175354,0.769012451171875,0.016378402709960938,-0.021607767790555954,0.054612040519714355,27.3094539642334,0,-0.08362570405006409,-0.020606279373168945,0.0454254150390625,-0.000682532787322998,0.001776035875082016,0.0005397796630859375,103296644074126,2.467,1424152,11867.933333333332,34,True,0.7642859816551208,1.1671680212020874,-5.209383487701416,0.7236747741699219,-0.007524954155087471,-0.6896056532859802,0.026121653616428375,1416250,0.7637673020362854,1.1645777225494385,-5.201920986175537,0.7197523222325736,0.059297473105737596,-0.6910412412615404,-0.030040093205606817,0.007745092878595131,-0.0016103864895074635,-0.0002963044667263208,0.007916287304074754,0.005551547539625184,0.0024209459832345015,0.0870951423035138,0.9961815876272722,10.01722272323601
103296746662363,65.942981726,71375680,1.3862581551074982,-0.14643418788909912,0.0711822509765625,-0.013375863432884216,-0.017904803156852722,0.10654973983764648,27.3094539642334,0,-0.08362570405006409,-0.020606279373168945,0.0454254150390625,-0.000682532787322998,0.001776035875082016,0.0005397796630859375,103296743691374,2.971,1424164,11868.033333333333,34,True,0.764197051525116,1.1681255102157593,-5.2087626457214355,0.7234416007995605,-0.012329020537436008,-0.6896350383758545,0.029728328809142113,1416250,0.7637673020362854,1.1645777225494385,-5.201920986175537,0.7197523222325736,0.059297473105737596,-0.6910412412615404,-0.030040093205606817,0.007247831245692621,-0.002641040242676103,-0.00027135946815701564,0.007718794419495273,0.006284189938658355,0.002169111565427373,0.09303230144049096,0.9956408965086345,10.703457853648212
103296846863213,66.043182576,71475635,0.9781331121921539,-0.47793567180633545,0.0193634033203125,0.00014207512140274048,-0.02134278416633606,0.11918246746063232,27.3094539642334,0,-0.08362570405006409,-0.020606279373168945,0.0454254150390625,-0.000682532787322998,0.001776035875082016,0.0005397796630859375,103296845282119,1.581,1424176,11868.133333333333,34,True,0.7635779976844788,1.1688356399536133,-5.207923412322998,0.7240518927574158,-0.005438806489109993,-0.6890172958374023,0.031215595081448555,1416250,0.7637673020362854,1.1645777225494385,-5.201920986175537,0.7197523222325736,0.059297473105737596,-0.6910412412615404,-0.030040093205606817,0.006482629825136395,-0.0034771038077249976,0.00028297716280082996,0.007361712872294763,0.0003973407683389215,0.0027402963547519255,0.0891184498738161,0.9960171859904277,10.230736215452314
103296946920574,66.143239937,71576083,0.5355942845344543,-0.5034061670303345,0.22955322265625,-0.0003182217478752136,-0.02049633115530014,0.12257611751556396,27.3094539642334,0,-0.08362570405006409,-0.020606279373168945,0.0454254150390625,-0.000682532787322998,0.001776035875082016,0.0005397796630859375,103296944433096,2.487,1424188,11868.233333333334,34,True,0.7639460563659668,1.168977975845337,-5.20693302154541,0.7220172882080078,-0.006101870443671942,-0.6915168762207031,0.021406855434179306,1416250,0.7637673020362854,1.1645777225494385,-5.201920986175537,0.7197523222325736,0.059297473105737596,-0.6910412412615404,-0.030040093205606817,0.005532965434862989,-0.0037260395595818973,-0.0001326778969743426,0.006671932308357406,0.008124746785042245,0.00013677385236293693,0.08277188582615948,0.9965353905905066,9.54157864590458
103297047732029,66.244051392,71675972,0.31348758935928345,-0.5958651304244995,0.414398193359375,-0.00830475240945816,-0.025187388062477112,0.12691032886505127,27.3094539642334,0,-0.08362570405006409,-0.020606279373168945,0.0454254150390625,-0.000682532787322998,0.001776035875082016,0.0005397796630859375,103297047497358,0.235,1424200,11868.333333333334,34,True,0.7641106247901917,1.1689401865005493,-5.206223011016846,0.7215974926948547,-0.005568902473896742,-0.6920156478881836,0.019506756216287613,1416250,0.7637673020362854,1.1645777225494385,-5.201920986175537,0.7197523222325736,0.059297473105737596,-0.6910412412615404,-0.030040093205606817,0.004830648094204476,-0.003770260389076521,-0.00032612200454255365,0.006136479444545352,0.009166230952992833,-0.0004156535225831036,0.08106532094479735,0.9966665546622815,9.359119878187869
103297147969443,66.344288806,71776999,0.023381981998682022,-0.7221318483352661,0.374908447265625,-0.002506416290998459,-0.02480241283774376,0.12817883491516113,27.3094539642334,0,-0.08362570405006409,-0.020606279373168945,0.0454254150390625,-0.000682532787322998,0.001776035875082016,0.0005397796630859375,103297143974415,3.995,1424212,11868.433333333332,34,True,0.7639720439910889,1.169062614440918,-5.205850601196289,0.7213497757911682,-0.0021712442394346,-0.6923307180404663,0.018111158162355423,1416250,0.7637673020362854,1.1645777225494385,-5.201920986175537,0.7197523222325736,0.059297473105737596,-0.6910412412615404,-0.030040093205606817,0.004471799761091274,-0.003944306482100804,-0.00020857140167398238,0.005966410039348171,0.007848918604999604,-0.0008329191297863915,0.07765021156776025,0.9969494196627718,8.953015269992402
103297248182867,66.444502230,71877117,-0.08157308399677277,-0.6779383420944214,0.3759307861328125,0.003080412745475769,-0.02562987059354782,0.12446784973144531,27.3094539642334,0,-0.08362570405006409,-0.020606279373168945,0.0454254150390625,-0.000682532787322998,0.001776035875082016,0.0005397796630859375,103297245148835,3.034,1424224,11868.533333333333,34,True,0.7639998197555542,1.1688876152038574,-5.205692768096924,0.7213040590286255,-0.0014547168975695968,-0.6924347281455994,0.015889758244156837,1416250,0.7637673020362854,1.1645777225494385,-5.201920986175537,0.7197523222325736,0.059297473105737596,-0.6910412412615404,-0.030040093205606817,0.00429420557794263,-0.003789396234588959,-0.00023633170870088723,0.0057319785453967,0.008960167486311283,-0.000829173980538944,0.07559982597959401,0.9970976352298617,8.732703579316736
103297348275606,66.544594969,71977403,-0.049856752157211304,-0.6957272291183472,0.37841796875,0.007267303764820099,-0.027779996395111084,0.12206518650054932,27.3094539642334,0,-0.08362570405006409,-0.020606279373168945,0.0454254150390625,-0.000682532787322998,0.001776035875082016,0.0005397796630859375,103297344605354,3.670,1424236,11868.633333333333,34,True,0.7639922499656677,1.168386459350586,-5.205719947814941,0.7215205430984497,-0.0017623993335291743,-0.692184329032898,0.01690797694027424,1416250,0.7637673020362854,1.1645777225494385,-5.201920986175537,0.7197523222325736,0.059297473105737596,-0.6910412412615404,-0.030040093205606817,0.004257274044263493,-0.003289598246112015,-0.00020820235404746108,0.005384160763667239,0.008418572120521854,-0.0005504841966760822,0.07653022617969846,0.9970315687537106,8.831584177500456
103297448387357,66.644706720,72077438,-0.0428575724363327,-0.389212965965271,0.208251953125,0.01453620195388794,-0.025387216359376907,0.12143230438232422,27.3094539642334,0,-0.08362570405006409,-0.020606279373168945,0.0454254150390625,-0.000682532787322998,0.001776035875082016,0.0005397796630859375,103297447547345,0.840,1424248,11868.733333333334,34,True,0.7638954520225525,1.1679153442382812,-5.205621242523193,0.7214388847351074,-0.0001696093095233664,-0.6922282576560974,0.018603459000587463,1416250,0.7637673020362854,1.1645777225494385,-5.201920986175537,0.7197523222325736,0.059297473105737596,-0.6910412412615404,-0.030040093205606817,0.004095996460252099,-0.0028392477902267794,-9.758574936410394e-05,0.004984780636616252,0.006102618927360367,-0.0007869165354975061,0.07655193288187934,0.9970466089289116,8.809171182095273
