local_ns,elapsed_s,bota_timestamp,fx,fy,fz,tx,ty,tz,bota_temperature,bota_status,force_zero_fx,force_zero_fy,force_zero_fz,torque_zero_tx,torque_zero_ty,torque_zero_tz,opti_local_ns,opti_dt_ms,opti_frame,opti_timestamp,opti_rigid_id,opti_seen,opti_px,opti_py,opti_pz,opti_qx,opti_qy,opti_qz,opti_qw,origin_frame,origin_px,origin_py,origin_pz,origin_qx,origin_qy,origin_qz,origin_qw,deflection_x_m,deflection_y_m,deflection_z_m,deflection_norm_m,rel_qx,rel_qy,rel_qz,rel_qw,reorientation_angle_deg
104013941741736,0.000019522,5537156,0.12554392218589783,0.11339855194091797,0.0649871826171875,0.0020096246153116226,-0.0018819347023963928,0.0006170272827148438,36.979888916015625,0,-0.09895560145378113,-0.10916781425476074,0.000274658203125,-0.0018476173281669617,0.0017451941967010498,-0.0004684925079345703,104013938721771,3.020,1510224,12585.2,34,True,-0.23478978872299194,1.0663604736328125,-5.242716312408447,0.7145482301712036,0.10598821192979813,-0.690079927444458,-0.044463783502578735,1510224,-0.23478978872299194,1.0663604736328125,-5.242716312408447,0.7145482270936487,0.10598821147330754,-0.690079924472288,-0.04446378331107349,0.0,0.0,-0.0,0.0,0.0,0.0,3.4694469519536134e-18,1.0,0.0
104014042032337,0.100310123,5538546,0.15665659308433533,0.1144399642944336,0.0224456787109375,0.002433115616440773,-0.0029697194695472717,0.0009387731552124023,36.979888916015625,0,-0.09895560145378113,-0.10916781425476074,0.000274658203125,-0.0018476173281669617,0.0017451941967010498,-0.0004684925079345703,104014035608315,6.424,1510236,12585.3,34,True,-0.23482652008533478,1.066482424736023,-5.24278450012207,0.7146741151809692,0.10513021051883698,-0.690051257610321,-0.04492136090993881,1510224,-0.23478978872299194,1.0663604736328125,-5.242716312408447,0.7145482270936487,0.10598821147330754,-0.690079924472288,-0.04446378331107349,9.163639648499094e-05,-0.00010773113194267172,2.945509960161559e-05,0.0001444673971626294,0.0009104146317106405,0.0001940044854887302,0.000309385943690399,0.9999995188937822,0.11240564659527029
104014142253479,0.200531265,5638728,0.05143579840660095,0.11066341400146484,0.1070556640625,0.001568550243973732,-0.0009727850556373596,0.000762939453125,36.979888916015625,0,-0.09895560145378113,-0.10916781425476074,0.000274658203125,-0.0018476173281669617,0.0017451941967010498,-0.0004684925079345703,104014137255196,4.998,1510248,12585.4,34,True,-0.23472991585731506,1.0664007663726807,-5.242956638336182,0.7143186926841736,0.10577671229839325,-0.6903618574142456,-0.04427920654416084,1510224,-0.23478978872299194,1.0663604736328125,-5.242716312408447,0.7145482270936487,0.10598821147330754,-0.690079924472288,-0.04446378331107349,0.00024482131117862095,1.659247456684513e-05,-5.245981178352346e-05,0.0002509279109063662,5.414986825882928e-05,-0.0003700106704807582,0.00026670693889216043,0.9999998945136466,0.05263392647087919
104014242510908,0.300788694,5739073,0.13185763359069824,-0.02731776237487793,0.108062744140625,-0.000748608261346817,-0.0023163538426160812,0.0009518861770629883,36.979888916015625,0,-0.09895560145378113,-0.10916781425476074,0.000274658203125,-0.0018476173281669617,0.0017451941967010498,-0.0004684925079345703,104014237241516,5.269,1510260,12585.5,34,True,-0.23484210669994354,1.066361904144287,-5.242753028869629,0.7146135568618774,0.10528142005205154,-0.6901010274887085,-0.044764451682567596,1510224,-0.23478978872299194,1.0663604736328125,-5.242716312408447,0.7145482270936487,0.10598821147330754,-0.690079924472288,-0.04446378331107349,3.485400510922385e-05,1.5974054816255923e-06,5.3572028341882296e-05,6.393211710157869e-05,0.0007019164856365833,9.329756222198335e-05,0.0003054138555385506,0.9999997026655503,0.08836702860301134
104014342695024,0.400972810,5839568,0.09859006106853485,0.1136927604675293,0.0218658447265625,0.0024306736886501312,-0.0022593922913074493,0.0002931356430053711,36.979888916015625,0,-0.09895560145378113,-0.10916781425476074,0.000274658203125,-0.0018476173281669617,0.0017451941967010498,-0.0004684925079345703,104014336916972,5.778,1510272,12585.6,34,True,-0.2347957044839859,1.0663294792175293,-5.242721080780029,0.7147731781005859,0.10540708154439926,-0.6899232864379883,-0.04465978592634201,1510224,-0.23478978872299194,1.0663604736328125,-5.242716312408447,0.7145482270936487,0.10598821147330754,-0.690079924472288,-0.04446378331107349,-2.087659124568825e-06,3.064301591367273e-05,8.662253143588754e-06,3.191218222606547e-05,0.0005144754642050913,0.00031377280755157105,0.00029686532773662283,0.9999997743662741,0.07697853498734583
104014442934829,0.501212615,5939435,0.1571643352508545,0.11412739753723145,0.0223388671875,0.002431180328130722,-0.0029767733067274094,0.00045859813690185547,36.979888916015625,0,-0.09895560145378113,-0.10916781425476074,0.000274658203125,-0.0018476173281669617,0.0017451941967010498,-0.0004684925079345703,104014436530098,6.405,1510284,12585.7,34,True,-0.2348051369190216,1.0664174556732178,-5.242837905883789,0.7145892977714539,0.10479407757520676,-0.6901980638504028,-0.044799357652664185,1510224,-0.23478978872299194,1.0663604736328125,-5.242716312408447,0.7145482270936487,0.10598821147330754,-0.690079924472288,-0.04446378331107349,0.0001305106261292356,-3.134619690387292e-05,1.5870907435551968e-05,0.00013515729094580635,0.0010745270977554622,3.258840201564306e-05,0.0006312990707991531,0.9999992228951958,0.14285894906999308
104014543151288,0.601429074,6039742,0.15376505255699158,0.011599540710449219,0.0224609375,-7.862411439418793e-05,-0.0022341981530189514,0.0009641647338867188,36.979888916015625,0,-0.09895560145378113,-0.10916781425476074,0.000274658203125,-0.0018476173281669617,0.0017451941967010498,-0.0004684925079345703,104014537536697,5.615,1510296,12585.8,34,True,-0.23482844233512878,1.0664713382720947,-5.242809772491455,0.7144240736961365,0.1049843430519104,-0.690318763256073,-0.04512835666537285,1510224,-0.23478978872299194,1.0663604736328125,-5.242716312408447,0.7145482270936487,0.10598821147330754,-0.690079924472288,-0.04446378331107349,0.00011391372062556372,-9.180803702575329e-05,3.338870588911296e-05,0.0001500661757033568,0.0011984535621148847,-0.00014126486519644435,0.00025616454577488337,0.9999992390662219,0.1413647355031249
104014643213760,0.701491546,6139888,0.13266634941101074,0.07895588874816895,-0.0202484130859375,0.001786019653081894,-0.0016213636845350266,0.0004826784133911133,36.979888916015625,0,-0.09895560145378113,-0.10916781425476074,0.000274658203125,-0.0018476173281669617,0.0017451941967010498,-0.0004684925079345703,104014635051676,8.162,1510308,12585.9,34,True,-0.23483635485172272,1.066400170326233,-5.24270486831665,0.7145061492919922,0.10543124377727509,-0.6901620626449585,-0.04518360272049904,1510224,-0.23478978872299194,1.0663604736328125,-5.242716312408447,0.7145482270936487,0.10598821147330754,-0.690079924472288,-0.04446378331107349,-3.8987548785850785e-06,-4.524472635004942e-05,4.2578321930839406e-05,6.225109678182664e-05,0.0009092745177994297,1.3328530787504175e-05,-9.95602202136375e-05,0.9999995815648945,0.10482906150673563
104014743440558,0.801718344,6239717,0.03576159477233887,0.09026646614074707,0.06475830078125,0.0017318986356258392,-7.718615233898163e-05,0.0006221532821655273,36.979888916015625,0,-0.09895560145378113,-0.10916781425476074,0.000274658203125,-0.0018476173281669617,0.0017451941967010498,-0.0004684925079345703,104014737772675,5.668,1510320,12586.0,34,True,-0.23484396934509277,1.0663244724273682,-5.242758750915527,0.7143388986587524,0.10498064011335373,-0.6904205083847046,-0.04492808133363724,1510224,-0.23478978872299194,1.0663604736328125,-5.242716312408447,0.7145482270936487,0.10598821147330754,-0.690079924472288,-0.04446378331107349,3.24295656841446e-05,3.907293293924028e-05,5.877314581445736e-05,7.76701582840159e-05,0.0010724735065504034,-0.00029380642856569056,0.000392512885901742,0.9999993047057557,0.1351300595659534
104014843649748,0.901927534,6340146,0.0945834368467331,0.06013369560241699,0.086090087890625,0.0005256757140159607,-0.0015040803700685501,0.0012592077255249023,36.979888916015625,0,-0.09895560145378113,-0.10916781425476074,0.000274658203125,-0.0018476173281669617,0.0017451941967010498,-0.0004684925079345703,104014837367075,6.283,1510332,12586.1,34,True,-0.2348027229309082,1.066269874572754,-5.242888927459717,0.7144097685813904,0.10502644628286362,-0.6903597712516785,-0.04462619870901108,1510224,-0.23478978872299194,1.0663604736328125,-5.242716312408447,0.7145482270936487,0.10598821147330754,-0.690079924472288,-0.04446378331107349,0.000148997011680065,0.00012325869197562733,2.7903847504826782e-05,0.0001953751246773873,0.0008155653403870006,-0.00023553362516004483,0.0005729160874536308,0.9999994755719844,0.1173574290826132
104014943752457,1.002030243,6440354,0.0819045752286911,0.08844709396362305,0.064727783203125,0.001710113137960434,-0.0013488717377185822,0.00013780593872070312,36.979888916015625,0,-0.09895560145378113,-0.10916781425476074,0.000274658203125,-0.0018476173281669617,0.0017451941967010498,-0.0004684925079345703,104014936145700,7.607,1510344,12586.2,34,True,-0.23484757542610168,1.066468596458435,-5.242748260498047,0.7142947912216187,0.10512696951627731,-0.6904199123382568,-0.04529520869255066,1510224,-0.23478978872299194,1.0663604736328125,-5.242716312408447,0.7145482270936487,0.10598821147330754,-0.690079924472288,-0.04446378331107349,5.2766897394323256e-05,-0.00010376923584499376,4.998128787343605e-05,0.00012669068200133845,0.0012357227159166678,-0.0002914133635836813,2.990488044703893e-05,0.9999991935863344,0.14552801127046605
104015044147944,1.102425730,6540569,0.17049551755189896,0.10771417617797852,-0.04266357421875,0.0010857488960027695,-0.0031445585191249847,0.0011070966720581055,36.979888916015625,0,-0.09895560145378113,-0.10916781425476074,0.000274658203125,-0.0018476173281669617,0.0017451941967010498,-0.0004684925079345703,104015043974744,0.173,1510357,12586.308333333332,34,True,-0.23482446372509003,1.0664249658584595,-5.242741107940674,0.7143123149871826,0.10528118908405304,-0.6903984546661377,-0.04498618096113205,1510224,-0.23478978872299194,1.0663604736328125,-5.242716312408447,0.7145482270936487,0.10598821147330754,-0.690079924472288,-0.04446378331107349,3.707481907791668e-05,-6.070980858857833e-05,3.0268767554668616e-05,7.730731762130046e-05,0.0009054302643469737,-0.00030359851177313995,0.00013386461949656955,0.9999995350520138,0.11050192106476009
104015145194886,1.203472672,6640675,0.11816629767417908,0.045905113220214844,-0.0212860107421875,0.00012921728193759918,-0.0021525397896766663,0.0007951259613037109,36.979888916015625,0,-0.09895560145378113,-0.10916781425476074,0.000274658203125,-0.0018476173281669617,0.0017451941967010498,-0.0004684925079345703,104015144944340,0.251,1510369,12586.408333333333,34,True,-0.23471806943416595,1.0662672519683838,-5.242848873138428,0.713973343372345,0.10623568296432495,-0.6906681656837463,-0.04397177696228027,1510224,-0.23478978872299194,1.0663604736328125,-5.242716312408447,0.7145482270936487,0.10598821147330754,-0.690079924472288,-0.04446378331107349,0.00011144100377857011,0.00012503495922250283,-5.790892755500928e-05,0.00017721817695010727,-0.0004344292356337903,-0.0008801928268628023,0.00012791792197780483,0.999999510084296,0.11343010236793302
104015245398938,1.303676724,6741974,0.1114455908536911,0.08850812911987305,0.064910888671875,0.0017093978822231293,-0.0017110295593738556,-1.9550323486328125e-05,36.979888916015625,0,-0.09895560145378113,-0.10916781425476074,0.000274658203125,-0.0018476173281669617,0.0017451941967010498,-0.0004684925079345703,104015244463116,0.936,1510381,12586.508333333333,34,True,-0.23471876978874207,1.0662790536880493,-5.242789268493652,0.7140203714370728,0.10641802102327347,-0.6905869245529175,-0.04404319450259209,1510224,-0.23478978872299194,1.0663604736328125,-5.242716312408447,0.7145482270936487,0.10598821147330754,-0.690079924472288,-0.04446378331107349,5.571546874713715e-05,0.00010097548371439775,-6.078836259193987e-05,0.0001303667396066918,-0.0005199274406806481,-0.0007902270188432925,-5.028309422531671e-05,0.9999995513440623,0.1085486313686227
104015345491648,1.403769434,6842127,0.08097681403160095,0.1107320785522461,0.10723876953125,0.0015677157789468765,-0.001334942877292633,0.0006055831909179688,37.13827133178711,0,-0.09895560145378113,-0.10916781425476074,0.000274658203125,-0.0018476173281669617,0.0017451941967010498,-0.0004684925079345703,104015344732057,0.760,1510393,12586.608333333334,34,True,-0.23481234908103943,1.066450595855713,-5.242727279663086,0.7144398093223572,0.10538160055875778,-0.6902373433113098,-0.04519825801253319,1510224,-0.23478978872299194,1.0663604736328125,-5.242716312408447,0.7145482270936487,0.10598821147330754,-0.690079924472288,-0.04446378331107349,2.9327010120393143e-05,-8.74726022484031e-05,1.5483404772172324e-05,9.354819875362596e-05,0.0009649328175260347,-8.248240370484217e-05,-7.78850616815624e-05,0.9999995280175026,0.11133471198163092
104015445706907,1.503984693,6942172,0.0936373919248581,-0.019952058792114258,0.0213470458984375,-0.0017154589295387268,-0.0015002656728029251,0.0012810230255126953,37.13827133178711,0,-0.09895560145378113,-0.10916781425476074,0.000274658203125,-0.0018476173281669617,0.0017451941967010498,-0.0004684925079345703,104015444941024,0.766,1510405,12586.708333333334,34,True,-0.23478537797927856,1.0664047002792358,-5.242803573608398,0.7144784927368164,0.10513509064912796,-0.6902493238449097,-0.044977154582738876,1510224,-0.23478978872299194,1.0663604736328125,-5.242716312408447,0.7145482270936487,0.10598821147330754,-0.690079924472288,-0.04446378331107349,9.475745031269317e-05,-2.435125390141611e-05,-4.2438160357019444e-06,9.792838164127205e-05,0.0009766050868346143,-7.682201957265322e-05,0.00025546988416586675,0.9999994875378787,0.11601082879147574
104015545948160,1.604225946,7042410,0.07373230159282684,0.09693408012390137,0.064239501953125,0.0011834129691123962,-0.0016009975224733353,0.0012491941452026367,37.13827133178711,0,-0.09895560145378113,-0.10916781425476074,0.000274658203125,-0.0018476173281669617,0.0017451941967010498,-0.0004684925079345703,104015544518702,1.429,1510417,12586.808333333332,34,True,-0.23481398820877075,1.066386103630066,-5.242799282073975,0.714693546295166,0.10505085438489914,-0.6900670528411865,-0.04455200582742691,1510224,-0.23478978872299194,1.0663604736328125,-5.242716312408447,0.7145482270936487,0.10598821147330754,-0.690079924472288,-0.04446378331107349,8.588914756691129e-05,-9.724202341737746e-06,2.5592410748785423e-05,9.014697592758323e-05,0.0007020648807943565,0.0001605082567225358,0.0006237360697767363,0.999999546147556,0.1091754477050775
104015646196794,1.704474580,7142739,0.14388880133628845,0.16127681732177734,0.021697998046875,0.003008240833878517,-0.003518141806125641,0.000759124755859375,37.13827133178711,0,-0.09895560145378113,-0.10916781425476074,0.000274658203125,-0.0018476173281669617,0.0017451941967010498,-0.0004684925079345703,104015645197637,0.999,1510429,12586.908333333333,34,True,-0.23480121791362762,1.0663249492645264,-5.242711544036865,0.7150604128837585,0.10523061454296112,-0.6896435022354126,-0.04479897394776344,1510224,-0.23478978872299194,1.0663604736328125,-5.242716312408447,0.7145482270936487,0.10598821147330754,-0.690079924472288,-0.04446378331107349,-1.2505406548223888e-05,3.255548656091789e-05,1.411026612454201e-05,3.7621064688015725e-05,0.0006932829826936382,0.0007345057544848599,0.00034491188890697563,0.9999994304477335,0.12230224771394146
104015746306333,1.804584119,7242977,0.15544049441814423,-0.04155397415161133,0.000701904296875,-0.001144949346780777,-0.002964932471513748,0.0004878044128417969,37.13827133178711,0,-0.09895560145378113,-0.10916781425476074,0.000274658203125,-0.0018476173281669617,0.0017451941967010498,-0.0004684925079345703,104015745237341,1.069,1510441,12587.008333333333,34,True,-0.23479606211185455,1.066375494003296,-5.242753505706787,0.7153033018112183,0.10496842861175537,-0.6894180774688721,-0.04500691220164299,1510224,-0.23478978872299194,1.0663604736328125,-5.242716312408447,0.7145482270936487,0.10598821147330754,-0.690079924472288,-0.04446378331107349,3.9368443943928094e-05,-7.384714492883275e-06,6.625706903348448e-06,4.0599364264440004e-05,0.0009881019615430309,0.0010968921202534343,0.0004044824703969864,0.9999988284373744,0.17540841434007706
104015846403382,1.904681168,7342991,0.10220520198345184,0.10117602348327637,0.0221099853515625,0.001644335687160492,-0.0012450385838747025,0.0011078119277954102,37.13827133178711,0,-0.09895560145378113,-0.10916781425476074,0.000274658203125,-0.0018476173281669617,0.0017451941967010498,-0.0004684925079345703,104015845335695,1.068,1510453,12587.108333333334,34,True,-0.23502326011657715,1.0665537118911743,-5.242839813232422,0.7116679549217224,0.10590462386608124,-0.6929713487625122,-0.045866142958402634,1510224,-0.23478978872299194,1.0663604736328125,-5.242716312408447,0.7145482270936487,0.10598821147330754,-0.690079924472288,-0.04446378331107349,0.00015589608764066432,-0.00018325512881566216,0.00022184755410151067,0.00032726498382768253,0.0014942603709424964,-0.00390132977270552,-0.0010847240630009471,0.9999906850494437,0.49460470123470557
104015946524371,2.004802157,7443079,0.19191241264343262,0.02140355110168457,0.0436248779296875,-0.00016394630074501038,-0.0030544381588697433,0.0001571178436279297,37.13827133178711,0,-0.09895560145378113,-0.10916781425476074,0.000274658203125,-0.0018476173281669617,0.0017451941967010498,-0.0004684925079345703,104015945513954,1.010,1510465,12587.208333333334,34,True,-0.23479332029819489,1.066434383392334,-5.242730140686035,0.7151269912719727,0.10579954087734222,-0.6894271969795227,-0.04571777954697609,1510224,-0.23478978872299194,1.0663604736328125,-5.242716312408447,0.7145482270936487,0.10598821147330754,-0.690079924472288,-0.04446378331107349,2.914884528863656e-05,-6.937368079032987e-05,-1.995762742911057e-06,7.527513425418413e-05,0.0009313230518363941,0.0010070965735632376,-0.0006982238955705877,0.9999988154379266,0.1763788800139939
104016046584032,2.104861818,7543181,0.07451090216636658,0.09673595428466797,-0.000213623046875,0.0011740867048501968,-0.0016141906380653381,0.0007789134979248047,37.13827133178711,0,-0.09895560145378113,-0.10916781425476074,0.000274658203125,-0.0018476173281669617,0.0017451941967010498,-0.0004684925079345703,104016044227727,2.356,1510477,12587.308333333332,34,True,-0.23478074371814728,1.066368579864502,-5.2426910400390625,0.7149889469146729,0.10604283213615417,-0.6895416975021362,-0.04558487981557846,1510224,-0.23478978872299194,1.0663604736328125,-5.242716312408447,0.7145482270936487,0.10598821147330754,-0.690079924472288,-0.04446378331107349,-2.2732750966532454e-05,-1.2379841565161587e-05,-1.0778558135403423e-05,2.8039539210963437e-05,0.000686743108703633,0.0008051153960318969,-0.0007898957866608117,0.9999991281184939,0.15132002010611587
104016147704135,2.205981921,7642991,0.17001986503601074,0.08895039558410645,0.0653839111328125,0.00170990452170372,-0.0024284105747938156,0.00014591217041015625,37.13827133178711,0,-0.09895560145378113,-0.10916781425476074,0.000274658203125,-0.0018476173281669617,0.0017451941967010498,-0.0004684925079345703,104016147435281,0.269,1510489,12587.408333333333,34,True,-0.23468126356601715,1.0663135051727295,-5.2428083419799805,0.7146986722946167,0.1069437637925148,-0.689746618270874,-0.04492851346731186,1510224,-0.23478978872299194,1.0663604736328125,-5.242716312408447,0.7145482270936487,0.10598821147330754,-0.690079924472288,-0.04446378331107349,8.262012789020363e-05,7.481563335099714e-05,-0.00010014850697465718,0.0001498438786722948,-0.00036935123010618803,0.00034875099244741087,-0.0010023637387230786,0.9999993686094754,0.12877058800043384
104016247784916,2.306062702,7744343,0.12744443118572235,0.06528425216674805,0.0225067138671875,0.0018365345895290375,-0.0026140399277210236,0.0006258487701416016,37.13827133178711,0,-0.09895560145378113,-0.10916781425476074,0.000274658203125,-0.0018476173281669617,0.0017451941967010498,-0.0004684925079345703,104016245432155,2.353,1510501,12587.508333333333,34,True,-0.23476575314998627,1.0664730072021484,-5.242772102355957,0.7154514193534851,0.10555252432823181,-0.6891574263572693,-0.0452759712934494,1510224,-0.23478978872299194,1.0663604736328125,-5.242716312408447,0.7145482270936487,0.10598821147330754,-0.690079924472288,-0.04446378331107349,7.904831331551191e-05,-9.568864855580109e-05,-3.080710859325983e-05,0.00012788288095104777,0.0007430731868350582,0.001387898930610476,-0.0001944451742710504,0.9999987418841445,0.18177242003136104
104016347996721,2.406274507,7844595,0.06881634891033173,0.1085963249206543,0.042388916015625,0.001538153737783432,-0.001895863562822342,-3.4689903259277344e-05,37.13827133178711,0,-0.09895560145378113,-0.10916781425476074,0.000274658203125,-0.0018476173281669617,0.0017451941967010498,-0.0004684925079345703,104016347845261,0.151,1510513,12587.608333333334,34,True,-0.2348577082157135,1.0665218830108643,-5.242652416229248,0.7141202092170715,0.1061054915189743,-0.6904141902923584,-0.04584963247179985,1510224,-0.23478978872299194,1.0663604736328125,-5.242716312408447,0.7145482270936487,0.10598821147330754,-0.690079924472288,-0.04446378331107349,-2.9763719244468636e-05,-0.00017667126801297514,5.147961350177009e-05,0.00018641021037182396,0.0009637829904009798,-0.0003925466353392748,-0.0010706510636453587,0.9999988853672721,0.1710935200836276
104016448232477,2.506510263,7944634,0.11796069145202637,0.1030418872833252,0.0437774658203125,0.002090420573949814,-0.0014376025646924973,0.0003066062927246094,37.13827133178711,0,-0.09895560145378113,-0.10916781425476074,0.000274658203125,-0.0018476173281669617,0.0017451941967010498,-0.0004684925079345703,104016445177603,3.055,1510525,12587.708333333334,34,True,-0.23488694429397583,1.0665256977081299,-5.242682456970215,0.7133061289787292,0.10522368550300598,-0.6914889812469482,-0.04433170333504677,1510224,-0.23478978872299194,1.0663604736328125,-5.242716312408447,0.7145482270936487,0.10598821147330754,-0.690079924472288,-0.04446378331107349,-3.432485926273588e-07,-0.0001767160951736895,8.158244065094988e-05,0.00019463912950791416,0.0006377783099515422,-0.0018439912257152136,0.0005684406628395332,0.9999979349030675,0.23288307206125666
104016548672952,2.606950738,8044989,0.1109938770532608,0.09071969985961914,0.022613525390625,0.002141406759619713,-0.0024090372025966644,0.002379894256591797,37.13827133178711,0,-0.09895560145378113,-0.10916781425476074,0.000274658203125,-0.0018476173281669617,0.0017451941967010498,-0.0004684925079345703,104016548412270,0.261,1510537,12587.808333333332,34,True,-0.23465317487716675,1.0668421983718872,-5.243974208831787,0.7142402529716492,0.10159139335155487,-0.6913259029388428,-0.04010692238807678,1510224,-0.23478978872299194,1.0663604736328125,-5.242716312408447,0.7145482270936487,0.10598821147330754,-0.690079924472288,-0.04446378331107349,0.0013346281755692753,-0.0001927516272239251,-0.00012099554594311751,0.0013538927132379865,6.672139233758478e-05,-0.0013691151784395728,0.006171080080543397,0.9999800192216461,0.7243935090414139
104016648881537,2.707159323,8145291,0.2338705211877823,0.06991660594940186,-0.227630615234375,0.004953067749738693,0.004199392162263393,0.004308223724365234,37.13827133178711,0,-0.09895560145378113,-0.10916781425476074,0.000274658203125,-0.0018476173281669617,0.0017451941967010498,-0.0004684925079345703,104016646428220,2.453,1510549,12587.908333333333,34,True,-0.2347065806388855,1.0681753158569336,-5.244447231292725,0.7146954536437988,0.09839072078466415,-0.6914785504341125,-0.0372440479695797,1510224,-0.23478978872299194,1.0663604736328125,-5.242716312408447,0.7145482270936487,0.10598821147330754,-0.690079924472288,-0.04446378331107349,0.002079052450270309,-0.0013962072831012967,-0.0001574871401140748,0.002509313863920054,0.00022571832362851263,-0.0013251812512284356,0.010488760243069859,0.9999440878641432,1.211776959979827
104016748997636,2.807275422,8245657,0.3560064733028412,-0.01579916477203369,-0.29425048828125,0.002022547647356987,-0.0033066309988498688,0.004264712333679199,37.13827133178711,0,-0.09895560145378113,-0.10916781425476074,0.000274658203125,-0.0018476173281669617,0.0017451941967010498,-0.0004684925079345703,104016744588108,4.410,1510561,12588.008333333333,34,True,-0.23472651839256287,1.0694770812988281,-5.244822978973389,0.7150552272796631,0.09628165513277054,-0.6915825605392456,-0.033757079392671585,1510224,-0.23478978872299194,1.0663604736328125,-5.242716312408447,0.7145482270936487,0.10598821147330754,-0.690079924472288,-0.04446378331107349,0.002722629740825295,-0.0025865343293174697,-0.00022894967145163067,0.003762351723911787,-0.0008154380273968365,-0.0014270293877287066,0.014444832162426372,0.9998943171514425,1.6659950477092758
104016849207838,2.907485624,8345822,0.28827692568302155,-0.12019193172454834,-0.3556365966796875,0.001987174153327942,0.0017547663301229477,0.004667043685913086,37.13827133178711,0,-0.09895560145378113,-0.10916781425476074,0.000274658203125,-0.0018476173281669617,0.0017451941967010498,-0.0004684925079345703,104016845198408,4.009,1510573,12588.108333333334,34,True,-0.23488537967205048,1.0712616443634033,-5.244704723358154,0.714643120765686,0.09741369634866714,-0.6917296648025513,-0.036138683557510376,1510224,-0.23478978872299194,1.0663604736328125,-5.242716312408447,0.7145482270936487,0.10598821147330754,-0.690079924472288,-0.04446378331107349,0.0029829489464184497,-0.0043630736222642266,-0.0002235943081119818,0.00529002743517053,0.00013904916507941067,-0.0016144417382137344,0.011955299188734721,0.9999272198837831,1.382536584307838
104016949514043,3.007791829,8446002,0.250899076461792,-0.08097529411315918,-0.4400787353515625,0.005809154361486435,0.0008031148463487625,0.0041811466217041016,37.13827133178711,0,-0.09895560145378113,-0.10916781425476074,0.000274658203125,-0.0018476173281669617,0.0017451941967010498,-0.0004684925079345703,104016949253726,0.260,1510585,12588.208333333334,34,True,-0.2349376380443573,1.0737146139144897,-5.244268417358398,0.7148993015289307,0.09757189452648163,-0.6914186477661133,-0.03659335896372795,1510224,-0.23478978872299194,1.0663604736328125,-5.242716312408447,0.7145482270936487,0.10598821147330754,-0.690079924472288,-0.04446378331107349,0.003077544527645343,-0.006847488958055092,-0.00039355194034945294,0.007517597254447663,0.00031041237258117027,-0.0011742637810704948,0.01154182003252983,0.9999326533017452,1.3299282696397365
104017049682613,3.107960399,8546146,0.27042849361896515,-0.34705686569213867,-0.2213287353515625,0.004883650690317154,0.0009237127378582954,0.0056569576263427734,37.13827133178711,0,-0.09895560145378113,-0.10916781425476074,0.000274658203125,-0.0018476173281669617,0.0017451941967010498,-0.0004684925079345703,104017044904117,4.778,1510597,12588.308333333332,34,True,-0.2352466881275177,1.0773574113845825,-5.243684768676758,0.7144920825958252,0.09624844789505005,-0.6919148564338684,-0.03861545771360397,1510224,-0.23478978872299194,1.0663604736328125,-5.242716312408447,0.7145482270936487,0.10598821147330754,-0.690079924472288,-0.04446378331107349,0.003275008643024271,-0.010544348685431169,-0.0004127150517645176,0.011048950381180589,0.002739282150838504,-0.00153667838688748,0.011070980124504814,0.9999337819835452,1.3187367410799495
104017149911182,3.208188968,8646328,0.3538525104522705,-0.522315263748169,-0.0198974609375,0.006505167111754417,0.009088783524930477,0.005959630012512207,37.13827133178711,0,-0.09895560145378113,-0.10916781425476074,0.000274658203125,-0.0018476173281669617,0.0017451941967010498,-0.0004684925079345703,104017149350405,0.561,1510609,12588.408333333333,34,True,-0.23558703064918518,1.0812568664550781,-5.24326229095459,0.7148269414901733,0.09391022473573685,-0.6918705105781555,-0.038968171924352646,1510224,-0.23478978872299194,1.0663604736328125,-5.242716312408447,0.7145482270936487,0.10598821147330754,-0.690079924472288,-0.04446378331107349,0.0036837387565953556,-0.014460086815857507,-0.0004149270152646255,0.014927699299522857,0.004585285105473998,-0.0011325619496320158,0.012531871721114807,0.9999103183061455,1.5346974546572454
104017250124753,3.308402539,8746571,0.3245694488286972,-0.7465798854827881,-0.037017822265625,0.0071074217557907104,0.009447094053030014,0.007616996765136719,37.13827133178711,0,-0.09895560145378113,-0.10916781425476074,0.000274658203125,-0.0018476173281669617,0.0017451941967010498,-0.0004684925079345703,104017244902253,5.223,1510621,12588.508333333333,34,True,-0.23570933938026428,1.0853116512298584,-5.24278450012207,0.7155711650848389,0.08984062820672989,-0.691821813583374,-0.03562500327825546,1510224,-0.23478978872299194,1.0663604736328125,-5.242716312408447,0.7145482270936487,0.10598821147330754,-0.690079924472288,-0.04446378331107349,0.004076975803531979,-0.01851901177864725,-0.0006494815856457321,0.018973596266663673,0.004966524473601651,-0.0007575786508470239,0.017823562059520095,0.9998285254706186,2.1221380960305156
104017350247858,3.408525644,8846788,0.21401268243789673,-0.9825718402862549,-0.073822021484375,0.008391249924898148,0.013627633452415466,0.011391520500183105,37.13827133178711,0,-0.09895560145378113,-0.10916781425476074,0.000274658203125,-0.0018476173281669617,0.0017451941967010498,-0.0004684925079345703,104017349767618,0.480,1510633,12588.608333333334,34,True,-0.23603501915931702,1.089734673500061,-5.242484092712402,0.7161657214164734,0.08685784786939621,-0.6915212273597717,-0.036889031529426575,1510224,-0.23478978872299194,1.0663604736328125,-5.242716312408447,0.7145482270936487,0.10598821147330754,-0.690079924472288,-0.04446378331107349,0.004716741369553374,-0.022917549546947535,-0.0007042853660355533,0.02340849726618228,0.007869795475869593,0.00013409388309448822,0.019132272310878353,0.99978597934469,2.3708452992455853
104017450506950,3.508784736,8946870,0.30238212645053864,-1.3043746948242188,-0.0876007080078125,0.008413281291723251,0.015719326213002205,0.013281941413879395,37.13827133178711,0,-0.09895560145378113,-0.10916781425476074,0.000274658203125,-0.0018476173281669617,0.0017451941967010498,-0.0004684925079345703,104017445525003,4.982,1510645,12588.708333333334,34,True,-0.2362184375524521,1.0939819812774658,-5.242529392242432,0.7162573337554932,0.08342187851667404,-0.6918816566467285,-0.036278631538152695,1510224,-0.23478978872299194,1.0663604736328125,-5.242716312408447,0.7145482270936487,0.10598821147330754,-0.690079924472288,-0.04446378331107349,0.005660355963910262,-0.02705966008668037,-0.0008711070801952073,0.02765906110463664,0.009838855969123915,2.785060483295743e-05,0.022034397525512093,0.9997087983324197,2.765509115077451
104017550613126,3.608890912,9047123,0.14141111075878143,-1.4068937301635742,-0.2351226806640625,0.010491762310266495,0.017689358443021774,0.015401721000671387,37.13827133178711,0,-0.09895560145378113,-0.10916781425476074,0.000274658203125,-0.0018476173281669617,0.0017451941967010498,-0.0004684925079345703,104017543938335,6.675,1510657,12588.808333333332,34,True,-0.23633025586605072,1.097516655921936,-5.242375373840332,0.7173740863800049,0.07346037030220032,-0.692158579826355,-0.0299094058573246,1510224,-0.23478978872299194,1.0663604736328125,-5.242716312408447,0.7145482270936487,0.10598821147330754,-0.690079924472288,-0.04446378331107349,0.006259408807569191,-0.03054333645762773,-0.0010589487121865522,0.031196105092770276,0.01214166966731918,0.00036848769651837143,0.033678326273438024,0.9993589017034507,4.103487758895449
104017650908110,3.709185896,9147443,0.2839727997779846,-1.6532056331634521,-0.4663238525390625,0.009730692952871323,0.012758982367813587,0.021070122718811035,37.13827133178711,0,-0.09895560145378113,-0.10916781425476074,0.000274658203125,-0.0018476173281669617,0.0017451941967010498,-0.0004684925079345703,104017646478741,4.429,1510669,12588.908333333333,34,True,-0.2363523542881012,1.0999301671981812,-5.2425761222839355,0.7173837423324585,0.06823012977838516,-0.6929236650466919,-0.023706920444965363,1510224,-0.23478978872299194,1.0663604736328125,-5.242716312408447,0.7145482270936487,0.10598821147330754,-0.690079924472288,-0.04446378331107349,0.006968616496455425,-0.032852949502780324,-0.0012278776739259244,0.033606332595048666,0.011399639799691892,-0.0005963732497725749,0.04173083917837461,0.9990636764555365,4.959232739792943
104017751035479,3.809313265,9247710,0.2687220275402069,-1.74379301071167,-0.5324554443359375,0.00862613320350647,0.005178770981729031,0.024039626121520996,37.13827133178711,0,-0.09895560145378113,-0.10916781425476074,0.000274658203125,-0.0018476173281669617,0.0017451941967010498,-0.0004684925079345703,104017745420825,5.615,1510681,12589.008333333333,34,True,-0.23641325533390045,1.1016350984573364,-5.242032051086426,0.7179073691368103,0.06578969210386276,-0.6926252841949463,-0.023471703752875328,1510224,-0.23478978872299194,1.0663604736328125,-5.242716312408447,0.7145482270936487,0.10598821147330754,-0.690079924472288,-0.04446378331107349,0.006798525352178999,-0.03463248091025987,-0.0013320408930415394,0.035318593034044686,0.012860756071952265,6.175949812092796e-05,0.04367919965287387,0.9989628244618047,5.219528849449258
104017851218247,3.909496033,9347632,0.10420820116996765,-1.801220178604126,-0.873565673828125,0.009964939206838608,0.00789135042577982,0.028104782104492188,37.13827133178711,0,-0.09895560145378113,-0.10916781425476074,0.000274658203125,-0.0018476173281669617,0.0017451941967010498,-0.0004684925079345703,104017844563298,6.655,1510693,12589.108333333334,34,True,-0.23657356202602386,1.1023627519607544,-5.240550518035889,0.7167277932167053,0.060454245656728745,-0.6944819688796997,-0.018476005643606186,1510224,-0.23478978872299194,1.0663604736328125,-5.242716312408447,0.7145482270936487,0.10598821147330754,-0.690079924472288,-0.04446378331107349,0.005502259071066251,-0.03566621347077864,-0.0012972736932230983,0.036111446346877484,0.013222208203261159,-0.0023711838713671445,0.050896597722856346,0.9986135824419351,6.034827207957951
104017951454686,4.009732472,9447968,0.16451238095760345,-1.8190171718597412,-0.9822845458984375,0.010148867964744568,-0.002726171165704727,0.034248948097229004,37.13827133178711,0,-0.09895560145378113,-0.10916781425476074,0.000274658203125,-0.0018476173281669617,0.0017451941967010498,-0.0004684925079345703,104017949325771,2.129,1510705,12589.208333333334,34,True,-0.23652389645576477,1.1037139892578125,-5.240411281585693,0.7164633274078369,0.05964597314596176,-0.6948726773262024,-0.016573643311858177,1510224,-0.23478978872299194,1.0663604736328125,-5.242716312408447,0.7145482270936487,0.10598821147330754,-0.690079924472288,-0.04446378331107349,0.005655094853756709,-0.0370064898770203,-0.0014645939528881789,0.03746472242349899,0.012473820527335394,-0.0029985554901874045,0.052776270207289366,0.9985239495222091,6.2268967592187385
104018051645914,4.109923700,9548131,0.1001066118478775,-2.027184247970581,-1.1957550048828125,0.007792167365550995,-0.003011520951986313,0.03526508808135986,37.13827133178711,0,-0.09895560145378113,-0.10916781425476074,0.000274658203125,-0.0018476173281669617,0.0017451941967010498,-0.0004684925079345703,104018043751316,7.895,1510717,12589.308333333332,34,True,-0.23673702776432037,1.1063662767410278,-5.240444660186768,0.7161480784416199,0.0550638772547245,-0.6955739855766296,-0.016637295484542847,1510224,-0.23478978872299194,1.0663604736328125,-5.242716312408447,0.7145482270936487,0.10598821147330754,-0.690079924472288,-0.04446378331107349,0.006246843977726034,-0.03960090068085857,-0.0014703848531424735,0.04011753265136863,0.015769662884455495,-0.003506737316172959,0.05600424351907549,0.9982998273233158,6.683065114868275
104018151751395,4.210029181,9648317,-0.0074644386768341064,-2.0307016372680664,-0.91253662109375,0.011330503970384598,0.00362204946577549,0.03689277172088623,37.13827133178711,0,-0.09895560145378113,-0.10916781425476074,0.000274658203125,-0.0018476173281669617,0.0017451941967010498,-0.0004684925079345703,104018145574969,6.176,1510729,12589.408333333333,34,True,-0.23670314252376556,1.1092076301574707,-5.240463733673096,0.7170589566230774,0.050421010702848434,-0.6950922608375549,-0.01144828274846077,1510224,-0.23478978872299194,1.0663604736328125,-5.242716312408447,0.7145482270936487,0.10598821147330754,-0.690079924472288,-0.04446378331107349,0.006871063290422704,-0.04236012739565271,-0.001738376327937178,0.042948968043184155,0.015174253289055507,-0.002877477699422204,0.06297774969644525,0.9978954179684267,7.435783763320244
104018252036759,4.310314545,9748372,-0.0042219460010528564,-2.2710657119750977,-1.1655120849609375,0.010229069739580154,0.004628950729966164,0.04020130634307861,37.13827133178711,0,-0.09895560145378113,-0.10916781425476074,0.000274658203125,-0.0018476173281669617,0.0017451941967010498,-0.0004684925079345703,104018246185841,5.851,1510741,12589.508333333333,34,True,-0.23681454360485077,1.1129369735717773,-5.241419315338135,0.7171132564544678,0.04818057268857956,-0.6951822638511658,-0.012205401435494423,1510224,-0.23478978872299194,1.0663604736328125,-5.242716312408447,0.7145482270936487,0.10598821147330754,-0.690079924472288,-0.04446378331107349,0.008595377906933162,-0.04580047118722462,-0.001894333117911502,0.046638526780939424,0.017268457118036384,-0.0027244539716024248,0.06406593517369444,0.9977925303837663,7.6154385231397494
104018352235450,4.410513236,9848820,0.1409495323896408,-2.4764697551727295,-1.20428466796875,0.009382281452417374,0.0049588484689593315,0.03805434703826904,37.13827133178711,0,-0.09895560145378113,-0.10916781425476074,0.000274658203125,-0.0018476173281669617,0.0017451941967010498,-0.0004684925079345703,104018349207924,3.028,1510753,12589.608333333334,34,True,-0.2369460016489029,1.1170690059661865,-5.242646217346191,0.718849778175354,0.04588191583752632,-0.6935316324234009,-0.012799710035324097,1510224,-0.23478978872299194,1.0663604736328125,-5.242716312408447,0.7145482270936487,0.10598821147330754,-0.690079924472288,-0.04446378331107349,0.010669911305461058,-0.04957774218665322,-0.002051801967003204,0.050754402950921006,0.019027216586890196,-0.00018146293089210674,0.06540897433081654,0.9976771011590628,7.812083540578591
104018452473861,4.510751647,9948954,0.19567309319972992,-2.6388657093048096,-1.1789703369140625,0.010965641587972641,0.005343996919691563,0.034592509269714355,37.13827133178711,0,-0.09895560145378113,-0.10916781425476074,0.000274658203125,-0.0018476173281669617,0.0017451941967010498,-0.0004684925079345703,104018446086960,6.387,1510765,12589.708333333334,34,True,-0.2370709478855133,1.121325135231018,-5.243953227996826,0.719262957572937,0.04067626968026161,-0.6934224367141724,-0.01309907715767622,1510224,-0.23478978872299194,1.0663604736328125,-5.242716312408447,0.7145482270936487,0.10598821147330754,-0.690079924472288,-0.04446378331107349,0.012849267685408363,-0.053458435877914226,-0.002222526791388197,0.055025881836666506,0.0228034965665801,0.000444881570474176,0.06896101208111625,0.9973586022276413,8.330674603191948
104018554289502,4.612567288,10049170,0.38963979482650757,-2.9832942485809326,-1.2345428466796875,0.008599638938903809,0.011780275031924248,0.03448796272277832,37.13827133178711,0,-0.09895560145378113,-0.10916781425476074,0.000274658203125,-0.0018476173281669617,0.0017451941967010498,-0.0004684925079345703,104018553981985,0.308,1510778,12589.816666666666,34,True,-0.23706962168216705,1.1259405612945557,-5.244880676269531,0.7193402051925659,0.03629961609840393,-0.6936548948287964,-0.008655129931867123,1510224,-0.23478978872299194,1.0663604736328125,-5.242716312408447,0.7145482270936487,0.10598821147330754,-0.690079924472288,-0.04446378331107349,0.01473752238947987,-0.05775719737401208,-0.0025652563897007397,0.059662961333023935,0.022669525888079845,5.568263100891314e-05,0.07517354433720143,0.9969127483020954,9.00669465702845
104018654834025,4.713111811,10150882,0.37746185064315796,-3.1310513019561768,-1.20703125,0.011600024998188019,0.015111127868294716,0.03520941734313965,37.13827133178711,0,-0.09895560145378113,-0.10916781425476074,0.000274658203125,-0.0018476173281669617,0.0017451941967010498,-0.0004684925079345703,104018654564823,0.269,1510790,12589.916666666666,34,True,-0.23708099126815796,1.1298062801361084,-5.244884490966797,0.719731330871582,0.03140350803732872,-0.6935057044029236,-0.007115579675883055,1510224,-0.23478978872299194,1.0663604736328125,-5.242716312408447,0.7145482270936487,0.10598821147330754,-0.690079924472288,-0.04446378331107349,0.015563721295303147,-0.06152100382245557,-0.0028736106794526256,0.06352417626555679,0.024914943681768977,0.0004867196350845092,0.07976927770803588,0.9965018168670187,9.587725275551373
104018756199737,4.814477523,10251508,0.4604726731777191,-3.3078362941741943,-1.286224365234375,0.012121446430683136,0.019387057051062584,0.03758275508880615,37.13827133178711,0,-0.09895560145378113,-0.10916781425476074,0.000274658203125,-0.0018476173281669617,0.0017451941967010498,-0.0004684925079345703,104018755869343,0.330,1510802,12590.016666666666,34,True,-0.23718275129795074,1.1328539848327637,-5.245002269744873,0.7201626896858215,0.030788728967308998,-0.6930654644966125,-0.008838171139359474,1510224,-0.23478978872299194,1.0663604736328125,-5.242716312408447,0.7145482270936487,0.10598821147330754,-0.690079924472288,-0.04446378331107349,0.016324864826869404,-0.06447264076050632,-0.0030193185122287737,0.06657581319463658,0.02650422570829999,0.0013088741054452238,0.0790459880874069,0.9965177091429259,9.565909240258849
104018856964524,4.915242310,10352814,0.3454139232635498,-3.5664055347442627,-1.3035888671875,0.011685512959957123,0.023966606706380844,0.03671610355377197,37.13827133178711,0,-0.09895560145378113,-0.10916781425476074,0.000274658203125,-0.0018476173281669617,0.0017451941967010498,-0.0004684925079345703,104018856689379,0.275,1510814,12590.116666666667,34,True,-0.23724080622196198,1.1356853246688843,-5.245065212249756,0.7198318839073181,0.028588712215423584,-0.6935250759124756,-0.006916855927556753,1510224,-0.23478978872299194,1.0663604736328125,-5.242716312408447,0.7145482270936487,0.10598821147330754,-0.690079924472288,-0.04446378331107349,0.016987493810353547,-0.06722119753587796,-0.003193030583000271,0.06940792309540965,0.026712962547173133,0.0006463614831401232,0.08192924028883616,0.9962798800710976,9.88737085327947
104018957078301,5.015356087,10453899,0.37637361884117126,-3.633540391921997,-1.2983245849609375,0.013355303555727005,0.029943391680717468,0.03730130195617676,37.13827133178711,0,-0.09895560145378113,-0.10916781425476074,0.000274658203125,-0.0018476173281669617,0.0017451941967010498,-0.0004684925079345703,104018953373317,3.705,1510826,12590.216666666667,34,True,-0.23719827830791473,1.1384586095809937,-5.245573997497559,0.7209175825119019,0.027860425412654877,-0.6924048066139221,-0.008789170533418655,1510224,-0.23478978872299194,1.0663604736328125,-5.242716312408447,0.7145482270936487,0.10598821147330754,-0.690079924472288,-0.04446378331107349,0.018075776388073637,-0.06981062234307105,-0.003442631172968285,0.07219493329418362,0.028386389429089286,0.0024268924039426714,0.08122285354134046,0.9962886986968394,9.875637518019147
104019057414742,5.115692528,10553815,0.4060955047607422,-3.7987616062164307,-1.3802490234375,0.01278197392821312,0.033453576266765594,0.03660404682159424,37.13827133178711,0,-0.09895560145378113,-0.10916781425476074,0.000274658203125,-0.0018476173281669617,0.0017451941967010498,-0.0004684925079345703,104019057149234,0.266,1510838,12590.316666666666,34,True,-0.23720356822013855,1.1411433219909668,-5.24574613571167,0.7199661731719971,0.029438123106956482,-0.6933170557022095,-0.00967385619878769,1510224,-0.23478978872299194,1.0663604736328125,-5.242716312408447,0.7145482270936487,0.10598821147330754,-0.690079924472288,-0.04446378331107349,0.01881518165300949,-0.07238875975462024,-0.003651981629256882,0.07488311271086627,0.02806879359220913,0.0011421138193705715,0.07942473304816709,0.9964449559220666,9.665378505192361
104019157616525,5.215894311,10654076,0.4107038080692291,-3.9560048580169678,-1.4221038818359375,0.01317085325717926,0.028804808855056763,0.03627192974090576,37.13827133178711,0,-0.09895560145378113,-0.10916781425476074,0.000274658203125,-0.0018476173281669617,0.0017451941967010498,-0.0004684925079345703,104019153913830,3.703,1510850,12590.416666666666,34,True,-0.23732703924179077,1.1446359157562256,-5.244985580444336,0.7204471826553345,0.025260793045163155,-0.6929823160171509,-0.009658390656113625,1510224,-0.23478978872299194,1.0663604736328125,-5.242716312408447,0.7145482270936487,0.10598821147330754,-0.690079924472288,-0.04446378331107349,0.018812541322056238,-0.07595978279431313,-0.003851200342275485,0.07834942282639769,0.030883568210299663,0.0018973371747104673,0.0824564064578661,0.9961142235508438,10.105254671443184
104019258595502,5.316873288,10754198,0.40810295939445496,-4.112731218338013,-1.3776092529296875,0.012726683169603348,0.02566273882985115,0.03882241249084473,37.13827133178711,0,-0.09895560145378113,-0.10916781425476074,0.000274658203125,-0.0018476173281669617,0.0017451941967010498,-0.0004684925079345703,104019258251869,0.344,1510862,12590.516666666666,34,True,-0.23734377324581146,1.1475211381912231,-5.245211601257324,0.7201247215270996,0.02495175413787365,-0.6933119893074036,-0.010785424150526524,1510224,-0.23478978872299194,1.0663604736328125,-5.242716312408447,0.7145482270936487,0.10598821147330754,-0.690079924472288,-0.04446378331107349,0.019646965314111666,-0.0787228578126572,-0.004063395956492544,0.08123917020098734,0.031951428548453016,0.0015724390511786537,0.0818799671455811,0.9961286586728554,10.086455244966588
104019358820163,5.417097949,10855275,0.3371443450450897,-4.301561117172241,-1.2882843017578125,0.012733068317174911,0.02900443971157074,0.0388796329498291,37.13827133178711,0,-0.09895560145378113,-0.10916781425476074,0.000274658203125,-0.0018476173281669617,0.0017451941967010498,-0.0004684925079345703,104019354495730,4.324,1510874,12590.616666666667,34,True,-0.2371630221605301,1.1493297815322876,-5.246399402618408,0.7208029627799988,0.021872034296393394,-0.6927439570426941,-0.008402356877923012,1510224,-0.23478978872299194,1.0663604736328125,-5.242716312408447,0.7145482270936487,0.10598821147330754,-0.690079924472288,-0.04446378331107349,0.021196649507630505,-0.08021820027822435,-0.004341179279299254,0.08308491706538355,0.0322835023052898,0.0023307250630647536,0.08577170920023164,0.9957889119188141,10.520038053763418
104019459041230,5.517319016,10955612,0.5500437915325165,-4.478677034378052,-1.34747314453125,0.011796653270721436,0.03062291443347931,0.03756248950958252,37.13827133178711,0,-0.09895560145378113,-0.10916781425476074,0.000274658203125,-0.0018476173281669617,0.0017451941967010498,-0.0004684925079345703,104019457526198,1.515,1510886,12590.716666666667,34,True,-0.2371993213891983,1.1514146327972412,-5.24760103225708,0.7211759090423584,0.017922673374414444,-0.6924991011619568,-0.0053916629403829575,1510224,-0.23478978872299194,1.0663604736328125,-5.242716312408447,0.7145482270936487,0.10598821147330754,-0.690079924472288,-0.04446378331107349,0.0228131766096093,-0.08199910774888901,-0.004425113354704527,0.08522837747392073,0.03281505811491376,0.0026195547048255556,0.09069998238741832,0.9953340258872824,11.074083664041472
104019559244828,5.617522614,11055678,0.6442714035511017,-4.557640790939331,-1.4098052978515625,0.01144445315003395,0.03052195906639099,0.03697216510772705,37.13827133178711,0,-0.09895560145378113,-0.10916781425476074,0.000274658203125,-0.0018476173281669617,0.0017451941967010498,-0.0004684925079345703,104019556571380,2.673,1510898,12590.816666666666,34,True,-0.23714759945869446,1.1531155109405518,-5.248814105987549,0.7216358184814453,0.01622740738093853,-0.6920554637908936,-0.006144284270703793,1510224,-0.23478978872299194,1.0663604736328125,-5.242716312408447,0.7145482270936487,0.10598821147330754,-0.690079924472288,-0.04446378331107349,0.024361369598102298,-0.08339585510390299,-0.004564414426784156,0.08700102790350216,0.0344552398269833,0.0034090760158326794,0.09142097692535667,0.9952102389079389,11.220134202183228
104019661272395,5.719550181,11156055,0.6474175155162811,-4.475657224655151,-1.323822021484375,0.014141008257865906,0.031194336712360382,0.03359580039978027,37.13827133178711,0,-0.09895560145378113,-0.10916781425476074,0.000274658203125,-0.0018476173281669617,0.0017451941967010498,-0.0004684925079345703,104019660971223,0.301,1510910,12590.916666666666,34,True,-0.23713430762290955,1.153287410736084,-5.249497413635254,0.7216828465461731,0.01469594705849886,-0.6920410990715027,-0.00608757184818387,1510224,-0.23478978872299194,1.0663604736328125,-5.242716312408447,0.7145482270936487,0.10598821147330754,-0.690079924472288,-0.04446378331107349,0.02506572093169775,-0.0834186413822236,-0.004562061046787037,0.08722254580598064,0.03546793351770868,0.003513877191001436,0.09255876359154681,0.9950691200321082,11.384355716043611
104019762609615,5.820887401,11258047,0.6903386414051056,-4.643083333969116,-1.5794525146484375,0.01206132397055626,0.03206032142043114,0.0322498083114624,37.13827133178711,0,-0.09895560145378113,-0.10916781425476074,0.000274658203125,-0.0018476173281669617,0.0017451941967010498,-0.0004684925079345703,104019762329332,0.280,1510923,12591.025,34,True,-0.2371186763048172,1.153533697128296,-5.249575138092041,0.7217883467674255,0.014043204486370087,-0.691947340965271,-0.005763750057667494,1510224,-0.23478978872299194,1.0663604736328125,-5.242716312408447,0.7145482270936487,0.10598821147330754,-0.690079924472288,-0.04446378331107349,0.02519445028190136,-0.08364070380793154,-0.004594610236666093,0.0874736423256755,0.035672364837929064,0.003648377702033523,0.09325565877194966,0.994996258201016,11.468228285096243
104019863572384,5.921850170,11359320,0.6427601277828217,-4.5442492961883545,-1.6016082763671875,0.012844104319810867,0.03405751660466194,0.03272545337677002,37.13827133178711,0,-0.09895560145378113,-0.10916781425476074,0.000274658203125,-0.0018476173281669617,0.0017451941967010498,-0.0004684925079345703,104019863317426,0.255,1510935,12591.125,34,True,-0.23713941872119904,1.1540169715881348,-5.249288082122803,0.7218387722969055,0.015440878458321095,-0.6918566823005676,-0.006685958709567785,1510224,-0.23478978872299194,1.0663604736328125,-5.242716312408447,0.7145482270936487,0.10598821147330754,-0.690079924472288,-0.04446378331107349,0.02501640050377411,-0.08417330969027294,-0.004626466655946923,0.08793389876548414,0.03535496921302506,0.003783552649668619,0.09162186762329305,0.9951588537788894,11.280207501204726
104019963676034,6.021953820,11460314,0.6692646443843842,-4.56567645072937,-1.6025848388671875,0.01195790246129036,0.03126086667180061,0.03317904472351074,37.13827133178711,0,-0.09895560145378113,-0.10916781425476074,0.000274658203125,-0.0018476173281669617,0.0017451941967010498,-0.0004684925079345703,104019956871055,6.805,1510946,12591.216666666667,34,True,-0.23715950548648834,1.1541122198104858,-5.249161720275879,0.7218689918518066,0.015515309758484364,-0.6918193697929382,-0.007102240342646837,1510224,-0.23478978872299194,1.0663604736328125,-5.242716312408447,0.7145482270936487,0.10598821147330754,-0.690079924472288,-0.04446378331107349,0.02491274229281462,-0.08429436488776483,-0.004619861141606157,0.08802004202082363,0.03559575983048472,0.003871879507817255,0.09128295714095527,0.9951810750646186,11.254268276905153
104020063891604,6.122169390,11560261,0.6400928795337677,-4.566272020339966,-1.6009521484375,0.012570157647132874,0.034796953201293945,0.0336989164352417,37.13827133178711,0,-0.09895560145378113,-0.10916781425476074,0.000274658203125,-0.0018476173281669617,0.0017451941967010498,-0.0004684925079345703,104020062967090,0.925,1510959,12591.325,34,True,-0.23711362481117249,1.1538236141204834,-5.249250888824463,0.7217289209365845,0.015247362665832043,-0.6919755339622498,-0.006695082876831293,1510224,-0.23478978872299194,1.0663604736328125,-5.242716312408447,0.7145482270936487,0.10598821147330754,-0.690079924472288,-0.04446378331107349,0.024939565978926985,-0.08399054092958658,-0.0046377721166229345,0.08773768772350646,0.03551251016071642,0.0036323925472868668,0.09174748572923483,0.9951422341599372,11.299569023516732
104020164102426,6.222380212,11660609,0.6720879375934601,-4.619550943374634,-1.686981201171875,0.01149367168545723,0.03369075059890747,0.032594919204711914,37.13827133178711,0,-0.09895560145378113,-0.10916781425476074,0.000274658203125,-0.0018476173281669617,0.0017451941967010498,-0.0004684925079345703,104020161499965,2.602,1510971,12591.425,34,True,-0.23712505400180817,1.153693437576294,-5.249542236328125,0.7217263579368591,0.015355365350842476,-0.6919719576835632,-0.007079407572746277,1510224,-0.23478978872299194,1.0663604736328125,-5.242716312408447,0.7145482270936487,0.10598821147330754,-0.690079924472288,-0.04446378331107349,0.02519615109408337,-0.08380370194651185,-0.00460291239732374,0.08763043587951112,0.03571233400636338,0.003669111065448649,0.09140466947699481,0.9951664952266072,11.271294242818012
104020264831782,6.323109568,11760821,0.6072575747966766,-4.564073801040649,-1.6244049072265625,0.011561356484889984,0.03413442522287369,0.0316009521484375,37.13827133178711,0,-0.09895560145378113,-0.10916781425476074,0.000274658203125,-0.0018476173281669617,0.0017451941967010498,-0.0004684925079345703,104020264538590,0.293,1510983,12591.525,34,True,-0.23710432648658752,1.1538523435592651,-5.250056743621826,0.7218801379203796,0.015413944609463215,-0.6918027400970459,-0.0077759926207363605,1510224,-0.23478978872299194,1.0663604736328125,-5.242716312408447,0.7145482270936487,0.10598821147330754,-0.690079924472288,-0.04446378331107349,0.025733045261632483,-0.08384858608233865,-0.004614250994494042,0.08782975759208704,0.03614488072516925,0.003967370835860851,0.0908908877216462,0.995196791642329,11.235886052788642
104020364948975,6.423226761,11861650,0.6845826804637909,-4.513047456741333,-1.581298828125,0.013028915971517563,0.03248385339975357,0.029984593391418457,37.13827133178711,0,-0.09895560145378113,-0.10916781425476074,0.000274658203125,-0.0018476173281669617,0.0017451941967010498,-0.0004684925079345703,104020362173625,2.775,1510995,12591.625,34,True,-0.23729486763477325,1.154026985168457,-5.2507476806640625,0.7215516567230225,0.013571870513260365,-0.6921974420547485,-0.006470491178333759,1510224,-0.23478978872299194,1.0663604736328125,-5.242716312408447,0.7145482270936487,0.10598821147330754,-0.690079924472288,-0.04446378331107349,0.026440313542992214,-0.08389080630740119,-0.004408852241027823,0.08806926558817699,0.036539652146256686,0.0034021965692913607,0.09309076736040627,0.9949810992736421,11.48560128767124
104020465234766,6.523512552,11961703,0.8258664309978485,-4.558046579360962,-1.5364837646484375,0.012050889432430267,0.03287098556756973,0.030186057090759277,37.13827133178711,0,-0.09895560145378113,-0.10916781425476074,0.000274658203125,-0.0018476173281669617,0.0017451941967010498,-0.0004684925079345703,104020462118962,3.116,1511007,12591.725,34,True,-0.23718367516994476,1.153980016708374,-5.251335144042969,0.7221040725708008,0.0135765690356493,-0.6916413903236389,-0.0037046594079583883,1510224,-0.23478978872299194,1.0663604736328125,-5.242716312408447,0.7145482270936487,0.10598821147330754,-0.690079924472288,-0.04446378331107349,0.027006923303661806,-0.08371179658991885,-0.004490042894393833,0.08807496397862061,0.03447659238472775,0.0038873789257534153,0.09502988040892789,0.994869626982395,11.612559349172724
104020565340271,6.623618057,12061989,0.8009304702281952,-4.570226430892944,-1.4706268310546875,0.011908020824193954,0.03882315382361412,0.0276869535446167,37.13827133178711,0,-0.09895560145378113,-0.10916781425476074,0.000274658203125,-0.0018476173281669617,0.0017451941967010498,-0.0004684925079345703,104020562132207,3.208,1511019,12591.825,34,True,-0.23717345297336578,1.1537303924560547,-5.251351833343506,0.722043514251709,0.013825668022036552,-0.6916975378990173,-0.004068165551871061,1510224,-0.23478978872299194,1.0663604736328125,-5.242716312408447,0.7145482270936487,0.10598821147330754,-0.690079924472288,-0.04446378331107349,0.026970352886118272,-0.0834643448410532,-0.0044788388796974925,0.08782799549265759,0.03457308276507216,0.00383292043617306,0.09459712325190356,0.9949077318734203,11.569317106254436
104020665592447,6.723870233,12162099,0.8424534499645233,-4.589048147201538,-1.5140533447265625,0.011464264243841171,0.035841431468725204,0.02830946445465088,37.13827133178711,0,-0.09895560145378113,-0.10916781425476074,0.000274658203125,-0.0018476173281669617,0.0017451941967010498,-0.0004684925079345703,104020662299999,3.292,1511031,12591.925,34,True,-0.23714309930801392,1.1532179117202759,-5.251186847686768,0.7216025590896606,0.01392492838203907,-0.6921560168266296,-0.004002899397164583,1510224,-0.23478978872299194,1.0663604736328125,-5.242716312408447,0.7145482270936487,0.10598821147330754,-0.690079924472288,-0.04446378331107349,0.02670088925785096,-0.08299728741814706,-0.004473855585269868,0.08730121757300058,0.03452614732680613,0.003189689719427069,0.09454488015259922,0.9949165978448606,11.559232693974419
104020765829871,6.824107657,12262318,0.7044048607349396,-4.437636613845825,-1.7939453125,0.012855008244514465,0.04034924507141113,0.02930271625518799,37.13827133178711,0,-0.09895560145378113,-0.10916781425476074,0.000274658203125,-0.0018476173281669617,0.0017451941967010498,-0.0004684925079345703,104020762314802,3.515,1511043,12592.025,34,True,-0.2371673434972763,1.1536760330200195,-5.251051902770996,0.7217919230461121,0.013347231782972813,-0.6919690370559692,-0.004142335150390863,1510224,-0.23478978872299194,1.0663604736328125,-5.242716312408447,0.7145482270936487,0.10598821147330754,-0.690079924472288,-0.04446378331107349,0.026665974910538355,-0.0834738037186832,-0.0044935085738332095,0.08774475337305257,0.0349962018783416,0.0034944373176163395,0.094873211460705,0.9948678950036814,11.614521023430193
104020866116824,6.924394610,12362602,0.8787948787212372,-4.7054808139801025,-1.663787841796875,0.00896911695599556,0.03432765603065491,0.03042316436767578,37.13827133178711,0,-0.09895560145378113,-0.10916781425476074,0.000274658203125,-0.0018476173281669617,0.0017451941967010498,-0.0004684925079345703,104020862445739,3.671,1511055,12592.125,34,True,-0.237014040350914,1.1558313369750977,-5.251029014587402,0.7224869728088379,0.01442563347518444,-0.6912118196487427,-0.005552475340664387,1510224,-0.23478978872299194,1.0663604736328125,-5.242716312408447,0.7145482270936487,0.10598821147330754,-0.690079924472288,-0.04446378331107349,0.027106191383258718,-0.0855631520949203,-0.0048254629114599795,0.0898837232208045,0.035148469299668875,0.004616653731389476,0.09316952578331701,0.9950189501107637,11.442172919497885
104020966192976,7.024470762,12462864,0.814528077840805,-4.622379541397095,-1.3634796142578125,0.013387683779001236,0.032311633229255676,0.02904951572418213,37.13827133178711,0,-0.09895560145378113,-0.10916781425476074,0.000274658203125,-0.0018476173281669617,0.0017451941967010498,-0.0004684925079345703,104020961797419,4.396,1511067,12592.225,34,True,-0.23706886172294617,1.1592658758163452,-5.250706195831299,0.7222170829772949,0.012352664023637772,-0.6915257573127747,-0.0064853401854634285,1510224,-0.23478978872299194,1.0663604736328125,-5.242716312408447,0.7145482270936487,0.10598821147330754,-0.690079924472288,-0.04446378331107349,0.027520484840295376,-0.08897962123425528,-0.005069130585947491,0.09327618219960468,0.03729083652971782,0.004397129547757673,0.09399236941611461,0.9948645602564195,11.61829709628876
104021066406282,7.124684068,12562759,0.6556876599788666,-4.950238943099976,-1.5316925048828125,0.012298274785280228,0.032834358513355255,0.031198978424072266,37.13827133178711,0,-0.09895560145378113,-0.10916781425476074,0.000274658203125,-0.0018476173281669617,0.0017451941967010498,-0.0004684925079345703,104021063315029,3.091,1511079,12592.325,34,True,-0.23716123402118683,1.1641137599945068,-5.250092506408691,0.7220644950866699,0.013634713366627693,-0.691615641117096,-0.010236803442239761,1510224,-0.23478978872299194,1.0663604736328125,-5.242716312408447,0.7145482270936487,0.10598821147330754,-0.690079924472288,-0.04446378331107349,0.02795053152795934,-0.09383650854126935,-0.00540503814342006,0.09805986429341512,0.03910303282261293,0.004568211527307353,0.09047529834339317,0.9951202463306581,11.325133703090167
104021166694163,7.224971949,12663040,0.8334968984127045,-5.156925439834595,-1.2698974609375,0.012309547513723373,0.02995956689119339,0.03121793270111084,37.13827133178711,0,-0.09895560145378113,-0.10916781425476074,0.000274658203125,-0.0018476173281669617,0.0017451941967010498,-0.0004684925079345703,104021162886783,3.807,1511091,12592.425,34,True,-0.23722371459007263,1.1687794923782349,-5.249273777008057,0.7216208577156067,0.015561733394861221,-0.6919605731964111,-0.014549687504768372,1510224,-0.23478978872299194,1.0663604736328125,-5.242716312408447,0.7145482270936487,0.10598821147330754,-0.690079924472288,-0.04446378331107349,0.02814228470483552,-0.09855638569340855,-0.005764580515599978,0.10265758490183158,0.040911284575495525,0.0043870281002307285,0.08609043459887536,0.9954373198998556,10.950725768039446
104021266932627,7.325210413,12763355,0.7294977605342865,-5.402592897415161,-1.0744781494140625,0.01248897984623909,0.02876889705657959,0.03120744228363037,37.13827133178711,0,-0.09895560145378113,-0.10916781425476074,0.000274658203125,-0.0018476173281669617,0.0017451941967010498,-0.0004684925079345703,104021262474007,4.459,1511103,12592.525,34,True,-0.23719656467437744,1.171020269393921,-5.248954772949219,0.7209441065788269,0.015515011735260487,-0.6926613450050354,-0.014803211204707623,1510224,-0.23478978872299194,1.0663604736328125,-5.242716312408447,0.7145482270936487,0.10598821147330754,-0.690079924472288,-0.04446378331107349,0.02830828901378515,-0.10080244741026462,-0.005990924667253737,0.1048731796464466,0.04122904489159024,0.0034482283365736555,0.08590829762563254,0.9954436397796371,10.94313330804984
104021367127740,7.425405526,12863610,0.7420824468135834,-5.492753267288208,-1.1583251953125,0.012206394225358963,0.029316604137420654,0.0323718786239624,37.13827133178711,0,-0.09895560145378113,-0.10916781425476074,0.000274658203125,-0.0018476173281669617,0.0017451941967010498,-0.0004684925079345703,104021362335432,4.792,1511115,12592.625,34,True,-0.23710447549819946,1.170768141746521,-5.249262809753418,0.721796452999115,0.011333314701914787,-0.6919128894805908,-0.011748334392905235,1510224,-0.23478978872299194,1.0663604736328125,-5.242716312408447,0.7145482270936487,0.10598821147330754,-0.690079924472288,-0.04446378331107349,0.028557819853135852,-0.10048405055961102,-0.006048311472362759,0.10463830829718788,0.041814666426801934,0.004433376114962584,0.09106148872260081,0.9949571267745473,11.513021819782221
104021467344597,7.525622383,12963689,0.6802815496921539,-5.547259569168091,-1.2194976806640625,0.01151106134057045,0.03713088482618332,0.034397125244140625,37.13827133178711,0,-0.09895560145378113,-0.10916781425476074,0.000274658203125,-0.0018476173281669617,0.0017451941967010498,-0.0004684925079345703,104021462471405,4.873,1511127,12592.725,34,True,-0.2370961308479309,1.1700513362884521,-5.249934196472168,0.72212153673172,0.01023776549845934,-0.6916237473487854,-0.009613964706659317,1510224,-0.23478978872299194,1.0663604736328125,-5.242716312408447,0.7145482270936487,0.10598821147330754,-0.690079924472288,-0.04446378331107349,0.029061255855608342,-0.09964455915355042,-0.005968023275320962,0.10396736056390636,0.041000470136669534,0.004686809802087799,0.09333878980018788,0.9947788023380311,11.714987672192596
104021567544450,7.625822236,13063949,0.7037365138530731,-5.4164087772369385,-1.4120330810546875,0.01307341456413269,0.040367767214775085,0.033806443214416504,37.13827133178711,0,-0.09895560145378113,-0.10916781425476074,0.000274658203125,-0.0018476173281669617,0.0017451941967010498,-0.0004684925079345703,104021561465472,6.079,1511139,12592.825,34,True,-0.23706884682178497,1.169175386428833,-5.250420093536377,0.7225326895713806,0.009072299115359783,-0.6912203431129456,-0.008869153447449207,1510224,-0.23478978872299194,1.0663604736328125,-5.242716312408447,0.7145482270936487,0.10598821147330754,-0.690079924472288,-0.04446378331107349,0.029350116156055196,-0.09868734179422305,-0.005901516241974679,0.10312831154798388,0.04121149695374249,0.005231670065951988,0.09471119817854984,0.9946376380806913,11.872439043278858
104021667748862,7.726026648,13164323,0.7607056200504303,-5.44487738609314,-1.540924072265625,0.011452436447143555,0.041070304811000824,0.032090067863464355,37.13827133178711,0,-0.09895560145378113,-0.10916781425476074,0.000274658203125,-0.0018476173281669617,0.0017451941967010498,-0.0004684925079345703,104021663226868,4.522,1511151,12592.925,34,True,-0.23735924065113068,1.1684622764587402,-5.250602722167969,0.7219510078430176,0.007823427207767963,-0.6918548941612244,-0.007896609604358673,1510224,-0.23478978872299194,1.0663604736328125,-5.242716312408447,0.7145482270936487,0.10598821147330754,-0.690079924472288,-0.04446378331107349,0.029369434610454857,-0.09798091768341352,-0.005545427214298385,0.10243815540320277,0.04147150768745825,0.004329297260644183,0.09624127367874209,0.9944842826691891,12.041163382365838
104021770271258,7.828549044,13264390,0.7615310251712799,-5.356312990188599,-1.5408477783203125,0.011896245181560516,0.04353410005569458,0.032901883125305176,37.13827133178711,0,-0.09895560145378113,-0.10916781425476074,0.000274658203125,-0.0018476173281669617,0.0017451941967010498,-0.0004684925079345703,104021769954904,0.316,1511164,12593.033333333333,34,True,-0.23726484179496765,1.1684184074401855,-5.251030445098877,0.7215654850006104,0.0088761942461133,-0.6922561526298523,-0.0067778644151985645,1510224,-0.23478978872299194,1.0663604736328125,-5.242716312408447,0.7145482270936487,0.10598821147330754,-0.690079924472288,-0.04446378331107349,0.029780253353048517,-0.09783995595853054,-0.005617123053161692,0.10242593686724721,0.04000528654970004,0.00361115328249223,0.09623802304917421,0.9945475250281575,11.97187008811363
104021870774924,7.929052710,13366946,0.7004910409450531,-5.366939306259155,-1.519866943359375,0.012829933315515518,0.043222520500421524,0.030964136123657227,37.13827133178711,0,-0.09895560145378113,-0.10916781425476074,0.000274658203125,-0.0018476173281669617,0.0017451941967010498,-0.0004684925079345703,104021870475048,0.300,1511176,12593.133333333333,34,True,-0.23701000213623047,1.1680048704147339,-5.251286506652832,0.7219144701957703,0.008956956677138805,-0.6918926239013672,-0.006624750792980194,1510224,-0.23478978872299194,1.0663604736328125,-5.242716312408447,0.7145482270936487,0.10598821147330754,-0.690079924472288,-0.04446378331107349,0.02994875013014889,-0.09736065611718463,-0.005825459657461483,0.10202921627723838,0.03978610072220857,0.00409192058716884,0.09630680124794859,0.9945477979507162,11.971570186745172
104021970942463,8.029220249,13467354,0.8366779983043671,-5.333081007003784,-1.4122772216796875,0.012199785560369492,0.042617317289114,0.030804038047790527,37.13827133178711,0,-0.09895560145378113,-0.10916781425476074,0.000274658203125,-0.0018476173281669617,0.0017451941967010498,-0.0004684925079345703,104021961329376,9.613,1511187,12593.225,34,True,-0.23720002174377441,1.1676043272018433,-5.251620292663574,0.7221231460571289,0.007868223823606968,-0.6916937232017517,-0.006001937203109264,1510224,-0.23478978872299194,1.0663604736328125,-5.242716312408447,0.7145482270936487,0.10598821147330754,-0.690079924472288,-0.04446378331107349,0.030184759525721232,-0.09691778027486894,-0.005588571559183337,0.10166320855208882,0.0400620242659795,0.004360446125753592,0.097527819907129,0.9944165852727211,12.114900384238505
104022071166789,8.129444575,13567428,0.821244090795517,-5.281845331192017,-1.6073455810546875,0.01218092069029808,0.04032660275697708,0.030307769775390625,37.13827133178711,0,-0.09895560145378113,-0.10916781425476074,0.000274658203125,-0.0018476173281669617,0.0017451941967010498,-0.0004684925079345703,104022070842589,0.324,1511200,12593.333333333334,34,True,-0.2375190705060959,1.1678593158721924,-5.252506256103516,0.7218482494354248,0.0011002528481185436,-0.6919697523117065,-0.010572756640613079,1510224,-0.23478978872299194,1.0663604736328125,-5.242716312408447,0.7145482270936487,0.10598821147330754,-0.690079924472288,-0.04446378331107349,0.03109639635707598,-0.09700888211260461,-0.005253368196227723,0.10200640642890389,0.04804001375534308,0.004758891832141566,0.09919276586900098,0.9938965264182051,12.667102947077531
104022171373760,8.229651546,13667992,0.8186741769313812,-5.1990697383880615,-1.6300811767578125,0.013407144695520401,0.039298538118600845,0.028520584106445312,37.13827133178711,0,-0.09895560145378113,-0.10916781425476074,0.000274658203125,-0.0018476173281669617,0.0017451941967010498,-0.0004684925079345703,104022170721067,0.653,1511212,12593.433333333332,34,True,-0.23744551837444305,1.1672698259353638,-5.252840995788574,0.7215880751609802,0.0004386058426462114,-0.6922698616981506,-0.00853720959275961,1510224,-0.23478978872299194,1.0663604736328125,-5.242716312408447,0.7145482270936487,0.10598821147330754,-0.690079924472288,-0.04446378331107349,0.03129974180352574,-0.09635810373595634,-0.00526322174082856,0.10145077375579661,0.04708548386013901,0.004178583586147033,0.10105600526060078,0.9937571033455004,12.811113998209358
104022271609462,8.329887248,13768035,0.866595596075058,-5.331660032272339,-1.9539642333984375,0.009872622787952423,0.03339463844895363,0.028687357902526855,37.13827133178711,0,-0.09895560145378113,-0.10916781425476074,0.000274658203125,-0.0018476173281669617,0.0017451941967010498,-0.0004684925079345703,104022270425591,1.184,1511224,12593.533333333333,34,True,-0.23740212619304657,1.1666147708892822,-5.253267288208008,0.7219647169113159,-0.00045540224527940154,-0.691882848739624,-0.008061966858804226,1510224,-0.23478978872299194,1.0663604736328125,-5.242716312408447,0.7145482270936487,0.10598821147330754,-0.690079924472288,-0.04446378331107349,0.03157780089612931,-0.09562700003433314,-0.005233628833517646,0.10084181432208052,0.04730506791746793,0.004704416440068416,0.10204547682940399,0.9936432054182939,12.927574324060926
104022371822977,8.430100763,13868333,0.9204948842525482,-5.081012964248657,-1.89007568359375,0.012932177633047104,0.03556860238313675,0.027867555618286133,37.13827133178711,0,-0.09895560145378113,-0.10916781425476074,0.000274658203125,-0.0018476173281669617,0.0017451941967010498,-0.0004684925079345703,104022370721671,1.101,1511236,12593.633333333333,34,True,-0.23749783635139465,1.166292428970337,-5.252953052520752,0.7242946028709412,-0.0028160572983324528,-0.6894615888595581,-0.0056725163012743,1510224,-0.23478978872299194,1.0663604736328125,-5.242716312408447,0.7145482270936487,0.10598821147330754,-0.690079924472288,-0.04446378331107349,0.031199857323973942,-0.09538773233639933,-0.005125377093312642,0.10049139300291117,0.04686651203124988,0.00789404105068331,0.10552047609075085,0.9932807474684568,13.291426244816574
104022471932716,8.530210502,13968518,0.7888903319835663,-5.160201787948608,-1.843963623046875,0.010267622768878937,0.04777088761329651,0.031194686889648438,37.13827133178711,0,-0.09895560145378113,-0.10916781425476074,0.000274658203125,-0.0018476173281669617,0.0017451941967010498,-0.0004684925079345703,104022471285268,0.647,1511248,12593.733333333334,34,True,-0.23752829432487488,1.1658424139022827,-5.2524733543396,0.7246732711791992,-0.001548771746456623,-0.6890647411346436,-0.00601454870775342,1510224,-0.23478978872299194,1.0663604736328125,-5.242716312408447,0.7145482270936487,0.10598821147330754,-0.690079924472288,-0.04446378331107349,0.03063476108331245,-0.0950530034651168,-0.00507874645804567,0.09999677854789249,0.04617748235303544,0.008418822030392903,0.10440139468306192,0.993426953704895,13.145864306634705
104022572161744,8.630439530,14068583,0.7366267144680023,-5.214335203170776,-1.8894195556640625,0.009409677237272263,0.041701775044202805,0.0320819616317749,37.13827133178711,0,-0.09895560145378113,-0.10916781425476074,0.000274658203125,-0.0018476173281669617,0.0017451941967010498,-0.0004684925079345703,104022571585173,0.577,1511260,12593.833333333334,34,True,-0.2373516857624054,1.166357159614563,-5.252021312713623,0.7218032479286194,0.0010150803718715906,-0.692068874835968,-0.006311924662441015,1510224,-0.23478978872299194,1.0663604736328125,-5.242716312408447,0.7145482270936487,0.10598821147330754,-0.690079924472288,-0.04446378331107349,0.03030721313172345,-0.09563308562625901,-0.0053168900911716565,0.10046135353683373,0.045066724179677387,0.004209198298602502,0.10219357290599501,0.9937342434867096,12.834572549907296
104022672381487,8.730659273,14168905,0.6507472097873688,-5.139356851577759,-1.7187957763671875,0.011194780468940735,0.04205915331840515,0.03154635429382324,37.13827133178711,0,-0.09895560145378113,-0.10916781425476074,0.000274658203125,-0.0018476173281669617,0.0017451941967010498,-0.0004684925079345703,104022671780572,0.601,1511272,12593.933333333332,34,True,-0.23691587150096893,1.1659356355667114,-5.252170085906982,0.7218353748321533,0.009049559012055397,-0.6919768452644348,-0.006323280278593302,1510224,-0.23478978872299194,1.0663604736328125,-5.242716312408447,0.7145482270936487,0.10598821147330754,-0.690079924472288,-0.04446378331107349,0.030373759131218682,-0.09515221557312911,-0.005709427577795482,0.1000455243151967,0.03951922344192016,0.003941088230331069,0.09644402692991356,0.9945457498132756,11.973820603025235
104022772592201,8.830869987,14269079,0.9452928006649017,-5.228678464889526,-1.8748626708984375,0.007815845310688019,0.022548440843820572,0.028204798698425293,37.13827133178711,0,-0.09895560145378113,-0.10916781425476074,0.000274658203125,-0.0018476173281669617,0.0017451941967010498,-0.0004684925079345703,104022771522808,1.069,1511284,12594.033333333333,34,True,-0.2373945564031601,1.1654272079467773,-5.252064228057861,0.7221605181694031,0.0018547434592619538,-0.6916629076004028,-0.00912243127822876,1510224,-0.23478978872299194,1.0663604736328125,-5.242716312408447,0.7145482270936487,0.10598821147330754,-0.690079924472288,-0.04446378331107349,0.030150128971460126,-0.0947225622641152,-0.0051953931915741935,0.09954087697669695,0.0464366204193052,0.005006372600493526,0.09967393850656293,0.9939233785861002,12.639179493242812
104022872814745,8.931092531,14369188,0.8654414117336273,-5.0642077922821045,-2.0448455810546875,0.008936535567045212,0.03199825808405876,0.031015634536743164,37.13827133178711,0,-0.09895560145378113,-0.10916781425476074,0.000274658203125,-0.0018476173281669617,0.0017451941967010498,-0.0004684925079345703,104022869498131,3.317,1511296,12594.133333333333,34,True,-0.23749378323554993,1.1641066074371338,-5.2528228759765625,0.7226033210754395,0.00015295736375264823,-0.6912246346473694,-0.007275960873812437,1510224,-0.23478978872299194,1.0663604736328125,-5.242716312408447,0.7145482270936487,0.10598821147330754,-0.690079924472288,-0.04446378331107349,0.030607588904734456,-0.09328661145927399,-0.004954241723796958,0.09830442964166256,0.04622545698108496,0.005505072987090243,0.10219160510766213,0.9936748850322306,12.895287147029363
104022972988242,9.031266028,14469426,0.7795630991458893,-5.095315217971802,-2.2198028564453125,0.007090678438544273,0.029154179617762566,0.029705405235290527,37.13827133178711,0,-0.09895560145378113,-0.10916781425476074,0.000274658203125,-0.0018476173281669617,0.0017451941967010498,-0.0004684925079345703,104022970885210,2.103,1511308,12594.233333333334,34,True,-0.23739765584468842,1.1631183624267578,-5.253055572509766,0.7227236032485962,0.0005595769616775215,-0.6911159157752991,-0.0053931246511638165,1510224,-0.23478978872299194,1.0663604736328125,-5.242716312408447,0.7145482270936487,0.10598821147330754,-0.690079924472288,-0.04446378331107349,0.030626960200838473,-0.09226699057613334,-0.004958031172613762,0.09734367115651964,0.04458260864907297,0.00544812389803867,0.10320827788587264,0.99364518834837,12.925555720732044
104023073186358,9.131464144,14569337,0.8611583411693573,-5.092821359634399,-2.1974029541015625,0.006275847554206848,0.030977249145507812,0.029262304306030273,37.13827133178711,0,-0.09895560145378113,-0.10916781425476074,0.000274658203125,-0.0018476173281669617,0.0017451941967010498,-0.0004684925079345703,104023070799387,2.387,1511320,12594.333333333334,34,True,-0.23741348087787628,1.1620272397994995,-5.252754211425781,0.722459077835083,0.0001245200401172042,-0.6913862824440002,-0.006153786089271307,1510224,-0.23478978872299194,1.0663604736328125,-5.242716312408447,0.7145482270936487,0.10598821147330754,-0.690079924472288,-0.04446378331107349,0.03009997514167945,-0.09126935510290823,-0.004865145585374537,0.09622771599699002,0.04546677989271776,0.00517235567102331,0.10297821579832044,0.9936304673941889,12.940534030961357
104023173302217,9.231580003,14669850,0.7346394956111908,-4.795132398605347,-1.8328704833984375,0.010155763477087021,0.039262548089027405,0.030181050300598145,37.13827133178711,0,-0.09895560145378113,-0.10916781425476074,0.000274658203125,-0.0018476173281669617,0.0017451941967010498,-0.0004684925079345703,104023171334645,1.968,1511332,12594.433333333332,34,True,-0.23751023411750793,1.1589125394821167,-5.252363204956055,0.7221028804779053,0.003010339569300413,-0.6917526125907898,-0.006056956946849823,1510224,-0.23478978872299194,1.0663604736328125,-5.242716312408447,0.7145482270936487,0.10598821147330754,-0.690079924472288,-0.04446378331107349,0.029052708104216625,-0.0883277083819301,-0.004528171347406186,0.09309322344802316,0.043460809219208106,0.0045262132640271355,0.10096151408542735,0.9939303014442603,12.631970475263676
104023273572043,9.331849829,14769922,0.9023934304714203,-4.559446096420288,-1.7293243408203125,0.012006394565105438,0.03121788799762726,0.029573559761047363,37.13827133178711,0,-0.09895560145378113,-0.10916781425476074,0.000274658203125,-0.0018476173281669617,0.0017451941967010498,-0.0004684925079345703,104023270634091,2.938,1511344,12594.533333333333,34,True,-0.2373535931110382,1.1533613204956055,-5.25189733505249,0.7223507761955261,0.003605281701311469,-0.6915111541748047,-0.002949739573523402,1510224,-0.23478978872299194,1.0663604736328125,-5.242716312408447,0.7145482270936487,0.10598821147330754,-0.690079924472288,-0.04446378331107349,0.027420105137014997,-0.08300679563164001,-0.0042451546280371675,0.08752149235801314,0.04079338032359884,0.004514032962364301,0.10269616424394096,0.9938656958954618,12.699088064459628
104023373777804,9.432055590,14870281,0.6694610416889191,-4.347610235214233,-1.6329803466796875,0.009201031178236008,0.02348923683166504,0.03238201141357422,37.13827133178711,0,-0.09895560145378113,-0.10916781425476074,0.000274658203125,-0.0018476173281669617,0.0017451941967010498,-0.0004684925079345703,104023372255614,1.522,1511356,12594.633333333333,34,True,-0.23735278844833374,1.146622657775879,-5.2514729499816895,0.7225950360298157,0.0017496083164587617,-0.6912689208984375,-0.0007974667241796851,1510224,-0.23478978872299194,1.0663604736328125,-5.242716312408447,0.7145482270936487,0.10598821147330754,-0.690079924472288,-0.04446378331107349,0.02557138069962504,-0.0765351490597346,-0.0037069286634315453,0.08077911780031223,0.040499506243879956,0.0047100738714922485,0.10552249147896525,0.9935807007939511,12.991043332254096
104023474033576,9.532311362,14970435,0.7247084081172943,-4.122843503952026,-1.8332366943359375,0.006903370842337608,0.015746749937534332,0.03466629981994629,37.13827133178711,0,-0.09895560145378113,-0.10916781425476074,0.000274658203125,-0.0018476173281669617,0.0017451941967010498,-0.0004684925079345703,104023471253238,2.780,1511368,12594.733333333334,34,True,-0.2371719479560852,1.1412016153335571,-5.251650333404541,0.7225010395050049,0.002318920800462365,-0.6913534998893738,0.0041612121276557446,1510224,-0.23478978872299194,1.0663604736328125,-5.242716312408447,0.7145482270936487,0.10598821147330754,-0.690079924472288,-0.04446378331107349,0.024595399156507852,-0.07120382327314279,-0.003430713695501203,0.07541013131430946,0.03657656189090155,0.004033897493100348,0.1085313675741198,0.9934117097375829,13.161115940717682
104023574239454,9.632517240,15070819,0.6210635602474213,-3.6143295764923096,-1.6875762939453125,0.009774375706911087,0.02338866889476776,0.03460085391998291,37.13827133178711,0,-0.09895560145378113,-0.10916781425476074,0.000274658203125,-0.0018476173281669617,0.0017451941967010498,-0.0004684925079345703,104023572189305,2.050,1511380,12594.833333333334,34,True,-0.2372988760471344,1.137063980102539,-5.251439094543457,0.7256056070327759,0.0021266359835863113,-0.6880686283111572,0.007324278354644775,1510224,-0.23478978872299194,1.0663604736328125,-5.242716312408447,0.7145482270936487,0.10598821147330754,-0.690079924472288,-0.04446378331107349,0.023505249307666558,-0.06723126791642188,-0.0029712192487982934,0.07128371675557951,0.03396289216351489,0.008196798157201037,0.11103452274397947,0.9932022297673704,13.368946741613705
104023674501522,9.732779308,15171026,0.6993666589260101,-3.5099642276763916,-1.865509033203125,0.0076941996812820435,0.012537436559796333,0.03559744358062744,37.13827133178711,0,-0.09895560145378113,-0.10916781425476074,0.000274658203125,-0.0018476173281669617,0.0017451941967010498,-0.0004684925079345703,104023670871205,3.630,1511392,12594.933333333332,34,True,-0.23695355653762817,1.1355643272399902,-5.25132942199707,0.7251905798912048,0.004754786379635334,-0.6884845495223999,0.008066064678132534,1510224,-0.23478978872299194,1.0663604736328125,-5.242716312408447,0.7145482270936487,0.10598821147330754,-0.690079924472288,-0.04446378331107349,0.02308761887194668,-0.06576313599588361,-0.0031957316588885594,0.06977134728543641,0.03168175404587631,0.007417722716907271,0.10964298431109788,0.9934383019803636,13.13449887476431
104023774707047,9.832984833,15271216,0.696818083524704,-3.4891936779022217,-1.6516876220703125,0.007140263915061951,0.01328326016664505,0.035086631774902344,37.13827133178711,0,-0.09895560145378113,-0.10916781425476074,0.000274658203125,-0.0018476173281669617,0.0017451941967010498,-0.0004684925079345703,104023772343724,2.363,1511404,12595.033333333333,34,True,-0.23700161278247833,1.135698676109314,-5.251186370849609,0.725169837474823,0.0038223606534302235,-0.6885068416595459,0.00851193256676197,1510224,-0.23478978872299194,1.0663604736328125,-5.242716312408447,0.7145482270936487,0.10598821147330754,-0.690079924472288,-0.04446378331107349,0.022975278714298927,-0.06592828062789194,-0.0031652424534861817,0.06988862839074138,0.032009893099426,0.0073816823977816415,0.11061572433036977,0.993320209720717,13.25229472719301
104023874939114,9.933216900,15371202,0.5508988797664642,-3.4393985271453857,-1.6292724609375,0.006273180246353149,0.023896031081676483,0.035486817359924316,37.13827133178711,0,-0.09895560145378113,-0.10916781425476074,0.000274658203125,-0.0018476173281669617,0.0017451941967010498,-0.0004684925079345703,104023871801699,3.137,1511416,12595.133333333333,34,True,-0.23696912825107574,1.1354093551635742,-5.251174449920654,0.7252842783927917,0.0030703465454280376,-0.6883715391159058,0.009903385303914547,1510224,-0.23478978872299194,1.0663604736328125,-5.242716312408447,0.7145482270936487,0.10598821147330754,-0.690079924472288,-0.04446378331107349,0.02290287304605372,-0.0656461782768073,-0.0031741668968758106,0.06959912105481823,0.031515151752514944,0.007443295265958273,0.1121193939141034,0.9931669719004624,13.403611614700905
104023975099914,10.033377700,15471545,0.7243234813213348,-3.3691771030426025,-1.8240814208984375,0.007738325744867325,0.013648252934217453,0.03589749336242676,37.13827133178711,0,-0.09895560145378113,-0.10916781425476074,0.000274658203125,-0.0018476173281669617,0.0017451941967010498,-0.0004684925079345703,104023970532289,4.568,1511428,12595.233333333334,34,True,-0.23718349635601044,1.134626865386963,-5.251186847686768,0.7246702909469604,0.004208824597299099,-0.6890308856964111,0.008469047956168652,1510224,-0.23478978872299194,1.0663604736328125,-5.242716312408447,0.7145482270936487,0.10598821147330754,-0.690079924472288,-0.04446378331107349,0.02274305863521792,-0.06490107598227265,-0.0028954563583460306,0.06883153381455898,0.031851599379981,0.006649862243126526,0.11028033815186536,0.9933677576638951,13.204991938967275
104024075198400,10.133476186,15571546,0.5114103257656097,-3.23771071434021,-1.74285888671875,0.00854242593050003,0.012733688578009605,0.035790443420410156,37.13827133178711,0,-0.09895560145378113,-0.10916781425476074,0.000274658203125,-0.0018476173281669617,0.0017451941967010498,-0.0004684925079345703,104024070114302,5.084,1511440,12595.333333333334,34,True,-0.23720625042915344,1.1320269107818604,-5.250892162322998,0.7249046564102173,0.003599009942263365,-0.6887611746788025,0.010409172624349594,1510224,-0.23478978872299194,1.0663604736328125,-5.242716312408447,0.7145482270936487,0.10598821147330754,-0.690079924472288,-0.04446378331107349,0.021901288676340145,-0.062433697052242824,-0.0026705436818818735,0.06621755640955394,0.030847100804983416,0.006825799030370394,0.11206776938865726,0.9931982077630703,13.372905620631016
104024175286771,10.233564557,15671793,0.6182080209255219,-3.054492235183716,-1.746856689453125,0.008899267762899399,0.005429827608168125,0.036961913108825684,37.13827133178711,0,-0.09895560145378113,-0.10916781425476074,0.000274658203125,-0.0018476173281669617,0.0017451941967010498,-0.0004684925079345703,104024171932322,3.354,1511452,12595.433333333332,34,True,-0.23708081245422363,1.1268619298934937,-5.2508649826049805,0.7250540256500244,0.005942666903138161,-0.688571572303772,0.011433739215135574,1510224,-0.23478978872299194,1.0663604736328125,-5.242716312408447,0.7145482270936487,0.10598821147330754,-0.690079924472288,-0.04446378331107349,0.020778604359192133,-0.057399581379973294,-0.002369279143544729,0.06109071799686145,0.028470948331760514,0.006851555347436423,0.1111075374920721,0.9933768551777614,13.19592209200949
104024275534773,10.333812559,15771947,0.6043193638324738,-2.864182710647583,-1.729278564453125,0.007250173017382622,0.008069641888141632,0.03565692901611328,37.13827133178711,0,-0.09895560145378113,-0.10916781425476074,0.000274658203125,-0.0018476173281669617,0.0017451941967010498,-0.0004684925079345703,104024271343513,4.191,1511464,12595.533333333333,34,True,-0.23665285110473633,1.1199661493301392,-5.250096321105957,0.7214881777763367,0.011502663604915142,-0.6922277808189392,0.011968206614255905,1510224,-0.23478978872299194,1.0663604736328125,-5.242716312408447,0.7145482270936487,0.10598821147330754,-0.690079924472288,-0.04446378331107349,0.018570889412773888,-0.05080871861745995,-0.0022583568475447817,0.0541433652147754,0.024798271872049287,0.0014744329129631755,0.10728811667077567,0.9939175679003682,12.645227206958333
104024375753262,10.434031048,15872233,0.6083921492099762,-2.4573562145233154,-1.713470458984375,0.008243612945079803,0.009085778146982193,0.03493201732635498,37.13827133178711,0,-0.09895560145378113,-0.10916781425476074,0.000274658203125,-0.0018476173281669617,0.0017451941967010498,-0.0004684925079345703,104024372718460,3.035,1511476,12595.633333333333,34,True,-0.23651209473609924,1.1133590936660767,-5.2494964599609375,0.7215054035186768,0.013486668467521667,-0.6921265125274658,0.014454764313995838,1510224,-0.23478978872299194,1.0663604736328125,-5.242716312408447,0.7145482270936487,0.10598821147330754,-0.690079924472288,-0.04446378331107349,0.016582291045088595,-0.04448941126078613,-0.0018780131075358604,0.047516386898284524,0.02164088602486405,0.0012069190020606026,0.10758369888191216,0.9939597391914159,12.601270036363227
104024475994195,10.534271981,15972413,0.5485557019710541,-2.130612373352051,-1.655303955078125,0.006588274613022804,0.011589936912059784,0.03597533702850342,37.13827133178711,0,-0.09895560145378113,-0.10916781425476074,0.000274658203125,-0.0018476173281669617,0.0017451941967010498,-0.0004684925079345703,104024472814039,3.180,1511488,12595.733333333334,34,True,-0.23633062839508057,1.1074833869934082,-5.249490261077881,0.7210676670074463,0.016584841534495354,-0.6924847960472107,0.015847986564040184,1510224,-0.23478978872299194,1.0663604736328125,-5.242716312408447,0.7145482270936487,0.10598821147330754,-0.690079924472288,-0.04446378331107349,0.015330240119107556,-0.03875389748504974,-0.0015728122402326376,0.04170557002049324,0.01856481171511159,0.00036341333348621774,0.10630087514596837,0.9941606206443367,12.389749671507827
104024576192677,10.634470463,16072808,0.5149000585079193,-1.841402530670166,-1.743988037109375,0.008434996008872986,0.01482638344168663,0.03419625759124756,37.13827133178711,0,-0.09895560145378113,-0.10916781425476074,0.000274658203125,-0.0018476173281669617,0.0017451941967010498,-0.0004684925079345703,104024574659757,1.533,1511500,12595.833333333334,34,True,-0.23620091378688812,1.1044878959655762,-5.249568939208984,0.722419023513794,0.014639131724834442,-0.6910974383354187,0.01675749383866787,1510224,-0.23478978872299194,1.0663604736328125,-5.242716312408447,0.7145482270936487,0.10598821147330754,-0.690079924472288,-0.04446378331107349,0.014772803795325366,-0.035809354643638706,-0.0014506859705854928,0.03876403103076771,0.019050489783286505,0.0022774078534911197,0.10840034967770959,0.9939221581402822,12.640449962238097
104024676393276,10.734671062,16172820,0.5930646359920502,-1.8019599914550781,-1.8557586669921875,0.004302535206079483,0.010328172706067562,0.03447246551513672,37.13827133178711,0,-0.09895560145378113,-0.10916781425476074,0.000274658203125,-0.0018476173281669617,0.0017451941967010498,-0.0004684925079345703,104024669042338,7.351,1511512,12595.933333333332,34,True,-0.23590169847011566,1.1039060354232788,-5.249878406524658,0.7229824066162109,0.014361661858856678,-0.6904603838920593,0.01883198879659176,1510224,-0.23478978872299194,1.0663604736328125,-5.242716312408447,0.7145482270936487,0.10598821147330754,-0.690079924472288,-0.04446378331107349,0.014958754804441622,-0.035150974518014355,-0.001686947157274501,0.03823873880735264,0.017667069350595477,0.0029138587275550076,0.11006157031274326,0.9937634702625018,12.804572713593144
104024776635218,10.834913004,16273037,0.44515541195869446,-1.555924892425537,-1.5774688720703125,0.008388873189687729,0.01604626700282097,0.03457927703857422,37.13827133178711,0,-0.09895560145378113,-0.10916781425476074,0.000274658203125,-0.0018476173281669617,0.0017451941967010498,-0.0004684925079345703,104024774055307,2.580,1511524,12596.033333333333,34,True,-0.23591291904449463,1.1034531593322754,-5.249581813812256,0.7226467132568359,0.01549091562628746,-0.6907831430435181,0.01898319646716118,1510224,-0.23478978872299194,1.0663604736328125,-5.242716312408447,0.7145482270936487,0.10598821147330754,-0.690079924472288,-0.04446378331107349,0.014572383841148147,-0.03477330705199918,-0.001651244832707957,0.037739420552572296,0.016828884107366823,0.002385339435127643,0.10933778370334245,0.9938593199594806,12.70569277083273
104024876878040,10.935155826,16373356,0.5538204908370972,-1.5952470302581787,-1.51422119140625,0.006661618128418922,0.011185796931385994,0.0351792573928833,37.13827133178711,0,-0.09895560145378113,-0.10916781425476074,0.000274658203125,-0.0018476173281669617,0.0017451941967010498,-0.0004684925079345703,104024869921701,6.956,1511536,12596.133333333333,34,True,-0.23583845794200897,1.1015359163284302,-5.249108791351318,0.7218140363693237,0.016827980056405067,-0.6916355490684509,0.018482089042663574,1510224,-0.23478978872299194,1.0663604736328125,-5.242716312408447,0.7145482270936487,0.10598821147330754,-0.690079924472288,-0.04446378331107349,0.013704166250417642,-0.0329992620000912,-0.0015873871074500582,0.035766957698393186,0.016391636732580223,0.0011953010956553545,0.1079862269753282,0.9940165291805518,12.54183265077992
104024977051060,11.035328846,16473676,0.5937125980854034,-1.4512090682983398,-1.581390380859375,0.006529554724693298,0.0089312344789505,0.03529524803161621,37.13827133178711,0,-0.09895560145378113,-0.10916781425476074,0.000274658203125,-0.0018476173281669617,0.0017451941967010498,-0.0004684925079345703,104024976943023,0.108,1511549,12596.241666666667,34,True,-0.2356690913438797,1.0970923900604248,-5.249022960662842,0.7214566469192505,0.019734494388103485,-0.6919586658477783,0.017440708354115486,1510224,-0.23478978872299194,1.0663604736328125,-5.242716312408447,0.7145482270936487,0.10598821147330754,-0.690079924472288,-0.04446378331107349,0.012678847279180151,-0.028675887738098746,-0.0013921087316331752,0.031384672574642315,0.01518016286960288,0.0006989307039852456,0.10516722840418995,0.9943384374652849,12.19946799591392
104025077263221,11.135541007,16573526,0.5212118923664093,-1.1513066291809082,-1.6706695556640625,0.007881738245487213,0.013700622133910656,0.03288149833679199,37.13827133178711,0,-0.09895560145378113,-0.10916781425476074,0.000274658203125,-0.0018476173281669617,0.0017451941967010498,-0.0004684925079345703,104025071873586,5.390,1511560,12596.333333333334,34,True,-0.23542794585227966,1.091965913772583,-5.248894214630127,0.7212665677070618,0.025192968547344208,-0.692007303237915,0.016302848234772682,1510224,-0.23478978872299194,1.0663604736328125,-5.242716312408447,0.7145482270936487,0.10598821147330754,-0.690079924472288,-0.04446378331107349,0.011468057290266807,-0.023690145078896926,-0.0012136610983469573,0.02634790855331153,0.01224004265322427,0.00041090247459318885,0.1004636916490526,0.9948653472582347,11.617406051709004
104025179351519,11.237629305,16673975,0.46089836955070496,-0.8903260231018066,-1.5685882568359375,0.006275556981563568,0.018324078992009163,0.03011941909790039,37.13827133178711,0,-0.09895560145378113,-0.10916781425476074,0.000274658203125,-0.0018476173281669617,0.0017451941967010498,-0.0004684925079345703,104025179071309,0.280,1511573,12596.441666666666,34,True,-0.23524218797683716,1.0850694179534912,-5.24842643737793,0.721181333065033,0.030554765835404396,-0.6919152736663818,0.014735670760273933,1510224,-0.23478978872299194,1.0663604736328125,-5.242716312408447,0.7145482270936487,0.10598821147330754,-0.690079924472288,-0.04446378331107349,0.00954800115536482,-0.017057275903066993,-0.0008484117809442023,0.019566164413247752,0.009653833933904322,0.00034553987994301316,0.09553782749406001,0.9953789266456685,11.020630491160478
104025279795329,11.338073115,16776059,0.5504001080989838,-0.471651554107666,-1.4897918701171875,0.004908081144094467,0.01899734139442444,0.028431057929992676,37.13827133178711,0,-0.09895560145378113,-0.10916781425476074,0.000274658203125,-0.0018476173281669617,0.0017451941967010498,-0.0004684925079345703,104025279570616,0.225,1511585,12596.541666666666,34,True,-0.23496054112911224,1.0781903266906738,-5.248455047607422,0.7208648324012756,0.03566890209913254,-0.6919932961463928,0.015063517726957798,1510224,-0.23478978872299194,1.0663604736328125,-5.242716312408447,0.7145482270936487,0.10598821147330754,-0.690079924472288,-0.04446378331107349,0.00811891147868513,-0.010328557953953824,-0.0005584160024830534,0.013149435784045531,0.005912750927875168,-0.00019076345932594887,0.092079694292639,0.9957340673516909,10.58837059410704
104025380026579,11.438304365,16876603,0.42819878458976746,-0.03392589092254639,-1.366912841796875,0.005877917632460594,0.025799687951803207,0.0264437198638916,37.13827133178711,0,-0.09895560145378113,-0.10916781425476074,0.000274658203125,-0.0018476173281669617,0.0017451941967010498,-0.0004684925079345703,104025379759219,0.267,1511597,12596.641666666666,34,True,-0.23461933434009552,1.0710784196853638,-5.247893333435059,0.7204430103302002,0.03965310379862785,-0.6921718120574951,0.016960779204964638,1510224,-0.23478978872299194,1.0663604736328125,-5.242716312408447,0.7145482270936487,0.10598821147330754,-0.690079924472288,-0.04446378331107349,0.006065157762033422,-0.003491673190571391,-0.00033420953502146184,0.0070063982445625035,0.001845324921073248,-0.0009876526699729162,0.0905052824825486,0.9958937760428536,10.388136876329211
104025480214807,11.538492593,16976798,0.3773193657398224,0.21668648719787598,-1.5270538330078125,0.0028754714876413345,0.018295815214514732,0.026288509368896484,37.13827133178711,0,-0.09895560145378113,-0.10916781425476074,0.000274658203125,-0.0018476173281669617,0.0017451941967010498,-0.0004684925079345703,104025479524417,0.690,1511609,12596.741666666667,34,True,-0.23449455201625824,1.0666521787643433,-5.2470526695251465,0.7201250195503235,0.04022675007581711,-0.6924483776092529,0.017804570496082306,1510224,-0.23478978872299194,1.0663604736328125,-5.242716312408447,0.7145482270936487,0.10598821147330754,-0.690079924472288,-0.04446378331107349,0.004305103042702546,0.0006524734611846346,-0.00012890234472393984,0.004356173738536183,0.0008899853208582838,-0.0015196495591547898,0.09065626148085776,0.9958806860491173,10.404692938477236
104025580298338,11.638576124,17077001,0.40740349888801575,0.425764799118042,-1.7495574951171875,0.0018620043992996216,0.006273500621318817,0.028363347053527832,37.13827133178711,0,-0.09895560145378113,-0.10916781425476074,0.000274658203125,-0.0018476173281669617,0.0017451941967010498,-0.0004684925079345703,104025579635900,0.662,1511621,12596.841666666667,34,True,-0.23443415760993958,1.0644710063934326,-5.246950626373291,0.7197623252868652,0.03967190161347389,-0.6928563714027405,0.017843900248408318,1510224,-0.23478978872299194,1.0663604736328125,-5.242716312408447,0.7145482270936487,0.10598821147330754,-0.690079924472288,-0.04446378331107349,0.003742718717305236,0.002760047428816758,-1.3018600022841501e-05,0.0046503736075859,0.0013041413762031086,-0.00204096663304848,0.09105956652987308,0.9958425021125908,10.452838108796893
104025680510145,11.738787931,17176908,0.3573779761791229,0.5024747848510742,-1.6463470458984375,0.0011568516492843628,0.00265443604439497,0.02762758731842041,37.13827133178711,0,-0.09895560145378113,-0.10916781425476074,0.000274658203125,-0.0018476173281669617,0.0017451941967010498,-0.0004684925079345703,104025678718972,1.791,1511633,12596.941666666666,34,True,-0.23421946167945862,1.0638478994369507,-5.247596740722656,0.7196977138519287,0.041309986263513565,-0.6927890777587891,0.019288690760731697,1510224,-0.23478978872299194,1.0663604736328125,-5.242716312408447,0.7145482270936487,0.10598821147330754,-0.690079924472288,-0.04446378331107349,0.0042465937901371795,0.003521605506231026,-0.00014703195734445764,0.005518775458054882,-0.000862899873017537,-0.002263435273857639,0.09087625437494791,0.9958592464075182,10.431752925964567
104025780758756,11.839036542,17277221,0.4884319007396698,0.5041303634643555,-1.5166473388671875,0.0011867731809616089,0.0017594723030924797,0.026668787002563477,37.13827133178711,0,-0.09895560145378113,-0.10916781425476074,0.000274658203125,-0.0018476173281669617,0.0017451941967010498,-0.0004684925079345703,104025779175092,1.584,1511645,12597.041666666666,34,True,-0.23417724668979645,1.0640082359313965,-5.248544216156006,0.720561146736145,0.03805512189865112,-0.6920144557952881,0.021434586495161057,1510224,-0.23478978872299194,1.0663604736328125,-5.242716312408447,0.7145482270936487,0.10598821147330754,-0.690079924472288,-0.04446378331107349,0.005207240362969394,0.0035681116622909965,-0.0001609938038777575,0.006314482721268756,-0.00027062163069604614,-0.0011968089704266216,0.09473992562313156,0.9955013013076099,10.873616878182988
104025881236373,11.939514159,17377571,0.5972350835800171,0.579322099685669,-1.4519805908203125,0.0033670831471681595,-0.0016838796436786652,0.026311159133911133,37.13827133178711,0,-0.09895560145378113,-0.10916781425476074,0.000274658203125,-0.0018476173281669617,0.0017451941967010498,-0.0004684925079345703,104025880954310,0.282,1511657,12597.141666666666,34,True,-0.23411822319030762,1.063780426979065,-5.2495551109313965,0.721453070640564,0.03677854314446449,-0.691122829914093,0.022409318014979362,1510224,-0.23478978872299194,1.0663604736328125,-5.242716312408447,0.7145482270936487,0.10598821147330754,-0.690079924472288,-0.04446378331107349,0.006147644118731742,0.0040073293842545965,-0.00015680954438008782,0.00734008216832046,-0.00022033306922327955,9.250968625529323e-06,0.09637962740698704,0.9953446231274115,11.061491143735104
104025981409191,12.039686977,17478040,0.5509192645549774,0.6869947910308838,-1.1298675537109375,0.003461550921201706,0.006662372499704361,0.024089932441711426,37.13827133178711,0,-0.09895560145378113,-0.10916781425476074,0.000274658203125,-0.0018476173281669617,0.0017451941967010498,-0.0004684925079345703,104025977849312,3.560,1511669,12597.241666666667,34,True,-0.23406019806861877,1.0615779161453247,-5.249987602233887,0.7209808826446533,0.0378858856856823,-0.6915522813796997,0.022509586066007614,1510224,-0.23478978872299194,1.0663604736328125,-5.242716312408447,0.7145482270936487,0.10598821147330754,-0.690079924472288,-0.04446378331107349,0.0061027735470007595,0.006247622558620453,-1.3482160736587659e-05,0.008733659849662885,-0.0009896222358942233,-0.0006833241364835874,0.09562662543630832,0.9954165470915273,10.975644529228912
104026081526653,12.139804439,17577801,0.6662923991680145,0.76261967420578,-1.34906005859375,-0.00045353174209594727,0.0020558014512062073,0.023581862449645996,37.13827133178711,0,-0.09895560145378113,-0.10916781425476074,0.000274658203125,-0.0018476173281669617,0.0017451941967010498,-0.0004684925079345703,104026071753260,9.773,1511680,12597.333333333334,34,True,-0.2336122989654541,1.0570793151855469,-5.250053882598877,0.7212052345275879,0.03906549513339996,-0.6911794543266296,0.02465517818927765,1510224,-0.23478978872299194,1.0663604736328125,-5.242716312408447,0.7145482270936487,0.10598821147330754,-0.690079924472288,-0.04446378331107349,0.00522130422800943,0.010681628734166258,-8.432257019065864e-05,0.011889756959325912,-0.0033862668622620666,-0.0005419578660409431,0.09627156869350613,0.9953491972869123,11.056051330085662
104026181631531,12.239909317,17678620,0.7146088182926178,0.9686106443405151,-1.4395294189453125,-0.0027657020837068558,0.0018115267157554626,0.023386716842651367,37.13827133178711,0,-0.09895560145378113,-0.10916781425476074,0.000274658203125,-0.0018476173281669617,0.0017451941967010498,-0.0004684925079345703,104026177514464,4.117,1511693,12597.441666666666,34,True,-0.23318536579608917,1.0497225522994995,-5.249952793121338,0.7206235527992249,0.04052991047501564,-0.6915446519851685,0.028723500669002533,1510224,-0.23478978872299194,1.0663604736328125,-5.242716312408447,0.7145482270936487,0.10598821147330754,-0.690079924472288,-0.04446378331107349,0.003567511835730826,0.017861273976981857,9.488704354079623e-05,0.018214314489706184,-0.0072392726354239025,-0.001700623743465024,0.0979872274008092,0.9951598886997483,11.279000743488819
104026281750967,12.340028753,17778159,0.5410394370555878,1.4857678413391113,-1.31793212890625,-0.0014589950442314148,0.007484946399927139,0.024875521659851074,37.13827133178711,0,-0.09895560145378113,-0.10916781425476074,0.000274658203125,-0.0018476173281669617,0.0017451941967010498,-0.0004684925079345703,104026279689698,2.061,1511705,12597.541666666666,34,True,-0.23273994028568268,1.0420854091644287,-5.249322414398193,0.7209041714668274,0.041116394102573395,-0.691164493560791,0.02997053973376751,1510224,-0.23478978872299194,1.0663604736328125,-5.242716312408447,0.7145482270936487,0.10598821147330754,-0.690079924472288,-0.04446378331107349,0.0013375177643758533,0.025204500257878227,0.0002557929624746595,0.025241260211389133,-0.00858783264763396,-0.0013935816665514578,0.09844155467987514,0.9951048022056592,11.343055851400932
104026381954672,12.440232458,17878491,0.5231784880161285,1.6794145107269287,-1.3675384521484375,-0.004324654117226601,0.0038187988102436066,0.026215672492980957,37.13827133178711,0,-0.09895560145378113,-0.10916781425476074,0.000274658203125,-0.0018476173281669617,0.0017451941967010498,-0.0004684925079345703,104026379258630,2.696,1511717,12597.641666666666,34,True,-0.2324378490447998,1.0375802516937256,-5.24896240234375,0.7203318476676941,0.042514801025390625,-0.6916232705116272,0.03117367997765541,1510224,-0.23478978872299194,1.0663604736328125,-5.242716312408447,0.7145482270936487,0.10598821147330754,-0.690079924472288,-0.04446378331107349,3.460368120293631e-05,0.029542306133166576,0.0003120665191279734,0.029543974590309358,-0.01033847403960272,-0.0023060461838266266,0.09823232519842287,0.9951071341275983,11.340351580091072
104026482254478,12.540532264,17978636,0.6226991713047028,1.8527628183364868,-1.3906707763671875,-0.005785048007965088,0.0064814044162631035,0.026231050491333008,37.13827133178711,0,-0.09895560145378113,-0.10916781425476074,0.000274658203125,-0.0018476173281669617,0.0017451941967010498,-0.0004684925079345703,104026479185693,3.069,1511729,12597.741666666667,34,True,-0.2323089987039566,1.0361768007278442,-5.24947452545166,0.7207661271095276,0.04323675483465195,-0.691131591796875,0.03104657679796219,1510224,-0.23478978872299194,1.0663604736328125,-5.242716312408447,0.7145482270936487,0.10598821147330754,-0.690079924472288,-0.04446378331107349,0.00023936081242232916,0.031027741457415204,0.0003222408158321233,0.031030337940314373,-0.010817280537628919,-0.0016736598991330398,0.09765291118910804,0.9951603359462255,11.278479196984927
104026582469628,12.640747414,18079005,0.5296185910701752,2.074586272239685,-1.1548004150390625,-0.002841152250766754,0.01363951712846756,0.025098085403442383,37.13827133178711,0,-0.09895560145378113,-0.10916781425476074,0.000274658203125,-0.0018476173281669617,0.0017451941967010498,-0.0004684925079345703,104026578527269,3.942,1511741,12597.841666666667,34,True,-0.2322680503129959,1.0358308553695679,-5.249972820281982,0.7207354307174683,0.0419299453496933,-0.6911829113960266,0.03238262981176376,1510224,-0.23478978872299194,1.0663604736328125,-5.242716312408447,0.7145482270936487,0.10598821147330754,-0.690079924472288,-0.04446378331107349,0.0006534772140290822,0.03147279010300557,0.0003318329240252318,0.03148132243770213,-0.010863346953818081,-0.0018150132414552769,0.09950769444715057,0.9949758349657075,11.491628363654815
104026682615919,12.740893705,18179015,0.7096785008907318,1.925871729850769,-1.2836456298828125,-0.005297152325510979,0.006831143982708454,0.023823857307434082,37.13827133178711,0,-0.09895560145378113,-0.10916781425476074,0.000274658203125,-0.0018476173281669617,0.0017451941967010498,-0.0004684925079345703,104026679266597,3.349,1511753,12597.941666666666,34,True,-0.23233453929424286,1.0361592769622803,-5.250825881958008,0.7204551696777344,0.04133778065443039,-0.691542387008667,0.03169811889529228,1510224,-0.23478978872299194,1.0663604736328125,-5.242716312408447,0.7145482270936487,0.10598821147330754,-0.690079924472288,-0.04446378331107349,0.001554948177915308,0.031326047647366996,0.0004080726989032899,0.03136727033658969,-0.009915028471142158,-0.002166398454300889,0.09944473800180381,0.9949913281088968,11.473881330923227
104026782758513,12.841036299,18279232,0.708617776632309,1.9882748126983643,-1.3309326171875,-0.004720015451312065,-0.0012781023979187012,0.021312952041625977,37.13827133178711,0,-0.09895560145378113,-0.10916781425476074,0.000274658203125,-0.0018476173281669617,0.0017451941967010498,-0.0004684925079345703,104026780297247,2.461,1511765,12598.041666666666,34,True,-0.23229330778121948,1.0360729694366455,-5.251382350921631,0.7203394174575806,0.04337986931204796,-0.6916152238845825,0.029961654916405678,1510224,-0.23478978872299194,1.0663604736328125,-5.242716312408447,0.7145482270936487,0.10598821147330754,-0.690079924472288,-0.04446378331107349,0.0020811540655233307,0.031530550188335435,0.0003984389713169786,0.03160167006722031,-0.01007057946012622,-0.002205076581782817,0.09677824342186557,0.9952525773223518,11.17039525690706
104026883088486,12.941366272,18379346,0.7889064252376556,2.003526449203491,-1.287384033203125,-0.004320541396737099,-0.0012025050818920135,0.019564390182495117,37.13827133178711,0,-0.09895560145378113,-0.10916781425476074,0.000274658203125,-0.0018476173281669617,0.0017451941967010498,-0.0004684925079345703,104026878220248,4.868,1511777,12598.141666666666,34,True,-0.2322351038455963,1.0353271961212158,-5.25093936920166,0.7202446460723877,0.04458077251911163,-0.6916996240615845,0.02849322371184826,1510224,-0.23478978872299194,1.0663604736328125,-5.242716312408447,0.7145482270936487,0.10598821147330754,-0.690079924472288,-0.04446378331107349,0.0014912001498011678,0.03216891550531801,0.00038286849428364274,0.032205735373671746,-0.009836874319653304,-0.002228544688267609,0.09490051237662173,0.9954356645423382,10.952713583584545
104026983165365,13.041443151,18479709,0.7421852052211761,1.9897713661193848,-1.3540191650390625,-0.0044822730123996735,-0.006280137225985527,0.020301222801208496,37.13827133178711,0,-0.09895560145378113,-0.10916781425476074,0.000274658203125,-0.0018476173281669617,0.0017451941967010498,-0.0004684925079345703,104026979688789,3.477,1511789,12598.241666666667,34,True,-0.23220741748809814,1.0352610349655151,-5.250792503356934,0.7202977538108826,0.043609462678432465,-0.691646158695221,0.029915999621152878,1510224,-0.23478978872299194,1.0663604736328125,-5.242716312408447,0.7145482270936487,0.10598821147330754,-0.690079924472288,-0.04446378331107349,0.0013343605534704896,0.032205007224717384,0.00035437045792954645,0.03223458681063262,-0.010191263037133955,-0.002261301900314483,0.09657964136403235,0.9952705147573793,11.149255747011418
104027083297443,13.141575229,18579584,0.72725710272789,1.9509179592132568,-1.2038421630859375,-0.006406107917428017,-0.0036227814853191376,0.020471692085266113,37.13827133178711,0,-0.09895560145378113,-0.10916781425476074,0.000274658203125,-0.0018476173281669617,0.0017451941967010498,-0.0004684925079345703,104027078956445,4.341,1511801,12598.341666666667,34,True,-0.23216021060943604,1.0360398292541504,-5.252006530761719,0.7197142243385315,0.047642629593610764,-0.692040741443634,0.02865733578801155,1510224,-0.23478978872299194,1.0663604736328125,-5.242716312408447,0.7145482270936487,0.10598821147330754,-0.690079924472288,-0.04446378331107349,0.002687120412986711,0.03170577458956602,0.0002958972892556019,0.03182081572876549,-0.012007327483234645,-0.002991858603029307,0.09278486786260529,0.9956092813772524,10.742230392071402
104027183415742,13.241693528,18679908,0.75245401263237,2.012464761734009,-1.286590576171875,-0.00421140156686306,0.0034768059849739075,0.017371773719787598,37.13827133178711,0,-0.09895560145378113,-0.10916781425476074,0.000274658203125,-0.0018476173281669617,0.0017451941967010498,-0.0004684925079345703,104027181444857,1.971,1511813,12598.441666666666,34,True,-0.2323056012392044,1.0364712476730347,-5.251621246337891,0.7202321290969849,0.043601278215646744,-0.691695511341095,0.03036331944167614,1510224,-0.23478978872299194,1.0663604736328125,-5.242716312408447,0.7145482270936487,0.10598821147330754,-0.690079924472288,-0.04446378331107349,0.0023989574994981834,0.031191813163010083,0.00038814782813756334,0.03128633670177791,-0.010497098029546112,-0.0023888997729626382,0.09688941554440929,0.9952369292014318,11.188804263419291
104027283514700,13.341792486,18780109,0.8383971154689789,1.8553895950317383,-1.1787567138671875,-0.007800891995429993,0.001013120636343956,0.020253539085388184,37.13827133178711,0,-0.09895560145378113,-0.10916781425476074,0.000274658203125,-0.0018476173281669617,0.0017451941967010498,-0.0004684925079345703,104027279652199,3.863,1511825,12598.541666666666,34,True,-0.23231886327266693,1.0362547636032104,-5.251607894897461,0.7201923727989197,0.042813509702682495,-0.6917411684989929,0.03137141093611717,1510224,-0.23478978872299194,1.0663604736328125,-5.242716312408447,0.7145482270936487,0.10598821147330754,-0.690079924472288,-0.04446378331107349,0.0023395079517283014,0.03139858113340506,0.0004186806411338303,0.03148840243846106,-0.010667197642208356,-0.0025207776110546254,0.09814579142096802,0.9951116822754367,11.33507535704011
104027383622219,13.441900005,18880227,0.7665843069553375,1.945205807685852,-1.0933380126953125,-0.006903458386659622,0.004370472393929958,0.020246267318725586,37.13827133178711,0,-0.09895560145378113,-0.10916781425476074,0.000274658203125,-0.0018476173281669617,0.0017451941967010498,-0.0004684925079345703,104027382221460,1.401,1511837,12598.641666666666,34,True,-0.23227977752685547,1.0356682538986206,-5.251555919647217,0.7205668091773987,0.04310961067676544,-0.6913571357727051,0.030827928334474564,1510224,-0.23478978872299194,1.0663604736328125,-5.242716312408447,0.7145482270936487,0.10598821147330754,-0.690079924472288,-0.04446378331107349,0.002164892354062497,0.03196221062671233,0.00042602523558501494,0.03203827655402763,-0.010540538489774516,-0.0019435397609710583,0.09758177905429606,0.9951697925972943,11.267445900815705
104027483869519,13.542147305,18979967,0.8127047717571259,1.9789854288101196,-1.1349639892578125,-0.004825102165341377,0.003806721419095993,0.019775390625,37.13827133178711,0,-0.09895560145378113,-0.10916781425476074,0.000274658203125,-0.0018476173281669617,0.0017451941967010498,-0.0004684925079345703,104027479546097,4.323,1511849,12598.741666666667,34,True,-0.23225682973861694,1.035284161567688,-5.251587867736816,0.720626950263977,0.04269535839557648,-0.6913071870803833,0.031117074191570282,1510224,-0.23478978872299194,1.0663604736328125,-5.242716312408447,0.7145482270936487,0.10598821147330754,-0.690079924472288,-0.04446378331107349,0.002114926318267882,0.032344925899977714,0.0004363506882013848,0.03241693302473023,-0.0104692481501159,-0.0018785737038237715,0.09808147040690024,0.9951215458258509,11.32362441319833
104027584088820,13.642366606,19080681,0.6735579073429108,1.9204477071762085,-1.134765625,-0.007428968325257301,0.010801785625517368,0.020635485649108887,37.13827133178711,0,-0.09895560145378113,-0.10916781425476074,0.000274658203125,-0.0018476173281669617,0.0017451941967010498,-0.0004684925079345703,104027572780035,11.309,1511860,12598.833333333334,34,True,-0.23222726583480835,1.035086750984192,-5.251644134521484,0.7210195660591125,0.042352937161922455,-0.6908912062644958,0.03172355517745018,1510224,-0.23478978872299194,1.0663604736328125,-5.242716312408447,0.7145482270936487,0.10598821147330754,-0.690079924472288,-0.04446378331107349,0.0021286124087379144,0.03255159050753827,0.00042570433431715594,0.03262389093191284,-0.010727856106383863,-0.0013594535376036945,0.09876778210939961,0.9950517525267869,11.404403571015552
104027684182580,13.742460366,19180884,0.7850050628185272,1.9965399503707886,-1.2415924072265625,-0.004840990528464317,0.0066127898171544075,0.020296335220336914,37.13827133178711,0,-0.09895560145378113,-0.10916781425476074,0.000274658203125,-0.0018476173281669617,0.0017451941967010498,-0.0004684925079345703,104027678497398,5.685,1511873,12598.941666666666,34,True,-0.23212815821170807,1.0354082584381104,-5.252129554748535,0.7199252843856812,0.044917698949575424,-0.6918625235557556,0.03188011050224304,1510224,-0.23478978872299194,1.0663604736328125,-5.242716312408447,0.7145482270936487,0.10598821147330754,-0.690079924472288,-0.04446378331107349,0.0026736708489222384,0.03234935991466605,0.0003216070490397199,0.032461254347159345,-0.01245800845451471,-0.0029392802930572892,0.09697037548991255,0.9952049562447183,11.226324832704192
104027784371869,13.842649655,19280769,0.7801471650600433,1.9589970111846924,-1.1988677978515625,-0.005076153203845024,0.006317704916000366,0.018532395362854004,37.13827133178711,0,-0.09895560145378113,-0.10916781425476074,0.000274658203125,-0.0018476173281669617,0.0017451941967010498,-0.0004684925079345703,104027783403603,0.968,1511885,12599.041666666666,34,True,-0.23230597376823425,1.0365597009658813,-5.252097129821777,0.720565915107727,0.0434049554169178,-0.6913211941719055,0.031240427866578102,1510224,-0.23478978872299194,1.0663604736328125,-5.242716312408447,0.7145482270936487,0.10598821147330754,-0.690079924472288,-0.04446378331107349,0.0028826006260697142,0.031205514972429384,0.00040196088602534644,0.031340949628526356,-0.011042869461298031,-0.0019753267967583255,0.09765369744682655,0.9951572280263408,11.282102931699333
104027884572700,13.942850486,19380997,0.867366760969162,1.7872633934020996,-1.0040283203125,-0.007154058665037155,0.004547903314232826,0.01949763298034668,37.13827133178711,0,-0.09895560145378113,-0.10916781425476074,0.000274658203125,-0.0018476173281669617,0.0017451941967010498,-0.0004684925079345703,104027880284597,4.288,1511897,12599.141666666666,34,True,-0.23240163922309875,1.0375523567199707,-5.251928329467773,0.720633864402771,0.04113750904798508,-0.6913204193115234,0.03271962329745293,1510224,-0.23478978872299194,1.0663604736328125,-5.242716312408447,0.7145482270936487,0.10598821147330754,-0.690079924472288,-0.04446378331107349,0.0029265912721294996,0.030195048435949966,0.0004077129819488864,0.030339283386380745,-0.010538211376946799,-0.0019838409376666255,0.10030183890696792,0.9948992670557103,11.578937066831378
104027984639447,14.042917233,19481302,0.7650660574436188,1.8422585725784302,-1.0002899169921875,-0.003989625722169876,0.012163661420345306,0.021486282348632812,37.13827133178711,0,-0.09895560145378113,-0.10916781425476074,0.000274658203125,-0.0018476173281669617,0.0017451941967010498,-0.0004684925079345703,104027977462953,7.176,1511909,12599.241666666667,34,True,-0.23243488371372223,1.038065791130066,-5.251978397369385,0.7207905054092407,0.03931120038032532,-0.691131055355072,0.03540508449077606,1510224,-0.23478978872299194,1.0663604736328125,-5.242716312408447,0.7145482270936487,0.10598821147330754,-0.690079924472288,-0.04446378331107349,0.0030839375811758446,0.02970268960212437,0.0004005156086925897,0.029865044003944515,-0.011223839055513097,-0.0019438590583844007,0.10346818858908063,0.9945675345590724,11.949862704947236
104028084764882,14.143042668,19580986,0.698133796453476,1.7335666418075562,-0.95501708984375,-0.004479307681322098,0.016513528302311897,0.021863102912902832,37.13827133178711,0,-0.09895560145378113,-0.10916781425476074,0.000274658203125,-0.0018476173281669617,0.0017451941967010498,-0.0004684925079345703,104028080301250,4.464,1511921,12599.341666666667,34,True,-0.23244081437587738,1.038936972618103,-5.251768112182617,0.7209662199020386,0.040548209100961685,-0.6909284591674805,0.034373700618743896,1510224,-0.23478978872299194,1.0663604736328125,-5.242716312408447,0.7145482270936487,0.10598821147330754,-0.690079924472288,-0.04446378331107349,0.0030638068139232045,0.028809868478735016,0.00032516700906647984,0.028974146536849658,-0.011369785278287182,-0.0016235246938485215,0.10188215642316227,0.994730173641506,11.769463990993609
104028184918094,14.243195880,19681401,0.8391582667827606,1.6429808139801025,-1.018798828125,-0.0037044640630483627,0.008076883852481842,0.021985530853271484,37.13827133178711,0,-0.09895560145378113,-0.10916781425476074,0.000274658203125,-0.0018476173281669617,0.0017451941967010498,-0.0004684925079345703,104028178253478,6.665,1511933,12599.441666666666,34,True,-0.23275600373744965,1.0422062873840332,-5.251363754272461,0.7199649810791016,0.0416182205080986,-0.6921027302742004,0.030204417183995247,1510224,-0.23478978872299194,1.0663604736328125,-5.242716312408447,0.7145482270936487,0.10598821147330754,-0.690079924472288,-0.04446378331107349,0.003356751790564802,0.02551368995148609,0.00035083895965304666,0.025735952391540376,-0.00896004693127029,-0.0027592146108584292,0.09818653556234405,0.9951238659222205,11.320929254288874
104028285219129,14.343496915,19781570,0.761183351278305,1.3670058250427246,-0.9776458740234375,-0.006829485297203064,0.0009060017764568329,0.02160513401031494,37.13827133178711,0,-0.09895560145378113,-0.10916781425476074,0.000274658203125,-0.0018476173281669617,0.0017451941967010498,-0.0004684925079345703,104028279129890,6.089,1511945,12599.541666666666,34,True,-0.23315443098545074,1.0475152730941772,-5.250865936279297,0.7202407121658325,0.037422604858875275,-0.6920433640480042,0.03047715686261654,1510224,-0.23478978872299194,1.0663604736328125,-5.242716312408447,0.7145482270936487,0.10598821147330754,-0.690079924472288,-0.04446378331107349,0.003990430237093757,0.020204620848798756,0.00028654909982534773,0.020596901405489036,-0.006278175247516525,-0.0023688725277974942,0.10139930875618301,0.9948231768220306,11.66505592078907
104028385669883,14.443947669,19881829,0.7704223096370697,1.088813602924347,-1.016357421875,-0.006046116352081299,-0.0034436509013175964,0.02402961254119873,37.13827133178711,0,-0.09895560145378113,-0.10916781425476074,0.000274658203125,-0.0018476173281669617,0.0017451941967010498,-0.0004684925079345703,104028383468373,2.202,1511957,12599.641666666666,34,True,-0.2336365133523941,1.0542391538619995,-5.250827789306641,0.720859169960022,0.038229815661907196,-0.6915063858032227,0.026823634281754494,1510224,-0.23478978872299194,1.0663604736328125,-5.242716312408447,0.7145482270936487,0.10598821147330754,-0.690079924472288,-0.04446378331107349,0.005372137187420575,0.013606952244229717,0.00020853584689189015,0.014630532954634772,-0.004309009392844365,-0.0012070516702228364,0.0983429662684732,0.9951425206722079,11.299235522606518
104028487845978,14.546123764,19982307,0.6916944682598114,0.7977530360221863,-0.9686737060546875,-0.0037193894386291504,-0.004597209393978119,0.02262592315673828,37.13827133178711,0,-0.09895560145378113,-0.10916781425476074,0.000274658203125,-0.0018476173281669617,0.0017451941967010498,-0.0004684925079345703,104028487489151,0.357,1511970,12599.75,34,True,-0.23397180438041687,1.0609495639801025,-5.25125789642334,0.7206571102142334,0.03923555091023445,-0.6917989253997803,0.022981764748692513,1510224,-0.23478978872299194,1.0663604736328125,-5.242716312408447,0.7145482270936487,0.10598821147330754,-0.690079924472288,-0.04446378331107349,0.007212037840024262,0.007133875126498693,5.917054814350464e-06,0.01014424463121608,-0.002217856038156014,-0.00119304863048203,0.0949647162027374,0.9954774534996225,10.902421257236705
104028588858883,14.647136669,20084659,0.7178790867328644,0.5544657707214355,-0.8544769287109375,-0.0027089230716228485,0.001787862740457058,0.020038127899169922,37.13827133178711,0,-0.09895560145378113,-0.10916781425476074,0.000274658203125,-0.0018476173281669617,0.0017451941967010498,-0.0004684925079345703,104028588571514,0.287,1511982,12599.85,34,True,-0.23410019278526306,1.0629380941390991,-5.251657485961914,0.7203218936920166,0.03777178004384041,-0.6921974420547485,0.023925453424453735,1510224,-0.23478978872299194,1.0663604736328125,-5.242716312408447,0.7145482270936487,0.10598821147330754,-0.690079924472288,-0.04446378331107349,0.00802234680844429,0.005270159570009694,-1.335144992380431e-05,0.009598583669976322,-0.00182490511385041,-0.0017440692287278847,0.09664405980408183,0.9953158059874443,11.095700757194468
104028689138469,14.747416255,20185566,0.7324913442134857,0.3468902111053467,-0.874298095703125,-0.0037789084017276764,-0.002276679500937462,0.021800875663757324,37.13827133178711,0,-0.09895560145378113,-0.10916781425476074,0.000274658203125,-0.0018476173281669617,0.0017451941967010498,-0.0004684925079345703,104028687346428,1.792,1511994,12599.95,34,True,-0.23404401540756226,1.0625721216201782,-5.252109050750732,0.7204243540763855,0.035631902515888214,-0.6920995712280273,0.02678479440510273,1510224,-0.23478978872299194,1.0663604736328125,-5.242716312408447,0.7145482270936487,0.10598821147330754,-0.690079924472288,-0.04446378331107349,0.008386938883198681,0.005726273302334743,-1.930317925376529e-05,0.010155359293312615,-0.0024062844586285846,-0.0018113392779176563,0.1001527840686029,0.9949675113733274,11.501151573481874
104028789250950,14.847528736,20285915,0.9318793714046478,0.2558624744415283,-1.08209228515625,-0.004122717306017876,0.005152267403900623,0.02199840545654297,37.13827133178711,0,-0.09895560145378113,-0.10916781425476074,0.000274658203125,-0.0018476173281669617,0.0017451941967010498,-0.0004684925079345703,104028787572070,1.679,1512006,12600.05,34,True,-0.23387837409973145,1.062326192855835,-5.253268718719482,0.7208114862442017,0.03557603433728218,-0.6916660666465759,0.027626492083072662,1510224,-0.23478978872299194,1.0663604736328125,-5.242716312408447,0.7145482270936487,0.10598821147330754,-0.690079924472288,-0.04446378331107349,0.009471480068625224,0.0062239545259896,-0.0001132798490769241,0.011333992101468848,-0.003032324383130918,-0.0013211532283191605,0.10079530445859486,0.9949016866816951,11.576188062204302
104028890670948,14.948948734,20385923,0.9753991067409515,0.3417360782623291,-1.0612335205078125,-0.002017652615904808,0.0028576450422406197,0.020202279090881348,37.13827133178711,0,-0.09895560145378113,-0.10916781425476074,0.000274658203125,-0.0018476173281669617,0.0017451941967010498,-0.0004684925079345703,104028890342398,0.329,1512018,12600.15,34,True,-0.23381341993808746,1.062984824180603,-5.2554802894592285,0.7220705151557922,0.03551231697201729,-0.6903910040855408,0.02670801244676113,1510224,-0.23478978872299194,1.0663604736328125,-5.242716312408447,0.7145482270936487,0.10598821147330754,-0.690079924472288,-0.04446378331107349,0.011773476693664534,0.006052617299115631,-0.00013596233078564453,0.013238860048403278,-0.0025231791252568886,0.0005589521509060669,0.10028375804459705,0.9949555211224509,11.514856092015087
104028990747177,15.049024963,20487306,1.2603265941143036,0.3489331007003784,-1.1218414306640625,-6.290152668952942e-05,0.003946507349610329,0.01357877254486084,37.13827133178711,0,-0.09895560145378113,-0.10916781425476074,0.000274658203125,-0.0018476173281669617,0.0017451941967010498,-0.0004684925079345703,104028990156287,0.591,1512030,12600.25,34,True,-0.23364165425300598,1.0634528398513794,-5.258758068084717,0.721770703792572,0.035022567957639694,-0.6907324194908142,0.026631534099578857,1510224,-0.23478978872299194,1.0663604736328125,-5.242716312408447,0.7145482270936487,0.10598821147330754,-0.690079924472288,-0.04446378331107349,0.015079021101263277,0.006300198896973306,-0.00020270330895128452,0.016343514681525104,-0.0020810489071150066,0.0001379824725789014,0.10056433364726221,0.9949283717908368,11.545827098448628
104029091000306,15.149278092,20587104,1.5390749871730804,0.3795846700668335,-1.2432403564453125,0.0021434854716062546,0.014287425205111504,0.0077162981033325195,37.13827133178711,0,-0.09895560145378113,-0.10916781425476074,0.000274658203125,-0.0018476173281669617,0.0017451941967010498,-0.0004684925079345703,104029087190958,3.809,1512042,12600.35,34,True,-0.2333528995513916,1.064037561416626,-5.263683795928955,0.7247923612594604,0.03221292048692703,-0.6876710653305054,0.0273289754986763,1510224,-0.23478978872299194,1.0663604736328125,-5.242716312408447,0.7145482270936487,0.10598821147330754,-0.690079924472288,-0.04446378331107349,0.02002200236615673,0.006790477650389402,-0.00032368405508158315,0.021144643218516074,-0.0010993449243554972,0.004461659795867657,0.1032373951030923,0.99464613068414,11.863025459320072
104029191126674,15.249404460,20688009,2.0345532596111298,0.29643964767456055,-1.4979248046875,0.0004631970077753067,0.012068227864801884,-0.0033388137817382812,37.13827133178711,0,-0.09895560145378113,-0.10916781425476074,0.000274658203125,-0.0018476173281669617,0.0017451941967010498,-0.0004684925079345703,104029186503161,4.624,1512054,12600.45,34,True,-0.23299159109592438,1.0645639896392822,-5.269214153289795,0.7266582250595093,0.03395412489771843,-0.6856274604797363,0.027017684653401375,1510224,-0.23478978872299194,1.0663604736328125,-5.242716312408447,0.7145482270936487,0.10598821147330754,-0.690079924472288,-0.04446378331107349,0.025544980046485397,0.00747091229362812,-0.00048570026127260396,0.02661947484114255,-0.002378044167347833,0.007165081705109488,0.10188529704670796,0.9947675068858056,11.727663891088559
104029291326797,15.349604583,20787444,2.544438809156418,0.15721797943115234,-1.4723663330078125,-0.002081897109746933,0.012154726311564445,-0.013912439346313477,37.13827133178711,0,-0.09895560145378113,-0.10916781425476074,0.000274658203125,-0.0018476173281669617,0.0017451941967010498,-0.0004684925079345703,104029287522446,3.804,1512066,12600.55,34,True,-0.2327863872051239,1.0651212930679321,-5.273622035980225,0.7272785305976868,0.03262364864349365,-0.6850205063819885,0.02735918015241623,1510224,-0.23478978872299194,1.0663604736328125,-5.242716312408447,0.7145482270936487,0.10598821147330754,-0.690079924472288,-0.04446378331107349,0.029974214344683465,0.007871700627763484,-0.0005438191382500109,0.03099536958336337,-0.0017958353776663348,0.008049803762044838,0.1031104056403215,0.99463572220355,11.87456165977905
104029391556145,15.449833931,20887972,2.977217882871628,0.19272100925445557,-1.6428070068359375,-0.0006214417517185211,0.005071472376585007,-0.02203524112701416,37.13827133178711,0,-0.09895560145378113,-0.10916781425476074,0.000274658203125,-0.0018476173281669617,0.0017451941967010498,-0.0004684925079345703,104029387977325,3.579,1512078,12600.65,34,True,-0.23256060481071472,1.06549870967865,-5.277725696563721,0.7274451851844788,0.0339910127222538,-0.6847726702690125,0.027470553293824196,1510224,-0.23478978872299194,1.0663604736328125,-5.242716312408447,0.7145482270936487,0.10598821147330754,-0.690079924472288,-0.04446378331107349,0.03406852563817999,0.008385644097237147,-0.0006208146857998194,0.03509086600468789,-0.002852684960548201,0.008269296583182595,0.10221685069171038,0.9947236783937556,11.77672128491526
104029491748985,15.550026771,20988287,3.156600445508957,0.16944992542266846,-1.640380859375,-0.00027822330594062805,0.008158909156918526,-0.028827428817749023,37.13827133178711,0,-0.09895560145378113,-0.10916781425476074,0.000274658203125,-0.0018476173281669617,0.0017451941967010498,-0.0004684925079345703,104029488868129,2.881,1512090,12600.75,34,True,-0.23263470828533173,1.0656523704528809,-5.280064105987549,0.7285109758377075,0.027386827394366264,-0.683788001537323,0.030914170667529106,1510224,-0.23478978872299194,1.0663604736328125,-5.242716312408447,0.7145482270936487,0.10598821147330754,-0.690079924472288,-0.04446378331107349,0.036383446686213385,0.008720020200221357,-0.0004577357016822606,0.03741662019789327,-0.0009076524831909231,0.009637035373212255,0.10938141664954336,0.9939527199056928,12.60859716432929
104029591945949,15.650223735,21088274,3.379438132047653,0.16373836994171143,-1.8094329833984375,-0.0006026569753885269,0.0078911567106843,-0.028908729553222656,37.13827133178711,0,-0.09895560145378113,-0.10916781425476074,0.000274658203125,-0.0018476173281669617,0.0017451941967010498,-0.0004684925079345703,104029591075199,0.871,1512102,12600.85,34,True,-0.2322494089603424,1.0656914710998535,-5.281964302062988,0.7296041250228882,0.026911333203315735,-0.6824579834938049,0.034710295498371124,1510224,-0.23478978872299194,1.0663604736328125,-5.242716312408447,0.7145482270936487,0.10598821147330754,-0.690079924472288,-0.04446378331107349,0.038257490410084714,0.009115374387120794,-0.000761684288561641,0.039335807931839196,-0.003481609357123664,0.01096055492710074,0.11239752707263224,0.9935967695901247,12.974756132905283
104029692159579,15.750437365,21188738,3.5877141654491425,0.13668906688690186,-1.8943939208984375,-0.0013679452240467072,0.005330539308488369,-0.03143310546875,37.13827133178711,0,-0.09895560145378113,-0.10916781425476074,0.000274658203125,-0.0018476173281669617,0.0017451941967010498,-0.0004684925079345703,104029686961116,5.198,1512114,12600.95,34,True,-0.23243170976638794,1.0658944845199585,-5.2834367752075195,0.7291886210441589,0.02458900585770607,-0.6830613613128662,0.03326538950204849,1510224,-0.23478978872299194,1.0663604736328125,-5.242716312408447,0.7145482270936487,0.10598821147330754,-0.690079924472288,-0.04446378331107349,0.039734381627793594,0.009210259224989319,-0.0005327423907133992,0.04079134433662986,-0.000764137196168805,0.010499084061314223,0.11304263289510776,0.9935343720658892,13.037888341870115
104029792233386,15.850511172,21289001,3.6401786506175995,0.07150018215179443,-1.892578125,-0.0021698642522096634,0.008212711662054062,-0.03313100337982178,37.13827133178711,0,-0.09895560145378113,-0.10916781425476074,0.000274658203125,-0.0018476173281669617,0.0017451941967010498,-0.0004684925079345703,104029785486788,6.747,1512126,12601.05,34,True,-0.23210006952285767,1.0658153295516968,-5.285053253173828,0.7304290533065796,0.02473209798336029,-0.6816356182098389,0.03513698652386665,1510224,-0.23478978872299194,1.0663604736328125,-5.242716312408447,0.7145482270936487,0.10598821147330754,-0.690079924472288,-0.04446378331107349,0.04130478290771058,0.009656379106097766,-0.0007858602435120595,0.04242579786893953,-0.002406494831303015,0.012169114403938643,0.11430001949529213,0.9933688272643886,13.203925913039885
104029892346792,15.950624578,21388703,3.8482739627361298,0.1102902889251709,-1.9133453369140625,-0.0002290327101945877,0.0038953041657805443,-0.03745532035827637,37.13827133178711,0,-0.09895560145378113,-0.10916781425476074,0.000274658203125,-0.0018476173281669617,0.0017451941967010498,-0.0004684925079345703,104029887465412,4.881,1512138,12601.15,34,True,-0.23183706402778625,1.0658605098724365,-5.287743091583252,0.7304339408874512,0.02636934444308281,-0.6815668344497681,0.03517843410372734,1510224,-0.23478978872299194,1.0663604736328125,-5.242716312408447,0.7145482270936487,0.10598821147330754,-0.690079924472288,-0.04446378331107349,0.04394834489386115,0.010200481229453004,-0.0009341057337354385,0.045126260533573936,-0.0035734497081803193,0.012144445692141015,0.11315619232921853,0.9934965621649461,13.07599575556946
104029992556545,16.050834331,21489043,4.023478001356125,-0.00986337661743164,-1.9312896728515625,-0.0014985110610723495,0.0077376049011945724,-0.042296648025512695,37.13827133178711,0,-0.09895560145378113,-0.10916781425476074,0.000274658203125,-0.0018476173281669617,0.0017451941967010498,-0.0004684925079345703,104029986266808,6.290,1512150,12601.25,34,True,-0.2319834679365158,1.0658574104309082,-5.291726589202881,0.7325162887573242,0.024007871747016907,-0.6795220375061035,0.03306775540113449,1510224,-0.23478978872299194,1.0663604736328125,-5.242716312408447,0.7145482270936487,0.10598821147330754,-0.690079924472288,-0.04446378331107349,0.047834951715078775,0.011026139997232473,-0.0006143057758371145,0.049093133332562044,-0.0007449763786921762,0.015371243705501747,0.11351681442320878,0.9934168826431067,13.155942406789448
104030092659414,16.150937200,21589016,4.459088295698166,0.018600821495056152,-1.8612518310546875,0.001350877806544304,0.009456467814743519,-0.050817131996154785,37.13827133178711,0,-0.09895560145378113,-0.10916781425476074,0.000274658203125,-0.0018476173281669617,0.0017451941967010498,-0.0004684925079345703,104030086103139,6.556,1512162,12601.35,34,True,-0.23143064975738525,1.0655986070632935,-5.296665668487549,0.7326321601867676,0.02806628681719303,-0.6793590188026428,0.030557826161384583,1510224,-0.23478978872299194,1.0663604736328125,-5.242716312408447,0.7145482270936487,0.10598821147330754,-0.690079924472288,-0.04446378331107349,0.052618074260273234,0.012364250496098255,-0.000927818635190444,0.05405920159056829,-0.0017745718111158333,0.015653260248958134,0.10888986837558573,0.9939289828270494,12.633343914045632
104030192860488,16.251138274,21689096,4.713612526655197,0.06939351558685303,-1.851470947265625,0.002550540491938591,0.032094016671180725,-0.06039893627166748,37.13827133178711,0,-0.09895560145378113,-0.10916781425476074,0.000274658203125,-0.0018476173281669617,0.0017451941967010498,-0.0004684925079345703,104030187550924,5.310,1512174,12601.45,34,True,-0.23125679790973663,1.0660001039505005,-5.299972057342529,0.7328516244888306,0.025516537949442863,-0.6790894269943237,0.03339030593633652,1510224,-0.23478978872299194,1.0663604736328125,-5.242716312408447,0.7145482270936487,0.10598821147330754,-0.690079924472288,-0.04446378331107349,0.055937459049088464,0.0126827844491206,-0.0009898848922130997,0.05736577567113632,-0.0020773165646980653,0.015810507278124886,0.11267770320638597,0.9935036224471615,13.068888319196132
104030293071011,16.351348797,21789625,4.93799015879631,-0.07353270053863525,-1.8741607666015625,0.0004007406532764435,0.022273993119597435,-0.0639578104019165,37.13827133178711,0,-0.09895560145378113,-0.10916781425476074,0.000274658203125,-0.0018476173281669617,0.0017451941967010498,-0.0004684925079345703,104030288210904,4.860,1512186,12601.55,34,True,-0.2310117781162262,1.066523551940918,-5.3022141456604,0.7338637709617615,0.02744276635348797,-0.677858293056488,0.0346280112862587,1510224,-0.23478978872299194,1.0663604736328125,-5.242716312408447,0.7145482270936487,0.10598821147330754,-0.690079924472288,-0.04446378331107349,0.05824501439247261,0.01266568613953385,-0.0011793275168956543,0.059617884232473634,-0.00446645755026652,0.017171843018040645,0.11220796231949379,0.9935263216223426,13.046011418181044
104030393267642,16.451545428,21889809,5.173178642988205,0.013200044631958008,-1.72357177734375,0.0025284886360168457,0.018339527770876884,-0.06846773624420166,37.13827133178711,0,-0.09895560145378113,-0.10916781425476074,0.000274658203125,-0.0018476173281669617,0.0017451941967010498,-0.0004684925079345703,104030388781601,4.486,1512198,12601.65,34,True,-0.23099865019321442,1.06656813621521,-5.303526401519775,0.7339856624603271,0.026658497750759125,-0.6777822971343994,0.03414035961031914,1510224,-0.23478978872299194,1.0663604736328125,-5.242716312408447,0.7145482270936487,0.10598821147330754,-0.690079924472288,-0.04446378331107349,0.059536599387888696,0.012898805049647051,-0.0011388390777502277,0.06092850558505239,-0.0035902734915830986,0.017396818118466495,0.11244138533088303,0.9934995699649198,13.072968337514581
104030493518188,16.551795974,21989865,5.234956234693527,-0.09423661231994629,-1.850860595703125,0.0005667824298143387,0.020040662959218025,-0.06983208656311035,37.13827133178711,0,-0.09895560145378113,-0.10916781425476074,0.000274658203125,-0.0018476173281669617,0.0017451941967010498,-0.0004684925079345703,104030486683486,6.835,1512210,12601.75,34,True,-0.2308913767337799,1.0662314891815186,-5.304090976715088,0.734611988067627,0.023561904206871986,-0.6771519780158997,0.03543184697628021,1510224,-0.23478978872299194,1.0663604736328125,-5.242716312408447,0.7145482270936487,0.10598821147330754,-0.690079924472288,-0.04446378331107349,0.060019100748858405,0.013354684139409583,-0.0011931590900300156,0.06149848511775826,-0.002470861535112983,0.018280228982081592,0.11558363010027949,0.9931264534410906,13.44333871997914
104030593723552,16.652001338,22090095,5.223351448774338,-0.018996000289916992,-1.9368743896484375,0.0023096799850463867,0.0187727939337492,-0.06857025623321533,37.13827133178711,0,-0.09895560145378113,-0.10916781425476074,0.000274658203125,-0.0018476173281669617,0.0017451941967010498,-0.0004684925079345703,104030592473942,1.250,1512222,12601.85,34,True,-0.23093552887439728,1.06623375415802,-5.3038506507873535,0.7347846627235413,0.024771643802523613,-0.6769289374351501,0.03528580442070961,1510224,-0.23478978872299194,1.0663604736328125,-5.242716312408447,0.7145482270936487,0.10598821147330754,-0.690079924472288,-0.04446378331107349,0.05978373197324289,0.013298074809603757,-0.0011598722093527467,0.061255846299209604,-0.0032326417101162727,0.018520452054165637,0.11462682436985558,0.9932307053339449,13.34088464897888
104030693933844,16.752211630,22190359,5.145843952894211,0.008240580558776855,-1.7440338134765625,0.0026697199791669846,0.021144185215234756,-0.06843411922454834,37.13827133178711,0,-0.09895560145378113,-0.10916781425476074,0.000274658203125,-0.0018476173281669617,0.0017451941967010498,-0.0004684925079345703,104030686706318,7.228,1512234,12601.95,34,True,-0.23106147348880768,1.0663142204284668,-5.302921772003174,0.734076201915741,0.026037631556391716,-0.6776378154754639,0.035513631999492645,1510224,-0.23478978872299194,1.0663604736328125,-5.242716312408447,0.7145482270936487,0.10598821147330754,-0.690079924472288,-0.04446378331107349,0.058890398451848215,0.013013486110354727,-0.0010816599718826278,0.06032080767742268,-0.004162434572139753,0.01744459188525355,0.11383586257973509,0.9933376851519917,13.234928960769047
104030794149067,16.852426853,22290601,5.078039616346359,-0.0374377965927124,-1.721893310546875,0.0012690909206867218,0.02479933202266693,-0.06664073467254639,37.13827133178711,0,-0.09895560145378113,-0.10916781425476074,0.000274658203125,-0.0018476173281669617,0.0017451941967010498,-0.0004684925079345703,104030791465957,2.683,1512246,12602.05,34,True,-0.23101268708705902,1.066272258758545,-5.302597522735596,0.7337990999221802,0.026823600754141808,-0.6779186725616455,0.03529344126582146,1510224,-0.23478978872299194,1.0663604736328125,-5.242716312408447,0.7145482270936487,0.10598821147330754,-0.690079924472288,-0.04446378331107349,0.05856597720611701,0.01299069959152901,-0.0011409061712643535,0.0600002802399822,-0.004505390859742904,0.017041074557148265,0.11310542329312008,0.9934266286207668,13.14618973809397
104030894373386,16.952651172,22390890,5.1673674285411835,-0.018914103507995605,-1.765167236328125,0.0006480682641267776,0.022996272891759872,-0.06664121150970459,37.13827133178711,0,-0.09895560145378113,-0.10916781425476074,0.000274658203125,-0.0018476173281669617,0.0017451941967010498,-0.0004684925079345703,104030888436317,5.937,1512258,12602.15,34,True,-0.2309926301240921,1.0661505460739136,-5.302485466003418,0.733786404132843,0.026838352903723717,-0.6779216527938843,0.03548896685242653,1510224,-0.23478978872299194,1.0663604736328125,-5.242716312408447,0.7145482270936487,0.10598821147330754,-0.690079924472288,-0.04446378331107349,0.058431123075431794,0.013087491476448637,-0.0011556934982986772,0.05989001756941121,-0.004654403019581539,0.017008804244315945,0.11322859510004854,0.9934124633617093,13.16036235104937
104030994443191,17.052720977,22491079,5.157175987958908,-0.03254044055938721,-1.76702880859375,-0.0007680505514144897,0.020296113565564156,-0.06587886810302734,37.13827133178711,0,-0.09895560145378113,-0.10916781425476074,0.000274658203125,-0.0018476173281669617,0.0017451941967010498,-0.0004684925079345703,104030993726772,0.716,1512271,12602.258333333333,34,True,-0.23097744584083557,1.0659064054489136,-5.302490711212158,0.7338285446166992,0.026371153071522713,-0.6778589487075806,0.03615923598408699,1510224,-0.23478978872299194,1.0663604736328125,-5.242716312408447,0.7145482270936487,0.10598821147330754,-0.690079924472288,-0.04446378331107349,0.05838466617883288,0.013327650324687308,-0.0011503827714928485,0.059897569971676126,-0.0048194570390929295,0.0170324225098194,0.11402664967377535,0.993319984990471,13.252517899635219
104031094565694,17.152843480,22590913,4.983868569135666,-0.09043228626251221,-1.9387664794921875,-0.001702234148979187,0.024174557998776436,-0.06503570079803467,37.13827133178711,0,-0.09895560145378113,-0.10916781425476074,0.000274658203125,-0.0018476173281669617,0.0017451941967010498,-0.0004684925079345703,104031087730398,6.835,1512282,12602.35,34,True,-0.23127660155296326,1.0660839080810547,-5.302249431610107,0.7373851537704468,0.023084882646799088,-0.6740055084228516,0.03803732246160507,1510224,-0.23478978872299194,1.0663604736328125,-5.242716312408447,0.7145482270936487,0.10598821147330754,-0.690079924472288,-0.04446378331107349,0.05817925875676616,0.013077257314798496,-0.0008777505972357453,0.05963733104755067,-0.004460210645430486,0.022187300684517075,0.11787649677261185,0.9927703469171255,13.787589743675362
104031196114440,17.254392226,22691284,4.97602841258049,0.00691831111907959,-1.873321533203125,0.0013725273311138153,0.02463480643928051,-0.0639348030090332,37.13827133178711,0,-0.09895560145378113,-0.10916781425476074,0.000274658203125,-0.0018476173281669617,0.0017451941967010498,-0.0004684925079345703,104031195808503,0.306,1512295,12602.458333333334,34,True,-0.23127655684947968,1.06613290309906,-5.301599979400635,0.7369555234909058,0.02373000793159008,-0.6745152473449707,0.03691551834344864,1510224,-0.23478978872299194,1.0663604736328125,-5.242716312408447,0.7145482270936487,0.10598821147330754,-0.690079924472288,-0.04446378331107349,0.05755532519807171,0.012893290353386287,-0.0009101814100577598,0.058988819491423344,-0.004030686029976673,0.021616800737705225,0.11661851302742218,0.9929333260170429,13.631110464647177
104031296290904,17.354568690,22792855,4.9437932670116425,0.05516970157623291,-1.7665557861328125,0.0015554782003164291,0.025742381811141968,-0.06331586837768555,37.13827133178711,0,-0.09895560145378113,-0.10916781425476074,0.000274658203125,-0.0018476173281669617,0.0017451941967010498,-0.0004684925079345703,104031296119866,0.171,1512307,12602.558333333332,34,True,-0.2313295304775238,1.0659393072128296,-5.301011562347412,0.7372696399688721,0.022730771452188492,-0.6742360591888428,0.03636611998081207,1510224,-0.23478978872299194,1.0663604736328125,-5.242716312408447,0.7145482270936487,0.10598821147330754,-0.690079924472288,-0.04446378331107349,0.056938045541857336,0.012953534445865502,-0.000867092243182788,0.058399374429226825,-0.0029921191422590124,0.02213572097024003,0.11697427529908183,0.9928837172591869,13.678929363422208
104031396417466,17.454695252,22892896,4.763890236616135,0.0522083044052124,-1.7428131103515625,0.0019291024655103683,0.03571490943431854,-0.06211531162261963,37.13827133178711,0,-0.09895560145378113,-0.10916781425476074,0.000274658203125,-0.0018476173281669617,0.0017451941967010498,-0.0004684925079345703,104031395296386,1.121,1512319,12602.658333333333,34,True,-0.23136545717716217,1.0661393404006958,-5.299764633178711,0.7343126535415649,0.02238638699054718,-0.6774414777755737,0.03683497756719589,1510224,-0.23478978872299194,1.0663604736328125,-5.242716312408447,0.7145482270936487,0.10598821147330754,-0.690079924472288,-0.04446378331107349,0.05576175990886245,0.01249391403883763,-0.0009022710266462183,0.057151429108544684,-0.002618272268435447,0.017770356784196417,0.1173730215890488,0.9929254417493528,13.638721424331418
104031496762286,17.555040072,22993006,4.772545784711838,-0.04942512512207031,-1.7418975830078125,-0.0005842316895723343,0.035610005259513855,-0.05761611461639404,37.13827133178711,0,-0.09895560145378113,-0.10916781425476074,0.000274658203125,-0.0018476173281669617,0.0017451941967010498,-0.0004684925079345703,104031487756079,9.006,1512330,12602.75,34,True,-0.23152600228786469,1.0668333768844604,-5.298620700836182,0.7333561182022095,0.023802362382411957,-0.6785148978233337,0.035210780799388885,1510224,-0.23478978872299194,1.0663604736328125,-5.242716312408447,0.7145482270936487,0.10598821147330754,-0.690079924472288,-0.04446378331107349,0.05478808950289471,0.01156372545189043,-0.0008497571150871859,0.056001576628328435,-0.002278540465015518,0.01645244648229699,0.11518675902653626,0.9932049817651234,13.366237263846017
104031596998405,17.655276191,23093417,4.516209572553635,0.03571128845214844,-1.486724853515625,0.0011338721960783005,0.03770871460437775,-0.0564272403717041,37.13827133178711,0,-0.09895560145378113,-0.10916781425476074,0.000274658203125,-0.0018476173281669617,0.0017451941967010498,-0.0004684925079345703,104031595676165,1.322,1512343,12602.858333333334,34,True,-0.2316310554742813,1.0669775009155273,-5.29716682434082,0.7335469126701355,0.025012122467160225,-0.6783553957939148,0.03342781215906143,1510224,-0.23478978872299194,1.0663604736328125,-5.242716312408447,0.7145482270936487,0.10598821147330754,-0.690079924472288,-0.04446378331107349,0.05339602953171548,0.011108886253285271,-0.0008205148148339504,0.054545545813582466,-0.0018647431954616316,0.016833263883967775,0.11310505898424073,0.9934386793315424,13.134120784892765
104031697367061,17.755644847,23193610,4.517693012952805,-0.02348923683166504,-1.55377197265625,-0.0014724917709827423,0.032390184700489044,-0.0548778772354126,37.13827133178711,0,-0.09895560145378113,-0.10916781425476074,0.000274658203125,-0.0018476173281669617,0.0017451941967010498,-0.0004684925079345703,104031688352647,9.014,1512354,12602.95,34,True,-0.2315923124551773,1.0663927793502808,-5.296132564544678,0.7332357168197632,0.024156462401151657,-0.678753137588501,0.03280309587717056,1510224,-0.23478978872299194,1.0663604736328125,-5.242716312408447,0.7145482270936487,0.10598821147330754,-0.690079924472288,-0.04446378331107349,0.05226232425005578,0.011464637385300788,-0.0008558294395264745,0.05351187616243674,-0.0007718866890642773,0.01643856768132096,0.11327007428419841,0.9934279379779785,13.144878933009247
104031797516188,17.855793974,23293973,4.299455136060715,-0.03819680213928223,-1.7675933837890625,-0.0021082479506731033,0.03929313272237778,-0.05128931999206543,37.13827133178711,0,-0.09895560145378113,-0.10916781425476074,0.000274658203125,-0.0018476173281669617,0.0017451941967010498,-0.0004684925079345703,104031796267790,1.248,1512367,12603.058333333332,34,True,-0.2316344976425171,1.0661240816116333,-5.294912815093994,0.7331944108009338,0.024142369627952576,-0.6787055730819702,0.0346677303314209,1510224,-0.23478978872299194,1.0663604736328125,-5.242716312408447,0.7145482270936487,0.10598821147330754,-0.690079924472288,-0.04446378331107349,0.05101266754726518,0.011466502595738523,-0.0008448097576516786,0.05229231908791676,-0.0020977374492160174,0.016247047802737558,0.11456039885203904,0.9932812028575552,13.290975326503307
104031897736713,17.956014499,23394135,4.1438970267772675,0.04640793800354004,-1.940521240234375,-0.001306932419538498,0.040844403207302094,-0.04841923713684082,37.13827133178711,0,-0.09895560145378113,-0.10916781425476074,0.000274658203125,-0.0018476173281669617,0.0017451941967010498,-0.0004684925079345703,104031895347314,2.389,1512379,12603.158333333333,34,True,-0.231900155544281,1.0664794445037842,-5.292096138000488,0.7316886186599731,0.02490323781967163,-0.6802651286125183,0.035369519144296646,1510224,-0.23478978872299194,1.0663604736328125,-5.242716312408447,0.7145482270936487,0.10598821147330754,-0.690079924472288,-0.04446378331107349,0.04833039671893983,0.010505587289307703,-0.000732596869132256,0.04946444490213183,-0.002892011475286955,0.0139853404757142,0.11441075689633141,0.9933308739930586,13.24170007345601
104031997971415,18.056249201,23494159,3.8079366385936737,-0.05361592769622803,-1.5569915771484375,-0.004354773089289665,0.04251094534993172,-0.041323304176330566,37.13827133178711,0,-0.09895560145378113,-0.10916781425476074,0.000274658203125,-0.0018476173281669617,0.0017451941967010498,-0.0004684925079345703,104031995852064,2.119,1512391,12603.258333333333,34,True,-0.23208262026309967,1.067159652709961,-5.289029121398926,0.730923056602478,0.025329187512397766,-0.6810887455940247,0.03504316881299019,1510224,-0.23478978872299194,1.0663604736328125,-5.242716312408447,0.7145482270936487,0.10598821147330754,-0.690079924472288,-0.04446378331107349,0.04547483036779311,0.009183377988118243,-0.0007410105288872025,0.04639874701816995,-0.0028314243788688,0.0128841778394152,0.11383667197774677,0.9934118949914079,13.160930699345263
104032098295105,18.156572891,23594537,3.530114382505417,0.02141702175140381,-1.4260711669921875,-0.00092284195125103,0.050170592963695526,-0.03604018688201904,37.13827133178711,0,-0.09895560145378113,-0.10916781425476074,0.000274658203125,-0.0018476173281669617,0.0017451941967010498,-0.0004684925079345703,104032095191924,3.103,1512403,12603.358333333334,34,True,-0.23242470622062683,1.0676838159561157,-5.286455154418945,0.7312630414962769,0.02274356596171856,-0.6808430552482605,0.034494124352931976,1510224,-0.23478978872299194,1.0663604736328125,-5.242716312408447,0.7145482270936487,0.10598821147330754,-0.690079924472288,-0.04446378331107349,0.04306363765319339,0.008102162361024276,-0.0005560824732126146,0.043822724134482426,-0.0006959773777116714,0.013467510744589406,0.11533044702355941,0.9932356365733058,13.336019041577597
104032198375129,18.256652915,23694906,3.3907415568828583,-0.020203113555908203,-1.535736083984375,-0.0022787097841501236,0.045525357127189636,-0.030029296875,37.13827133178711,0,-0.09895560145378113,-0.10916781425476074,0.000274658203125,-0.0018476173281669617,0.0017451941967010498,-0.0004684925079345703,104032194422417,3.953,1512415,12603.458333333334,34,True,-0.23267215490341187,1.0680830478668213,-5.284120082855225,0.7328190803527832,0.021500300616025925,-0.6790595054626465,0.03731299191713333,1510224,-0.23478978872299194,1.0663604736328125,-5.242716312408447,0.7145482270936487,0.10598821147330754,-0.690079924472288,-0.04446378331107349,0.04086157660865251,0.007201230015619196,-0.0004446183895212468,0.0414936602650927,-0.002110464227831814,0.015572246835984129,0.11824967511778632,0.9928595396146226,13.702174491630219
104032298672438,18.356950224,23794809,3.1393968760967255,-0.016347646713256836,-1.7542724609375,-0.002662600949406624,0.04013162851333618,-0.02388763427734375,37.13827133178711,0,-0.09895560145378113,-0.10916781425476074,0.000274658203125,-0.0018476173281669617,0.0017451941967010498,-0.0004684925079345703,104032295216636,3.456,1512427,12603.558333333332,34,True,-0.2328936904668808,1.068376898765564,-5.281360626220703,0.7300761342048645,0.021353451535105705,-0.6820775270462036,0.03610064461827278,1510224,-0.23478978872299194,1.0663604736328125,-5.242716312408447,0.7145482270936487,0.10598821147330754,-0.690079924472288,-0.04446378331107349,0.03822321289334747,0.0063161831332420384,-0.0003687487899818533,0.0387433110218129,-0.0007010096361545535,0.011657897039405786,0.11736146196432722,0.9930205885417002,13.546588672227745
104032398910969,18.457188755,23895331,2.8730184733867645,-0.015093803405761719,-1.93035888671875,-0.003489237278699875,0.03492261469364166,-0.017914533615112305,37.13827133178711,0,-0.09895560145378113,-0.10916781425476074,0.000274658203125,-0.0018476173281669617,0.0017451941967010498,-0.0004684925079345703,104032395633209,3.278,1512439,12603.658333333333,34,True,-0.23292239010334015,1.0681089162826538,-5.279770851135254,0.7296339869499207,0.021144744008779526,-0.6825547814369202,0.036141879856586456,1510224,-0.23478978872299194,1.0663604736328125,-5.242716312408447,0.7145482270936487,0.10598821147330754,-0.690079924472288,-0.04446378331107349,0.03661261880217705,0.00624092688613055,-0.000387357211523583,0.03714273912302207,-0.0005162064679644779,0.011016668453317169,0.11751340851890107,0.9930100530031617,13.556821150883154
104032499106926,18.557384712,23995539,2.7815968692302704,-0.0635533332824707,-2.142822265625,-0.003914704546332359,0.03991805016994476,-0.015110015869140625,37.13827133178711,0,-0.09895560145378113,-0.10916781425476074,0.000274658203125,-0.0018476173281669617,0.0017451941967010498,-0.0004684925079345703,104032495678530,3.428,1512451,12603.758333333333,34,True,-0.23265181481838226,1.0678895711898804,-5.279672145843506,0.7300249934196472,0.025282634422183037,-0.6821616291999817,0.032862305641174316,1510224,-0.23478978872299194,1.0663604736328125,-5.242716312408447,0.7145482270936487,0.10598821147330754,-0.690079924472288,-0.04446378331107349,0.03647631746728836,0.006458144839552388,-0.0006429042639262397,0.037049192928262524,-0.0010873227247025846,0.011731030291260826,0.1123174791821662,0.9936025284427177,12.96891404978558
104032599316873,18.657594659,24095662,2.74374458193779,0.07184457778930664,-2.060638427734375,-0.000542372465133667,0.033328600227832794,-0.018759489059448242,37.13827133178711,0,-0.09895560145378113,-0.10916781425476074,0.000274658203125,-0.0018476173281669617,0.0017451941967010498,-0.0004684925079345703,104032596535754,2.781,1512463,12603.858333333334,34,True,-0.23263657093048096,1.067836880683899,-5.279463768005371,0.7295302748680115,0.025986379012465477,-0.6826568841934204,0.033013585954904556,1510224,-0.23478978872299194,1.0663604736328125,-5.242716312408447,0.7145482270936487,0.10598821147330754,-0.690079924472288,-0.04446378331107349,0.03626194963687357,0.006467094073839036,-0.0006628123892419625,0.036840081670517125,-0.0016065716094130589,0.010988426835232322,0.11188860687035741,0.9936587004882316,12.911792128715813
104032699433018,18.757710804,24196059,2.664779394865036,0.12696266174316406,-2.1909942626953125,-0.0005091764032840729,0.0332329198718071,-0.017973661422729492,37.13827133178711,0,-0.09895560145378113,-0.10916781425476074,0.000274658203125,-0.0018476173281669617,0.0017451941967010498,-0.0004684925079345703,104032696182498,3.251,1512475,12603.958333333334,34,True,-0.23266176879405975,1.0680619478225708,-5.279127597808838,0.7292773723602295,0.025464756414294243,-0.6829266548156738,0.03342539072036743,1510224,-0.23478978872299194,1.0663604736328125,-5.242716312408447,0.7145482270936487,0.10598821147330754,-0.690079924472288,-0.04446378331107349,0.03598085946149064,0.006175166635820531,-0.0006710120545520544,0.03651308241911446,-0.0015010271999644775,0.010600686747663401,0.11253070102633272,0.9935905664227822,12.981046023545645
104032799643033,18.857920819,24296585,2.688073605298996,-0.024322032928466797,-2.274017333984375,-0.0034348201006650925,0.03752820938825607,-0.015792369842529297,37.13827133178711,0,-0.09895560145378113,-0.10916781425476074,0.000274658203125,-0.0018476173281669617,0.0017451941967010498,-0.0004684925079345703,104032794200179,5.443,1512487,12604.058333333332,34,True,-0.23304149508476257,1.0682034492492676,-5.278129577636719,0.7306883335113525,0.023293673992156982,-0.6813455820083618,0.036334797739982605,1510224,-0.23478978872299194,1.0663604736328125,-5.242716312408447,0.7145482270936487,0.10598821147330754,-0.690079924472288,-0.04446378331107349,0.03502660833970367,0.005793782099100592,-0.0003481969290016942,0.035504259517644125,-0.00231203012866742,0.012492286893067028,0.11616900972713351,0.9931482056893033,13.42202586002727
104032899818447,18.958096233,24396274,2.54214808344841,0.0058907270431518555,-2.055419921875,-0.0026513412594795227,0.04992262274026871,-0.011707305908203125,37.13827133178711,0,-0.09895560145378113,-0.10916781425476074,0.000274658203125,-0.0018476173281669617,0.0017451941967010498,-0.0004684925079345703,104032895078617,4.740,1512499,12604.158333333333,34,True,-0.23310358822345734,1.0683577060699463,-5.275242328643799,0.7275880575180054,0.024626748636364937,-0.6846989393234253,0.034590769559144974,1510224,-0.23478978872299194,1.0663604736328125,-5.242716312408447,0.7145482270936487,0.10598821147330754,-0.690079924472288,-0.04446378331107349,0.032237715001975586,0.005032193007065727,-0.0004250960667432108,0.03263087405625114,-0.0014924996412011247,0.008082286309562647,0.11383345727479581,0.9934658489841,13.106869407965748
104032999879627,19.058157413,24496251,2.1823656260967255,0.0019277334213256836,-1.8470306396484375,-0.0022137798368930817,0.041641443967819214,-0.006490349769592285,37.13827133178711,0,-0.09895560145378113,-0.10916781425476074,0.000274658203125,-0.0018476173281669617,0.0017451941967010498,-0.0004684925079345703,104032994669467,5.210,1512511,12604.258333333333,34,True,-0.23314979672431946,1.0686179399490356,-5.270342826843262,0.727587103843689,0.026485184207558632,-0.6846983432769775,0.03322410210967064,1510224,-0.23478978872299194,1.0663604736328125,-5.242716312408447,0.7145482270936487,0.10598821147330754,-0.690079924472288,-0.04446378331107349,0.027506277021749192,0.0037466397448935778,-0.0006143637085468414,0.02776706732338875,-0.0017984395906797922,0.008144271240612122,0.11156227230663343,0.9937224440751948,12.84666429296332
104033100088713,19.158366499,24596374,1.9306465089321136,0.024309277534484863,-2.2472381591796875,-0.0038069766014814377,0.01189151220023632,0.0024014711380004883,37.13827133178711,0,-0.09895560145378113,-0.10916781425476074,0.000274658203125,-0.0018476173281669617,0.0017451941967010498,-0.0004684925079345703,104033096546772,3.542,1512523,12604.358333333334,34,True,-0.2335059642791748,1.0688992738723755,-5.265886306762695,0.7267763018608093,0.02649339847266674,-0.6855883598327637,0.032601919025182724,1510224,-0.23478978872299194,1.0663604736328125,-5.242716312408447,0.7145482270936487,0.10598821147330754,-0.690079924472288,-0.04446378331107349,0.02320423530615025,0.0025055646036048645,-0.0004774516821695451,0.023344000304892774,-0.0012291458062033689,0.007014372724235773,0.11108069281463005,0.9937858760616869,12.78152678952634
104033200288988,19.258566774,24696790,1.4249128997325897,0.0987926721572876,-2.380401611328125,-0.0035255998373031616,0.014210782945156097,0.009990096092224121,37.13827133178711,0,-0.09895560145378113,-0.10916781425476074,0.000274658203125,-0.0018476173281669617,0.0017451941967010498,-0.0004684925079345703,104033196442631,3.846,1512535,12604.458333333334,34,True,-0.2336634248495102,1.0685338973999023,-5.263479709625244,0.7259317636489868,0.026004603132605553,-0.6865634918212891,0.03126298263669014,1510224,-0.23478978872299194,1.0663604736328125,-5.242716312408447,0.7145482270936487,0.10598821147330754,-0.690079924472288,-0.04446378331107349,0.02077183531851639,0.002342139069089623,-0.0003954396424275679,0.020907202836087952,0.0002058005444771569,0.005898440205643509,0.11045983505160652,0.9938630644558879,12.70181433533368
104033300498353,19.358776139,24796990,1.2449654042720795,0.05818629264831543,-2.5938568115234375,-0.005740795284509659,0.02275947667658329,0.013610243797302246,37.13827133178711,0,-0.09895560145378113,-0.10916781425476074,0.000274658203125,-0.0018476173281669617,0.0017451941967010498,-0.0004684925079345703,104033296108635,4.390,1512547,12604.558333333332,34,True,-0.23362432420253754,1.0678666830062866,-5.262527942657471,0.7259684801101685,0.0257838387042284,-0.6864146590232849,0.033762071281671524,1510224,-0.23478978872299194,1.0663604736328125,-5.242716312408447,0.7145482270936487,0.10598821147330754,-0.690079924472288,-0.04446378331107349,0.019701157846103632,0.0027955446552465164,-0.0004206862876677186,0.01990295624647755,-0.0014449807928296164,0.005775067693791214,0.11233942470545194,0.9936520589625368,12.918559073584948
104033400710104,19.458987890,24897096,1.174804300069809,0.10284805297851562,-2.723724365234375,-0.005210407078266144,0.021499555557966232,0.015668153762817383,37.29597854614258,0,-0.09895560145378113,-0.10916781425476074,0.000274658203125,-0.0018476173281669617,0.0017451941967010498,-0.0004684925079345703,104033397210712,3.499,1512559,12604.658333333333,34,True,-0.2335876077413559,1.0673431158065796,-5.262385845184326,0.7259749174118042,0.025295620784163475,-0.6863860487937927,0.03456512466073036,1510224,-0.23478978872299194,1.0663604736328125,-5.242716312408447,0.7145482270936487,0.10598821147330754,-0.690079924472288,-0.04446378331107349,0.019451850808879838,0.0032787713990354845,-0.0004201221222398505,0.019730720827573624,-0.001685210346817182,0.0057365471512486055,0.11324186096192727,0.9935494617877603,13.022648886808911
104033500923066,19.559200852,24997224,1.2040042579174042,0.1296987533569336,-2.6999053955078125,-0.0038488060235977173,0.02432391420006752,0.016826272010803223,37.29597854614258,0,-0.09895560145378113,-0.10916781425476074,0.000274658203125,-0.0018476173281669617,0.0017451941967010498,-0.0004684925079345703,104033495409025,5.514,1512571,12604.758333333333,34,True,-0.2336597442626953,1.0672149658203125,-5.261690616607666,0.7250983715057373,0.025604072958230972,-0.6872530579566956,0.03549699857831001,1510224,-0.23478978872299194,1.0663604736328125,-5.242716312408447,0.7145482270936487,0.10598821147330754,-0.690079924472288,-0.04446378331107349,0.018743689261274527,0.0032511605700049516,-0.0003680285995175972,0.019027122147745722,-0.002433068538216287,0.0043996579292541185,0.11361017063899241,0.9935126835199302,13.059761086432056
104033601140217,19.659418003,25097617,0.9914073646068573,0.16200542449951172,-2.485809326171875,-0.0029996782541275024,0.029764089733362198,0.01696455478668213,37.29597854614258,0,-0.09895560145378113,-0.10916781425476074,0.000274658203125,-0.0018476173281669617,0.0017451941967010498,-0.0004684925079345703,104033596403508,4.737,1512583,12604.858333333334,34,True,-0.23371745645999908,1.067475438117981,-5.260257244110107,0.7253503203392029,0.027958005666732788,-0.687018871307373,0.033022020012140274,1510224,-0.23478978872299194,1.0663604736328125,-5.242716312408447,0.7145482270936487,0.10598821147330754,-0.690079924472288,-0.04446378331107349,0.01739760865911457,0.0026916148088610503,-0.00039465163469856843,0.017609012671008804,-0.002325002203283203,0.004898513961499596,0.11023652441323267,0.9938905913685946,12.673266511259973
104033701345148,19.759622934,25197935,0.831314891576767,0.2801673412322998,-2.4276885986328125,-0.0002520419657230377,0.017618009820580482,0.018501639366149902,37.29597854614258,0,-0.09895560145378113,-0.10916781425476074,0.000274658203125,-0.0018476173281669617,0.0017451941967010498,-0.0004684925079345703,104033695297943,6.047,1512595,12604.958333333334,34,True,-0.23391787707805634,1.0677837133407593,-5.257596015930176,0.7238113284111023,0.027270782738924026,-0.688642680644989,0.03353745862841606,1510224,-0.23478978872299194,1.0663604736328125,-5.242716312408447,0.7145482270936487,0.10598821147330754,-0.690079924472288,-0.04446378331107349,0.01485879135001398,0.0018150378288559641,-0.0003367125984609456,0.014973023010647875,-0.001978535258700658,0.0026521228047322043,0.11099236245396013,0.9938157510925995,12.750733713576848
104033801575060,19.859852846,25298049,0.7142160832881927,0.24219942092895508,-2.2931365966796875,0.0005137026309967041,0.028952505439519882,0.02533090114593506,37.29597854614258,0,-0.09895560145378113,-0.10916781425476074,0.000274658203125,-0.0018476173281669617,0.0017451941967010498,-0.0004684925079345703,104033795451898,6.123,1512607,12605.058333333332,34,True,-0.23411166667938232,1.0682591199874878,-5.254145622253418,0.7226724028587341,0.026777498424053192,-0.6898253560066223,0.034183796495199203,1510224,-0.23478978872299194,1.0663604736328125,-5.242716312408447,0.7145482270936487,0.10598821147330754,-0.690079924472288,-0.04446378331107349,0.011584882264971064,0.0006107570386385832,-0.0003336311811081602,0.011605767144764505,-0.001923978694138375,0.0009745237096204784,0.11172273884891967,0.9937370770146498,12.831667131458314
104033901782959,19.960060745,25398302,0.33830881118774414,0.08618390560150146,-1.9302825927734375,-0.0030104350298643112,0.032869499176740646,0.03182029724121094,37.29597854614258,0,-0.09895560145378113,-0.10916781425476074,0.000274658203125,-0.0018476173281669617,0.0017451941967010498,-0.0004684925079345703,104033896063011,5.720,1512619,12605.158333333333,34,True,-0.23442743718624115,1.0687509775161743,-5.250309467315674,0.7220215797424316,0.02618992142379284,-0.6905496716499329,0.03376507759094238,1510224,-0.23478978872299194,1.0663604736328125,-5.242716312408447,0.7145482270936487,0.10598821147330754,-0.690079924472288,-0.04446378331107349,0.00793461297198018,-0.0007014723523322327,-0.00022729368994707483,0.007968802224782115,-0.0011136017625696518,7.83504430948989e-05,0.11181686694835954,0.9937282032921151,12.840763807432616
104034001961084,20.060238870,25498358,-0.018636375665664673,0.16636645793914795,-2.276275634765625,-0.001861572265625,0.03335738927125931,0.03913676738739014,37.29597854614258,0,-0.09895560145378113,-0.10916781425476074,0.000274658203125,-0.0018476173281669617,0.0017451941967010498,-0.0004684925079345703,104033993992014,7.969,1512631,12605.258333333333,34,True,-0.23457114398479462,1.0685021877288818,-5.246387481689453,0.7212467789649963,0.023858994245529175,-0.6913794875144958,0.03504848852753639,1510224,-0.23478978872299194,1.0663604736328125,-5.242716312408447,0.7145482270936487,0.10598821147330754,-0.690079924472288,-0.04446378331107349,0.0040471928499188625,-0.0012951294434981804,-0.0002347305706427702,0.004255846411778103,-0.00029973342532836974,-0.0010816519758082845,0.11432285097925228,0.9934430159464873,13.129774902593821
104034102075285,20.160353071,25598467,-0.22277605533599854,0.009746432304382324,-2.5187835693359375,-0.006494283676147461,0.02207893878221512,0.04444384574890137,37.29597854614258,0,-0.09895560145378113,-0.10916781425476074,0.000274658203125,-0.0018476173281669617,0.0017451941967010498,-0.0004684925079345703,104034096382445,5.693,1512643,12605.358333333334,34,True,-0.2346441149711609,1.068101406097412,-5.242677688598633,0.7197814583778381,0.024000011384487152,-0.6927854418754578,0.037241753190755844,1510224,-0.23478978872299194,1.0663604736328125,-5.242716312408447,0.7145482270936487,0.10598821147330754,-0.690079924472288,-0.04446378331107349,0.00033646231222086466,-0.0016899141367423163,-0.00029076074330530087,0.0017474434145213372,-0.0017500716679738663,-0.0033361929912877346,0.1156428338600426,0.9932837167910791,13.288485799389656
104034202285754,20.260563540,25698847,-0.5807206928730011,0.06327176094055176,-2.4143829345703125,-0.005609588697552681,0.021893741562962532,0.052168846130371094,37.29597854614258,0,-0.09895560145378113,-0.10916781425476074,0.000274658203125,-0.0018476173281669617,0.0017451941967010498,-0.0004684925079345703,104034199346733,2.939,1512655,12605.458333333334,34,True,-0.23489688336849213,1.0676366090774536,-5.240054130554199,0.7207931876182556,0.0237315371632576,-0.6918708682060242,0.03476667031645775,1510224,-0.23478978872299194,1.0663604736328125,-5.242716312408447,0.7145482270936487,0.10598821147330754,-0.690079924472288,-0.04446378331107349,-0.0023314111348333045,-0.0018106567209552906,-0.00011509787350977088,0.002954184009375813,6.184377471137731e-05,-0.0017102448931860526,0.11419322916431053,0.9934570839501726,13.115666966267838
104034302366889,20.360644675,25799003,-0.7173296511173248,0.10248637199401855,-2.5865325927734375,-0.004103740677237511,0.021801097318530083,0.05471599102020264,37.29597854614258,0,-0.09895560145378113,-0.10916781425476074,0.000274658203125,-0.0018476173281669617,0.0017451941967010498,-0.0004684925079345703,104034294600763,7.766,1512667,12605.558333333332,34,True,-0.23477597534656525,1.0675323009490967,-5.239251613616943,0.7200503349304199,0.026121973991394043,-0.6925781965255737,0.03436027094721794,1510224,-0.23478978872299194,1.0663604736328125,-5.242716312408447,0.7145482270936487,0.10598821147330754,-0.690079924472288,-0.04446378331107349,-0.003134446070937331,-0.0018665977611718653,-0.00026185570602992085,0.0036575275507378917,-0.0011893582199230708,-0.002791507120369685,0.11215741538308704,0.9936858191046138,12.884124674410574
104034402618154,20.460895940,25898952,-0.8297902643680573,0.11797046661376953,-2.4779510498046875,-0.0030640847980976105,0.028125517070293427,0.053630948066711426,37.29597854614258,0,-0.09895560145378113,-0.10916781425476074,0.000274658203125,-0.0018476173281669617,0.0017451941967010498,-0.0004684925079345703,104034396727972,5.890,1512679,12605.658333333333,34,True,-0.23481206595897675,1.0675617456436157,-5.239584445953369,0.7200441360473633,0.025935044512152672,-0.6925753355026245,0.03468805551528931,1510224,-0.23478978872299194,1.0663604736328125,-5.242716312408447,0.7145482270936487,0.10598821147330754,-0.690079924472288,-0.04446378331107349,-0.0028039864022880523,-0.001828680153558807,-0.00021383957395629006,0.0033544206968753884,-0.0012946074205823115,-0.002820170197097071,0.11251639815745035,0.9936450225192899,12.925724545133846
104034502866080,20.561143866,25999614,-0.7553519308567047,0.2703971862792969,-2.5616912841796875,0.0002345498651266098,0.031099781394004822,0.05335390567779541,37.29597854614258,0,-0.09895560145378113,-0.10916781425476074,0.000274658203125,-0.0018476173281669617,0.0017451941967010498,-0.0004684925079345703,104034496894205,5.972,1512691,12605.758333333333,34,True,-0.2348112016916275,1.0675708055496216,-5.239964008331299,0.7199729084968567,0.025509729981422424,-0.6926359534263611,0.035266853868961334,1510224,-0.23478978872299194,1.0663604736328125,-5.242716312408447,0.7145482270936487,0.10598821147330754,-0.690079924472288,-0.04446378331107349,-0.002431293002205821,-0.0017577816306229663,-0.00019889110998211383,0.0030067490080085578,-0.0014050938982983175,-0.002955072022348793,0.11321486850509159,0.9935651396913313,13.006796582306123
104034603055034,20.661332820,26099652,-0.7266897261142731,0.11918020248413086,-2.477325439453125,-0.003051862120628357,0.027566324919462204,0.05188858509063721,37.29597854614258,0,-0.09895560145378113,-0.10916781425476074,0.000274658203125,-0.0018476173281669617,0.0017451941967010498,-0.0004684925079345703,104034595345743,7.709,1512703,12605.858333333334,34,True,-0.23480753600597382,1.0675841569900513,-5.24028205871582,0.720326840877533,0.02523544244468212,-0.6922798752784729,0.0352277047932148,1510224,-0.23478978872299194,1.0663604736328125,-5.242716312408447,0.7145482270936487,0.10598821147330754,-0.690079924472288,-0.04446378331107349,-0.0021176986581589205,-0.0017037155213502804,-0.0001897703360549099,0.0027245746392610248,-0.0012413169656890106,-0.0024400502520607326,0.11340552698848626,0.9935450124354819,13.027144234711445
104034704584532,20.762862318,26199594,-0.6378343403339386,0.23087811470031738,-2.5613555908203125,0.00038312189280986786,0.027186812832951546,0.05190300941467285,37.29597854614258,0,-0.09895560145378113,-0.10916781425476074,0.000274658203125,-0.0018476173281669617,0.0017451941967010498,-0.0004684925079345703,104034704306844,0.278,1512716,12605.966666666667,34,True,-0.23486492037773132,1.0678755044937134,-5.240307807922363,0.7204295992851257,0.024606194347143173,-0.6922070980072021,0.03500128909945488,1510224,-0.23478978872299194,1.0663604736328125,-5.242716312408447,0.7145482270936487,0.10598821147330754,-0.690079924472288,-0.04446378331107349,-0.002031979978590698,-0.0019871328678699018,-0.00015561962135380474,0.002846376140729228,-0.0006575831056535135,-0.002265159691924312,0.11370656387051851,0.9935115771689774,13.060875855843069
104034804788585,20.863066371,26301330,-0.5058777630329132,0.10800814628601074,-2.372222900390625,-0.0029537156224250793,0.014630047604441643,0.05176651477813721,37.29597854614258,0,-0.09895560145378113,-0.10916781425476074,0.000274658203125,-0.0018476173281669617,0.0017451941967010498,-0.0004684925079345703,104034803927563,0.861,1512728,12606.066666666666,34,True,-0.23478913307189941,1.0675712823867798,-5.24058723449707,0.7200117707252502,0.02228771708905697,-0.6926039457321167,0.03723127767443657,1510224,-0.23478978872299194,1.0663604736328125,-5.242716312408447,0.7145482270936487,0.10598821147330754,-0.690079924472288,-0.04446378331107349,-0.0018218915018680905,-0.0016254898554599387,-0.00019371398115024065,0.0024492919428429545,-0.0005904434422350415,-0.0029703257667171856,0.11687545511049283,0.9931419619239217,13.42814694887878
104034905535225,20.963813011,26401615,-0.561947375535965,0.17620277404785156,-2.588165283203125,-0.0025660209357738495,0.013898581266403198,0.05304110050201416,37.29597854614258,0,-0.09895560145378113,-0.10916781425476074,0.000274658203125,-0.0018476173281669617,0.0017451941967010498,-0.0004684925079345703,104034905254359,0.281,1512740,12606.166666666666,34,True,-0.23475947976112366,1.0668163299560547,-5.2414326667785645,0.7202498912811279,0.021895471960306168,-0.6922852396965027,0.0387536846101284,1510224,-0.23478978872299194,1.0663604736328125,-5.242716312408447,0.7145482270936487,0.10598821147330754,-0.690079924472288,-0.04446378331107349,-0.0011560376789728974,-0.0007104205589967941,-0.00012389204121452142,0.0013625232929115971,-0.0014519629654967982,-0.0027221893068203884,0.1182173866476116,0.9929829459679225,13.583113173722907
104035005633658,21.063911444,26502284,-0.4798256456851959,0.0404280424118042,-2.5658111572265625,-0.004425764083862305,0.013237661682069302,0.05035579204559326,37.29597854614258,0,-0.09895560145378113,-0.10916781425476074,0.000274658203125,-0.0018476173281669617,0.0017451941967010498,-0.0004684925079345703,104035002281365,3.352,1512752,12606.266666666666,34,True,-0.23474855720996857,1.0665315389633179,-5.2416768074035645,0.7206391096115112,0.021099967882037163,-0.6918915510177612,0.03898944705724716,1510224,-0.23478978872299194,1.0663604736328125,-5.242716312408447,0.7145482270936487,0.10598821147330754,-0.690079924472288,-0.04446378331107349,-0.000977908598213484,-0.0003809434295629515,-0.00010055305642535346,0.0010542931471576229,-0.0011304976847816529,-0.0021619049152852847,0.11897225458099203,0.9928945819078869,13.668470945191668
104035106720619,21.164998405,26602124,-0.5445951521396637,0.21366262435913086,-2.6705322265625,-0.0019287914037704468,0.023915838450193405,0.05045735836029053,37.29597854614258,0,-0.09895560145378113,-0.10916781425476074,0.000274658203125,-0.0018476173281669617,0.0017451941967010498,-0.0004684925079345703,104035106440852,0.280,1512764,12606.366666666667,34,True,-0.23478786647319794,1.0670851469039917,-5.24118185043335,0.7198948860168457,0.02318408712744713,-0.6926770806312561,0.03758073225617409,1510224,-0.23478978872299194,1.0663604736328125,-5.242716312408447,0.7145482270936487,0.10598821147330754,-0.690079924472288,-0.04446378331107349,-0.0013445257677357008,-0.0010273199444136001,-0.0001288130029585309,0.001696976310390464,-0.0014457640155869334,-0.003180138169704361,0.11646697565897758,0.9931884212315828,13.382533683124024
104035206913717,21.265191503,26703488,-0.5754765570163727,0.17504417896270752,-2.393890380859375,-0.0019250866025686264,0.017953015863895416,0.050341129302978516,37.29597854614258,0,-0.09895560145378113,-0.10916781425476074,0.000274658203125,-0.0018476173281669617,0.0017451941967010498,-0.0004684925079345703,104035203963722,2.950,1512776,12606.466666666667,34,True,-0.23479314148426056,1.0676912069320679,-5.2389140129089355,0.7200733423233032,0.02369718626141548,-0.6925451755523682,0.0362510159611702,1510224,-0.23478978872299194,1.0663604736328125,-5.242716312408447,0.7145482270936487,0.10598821147330754,-0.690079924472288,-0.04446378331107349,-0.0034308132015798886,-0.0020936885859449226,-0.0002726402752554763,0.004028441862400682,-0.0008716121735400339,-0.0028446164023060443,0.11519577266504163,0.993338352430755,13.234265419781607
104035307101065,21.365378851,26803612,-0.8265585005283356,0.15125417709350586,-2.5679473876953125,-0.002439245581626892,0.015733730047941208,0.05636274814605713,37.29597854614258,0,-0.09895560145378113,-0.10916781425476074,0.000274658203125,-0.0018476173281669617,0.0017451941967010498,-0.0004684925079345703,104035304469330,2.632,1512788,12606.566666666666,34,True,-0.23509354889392853,1.0682467222213745,-5.234587669372559,0.7188306450843811,0.02186458930373192,-0.6937605142593384,0.03873978555202484,1510224,-0.23478978872299194,1.0663604736328125,-5.242716312408447,0.7145482270936487,0.10598821147330754,-0.690079924472288,-0.04446378331107349,-0.007545947433771623,-0.003569362803150128,-0.00020825006709419223,0.008350152189283798,-0.0012012531755547938,-0.004752891218497423,0.11814503762298624,0.9929842481635529,13.581851288835024
104035407253991,21.465531777,26903802,-1.2508942186832428,0.0699084997177124,-2.4177398681640625,-0.0048947520554065704,0.02412605471909046,0.06707656383514404,37.29597854614258,0,-0.09895560145378113,-0.10916781425476074,0.000274658203125,-0.0018476173281669617,0.0017451941967010498,-0.0004684925079345703,104035404334195,2.920,1512800,12606.666666666666,34,True,-0.23536787927150726,1.0689195394515991,-5.2301225662231445,0.717946469783783,0.02065299265086651,-0.6947076320648193,0.038828279823064804,1510224,-0.23478978872299194,1.0663604736328125,-5.242716312408447,0.7145482270936487,0.10598821147330754,-0.690079924472288,-0.04446378331107349,-0.011770996511386963,-0.005186005229479357,-0.00018558129140812954,0.012864114797645114,-0.0002886909580222634,-0.005995311292980032,0.11902024847523955,0.9928736844900883,13.688579943642258
104035507371022,21.565648808,27003971,-1.6313624680042267,0.037819743156433105,-2.4788970947265625,-0.00343279168009758,0.034798551350831985,0.0754624605178833,37.29597854614258,0,-0.09895560145378113,-0.10916781425476074,0.000274658203125,-0.0018476173281669617,0.0017451941967010498,-0.0004684925079345703,104035504525892,2.845,1512812,12606.766666666666,34,True,-0.23539085686206818,1.0688081979751587,-5.225968837738037,0.7158483862876892,0.020927488803863525,-0.6967136859893799,0.04139021039009094,1510224,-0.23478978872299194,1.0663604736328125,-5.242716312408447,0.7145482270936487,0.10598821147330754,-0.690079924472288,-0.04446378331107349,-0.015852489520047794,-0.005951226516221563,-0.00033470011854296836,0.01693607230735499,-0.002002831409251397,-0.009160318555563986,0.12045887085217655,0.9926740339423236,13.879236283783802
104035607515813,21.665793599,27104044,-1.9174392521381378,0.06289815902709961,-2.696044921875,-0.004202278330922127,0.03442119061946869,0.08357357978820801,37.29597854614258,0,-0.09895560145378113,-0.10916781425476074,0.000274658203125,-0.0018476173281669617,0.0017451941967010498,-0.0004684925079345703,104035604687558,2.828,1512824,12606.866666666667,34,True,-0.23553024232387543,1.069212555885315,-5.222666263580322,0.7159112095832825,0.019572202116250992,-0.6967350244522095,0.040601905435323715,1510224,-0.23478978872299194,1.0663604736328125,-5.242716312408447,0.7145482270936487,0.10598821147330754,-0.690079924472288,-0.04446378331107349,-0.018995769003300442,-0.007050417886403648,-0.00037345725408277153,0.020265416421092794,-0.0005048250485825204,-0.008988399901841637,0.1208908928736733,0.9926249774406652,13.92568525236263
104035707634667,21.765912453,27204167,-2.166873961687088,-0.008810043334960938,-2.7877960205078125,-0.006101636216044426,0.025121036916971207,0.08789944648742676,37.29597854614258,0,-0.09895560145378113,-0.10916781425476074,0.000274658203125,-0.0018476173281669617,0.0017451941967010498,-0.0004684925079345703,104035703851490,3.783,1512836,12606.966666666667,34,True,-0.2357475459575653,1.0700459480285645,-5.220651626586914,0.7146007418632507,0.020544828847050667,-0.6980623602867126,0.04040750116109848,1510224,-0.23478978872299194,1.0663604736328125,-5.242716312408447,0.7145482270936487,0.10598821147330754,-0.690079924472288,-0.04446378331107349,-0.020791679321921712,-0.008304088645210629,-0.000313948390577649,0.022390854848466354,-0.0008381536748463432,-0.010863814832298035,0.11998187427919776,0.992716286191658,13.839105547300456
104035807882338,21.866160124,27304200,-2.2745862305164337,0.10120940208435059,-2.79095458984375,-0.004744231700897217,0.021504873409867287,0.08940505981445312,37.29597854614258,0,-0.09895560145378113,-0.10916781425476074,0.000274658203125,-0.0018476173281669617,0.0017451941967010498,-0.0004684925079345703,104035804949236,2.933,1512848,12607.066666666666,34,True,-0.23565205931663513,1.0702821016311646,-5.221563816070557,0.7166610956192017,0.020815834403038025,-0.6960378289222717,0.03866475820541382,1510224,-0.23478978872299194,1.0663604736328125,-5.242716312408447,0.7145482270936487,0.10598821147330754,-0.690079924472288,-0.04446378331107349,-0.019848024571961696,-0.008334000468906469,-0.00038876063801306093,0.021530229400974734,-8.608291515689419e-05,-0.007822721042188563,0.11871395597812716,0.9928976756349324,13.66549143584173
104035908106574,21.966384360,27404636,-2.137245923280716,0.010006070137023926,-2.703155517578125,-0.004169538617134094,0.019116034731268883,0.08653879165649414,37.29597854614258,0,-0.09895560145378113,-0.10916781425476074,0.000274658203125,-0.0018476173281669617,0.0017451941967010498,-0.0004684925079345703,104035904651905,3.455,1512860,12607.166666666666,34,True,-0.23561125993728638,1.0705573558807373,-5.222890853881836,0.7163131833076477,0.019049890339374542,-0.6963476538658142,0.040405966341495514,1510224,-0.23478978872299194,1.0663604736328125,-5.242716312408447,0.7145482270936487,0.10598821147330754,-0.690079924472288,-0.04446378331107349,-0.018492211649244843,-0.008319862180205377,-0.0003942625662781089,0.020281455602329107,-6.331026306058243e-05,-0.008390219654907103,0.1211542747539687,0.9925982278418559,13.950948177132087
104036008177276,22.066455062,27504779,-2.0298998653888702,0.019241690635681152,-2.874847412109375,-0.005547448992729187,0.020257532596588135,0.0837181806564331,37.29597854614258,0,-0.09895560145378113,-0.10916781425476074,0.000274658203125,-0.0018476173281669617,0.0017451941967010498,-0.0004684925079345703,104036002205878,5.971,1512872,12607.266666666666,34,True,-0.2356649786233902,1.070076823234558,-5.224437713623047,0.715830385684967,0.020509380847215652,-0.6968485713005066,0.03960207477211952,1510224,-0.23478978872299194,1.0663604736328125,-5.242716312408447,0.7145482270936487,0.10598821147330754,-0.690079924472288,-0.04446378331107349,-0.01708491535456903,-0.007532297933705932,-0.00023353896226374138,0.018673092547347225,-0.00042149771375406264,-0.009061010286272597,0.11952775933853141,0.992789421367784,13.769367451190984
104036108292849,22.166570635,27604537,-1.7648148834705353,0.11097085475921631,-2.8072052001953125,-0.0019209757447242737,0.019133783876895905,0.08038854598999023,37.29597854614258,0,-0.09895560145378113,-0.10916781425476074,0.000274658203125,-0.0018476173281669617,0.0017451941967010498,-0.0004684925079345703,104036105115670,3.177,1512884,12607.366666666667,34,True,-0.23546649515628815,1.0693110227584839,-5.225701808929443,0.7159250378608704,0.01939970813691616,-0.6966692805290222,0.041557226330041885,1510224,-0.23478978872299194,1.0663604736328125,-5.242716312408447,0.7145482270936487,0.10598821147330754,-0.690079924472288,-0.04446378331107349,-0.016008195042070034,-0.00650361014093958,-0.00031264517685860096,0.01728169552957408,-0.0010759961889927965,-0.009025463286911619,0.12167194083027641,0.9925287512506888,14.016351773711367
104036208501623,22.266779409,27704986,-1.6306386291980743,0.005396485328674316,-2.871429443359375,-0.004471898078918457,0.01747714914381504,0.07754707336425781,37.29597854614258,0,-0.09895560145378113,-0.10916781425476074,0.000274658203125,-0.0018476173281669617,0.0017451941967010498,-0.0004684925079345703,104036204218050,4.284,1512896,12607.466666666667,34,True,-0.23543110489845276,1.069628119468689,-5.226499080657959,0.7160739302635193,0.020291335880756378,-0.6965778470039368,0.04007141292095184,1510224,-0.23478978872299194,1.0663604736328125,-5.242716312408447,0.7145482270936487,0.10598821147330754,-0.690079924472288,-0.04446378331107349,-0.015161069668331022,-0.006641853638376948,-0.00033933486862633893,0.016555585202422587,-0.0006459164971941954,-0.008739548727026036,0.1200212195034159,0.9927326477702039,13.823534355166814
104036308730447,22.367008233,27805111,-1.6040243208408356,-0.04698359966278076,-2.58892822265625,-0.004673602059483528,0.02492726407945156,0.07665741443634033,37.29597854614258,0,-0.09895560145378113,-0.10916781425476074,0.000274658203125,-0.0018476173281669617,0.0017451941967010498,-0.0004684925079345703,104036304037485,4.693,1512908,12607.566666666666,34,True,-0.23543815314769745,1.0702152252197266,-5.227267265319824,0.7169780731201172,0.01811463199555874,-0.6956379413604736,0.041258811950683594,1510224,-0.23478978872299194,1.0663604736328125,-5.242716312408447,0.7145482270936487,0.10598821147330754,-0.690079924472288,-0.04446378331107349,-0.014285954029545854,-0.007052899128372692,-0.00034738094541112287,0.015935888496426312,-0.00013209124618876816,-0.0074730754150003085,0.12245000988397707,0.992446537993437,14.093355230883992
104036408931649,22.467209435,27905478,-1.5727831423282623,0.03129708766937256,-2.7350921630859375,-0.0016658678650856018,0.031602270901203156,0.07628321647644043,37.29597854614258,0,-0.09895560145378113,-0.10916781425476074,0.000274658203125,-0.0018476173281669617,0.0017451941967010498,-0.0004684925079345703,104036404042058,4.890,1512920,12607.666666666666,34,True,-0.23545055091381073,1.0703132152557373,-5.22691535949707,0.7169304490089417,0.017825109884142876,-0.6956798434257507,0.04150373488664627,1510224,-0.23478978872299194,1.0663604736328125,-5.242716312408447,0.7145482270936487,0.10598821147330754,-0.690079924472288,-0.04446378331107349,-0.014609139172971315,-0.007223255390720924,-0.00035849700576970215,0.016301254121016875,-0.00010074843430194805,-0.007548967064660851,0.1228227269435578,0.992399909659487,14.136843288697978
104036509166022,22.567443808,28005726,-1.5558318197727203,-0.002978682518005371,-2.453582763671875,-0.0016433726996183395,0.036349304020404816,0.07663369178771973,37.29597854614258,0,-0.09895560145378113,-0.10916781425476074,0.000274658203125,-0.0018476173281669617,0.0017451941967010498,-0.0004684925079345703,104036505327027,3.839,1512932,12607.766666666666,34,True,-0.23552390933036804,1.0696007013320923,-5.225187301635742,0.7156451344490051,0.020834175869822502,-0.6969926357269287,0.04024110361933708,1510224,-0.23478978872299194,1.0663604736328125,-5.242716312408447,0.7145482270936487,0.10598821147330754,-0.690079924472288,-0.04446378331107349,-0.016450536227094907,-0.006898763960195994,-0.00030189558046438434,0.01784108257026364,-0.0010787430181513156,-0.009373960229963785,0.11972342558251725,0.9927624421531545,13.795134338941772
104036609373229,22.667651015,28105887,-1.8288622200489044,0.03461301326751709,-2.6075286865234375,0.0009226500988006592,0.03051723539829254,0.07859432697296143,37.29597854614258,0,-0.09895560145378113,-0.10916781425476074,0.000274658203125,-0.0018476173281669617,0.0017451941967010498,-0.0004684925079345703,104036603445912,5.927,1512944,12607.866666666667,34,True,-0.23555926978588104,1.0694477558135986,-5.223453044891357,0.7161278128623962,0.020423559471964836,-0.6966020464897156,0.03859323263168335,1510224,-0.23478978872299194,1.0663604736328125,-5.242716312408447,0.7145482270936487,0.10598821147330754,-0.690079924472288,-0.04446378331107349,-0.018177938451670754,-0.007116933592430379,-0.00032969333193012145,0.019524264078446422,0.0003192387869125901,-0.008568866656950946,0.11891346448191575,0.992867594685072,13.694434462186514
104036709626310,22.767904096,28206075,-2.009780675172806,-0.04507768154144287,-2.542327880859375,-0.0006781350821256638,0.03591499477624893,0.08230340480804443,37.29597854614258,0,-0.09895560145378113,-0.10916781425476074,0.000274658203125,-0.0018476173281669617,0.0017451941967010498,-0.0004684925079345703,104036704909432,4.717,1512956,12607.966666666667,34,True,-0.23570750653743744,1.0702084302902222,-5.220783710479736,0.715024471282959,0.0216099563986063,-0.6976840496063232,0.03885860741138458,1510224,-0.23478978872299194,1.0663604736328125,-5.242716312408447,0.7145482270936487,0.10598821147330754,-0.690079924472288,-0.04446378331107349,-0.02062707701486044,-0.008430956059604804,-0.00036149347376939335,0.022286498239686484,-0.0005253546721293857,-0.010184282250661482,0.11818002556429053,0.9929398199060863,13.62483850821202
104036809730467,22.868008253,28306443,-2.3144765198230743,-0.034944772720336914,-2.58489990234375,-0.00015014410018920898,0.04177366942167282,0.08870995044708252,37.29597854614258,0,-0.09895560145378113,-0.10916781425476074,0.000274658203125,-0.0018476173281669617,0.0017451941967010498,-0.0004684925079345703,104036804513983,5.216,1512968,12608.066666666666,34,True,-0.23582914471626282,1.0709952116012573,-5.217092037200928,0.7148305177688599,0.021015381440520287,-0.6979296803474426,0.03833847865462303,1510224,-0.23478978872299194,1.0663604736328125,-5.242716312408447,0.7145482270936487,0.10598821147330754,-0.690079924472288,-0.04446378331107349,-0.024068576523219868,-0.009982509985960286,-0.0004665354795779172,0.026060785422308216,0.00029126451959917213,-0.010412076201864351,0.11823631347363407,0.9929308525825506,13.633498612800604
104036909865279,22.968143065,28406540,-2.7288396656513214,-0.04978585243225098,-2.411773681640625,0.0024081338196992874,0.04863718897104263,0.09604215621948242,37.29597854614258,0,-0.09895560145378113,-0.10916781425476074,0.000274658203125,-0.0018476173281669617,0.0017451941967010498,-0.0004684925079345703,104036906722706,3.143,1512980,12608.166666666666,34,True,-0.23610049486160278,1.0719865560531616,-5.213153839111328,0.7136280536651611,0.020295871421694756,-0.69923996925354,0.03723585233092308,1510224,-0.23478978872299194,1.0663604736328125,-5.242716312408447,0.7145482270936487,0.10598821147330754,-0.690079924472288,-0.04446378331107349,-0.027711094492401226,-0.011798438114161529,-0.0004502016489829146,0.03012159659488912,0.0017680049350252537,-0.012029279801282546,0.11792035284572792,0.9929486195019112,13.616335055953012
104037009985912,23.068263698,28506264,-2.810743123292923,-0.10797274112701416,-2.2642364501953125,0.0015153959393501282,0.040124617516994476,0.10230481624603271,37.29597854614258,0,-0.09895560145378113,-0.10916781425476074,0.000274658203125,-0.0018476173281669617,0.0017451941967010498,-0.0004684925079345703,104037002698801,7.287,1512992,12608.266666666666,34,True,-0.2362573742866516,1.0724049806594849,-5.211706638336182,0.7136789560317993,0.022714246064424515,-0.6992623805999756,0.03433205559849739,1510224,-0.23478978872299194,1.0663604736328125,-5.242716312408447,0.7145482270936487,0.10598821147330754,-0.690079924472288,-0.04446378331107349,-0.02903955470396421,-0.012523599409232505,-0.0003917640652716896,0.0316273577563839,0.002174147776894054,-0.011809927816802679,0.11419483624400807,0.9933857951780922,13.187003229424143
104037110067200,23.168344986,28606413,-3.1673496067523956,-0.05199635028839111,-2.0887908935546875,0.004934614524245262,0.056861162185668945,0.10239923000335693,37.29597854614258,0,-0.09895560145378113,-0.10916781425476074,0.000274658203125,-0.0018476173281669617,0.0017451941967010498,-0.0004684925079345703,104037108619528,1.448,1513004,12608.366666666667,34,True,-0.2361467480659485,1.0715137720108032,-5.210205554962158,0.7125680446624756,0.023758860304951668,-0.7003494501113892,0.03454127535223961,1510224,-0.23478978872299194,1.0663604736328125,-5.242716312408447,0.7145482270936487,0.10598821147330754,-0.690079924472288,-0.04446378331107349,-0.0306926630184519,-0.011960932867006231,-0.0004936540784839447,0.03294460764013557,0.0014683947892280627,-0.013421931262548703,0.11352337925238914,0.9934435756201984,13.129213928511938
104037210284882,23.268562668,28706448,-3.0941722691059113,-0.07245838642120361,-2.3270416259765625,0.0038231071084737778,0.04889455437660217,0.10395443439483643,37.29597854614258,0,-0.09895560145378113,-0.10916781425476074,0.000274658203125,-0.0018476173281669617,0.0017451941967010498,-0.0004684925079345703,104037205449241,4.836,1513016,12608.466666666667,34,True,-0.2360600233078003,1.070123314857483,-5.209052085876465,0.7111547589302063,0.025837767869234085,-0.7017312049865723,0.034127622842788696,1510224,-0.23478978872299194,1.0663604736328125,-5.242716312408447,0.7145482270936487,0.10598821147330754,-0.690079924472288,-0.04446378331107349,-0.03211309122061408,-0.010841424302276872,-0.0005152759781622141,0.033897678651777195,0.000538646936671678,-0.015433136243810874,0.11166409803666975,0.993626014844023,12.945061022689393
104037311812722,23.370090508,28806881,-3.100779801607132,-0.01876068115234375,-2.4843597412109375,0.004081029444932938,0.03202836588025093,0.10470986366271973,37.29597854614258,0,-0.09895560145378113,-0.10916781425476074,0.000274658203125,-0.0018476173281669617,0.0017451941967010498,-0.0004684925079345703,104037311566446,0.246,1513029,12608.575,34,True,-0.23613829910755157,1.069379210472107,-5.20874547958374,0.711937427520752,0.02498268149793148,-0.7010199427604675,0.033047180622816086,1510224,-0.23478978872299194,1.0663604736328125,-5.242716312408447,0.7145482270936487,0.10598821147330754,-0.690079924472288,-0.04446378331107349,-0.03257291045098095,-0.010188365880593908,-0.000389153699580801,0.03413134534656335,0.001790567046580059,-0.01423226635681163,0.11158083237765669,0.9936518275079607,12.918794835325391
104037411922772,23.470200558,28908661,-3.207215815782547,0.002054929733276367,-2.61065673828125,0.004303077235817909,0.04179832339286804,0.10482239723205566,37.29597854614258,0,-0.09895560145378113,-0.10916781425476074,0.000274658203125,-0.0018476173281669617,0.0017451941967010498,-0.0004684925079345703,104037410082177,1.841,1513041,12608.675,34,True,-0.23586969077587128,1.0694565773010254,-5.2092671394348145,0.7096107602119446,0.024949774146080017,-0.7032091617584229,0.03642800822854042,1510224,-0.23478978872299194,1.0663604736328125,-5.242716312408447,0.7145482270936487,0.10598821147330754,-0.690079924472288,-0.04446378331107349,-0.032040159377038864,-0.010130030313747304,-0.0006402280255123642,0.03360951084125061,-0.0002670046791332127,-0.01775902037054039,0.11378813270685448,0.9933462673001129,13.226392357872948
104037513507412,23.571785198,29008486,-3.012068063020706,0.04160511493682861,-2.5252227783203125,0.003953434526920319,0.03729359433054924,0.10447025299072266,37.29597854614258,0,-0.09895560145378113,-0.10916781425476074,0.000274658203125,-0.0018476173281669617,0.0017451941967010498,-0.0004684925079345703,104037513225021,0.282,1513053,12608.775,34,True,-0.2359989583492279,1.0693527460098267,-5.210591793060303,0.7123965620994568,0.02401111088693142,-0.7004543542861938,0.03575492650270462,1510224,-0.23478978872299194,1.0663604736328125,-5.242716312408447,0.7145482270936487,0.10598821147330754,-0.690079924472288,-0.04446378331107349,-0.030771628516698128,-0.009762645658780156,-0.0004451479349582085,0.03228622815555521,0.00044585290597493055,-0.013755076017575474,0.11416714195758133,0.9933662279321633,13.206516409515542
104037613890318,23.672168104,29110212,-2.82964089512825,0.05668902397155762,-2.5008544921875,0.004544833675026894,0.04070320725440979,0.10087263584136963,37.29597854614258,0,-0.09895560145378113,-0.10916781425476074,0.000274658203125,-0.0018476173281669617,0.0017451941967010498,-0.0004684925079345703,104037613772067,0.118,1513065,12608.875,34,True,-0.23609954118728638,1.069202184677124,-5.21192741394043,0.7124303579330444,0.022289548069238663,-0.7004852890968323,0.03558875620365143,1510224,-0.23478978872299194,1.0663604736328125,-5.242716312408447,0.7145482270936487,0.10598821147330754,-0.690079924472288,-0.04446378331107349,-0.02950161064331874,-0.009344879927614371,-0.00027428204366155033,0.030947488461117206,0.0017543815635234702,-0.013659699825070704,0.11528757245218486,0.9932366839701909,13.334985357388236
104037714156467,23.772434253,29210554,-2.8810518085956573,0.0843057632446289,-2.48175048828125,0.005955660715699196,0.03603934869170189,0.09887433052062988,37.29597854614258,0,-0.09895560145378113,-0.10916781425476074,0.000274658203125,-0.0018476173281669617,0.0017451941967010498,-0.0004684925079345703,104037712783785,1.373,1513077,12608.975,34,True,-0.23600336909294128,1.0699540376663208,-5.213399410247803,0.7130072712898254,0.02084275521337986,-0.6998181939125061,0.037957124412059784,1510224,-0.23478978872299194,1.0663604736328125,-5.242716312408447,0.7145482270936487,0.10598821147330754,-0.690079924472288,-0.04446378331107349,-0.027901380064200405,-0.009759343310900018,-0.00036802272631728406,0.02956124544186281,0.0009641150038386306,-0.012971601067550409,0.1179872235512571,0.9929299185373908,13.634400342915002
104037814414040,23.872691826,29310907,-2.7163088619709015,0.05704450607299805,-2.2859344482421875,0.003739669919013977,0.042142003774642944,0.09736239910125732,37.29597854614258,0,-0.09895560145378113,-0.10916781425476074,0.000274658203125,-0.0018476173281669617,0.0017451941967010498,-0.0004684925079345703,104037812682050,1.732,1513089,12609.075,34,True,-0.23603521287441254,1.0703370571136475,-5.214104175567627,0.7136067748069763,0.02054411731660366,-0.6992398500442505,0.037509411573410034,1510224,-0.23478978872299194,1.0663604736328125,-5.242716312408447,0.7145482270936487,0.10598821147330754,-0.690079924472288,-0.04446378331107349,-0.02713226953344816,-0.009987235638442367,-0.00033726304476704876,0.028913987481750388,0.0014021576178526798,-0.01208391044490914,0.11792948342659881,0.9929474558107846,13.617459887197256
104037914603535,23.972881321,29411069,-2.6119575798511505,0.020051956176757812,-2.0514068603515625,0.004175217822194099,0.03451833501458168,0.09486532211303711,37.29597854614258,0,-0.09895560145378113,-0.10916781425476074,0.000274658203125,-0.0018476173281669617,0.0017451941967010498,-0.0004684925079345703,104037911121361,3.482,1513101,12609.175,34,True,-0.23593451082706451,1.0694218873977661,-5.2149810791015625,0.7133262753486633,0.022514307871460915,-0.6994912028312683,0.03702579438686371,1510224,-0.23478978872299194,1.0663604736328125,-5.242716312408447,0.7145482270936487,0.10598821147330754,-0.690079924472288,-0.04446378331107349,-0.02646799123978135,-0.008903177243253487,-0.0003235494231192536,0.027927151833352606,0.0004272489549048893,-0.01249342490735655,0.11616939295764443,0.993150745824755,13.419534837430794
104038014694164,24.072971950,29511066,-2.4458358585834503,-0.026225924491882324,-2.4166259765625,0.0033609718084335327,0.02928255870938301,0.09154307842254639,37.29597854614258,0,-0.09895560145378113,-0.10916781425476074,0.000274658203125,-0.0018476173281669617,0.0017451941967010498,-0.0004684925079345703,104038013094023,1.600,1513113,12609.275,34,True,-0.23586073517799377,1.069108247756958,-5.217543601989746,0.7137158513069153,0.023894738405942917,-0.6991009712219238,0.03600979596376419,1510224,-0.23478978872299194,1.0663604736328125,-5.242716312408447,0.7145482270936487,0.10598821147330754,-0.690079924472288,-0.04446378331107349,-0.0240299079458573,-0.008053499032439503,-0.00025926090856788063,0.02534487204091966,0.0001419394719802819,-0.011899442239659608,0.11450582650069427,0.9933512967852633,13.221387013893208
104038114819851,24.173097637,29611178,-2.1629879772663116,0.07721531391143799,-2.2421875,0.0061042290180921555,0.03111559897661209,0.08439171314239502,37.29597854614258,0,-0.09895560145378113,-0.10916781425476074,0.000274658203125,-0.0018476173281669617,0.0017451941967010498,-0.0004684925079345703,104038113205101,1.615,1513125,12609.375,34,True,-0.23568300902843475,1.0690821409225464,-5.220779895782471,0.7145191431045532,0.02682485431432724,-0.6982369422912598,0.034758105874061584,1510224,-0.23478978872299194,1.0663604736328125,-5.242716312408447,0.7145482270936487,0.10598821147330754,-0.690079924472288,-0.04446378331107349,-0.020869901129248303,-0.0073330176309061215,-0.00029286348134264866,0.022122651055840565,-0.00111297594767382,-0.010725336174474631,0.11159507375184347,0.9936952591025103,12.874479733853534
104038215051657,24.273329443,29711609,-1.9465115368366241,0.035240769386291504,-2.1957550048828125,0.005800141021609306,0.03727690503001213,0.07620322704315186,37.29597854614258,0,-0.09895560145378113,-0.10916781425476074,0.000274658203125,-0.0018476173281669617,0.0017451941967010498,-0.0004684925079345703,104038211441150,3.611,1513137,12609.475,34,True,-0.23555119335651398,1.0690855979919434,-5.223484992980957,0.715259313583374,0.025949181988835335,-0.6975211501121521,0.03456888720393181,1510224,-0.23478978872299194,1.0663604736328125,-5.242716312408447,0.7145482270936487,0.10598821147330754,-0.690079924472288,-0.04446378331107349,-0.018223609522445824,-0.006756913208634108,-0.00030637652528934644,0.019438356070173232,-0.0004822625742929437,-0.009644101368532387,0.1121368372676719,0.993645856660816,12.924875314498998
104038315252759,24.373530545,29811723,-1.5642487108707428,0.0589069128036499,-2.1010284423828125,0.007727127522230148,0.048829853534698486,0.07035017013549805,37.29597854614258,0,-0.09895560145378113,-0.10916781425476074,0.000274658203125,-0.0018476173281669617,0.0017451941967010498,-0.0004684925079345703,104038313299041,1.954,1513149,12609.575,34,True,-0.2354457527399063,1.0694832801818848,-5.2266845703125,0.7156076431274414,0.028103569522500038,-0.697187602519989,0.032331522554159164,1510224,-0.23478978872299194,1.0663604736328125,-5.242716312408447,0.7145482270936487,0.10598821147330754,-0.690079924472288,-0.04446378331107349,-0.015011084413642909,-0.006463240805629794,-0.00030467553284041504,0.01634622170917129,-0.0004210973832205374,-0.009024048331601142,0.1090755521087029,0.9939924110177525,12.5671093417715
104038415349806,24.473627592,29911987,-1.1811188757419586,-0.039255380630493164,-2.210113525390625,0.006960676982998848,0.034234605729579926,0.0626152753829956,37.29597854614258,0,-0.09895560145378113,-0.10916781425476074,0.000274658203125,-0.0018476173281669617,0.0017451941967010498,-0.0004684925079345703,104038414673484,0.676,1513161,12609.675,34,True,-0.23550540208816528,1.0699727535247803,-5.229366779327393,0.7171841859817505,0.026215355843305588,-0.6955969929695129,0.03323446214199066,1510224,-0.23478978872299194,1.0663604736328125,-5.242716312408447,0.7145482270936487,0.10598821147330754,-0.690079924472288,-0.04446378331107349,-0.012288516306580377,-0.006382365122225598,-0.00016877327397804397,0.01384812990943192,-1.9578307991867383e-06,-0.006811283939910373,0.11114423624082029,0.9937809442516503,12.78660304978794
104038515455892,24.573733678,30012082,-0.9713670313358307,-0.11169981956481934,-1.9922332763671875,0.004622271284461021,0.041192181408405304,0.05729103088378906,37.29597854614258,0,-0.09895560145378113,-0.10916781425476074,0.000274658203125,-0.0018476173281669617,0.0017451941967010498,-0.0004684925079345703,104038511878148,3.578,1513173,12609.775,34,True,-0.2354680597782135,1.0698485374450684,-5.231109142303467,0.7172569036483765,0.024001171812415123,-0.6955999135971069,0.03327495977282524,1510224,-0.23478978872299194,1.0663604736328125,-5.242716312408447,0.7145482270936487,0.10598821147330754,-0.690079924472288,-0.04446378331107349,-0.010612135977192962,-0.0058924773492688475,-0.00011966335526341921,0.01213890598977818,0.0014941448684468103,-0.006669031556861438,0.11276216802972545,0.9935985029228063,12.97299802459239
104038615655983,24.673933769,30111964,-0.7545701563358307,-0.10502791404724121,-2.1205291748046875,0.0040505435317754745,0.03746891766786575,0.05603361129760742,37.29597854614258,0,-0.09895560145378113,-0.10916781425476074,0.000274658203125,-0.0018476173281669617,0.0017451941967010498,-0.0004684925079345703,104038615475280,0.181,1513185,12609.875,34,True,-0.23535385727882385,1.0694618225097656,-5.231642246246338,0.7166613936424255,0.02515360899269581,-0.696128249168396,0.03419404476881027,1510224,-0.23478978872299194,1.0663604736328125,-5.242716312408447,0.7145482270936487,0.10598821147330754,-0.690079924472288,-0.04446378331107349,-0.010170856822141252,-0.005393832311517984,-0.00017811247502610967,0.011513968888052138,0.00012461650865773502,-0.007606156033001799,0.11253331045125263,0.9936188328026042,12.952359819411397
104038715854935,24.774132721,30212345,-0.6902795135974884,-0.02057325839996338,-1.996124267578125,0.0032354556024074554,0.03138883784413338,0.05336904525756836,37.29597854614258,0,-0.09895560145378113,-0.10916781425476074,0.000274658203125,-0.0018476173281669617,0.0017451941967010498,-0.0004684925079345703,104038713886653,1.968,1513197,12609.975,34,True,-0.2352999597787857,1.0691243410110474,-5.232366561889648,0.7163684368133545,0.026631299406290054,-0.696419358253479,0.03327295556664467,1510224,-0.23478978872299194,1.0663604736328125,-5.242716312408447,0.7145482270936487,0.10598821147330754,-0.690079924472288,-0.04446378331107349,-0.009533844503763184,-0.004908432658118717,-0.00017225275264958953,0.010724577995987404,-0.00019306522425555778,-0.00798441045810011,0.11082370105922047,0.9938079891000033,12.75874134497736
104038816047981,24.874325767,30312604,-0.7224442064762115,0.02972400188446045,-1.610565185546875,0.0039070844650268555,0.03321171551942825,0.05155467987060547,37.29597854614258,0,-0.09895560145378113,-0.10916781425476074,0.000274658203125,-0.0018476173281669617,0.0017451941967010498,-0.0004684925079345703,104038812031444,4.017,1513209,12610.075,34,True,-0.23518547415733337,1.068723440170288,-5.234088897705078,0.7183674573898315,0.026519710198044777,-0.6943016648292542,0.0344977080821991,1510224,-0.23478978872299194,1.0663604736328125,-5.242716312408447,0.7145482270936487,0.10598821147330754,-0.690079924472288,-0.04446378331107349,-0.007933976825073522,-0.004146421969804815,-0.00017792940062167078,0.008953907654431631,-0.0013045390492224564,-0.005216579979794023,0.11186632506839578,0.993708715261608,12.860718989955295
104038916181695,24.974459481,30412779,-0.4873775541782379,0.1043020486831665,-1.3541717529296875,0.004225883632898331,0.02787080965936184,0.04844832420349121,37.29597854614258,0,-0.09895560145378113,-0.10916781425476074,0.000274658203125,-0.0018476173281669617,0.0017451941967010498,-0.0004684925079345703,104038913058326,3.123,1513221,12610.175,34,True,-0.2349904179573059,1.0685824155807495,-5.237176895141602,0.7176820039749146,0.02576260454952717,-0.6950179934501648,0.03491143509745598,1510224,-0.23478978872299194,1.0663604736328125,-5.242716312408447,0.7145482270936487,0.10598821147330754,-0.690079924472288,-0.04446378331107349,-0.004942844037446515,-0.003343613711449706,-0.0002257475049182486,0.005971802220928943,-0.000971303304164152,-0.006211635382650904,0.11265201911026121,0.9936146107752973,12.956648571587001
104039016258015,25.074535801,30512937,-0.21852612495422363,0.0129166841506958,-1.0937347412109375,-0.0006474535912275314,0.036572232842445374,0.0426708459854126,37.29597854614258,0,-0.09895560145378113,-0.10916781425476074,0.000274658203125,-0.0018476173281669617,0.0017451941967010498,-0.0004684925079345703,104039014531247,1.727,1513233,12610.275,34,True,-0.23488274216651917,1.0684117078781128,-5.2407684326171875,0.719718337059021,0.02185472473502159,-0.6929399371147156,0.036909088492393494,1510224,-0.23478978872299194,1.0663604736328125,-5.242716312408447,0.7145482270936487,0.10598821147330754,-0.690079924472288,-0.04446378331107349,-0.0014683826340250428,-0.0024141249572276658,-0.00016214525567718086,0.002830271710093294,-1.2766130208707524e-05,-0.0033594996364892937,0.11694634788026204,0.9931325517355108,13.43736700353858
104039116344229,25.174622015,30612812,0.07967495918273926,-0.031084418296813965,-1.4525299072265625,0.0004175715148448944,0.041366592049598694,0.037113308906555176,37.29597854614258,0,-0.09895560145378113,-0.10916781425476074,0.000274658203125,-0.0018476173281669617,0.0017451941967010498,-0.0004684925079345703,104039114035069,2.309,1513245,12610.375,34,True,-0.2346533238887787,1.0688340663909912,-5.244121074676514,0.7202991247177124,0.018338683992624283,-0.6921886205673218,0.04132521152496338,1510224,-0.23478978872299194,1.0663604736328125,-5.242716312408447,0.7145482270936487,0.10598821147330754,-0.690079924472288,-0.04446378331107349,0.0019020161688913895,-0.0021011898755926204,-0.00027924257207109885,0.002847918681085205,-0.0008474046001977904,-0.0027335785932044447,0.1225343657518256,0.9924601446220983,14.080639779836506
104039217090146,25.275367932,30712934,0.4383150637149811,-0.038710594177246094,-1.4950714111328125,0.0020017940551042557,0.03061296045780182,0.03211796283721924,37.29597854614258,0,-0.09895560145378113,-0.10916781425476074,0.000274658203125,-0.0018476173281669617,0.0017451941967010498,-0.0004684925079345703,104039216779606,0.311,1513257,12610.475,34,True,-0.23468568921089172,1.069826602935791,-5.24762487411499,0.7228178381919861,0.015882808715105057,-0.6895211338996887,0.04292728006839752,1510224,-0.23478978872299194,1.0663604736328125,-5.242716312408447,0.7145482270936487,0.10598821147330754,-0.690079924472288,-0.04446378331107349,0.005534839831475178,-0.002335238484556799,-0.00017628482772646923,0.006009897426772429,-0.0006921232684670623,0.0008499799967577327,0.12554310727789278,0.9920875600038527,14.424793934374183
104039317205852,25.375483638,30813815,0.7279975116252899,0.049242258071899414,-1.4494781494140625,0.003906559199094772,0.03200388327240944,0.026263833045959473,37.29597854614258,0,-0.09895560145378113,-0.10916781425476074,0.000274658203125,-0.0018476173281669617,0.0017451941967010498,-0.0004684925079345703,104039312382466,4.823,1513269,12610.575,34,True,-0.23451580107212067,1.0702353715896606,-5.2508649826049805,0.7215067744255066,0.015209888108074665,-0.6909609436988831,0.042067013680934906,1510224,-0.23478978872299194,1.0663604736328125,-5.242716312408447,0.7145482270936487,0.10598821147330754,-0.690079924472288,-0.04446378331107349,0.008790932391123094,-0.002038048493600704,-0.0002378979048227806,0.009027221575916056,0.000597845255686574,-0.0009624736079646423,0.12535535170181053,0.9921112599024968,14.403146124175917
104039417275130,25.475552916,30913983,1.0951941907405853,-0.12594294548034668,-1.3789825439453125,0.0017475057393312454,0.03596700355410576,0.021469473838806152,37.29597854614258,0,-0.09895560145378113,-0.10916781425476074,0.000274658203125,-0.0018476173281669617,0.0017451941967010498,-0.0004684925079345703,104039412572786,4.702,1513281,12610.675,34,True,-0.23475976288318634,1.0705523490905762,-5.253347873687744,0.7248460650444031,0.013516352511942387,-0.6874018907546997,0.0435214601457119,1510224,-0.23478978872299194,1.0663604736328125,-5.242716312408447,0.7145482270936487,0.10598821147330754,-0.690079924472288,-0.04446378331107349,0.011277472024270846,-0.0018476627173977331,8.708538585151484e-05,0.01142815893483732,0.0002015528875547283,0.003806165614793633,0.1277648278012682,0.9917971673969728,14.68746579569416
104039517388795,25.575666581,31013764,1.1698616445064545,-0.013808488845825195,-1.400909423828125,0.004587676376104355,0.03328854590654373,0.018558263778686523,37.29597854614258,0,-0.09895560145378113,-0.10916781425476074,0.000274658203125,-0.0018476173281669617,0.0017451941967010498,-0.0004684925079345703,104039513523375,3.865,1513293,12610.775,34,True,-0.23431912064552307,1.0697635412216187,-5.25429630279541,0.7239890098571777,0.013951280154287815,-0.6882237792015076,0.04464661329984665,1510224,-0.23478978872299194,1.0663604736328125,-5.242716312408447,0.7145482270936487,0.10598821147330754,-0.690079924472288,-0.04446378331107349,0.012047044903815602,-0.0008409910985722668,-0.0002449854543781876,0.012078848240427733,-0.000777339731413312,0.002488858560592777,0.12817620134492225,0.9917479834790659,14.731493334049542
104039617495919,25.675773705,31114086,1.263027399778366,-0.05796921253204346,-1.6624298095703125,0.003411751240491867,0.020483875647187233,0.017984986305236816,37.29597854614258,0,-0.09895560145378113,-0.10916781425476074,0.000274658203125,-0.0018476173281669617,0.0017451941967010498,-0.0004684925079345703,104039613130814,4.365,1513305,12610.875,34,True,-0.2344166785478592,1.0689642429351807,-5.254014015197754,0.7224491834640503,0.01603076606988907,-0.6898490786552429,0.04380058869719505,1510224,-0.23478978872299194,1.0663604736328125,-5.242716312408447,0.7145482270936487,0.10598821147330754,-0.690079924472288,-0.04446378331107349,0.011598747949382518,-0.00013083174052999635,-9.403808065980605e-05,0.011599866986230896,-0.0013670967167214894,0.00026210727162240266,0.12601554503624648,0.9920272903280247,14.479700044710185
104039717685872,25.775963658,31214190,1.2546426951885223,0.006300806999206543,-1.68402099609375,0.004403453320264816,0.021646076813340187,0.017188191413879395,37.29597854614258,0,-0.09895560145378113,-0.10916781425476074,0.000274658203125,-0.0018476173281669617,0.0017451941967010498,-0.0004684925079345703,104039712224713,5.461,1513317,12610.975,34,True,-0.23448635637760162,1.0682979822158813,-5.253429412841797,0.7234357595443726,0.013446557335555553,-0.688844621181488,0.04419250786304474,1510224,-0.23478978872299194,1.0663604736328125,-5.242716312408447,0.7145482270936487,0.10598821147330754,-0.690079924472288,-0.04446378331107349,0.01088417548926866,0.00038888424125214124,4.955647204266697e-06,0.010891121686618424,-1.4158884736430177e-05,0.0017340218198892976,0.12819244915477426,0.9917477950303468,14.731661774390266
104039817921975,25.876199761,31314415,1.220823973417282,-0.03229868412017822,-1.621673583984375,0.006472578272223473,0.010069719515740871,0.020240426063537598,37.29597854614258,0,-0.09895560145378113,-0.10916781425476074,0.000274658203125,-0.0018476173281669617,0.0017451941967010498,-0.0004684925079345703,104039816498303,1.424,1513329,12611.075,34,True,-0.23450522124767303,1.0685765743255615,-5.253586292266846,0.7234522700309753,0.014543156139552593,-0.6888886094093323,0.04287007451057434,1510224,-0.23478978872299194,1.0663604736328125,-5.242716312408447,0.7145482270936487,0.10598821147330754,-0.690079924472288,-0.04446378331107349,0.011096230171126702,0.0001488701232034515,7.531679406562225e-06,0.011097231323641038,0.00017797081335556124,0.001805387032468353,0.12649999423162547,0.9919649491607309,14.536276253761358
104039918144414,25.976422200,31414701,1.1329574286937714,0.09673035144805908,-1.2989501953125,0.009977724403142929,0.015753498300909996,0.01766061782836914,37.29597854614258,0,-0.09895560145378113,-0.10916781425476074,0.000274658203125,-0.0018476173281669617,0.0017451941967010498,-0.0004684925079345703,104039914190319,3.954,1513341,12611.175,34,True,-0.23410747945308685,1.068397045135498,-5.253782272338867,0.7227634191513062,0.018962062895298004,-0.6895857453346252,0.04153253510594368,1510224,-0.23478978872299194,1.0663604736328125,-5.242716312408447,0.7145482270936487,0.10598821147330754,-0.690079924472288,-0.04446378331107349,0.011259434986186498,0.000400613862355442,-0.0003650629153128231,0.011272472603959107,-0.0018111745318712576,0.0007771697828800606,0.12237745527614685,0.9924816744374066,14.060496703873211
104040018334037,26.076611823,31514774,1.1712236106395721,0.0694277286529541,-1.3906707763671875,0.008626505732536316,0.0022150715813040733,0.015432953834533691,37.29597854614258,0,-0.09895560145378113,-0.10916781425476074,0.000274658203125,-0.0018476173281669617,0.0017451941967010498,-0.0004684925079345703,104040012942886,5.391,1513353,12611.275,34,True,-0.23426349461078644,1.0685919523239136,-5.25348424911499,0.7236787676811218,0.020631255581974983,-0.6888477206230164,0.03677372634410858,1510224,-0.23478978872299194,1.0663604736328125,-5.242716312408447,0.7145482270936487,0.10598821147330754,-0.690079924472288,-0.04446378331107349,0.011005901244100722,0.00013426698534822583,-0.00023885924567294467,0.011009311675009287,0.00031842570132357804,0.0023663465584954917,0.11796497155011125,0.9930148863417,13.552127800380303
104040118450749,26.176728535,31614995,1.2762148082256317,0.0005323886871337891,-1.3482208251953125,0.00801127776503563,-0.00225183367729187,0.012849688529968262,37.29597854614258,0,-0.09895560145378113,-0.10916781425476074,0.000274658203125,-0.0018476173281669617,0.0017451941967010498,-0.0004684925079345703,104040112319363,6.131,1513365,12611.375,34,True,-0.2341318577528,1.0687854290008545,-5.253902912139893,0.7226104140281677,0.02572811022400856,-0.6899236440658569,0.034316569566726685,1510224,-0.23478978872299194,1.0663604736328125,-5.242716312408447,0.7145482270936487,0.10598821147330754,-0.690079924472288,-0.04446378331107349,0.011459321072214973,4.560810926685895e-05,-0.00036766250062350185,0.011465308336460287,-0.0012815160790880555,0.0008941022844738966,0.11256200053980295,0.9936434744575751,12.927300463120353
104040220566416,26.278844202,31715148,1.19061478972435,0.10311603546142578,-1.364959716796875,0.009444553405046463,0.01608995907008648,0.009362459182739258,37.29597854614258,0,-0.09895560145378113,-0.10916781425476074,0.000274658203125,-0.0018476173281669617,0.0017451941967010498,-0.0004684925079345703,104040220298936,0.267,1513378,12611.483333333334,34,True,-0.2342805564403534,1.0692088603973389,-5.253325939178467,0.7221012711524963,0.03416029363870621,-0.6904076933860779,0.027203336358070374,1510224,-0.23478978872299194,1.0663604736328125,-5.242716312408447,0.7145482270936487,0.10598821147330754,-0.690079924472288,-0.04446378331107349,0.01098214042135065,-0.0005010961772332801,-0.00027982005650720686,0.010997127119258253,-0.0019437064828830247,0.0005758685234216742,0.10159566056614792,0.994823709073462,11.664455719764895
104040320791904,26.379069690,31817217,1.1827060878276825,0.028890013694763184,-1.197540283203125,0.008184392005205154,0.008418584242463112,0.004128932952880859,37.29597854614258,0,-0.09895560145378113,-0.10916781425476074,0.000274658203125,-0.0018476173281669617,0.0017451941967010498,-0.0004684925079345703,104040320486373,0.306,1513390,12611.583333333334,34,True,-0.2343796193599701,1.0696662664413452,-5.252077102661133,0.7210915684700012,0.05099165067076683,-0.6908848881721497,0.01024823822081089,1510224,-0.23478978872299194,1.0663604736328125,-5.242716312408447,0.7145482270936487,0.10598821147330754,-0.690079924472288,-0.04446378331107349,0.009857184079007573,-0.0012173781733321098,-0.0002735170373766768,0.009935839126821706,-0.0013479804081466887,0.0005867689472258686,0.07778266550964277,0.9969692550912677,8.923845966230951
104040421028909,26.479306695,31917634,1.005144327878952,0.06369435787200928,-1.084075927734375,0.01196906715631485,0.029652345925569534,-0.004942655563354492,37.29597854614258,0,-0.09895560145378113,-0.10916781425476074,0.000274658203125,-0.0018476173281669617,0.0017451941967010498,-0.0004684925079345703,104040420626294,0.403,1513402,12611.683333333332,34,True,-0.2345685511827469,1.0693426132202148,-5.2504425048828125,0.7209993600845337,0.06911218911409378,-0.6894485354423523,-0.006646419875323772,1510224,-0.23478978872299194,1.0663604736328125,-5.242716312408447,0.7145482270936487,0.10598821147330754,-0.690079924472288,-0.04446378331107349,0.00818693626004787,-0.001262276385536415,-0.0001299450627551069,0.0082846938820275,-0.001928688816547883,0.0025344079955982317,0.053102369012714624,0.9985839951355111,6.098896436475902
104040521582632,26.579860418,32017823,0.9482429921627045,0.1852116584777832,-1.104461669921875,0.016819123178720474,0.03458248823881149,-0.012748241424560547,37.29597854614258,0,-0.09895560145378113,-0.10916781425476074,0.000274658203125,-0.0018476173281669617,0.0017451941967010498,-0.0004684925079345703,104040521331909,0.251,1513414,12611.783333333333,34,True,-0.23457670211791992,1.0697722434997559,-5.249826431274414,0.7204168438911438,0.0781879723072052,-0.6889274716377258,-0.016287123784422874,1510224,-0.23478978872299194,1.0663604736328125,-5.242716312408447,0.7145482270936487,0.10598821147330754,-0.690079924472288,-0.04446378331107349,0.007676412272922952,-0.0018105566293669184,-0.00018425287621687655,0.007889193229628794,-0.0013322824068564762,0.0031230076411893903,0.03987951808815073,0.999198726922687,4.58761437153886
104040621772454,26.680050240,32118317,0.9435841739177704,0.19255280494689941,-1.0397186279296875,0.016925320029258728,0.038871344178915024,-0.01750814914703369,37.29597854614258,0,-0.09895560145378113,-0.10916781425476074,0.000274658203125,-0.0018476173281669617,0.0017451941967010498,-0.0004684925079345703,104040620300721,1.472,1513426,12611.883333333333,34,True,-0.2345031052827835,1.0698788166046143,-5.250331401824951,0.7201166152954102,0.08203962445259094,-0.6887360215187073,-0.01855478622019291,1510224,-0.23478978872299194,1.0663604736328125,-5.242716312408447,0.7145482270936487,0.10598821147330754,-0.690079924472288,-0.04446378331107349,0.008194180711707934,-0.0018017280730357927,-0.0002443151615736298,0.008393480296245794,-0.0023768182593005144,0.003121712861540893,0.035522127169101844,0.9993611880222057,4.0961634051568465
104040722046658,26.780324444,32218344,0.8924108445644379,-0.03943371772766113,-1.276153564453125,0.010717261582612991,0.042295172810554504,-0.01884603500366211,37.29597854614258,0,-0.09895560145378113,-0.10916781425476074,0.000274658203125,-0.0018476173281669617,0.0017451941967010498,-0.0004684925079345703,104040721447449,0.599,1513438,12611.983333333334,34,True,-0.23456916213035583,1.070696473121643,-5.250502109527588,0.7209049463272095,0.07554621994495392,-0.6887639760971069,-0.013898668810725212,1510224,-0.23478978872299194,1.0663604736328125,-5.242716312408447,0.7145482270936487,0.10598821147330754,-0.690079924472288,-0.04446378331107349,0.008533288781167216,-0.0025679144548822544,-0.000238751692241373,0.008914494065337394,-0.0012549598628450523,0.003440976925955075,0.04345986474756841,0.9990484597403977,4.999374299671474
104040822251256,26.880529042,32318821,1.0373466908931732,0.1421971321105957,-1.405029296875,0.013529542833566666,0.03734912723302841,-0.015686631202697754,37.29597854614258,0,-0.09895560145378113,-0.10916781425476074,0.000274658203125,-0.0018476173281669617,0.0017451941967010498,-0.0004684925079345703,104040821251979,0.999,1513450,12612.083333333334,34,True,-0.23464447259902954,1.0718295574188232,-5.251320838928223,0.7200515866279602,0.07720248401165009,-0.6894716024398804,-0.013943497091531754,1510224,-0.23478978872299194,1.0663604736328125,-5.242716312408447,0.7145482270936487,0.10598821147330754,-0.690079924472288,-0.04446378331107349,0.009572263623197914,-0.0035060581185797452,-0.00022180275235000955,0.010196561717746185,-0.002252938900488499,0.002277565134019277,0.04218646979044819,0.99910461851099,4.849579597939527
104040922363921,26.980641707,32419022,0.9941117465496063,-0.06380748748779297,-1.1426544189453125,0.01166129857301712,0.04741299897432327,-0.01700568199157715,37.29597854614258,0,-0.09895560145378113,-0.10916781425476074,0.000274658203125,-0.0018476173281669617,0.0017451941967010498,-0.0004684925079345703,104040921089019,1.275,1513462,12612.183333333332,34,True,-0.23464137315750122,1.0722554922103882,-5.250766754150391,0.7193735241889954,0.08198364078998566,-0.6894903182983398,-0.019583791494369507,1510224,-0.23478978872299194,1.0663604736328125,-5.242716312408447,0.7145482270936487,0.10598821147330754,-0.690079924472288,-0.04446378331107349,0.009121784183653277,-0.004036720125050636,-0.00028430158165318394,0.00997912237876991,-0.0014899239805132095,0.0021814908872507255,0.03480681463617838,0.9993905677356196,4.000851259778425
104041022478436,27.080756222,32519014,1.001280277967453,0.00021123886108398438,-1.0982513427734375,0.013282310217618942,0.05226844549179077,-0.019680261611938477,37.29597854614258,0,-0.09895560145378113,-0.10916781425476074,0.000274658203125,-0.0018476173281669617,0.0017451941967010498,-0.0004684925079345703,104041011608355,10.870,1513473,12612.275,34,True,-0.23481138050556183,1.0714954137802124,-5.248817443847656,0.7190448641777039,0.08476999402046204,-0.6893857717514038,-0.023147109895944595,1510224,-0.23478978872299194,1.0663604736328125,-5.242716312408447,0.7145482270936487,0.10598821147330754,-0.690079924472288,-0.04446378331107349,0.007051724923842191,-0.0037210529932324085,-0.0001371917671624751,0.007974451790622237,-0.0008630348015110853,0.0022831707091082176,0.03031737391576981,0.9995373425446875,3.485893815708031
104041122690467,27.180968253,32619024,0.9161268174648285,-0.019238710403442383,-1.083587646484375,0.012248028069734573,0.03707800805568695,-0.01685476303100586,37.29597854614258,0,-0.09895560145378113,-0.10916781425476074,0.000274658203125,-0.0018476173281669617,0.0017451941967010498,-0.0004684925079345703,104041122074009,0.616,1513486,12612.383333333333,34,True,-0.23487479984760284,1.0709362030029297,-5.247032642364502,0.7169588804244995,0.09477075189352036,-0.6897897720336914,-0.0343320295214653,1510224,-0.23478978872299194,1.0663604736328125,-5.242716312408447,0.7145482270936487,0.10598821147330754,-0.690079924472288,-0.04446378331107349,0.005187780450930796,-0.0035568249218567113,-0.00010564524407181091,0.006290884711182977,0.00036337741935389684,0.0012957955110238781,0.01524973416517706,0.9998828103726637,1.7543508589338097
104041222875497,27.281153283,32719414,0.7476668655872345,0.02662074565887451,-0.914581298828125,0.013700433075428009,0.037734366953372955,-0.021242856979370117,37.29597854614258,0,-0.09895560145378113,-0.10916781425476074,0.000274658203125,-0.0018476173281669617,0.0017451941967010498,-0.0004684925079345703,104041220957836,1.918,1513498,12612.483333333334,34,True,-0.23501040041446686,1.071592092514038,-5.244556427001953,0.7165775895118713,0.10437847673892975,-0.6883673667907715,-0.04209769889712334,1510224,-0.23478978872299194,1.0663604736328125,-5.242716312408447,0.7145482270936487,0.10598821147330754,-0.690079924472288,-0.04446378331107349,0.0029052893806673537,-0.0047271714746267976,-0.00013293162942256605,0.0055501826415033165,-0.0008515797892836019,0.0024449249697645614,0.0029219619256179233,0.999992379617095,0.4473591234114365
104041323094274,27.381372060,32819522,0.38222190737724304,-0.06348669528961182,-1.0847625732421875,0.012368503957986832,0.0510251447558403,-0.02032184600830078,37.29597854614258,0,-0.09895560145378113,-0.10916781425476074,0.000274658203125,-0.0018476173281669617,0.0017451941967010498,-0.0004684925079345703,104041322378799,0.715,1513510,12612.583333333334,34,True,-0.23531633615493774,1.072824239730835,-5.241330146789551,0.7142497301101685,0.11284000426530838,-0.688818097114563,-0.05142044648528099,1510224,-0.23478978872299194,1.0663604736328125,-5.242716312408447,0.7145482270936487,0.10598821147330754,-0.690079924472288,-0.04446378331107349,8.530842706263144e-06,-0.006631279025126649,-7.102961834339211e-05,0.006631664910943852,0.0001221201669924371,0.0011283173963202997,-0.009784332883114366,0.9999514882315794,1.1287374506396202
104041423200292,27.481478078,32919834,0.38107356429100037,-0.1885087490081787,-1.1117095947265625,0.013612814247608185,0.02880268357694149,-0.01944601535797119,37.13827133178711,0,-0.09895560145378113,-0.10916781425476074,0.000274658203125,-0.0018476173281669617,0.0017451941967010498,-0.0004684925079345703,104041421501611,1.699,1513522,12612.683333333332,34,True,-0.23559586703777313,1.0754364728927612,-5.240952968597412,0.7125787138938904,0.12174555659294128,-0.6882945895195007,-0.060499001294374466,1510224,-0.23478978872299194,1.0663604736328125,-5.242716312408447,0.7145482270936487,0.10598821147330754,-0.690079924472288,-0.04446378331107349,0.00018906986158323752,-0.009278820952490465,-2.530871650759148e-05,0.009280781551791122,0.00048245660659401723,0.0009154993121920918,-0.02261309324255073,0.9997437557247536,2.594203171457065
104041523313069,27.581590855,33019806,0.3377767503261566,-0.2126481533050537,-0.5078277587890625,0.012548454105854034,0.042765162885189056,-0.023850440979003906,37.13827133178711,0,-0.09895560145378113,-0.10916781425476074,0.000274658203125,-0.0018476173281669617,0.0017451941967010498,-0.0004684925079345703,104041520720486,2.593,1513534,12612.783333333333,34,True,-0.23546689748764038,1.0758646726608276,-5.242105484008789,0.7132511138916016,0.11990708857774734,-0.688057541847229,-0.05892314016819,1510224,-0.23478978872299194,1.0663604736328125,-5.242716312408447,0.7145482270936487,0.10598821147330754,-0.690079924472288,-0.04446378331107349,0.0014091815730635957,-0.009442261982801571,-0.00013886223170756978,0.009547847232602576,0.0005700959952689849,0.0014636135911633708,-0.020151222551786016,0.9997957096604688,2.316322014758301
104041623545029,27.681822815,33120011,0.4893961250782013,-0.268643856048584,-0.87225341796875,0.010974623262882233,0.039474546909332275,-0.024590611457824707,37.13827133178711,0,-0.09895560145378113,-0.10916781425476074,0.000274658203125,-0.0018476173281669617,0.0017451941967010498,-0.0004684925079345703,104041621572954,1.972,1513546,12612.883333333333,34,True,-0.23526646196842194,1.0749669075012207,-5.242708206176758,0.7124449610710144,0.12388011068105698,-0.6880819201469421,-0.060160648077726364,1510224,-0.23478978872299194,1.0663604736328125,-5.242716312408447,0.7145482270936487,0.10598821147330754,-0.690079924472288,-0.04446378331107349,0.0018118578042122088,-0.00842369203762039,-0.00023784612216927066,0.008619628009675638,-0.001248919218873726,0.0008443898255644512,-0.0239284747096627,0.9997125363346587,2.747701238625443
104041723801980,27.782079766,33220236,0.508662074804306,-0.24866676330566406,-1.0882415771484375,0.013309121131896973,0.033579662442207336,-0.02846693992614746,37.13827133178711,0,-0.09895560145378113,-0.10916781425476074,0.000274658203125,-0.0018476173281669617,0.0017451941967010498,-0.0004684925079345703,104041721125255,2.677,1513558,12612.983333333334,34,True,-0.23538973927497864,1.0751372575759888,-5.242122173309326,0.7106934189796448,0.1345982402563095,-0.6867902278900146,-0.07153592258691788,1510224,-0.23478978872299194,1.0663604736328125,-5.242716312408447,0.7145482270936487,0.10598821147330754,-0.690079924472288,-0.04446378331107349,0.0012726017034628777,-0.008723612189012991,-0.00015476950338408964,0.00881730561561356,-0.0005761270750003629,0.0012877386529982495,-0.03968002120059148,0.9992114419502389,4.551064636635682
104041824018947,27.882296733,33320624,0.40616169571876526,-0.25474464893341064,-0.96014404296875,0.012643922120332718,0.040830016136169434,-0.035463690757751465,37.13827133178711,0,-0.09895560145378113,-0.10916781425476074,0.000274658203125,-0.0018476173281669617,0.0017451941967010498,-0.0004684925079345703,104041819386869,4.632,1513570,12613.083333333334,34,True,-0.2354927808046341,1.0753133296966553,-5.240824222564697,0.7089828252792358,0.14456599950790405,-0.6853049397468567,-0.08246909081935883,1510224,-0.23478978872299194,1.0663604736328125,-5.242716312408447,0.7145482270936487,0.10598821147330754,-0.690079924472288,-0.04446378331107349,3.9694799445524594e-05,-0.009176657204766738,-0.00012337103655048513,0.009177572312085578,0.00027623477834096133,0.001884184980774195,-0.05459457102919585,0.9985067883371868,6.262999377160903
104041924225176,27.982502962,33420627,0.41631680727005005,-0.14913451671600342,-0.95648193359375,0.015174765139818192,0.051999904215335846,-0.03981888294219971,37.13827133178711,0,-0.09895560145378113,-0.10916781425476074,0.000274658203125,-0.0018476173281669617,0.0017451941967010498,-0.0004684925079345703,104041920718161,3.507,1513582,12613.183333333332,34,True,-0.23558375239372253,1.0755600929260254,-5.240097522735596,0.7055098414421082,0.15779338777065277,-0.6843519806861877,-0.09497103840112686,1510224,-0.23478978872299194,1.0663604736328125,-5.242716312408447,0.7145482270936487,0.10598821147330754,-0.690079924472288,-0.04446378331107349,-0.0006198853064902205,-0.009577576104824561,-8.49173964509826e-05,0.009597991081529972,0.00013494373577194185,0.000905403080030065,-0.07308398726183775,0.9973253695967843,8.382940043852287
104042024455869,28.082733655,33521008,0.3654983341693878,-0.2643430233001709,-0.91461181640625,0.012749414891004562,0.05437520146369934,-0.04539012908935547,37.13827133178711,0,-0.09895560145378113,-0.10916781425476074,0.000274658203125,-0.0018476173281669617,0.0017451941967010498,-0.0004684925079345703,104042020540682,3.915,1513594,12613.283333333333,34,True,-0.23572634160518646,1.0757238864898682,-5.238683700561523,0.7037894129753113,0.16535507142543793,-0.6830693483352661,-0.10370360314846039,1510224,-0.23478978872299194,1.0663604736328125,-5.242716312408447,0.7145482270936487,0.10598821147330754,-0.690079924472288,-0.04446378331107349,-0.001969577862686543,-0.0100465428052784,-1.8183654653277726e-05,0.010237802007304724,0.0010971691545518525,0.0012240004654607284,-0.08475271873178515,0.9964006597299491,9.725443812506775
104042124652607,28.182930393,33621079,0.3264087438583374,-0.18835079669952393,-0.7881927490234375,0.011818177998065948,0.05591600388288498,-0.04702198505401611,37.13827133178711,0,-0.09895560145378113,-0.10916781425476074,0.000274658203125,-0.0018476173281669617,0.0017451941967010498,-0.0004684925079345703,104042121245662,3.407,1513606,12613.383333333333,34,True,-0.23564530909061432,1.0755664110183716,-5.238162517547607,0.7029930949211121,0.1746331751346588,-0.6804153919219971,-0.11108038574457169,1510224,-0.23478978872299194,1.0663604736328125,-5.242716312408447,0.7145482270936487,0.10598821147330754,-0.690079924472288,-0.04446378331107349,-0.0025101327432878913,-0.00999528350567881,-0.00010856856378173516,0.010306223647915978,-0.0002802778023471564,0.002940169626640232,-0.09667534677289541,0.995311586475944,11.100701033508011
104042224769393,28.283047179,33721366,0.3878829777240753,-0.15114951133728027,-0.8096771240234375,0.011221807450056076,0.058334022760391235,-0.049864888191223145,37.13827133178711,0,-0.09895560145378113,-0.10916781425476074,0.000274658203125,-0.0018476173281669617,0.0017451941967010498,-0.0004684925079345703,104042223974558,0.795,1513618,12613.483333333334,34,True,-0.23569796979427338,1.0752224922180176,-5.237769603729248,0.7013882994651794,0.1750078648328781,-0.6816657185554504,-0.11295436322689056,1510224,-0.23478978872299194,1.0663604736328125,-5.242716312408447,0.7145482270936487,0.10598821147330754,-0.690079924472288,-0.04446378331107349,-0.0029684376294969363,-0.009747638781081425,-4.482469144449647e-05,0.010189705246945029,0.0010040787383677613,0.001121273135068157,-0.09835076292382054,0.9951506730162756,11.2897420614664
104042325049695,28.383327481,33821567,0.3130348026752472,-0.19744086265563965,-0.7235565185546875,0.011087935417890549,0.0592556893825531,-0.04875361919403076,37.13827133178711,0,-0.09895560145378113,-0.10916781425476074,0.000274658203125,-0.0018476173281669617,0.0017451941967010498,-0.0004684925079345703,104042321585460,3.464,1513630,12613.583333333334,34,True,-0.235670804977417,1.0755761861801147,-5.237771034240723,0.7011446356773376,0.17684464156627655,-0.6812653541564941,-0.11401673406362534,1510224,-0.23478978872299194,1.0663604736328125,-5.242716312408447,0.7145482270936487,0.10598821147330754,-0.690079924472288,-0.04446378331107349,-0.0028910799020873037,-0.010089240062514212,-0.00010107181577459693,0.010495776462522383,0.00046407153489158587,0.0012701340587235046,-0.10043997701110464,0.9949422005398566,11.530062106196844
104042425260481,28.483538267,33921859,0.3334408104419708,-0.25126171112060547,-0.91693115234375,0.010410085320472717,0.05687645077705383,-0.04905867576599121,37.29597854614258,0,-0.09895560145378113,-0.10916781425476074,0.000274658203125,-0.0018476173281669617,0.0017451941967010498,-0.0004684925079345703,104042421476637,3.784,1513642,12613.683333333332,34,True,-0.23571239411830902,1.0762441158294678,-5.237369060516357,0.7011142373085022,0.17542143166065216,-0.6817895174026489,-0.11326588690280914,1510224,-0.23478978872299194,1.0663604736328125,-5.242716312408447,0.7145482270936487,0.10598821147330754,-0.690079924472288,-0.04446378331107349,-0.0031425998938709606,-0.010827613113573808,-0.00013246416208933989,0.011275224458272717,0.0009665904116670926,0.0008583172828190988,-0.09888480424672771,0.9950980476734465,11.350885288837198
104042525505324,28.583783110,34021914,0.27406781911849976,-0.2597172260284424,-0.9865875244140625,0.010332103818655014,0.04418952018022537,-0.047782182693481445,37.29597854614258,0,-0.09895560145378113,-0.10916781425476074,0.000274658203125,-0.0018476173281669617,0.0017451941967010498,-0.0004684925079345703,104042521611656,3.894,1513654,12613.783333333333,34,True,-0.23578159511089325,1.076355218887329,-5.237199306488037,0.7006590366363525,0.17552882432937622,-0.6820439100265503,-0.11438007652759552,1510224,-0.23478978872299194,1.0663604736328125,-5.242716312408447,0.7145482270936487,0.10598821147330754,-0.690079924472288,-0.04446378331107349,-0.0032865010102994603,-0.010977634157586067,-8.016452522772275e-05,0.011459317909003341,0.0017358255207658296,0.00047573246696536176,-0.09976734650241467,0.9950091643599311,11.45341638545401
104042625732938,28.684010724,34122209,0.2817247062921524,-0.34523463249206543,-0.944793701171875,0.008882582187652588,0.03985970467329025,-0.04686534404754639,37.29597854614258,0,-0.09895560145378113,-0.10916781425476074,0.000274658203125,-0.0018476173281669617,0.0017451941967010498,-0.0004684925079345703,104042621945198,3.788,1513666,12613.883333333333,34,True,-0.2357180267572403,1.0760611295700073,-5.237109184265137,0.7007185816764832,0.1759805828332901,-0.6819968223571777,-0.1135992780327797,1510224,-0.23478978872299194,1.0663604736328125,-5.242716312408447,0.7145482270936487,0.10598821147330754,-0.690079924472288,-0.04446378331107349,-0.00343552528930664,-0.010704497245769537,-0.0001230535550507665,0.011242963909733221,0.000858519593878615,0.0004476273867665692,-0.09954711866523179,0.9950323782366481,11.426726552957158
104042725828518,28.784106304,34222547,0.16049125790596008,-0.24210190773010254,-1.199127197265625,0.011344898492097855,0.050516605377197266,-0.04641830921173096,37.29597854614258,0,-0.09895560145378113,-0.10916781425476074,0.000274658203125,-0.0018476173281669617,0.0017451941967010498,-0.0004684925079345703,104042720943587,4.885,1513678,12613.983333333334,34,True,-0.23577500879764557,1.0760608911514282,-5.2368083000183105,0.7003898024559021,0.17620889842510223,-0.6822527647018433,-0.11373578757047653,1510224,-0.23478978872299194,1.0663604736328125,-5.242716312408447,0.7145482270936487,0.10598821147330754,-0.690079924472288,-0.04446378331107349,-0.003730900340064173,-0.010772531871126697,-7.942777250402426e-05,0.011400586346016435,0.0008402518942664666,4.21769580959408e-05,-0.0998279323053294,0.995004359854519,11.458932560162433
104042825944285,28.884222071,34322550,0.25666096806526184,-0.2564558982849121,-1.11663818359375,0.009730901569128036,0.041926588863134384,-0.04683804512023926,37.29597854614258,0,-0.09895560145378113,-0.10916781425476074,0.000274658203125,-0.0018476173281669617,0.0017451941967010498,-0.0004684925079345703,104042820525483,5.419,1513690,12614.083333333334,34,True,-0.23582324385643005,1.0759685039520264,-5.236361980438232,0.6993263959884644,0.17841507494449615,-0.6823402047157288,-0.11628665775060654,1510224,-0.23478978872299194,1.0663604736328125,-5.242716312408447,0.7145482270936487,0.10598821147330754,-0.690079924472288,-0.04446378331107349,-0.0041877243893077695,-0.010780580059767148,-4.323111847818155e-05,0.0115654576613058,0.0011970842139597954,-0.0005818713618644389,-0.10327347794503858,0.9946521086129756,11.85639478784452
104042926174033,28.984451819,34422735,0.24942289292812347,-0.2193131446838379,-1.005889892578125,0.011644620448350906,0.048730865120887756,-0.04645252227783203,37.29597854614258,0,-0.09895560145378113,-0.10916781425476074,0.000274658203125,-0.0018476173281669617,0.0017451941967010498,-0.0004684925079345703,104042921313946,4.860,1513702,12614.183333333332,34,True,-0.23586487770080566,1.0758470296859741,-5.235886573791504,0.6989351511001587,0.182077556848526,-0.6812314987182617,-0.11942026764154434,1510224,-0.23478978872299194,1.0663604736328125,-5.242716312408447,0.7145482270936487,0.10598821147330754,-0.690079924472288,-0.04446378331107349,-0.004678984640891412,-0.010765818077980542,-1.246907739205791e-05,0.011738649480913951,0.0008086808300801218,0.00010964017268205728,-0.10814370094438476,0.9941349375011419,12.41699311724909
104043026349583,29.084627369,34522937,0.14668482542037964,-0.23624086380004883,-0.8788299560546875,0.01210448145866394,0.04752219468355179,-0.04842841625213623,37.29597854614258,0,-0.09895560145378113,-0.10916781425476074,0.000274658203125,-0.0018476173281669617,0.0017451941967010498,-0.0004684925079345703,104043023111825,3.238,1513714,12614.283333333333,34,True,-0.23589681088924408,1.0758693218231201,-5.234744071960449,0.6968088150024414,0.1904609650373459,-0.6794994473457336,-0.12830716371536255,1510224,-0.23478978872299194,1.0663604736328125,-5.242716312408447,0.7145482270936487,0.10598821147330754,-0.690079924472288,-0.04446378331107349,-0.0057909983953155775,-0.011030122393238284,-3.236231175200298e-05,0.012457941633495727,0.0012845428659131186,0.0004490807098360139,-0.12056909861460302,0.9927040045932141,13.850782406969039
104043126556366,29.184834152,34622824,0.13053670525550842,-0.2887533903121948,-0.80126953125,0.010697782039642334,0.02936246618628502,-0.05122864246368408,37.29597854614258,0,-0.09895560145378113,-0.10916781425476074,0.000274658203125,-0.0018476173281669617,0.0017451941967010498,-0.0004684925079345703,104043121147553,5.409,1513726,12614.383333333333,34,True,-0.23593662679195404,1.0749939680099487,-5.232675552368164,0.6926557421684265,0.2058403491973877,-0.6767976880073547,-0.14072199165821075,1510224,-0.23478978872299194,1.0663604736328125,-5.242716312408447,0.7145482270936487,0.10598821147330754,-0.690079924472288,-0.04446378331107349,-0.007998762336689395,-0.010615508229675144,-1.0536122157184496e-05,0.013291701354717973,-0.000559161318341661,0.0001456657004145212,-0.1406859478126612,0.990054104687303,16.175219389374224
104043226784933,29.285062719,34723296,-0.037655919790267944,-0.3008376359939575,-0.43621826171875,0.008929941803216934,0.042018406093120575,-0.056130290031433105,37.29597854614258,0,-0.09895560145378113,-0.10916781425476074,0.000274658203125,-0.0018476173281669617,0.0017451941967010498,-0.0004684925079345703,104043221297550,5.487,1513738,12614.483333333334,34,True,-0.23611882328987122,1.0749833583831787,-5.231263637542725,0.6857988834381104,0.2263800948858261,-0.6721180081367493,-0.16336895525455475,1510224,-0.23478978872299194,1.0663604736328125,-5.242716312408447,0.7145482270936487,0.10598821147330754,-0.690079924472288,-0.04446378331107349,-0.009384705511177755,-0.010917848075726946,0.00011014418654190243,0.014397369060978249,0.0012580111361574497,0.00024477845626580397,-0.17192561760438213,0.9851091003045502,19.800150529676472
104043327045541,29.385323327,34823515,-0.030269205570220947,-0.2675602436065674,-0.5457305908203125,0.010409757494926453,0.04085153341293335,-0.06653463840484619,37.29597854614258,0,-0.09895560145378113,-0.10916781425476074,0.000274658203125,-0.0018476173281669617,0.0017451941967010498,-0.0004684925079345703,104043320662771,6.383,1513750,12614.583333333334,34,True,-0.23618488013744354,1.0750343799591064,-5.230449199676514,0.6806730628013611,0.240471750497818,-0.669034481048584,-0.17677778005599976,1510224,-0.23478978872299194,1.0663604736328125,-5.242716312408447,0.7145482270936487,0.10598821147330754,-0.690079924472288,-0.04446378331107349,-0.010171020013998543,-0.011144361719879325,0.00013615991075005963,0.015088571363451413,0.0010159903967452144,-0.0002945095994827951,-0.19192833522626865,0.9814083732905903,22.131022512435223
104043427203648,29.485481434,34923854,-0.022030353546142578,-0.20619285106658936,-0.5274810791015625,0.012873750180006027,0.03368888795375824,-0.07207584381103516,37.29597854614258,0,-0.09895560145378113,-0.10916781425476074,0.000274658203125,-0.0018476173281669617,0.0017451941967010498,-0.0004684925079345703,104043421599716,5.604,1513762,12614.683333333332,34,True,-0.23607274889945984,1.0745915174484253,-5.229803562164307,0.6784199476242065,0.24609477818012238,-0.6675682663917542,-0.18312926590442657,1510224,-0.23478978872299194,1.0663604736328125,-5.242716312408447,0.7145482270936487,0.10598821147330754,-0.690079924472288,-0.04446378331107349,-0.010893097000799337,-0.010838567110327527,3.299549358404307e-05,0.015366690859664418,0.0016188754008829298,-0.00037849652968163783,-0.20063329146553555,0.9796650031202089,23.148794959976712
104043527325702,29.585603488,35023980,-0.05680212378501892,-0.29179131984710693,-0.4824066162109375,0.010148085653781891,0.04328548163175583,-0.07403826713562012,37.29597854614258,0,-0.09895560145378113,-0.10916781425476074,0.000274658203125,-0.0018476173281669617,0.0017451941967010498,-0.0004684925079345703,104043522214521,5.111,1513774,12614.783333333333,34,True,-0.23606732487678528,1.0743277072906494,-5.229223728179932,0.6781069040298462,0.2479151338338852,-0.6666678786277771,-0.18510286509990692,1510224,-0.23478978872299194,1.0663604736328125,-5.242716312408447,0.7145482270936487,0.10598821147330754,-0.690079924472288,-0.04446378331107349,-0.011515470526460504,-0.010702901307447405,2.4126824637852543e-05,0.01572128302481725,0.0016914049002336728,0.0001770872019014602,-0.20336917465272442,0.9791006519202488,23.46892964461187
104043627442606,29.685720392,35123986,-0.12934961915016174,-0.3763629198074341,-0.356903076171875,0.007265040650963783,0.03888118639588356,-0.07283997535705566,37.29597854614258,0,-0.09895560145378113,-0.10916781425476074,0.000274658203125,-0.0018476173281669617,0.0017451941967010498,-0.0004684925079345703,104043622325451,5.117,1513786,12614.883333333333,34,True,-0.23608122766017914,1.074108600616455,-5.228757858276367,0.6793242692947388,0.24352528154850006,-0.6682910919189453,-0.18055741488933563,1510224,-0.23478978872299194,1.0663604736328125,-5.242716312408447,0.7145482270936487,0.10598821147330754,-0.690079924472288,-0.04446378331107349,-0.012017498768345741,-0.010588586858721535,3.5773294998894356e-05,0.016016857620660706,0.001590723276441025,-0.0004292723455461278,-0.19689449186161168,0.9804232985803983,22.711637383314237
104043728368217,29.786646003,35224143,-0.18506881594657898,-0.3213317394256592,-0.1181640625,0.008148416876792908,0.045584432780742645,-0.06817340850830078,37.29597854614258,0,-0.09895560145378113,-0.10916781425476074,0.000274658203125,-0.0018476173281669617,0.0017451941967010498,-0.0004684925079345703,104043728188716,0.180,1513799,12614.991666666667,34,True,-0.23606301844120026,1.0741130113601685,-5.228943824768066,0.6790248155593872,0.24359215795993805,-0.6685234308242798,-0.18073342740535736,1510224,-0.23478978872299194,1.0663604736328125,-5.242716312408447,0.7145482270936487,0.10598821147330754,-0.690079924472288,-0.04446378331107349,-0.011834457079669004,-0.01055222023172077,2.5391821221199483e-05,0.015855736215447388,0.0017082826706859566,-0.0007862550380548505,-0.19708514891707302,0.9803845713033572,22.73416464045806
104043828530219,29.886808005,35324832,-0.17066216468811035,-0.2975074052810669,-0.46356201171875,0.009876307100057602,0.036571964621543884,-0.06759190559387207,37.29597854614258,0,-0.09895560145378113,-0.10916781425476074,0.000274658203125,-0.0018476173281669617,0.0017451941967010498,-0.0004684925079345703,104043828319404,0.211,1513811,12615.091666666667,34,True,-0.23612526059150696,1.0745713710784912,-5.228459358215332,0.6791188716888428,0.24342405796051025,-0.6684470176696777,-0.18088918924331665,1510224,-0.23478978872299194,1.0663604736328125,-5.242716312408447,0.7145482270936487,0.10598821147330754,-0.690079924472288,-0.04446378331107349,-0.012211675579330604,-0.011105730203552338,2.830248611315983e-05,0.016506455247557977,0.0019233034293176523,-0.0006427646132364796,-0.19706594639360406,0.9803881376932118,22.73209102930157
104043930843805,29.989121591,35424956,-0.18405133485794067,-0.2526463270187378,-0.5539398193359375,0.008757974952459335,0.028965916484594345,-0.06705284118652344,37.29597854614258,0,-0.09895560145378113,-0.10916781425476074,0.000274658203125,-0.0018476173281669617,0.0017451941967010498,-0.0004684925079345703,104043930550196,0.294,1513823,12615.191666666666,34,True,-0.23614946007728577,1.0749099254608154,-5.22811222076416,0.6789261698722839,0.24502964317798615,-0.6675522923469543,-0.1827392429113388,1510224,-0.23478978872299194,1.0663604736328125,-5.242716312408447,0.7145482270936487,0.10598821147330754,-0.690079924472288,-0.04446378331107349,-0.012479299117610174,-0.011510357668134706,9.240703054773564e-06,0.01697708236140022,0.002051011851163354,-1.1726398198852463e-05,-0.19955011270452358,0.9798854758248486,23.022536809926887
104044030904914,30.089182700,35527653,-0.16807302832603455,-0.3450673818588257,-0.42742919921875,0.0076646581292152405,0.021008485928177834,-0.06667017936706543,37.29597854614258,0,-0.09895560145378113,-0.10916781425476074,0.000274658203125,-0.0018476173281669617,0.0017451941967010498,-0.0004684925079345703,104044030649004,0.256,1513835,12615.291666666666,34,True,-0.23612909018993378,1.0746140480041504,-5.227584362030029,0.6799775958061218,0.2450365424156189,-0.6667958498001099,-0.18157926201820374,1510224,-0.23478978872299194,1.0663604736328125,-5.242716312408447,0.7145482270936487,0.10598821147330754,-0.690079924472288,-0.04446378331107349,-0.013057354713276906,-0.011331219552421232,-9.587698060062474e-06,0.017288468427754437,0.0010904640372151053,0.0011311050482930574,-0.1986767379271,0.9800638169508147,22.919904219588876
104044132524168,30.190801954,35627455,-0.16693097352981567,-0.46041011810302734,-0.5539093017578125,0.004965214058756828,0.0259263776242733,-0.06496810913085938,37.29597854614258,0,-0.09895560145378113,-0.10916781425476074,0.000274658203125,-0.0018476173281669617,0.0017451941967010498,-0.0004684925079345703,104044132232935,0.291,1513847,12615.391666666666,34,True,-0.23615093529224396,1.0742137432098389,-5.226555824279785,0.6779838800430298,0.24892190098762512,-0.6666332483291626,-0.18432576954364777,1510224,-0.23478978872299194,1.0663604736328125,-5.242716312408447,0.7145482270936487,0.10598821147330754,-0.690079924472288,-0.04446378331107349,-0.014147742158400218,-0.011159271089057433,4.1160118026146303e-07,0.01801909930016102,0.00044318254132641455,-1.0191805612402849e-05,-0.20356686762228687,0.9790609449323431,23.491291884667817
104044232617200,30.290894986,35729166,-0.4058239758014679,-0.47083425521850586,-0.19061279296875,0.006373561918735504,0.027106935158371925,-0.06506121158599854,37.29597854614258,0,-0.09895560145378113,-0.10916781425476074,0.000274658203125,-0.0018476173281669617,0.0017451941967010498,-0.0004684925079345703,104044228517297,4.100,1513859,12615.491666666667,34,True,-0.2362082451581955,1.074521780014038,-5.225565433502197,0.6747996211051941,0.25709542632102966,-0.6643286943435669,-0.19291144609451294,1510224,-0.23478978872299194,1.0663604736328125,-5.242716312408447,0.7145482270936487,0.10598821147330754,-0.690079924472288,-0.04446378331107349,-0.015051000027875867,-0.011672140334485279,-1.122214853270455e-05,0.019046563673367833,0.0008350054164858735,-1.431536615925655e-05,-0.21577202224850323,0.9764434120704671,24.92183783193158
104044332857932,30.391135718,35829263,-0.2314310073852539,-0.4508860111236572,0.0570220947265625,0.004831086844205856,0.004147235304117203,-0.07047975063323975,37.29597854614258,0,-0.09895560145378113,-0.10916781425476074,0.000274658203125,-0.0018476173281669617,0.0017451941967010498,-0.0004684925079345703,104044331208651,1.649,1513871,12615.591666666667,34,True,-0.23615708947181702,1.0752549171447754,-5.225263595581055,0.6703785061836243,0.2739431858062744,-0.6565873026847839,-0.21081015467643738,1510224,-0.23478978872299194,1.0663604736328125,-5.242716312408447,0.7145482270936487,0.10598821147330754,-0.690079924472288,-0.04446378331107349,-0.01518850337512834,-0.01244463081863845,-0.00013597938776721346,0.019636139166913348,0.0013742785464440634,0.0036142966182949325,-0.24097489676297015,0.9705236459502199,27.891836137362205
104044433119082,30.491396868,35929672,-0.311514675617218,-0.519157886505127,-0.0703887939453125,0.0033691581338644028,0.01604604348540306,-0.08040165901184082,37.29597854614258,0,-0.09895560145378113,-0.10916781425476074,0.000274658203125,-0.0018476173281669617,0.0017451941967010498,-0.0004684925079345703,104044429826973,3.292,1513883,12615.691666666666,34,True,-0.23631088435649872,1.0744057893753052,-5.2230706214904785,0.6590651869773865,0.28994208574295044,-0.6563106775283813,-0.22543953359127045,1510224,-0.23478978872299194,1.0663604736328125,-5.242716312408447,0.7145482270936487,0.10598821147330754,-0.690079924472288,-0.04446378331107349,-0.01751511065470854,-0.01209193281801608,-8.273145400144446e-06,0.021283655911685705,0.0012608696198679603,-0.0031559656758599064,-0.26371370051013043,0.9645950104845598,30.583670741708236
104044533216914,30.591494700,36029853,-0.41001108288764954,-0.46746063232421875,0.0316162109375,0.003643576055765152,0.01160142570734024,-0.0870734453201294,37.29597854614258,0,-0.09895560145378113,-0.10916781425476074,0.000274658203125,-0.0018476173281669617,0.0017451941967010498,-0.0004684925079345703,104044529714978,3.502,1513895,12615.791666666666,34,True,-0.23609769344329834,1.0732096433639526,-5.221175193786621,0.6519620418548584,0.31122130155563354,-0.6451040506362915,-0.24885258078575134,1510224,-0.23478978872299194,1.0663604736328125,-5.242716312408447,0.7145482270936487,0.10598821147330754,-0.690079924472288,-0.04446378331107349,-0.01961572645337459,-0.011305887366468058,-0.00020425182023822111,0.022641588553874756,0.0024343236659149785,0.001485324338825145,-0.2963267351614422,0.9550823702217829,34.475868839723105
104044633335133,30.691612919,36129962,-0.46639958024024963,-0.6247243881225586,-0.0117034912109375,0.0002827998250722885,0.018972652032971382,-0.09784471988677979,37.29597854614258,0,-0.09895560145378113,-0.10916781425476074,0.000274658203125,-0.0018476173281669617,0.0017451941967010498,-0.0004684925079345703,104044630174436,3.161,1513907,12615.891666666666,34,True,-0.23604953289031982,1.0717817544937134,-5.218403339385986,0.641800045967102,0.3324055075645447,-0.6354781985282898,-0.27160027623176575,1510224,-0.23478978872299194,1.0663604736328125,-5.242716312408447,0.7145482270936487,0.10598821147330754,-0.690079924472288,-0.04446378331107349,-0.022625872796430174,-0.010492986324244419,-0.00025498417555000117,0.024941890440197196,0.0035014678748316597,0.002819928226380053,-0.32866666501491354,0.9444352868436747,38.37946558774419
104044733542587,30.791820373,36230061,-0.5610270798206329,-0.7582874298095703,0.0733489990234375,-0.0015136227011680603,0.023295212537050247,-0.10628354549407959,37.29597854614258,0,-0.09895560145378113,-0.10916781425476074,0.000274658203125,-0.0018476173281669617,0.0017451941967010498,-0.0004684925079345703,104044730245972,3.297,1513919,12615.991666666667,34,True,-0.23609229922294617,1.0708104372024536,-5.216268062591553,0.6321305632591248,0.3489682674407959,-0.6285252571105957,-0.28911635279655457,1510224,-0.23478978872299194,1.0663604736328125,-5.242716312408447,0.7145482270936487,0.10598821147330754,-0.690079924472288,-0.04446378331107349,-0.024919341301479343,-0.009999217217439953,-0.0002251930046069737,0.026851603820823917,0.004280932800575732,0.0022354787287997557,-0.3539230198653086,0.9352620874699404,41.45894335514524
104044833797877,30.892075663,36330297,-0.6464394629001617,-0.8193645477294922,0.1152191162109375,-0.0007584653794765472,0.02257128432393074,-0.11142551898956299,37.29597854614258,0,-0.09895560145378113,-0.10916781425476074,0.000274658203125,-0.0018476173281669617,0.0017451941967010498,-0.0004684925079345703,104044830331121,3.467,1513931,12616.091666666667,34,True,-0.23606166243553162,1.0704796314239502,-5.215445518493652,0.6302021145820618,0.3519997000694275,-0.6269630193710327,-0.29301682114601135,1510224,-0.23478978872299194,1.0663604736328125,-5.242716312408447,0.7145482270936487,0.10598821147330754,-0.690079924472288,-0.04446378331107349,-0.025792411519338965,-0.009846980548871658,-0.0002642091583754118,0.027609442667177395,0.004896242489310116,0.0022996041275319405,-0.35905464833212264,0.9333008615347135,42.08930291303596
104044934065660,30.992343446,36430641,-0.5416611731052399,-0.8353748321533203,0.0726470947265625,8.374825119972229e-05,0.016701092943549156,-0.10970008373260498,37.29597854614258,0,-0.09895560145378113,-0.10916781425476074,0.000274658203125,-0.0018476173281669617,0.0017451941967010498,-0.0004684925079345703,104044931397913,2.668,1513943,12616.191666666666,34,True,-0.23619411885738373,1.0715010166168213,-5.216085910797119,0.6340734958648682,0.3454550802707672,-0.6298872232437134,-0.2861008048057556,1510224,-0.23478978872299194,1.0663604736328125,-5.242716312408447,0.7145482270936487,0.10598821147330754,-0.690079924472288,-0.04446378331107349,-0.024952838696415902,-0.010718944532550368,-0.0001889030867619746,0.027158343382419892,0.004608520851412418,0.0024396642740429075,-0.3490652529905709,0.9370839123197138,40.86506734749788
104045034167668,31.092445454,36530819,-0.671376496553421,-0.8247215747833252,0.0762176513671875,-0.001710742712020874,0.030648570507764816,-0.10460186004638672,37.29597854614258,0,-0.09895560145378113,-0.10916781425476074,0.000274658203125,-0.0018476173281669617,0.0017451941967010498,-0.0004684925079345703,104045028696537,5.471,1513955,12616.291666666666,34,True,-0.23616746068000793,1.0726208686828613,-5.216843605041504,0.636720597743988,0.340311199426651,-0.6320335865020752,-0.28161826729774475,1510224,-0.23478978872299194,1.0663604736328125,-5.242716312408447,0.7145482270936487,0.10598821147330754,-0.690079924472288,-0.04446378331107349,-0.023973736487847622,-0.011647824797145098,-0.0002750436430179569,0.02665497163193593,0.005065009212140231,0.0024863161740721895,-0.3419203719608559,0.9397119894689614,39.99351014750424
104045134265208,31.192542994,36630624,-0.6048016846179962,-0.7737209796905518,0.0340728759765625,-0.0019479822367429733,0.0319518968462944,-0.1028144359588623,37.29597854614258,0,-0.09895560145378113,-0.10916781425476074,0.000274658203125,-0.0018476173281669617,0.0017451941967010498,-0.0004684925079345703,104045132456334,1.809,1513967,12616.391666666666,34,True,-0.23630104959011078,1.0740532875061035,-5.216560363769531,0.6390252113342285,0.33538228273391724,-0.6340898871421814,-0.2776610553264618,1510224,-0.23478978872299194,1.0663604736328125,-5.242716312408447,0.7145482270936487,0.10598821147330754,-0.690079924472288,-0.04446378331107349,-0.02394888337549213,-0.013113864727843597,-0.00027291182842146254,0.027305621104439213,0.005754208591365635,0.0024070982299400083,-0.3353319370756826,0.9420793952415417,39.19250368381622
104045234471333,31.292749119,36730874,-0.49495139718055725,-0.9517157077789307,-0.0055694580078125,-0.0031004436314105988,0.02884151041507721,-0.09845876693725586,37.29597854614258,0,-0.09895560145378113,-0.10916781425476074,0.000274658203125,-0.0018476173281669617,0.0017451941967010498,-0.0004684925079345703,104045229127150,5.344,1513979,12616.491666666667,34,True,-0.23638038337230682,1.0759979486465454,-5.216517448425293,0.6385518908500671,0.3361188471317291,-0.633292555809021,-0.2796715795993805,1510224,-0.23478978872299194,1.0663604736328125,-5.242716312408447,0.7145482270936487,0.10598821147330754,-0.690079924472288,-0.04446378331107349,-0.023578902871812885,-0.015023298513723728,-0.0003566947094301207,0.027960532720006873,0.006619074984017705,0.002830542489222321,-0.3373313045215528,0.9413584688445524,39.4380812322492
104045334721866,31.392999652,36831154,-0.4159424602985382,-0.8324131965637207,0.0808258056640625,0.0019330903887748718,0.02400299161672592,-0.09996676445007324,37.29597854614258,0,-0.09895560145378113,-0.10916781425476074,0.000274658203125,-0.0018476173281669617,0.0017451941967010498,-0.0004684925079345703,104045331732890,2.989,1513991,12616.591666666667,34,True,-0.23644427955150604,1.0763813257217407,-5.216514587402344,0.6379940509796143,0.33618029952049255,-0.6337805986404419,-0.27976542711257935,1510224,-0.23478978872299194,1.0663604736328125,-5.242716312408447,0.7145482270936487,0.10598821147330754,-0.690079924472288,-0.04446378331107349,-0.023501706136052493,-0.015402903733067642,-0.00032492317517874214,0.028101338220541824,0.006720256638251126,0.002104072497499554,-0.33747738587176235,0.9413072957620179,39.455457113321415
104045434836300,31.493114086,36931467,-0.38913238048553467,-0.9240496158599854,-0.090789794921875,0.0005830172449350357,0.021193625405430794,-0.0989915132522583,37.29597854614258,0,-0.09895560145378113,-0.10916781425476074,0.000274658203125,-0.0018476173281669617,0.0017451941967010498,-0.0004684925079345703,104045429393462,5.443,1514003,12616.691666666666,34,True,-0.23636697232723236,1.0757957696914673,-5.216165065765381,0.6390411257743835,0.3354843854904175,-0.633674144744873,-0.27844882011413574,1510224,-0.23478978872299194,1.0663604736328125,-5.242716312408447,0.7145482270936487,0.10598821147330754,-0.690079924472288,-0.04446378331107349,-0.023965791971127807,-0.014899191238738362,-0.0003686919649578905,0.028221995289789425,0.00620187446161663,0.0027941025359242144,-0.3359653377024313,0.9418497871776966,39.27087782510516
104045535088669,31.593366455,37031635,-0.3379029631614685,-0.9425406455993652,-0.17498779296875,-8.822977542877197e-05,0.023386076092720032,-0.09781503677368164,37.29597854614258,0,-0.09895560145378113,-0.10916781425476074,0.000274658203125,-0.0018476173281669617,0.0017451941967010498,-0.0004684925079345703,104045529886592,5.202,1514015,12616.791666666666,34,True,-0.23633305728435516,1.0751936435699463,-5.2158403396606445,0.6381872296333313,0.3371429443359375,-0.6330598592758179,-0.2797979712486267,1510224,-0.23478978872299194,1.0663604736328125,-5.242716312408447,0.7145482270936487,0.10598821147330754,-0.690079924472288,-0.04446378331107349,-0.024410274754507955,-0.014378053408302165,-0.000366806118888158,0.028332392771021155,0.005994230300889026,0.0027130308661637574,-0.3381992973839825,0.941051509703693,39.542199665691726
104045635195596,31.693473382,37131831,-0.48028650879859924,-0.9778532981872559,-0.2826385498046875,-0.0007377415895462036,0.02618362009525299,-0.09715211391448975,37.29597854614258,0,-0.09895560145378113,-0.10916781425476074,0.000274658203125,-0.0018476173281669617,0.0017451941967010498,-0.0004684925079345703,104045629395553,5.800,1514027,12616.891666666666,34,True,-0.23640668392181396,1.0752942562103271,-5.215170860290527,0.6373642683029175,0.3378318250179291,-0.6335877180099487,-0.27964818477630615,1510224,-0.23478978872299194,1.0663604736328125,-5.242716312408447,0.7145482270936487,0.10598821147330754,-0.690079924472288,-0.04446378331107349,-0.02504463420535088,-0.014623114179167018,-0.0003310329743550365,0.029003081794990285,0.005504356521867092,0.0017214353541658007,-0.3386519144846865,0.9408940533000822,39.59550579745761
104045735407325,31.793685111,37231918,-0.5312329828739166,-0.9992620944976807,-0.1105499267578125,-0.0013996250927448273,0.028933480381965637,-0.09619259834289551,37.29597854614258,0,-0.09895560145378113,-0.10916781425476074,0.000274658203125,-0.0018476173281669617,0.0017451941967010498,-0.0004684925079345703,104045729903629,5.504,1514039,12616.991666666667,34,True,-0.23647454380989075,1.0759398937225342,-5.215182304382324,0.637453556060791,0.3377295732498169,-0.6337695121765137,-0.2791558504104614,1510224,-0.23478978872299194,1.0663604736328125,-5.242716312408447,0.7145482270936487,0.10598821147330754,-0.690079924472288,-0.04446378331107349,-0.024897746194793447,-0.015255406216228526,-0.00031638985177733154,0.02920146035630416,0.005238419667216859,0.0016055151863174077,-0.3382215491740451,0.9410505645047378,39.542519864196244
104045835627751,31.893905537,37332054,-0.5179307758808136,-0.9551105499267578,-0.088226318359375,0.0014435481280088425,0.02630799636244774,-0.09494686126708984,37.29597854614258,0,-0.09895560145378113,-0.10916781425476074,0.000274658203125,-0.0018476173281669617,0.0017451941967010498,-0.0004684925079345703,104045829307651,6.320,1514051,12617.091666666667,34,True,-0.23649552464485168,1.0759577751159668,-5.215337753295898,0.639701247215271,0.33528009057044983,-0.6341341733932495,-0.27612215280532837,1510224,-0.23478978872299194,1.0663604736328125,-5.242716312408447,0.7145482270936487,0.10598821147330754,-0.690079924472288,-0.04446378331107349,-0.02474263016054667,-0.015242088675169883,-0.00029019894843552996,0.029062058252522463,0.0046997443602666555,0.002683410829761701,-0.3341233501045697,0.9425138187974573,39.043804598236655
104045935855246,31.994133032,37432295,-0.5808782875537872,-0.9824893474578857,-0.28173828125,-0.00017391890287399292,0.02848004922270775,-0.09410393238067627,37.29597854614258,0,-0.09895560145378113,-0.10916781425476074,0.000274658203125,-0.0018476173281669617,0.0017451941967010498,-0.0004684925079345703,104045929942651,5.913,1514063,12617.191666666666,34,True,-0.23642800748348236,1.0757536888122559,-5.215613842010498,0.6399970650672913,0.33577239513397217,-0.6332151293754578,-0.2769462764263153,1510224,-0.23478978872299194,1.0663604736328125,-5.242716312408447,0.7145482270936487,0.10598821147330754,-0.690079924472288,-0.04446378331107349,-0.02451469731936515,-0.01497938127637934,-0.0003284900349003235,0.028730822365297195,0.004838330003101633,0.003609707781122851,-0.3350533531515773,0.9421798188851216,39.15817783206328
104046035921954,32.094199740,37532574,-0.466352254152298,-0.9726276397705078,-0.304840087890625,-0.0004671383649110794,0.022133078426122665,-0.09495627880096436,37.29597854614258,0,-0.09895560145378113,-0.10916781425476074,0.000274658203125,-0.0018476173281669617,0.0017451941967010498,-0.0004684925079345703,104046028487892,7.434,1514075,12617.291666666666,34,True,-0.23642176389694214,1.0752437114715576,-5.215444087982178,0.6377317309379578,0.33740827441215515,-0.6337517499923706,-0.2789493501186371,1510224,-0.23478978872299194,1.0663604736328125,-5.242716312408447,0.7145482270936487,0.10598821147330754,-0.690079924472288,-0.04446378331107349,-0.02478889118141999,-0.014517933947716607,-0.00029991750594351,0.02872889630015249,0.005298335727567549,0.0018025695420786358,-0.3378207636165804,0.9411938217238119,39.493961172927406
104046136993670,32.195271456,37632298,-0.5584134161472321,-0.8742449283599854,-0.2009124755859375,0.002240145578980446,0.015858503058552742,-0.09557044506072998,37.29597854614258,0,-0.09895560145378113,-0.10916781425476074,0.000274658203125,-0.0018476173281669617,0.0017451941967010498,-0.0004684925079345703,104046136837680,0.156,1514088,12617.4,34,True,-0.23638729751110077,1.0750452280044556,-5.215630054473877,0.639000415802002,0.3343234062194824,-0.6356030106544495,-0.2755270004272461,1510224,-0.23478978872299194,1.0663604736328125,-5.242716312408447,0.7145482270936487,0.10598821147330754,-0.690079924472288,-0.04446378331107349,-0.024648624125428172,-0.014282569014833088,-0.000309697887984016,0.02848933768485908,0.005121509075545594,0.0011296847814585287,-0.33303802535066473,0.9428988109164279,38.91156908224248
104046237119424,32.295397210,37733564,-0.5150891840457916,-0.852651834487915,-0.2203826904296875,0.0026899687945842743,0.017802851274609566,-0.09281420707702637,37.29597854614258,0,-0.09895560145378113,-0.10916781425476074,0.000274658203125,-0.0018476173281669617,0.0017451941967010498,-0.0004684925079345703,104046229940349,7.179,1514099,12617.491666666667,34,True,-0.23644931614398956,1.0753651857376099,-5.216363906860352,0.6426821351051331,0.32675987482070923,-0.6389889121055603,-0.268106073141098,1510224,-0.23478978872299194,1.0663604736328125,-5.242716312408447,0.7145482270936487,0.10598821147330754,-0.690079924472288,-0.04446378331107349,-0.023865281823003886,-0.014445681390820336,-0.00024240912965451734,0.02789781621422423,0.005233502149696867,0.0008007478685422842,-0.3219717071202753,0.9467344871040433,37.5696831212419
104046337865707,32.396143493,37833623,-0.5652892887592316,-0.9282629489898682,-0.135467529296875,-0.002217903733253479,0.020185455679893494,-0.0872046947479248,37.29597854614258,0,-0.09895560145378113,-0.10916781425476074,0.000274658203125,-0.0018476173281669617,0.0017451941967010498,-0.0004684925079345703,104046337716497,0.149,1514112,12617.6,34,True,-0.23646017909049988,1.0757819414138794,-5.217257976531982,0.6479467749595642,0.3174252510070801,-0.6424202919006348,-0.25826799869537354,1510224,-0.23478978872299194,1.0663604736328125,-5.242716312408447,0.7145482270936487,0.10598821147330754,-0.690079924472288,-0.04446378331107349,-0.022903558219916142,-0.014664807680768135,-0.00022707109335528197,0.027197079341878642,0.004774960087077756,0.001354216581305745,-0.3078020543359854,0.9514374709880649,35.85846301271909
104046439189425,32.497467211,37934444,-0.509052187204361,-0.8732364177703857,-0.0907440185546875,-0.003248823806643486,0.024446073919534683,-0.08251786231994629,37.29597854614258,0,-0.09895560145378113,-0.10916781425476074,0.000274658203125,-0.0018476173281669617,0.0017451941967010498,-0.0004684925079345703,104046438982633,0.207,1514124,12617.7,34,True,-0.23643562197685242,1.0759917497634888,-5.218410015106201,0.6507569551467896,0.3106673061847687,-0.6460644602775574,-0.2502036988735199,1510224,-0.23478978872299194,1.0663604736328125,-5.242716312408447,0.7145482270936487,0.10598821147330754,-0.690079924472288,-0.04446378331107349,-0.021733015542324676,-0.01462513506319536,-0.00021862152316489596,0.026196685583295135,0.0039374387176676915,0.0001352945437388953,-0.2969482913403729,0.9548854332022058,34.55194082092504
104046539257810,32.597535596,38035980,-0.4672919809818268,-0.7957313060760498,-0.198944091796875,-0.002534773200750351,0.02005489356815815,-0.07856166362762451,37.29597854614258,0,-0.09895560145378113,-0.10916781425476074,0.000274658203125,-0.0018476173281669617,0.0017451941967010498,-0.0004684925079345703,104046535784197,3.474,1514136,12617.8,34,True,-0.2364865243434906,1.0767449140548706,-5.219594955444336,0.6570104360580444,0.2943896949291229,-0.6532272100448608,-0.23444870114326477,1510224,-0.23478978872299194,1.0663604736328125,-5.242716312408447,0.7145482270936487,0.10598821147330754,-0.690079924472288,-0.04446378331107349,-0.02041658563178507,-0.015114357696351506,-0.0001785639205724997,0.025403004989705505,0.0043936993491762175,-0.001613513832876057,-0.273463664186587,0.9618709457867962,31.745730688588264
104046639366345,32.697644131,38135713,-0.34486615657806396,-0.7269022464752197,-0.3560791015625,0.0016661658883094788,-0.013196313753724098,-0.06868875026702881,37.29597854614258,0,-0.09895560145378113,-0.10916781425476074,0.000274658203125,-0.0018476173281669617,0.0017451941967010498,-0.0004684925079345703,104046630674945,8.691,1514147,12617.891666666666,34,True,-0.23650729656219482,1.0772814750671387,-5.220843315124512,0.6667879819869995,0.270758718252182,-0.6619055867195129,-0.2096770703792572,1510224,-0.23478978872299194,1.0663604736328125,-5.242716312408447,0.7145482270936487,0.10598821147330754,-0.690079924472288,-0.04446378331107349,-0.019083553907639376,-0.015376678322799976,-0.00014781644253850004,0.02450808266040674,0.0034854960569195848,-0.002642122578378703,-0.2380616096212719,0.9712402074307094,27.54906629418553
104046739461688,32.797739474,38236081,-0.4088762104511261,-0.7490823268890381,-0.2426910400390625,0.0009160693734884262,-0.004620149731636047,-0.053082942962646484,37.29597854614258,0,-0.09895560145378113,-0.10916781425476074,0.000274658203125,-0.0018476173281669617,0.0017451941967010498,-0.0004684925079345703,104046735722403,3.739,1514160,12618.0,34,True,-0.23648817837238312,1.0772656202316284,-5.222585678100586,0.6742234230041504,0.25239837169647217,-0.6668379902839661,-0.19247056543827057,1510224,-0.23478978872299194,1.0663604736328125,-5.242716312408447,0.7145482270936487,0.10598821147330754,-0.690079924472288,-0.04446378331107349,-0.017384568217690057,-0.014993930773085154,-8.952785086163869e-05,0.02295755185945725,0.00405289380169685,-0.002042830421360442,-0.2120610091201396,0.977245889889873,24.492014579787273
104046839551720,32.897829506,38336000,-0.3628047704696655,-0.69217848777771,-0.199493408203125,0.000544646754860878,-0.0062316227704286575,-0.046550631523132324,37.29597854614258,0,-0.09895560145378113,-0.10916781425476074,0.000274658203125,-0.0018476173281669617,0.0017451941967010498,-0.0004684925079345703,104046837580370,1.971,1514172,12618.1,34,True,-0.23639777302742004,1.0765165090560913,-5.2238545417785645,0.6750521659851074,0.2492937445640564,-0.6682639122009277,-0.1886281818151474,1510224,-0.23478978872299194,1.0663604736328125,-5.242716312408447,0.7145482270936487,0.10598821147330754,-0.690079924472288,-0.04446378331107349,-0.016302352365669244,-0.013990228680155769,-6.220256422649986e-05,0.021482482639036182,0.0035640480094769602,-0.002759025328673392,-0.20703980647385906,0.9783221370674839,23.903612709224333
104046939644729,32.997922515,38435889,-0.3133291006088257,-0.574242353439331,-0.2592620849609375,0.0013094153255224228,0.00763292983174324,-0.04717910289764404,37.29597854614258,0,-0.09895560145378113,-0.10916781425476074,0.000274658203125,-0.0018476173281669617,0.0017451941967010498,-0.0004684925079345703,104046928374972,11.270,1514183,12618.191666666666,34,True,-0.2363809049129486,1.076095700263977,-5.22421407699585,0.6755744218826294,0.24713492393493652,-0.6692216396331787,-0.18618804216384888,1510224,-0.23478978872299194,1.0663604736328125,-5.242716312408447,0.7145482270936487,0.10598821147330754,-0.690079924472288,-0.04446378331107349,-0.016040309802109146,-0.013503579267423935,-2.8495157838894533e-05,0.020967570282540145,0.0033884956477194528,-0.0032456061266197267,-0.2037153950359693,0.9790189078682063,23.51494353120031
104047039748891,33.098026677,38536107,-0.2231229543685913,-0.5494201183319092,-0.2391357421875,0.001409253105521202,0.0019417889416217804,-0.04659736156463623,37.29597854614258,0,-0.09895560145378113,-0.10916781425476074,0.000274658203125,-0.0018476173281669617,0.0017451941967010498,-0.0004684925079345703,104047035715058,4.034,1514196,12618.3,34,True,-0.23647794127464294,1.0760982036590576,-5.225195407867432,0.6771588921546936,0.2418833076953888,-0.6708810329437256,-0.1812928467988968,1510224,-0.23478978872299194,1.0663604736328125,-5.242716312408447,0.7145482270936487,0.10598821147330754,-0.690079924472288,-0.04446378331107349,-0.015083683669687386,-0.013308853037245832,0.0001107195685594388,0.020116046854117824,0.0036201018213626317,-0.0036232376382683844,-0.19634305860763096,0.9805218867258497,22.654189906615994
104047139909697,33.198187483,38636103,-0.16544708609580994,-0.551382303237915,-0.3244476318359375,0.0009430162608623505,0.0005284463986754417,-0.04402780532836914,37.29597854614258,0,-0.09895560145378113,-0.10916781425476074,0.000274658203125,-0.0018476173281669617,0.0017451941967010498,-0.0004684925079345703,104047136677832,3.232,1514208,12618.4,34,True,-0.23637601733207703,1.0762592554092407,-5.226031303405762,0.6814413666725159,0.2332671731710434,-0.6716814041137695,-0.1734018176794052,1510224,-0.23478978872299194,1.0663604736328125,-5.242716312408447,0.7145482270936487,0.10598821147330754,-0.690079924472288,-0.04446378331107349,-0.014230372822904243,-0.013281075555024533,3.2383640984432935e-05,0.01946513619981441,0.0038218175710985906,-0.0016931421471355625,-0.1842515093353094,0.9828702398016654,21.240521255300862
104047239989414,33.298267200,38736248,-0.20821842551231384,-0.46799612045288086,-0.2802886962890625,0.001526644453406334,0.00529739074409008,-0.0404813289642334,37.29597854614258,0,-0.09895560145378113,-0.10916781425476074,0.000274658203125,-0.0018476173281669617,0.0017451941967010498,-0.0004684925079345703,104047236590036,3.399,1514220,12618.5,34,True,-0.23629418015480042,1.0765539407730103,-5.22638463973999,0.6840921640396118,0.2234308123588562,-0.6747304797172546,-0.16381512582302094,1510224,-0.23478978872299194,1.0663604736328125,-5.242716312408447,0.7145482270936487,0.10598821147330754,-0.690079924472288,-0.04446378331107349,-0.01382047174079259,-0.01348646312950382,-5.806191956908308e-05,0.019310450488479458,0.0039648405712115475,-0.0026213061403346227,-0.1701908429442241,0.9853996578907962,19.60554710557948
104047340255663,33.398533449,38836608,-0.14786282181739807,-0.3403208255767822,-0.1951904296875,0.004130247980356216,-0.0021284688264131546,-0.03403329849243164,37.29597854614258,0,-0.09895560145378113,-0.10916781425476074,0.000274658203125,-0.0018476173281669617,0.0017451941967010498,-0.0004684925079345703,104047338554378,1.701,1514232,12618.6,34,True,-0.2363138347864151,1.0765904188156128,-5.227346897125244,0.6874873042106628,0.208245649933815,-0.679790735244751,-0.1479179412126541,1510224,-0.23478978872299194,1.0663604736328125,-5.242716312408447,0.7145482270936487,0.10598821147330754,-0.690079924472288,-0.04446378331107349,-0.012873301713985826,-0.013321843857231775,4.6724518831949783e-07,0.01852548031750034,0.003469877595962151,-0.004903908615460639,-0.1477851287630493,0.9890012473936771,17.011327511948384
104047440326089,33.498603875,38936996,-0.22030001878738403,-0.5165948867797852,-0.2545928955078125,0.0006684679538011551,0.0072301458567380905,-0.026208162307739258,37.29597854614258,0,-0.09895560145378113,-0.10916781425476074,0.000274658203125,-0.0018476173281669617,0.0017451941967010498,-0.0004684925079345703,104047437504584,2.822,1514244,12618.7,34,True,-0.2361796349287033,1.0767991542816162,-5.228003978729248,0.693020761013031,0.19145455956459045,-0.6826512813568115,-0.13059332966804504,1510224,-0.23478978872299194,1.0663604736328125,-5.242716312408447,0.7145482270936487,0.10598821147330754,-0.690079924472288,-0.04446378331107349,-0.012183690883496169,-0.013375101571548947,-0.00012174915810908462,0.018092829752455502,0.0027349475854220873,-0.004218988979671601,-0.12311806073828231,0.9923792940774909,14.156028098829434
104047540557042,33.598834828,39036749,-0.1787830889225006,-0.48056745529174805,-0.2727203369140625,0.0006369259208440781,0.009560124017298222,-0.015929579734802246,37.29597854614258,0,-0.09895560145378113,-0.10916781425476074,0.000274658203125,-0.0018476173281669617,0.0017451941967010498,-0.0004684925079345703,104047538320323,2.237,1514256,12618.8,34,True,-0.2361942082643509,1.0771567821502686,-5.22902250289917,0.696688175201416,0.17771930992603302,-0.6852655410766602,-0.1159854382276535,1510224,-0.23478978872299194,1.0663604736328125,-5.242716312408447,0.7145482270936487,0.10598821147330754,-0.690079924472288,-0.04446378331107349,-0.011113082034686531,-0.013510883075663983,-9.239553389469852e-05,0.017494373116194235,0.0018893382612128894,-0.004493737760101758,-0.10271800552580346,0.9946985714590523,11.804732049732095
104047640678909,33.698956695,39137301,-0.2855094075202942,-0.4627718925476074,-0.3986053466796875,0.0008054617792367935,0.0165187269449234,-0.009609580039978027,37.29597854614258,0,-0.09895560145378113,-0.10916781425476074,0.000274658203125,-0.0018476173281669617,0.0017451941967010498,-0.0004684925079345703,104047638435355,2.244,1514268,12618.9,34,True,-0.23616135120391846,1.0773098468780518,-5.229501247406006,0.6995574831962585,0.16599814593791962,-0.687022864818573,-0.10518354922533035,1510224,-0.23478978872299194,1.0663604736328125,-5.242716312408447,0.7145482270936487,0.10598821147330754,-0.690079924472288,-0.04446378331107349,-0.010612058342256075,-0.013556491293988624,-0.00011688737298029778,0.017216500838480458,0.0023180828829866555,-0.004393084077574772,-0.08650625205466557,0.9962389249871186,9.941681265419067
104047740745852,33.799023638,39237199,-0.21981477737426758,-0.5853533744812012,-0.3730316162109375,-0.0009364783763885498,0.0188974067568779,-0.002659440040588379,37.29597854614258,0,-0.09895560145378113,-0.10916781425476074,0.000274658203125,-0.0018476173281669617,0.0017451941967010498,-0.0004684925079345703,104047736905899,3.840,1514280,12619.0,34,True,-0.23611244559288025,1.0770235061645508,-5.2299275398254395,0.701840877532959,0.1576489508152008,-0.6878596544265747,-0.09703220427036285,1510224,-0.23478978872299194,1.0663604736328125,-5.242716312408447,0.7145482270936487,0.10598821147330754,-0.690079924472288,-0.04446378331107349,-0.010255385661531847,-0.01318386334079903,-0.00012329027798841795,0.016703364575685463,0.0022423273232189955,-0.0039079958769897005,-0.07463605395198583,0.9972006613449859,8.576235735341974
104047840922518,33.899200304,39337051,-0.21924036741256714,-0.5491795539855957,-0.5231170654296875,0.0009452924132347107,0.01430441252887249,0.0013042688369750977,37.29597854614258,0,-0.09895560145378113,-0.10916781425476074,0.000274658203125,-0.0018476173281669617,0.0017451941967010498,-0.0004684925079345703,104047837985565,2.937,1514292,12619.1,34,True,-0.23605762422084808,1.0770771503448486,-5.230538368225098,0.7028672099113464,0.15340925753116608,-0.6883559226989746,-0.09278702735900879,1510224,-0.23478978872299194,1.0663604736328125,-5.242716312408447,0.7145482270936487,0.10598821147330754,-0.690079924472288,-0.04446378331107349,-0.009645955526197339,-0.013102984485458737,-0.00015566211212436805,0.016271351853263463,0.0021416348066655017,-0.0038157779059107,-0.0685462299344609,0.9976383450936014,7.877009199689201
104047941182977,33.999460763,39437540,-0.18040674924850464,-0.46178483963012695,-0.5250396728515625,0.002018950879573822,0.009596450254321098,0.0015567541122436523,37.29597854614258,0,-0.09895560145378113,-0.10916781425476074,0.000274658203125,-0.0018476173281669617,0.0017451941967010498,-0.0004684925079345703,104047937723126,3.460,1514304,12619.2,34,True,-0.23602046072483063,1.0768394470214844,-5.231354236602783,0.7038358449935913,0.1487073004245758,-0.6888152360916138,-0.08963730931282043,1510224,-0.23478978872299194,1.0663604736328125,-5.242716312408447,0.7145482270936487,0.10598821147330754,-0.690079924472288,-0.04446378331107349,-0.008898701647773715,-0.012697024566084281,-0.00013740313832415435,0.015505489462453602,0.003141348161674661,-0.003600310015529017,-0.06288981064644977,0.9980090387448266,7.23221139289967
104048041244299,34.099522085,39537984,-0.0765714943408966,-0.38107776641845703,-0.58990478515625,0.0036204662173986435,0.00444447435438633,0.0027931928634643555,37.29597854614258,0,-0.09895560145378113,-0.10916781425476074,0.000274658203125,-0.0018476173281669617,0.0017451941967010498,-0.0004684925079345703,104048035492440,5.752,1514316,12619.3,34,True,-0.23600253462791443,1.0768253803253174,-5.231882572174072,0.7055296897888184,0.14122791588306427,-0.6896827816963196,-0.08136436343193054,1510224,-0.23478978872299194,1.0663604736328125,-5.242716312408447,0.7145482270936487,0.10598821147330754,-0.690079924472288,-0.04446378331107349,-0.008385185400736773,-0.012570857051953413,-0.0001310379841097707,0.015111417940704822,0.0024079374230046723,-0.0035955980275813597,-0.05161833582856357,0.9986575093186255,5.938433043732737
104048141358070,34.199635856,39637706,-0.17715296149253845,-0.44362545013427734,-0.5235595703125,0.002849109470844269,0.009212801232933998,0.006672978401184082,37.29597854614258,0,-0.09895560145378113,-0.10916781425476074,0.000274658203125,-0.0018476173281669617,0.0017451941967010498,-0.0004684925079345703,104048138225134,3.133,1514328,12619.4,34,True,-0.23594926297664642,1.0769233703613281,-5.232747554779053,0.7069648504257202,0.13352875411510468,-0.6905677318572998,-0.07407402247190475,1510224,-0.23478978872299194,1.0663604736328125,-5.242716312408447,0.7145482270936487,0.10598821147330754,-0.690079924472288,-0.04446378331107349,-0.007518106795027137,-0.012479964440106383,-0.00015444839925487196,0.01457035677379883,0.0025416557833684438,-0.0036679183655572993,-0.04089453667818732,0.9991535033370093,4.715316966493411
104048241476300,34.299754086,39738106,-0.1175263524055481,-0.3317052125930786,-0.4569549560546875,0.004195855930447578,0.013435229659080505,0.009430170059204102,37.29597854614258,0,-0.09895560145378113,-0.10916781425476074,0.000274658203125,-0.0018476173281669617,0.0017451941967010498,-0.0004684925079345703,104048239149737,2.327,1514340,12619.5,34,True,-0.23591934144496918,1.0767420530319214,-5.233327388763428,0.7089552283287048,0.12454330176115036,-0.6910549402236938,-0.06568515300750732,1510224,-0.23478978872299194,1.0663604736328125,-5.242716312408447,0.7145482270936487,0.10598821147330754,-0.690079924472288,-0.04446378331107349,-0.0069895841465785116,-0.012179078851718941,-0.00014394153412371002,0.014042968610081528,0.0027112228230045947,-0.003132126406006964,-0.02845238683511292,0.9995865649048941,3.2952339968469015
104048341614371,34.399892157,39838127,-0.11609980463981628,-0.4442260265350342,-0.4754638671875,0.002374798059463501,0.01694835163652897,0.013981461524963379,37.29597854614258,0,-0.09895560145378113,-0.10916781425476074,0.000274658203125,-0.0018476173281669617,0.0017451941967010498,-0.0004684925079345703,104048338637157,2.977,1514352,12619.6,34,True,-0.23582927882671356,1.076188087463379,-5.234036922454834,0.7105876803398132,0.11402030289173126,-0.6921476125717163,-0.05473760515451431,1510224,-0.23478978872299194,1.0663604736328125,-5.242716312408447,0.7145482270936487,0.10598821147330754,-0.690079924472288,-0.04446378331107349,-0.006412177416130931,-0.011482757984487004,-0.00015682187066530886,0.013152731398662352,0.0021936075962158824,-0.003478789833732565,-0.013156908890092883,0.9999049864139415,1.5796610853612145
104048441818592,34.500096378,39938344,-0.15734326839447021,-0.48166513442993164,-0.6054840087890625,0.00064091756939888,0.013920817524194717,0.018277645111083984,37.29597854614258,0,-0.09895560145378113,-0.10916781425476074,0.000274658203125,-0.0018476173281669617,0.0017451941967010498,-0.0004684925079345703,104048438273230,3.545,1514364,12619.7,34,True,-0.2357378751039505,1.0753986835479736,-5.234487533569336,0.7121545076370239,0.10802731662988663,-0.6920217871665955,-0.047666069120168686,1510224,-0.23478978872299194,1.0663604736328125,-5.242716312408447,0.7145482270936487,0.10598821147330754,-0.690079924472288,-0.04446378331107349,-0.006137753051651134,-0.010611426562190917,-0.00016285340481165216,0.01225972705402867,0.0011932904015591883,-0.002790673859596471,-0.0038342353143914973,0.9999880433470096,0.560367412193701
104048542059343,34.600337129,40038507,-0.1608274281024933,-0.2856462001800537,-0.6902313232421875,0.0032085757702589035,0.017854124307632446,0.021501779556274414,37.29597854614258,0,-0.09895560145378113,-0.10916781425476074,0.000274658203125,-0.0018476173281669617,0.0017451941967010498,-0.0004684925079345703,104048539596421,2.463,1514376,12619.8,34,True,-0.23568591475486755,1.0751575231552124,-5.23478889465332,0.7128996253013611,0.10256138443946838,-0.6923025846481323,-0.04441245272755623,1510224,-0.23478978872299194,1.0663604736328125,-5.242716312408447,0.7145482270936487,0.10598821147330754,-0.690079924472288,-0.04446378331107349,-0.0058934163461769355,-0.010308723541383975,-0.00018148594103663122,0.01187581889508524,0.002636985149563995,-0.002578935568556318,0.002408150854023215,0.9999902980579954,0.5047743917485029
104048642154968,34.700432754,40138700,-0.08495649695396423,-0.3626265525817871,-0.69317626953125,0.0010245144367218018,0.0077455732971429825,0.02348506450653076,37.29597854614258,0,-0.09895560145378113,-0.10916781425476074,0.000274658203125,-0.0018476173281669617,0.0017451941967010498,-0.0004684925079345703,104048638389474,3.765,1514388,12619.9,34,True,-0.2356896996498108,1.0749967098236084,-5.235322952270508,0.7139528393745422,0.09747342020273209,-0.6922176480293274,-0.040064096450805664,1510224,-0.23478978872299194,1.0663604736328125,-5.242716312408447,0.7145482270936487,0.10598821147330754,-0.690079924472288,-0.04446378331107349,-0.005406088964706792,-0.010040442138055088,-0.00014111387860927968,0.01140421805073425,0.0029851445661957525,-0.0020260866670585025,0.009152311191903536,0.9999516083714167,1.1273389086479153
104048742356046,34.800633832,40238769,-0.08155998587608337,-0.1979207992553711,-0.7147216796875,0.003233034163713455,0.00947500579059124,0.024278759956359863,37.29597854614258,0,-0.09895560145378113,-0.10916781425476074,0.000274658203125,-0.0018476173281669617,0.0017451941967010498,-0.0004684925079345703,104048740652913,1.703,1514400,12620.0,34,True,-0.2355954796075821,1.074730634689331,-5.235814571380615,0.7144162058830261,0.0941699668765068,-0.6923294067382812,-0.03770248219370842,1510224,-0.23478978872299194,1.0663604736328125,-5.242716312408447,0.7145482270936487,0.10598821147330754,-0.690079924472288,-0.04446378331107349,-0.004980156257966236,-0.00966975439598889,-0.00019145938557490056,0.010878546002514833,0.0035685464083571455,-0.0018896031144371994,0.01319657180400493,0.9999047681500589,1.5814744610150975
104048842562113,34.900839899,40339001,-0.06919917464256287,-0.21154999732971191,-0.780975341796875,0.0030700508505105972,0.003673296421766281,0.02470099925994873,37.29597854614258,0,-0.09895560145378113,-0.10916781425476074,0.000274658203125,-0.0018476173281669617,0.0017451941967010498,-0.0004684925079345703,104048839079915,3.482,1514412,12620.1,34,True,-0.23557071387767792,1.0745686292648315,-5.2359843254089355,0.714509904384613,0.092520572245121,-0.6925674080848694,-0.03558015450835228,1510224,-0.23478978872299194,1.0663604736328125,-5.242716312408447,0.7145482270936487,0.10598821147330754,-0.690079924472288,-0.04446378331107349,-0.004848204797390386,-0.009474179507939974,-0.00019530702023536588,0.010644402845545733,0.003211314126916151,-0.0021466104497978034,0.015860232630231032,0.9998667573962393,1.8706563119147086
104048942715923,35.000993709,40439150,-0.04025024175643921,-0.2921016216278076,-0.843719482421875,0.0014397408813238144,0.006488673388957977,0.024927973747253418,37.29597854614258,0,-0.09895560145378113,-0.10916781425476074,0.000274658203125,-0.0018476173281669617,0.0017451941967010498,-0.0004684925079345703,104048940372711,2.343,1514424,12620.2,34,True,-0.23557914793491364,1.0747772455215454,-5.235771656036377,0.7145642042160034,0.09337473660707474,-0.6923150420188904,-0.03713556006550789,1510224,-0.23478978872299194,1.0663604736328125,-5.242716312408447,0.7145482270936487,0.10598821147330754,-0.690079924472288,-0.04446378331107349,-0.0050117439647872405,-0.009722666889633634,-0.0002134481276271368,0.010940447391151195,0.0037041225433974423,-0.0018019362411459405,0.014171070940683143,0.999891100695651,1.6911577490367855
104049042940120,35.101217906,40539326,-0.0002541840076446533,-0.24939441680908203,-0.739593505859375,0.0022066570818424225,-0.0014087576419115067,0.023373126983642578,37.29597854614258,0,-0.09895560145378113,-0.10916781425476074,0.000274658203125,-0.0018476173281669617,0.0017451941967010498,-0.0004684925079345703,104049037646594,5.294,1514436,12620.3,34,True,-0.23562979698181152,1.0749647617340088,-5.235682964324951,0.7142817974090576,0.09369101375341415,-0.6925313472747803,-0.03773444518446922,1510224,-0.23478978872299194,1.0663604736328125,-5.242716312408447,0.7145482270936487,0.10598821147330754,-0.690079924472288,-0.04446378331107349,-0.005059736967018768,-0.0099284018409461,-0.00018240497847679243,0.011144836152536803,0.00394928094229513,-0.00210196812178437,0.013511482780905772,0.9998987072414461,1.63102452431175
104049143054487,35.201332273,40639675,-0.0775250792503357,-0.2722790241241455,-0.75933837890625,0.0021272916346788406,0.004830110818147659,0.02296125888824463,37.29597854614258,0,-0.09895560145378113,-0.10916781425476074,0.000274658203125,-0.0018476173281669617,0.0017451941967010498,-0.0004684925079345703,104049141095965,1.959,1514448,12620.4,34,True,-0.23561634123325348,1.0747714042663574,-5.235785007476807,0.714377224445343,0.09427317976951599,-0.6923508644104004,-0.03779149055480957,1510224,-0.23478978872299194,1.0663604736328125,-5.242716312408447,0.7145482270936487,0.10598821147330754,-0.690079924472288,-0.04446378331107349,-0.005000879971820494,-0.009717529643268228,-0.0001753521301770777,0.010930230154480266,0.003564929222355684,-0.001926991184418747,0.01305821963883649,0.999906526073552,1.5668097011225157
104049243251023,35.301528809,40739757,0.007332473993301392,-0.29830312728881836,-0.7391204833984375,0.00034806132316589355,0.001317659392952919,0.023095250129699707,37.29597854614258,0,-0.09895560145378113,-0.10916781425476074,0.000274658203125,-0.0018476173281669617,0.0017451941967010498,-0.0004684925079345703,104049237714011,5.537,1514460,12620.5,34,True,-0.23555341362953186,1.0743815898895264,-5.236207485198975,0.7145984768867493,0.09151477366685867,-0.6926544308662415,-0.03469999134540558,1510224,-0.23478978872299194,1.0663604736328125,-5.242716312408447,0.7145482270936487,0.10598821147330754,-0.690079924472288,-0.04446378331107349,-0.004669603995958564,-0.009243698939308733,-0.00018732080698531222,0.010357908121062824,0.003281761354970089,-0.0021962354459485467,0.017199562719042737,0.9998442786927116,2.022307918156636
104049343362552,35.401640338,40840030,-0.09692901372909546,-0.3241298198699951,-0.8860626220703125,0.0008326079696416855,0.009649984538555145,0.02464616298675537,37.29597854614258,0,-0.09895560145378113,-0.10916781425476074,0.000274658203125,-0.0018476173281669617,0.0017451941967010498,-0.0004684925079345703,104049340899443,2.463,1514472,12620.6,34,True,-0.23551009595394135,1.074433445930481,-5.237666606903076,0.715669572353363,0.08538825064897537,-0.6926418542861938,-0.02780740335583687,1510224,-0.23478978872299194,1.0663604736328125,-5.242716312408447,0.7145482270936487,0.10598821147330754,-0.690079924472288,-0.04446378331107349,-0.003232259690552081,-0.008984123627605643,-0.00017108434640751265,0.009549410972246167,0.002535507647638567,-0.0019062322047245783,0.026446660317732934,0.9996451928748464,3.052647333326298
104049443567458,35.501845244,40940050,0.11444059014320374,-0.1760563850402832,-0.688690185546875,0.00514591671526432,0.011316285468637943,0.025629162788391113,37.29597854614258,0,-0.09895560145378113,-0.10916781425476074,0.000274658203125,-0.0018476173281669617,0.0017451941967010498,-0.0004684925079345703,104049438434714,5.133,1514484,12620.7,34,True,-0.23530469834804535,1.0744363069534302,-5.240425109863281,0.7168658375740051,0.07333624362945557,-0.6931852102279663,-0.014815700240433216,1510224,-0.23478978872299194,1.0663604736328125,-5.242716312408447,0.7145482270936487,0.10598821147330754,-0.690079924472288,-0.04446378331107349,-0.0005320822189848957,-0.008389603361503259,-0.0002554775846135137,0.008410340352646059,0.0015735562033585629,-0.002310057155587464,0.04417466316026805,0.9990199130605404,5.073824062326187
104049543808156,35.602085942,41040219,0.35680726170539856,-0.25149834156036377,-0.4288787841796875,0.0029732510447502136,0.00906522199511528,0.028834819793701172,37.29597854614258,0,-0.09895560145378113,-0.10916781425476074,0.000274658203125,-0.0018476173281669617,0.0017451941967010498,-0.0004684925079345703,104049541303661,2.504,1514496,12620.8,34,True,-0.23519761860370636,1.07426917552948,-5.243740081787109,0.720565915107727,0.045055508613586426,-0.6918405890464783,0.01055969949811697,1510224,-0.23478978872299194,1.0663604736328125,-5.242716312408447,0.7145482270936487,0.10598821147330754,-0.690079924472288,-0.04446378331107349,0.0026729856825013737,-0.007521680110687621,-0.0002036430609436478,0.007985110809665798,0.002650543218966007,-0.00022793607870702506,0.0822260395073081,0.9966101550218777,9.43800718683699
104049644110285,35.702388071,41140614,0.4211184084415436,-0.2393941879272461,-0.2943572998046875,0.002441020682454109,0.016418294981122017,0.04028463363647461,37.29597854614258,0,-0.09895560145378113,-0.10916781425476074,0.000274658203125,-0.0018476173281669617,0.0017451941967010498,-0.0004684925079345703,104049636950136,7.160,1514508,12620.9,34,True,-0.2348843812942505,1.074846625328064,-5.247387886047363,0.722439706325531,0.015558411367237568,-0.6901623606681824,0.03891947120428085,1510224,-0.23478978872299194,1.0663604736328125,-5.242716312408447,0.7145482270936487,0.10598821147330754,-0.690079924472288,-0.04446378331107349,0.006366802413673038,-0.007290254495539727,-0.00040414728587690504,0.009687482573567382,0.002480285182964056,0.0005700557777740811,0.12299763234539884,0.9924037009499952,14.133312302476268
104049746657098,35.804934884,41240886,0.6759521663188934,-0.28750574588775635,-0.355499267578125,0.0005438961088657379,0.014005806297063828,0.047055840492248535,37.29597854614258,0,-0.09895560145378113,-0.10916781425476074,0.000274658203125,-0.0018476173281669617,0.0017451941967010498,-0.0004684925079345703,104049746360290,0.297,1514521,12621.008333333333,34,True,-0.2350415140390396,1.07613205909729,-5.252228736877441,0.7255018353462219,-0.0016477345488965511,-0.6860019564628601,0.055188123136758804,1510224,-0.23478978872299194,1.0663604736328125,-5.242716312408447,0.7145482270936487,0.10598821147330754,-0.690079924472288,-0.04446378331107349,0.011364817173867196,-0.007540158168077057,-0.0001428733971059838,0.013639408616309086,0.0021520569786556767,0.004696743915969526,0.14665848290828976,0.9891736948778953,16.87719834589735
104049846857454,35.905135240,41343439,0.9959774911403656,-0.40785014629364014,-0.31146240234375,0.0005442947149276733,0.001966835930943489,0.04668557643890381,37.29597854614258,0,-0.09895560145378113,-0.10916781425476074,0.000274658203125,-0.0018476173281669617,0.0017451941967010498,-0.0004684925079345703,104049837579904,9.278,1514532,12621.1,34,True,-0.2349248081445694,1.0766942501068115,-5.254234313964844,0.7232252955436707,-0.02025574818253517,-0.6866639852523804,0.07090561836957932,1510224,-0.23478978872299194,1.0663604736328125,-5.242716312408447,0.7145482270936487,0.10598821147330754,-0.690079924472288,-0.04446378331107349,0.013446380089265221,-0.007656162643032644,-0.00021808803354128354,0.015474802949050131,0.003933555820524874,0.0018142114336126558,0.17058927339068794,0.985332702988954,19.650559916144648
104049947075387,36.005353173,41443835,1.128265231847763,-0.51383376121521,-0.4154205322265625,-0.0010107848793268204,-4.490837454795837e-06,0.05425369739532471,37.29597854614258,0,-0.09895560145378113,-0.10916781425476074,0.000274658203125,-0.0018476173281669617,0.0017451941967010498,-0.0004684925079345703,104049946841429,0.234,1514545,12621.208333333334,34,True,-0.2349187135696411,1.0771039724349976,-5.255400657653809,0.7230820059776306,-0.0403369702398777,-0.6837379932403564,0.0895981565117836,1510224,-0.23478978872299194,1.0663604736328125,-5.242716312408447,0.7145482270936487,0.10598821147330754,-0.690079924472288,-0.04446378331107349,0.014672980463669313,-0.007809783992311739,-0.0002071732086102436,0.01662323682175514,0.004130734608413261,0.0027177909712161052,0.19769233317791748,0.980251647306192,22.811318161075054
104050047764627,36.106042413,41543663,1.0434276759624481,-0.5418145656585693,-0.4329071044921875,0.000703299418091774,0.002462036907672882,0.06356310844421387,37.29597854614258,0,-0.09895560145378113,-0.10916781425476074,0.000274658203125,-0.0018476173281669617,0.0017451941967010498,-0.0004684925079345703,104050047506627,0.258,1514557,12621.308333333332,34,True,-0.2348555326461792,1.0768778324127197,-5.255321025848389,0.7217101454734802,-0.05115978792309761,-0.6831357479095459,0.09921035170555115,1510224,-0.23478978872299194,1.0663604736328125,-5.242716312408447,0.7145482270936487,0.10598821147330754,-0.690079924472288,-0.04446378331107349,0.014548655087852833,-0.007600634852525863,-0.0002548408229272409,0.016416392992121234,0.004728134253547872,0.00166387513209576,0.2118867749535158,0.977281367296964,24.472840626458453
104050147992652,36.206270438,41644469,1.0039289891719818,-0.5985307693481445,-0.221954345703125,-0.003312973305583,-0.004100468009710312,0.07064127922058105,37.29597854614258,0,-0.09895560145378113,-0.10916781425476074,0.000274658203125,-0.0018476173281669617,0.0017451941967010498,-0.0004684925079345703,104050147410083,0.583,1514569,12621.408333333333,34,True,-0.2347079962491989,1.0745325088500977,-5.2541093826293945,0.7192034125328064,-0.0711279958486557,-0.6806156635284424,0.12020700424909592,1510224,-0.23478978872299194,1.0663604736328125,-5.242716312408447,0.7145482270936487,0.10598821147330754,-0.690079924472288,-0.04446378331107349,0.012869703004945948,-0.0055582156279047655,-0.0002605422402488885,0.01402108764186122,0.003349032175347981,0.00039721527333685946,0.2402666370009457,0.9707010710552302,27.807350045467846
104050248076792,36.306354578,41744792,0.8574094474315643,-0.46384525299072266,-0.3091583251953125,-0.0021323449909687042,-0.010046740993857384,0.08716046810150146,37.29597854614258,0,-0.09895560145378113,-0.10916781425476074,0.000274658203125,-0.0018476173281669617,0.0017451941967010498,-0.0004684925079345703,104050246375407,1.701,1514581,12621.508333333333,34,True,-0.2344730794429779,1.0719842910766602,-5.254034519195557,0.7164285182952881,-0.08650948107242584,-0.6786928772926331,0.13646405935287476,1510224,-0.23478978872299194,1.0663604736328125,-5.242716312408447,0.7145482270936487,0.10598821147330754,-0.690079924472288,-0.04446378331107349,0.012260129638813278,-0.0030718665247260455,-0.0002868616030434556,0.012642366561903706,0.0022666261041298583,-0.0011828970734605315,0.26209651171786447,0.9650382799174057,30.39047706704023
104050348274989,36.406552775,41844848,0.8656897246837616,-0.3745298385620117,-0.3309326171875,-0.002751346677541733,-0.012252477928996086,0.0968782901763916,37.29597854614258,0,-0.09895560145378113,-0.10916781425476074,0.000274658203125,-0.0018476173281669617,0.0017451941967010498,-0.0004684925079345703,104050347388874,0.886,1514593,12621.608333333334,34,True,-0.2344251126050949,1.0700181722640991,-5.255050182342529,0.7150306105613708,-0.1023993119597435,-0.6746315956115723,0.15204599499702454,1510224,-0.23478978872299194,1.0663604736328125,-5.242716312408447,0.7145482270936487,0.10598821147330754,-0.690079924472288,-0.04446378331107349,0.01283494099639943,-0.0009402626187135612,-0.00012763747854093517,0.012869968745072118,0.0017295432499812718,-0.00019056309131493254,0.28387460042687895,0.958859835220109,32.98381686900482
104050450093527,36.508371313,41944966,0.8978892266750336,-0.22559356689453125,-0.0531768798828125,-0.0023860037326812744,-0.01509053260087967,0.10461628437042236,37.29597854614258,0,-0.09895560145378113,-0.10916781425476074,0.000274658203125,-0.0018476173281669617,0.0017451941967010498,-0.0004684925079345703,104050449810449,0.283,1514605,12621.708333333334,34,True,-0.23422425985336304,1.0679547786712646,-5.255682468414307,0.7117416262626648,-0.12300515174865723,-0.6699396967887878,0.1716814488172531,1510224,-0.23478978872299194,1.0663604736328125,-5.242716312408447,0.7145482270936487,0.10598821147330754,-0.690079924472288,-0.04446378331107349,0.013018418755154425,0.0012193794239629722,-0.00012930569268208186,0.013076040418502107,0.0015676956655405333,-0.0002725501774282213,0.31159129004299857,0.9502148893887326,36.310800391316434
104050550312641,36.608590427,42046849,0.8103460967540741,-0.2064507007598877,0.1652679443359375,-0.003014102578163147,-0.006933543831110001,0.11554312705993652,37.29597854614258,0,-0.09895560145378113,-0.10916781425476074,0.000274658203125,-0.0018476173281669617,0.0017451941967010498,-0.0004684925079345703,104050546239264,4.073,1514617,12621.808333333332,34,True,-0.2342246025800705,1.06647789478302,-5.256254196166992,0.709155261516571,-0.140400230884552,-0.664483904838562,0.18933504819869995,1510224,-0.23478978872299194,1.0663604736328125,-5.242716312408447,0.7145482270936487,0.10598821147330754,-0.690079924472288,-0.04446378331107349,0.013262522240085402,0.0027771736351928284,1.817123470772839e-05,0.013550185229824013,0.0004940924448700589,0.0007434554757396181,0.33568661296530616,0.9419733016505788,39.22873623672335
104050650424194,36.708701980,42147095,0.8911304175853729,-0.20276248455047607,0.165802001953125,-0.003626212477684021,-0.012499028816819191,0.12477374076843262,37.29597854614258,0,-0.09895560145378113,-0.10916781425476074,0.000274658203125,-0.0018476173281669617,0.0017451941967010498,-0.0004684925079345703,104050647081242,3.343,1514629,12621.908333333333,34,True,-0.23414504528045654,1.06508469581604,-5.256502628326416,0.7054080367088318,-0.15608905255794525,-0.6602250337600708,0.2052769511938095,1510224,-0.23478978872299194,1.0663604736328125,-5.242716312408447,0.7145482270936487,0.10598821147330754,-0.690079924472288,-0.04446378331107349,0.013210659263169097,0.004192857901078681,6.507064089321607e-05,0.013860224014585755,-0.0003553995283483158,0.0002086702332128043,0.35731169552800734,0.9339851082253987,41.870408247266376
104050750664555,36.808942341,42247136,0.8325296342372894,-0.0754932165145874,0.254119873046875,0.0002088993787765503,-0.012108013033866882,0.13401639461517334,37.29597854614258,0,-0.09895560145378113,-0.10916781425476074,0.000274658203125,-0.0018476173281669617,0.0017451941967010498,-0.0004684925079345703,104050746332315,4.332,1514641,12622.008333333333,34,True,-0.23442299664020538,1.065272569656372,-5.256043434143066,0.6991452574729919,-0.16500712931156158,-0.6629673838615417,0.21081461012363434,1510224,-0.23478978872299194,1.0663604736328125,-5.242716312408447,0.7145482270936487,0.10598821147330754,-0.690079924472288,-0.04446378331107349,0.012795140239280774,0.003888554573021112,0.00030622673476072166,0.013376481047843176,0.002410985478020572,-0.006263084537553032,0.36696367623039683,0.9302110627425224,43.06452054369214
104050850918376,36.909196162,42347490,0.7805525958538055,0.016834259033203125,0.01715087890625,-0.0008044615387916565,-0.01006421260535717,0.13836145401000977,37.29597854614258,0,-0.09895560145378113,-0.10916781425476074,0.000274658203125,-0.0018476173281669617,0.0017451941967010498,-0.0004684925079345703,104050846975808,3.943,1514653,12622.108333333334,34,True,-0.23440705239772797,1.0651675462722778,-5.256001949310303,0.6987789273262024,-0.16806794703006744,-0.6617432236671448,0.21344108879566193,1510224,-0.23478978872299194,1.0663604736328125,-5.242716312408447,0.7145482270936487,0.10598821147330754,-0.690079924472288,-0.04446378331107349,0.012732667083945987,0.003983535206928597,0.0002972319880015286,0.013344576076823595,0.002532990507967972,-0.005783440300730525,0.3708699969753473,0.928663330341454,43.545195665335235
104050951043319,37.009321105,42447691,0.7574923932552338,-0.06971001625061035,-0.025238037109375,-0.002078661695122719,-0.010138221085071564,0.13981866836547852,37.29597854614258,0,-0.09895560145378113,-0.10916781425476074,0.000274658203125,-0.0018476173281669617,0.0017451941967010498,-0.0004684925079345703,104050947403454,3.640,1514665,12622.208333333334,34,True,-0.23440760374069214,1.0653177499771118,-5.255671977996826,0.6983799338340759,-0.16852490603923798,-0.6617398262023926,0.21439506113529205,1510224,-0.23478978872299194,1.0663604736328125,-5.242716312408447,0.7145482270936487,0.10598821147330754,-0.690079924472288,-0.04446378331107349,0.012442317174864825,0.0037680145618935205,0.000270958303399019,0.013003176874162664,0.002184050175238747,-0.006137141742432295,0.37181239385369325,0.9282850366093658,43.6619152726004
104051051328740,37.109606526,42547825,0.6835562884807587,-0.09161758422851562,0.0623626708984375,-0.0012914910912513733,-0.0053454916924238205,0.13937556743621826,37.29597854614258,0,-0.09895560145378113,-0.10916781425476074,0.000274658203125,-0.0018476173281669617,0.0017451941967010498,-0.0004684925079345703,104051047814088,3.515,1514677,12622.308333333332,34,True,-0.2344205230474472,1.0655016899108887,-5.255424499511719,0.6990557909011841,-0.1665867567062378,-0.6619932651519775,0.2129196971654892,1510224,-0.23478978872299194,1.0663604736328125,-5.242716312408447,0.7145482270936487,0.10598821147330754,-0.690079924472288,-0.04446378331107349,0.012239413058918666,0.0035358436293778488,0.0002578058837417334,0.012742522751477924,0.0018976013093836286,-0.005781646934985785,0.36949227333269463,0.929213878294673,43.374794520873685
104051151421873,37.209699659,42648036,0.8036526143550873,0.011613130569458008,-0.090972900390625,-0.00045394711196422577,-0.013177704066038132,0.13706576824188232,37.29597854614258,0,-0.09895560145378113,-0.10916781425476074,0.000274658203125,-0.0018476173281669617,0.0017451941967010498,-0.0004684925079345703,104051146164485,5.257,1514689,12622.408333333333,34,True,-0.23438560962677002,1.0651664733886719,-5.25553560256958,0.6993602514266968,-0.1664552241563797,-0.6617690920829773,0.21271957457065582,1510224,-0.23478978872299194,1.0663604736328125,-5.242716312408447,0.7145482270936487,0.10598821147330754,-0.690079924472288,-0.04446378331107349,0.012277465809490653,0.0038886611399901252,0.00025562745405357525,0.012881117869197035,0.0019125333893385004,-0.005396000106904776,0.3692824834802078,0.929299560310652,43.34821759684522
104051251545416,37.309823202,42748117,0.6772045791149139,-0.15530180931091309,-0.134765625,-0.003950111567974091,-0.011286649852991104,0.13645362854003906,37.29597854614258,0,-0.09895560145378113,-0.10916781425476074,0.000274658203125,-0.0018476173281669617,0.0017451941967010498,-0.0004684925079345703,104051246655828,4.890,1514701,12622.508333333333,34,True,-0.2344263792037964,1.06528639793396,-5.255629062652588,0.7006515860557556,-0.16461053490638733,-0.6612061858177185,0.21165364980697632,1510224,-0.23478978872299194,1.0663604736328125,-5.242716312408447,0.7145482270936487,0.10598821147330754,-0.690079924472288,-0.04446378331107349,0.012393254653788861,0.0037878419202976455,0.00029037325331010615,0.01296243896622319,0.0012841259157339718,-0.004071698545164204,0.3673406080437381,0.9300766903721687,43.106454474378786
104051351672601,37.409950387,42848278,0.8519311845302582,-0.12135350704193115,-0.0918121337890625,-0.003318384289741516,-0.014487192034721375,0.13324272632598877,37.29597854614258,0,-0.09895560145378113,-0.10916781425476074,0.000274658203125,-0.0018476173281669617,0.0017451941967010498,-0.0004684925079345703,104051347351525,4.321,1514713,12622.608333333334,34,True,-0.23445500433444977,1.0658588409423828,-5.2560906410217285,0.6992126703262329,-0.16546009480953217,-0.6627326607704163,0.21097396314144135,1510224,-0.23478978872299194,1.0663604736328125,-5.242716312408447,0.7145482270936487,0.10598821147330754,-0.690079924472288,-0.04446378331107349,0.012965225259214204,0.0033247944158173942,0.000291646822949084,0.013387919248298179,0.0025818271495852557,-0.006045592298170865,0.3673940168249944,0.9300421610784801,43.11722384662238
104051451913972,37.510191758,42948388,0.7166800200939178,-0.15928900241851807,-0.0946807861328125,-0.003756137564778328,-0.01777423359453678,0.13253474235534668,37.29597854614258,0,-0.09895560145378113,-0.10916781425476074,0.000274658203125,-0.0018476173281669617,0.0017451941967010498,-0.0004684925079345703,104051447992487,3.921,1514725,12622.708333333334,34,True,-0.23446939885616302,1.0668106079101562,-5.256505966186523,0.7007021903991699,-0.16395652294158936,-0.6617741584777832,0.21021345257759094,1510224,-0.23478978872299194,1.0663604736328125,-5.242716312408447,0.7145482270936487,0.10598821147330754,-0.690079924472288,-0.04446378331107349,0.013573107922424792,0.0024840222548315957,0.00024534998945910185,0.0138007181644151,0.0019198441823532197,-0.0043190575338962756,0.3659100748529717,0.9306382095430141,42.93096063397109
104051552153346,37.610431132,43048718,0.8403060138225555,-0.180184006690979,-0.1598358154296875,-0.0033803172409534454,-0.023883366957306862,0.13010311126708984,37.29597854614258,0,-0.09895560145378113,-0.10916781425476074,0.000274658203125,-0.0018476173281669617,0.0017451941967010498,-0.0004684925079345703,104051546375540,5.778,1514737,12622.808333333332,34,True,-0.2344154566526413,1.0674606561660767,-5.256937026977539,0.7014003396034241,-0.16267439723014832,-0.6614219546318054,0.20998959243297577,1510224,-0.23478978872299194,1.0663604736328125,-5.242716312408447,0.7145482270936487,0.10598821147330754,-0.690079924472288,-0.04446378331107349,0.0141338605483049,0.0019464559415138844,0.000156665981591092,0.014268120021957072,0.0011266620440605057,-0.0036188937971927126,0.36489778930017924,0.9310398689659671,42.805007931259794
104051652403456,37.710681242,43148942,0.7402481734752655,-0.1832500696182251,-0.161102294921875,-0.0034040939062833786,-0.02336578257381916,0.12896490097045898,37.29597854614258,0,-0.09895560145378113,-0.10916781425476074,0.000274658203125,-0.0018476173281669617,0.0017451941967010498,-0.0004684925079345703,104051647235539,5.168,1514749,12622.908333333333,34,True,-0.23444043099880219,1.0677998065948486,-5.257180213928223,0.7012312412261963,-0.1638539433479309,-0.661209762096405,0.21030519902706146,1510224,-0.23478978872299194,1.0663604736328125,-5.242716312408447,0.7145482270936487,0.10598821147330754,-0.690079924472288,-0.04446378331107349,0.014442952919882771,0.001665042419062723,0.00016407944900909978,0.014539538416635365,0.0017001558736619293,-0.00356496694627928,0.36593107423263976,0.9306335741803127,42.93241213971519
104051752657478,37.810935264,43249125,0.8540180623531342,-0.2961456775665283,0.01513671875,-0.0033135227859020233,-0.019459044560790062,0.1282440423965454,37.29597854614258,0,-0.09895560145378113,-0.10916781425476074,0.000274658203125,-0.0018476173281669617,0.0017451941967010498,-0.0004684925079345703,104051747518267,5.139,1514761,12623.008333333333,34,True,-0.234381765127182,1.0679171085357666,-5.25800895690918,0.7019502520561218,-0.16171249747276306,-0.6620690822601318,0.2068319022655487,1510224,-0.23478978872299194,1.0663604736328125,-5.242716312408447,0.7145482270936487,0.10598821147330754,-0.690079924472288,-0.04446378331107349,0.015278879612653598,0.0017300154552319907,0.00013211967420076129,0.015377079413907384,0.002763332978655428,-0.003409905981505257,0.36211847097543814,0.9321217460774409,42.46398116597233
104051852862552,37.911140338,43349379,0.8304204642772675,-0.24869608879089355,-0.0309295654296875,-0.002922261133790016,-0.023059459403157234,0.12418711185455322,37.29597854614258,0,-0.09895560145378113,-0.10916781425476074,0.000274658203125,-0.0018476173281669617,0.0017451941967010498,-0.0004684925079345703,104051846758397,6.104,1514773,12623.108333333334,34,True,-0.23439618945121765,1.0681841373443604,-5.258322715759277,0.7020151019096375,-0.15929847955703735,-0.6636579036712646,0.203364297747612,1510224,-0.23478978872299194,1.0663604736328125,-5.242716312408447,0.7145482270936487,0.10598821147330754,-0.690079924472288,-0.04446378331107349,0.01564181914774003,0.0015345762407540417,0.00013807526594062118,0.01571752191881271,0.0037407510879219484,-0.004240254953404355,0.35807812100529773,0.9336745076719958,41.96990635541622
104051954711521,38.012989307,43449638,0.9180006682872772,-0.29915547370910645,-0.204071044921875,-0.005014792084693909,-0.025913866236805916,0.12100303173065186,37.29597854614258,0,-0.09895560145378113,-0.10916781425476074,0.000274658203125,-0.0018476173281669617,0.0017451941967010498,-0.0004684925079345703,104051954465046,0.246,1514786,12623.216666666667,34,True,-0.23439499735832214,1.0684399604797363,-5.2581915855407715,0.7020180821418762,-0.16001643240451813,-0.663254976272583,0.2041037231683731,1510224,-0.23478978872299194,1.0663604736328125,-5.242716312408447,0.7145482270936487,0.10598821147330754,-0.690079924472288,-0.04446378331107349,0.01556821360123087,0.001258105402331048,0.00011000159661800455,0.015619353516973196,0.0036650026000330104,-0.003996734621898924,0.3590837813682058,0.933289575548026,42.092904256901186
104052055715452,38.113993238,43551461,0.9375868737697601,-0.4000074863433838,-0.2484130859375,-0.006449468433856964,-0.03215923346579075,0.12175548076629639,37.29597854614258,0,-0.09895560145378113,-0.10916781425476074,0.000274658203125,-0.0018476173281669617,0.0017451941967010498,-0.0004684925079345703,104052055462822,0.253,1514798,12623.316666666666,34,True,-0.23443827033042908,1.0688741207122803,-5.258436679840088,0.7025464177131653,-0.16080480813980103,-0.6625024080276489,0.20410999655723572,1510224,-0.23478978872299194,1.0663604736328125,-5.242716312408447,0.7145482270936487,0.10598821147330754,-0.690079924472288,-0.04446378331107349,0.015898930847467727,0.0008829438318585865,0.0001278557915627849,0.015923942319859555,0.0041013073515466375,-0.0030600055824193118,0.3596740057686094,0.9330639984578797,42.164824029722396
104052155950849,38.214228635,43652580,0.9474478662014008,-0.4093458652496338,-0.0298004150390625,-0.004248090088367462,-0.026266509667038918,0.12132918834686279,37.29597854614258,0,-0.09895560145378113,-0.10916781425476074,0.000274658203125,-0.0018476173281669617,0.0017451941967010498,-0.0004684925079345703,104052154435485,1.515,1514810,12623.416666666666,34,True,-0.23447078466415405,1.0693048238754272,-5.2591233253479,0.7014302611351013,-0.16598302125930786,-0.6611846685409546,0.20803891122341156,1510224,-0.23478978872299194,1.0663604736328125,-5.242716312408447,0.7145482270936487,0.10598821147330754,-0.690079924472288,-0.04446378331107349,0.016660474471903174,0.0006047652596293872,0.00015454736468471797,0.01667216349296404,0.004777252618088645,-0.003074829889137265,0.3659084367788506,0.930633514963132,42.93243068253081
104052256161053,38.314438839,43752730,0.85074183344841,-0.3323941230773926,0.0756072998046875,-0.004343979060649872,-0.026835044845938683,0.12526416778564453,37.29597854614258,0,-0.09895560145378113,-0.10916781425476074,0.000274658203125,-0.0018476173281669617,0.0017451941967010498,-0.0004684925079345703,104052254909019,1.252,1514822,12623.516666666666,34,True,-0.23431767523288727,1.0686614513397217,-5.260036468505859,0.6949615478515625,-0.1883774995803833,-0.6548325419425964,0.22964510321617126,1510224,-0.23478978872299194,1.0663604736328125,-5.242716312408447,0.7145482270936487,0.10598821147330754,-0.690079924472288,-0.04446378331107349,0.01741931427337079,0.001436533494355571,9.517646289410161e-05,0.017478706954290234,0.004406939213224159,-0.004294116519179714,0.3958523145759467,0.9182935720644878,46.64424979419554
104052356377318,38.414655104,43852831,0.9490610063076019,-0.49967241287231445,0.21441650390625,-0.003313496708869934,-0.023420648649334908,0.14184308052062988,37.45301055908203,0,-0.09895560145378113,-0.10916781425476074,0.000274658203125,-0.0018476173281669617,0.0017451941967010498,-0.0004684925079345703,104052354490138,1.887,1514834,12623.616666666667,34,True,-0.23416557908058167,1.068535327911377,-5.261656761169434,0.6891881227493286,-0.2090543657541275,-0.6473257541656494,0.24957050383090973,1510224,-0.23478978872299194,1.0663604736328125,-5.242716312408447,0.7145482270936487,0.10598821147330754,-0.690079924472288,-0.04446378331107349,0.018978936327072045,0.0019130043257883688,2.4868065398195153e-05,0.01907512065697663,0.003899047330833627,-0.004106765482480346,0.4234313757012582,0.905910482320921,50.10761951522345
104052456619296,38.514897082,43953019,0.9810092151165009,-0.5411999225616455,0.0671539306640625,-0.004298463463783264,-0.02239646203815937,0.150537371635437,37.45301055908203,0,-0.09895560145378113,-0.10916781425476074,0.000274658203125,-0.0018476173281669617,0.0017451941967010498,-0.0004684925079345703,104052455473037,1.146,1514846,12623.716666666667,34,True,-0.23396481573581696,1.067527413368225,-5.262625694274902,0.6846948862075806,-0.22599102556705475,-0.6401293277740479,0.2652462422847748,1510224,-0.23478978872299194,1.0663604736328125,-5.242716312408447,0.7145482270936487,0.10598821147330754,-0.690079924472288,-0.04446378331107349,0.019715879410374018,0.003115682665611952,-4.935263699684081e-05,0.019960606580963002,0.0038226748962665873,-0.002973639507444781,0.44555471682718556,0.8952416092529233,52.921038751025065
104052556866031,38.615143817,44053334,1.059885710477829,-0.5626394748687744,-0.0196990966796875,-0.006270663812756538,-0.031120525673031807,0.16086256504058838,37.45301055908203,0,-0.09895560145378113,-0.10916781425476074,0.000274658203125,-0.0018476173281669617,0.0017451941967010498,-0.0004684925079345703,104052555279277,1.587,1514858,12623.816666666666,34,True,-0.23393577337265015,1.0663329362869263,-5.263660430908203,0.6783977150917053,-0.24167251586914062,-0.6350573301315308,0.2794159948825836,1510224,-0.23478978872299194,1.0663604736328125,-5.242716312408447,0.7145482270936487,0.10598821147330754,-0.690079924472288,-0.04446378331107349,0.020473077838919048,0.004498329401061267,6.570127063522879e-05,0.020961540979991273,0.004261608960141161,-0.004499572137568686,0.46564520753910665,0.8849497913641835,55.50931351651461
104052657088830,38.715366616,44153659,1.1182042062282562,-0.5290942192077637,0.286895751953125,-0.0050398316234350204,-0.021925097331404686,0.16766679286956787,37.45301055908203,0,-0.09895560145378113,-0.10916781425476074,0.000274658203125,-0.0018476173281669617,0.0017451941967010498,-0.0004684925079345703,104052631653326,25.436,1514867,12623.891666666666,34,True,-0.23384469747543335,1.0656685829162598,-5.265223503112793,0.6748642325401306,-0.2512160539627075,-0.6301395297050476,0.2904702126979828,1510224,-0.23478978872299194,1.0663604736328125,-5.242716312408447,0.7145482270936487,0.10598821147330754,-0.690079924472288,-0.04446378331107349,0.021860722654045293,0.005481305421197874,9.818123093056788e-05,0.022537647251469027,0.002584524757697132,-0.004171227274697875,0.47949968663959674,0.877528330942841,57.30874036956252
104052757198104,38.815475890,44253869,1.1264688670635223,-0.5935659408569336,0.27008056640625,-0.004402203485369682,-0.018839644268155098,0.17493188381195068,37.45301055908203,0,-0.09895560145378113,-0.10916781425476074,0.000274658203125,-0.0018476173281669617,0.0017451941967010498,-0.0004684925079345703,104052755064002,2.134,1514882,12624.016666666666,34,True,-0.23377135396003723,1.0660185813903809,-5.267280578613281,0.666580319404602,-0.27136871218681335,-0.6212916970252991,0.3098812699317932,1510224,-0.23478978872299194,1.0663604736328125,-5.242716312408447,0.7145482270936487,0.10598821147330754,-0.690079924472288,-0.04446378331107349,0.023946336616107705,0.005578785757259631,8.594182005893544e-05,0.024587746416737312,0.002051901183872301,-0.004726865925175461,0.5060234919494081,0.8625043026184764,60.80212103451683
104052857308894,38.915586680,44353959,1.2357697188854218,-0.7567698955535889,0.4939727783203125,-0.004122503101825714,-0.009219707921147346,0.18069124221801758,37.45301055908203,0,-0.09895560145378113,-0.10916781425476074,0.000274658203125,-0.0018476173281669617,0.0017451941967010498,-0.0004684925079345703,104052855644152,1.665,1514894,12624.116666666667,34,True,-0.23359067738056183,1.066667914390564,-5.2688140869140625,0.6640944480895996,-0.28235718607902527,-0.6162081360816956,0.3155004382133484,1510224,-0.23478978872299194,1.0663604736328125,-5.242716312408447,0.7145482270936487,0.10598821147330754,-0.690079924472288,-0.04446378331107349,0.02558695230690967,0.005284654226147772,-8.076714059675736e-05,0.026127116602813482,0.005191393445703769,-0.00291684299027184,0.5172634705464731,0.8558054939641835,62.30232694387654
104052957429291,39.015707077,44453949,1.2916012704372406,-0.7788915634155273,0.0820465087890625,-0.006735719740390778,-0.019454369321465492,0.18271517753601074,37.45301055908203,0,-0.09895560145378113,-0.10916781425476074,0.000274658203125,-0.0018476173281669617,0.0017451941967010498,-0.0004684925079345703,104052955334838,2.094,1514906,12624.216666666667,34,True,-0.23360951244831085,1.0668009519577026,-5.268823623657227,0.6607279777526855,-0.2895069122314453,-0.612709641456604,0.3228175640106201,1510224,-0.23478978872299194,1.0663604736328125,-5.242716312408447,0.7145482270936487,0.10598821147330754,-0.690079924472288,-0.04446378331107349,0.025624109459808083,0.005155435642819252,-7.26058154274917e-05,0.02613768876316173,0.004675723515066649,-0.0031977586753441645,0.5269093371620921,0.8499026193396921,63.59784138719925
104053057554055,39.115831841,44554048,1.2564204633235931,-0.8672332763671875,-0.005035400390625,-0.00824330747127533,-0.025377826765179634,0.1874629259109497,37.45301055908203,0,-0.09895560145378113,-0.10916781425476074,0.000274658203125,-0.0018476173281669617,0.0017451941967010498,-0.0004684925079345703,104053056111035,1.443,1514918,12624.316666666666,34,True,-0.23363061249256134,1.067060112953186,-5.268335819244385,0.6597881317138672,-0.2926900088787079,-0.610939621925354,0.32521528005599976,1510224,-0.23478978872299194,1.0663604736328125,-5.242716312408447,0.7145482270936487,0.10598821147330754,-0.690079924472288,-0.04446378331107349,0.025202267468614446,0.004798867904619948,-9.432127481631887e-05,0.025655259016982394,0.005013218709033679,-0.002694160325002082,0.5306601085030218,0.8475656071254187,64.10425919448338
104053157801591,39.216079377,44654278,1.2281428277492523,-0.7272891998291016,-0.1783905029296875,-0.007399437949061394,-0.02644411288201809,0.18999826908111572,37.45301055908203,0,-0.09895560145378113,-0.10916781425476074,0.000274658203125,-0.0018476173281669617,0.0017451941967010498,-0.0004684925079345703,104053156267659,1.534,1514930,12624.416666666666,34,True,-0.23363395035266876,1.066726565361023,-5.268056392669678,0.6582118272781372,-0.2959499955177307,-0.6093655228614807,0.3283969461917877,1510224,-0.23478978872299194,1.0663604736328125,-5.242716312408447,0.7145482270936487,0.10598821147330754,-0.690079924472288,-0.04446378331107349,0.02485825897226663,0.005064671754180338,-7.559118672827137e-05,0.025369068826769686,0.004892668456091986,-0.0028494343179872317,0.5349480474863632,0.8448659828694572,64.68484021155811
104053258070367,39.316348153,44754693,1.2009004056453705,-0.8458433151245117,-0.0499114990234375,-0.010717635042965412,-0.025755925104022026,0.1919194459915161,37.45301055908203,0,-0.09895560145378113,-0.10916781425476074,0.000274658203125,-0.0018476173281669617,0.0017451941967010498,-0.0004684925079345703,104053256365471,1.705,1514942,12624.516666666666,34,True,-0.23361550271511078,1.066478967666626,-5.267585754394531,0.6578997373580933,-0.2961093485355377,-0.6096197962760925,0.32840660214424133,1510224,-0.23478978872299194,1.0663604736328125,-5.242716312408447,0.7145482270936487,0.10598821147330754,-0.690079924472288,-0.04446378331107349,0.02434632167383954,0.005208638723775198,-9.400405668030494e-05,0.024897432260447095,0.005036562060968336,-0.0032404300465480596,0.535046831425082,0.844801172369984,64.69872120432885
104053358276966,39.416554752,44854820,1.0100134313106537,-0.689711332321167,0.0348358154296875,-0.0071145035326480865,-0.022699566558003426,0.1917111873626709,37.45301055908203,0,-0.09895560145378113,-0.10916781425476074,0.000274658203125,-0.0018476173281669617,0.0017451941967010498,-0.0004684925079345703,104053354298075,3.979,1514954,12624.616666666667,34,True,-0.23369461297988892,1.0664818286895752,-5.266759872436523,0.6587007641792297,-0.2947707176208496,-0.6105167269706726,0.3263323903083801,1510224,-0.23478978872299194,1.0663604736328125,-5.242716312408447,0.7145482270936487,0.10598821147330754,-0.690079924472288,-0.04446378331107349,0.02353825094694122,0.005025435821913768,-5.1506702786468985e-05,0.02406879547841531,0.005654371604269265,-0.0031682363918176804,0.5327837307865566,0.8462266165567498,64.39280634535199
104053458462110,39.516739896,44955032,1.1138906180858612,-0.6471474170684814,0.1201171875,-0.007424389943480492,-0.0246745552867651,0.19136762619018555,37.45301055908203,0,-0.09895560145378113,-0.10916781425476074,0.000274658203125,-0.0018476173281669617,0.0017451941967010498,-0.0004684925079345703,104053455129454,3.333,1514966,12624.716666666667,34,True,-0.23366685211658478,1.066190242767334,-5.26601505279541,0.6584609150886536,-0.29343143105506897,-0.6115959286689758,0.32600274682044983,1510224,-0.23478978872299194,1.0663604736328125,-5.242716312408447,0.7145482270936487,0.10598821147330754,-0.690079924472288,-0.04446378331107349,0.02274937441431437,0.0051555381766425976,-8.751374284000826e-05,0.023326407112726693,0.005090749800998329,-0.004129504165050424,0.5316217828083611,0.8469564991813181,64.23566303678808
104053558705069,39.616982855,45054944,1.1617448031902313,-0.5511894226074219,0.2071380615234375,-0.005205165594816208,-0.023486455902457237,0.19168567657470703,37.45301055908203,0,-0.09895560145378113,-0.10916781425476074,0.000274658203125,-0.0018476173281669617,0.0017451941967010498,-0.0004684925079345703,104053553791546,4.914,1514978,12624.816666666666,34,True,-0.2336931824684143,1.0658611059188843,-5.26563024520874,0.6582826972007751,-0.2931669056415558,-0.611747682094574,0.3263155221939087,1510224,-0.23478978872299194,1.0663604736328125,-5.242716312408447,0.7145482270936487,0.10598821147330754,-0.690079924472288,-0.04446378331107349,0.022302794743138638,0.005392864754992742,-5.085417799278861e-05,0.022945592817960374,0.004708721760686013,-0.004405836531261753,0.5316365081828811,0.8469480737984789,64.23747897476409
104053658944141,39.717221927,45155450,1.1055394113063812,-0.5549542903900146,0.2706146240234375,-0.005235711112618446,-0.024206319823861122,0.19197368621826172,37.45301055908203,0,-0.09895560145378113,-0.10916781425476074,0.000274658203125,-0.0018476173281669617,0.0017451941967010498,-0.0004684925079345703,104053655307027,3.637,1514990,12624.916666666666,34,True,-0.23367932438850403,1.066062331199646,-5.265947341918945,0.6593278050422668,-0.2910868227481842,-0.6128243803977966,0.32403942942619324,1510224,-0.23478978872299194,1.0663604736328125,-5.242716312408447,0.7145482270936487,0.10598821147330754,-0.690079924472288,-0.04446378331107349,0.022655699562366845,0.005264739083340171,-6.74669576637935e-05,0.023259465859435707,0.0049673243079190466,-0.004305230860669251,0.5287381524100493,0.8487595400715469,63.84598925495501
104053759147345,39.817425131,45255675,1.0974402129650116,-0.6133553981781006,0.0991973876953125,-0.006170835345983505,-0.02165287174284458,0.1878795623779297,37.45301055908203,0,-0.09895560145378113,-0.10916781425476074,0.000274658203125,-0.0018476173281669617,0.0017451941967010498,-0.0004684925079345703,104053756637719,2.510,1515002,12625.016666666666,34,True,-0.23361338675022125,1.0658882856369019,-5.266761779785156,0.6622437834739685,-0.2873101234436035,-0.6136356592178345,0.31990206241607666,1510224,-0.23478978872299194,1.0663604736328125,-5.242716312408447,0.7145482270936487,0.10598821147330754,-0.690079924472288,-0.04446378331107349,0.02341582732213859,0.0056110155496318275,-8.318528099710227e-05,0.024078857623844967,0.005273778705063958,-0.002602084679968364,0.5235295308062774,0.8519872339344337,63.143051497296895
104053860747145,39.919024931,45355657,1.0573566854000092,-0.6972870826721191,-0.174591064453125,-0.0038840528577566147,-0.012003563344478607,0.18197929859161377,37.45301055908203,0,-0.09895560145378113,-0.10916781425476074,0.000274658203125,-0.0018476173281669617,0.0017451941967010498,-0.0004684925079345703,104053860465780,0.281,1515014,12625.116666666667,34,True,-0.23359887301921844,1.0658310651779175,-5.2673659324646,0.663002610206604,-0.2858436107635498,-0.6140850782394409,0.31877970695495605,1510224,-0.23478978872299194,1.0663604736328125,-5.242716312408447,0.7145482270936487,0.10598821147330754,-0.690079924472288,-0.04446378331107349,0.023994128802234366,0.005794797430331445,-6.654473298483904e-05,0.024684049960212704,0.005077637588432576,-0.0023458153700732787,0.5218075239751239,0.8530449124575568,62.911176650133314
104053960925258,40.019203044,45457565,1.150494545698166,-0.6256496906280518,-0.0911102294921875,-0.0031933747231960297,-0.017730509862303734,0.17966091632843018,37.45301055908203,0,-0.09895560145378113,-0.10916781425476074,0.000274658203125,-0.0018476173281669617,0.0017451941967010498,-0.0004684925079345703,104053955525831,5.399,1515026,12625.216666666667,34,True,-0.23361806571483612,1.0660005807876587,-5.267032623291016,0.6630764007568359,-0.28572845458984375,-0.6142149567604065,0.3184793293476105,1510224,-0.23478978872299194,1.0663604736328125,-5.242716312408447,0.7145482270936487,0.10598821147330754,-0.690079924472288,-0.04446378331107349,0.023704160697304983,0.005558095168649805,-7.600222444435474e-05,0.024347185311767498,0.005223289120764863,-0.0023609820839066158,0.5215315131812104,0.8532127658288274,62.87430762604302
104054061184581,40.119462367,45557608,1.2702557742595673,-0.6823253631591797,-0.0676727294921875,-0.004107149317860603,-0.01743301935493946,0.180342435836792,37.45301055908203,0,-0.09895560145378113,-0.10916781425476074,0.000274658203125,-0.0018476173281669617,0.0017451941967010498,-0.0004684925079345703,104054058248130,2.936,1515038,12625.316666666666,34,True,-0.23361486196517944,1.065550446510315,-5.266990661621094,0.6637814044952393,-0.2837502956390381,-0.6149705052375793,0.3173189163208008,1510224,-0.23478978872299194,1.0663604736328125,-5.242716312408447,0.7145482270936487,0.10598821147330754,-0.690079924472288,-0.04446378331107349,0.02356745033325035,0.005987820527568054,-4.3779473833851796e-05,0.02431626259364125,0.00473610492637741,-0.002379315499723089,0.5194256036028098,0.8544992396074651,62.591086216403355
104054161400838,40.219678624,45658228,1.2137136161327362,-0.732013463973999,-0.1987457275390625,-0.005336839705705643,-0.01992960460484028,0.17792320251464844,37.45301055908203,0,-0.09895560145378113,-0.10916781425476074,0.000274658203125,-0.0018476173281669617,0.0017451941967010498,-0.0004684925079345703,104054157076586,4.324,1515050,12625.416666666666,34,True,-0.23368117213249207,1.065585732460022,-5.266873359680176,0.665192723274231,-0.2763327360153198,-0.618669331073761,0.3136993646621704,1510224,-0.23478978872299194,1.0663604736328125,-5.242716312408447,0.7145482270936487,0.10598821147330754,-0.690079924472288,-0.04446378331107349,0.023458718704977496,0.005922879579098454,1.4203179640108303e-05,0.024194879365644177,0.002533019306326656,-0.003994564799374156,0.5119416223797675,0.859007219143372,61.58940880358355
104054261598538,40.319876324,45758115,1.225165456533432,-0.6890804767608643,-0.238250732421875,-0.0025159139186143875,-0.011251609772443771,0.17131853103637695,37.45301055908203,0,-0.09895560145378113,-0.10916781425476074,0.000274658203125,-0.0018476173281669617,0.0017451941967010498,-0.0004684925079345703,104054255535751,6.063,1515062,12625.516666666666,34,True,-0.23374222218990326,1.0660336017608643,-5.267308712005615,0.6730989217758179,-0.25830724835395813,-0.6261953115463257,0.29680734872817993,1510224,-0.23478978872299194,1.0663604736328125,-5.242716312408447,0.7145482270936487,0.10598821147330754,-0.690079924472288,-0.04446378331107349,0.02397774476473009,0.0055726900733177615,5.692234104552043e-05,0.024616871426091206,0.0026102781592901862,-0.0029274591571031854,0.48857735157074705,0.8725117695268811,58.496303279391654
104054363566838,40.421844624,45858310,1.40324267745018,-0.7034947872161865,-0.0862274169921875,0.0009272973984479904,-0.00815289281308651,0.15330660343170166,37.45301055908203,0,-0.09895560145378113,-0.10916781425476074,0.000274658203125,-0.0018476173281669617,0.0017451941967010498,-0.0004684925079345703,104054363311706,0.255,1515075,12625.625,34,True,-0.23372548818588257,1.0666168928146362,-5.267326354980469,0.6819673776626587,-0.23509974777698517,-0.6368232369422913,0.2722219228744507,1510224,-0.23478978872299194,1.0663604736328125,-5.242716312408447,0.7145482270936487,0.10598821147330754,-0.690079924472288,-0.04446378331107349,0.024119542507857753,0.005010019838652053,-7.228745677950342e-06,0.024634380077988734,0.004894830011281215,-0.0028278089382956506,0.4564410636273385,0.889735690848981,54.31989462161321
104054464554240,40.522832026,45960223,1.3370150029659271,-0.7822861671447754,0.0589141845703125,-0.001406848430633545,-0.006307125091552734,0.1353747844696045,37.45301055908203,0,-0.09895560145378113,-0.10916781425476074,0.000274658203125,-0.0018476173281669617,0.0017451941967010498,-0.0004684925079345703,104054464300482,0.254,1515087,12625.725,34,True,-0.23377089202404022,1.067341923713684,-5.265956878662109,0.6891752481460571,-0.21424341201782227,-0.6436052322387695,0.25477364659309387,1510224,-0.23478978872299194,1.0663604736328125,-5.242716312408447,0.7145482270936487,0.10598821147330754,-0.690079924472288,-0.04446378331107349,0.022935056681721088,0.004012705525409634,-8.175517001101067e-05,0.023283584658192896,0.0033682485487130653,-0.0017779048801177533,0.430562989863989,0.9025524947144814,51.00872710487943
104054564779536,40.623057322,46061300,1.3179357945919037,-0.6398622989654541,-0.01080322265625,-0.00025000423192977905,-0.007856260985136032,0.12268412113189697,37.45301055908203,0,-0.09895560145378113,-0.10916781425476074,0.000274658203125,-0.0018476173281669617,0.0017451941967010498,-0.0004684925079345703,104054554464682,10.315,1515098,12625.816666666666,34,True,-0.2339150756597519,1.0677521228790283,-5.265285015106201,0.694692075252533,-0.19490262866020203,-0.6509352326393127,0.23600678145885468,1510224,-0.23478978872299194,1.0663604736328125,-5.242716312408447,0.7145482270936487,0.10598821147330754,-0.690079924472288,-0.04446378331107349,0.022362487280331824,0.0034593803713131688,-1.4528148112758366e-06,0.022628480992481582,0.0039629871979602604,-0.0020793900365896345,0.40470308500947305,0.914437195138824,47.74814535392159
104054664864924,40.723142710,46161608,1.4029973447322845,-0.6041624546051025,0.1985931396484375,-0.001200927421450615,-0.0127890445291996,0.11107385158538818,37.45301055908203,0,-0.09895560145378113,-0.10916781425476074,0.000274658203125,-0.0018476173281669617,0.0017451941967010498,-0.0004684925079345703,104054661589707,3.275,1515111,12625.925,34,True,-0.23408369719982147,1.0680320262908936,-5.263859272003174,0.699016273021698,-0.1838376820087433,-0.6531267166137695,0.22584395110607147,1510224,-0.23478978872299194,1.0663604736328125,-5.242716312408447,0.7145482270936487,0.10598821147330754,-0.690079924472288,-0.04446378331107349,0.021025209220031284,0.0028725247550543797,8.107242183558433e-05,0.021220683164122473,0.003629123242591764,-7.611812312335875e-05,0.3903392277487445,0.9206639511521211,45.953318266129614
104054765116027,40.823393813,46261561,1.2480628192424774,-0.6455271244049072,0.1752471923828125,-0.00273287296295166,-0.009136395528912544,0.10724818706512451,37.45301055908203,0,-0.09895560145378113,-0.10916781425476074,0.000274658203125,-0.0018476173281669617,0.0017451941967010498,-0.0004684925079345703,104054763670807,1.445,1515123,12626.025,34,True,-0.23420868813991547,1.0682644844055176,-5.2623395919799805,0.6971233487129211,-0.18258187174797058,-0.6562089323997498,0.223769411444664,1510224,-0.23478978872299194,1.0663604736328125,-5.242716312408447,0.7145482270936487,0.10598821147330754,-0.690079924472288,-0.04446378331107349,0.01958717448941104,0.0023160818159955574,0.00011998581483385509,0.01972399645236181,0.004655717583391034,-0.0034207403142950676,0.387946716949474,0.9216636955189299,45.65894474457618
104054865228482,40.923506268,46361859,1.051378458738327,-0.5378701686859131,-0.0429229736328125,-0.0018546096980571747,-0.012374892830848694,0.11164915561676025,37.45301055908203,0,-0.09895560145378113,-0.10916781425476074,0.000274658203125,-0.0018476173281669617,0.0017451941967010498,-0.0004684925079345703,104054863236945,1.992,1515135,12626.125,34,True,-0.234251007437706,1.0688414573669434,-5.260744571685791,0.6966456770896912,-0.18517334759235382,-0.6553367376327515,0.2256755232810974,1510224,-0.23478978872299194,1.0663604736328125,-5.242716312408447,0.7145482270936487,0.10598821147330754,-0.690079924472288,-0.04446378331107349,0.018150950711308098,0.0014158670373202297,4.4798904241734956e-05,0.018206144515891528,0.005010830841425562,-0.003213945198701218,0.3910244056407235,0.92036105758765,46.04215342624358
104054965639367,41.023917153,46461960,1.0520568788051605,-0.44936060905456543,-0.301666259765625,-0.002075372263789177,-0.014506010338664055,0.11596107482910156,37.45301055908203,0,-0.09895560145378113,-0.10916781425476074,0.000274658203125,-0.0018476173281669617,0.0017451941967010498,-0.0004684925079345703,104054965576195,0.063,1515147,12626.225,34,True,-0.23436832427978516,1.0692744255065918,-5.260792255401611,0.697860836982727,-0.18139760196208954,-0.6562555432319641,0.22229231894016266,1510224,-0.23478978872299194,1.0663604736328125,-5.242716312408447,0.7145482270936487,0.10598821147330754,-0.690079924472288,-0.04446378331107349,0.018286730973044445,0.0009937732714589884,0.00012785889150620925,0.01831416017434888,0.004866079202159979,-0.002841222829229828,0.38616141796322256,0.9224140111699661,45.43682985710921
104055065931485,41.124209271,46562032,0.9838392436504364,-0.4385049343109131,-0.2386016845703125,-2.6773661375045776e-05,-0.017550094053149223,0.11333858966827393,37.45301055908203,0,-0.09895560145378113,-0.10916781425476074,0.000274658203125,-0.0018476173281669617,0.0017451941967010498,-0.0004684925079345703,104055063463602,2.468,1515159,12626.325,34,True,-0.23438097536563873,1.0695229768753052,-5.260291576385498,0.6994032859802246,-0.17647144198417664,-0.6573212742805481,0.21822373569011688,1510224,-0.23478978872299194,1.0663604736328125,-5.242716312408447,0.7145482270936487,0.10598821147330754,-0.690079924472288,-0.04446378331107349,0.017850267592457444,0.0006455946987082846,9.804767008569513e-05,0.017862207561859366,0.004418206016485154,-0.0023261399131445093,0.38004467241481266,0.9249546559144497,44.676963030834166
104055166144902,41.224422688,46662675,0.948001354932785,-0.3749934434890747,-0.389373779296875,0.0009451154619455338,-0.016059773042798042,0.11127817630767822,37.45301055908203,0,-0.09895560145378113,-0.10916781425476074,0.000274658203125,-0.0018476173281669617,0.0017451941967010498,-0.0004684925079345703,104055164106986,2.038,1515171,12626.425,34,True,-0.23438335955142975,1.0692867040634155,-5.260622024536133,0.7007662653923035,-0.17016346752643585,-0.6594510674476624,0.21235661208629608,1510224,-0.23478978872299194,1.0663604736328125,-5.242716312408447,0.7145482270936487,0.10598821147330754,-0.690079924472288,-0.04446378331107349,0.018122691065616845,0.0009447459737999932,0.00013438597110320045,0.018147797001400175,0.004422671945491148,-0.0025660455601055347,0.3717276903514089,0.9283277328664986,43.648756536475986
104055266293310,41.324571096,46762787,0.9705786406993866,-0.5844831466674805,-0.3249664306640625,0.00031465664505958557,-0.019525228068232536,0.10391569137573242,37.45301055908203,0,-0.09895560145378113,-0.10916781425476074,0.000274658203125,-0.0018476173281669617,0.0017451941967010498,-0.0004684925079345703,104055263188863,3.104,1515183,12626.525,34,True,-0.23414289951324463,1.0694856643676758,-5.260904788970947,0.7076218724250793,-0.15483829379081726,-0.6595959663391113,0.20057326555252075,1510224,-0.23478978872299194,1.0663604736328125,-5.242716312408447,0.7145482270936487,0.10598821147330754,-0.690079924472288,-0.04446378331107349,0.01844726975517047,0.0008320386030187398,-0.00010914571285288767,0.018466346754124778,0.001977377862993679,0.002628814478384034,0.35337870597785315,0.9354745691212794,41.39009878459794
104055366421291,41.424699077,46863024,1.1773994863033295,-0.532583475112915,-0.217864990234375,0.0005632378160953522,-0.017128443345427513,0.09180474281311035,37.45301055908203,0,-0.09895560145378113,-0.10916781425476074,0.000274658203125,-0.0018476173281669617,0.0017451941967010498,-0.0004684925079345703,104055364329312,2.092,1515195,12626.625,34,True,-0.23415741324424744,1.0692918300628662,-5.260251522064209,0.7102267742156982,-0.14155186712741852,-0.6635841727256775,0.18760895729064941,1510224,-0.23478978872299194,1.0663604736328125,-5.242716312408447,0.7145482270936487,0.10598821147330754,-0.690079924472288,-0.04446378331107349,0.017767562075776008,0.0008823730243028654,-0.00010715720732875906,0.017789781531476256,0.0023791841043626916,0.0023599381771367556,0.3353919262588547,0.9420727286017639,39.194781388734924
104055466569396,41.524847182,46963058,1.1294585168361664,-0.3781876564025879,-0.15313720703125,0.005618004128336906,-0.01336197555065155,0.08428645133972168,37.45301055908203,0,-0.09895560145378113,-0.10916781425476074,0.000274658203125,-0.0018476173281669617,0.0017451941967010498,-0.0004684925079345703,104055464258563,2.311,1515207,12626.725,34,True,-0.23412862420082092,1.069352149963379,-5.259082794189453,0.7151131629943848,-0.1238367035984993,-0.6661684513092041,0.17174775898456573,1510224,-0.23478978872299194,1.0663604736328125,-5.242716312408447,0.7145482270936487,0.10598821147330754,-0.690079924472288,-0.04446378331107349,0.01663955012749069,0.0005810139218531429,-0.00019179691755330974,0.016650795526948422,0.0015445322994773333,0.004778762083824551,0.31242090248296983,0.9499305014287355,36.415241099044536
104055566840967,41.625118753,47063217,0.9516793191432953,-0.2581590414047241,-0.08868408203125,0.0071113575249910355,0.0008089635521173477,0.0744636058807373,37.45301055908203,0,-0.09895560145378113,-0.10916781425476074,0.000274658203125,-0.0018476173281669617,0.0017451941967010498,-0.0004684925079345703,104055563471238,3.370,1515219,12626.825,34,True,-0.23431751132011414,1.0702004432678223,-5.257143020629883,0.7185450792312622,-0.09903453290462494,-0.671953022480011,0.1495467573404312,1510224,-0.23478978872299194,1.0663604736328125,-5.242716312408447,0.7145482270936487,0.10598821147330754,-0.690079924472288,-0.04446378331107349,0.014920648916185952,-0.0006688958353311767,-0.00015854693594531428,0.014936476252767988,0.0007532390188869781,0.004263949842882253,0.27999905098556943,0.9599905118332672,32.524292276144315
104055667077341,41.725355127,47163600,0.943619579076767,-0.17624855041503906,0.11944580078125,0.005472652614116669,-0.0008665043860673904,0.0623776912689209,37.45301055908203,0,-0.09895560145378113,-0.10916781425476074,0.000274658203125,-0.0018476173281669617,0.0017451941967010498,-0.0004684925079345703,104055664220645,2.857,1515231,12626.925,34,True,-0.2343951314687729,1.07025146484375,-5.255023956298828,0.7210568189620972,-0.07369611412286758,-0.6771411299705505,0.1269875317811966,1510224,-0.23478978872299194,1.0663604736328125,-5.242716312408447,0.7145482270936487,0.10598821147330754,-0.690079924472288,-0.04446378331107349,0.01285972991068976,-0.0011701928995093173,-0.00017793337623675683,0.012914087853361147,-0.00017444370245461863,0.003554467939433426,0.24682275354484415,0.9690541077048296,28.582190451451314
104055767278641,41.825556427,47263967,0.781805008649826,-0.012207388877868652,0.0090484619140625,0.008554603904485703,0.0042776139453053474,0.050704240798950195,37.45301055908203,0,-0.09895560145378113,-0.10916781425476074,0.000274658203125,-0.0018476173281669617,0.0017451941967010498,-0.0004684925079345703,104055763436047,3.843,1515243,12627.025,34,True,-0.23449718952178955,1.0698213577270508,-5.2534685134887695,0.7231983542442322,-0.053223006427288055,-0.6799948215484619,0.10843713581562042,1510224,-0.23478978872299194,1.0663604736328125,-5.242716312408447,0.7145482270936487,0.10598821147330754,-0.690079924472288,-0.04446378331107349,0.011246322479909473,-0.0010870139034017366,-0.00010859341450235213,0.011299254890388973,-0.0008401348101783336,0.004049009409200167,0.21974632494390342,0.975548282951671,25.392837754674815
104055867395774,41.925673560,47364020,0.7264245450496674,0.07992446422576904,0.0258636474609375,0.008254308253526688,0.0031820544973015785,0.043447017669677734,37.45301055908203,0,-0.09895560145378113,-0.10916781425476074,0.000274658203125,-0.0018476173281669617,0.0017451941967010498,-0.0004684925079345703,104055864440742,2.955,1515255,12627.125,34,True,-0.23458759486675262,1.0694612264633179,-5.252058982849121,0.722187340259552,-0.04817876219749451,-0.6822014451026917,0.10356440395116806,1510224,-0.23478978872299194,1.0663604736328125,-5.242716312408447,0.7145482270936487,0.10598821147330754,-0.690079924472288,-0.04446378331107349,0.0097906229266001,-0.001040296179512153,-5.0279244758172576e-05,0.009845864179158097,-0.0005604349906251291,0.0020667560478978553,0.21277035151234375,0.9770998884194869,24.57076676463743
104055967489934,42.025767720,47464052,0.5978497564792633,0.09422171115875244,-0.149749755859375,0.006958473473787308,-0.0012503359466791153,0.04545795917510986,37.45301055908203,0,-0.09895560145378113,-0.10916781425476074,0.000274658203125,-0.0018476173281669617,0.0017451941967010498,-0.0004684925079345703,104055962256965,5.233,1515267,12627.225,34,True,-0.2345246970653534,1.0690698623657227,-5.251650333404541,0.7214859127998352,-0.04829249903559685,-0.6826673746109009,0.10531479120254517,1510224,-0.23478978872299194,1.0663604736328125,-5.242716312408447,0.7145482270936487,0.10598821147330754,-0.690079924472288,-0.04446378331107349,0.00930975197788127,-0.0007393495700304949,-9.834823458249238e-05,0.009339582006257775,-0.0016521124450656825,0.001069322821245999,0.21400591444000344,0.9768303822352531,24.71548753616131
104056067597917,42.125875703,47563995,0.5344910621643066,0.09594953060150146,-0.2391357421875,0.005307869985699654,-0.006126482039690018,0.04698824882507324,37.45301055908203,0,-0.09895560145378113,-0.10916781425476074,0.000274658203125,-0.0018476173281669617,0.0017451941967010498,-0.0004684925079345703,104056063814835,3.783,1515279,12627.325,34,True,-0.23451271653175354,1.068895697593689,-5.251583576202393,0.7215433120727539,-0.04673369973897934,-0.6828676462173462,0.10432210564613342,1510224,-0.23478978872299194,1.0663604736328125,-5.242716312408447,0.7145482270936487,0.10598821147330754,-0.690079924472288,-0.04446378331107349,0.00920777843270178,-0.0005827142102396913,-9.877856968941472e-05,0.009226727302915872,-0.001999812518074469,0.0010017320013573916,0.21222202519541905,0.9772189157526808,24.506583009735127
104056167718652,42.225996438,47664287,0.5884465277194977,0.10406744480133057,-0.1537322998046875,0.005210567265748978,-0.007843175902962685,0.04632449150085449,37.45301055908203,0,-0.09895560145378113,-0.10916781425476074,0.000274658203125,-0.0018476173281669617,0.0017451941967010498,-0.0004684925079345703,104056162557364,5.161,1515291,12627.425,34,True,-0.23447337746620178,1.0688079595565796,-5.251297950744629,0.7220355868339539,-0.043769415467977524,-0.6829362511634827,0.10171984881162643,1510224,-0.23478978872299194,1.0663604736328125,-5.242716312408447,0.7145482270936487,0.10598821147330754,-0.690079924472288,-0.04446378331107349,0.008911103556146334,-0.0005536808382402615,-0.0001431464441950921,0.008929435590421378,-0.0022005847717102046,0.001436424699122807,0.20836337364145724,0.9780479531370111,24.05485948924657
104056267929704,42.326207490,47764552,0.5455872118473053,0.13563716411590576,-0.1549072265625,0.0037126075476408005,-0.0048504844307899475,0.04569900035858154,37.45301055908203,0,-0.09895560145378113,-0.10916781425476074,0.000274658203125,-0.0018476173281669617,0.0017451941967010498,-0.0004684925079345703,104056263489125,4.441,1515303,12627.525,34,True,-0.23459592461585999,1.0681829452514648,-5.250725269317627,0.7228037714958191,-0.043039433658123016,-0.6823502779006958,0.10050064325332642,1510224,-0.23478978872299194,1.0663604736328125,-5.242716312408447,0.7145482270936487,0.10598821147330754,-0.690079924472288,-0.04446378331107349,0.008215626033151823,-7.638374208860711e-05,5.592250619109297e-06,0.00821598301275778,-0.0019294120823314907,0.002482003375202435,0.20705578472866662,0.9783240869153014,23.902533746936033
104056368145504,42.426423290,47864698,0.5264149606227875,0.11517536640167236,-0.0274200439453125,0.002858862280845642,-0.006376234814524651,0.04565739631652832,37.45301055908203,0,-0.09895560145378113,-0.10916781425476074,0.000274658203125,-0.0018476173281669617,0.0017451941967010498,-0.0004684925079345703,104056363218142,4.927,1515315,12627.625,34,True,-0.23453140258789062,1.0673531293869019,-5.250033855438232,0.72278892993927,-0.03468000888824463,-0.6839643716812134,0.09255434572696686,1510224,-0.23478978872299194,1.0663604736328125,-5.242716312408447,0.7145482270936487,0.10598821147330754,-0.690079924472288,-0.04446378331107349,0.007365283663178475,0.000592245935527718,-2.0153075789626767e-05,0.0073890841674524605,-0.0018483355285814562,0.0017889357372057326,0.19566917369310172,0.9806665885156691,22.56961059023817
104056468358420,42.526636206,47964955,0.5891813337802887,0.2665024995803833,-0.04962158203125,0.0055529456585645676,-0.005735915154218674,0.0400543212890625,37.45301055908203,0,-0.09895560145378113,-0.10916781425476074,0.000274658203125,-0.0018476173281669617,0.0017451941967010498,-0.0004684925079345703,104056463566849,4.792,1515327,12627.725,34,True,-0.23443041741847992,1.0661298036575317,-5.2498860359191895,0.7244553565979004,-0.018048377707600594,-0.6846039891242981,0.07846157997846603,1510224,-0.23478978872299194,1.0663604736328125,-5.242716312408447,0.7145482270936487,0.10598821147330754,-0.690079924472288,-0.04446378331107349,0.006963068709298599,0.0017613328539892274,-2.5929125262654363e-05,0.00718242936564586,-0.0032618331196427354,0.003236027457592494,0.17426499545142887,0.9846880724022744,20.078824265987357
104056568472099,42.626749885,48065065,0.5548878908157349,0.31292104721069336,-0.0288543701171875,0.0072020310908555984,-0.0007391497492790222,0.028895258903503418,37.45301055908203,0,-0.09895560145378113,-0.10916781425476074,0.000274658203125,-0.0018476173281669617,0.0017451941967010498,-0.0004684925079345703,104056563382534,5.090,1515339,12627.825,34,True,-0.23470422625541687,1.0657914876937866,-5.249129295349121,0.7242236137390137,0.005492859520018101,-0.6871408820152283,0.057510022073984146,1510224,-0.23478978872299194,1.0663604736328125,-5.242716312408447,0.7145482270936487,0.10598821147330754,-0.690079924472288,-0.04446378331107349,0.006145029322212366,0.0019072577945517203,0.0002416577462283667,0.006438743365909239,-0.0042570850926022235,0.002437259955196392,0.14307364685286986,0.9896998881310665,16.461222157362073
104056668710685,42.726988471,48165048,0.6686684787273407,0.30852198600769043,-0.0986328125,0.005940962582826614,-0.007805045694112778,0.015875577926635742,37.45301055908203,0,-0.09895560145378113,-0.10916781425476074,0.000274658203125,-0.0018476173281669617,0.0017451941967010498,-0.0004684925079345703,104056663891023,4.820,1515351,12627.925,34,True,-0.23460248112678528,1.0668902397155762,-5.247512340545654,0.7210638523101807,0.03523961454629898,-0.691403329372406,0.0280465055257082,1510224,-0.23478978872299194,1.0663604736328125,-5.242716312408447,0.7145482270936487,0.10598821147330754,-0.690079924472288,-0.04446378331107349,0.004802051063176704,0.0005074277708912119,-2.108968697963701e-05,0.00482883237759658,-0.0031393558144180676,-0.0009888199721965751,0.10134059815194421,0.9948463448424281,11.638901618074314
104056768945315,42.827223101,48265394,0.5229635536670685,0.3180016279220581,0.1319580078125,0.0057398490607738495,-0.006737284362316132,0.001087784767150879,37.45301055908203,0,-0.09895560145378113,-0.10916781425476074,0.000274658203125,-0.0018476173281669617,0.0017451941967010498,-0.0004684925079345703,104056763784669,5.161,1515363,12628.025,34,True,-0.23497016727924347,1.0684254169464111,-5.245524883270264,0.7204560041427612,0.0648619681596756,-0.6904553174972534,-0.0027538894210010767,1510224,-0.23478978872299194,1.0663604736328125,-5.242716312408447,0.7145482270936487,0.10598821147330754,-0.690079924472288,-0.04446378331107349,0.0031782765725726775,-0.0014373327241054743,0.00013126410867578814,0.0034906442955098187,-0.0016462306870677764,0.001216473200953028,0.058812689078483284,0.9982669371069214,6.747416662530068
104056869154798,42.927432584,48365721,0.6659209430217743,0.17709863185882568,0.347015380859375,0.005764070898294449,-0.006384441629052162,-0.013756632804870605,37.45301055908203,0,-0.09895560145378113,-0.10916781425476074,0.000274658203125,-0.0018476173281669617,0.0017451941967010498,-0.0004684925079345703,104056866757766,2.397,1515375,12628.125,34,True,-0.2350703328847885,1.068958044052124,-5.243809223175049,0.716958224773407,0.09788869321346283,-0.6893773674964905,-0.03387615084648132,1510224,-0.23478978872299194,1.0663604736328125,-5.242716312408447,0.7145482270936487,0.10598821147330754,-0.690079924472288,-0.04446378331107349,0.0016133250114344136,-0.0023248983687161142,0.00011207602944118646,0.002832054210949007,-0.002157679385659861,0.0014030728259035175,0.013318001755687703,0.9999079990856906,1.554415174534522
104056969233038,43.027510824,48465847,0.39148321747779846,0.2502596378326416,0.471466064453125,0.006735701113939285,0.0012012487277388573,-0.027368783950805664,37.45301055908203,0,-0.09895560145378113,-0.10916781425476074,0.000274658203125,-0.0018476173281669617,0.0017451941967010498,-0.0004684925079345703,104056964737917,4.495,1515387,12628.225,34,True,-0.23537015914916992,1.0689202547073364,-5.241498947143555,0.7124284505844116,0.12365914136171341,-0.6883171200752258,-0.058083415031433105,1510224,-0.23478978872299194,1.0663604736328125,-5.242716312408447,0.7145482270936487,0.10598821147330754,-0.690079924472288,-0.04446378331107349,-0.0006588451420155111,-0.0027998725651564643,0.000312927894197007,0.002893317675133488,-0.0025550534378863676,0.0004545975478946196,-0.022328418087264643,0.9997473214711402,2.5760894611625225
104057069483928,43.127761714,48565693,0.3553747832775116,0.17860233783721924,0.4490203857421875,0.006732728332281113,0.0030384808778762817,-0.03741812705993652,37.45301055908203,0,-0.09895560145378113,-0.10916781425476074,0.000274658203125,-0.0018476173281669617,0.0017451941967010498,-0.0004684925079345703,104057064442208,5.042,1515399,12628.325,34,True,-0.23543137311935425,1.0688914060592651,-5.23986291885376,0.7073208689689636,0.15210428833961487,-0.68513023853302,-0.08460535854101181,1510224,-0.23478978872299194,1.0663604736328125,-5.242716312408447,0.7145482270936487,0.10598821147330754,-0.690079924472288,-0.04446378331107349,-0.0022645383486550614,-0.0031205790466335244,0.0003048880844500105,0.003867700125766886,-0.003343940040762383,0.0007533730653515591,-0.061639151562845725,0.9980926136830395,7.078740830572356
104057169721755,43.227999541,48666188,0.2991980016231537,0.21543550491333008,0.384002685546875,0.008468486368656158,0.009355259127914906,-0.05047106742858887,37.45301055908203,0,-0.09895560145378113,-0.10916781425476074,0.000274658203125,-0.0018476173281669617,0.0017451941967010498,-0.0004684925079345703,104057162580335,7.141,1515411,12628.425,34,True,-0.23548272252082825,1.0691471099853516,-5.2380475997924805,0.7008615732192993,0.18116381764411926,-0.6807410717010498,-0.11209094524383545,1510224,-0.23478978872299194,1.0663604736328125,-5.242716312408447,0.7145482270936487,0.10598821147330754,-0.690079924472288,-0.04446378331107349,-0.003984546265858413,-0.003755050576772707,0.00025566212288161556,0.005481092673907603,-0.003935555737649518,0.0010532656643193472,-0.10225060451490513,0.9947503284286026,11.746916129526882
104057269952109,43.328229895,48766557,0.2102949321269989,0.20148372650146484,0.551422119140625,0.007956553250551224,0.009022781625390053,-0.06172657012939453,37.45301055908203,0,-0.09895560145378113,-0.10916781425476074,0.000274658203125,-0.0018476173281669617,0.0017451941967010498,-0.0004684925079345703,104057263378493,6.574,1515423,12628.525,34,True,-0.23570798337459564,1.0698050260543823,-5.235929489135742,0.6951406002044678,0.2017955631017685,-0.6773335337638855,-0.13144390285015106,1510224,-0.23478978872299194,1.0663604736328125,-5.242716312408447,0.7145482270936487,0.10598821147330754,-0.690079924472288,-0.04446378331107349,-0.005919073277275566,-0.00486030970022736,0.00033309772473791207,0.007666093720931635,-0.004451270139334634,0.0006740071258563574,-0.13110593219405475,0.9913581423744242,15.075941216013506
104057371781894,43.430059680,48866736,0.16607406735420227,0.1638634204864502,0.548431396484375,0.007534610107541084,0.00602390430867672,-0.06817054748535156,37.45301055908203,0,-0.09895560145378113,-0.10916781425476074,0.000274658203125,-0.0018476173281669617,0.0017451941967010498,-0.0004684925079345703,104057371506748,0.275,1515436,12628.633333333333,34,True,-0.23569725453853607,1.0699889659881592,-5.234836101531982,0.692194402217865,0.214534729719162,-0.6736493706703186,-0.14504598081111908,1510224,-0.23478978872299194,1.0663604736328125,-5.242716312408447,0.7145482270936487,0.10598821147330754,-0.690079924472288,-0.04446378331107349,-0.006947638374502924,-0.005267841717951164,0.0002594977620192375,0.008722796251016374,-0.003782451499423911,0.0021486356043197152,-0.15007128003375203,0.9886656094629396,17.2694208219471
104057472331608,43.530609394,48968598,0.16190092265605927,0.15690791606903076,0.50390625,0.007883552461862564,0.0032444847747683525,-0.07171893119812012,37.45301055908203,0,-0.09895560145378113,-0.10916781425476074,0.000274658203125,-0.0018476173281669617,0.0017451941967010498,-0.0004684925079345703,104057472088632,0.243,1515448,12628.733333333334,34,True,-0.23578059673309326,1.0702407360076904,-5.23447847366333,0.6910770535469055,0.21654336154460907,-0.6738811731338501,-0.14630670845508575,1510224,-0.23478978872299194,1.0663604736328125,-5.242716312408447,0.7145482270936487,0.10598821147330754,-0.690079924472288,-0.04446378331107349,-0.007245464512595715,-0.0055955076655001094,0.00030604209412077294,0.009159701075981037,-0.0041934674947922135,0.0012562526259666251,-0.15248466929772034,0.9882961409865338,17.549173000479684
104057572550028,43.630827814,49069039,0.08293287456035614,0.03523051738739014,0.3311004638671875,0.0049165524542331696,0.002434159629046917,-0.07042241096496582,37.45301055908203,0,-0.09895560145378113,-0.10916781425476074,0.000274658203125,-0.0018476173281669617,0.0017451941967010498,-0.0004684925079345703,104057571402831,1.147,1515460,12628.833333333334,34,True,-0.2358391284942627,1.0707635879516602,-5.234790802001953,0.6906861662864685,0.21493861079216003,-0.6748695373535156,-0.1459629088640213,1510224,-0.23478978872299194,1.0663604736328125,-5.242716312408447,0.7145482270936487,0.10598821147330754,-0.690079924472288,-0.04446378331107349,-0.006830581904538093,-0.006044285143738327,0.0003346831493213781,0.009127006347311192,-0.0032095872631018596,0.0003151898581809087,-0.15109822830250574,0.9885134923756973,17.385140998274316
104057672753872,43.731031658,49169289,0.12770861387252808,-0.04155242443084717,0.2476348876953125,0.004162220284342766,0.004352149553596973,-0.0690772533416748,37.45301055908203,0,-0.09895560145378113,-0.10916781425476074,0.000274658203125,-0.0018476173281669617,0.0017451941967010498,-0.0004684925079345703,104057672444272,0.310,1515472,12628.933333333332,34,True,-0.23584142327308655,1.0714880228042603,-5.2342987060546875,0.6904394626617432,0.217159703373909,-0.6739251613616943,-0.14818869531154633,1510224,-0.23478978872299194,1.0663604736328125,-5.242716312408447,0.7145482270936487,0.10598821147330754,-0.690079924472288,-0.04446378331107349,-0.00715711714189073,-0.006853039818069256,0.00025556198589618166,0.009912305103225185,-0.0032410103286589775,0.0009568957829894087,-0.15428941851968636,0.9880199165681667,17.75546605203137
104057773622944,43.831900730,49269560,0.1415693759918213,-0.028714776039123535,0.4817047119140625,0.005203193053603172,-0.0021584779024124146,-0.06919193267822266,37.45301055908203,0,-0.09895560145378113,-0.10916781425476074,0.000274658203125,-0.0018476173281669617,0.0017451941967010498,-0.0004684925079345703,104057773369985,0.253,1515484,12629.033333333333,34,True,-0.235942542552948,1.0721216201782227,-5.233654975891113,0.6895158290863037,0.2175666093826294,-0.6743718385696411,-0.1498509794473648,1510224,-0.23478978872299194,1.0663604736328125,-5.242716312408447,0.7145482270936487,0.10598821147330754,-0.690079924472288,-0.04446378331107349,-0.007653578519909344,-0.007614077601857382,0.0002757326658489678,0.010799419909909057,-0.00224561505331039,0.00015843233027607037,-0.15580531471917794,0.9877852175536375,17.928896291227126
104057873742614,43.932020400,49370325,0.11595973372459412,-0.009138703346252441,0.4184112548828125,0.006052553653717041,-0.0007840916514396667,-0.06725239753723145,37.45301055908203,0,-0.09895560145378113,-0.10916781425476074,0.000274658203125,-0.0018476173281669617,0.0017451941967010498,-0.0004684925079345703,104057873324567,0.418,1515496,12629.133333333333,34,True,-0.23598612844944,1.072047472000122,-5.233132839202881,0.6898715496063232,0.2164326161146164,-0.67461097240448,-0.14877575635910034,1510224,-0.23478978872299194,1.0663604736328125,-5.242716312408447,0.7145482270936487,0.10598821147330754,-0.690079924472288,-0.04446378331107349,-0.008180459459988356,-0.007655372253719603,0.0003024839386411864,0.011207860538598293,-0.0022218391050645714,0.00016949591922071905,-0.15420469535659473,0.9880364095680405,17.743215359309538
104057973908729,44.032186515,49470709,-0.0041869282722473145,-0.0631566047668457,0.50714111328125,0.005804914981126785,0.007048130035400391,-0.06446266174316406,37.45301055908203,0,-0.09895560145378113,-0.10916781425476074,0.000274658203125,-0.0018476173281669617,0.0017451941967010498,-0.0004684925079345703,104057969812257,4.096,1515508,12629.233333333334,34,True,-0.23595115542411804,1.0710973739624023,-5.2325263023376465,0.6889418959617615,0.216732919216156,-0.6758601069450378,-0.14696604013442993,1510224,-0.23478978872299194,1.0663604736328125,-5.242716312408447,0.7145482270936487,0.10598821147330754,-0.690079924472288,-0.04446378331107349,-0.008974239133887847,-0.0068544915477875,0.00031981272501243506,0.011297048401683258,-0.0035484723451822686,-0.0015697674686679375,-0.15321342070157942,0.9881855047970652,17.632087040176245
104058074220901,44.132498687,49570457,-0.010372132062911987,-0.031377315521240234,0.3133392333984375,0.005536030977964401,0.006058238446712494,-0.06285536289215088,37.45301055908203,0,-0.09895560145378113,-0.10916781425476074,0.000274658203125,-0.0018476173281669617,0.0017451941967010498,-0.0004684925079345703,104058072361510,1.859,1515520,12629.333333333334,34,True,-0.23576825857162476,1.0697287321090698,-5.232657432556152,0.6897593140602112,0.21764302253723145,-0.6748219132423401,-0.1465570032596588,1510224,-0.23478978872299194,1.0663604736328125,-5.242716312408447,0.7145482270936487,0.10598821147330754,-0.690079924472288,-0.04446378331107349,-0.009132856895025045,-0.005478017379522777,0.0002566764794589988,0.010652869673964269,-0.004615174814244172,-0.0003476639052567565,-0.15354099284569805,0.9881314400459082,17.6724643847228
104058174339842,44.232617628,49671010,-0.05448925495147705,0.09764862060546875,0.0989990234375,0.005392368882894516,0.012944655492901802,-0.06213796138763428,37.45301055908203,0,-0.09895560145378113,-0.10916781425476074,0.000274658203125,-0.0018476173281669617,0.0017451941967010498,-0.0004684925079345703,104058172416906,1.923,1515532,12629.433333333332,34,True,-0.23560041189193726,1.0680170059204102,-5.233855247497559,0.6904124617576599,0.2153446525335312,-0.675444483757019,-0.14398638904094696,1510224,-0.23478978872299194,1.0663604736328125,-5.242716312408447,0.7145482270936487,0.10598821147330754,-0.690079924472288,-0.04446378331107349,-0.008322971950836172,-0.0035450638064657572,0.0002834448986095398,0.009050949148949348,-0.004828999810489094,-0.0005120570163059114,-0.15002785567169977,0.9886698443267065,17.266188218402974
104058274551560,44.332829346,49771040,-0.01463291049003601,0.24692177772521973,0.1359405517578125,0.004941429942846298,0.004339841194450855,-0.06324148178100586,37.45301055908203,0,-0.09895560145378113,-0.10916781425476074,0.000274658203125,-0.0018476173281669617,0.0017451941967010498,-0.0004684925079345703,104058272425388,2.126,1515544,12629.533333333333,34,True,-0.2353138029575348,1.0646840333938599,-5.236259460449219,0.6926349401473999,0.21237081289291382,-0.674848198890686,-0.1404830664396286,1510224,-0.23478978872299194,1.0663604736328125,-5.242716312408447,0.7145482270936487,0.10598821147330754,-0.690079924472288,-0.04446378331107349,-0.006676793810024457,0.00023013247470460405,0.00037873932814227036,0.006691485635953814,-0.005442124447740864,0.0012086221932113836,-0.14527628142538904,0.9893754214498662,16.71894038693532
104058374673389,44.432951175,49871288,0.06601229310035706,0.5989235639572144,-0.014678955078125,0.006265735253691673,0.014642320573329926,-0.06634998321533203,37.45301055908203,0,-0.09895560145378113,-0.10916781425476074,0.000274658203125,-0.0018476173281669617,0.0017451941967010498,-0.0004684925079345703,104058372423505,2.250,1515556,12629.633333333333,34,True,-0.23492443561553955,1.0594371557235718,-5.239051818847656,0.6915165781974792,0.21525238454341888,-0.6756693124771118,-0.137630894780159,1510224,-0.23478978872299194,1.0663604736328125,-5.242716312408447,0.7145482270936487,0.10598821147330754,-0.690079924472288,-0.04446378331107349,-0.005056253133595647,0.005959367176174042,0.0005470108076706702,0.007834473416584223,-0.009331898488593117,-0.0005802842660580511,-0.14544910436505545,0.9893215538843639,16.76134560013637
104058474895393,44.533173179,49971453,0.13658498227596283,0.9042257070541382,0.018768310546875,0.005220511928200722,0.0063623907044529915,-0.07148301601409912,37.45301055908203,0,-0.09895560145378113,-0.10916781425476074,0.000274658203125,-0.0018476173281669617,0.0017451941967010498,-0.0004684925079345703,104058472803382,2.092,1515568,12629.733333333334,34,True,-0.2344861477613449,1.0542808771133423,-5.241582870483398,0.6922675371170044,0.21795929968357086,-0.6734819412231445,-0.14029064774513245,1510224,-0.23478978872299194,1.0663604736328125,-5.242716312408447,0.7145482270936487,0.10598821147330754,-0.690079924472288,-0.04446378331107349,-0.0036704367704108705,0.011549975936785651,0.0006476806916479636,0.012136455022132507,-0.009564590839981124,0.001662462425000788,-0.14923643827562297,0.9887538825772344,17.201914515500754
104058575106931,44.633384717,50071681,0.17228540033102036,1.2082653045654297,0.1255950927734375,0.0034816134721040726,0.024276534095406532,-0.07774496078491211,37.45301055908203,0,-0.09895560145378113,-0.10916781425476074,0.000274658203125,-0.0018476173281669617,0.0017451941967010498,-0.0004684925079345703,104058573300601,1.806,1515580,12629.833333333334,34,True,-0.23399369418621063,1.0490351915359497,-5.243762493133545,0.6912798285484314,0.22225867211818695,-0.6728415489196777,-0.14148329198360443,1510224,-0.23478978872299194,1.0663604736328125,-5.242716312408447,0.7145482270936487,0.10598821147330754,-0.690079924472288,-0.04446378331107349,-0.0026455527726038427,0.01715877164961572,0.0006864884271751482,0.0173750873481814,-0.011703256402620071,0.0013736956195342098,-0.15326472679905934,0.988114907421768,17.684793235641493
104058675301131,44.733578917,50171895,0.1047976016998291,1.4410254955291748,-0.007049560546875,0.0025455448776483536,0.030035190284252167,-0.08124995231628418,37.45301055908203,0,-0.09895560145378113,-0.10916781425476074,0.000274658203125,-0.0018476173281669617,0.0017451941967010498,-0.0004684925079345703,104058673205164,2.096,1515592,12629.933333333332,34,True,-0.23365075886249542,1.044725775718689,-5.24483060836792,0.6910908222198486,0.22212903201580048,-0.6738489866256714,-0.13776695728302002,1510224,-0.23478978872299194,1.0663604736328125,-5.242716312408447,0.7145482270936487,0.10598821147330754,-0.690079924472288,-0.04446378331107349,-0.0025108351205238104,0.021609342599735584,0.0007482042953122995,0.02176758577019341,-0.0141541140690328,0.00013527993310058492,-0.1505827602408146,0.9884960673025046,17.398348032514367
104058775919828,44.834197614,50271881,0.10039307177066803,1.774592638015747,0.069793701171875,0.002677738666534424,0.021273309364914894,-0.08145546913146973,37.45301055908203,0,-0.09895560145378113,-0.10916781425476074,0.000274658203125,-0.0018476173281669617,0.0017451941967010498,-0.0004684925079345703,104058775594448,0.325,1515604,12630.033333333333,34,True,-0.23338820040225983,1.0407217741012573,-5.245616436004639,0.6911593675613403,0.22344014048576355,-0.6734398007392883,-0.13730332255363464,1510224,-0.23478978872299194,1.0663604736328125,-5.242716312408447,0.7145482270936487,0.10598821147330754,-0.690079924472288,-0.04446378331107349,-0.002588862029952882,0.02569609611017306,0.000852360516438815,0.02584024149197075,-0.015436588858406791,0.00036752806486023415,-0.15121058588595443,0.9883809667145379,17.485337897011547
104058876243890,44.934521676,50372531,0.21358683705329895,1.9144220352172852,-0.03668212890625,0.0028848797082901,0.025178104639053345,-0.08171451091766357,37.45301055908203,0,-0.09895560145378113,-0.10916781425476074,0.000274658203125,-0.0018476173281669617,0.0017451941967010498,-0.0004684925079345703,104058871220654,5.023,1515616,12630.133333333333,34,True,-0.23313148319721222,1.038153052330017,-5.245910167694092,0.6898075342178345,0.22742557525634766,-0.6729475259780884,-0.13994620740413666,1510224,-0.23478978872299194,1.0663604736328125,-5.242716312408447,0.7145482270936487,0.10598821147330754,-0.690079924472288,-0.04446378331107349,-0.0028422208944333437,0.028281711691087067,0.0008221128665478564,0.028436056431155637,-0.01629045629864903,-0.00011068376583850403,-0.1560473391020803,0.9876152270706676,18.053478418864064
104058976316949,45.034594735,50472836,-0.012910008430480957,1.9668974876403809,-0.0613555908203125,0.0024970360100269318,0.027597595006227493,-0.08255147933959961,37.45301055908203,0,-0.09895560145378113,-0.10916781425476074,0.000274658203125,-0.0018476173281669617,0.0017451941967010498,-0.0004684925079345703,104058970511942,5.805,1515628,12630.233333333334,34,True,-0.23319630324840546,1.038059115409851,-5.2455339431762695,0.6897779703140259,0.2275063544511795,-0.6731314063072205,-0.13907358050346375,1510224,-0.23478978872299194,1.0663604736328125,-5.242716312408447,0.7145482270936487,0.10598821147330754,-0.690079924472288,-0.04446378331107349,-0.0032313248280971254,0.028288385571952707,0.0008780079462877556,0.028485875734579117,-0.016948930684612368,-0.00035855648118010564,-0.1554978348470616,0.9876907555220784,17.99823092864862
104059076434546,45.134712332,50572737,0.06124255061149597,2.0170079469680786,0.027130126953125,0.0016225241124629974,0.034813329577445984,-0.08070862293243408,37.45301055908203,0,-0.09895560145378113,-0.10916781425476074,0.000274658203125,-0.0018476173281669617,0.0017451941967010498,-0.0004684925079345703,104059073328313,3.106,1515640,12630.333333333334,34,True,-0.2332116663455963,1.038312315940857,-5.245542049407959,0.6894649267196655,0.22826701402664185,-0.6728785037994385,-0.1405945122241974,1510224,-0.23478978872299194,1.0663604736328125,-5.242716312408447,0.7145482270936487,0.10598821147330754,-0.690079924472288,-0.04446378331107349,-0.0031699029349486047,0.028042191527581764,0.000872708115396336,0.028234277213012783,-0.016399954192414717,-0.00026649153577845697,-0.15713536111847504,0.987440858366168,18.18038959561077
104059176679481,45.234957267,50673012,-0.03469431400299072,1.9402961730957031,0.1335601806640625,0.0015543773770332336,0.033167652785778046,-0.08139169216156006,37.45301055908203,0,-0.09895560145378113,-0.10916781425476074,0.000274658203125,-0.0018476173281669617,0.0017451941967010498,-0.0004684925079345703,104059171265284,5.414,1515652,12630.433333333332,34,True,-0.23326808214187622,1.038034439086914,-5.244888782501221,0.6893646121025085,0.2292078286409378,-0.6725084185600281,-0.14132460951805115,1510224,-0.23478978872299194,1.0663604736328125,-5.242716312408447,0.7145482270936487,0.10598821147330754,-0.690079924472288,-0.04446378331107349,-0.003868550029903958,0.028170572618430114,0.0009233684715885318,0.028449946402734017,-0.016562266024410743,-3.572335968932139e-05,-0.15833853134548134,0.9872459671020867,18.32120606014674
104059276846204,45.335123990,50773190,0.05423811078071594,1.8939402103424072,0.0258026123046875,0.0007661972194910049,0.02818945050239563,-0.08076739311218262,37.45301055908203,0,-0.09895560145378113,-0.10916781425476074,0.000274658203125,-0.0018476173281669617,0.0017451941967010498,-0.0004684925079345703,104059272692996,4.153,1515664,12630.533333333333,34,True,-0.2333166003227234,1.0385857820510864,-5.244416236877441,0.6893180012702942,0.22763574123382568,-0.6730891466140747,-0.1413288563489914,1510224,-0.23478978872299194,1.0663604736328125,-5.242716312408447,0.7145482270936487,0.10598821147330754,-0.690079924472288,-0.04446378331107349,-0.00421398989255125,0.027530273943070338,0.0009054421726178624,0.027865633309203233,-0.015410741399526223,-0.0004124956555117687,-0.1571972354383918,0.9874468937960046,18.176011496352924
104059377094268,45.435372054,50873358,-0.12210586667060852,1.941283106803894,0.0279693603515625,0.0025889892131090164,0.03670935332775116,-0.0791083574295044,37.45301055908203,0,-0.09895560145378113,-0.10916781425476074,0.000274658203125,-0.0018476173281669617,0.0017451941967010498,-0.0004684925079345703,104059373728861,3.365,1515676,12630.633333333333,34,True,-0.23333659768104553,1.0391290187835693,-5.244486331939697,0.6890124678611755,0.22706903517246246,-0.6737380623817444,-0.14063623547554016,1510224,-0.23478978872299194,1.0663604736328125,-5.242716312408447,0.7145482270936487,0.10598821147330754,-0.690079924472288,-0.04446378331107349,-0.004030406114180577,0.027014295938788044,0.0008834636597646542,0.027327584352660396,-0.015432218329270416,-0.0011352314972146729,-0.15631787259847998,0.9875855814020226,18.075117840732183
104059477335548,45.535613334,50973863,-0.010801434516906738,1.8709853887557983,0.199615478515625,0.0007012467831373215,0.03358631581068039,-0.07817482948303223,37.45301055908203,0,-0.09895560145378113,-0.10916781425476074,0.000274658203125,-0.0018476173281669617,0.0017451941967010498,-0.0004684925079345703,104059472821761,4.514,1515688,12630.733333333334,34,True,-0.23335132002830505,1.0393931865692139,-5.2444748878479,0.6891003847122192,0.22664028406143188,-0.6739110350608826,-0.14006707072257996,1510224,-0.23478978872299194,1.0663604736328125,-5.242716312408447,0.7145482270936487,0.10598821147330754,-0.690079924472288,-0.04446378331107349,-0.003985730001532205,0.026753380016591305,0.0008757655937039551,0.027062822309071474,-0.015528617733422014,-0.0012394200373006539,-0.15560173318775852,0.9876970317350489,17.99363243893313
104059577544443,45.635822229,51074046,-0.18044903874397278,1.8838673830032349,0.2433319091796875,0.0017015598714351654,0.039198800921440125,-0.07751226425170898,37.45301055908203,0,-0.09895560145378113,-0.10916781425476074,0.000274658203125,-0.0018476173281669617,0.0017451941967010498,-0.0004684925079345703,104059574227011,3.317,1515700,12630.833333333334,34,True,-0.23332251608371735,1.0393368005752563,-5.243783950805664,0.6899382472038269,0.2259991466999054,-0.6733383536338806,-0.13973213732242584,1510224,-0.23478978872299194,1.0663604736328125,-5.242716312408447,0.7145482270936487,0.10598821147330754,-0.690079924472288,-0.04446378331107349,-0.004671891015820817,0.026665896502612495,0.0008216108051343614,0.027084527802176322,-0.015423459936160674,-0.00025901106846343275,-0.1548491402550694,0.9878176924712019,17.904998362419988
104059677753097,45.736030883,51174195,-0.15762227773666382,1.824518084526062,0.242584228515625,0.0009784642606973648,0.0339793935418129,-0.07499957084655762,37.45301055908203,0,-0.09895560145378113,-0.10916781425476074,0.000274658203125,-0.0018476173281669617,0.0017451941967010498,-0.0004684925079345703,104059672286846,5.466,1515712,12630.933333333332,34,True,-0.23336173593997955,1.039528727531433,-5.242453098297119,0.690854012966156,0.22541742026805878,-0.6727984547615051,-0.13874420523643494,1510224,-0.23478978872299194,1.0663604736328125,-5.242716312408447,0.7145482270936487,0.10598821147330754,-0.690079924472288,-0.04446378331107349,-0.005931958056632379,0.026196262331387297,0.0007867202475173004,0.026871010685650818,-0.015825888745215677,0.000679880885262274,-0.15367866307322886,0.9879939005497104,17.774773239191447
104059777952688,45.836230474,51274565,-0.32390809059143066,1.6742209196090698,0.3338775634765625,0.0001735500991344452,0.04625825956463814,-0.0713433027267456,37.45301055908203,0,-0.09895560145378113,-0.10916781425476074,0.000274658203125,-0.0018476173281669617,0.0017451941967010498,-0.0004684925079345703,104059772417964,5.535,1515724,12631.033333333333,34,True,-0.23365308344364166,1.0399954319000244,-5.239731788635254,0.6884603500366211,0.22492825984954834,-0.6755223870277405,-0.13819965720176697,1510224,-0.23478978872299194,1.0663604736328125,-5.242716312408447,0.7145482270936487,0.10598821147330754,-0.690079924472288,-0.04446378331107349,-0.008498025087261859,0.025144643016826458,0.0009194584216512844,0.026557765467307617,-0.01548229861522224,-0.0029542845467080414,-0.1530859348474426,0.9880871759031643,17.70545429834409
104059880206884,45.938484670,51374903,-0.5188879072666168,1.5783084630966187,0.351898193359375,0.000704154372215271,0.0345383957028389,-0.0647963285446167,37.45301055908203,0,-0.09895560145378113,-0.10916781425476074,0.000274658203125,-0.0018476173281669617,0.0017451941967010498,-0.0004684925079345703,104059879874858,0.332,1515737,12631.141666666666,34,True,-0.23371200263500214,1.0404653549194336,-5.236219882965088,0.6893492341041565,0.22228355705738068,-0.675705075263977,-0.13715115189552307,1510224,-0.23478978872299194,1.0663604736328125,-5.242716312408447,0.7145482270936487,0.10598821147330754,-0.690079924472288,-0.04446378331107349,-0.011829797151538281,0.023944946153573794,0.0007860309153627967,0.026719326180575695,-0.014426609431997778,-0.0024649586215947372,-0.1503702716594939,0.9885214101476714,17.379136568461195
104059980276283,46.038554069,51476752,-0.8071443140506744,1.4038859605789185,0.0921630859375,0.0017045941203832626,0.022891946136951447,-0.05612802505493164,37.45301055908203,0,-0.09895560145378113,-0.10916781425476074,0.000274658203125,-0.0018476173281669617,0.0017451941967010498,-0.0004684925079345703,104059978523318,1.753,1515749,12631.241666666667,34,True,-0.23398132622241974,1.041388988494873,-5.231778144836426,0.6892801523208618,0.21763871610164642,-0.6777855157852173,-0.13465909659862518,1510224,-0.23478978872299194,1.0663604736328125,-5.242716312408447,0.7145482270936487,0.10598821147330754,-0.690079924472288,-0.04446378331107349,-0.015978515977658387,0.022089467863586926,0.000783982205194261,0.02727402044882245,-0.01277841867835869,-0.004056807071850133,-0.14524641787126033,0.989304671184782,16.774613963717016
104060080480351,46.138758137,51576712,-1.120593100786209,1.1235078573226929,-0.251556396484375,-0.0009242501109838486,0.017546802759170532,-0.04479801654815674,37.45301055908203,0,-0.09895560145378113,-0.10916781425476074,0.000274658203125,-0.0018476173281669617,0.0017451941967010498,-0.0004684925079345703,104060079741096,0.739,1515761,12631.341666666667,34,True,-0.23427137732505798,1.0415900945663452,-5.227275848388672,0.6870327591896057,0.2181556522846222,-0.6798316240310669,-0.13499274849891663,1510224,-0.23478978872299194,1.0663604736328125,-5.242716312408447,0.7145482270936487,0.10598821147330754,-0.690079924472288,-0.04446378331107349,-0.02034068538222723,0.020922853011081564,0.0008597084842491448,0.02919329304172394,-0.012579944865321798,-0.00705735284860859,-0.1459932623295467,0.9891804214157961,16.871945013955248
104060180601460,46.238879246,51677152,-1.47682324051857,0.9692500829696655,-0.4249267578125,0.001381799578666687,0.007798322476446629,-0.03613626956939697,37.45301055908203,0,-0.09895560145378113,-0.10916781425476074,0.000274658203125,-0.0018476173281669617,0.0017451941967010498,-0.0004684925079345703,104060179453977,1.147,1515773,12631.441666666666,34,True,-0.23442065715789795,1.0416141748428345,-5.222192287445068,0.685394287109375,0.21974441409111023,-0.6807721853256226,-0.13600164651870728,1510224,-0.23478978872299194,1.0663604736328125,-5.242716312408447,0.7145482270936487,0.10598821147330754,-0.690079924472288,-0.04446378331107349,-0.025304755986396962,0.019819307198755083,0.0007845694633998785,0.03215200091149255,-0.012782869024019013,-0.008823816264145414,-0.14795655460166754,0.98887188071886,17.11126338562678
104060282065670,46.340343456,51777161,-1.906615287065506,0.8136666417121887,-0.4037628173828125,0.0017971191555261612,0.007781326770782471,-0.02724456787109375,37.45301055908203,0,-0.09895560145378113,-0.10916781425476074,0.000274658203125,-0.0018476173281669617,0.0017451941967010498,-0.0004684925079345703,104060281762814,0.303,1515785,12631.541666666666,34,True,-0.23431092500686646,1.0410693883895874,-5.218296527862549,0.6850477457046509,0.21837890148162842,-0.6816434860229492,-0.13558180630207062,1510224,-0.23478978872299194,1.0663604736328125,-5.242716312408447,0.7145482270936487,0.10598821147330754,-0.690079924472288,-0.04446378331107349,-0.029223193259169382,0.019542163986627104,0.0005504388829035969,0.03515955318980604,-0.012032796937323842,-0.009669326699465408,-0.1466891039805193,0.9890621935411528,16.964044057903262
104060382274933,46.440552719,51878858,-2.23269584774971,0.5497214794158936,-0.593292236328125,0.00041522830724716187,0.012128944508731365,-0.016937971115112305,37.45301055908203,0,-0.09895560145378113,-0.10916781425476074,0.000274658203125,-0.0018476173281669617,0.0017451941967010498,-0.0004684925079345703,104060380761971,1.513,1515797,12631.641666666666,34,True,-0.2344992756843567,1.0404002666473389,-5.2146100997924805,0.6852709650993347,0.21676106750965118,-0.6819274425506592,-0.1356220543384552,1510224,-0.23478978872299194,1.0663604736328125,-5.242716312408447,0.7145482270936487,0.10598821147330754,-0.690079924472288,-0.04446378331107349,-0.032971111145762656,0.019403136370977337,0.0006325037163561035,0.03826193842669478,-0.01086743213670005,-0.009641987236202076,-0.14552457298973764,0.989247961664337,16.819106732180277
104060482390073,46.540667859,51978969,-2.5811391174793243,0.5517044067382812,-0.76806640625,0.0014820564538240433,0.008987990207970142,-0.010633349418640137,37.45301055908203,0,-0.09895560145378113,-0.10916781425476074,0.000274658203125,-0.0018476173281669617,0.0017451941967010498,-0.0004684925079345703,104060481522907,0.867,1515809,12631.741666666667,34,True,-0.2345532327890396,1.0395705699920654,-5.211455821990967,0.684015691280365,0.21893516182899475,-0.6823710203170776,-0.13623403012752533,1510224,-0.23478978872299194,1.0663604736328125,-5.242716312408447,0.7145482270936487,0.10598821147330754,-0.690079924472288,-0.04446378331107349,-0.03623004394743702,0.01954420774669935,0.00061726497748442,0.041170051699406324,-0.011827616766912186,-0.010856990657791388,-0.14761370467015647,0.9889147725810469,17.078193706067186
104060582633515,46.640911301,52079076,-2.8714435398578644,0.41154956817626953,-0.985809326171875,0.000607544556260109,0.0026545273140072823,-0.005920529365539551,37.45301055908203,0,-0.09895560145378113,-0.10916781425476074,0.000274658203125,-0.0018476173281669617,0.0017451941967010498,-0.0004684925079345703,104060580320016,2.313,1515821,12631.841666666667,34,True,-0.2346191257238388,1.0396478176116943,-5.2088942527771,0.6815981864929199,0.22001579403877258,-0.6839148998260498,-0.13884307444095612,1510224,-0.23478978872299194,1.0663604736328125,-5.242716312408447,0.7145482270936487,0.10598821147330754,-0.690079924472288,-0.04446378331107349,-0.03871731015033631,0.01892558616776226,0.0005647284281565038,0.043099035201130634,-0.01043792674308841,-0.013399959373079362,-0.15037389521916988,0.9884832737131772,17.40803838339904
104060682756215,46.741034001,52179356,-2.957783490419388,0.329822301864624,-0.8131256103515625,-0.00016646087169647217,0.004076081328094006,-0.0022513866424560547,37.45301055908203,0,-0.09895560145378113,-0.10916781425476074,0.000274658203125,-0.0018476173281669617,0.0017451941967010498,-0.0004684925079345703,104060680477596,2.279,1515833,12631.941666666666,34,True,-0.2346005141735077,1.0392438173294067,-5.208089351654053,0.6809993982315063,0.22243213653564453,-0.6835148334503174,-0.13989730179309845,1510224,-0.23478978872299194,1.0663604736328125,-5.242716312408447,0.7145482270936487,0.10598821147330754,-0.690079924472288,-0.04446378331107349,-0.039589027617570056,0.01915170190145457,0.0005445104145873833,0.04398153345460453,-0.011367877870039483,-0.01352300852613042,-0.1529092431850344,0.9880823158733862,17.70907274737544
104060782969895,46.841247681,52279587,-3.031650573015213,0.39839959144592285,-0.918548583984375,0.003585357218980789,0.0063953762874007225,-0.002068638801574707,37.45301055908203,0,-0.09895560145378113,-0.10916781425476074,0.000274658203125,-0.0018476173281669617,0.0017451941967010498,-0.0004684925079345703,104060780514197,2.456,1515845,12632.041666666666,34,True,-0.2346281260251999,1.0386829376220703,-5.207804203033447,0.6810236573219299,0.22294920682907104,-0.6831071376800537,-0.14094337821006775,1510224,-0.23478978872299194,1.0663604736328125,-5.242716312408447,0.7145482270936487,0.10598821147330754,-0.690079924472288,-0.04446378331107349,-0.03998761890732552,0.019635443797615795,0.0006059673744721649,0.04455252535452677,-0.011021515526652537,-0.013127068991656332,-0.15401615156208442,0.9879196482068717,17.829763834767565
104060883161633,46.941439419,52379687,-3.0333321392536163,0.29706645011901855,-0.96307373046875,0.0008863434195518494,0.0032315803691744804,-0.0019266605377197266,37.45301055908203,0,-0.09895560145378113,-0.10916781425476074,0.000274658203125,-0.0018476173281669617,0.0017451941967010498,-0.0004684925079345703,104060882461753,0.700,1515857,12632.141666666666,34,True,-0.2345219999551773,1.0386594533920288,-5.208063125610352,0.6806990504264832,0.22371721267700195,-0.683428168296814,-0.13973340392112732,1510224,-0.23478978872299194,1.0663604736328125,-5.242716312408447,0.7145482270936487,0.10598821147330754,-0.690079924472288,-0.04446378331107349,-0.03973704544201674,0.019722197630192242,0.0005135451712616475,0.044365094257402295,-0.012367626582715951,-0.013742856290686167,-0.1537500719422354,0.9879367849672577,17.817087452913896
104060983227826,47.041505612,52479929,-2.9963846504688263,0.2064075469970703,-1.181243896484375,-0.0025314688682556152,-0.003946023061871529,-0.002925395965576172,37.45301055908203,0,-0.09895560145378113,-0.10916781425476074,0.000274658203125,-0.0018476173281669617,0.0017451941967010498,-0.0004684925079345703,104060978572666,4.655,1515869,12632.241666666667,34,True,-0.23455935716629028,1.0387120246887207,-5.20880126953125,0.6811883449554443,0.22268792986869812,-0.6830925345420837,-0.1406312882900238,1510224,-0.23478978872299194,1.0663604736328125,-5.242716312408447,0.7145482270936487,0.10598821147330754,-0.690079924472288,-0.04446378331107349,-0.0390058010695186,0.019822529524028992,0.0005785907643964263,0.04375751319577593,-0.01107308680900271,-0.013024446700632355,-0.1535972780017851,0.987985640951884,17.780898559647767
104061083328767,47.141606553,52579701,-3.0131786167621613,0.35519886016845703,-0.9854736328125,0.0005504433065652847,0.00474539864808321,-0.004315376281738281,37.45301055908203,0,-0.09895560145378113,-0.10916781425476074,0.000274658203125,-0.0018476173281669617,0.0017451941967010498,-0.0004684925079345703,104061080770892,2.558,1515881,12632.341666666667,34,True,-0.23457567393779755,1.0392404794692993,-5.209074020385742,0.68068927526474,0.22249892354011536,-0.6835530400276184,-0.14110851287841797,1510224,-0.23478978872299194,1.0663604736328125,-5.242716312408447,0.7145482270936487,0.10598821147330754,-0.690079924472288,-0.04446378331107349,-0.03862732378611234,0.019363796528608673,0.0005630117518105895,0.04321277289310643,-0.01053065875930878,-0.013638914018055004,-0.15382396773449425,0.987948010879581,17.80877858387173
104061183577981,47.241855767,52679936,-2.8272757828235626,0.24168181419372559,-0.833984375,-0.0010303575545549393,0.0014103390276432037,-0.005432009696960449,37.45301055908203,0,-0.09895560145378113,-0.10916781425476074,0.000274658203125,-0.0018476173281669617,0.0017451941967010498,-0.0004684925079345703,104061180251210,3.327,1515893,12632.441666666666,34,True,-0.23465968668460846,1.040050745010376,-5.2094316482543945,0.6806042194366455,0.22265012562274933,-0.6832085847854614,-0.1429365873336792,1510224,-0.23478978872299194,1.0663604736328125,-5.242716312408447,0.7145482270936487,0.10598821147330754,-0.690079924472288,-0.04446378331107349,-0.038107662517665564,0.01864240829684378,0.0005952183701863677,0.042427439406293774,-0.009361479281492252,-0.013264448209041713,-0.15521785793427373,0.9877468469692361,17.957092120800855
104061283781032,47.342058818,52780306,-2.7628221809864044,0.39367103576660156,-0.812591552734375,0.0025030970573425293,-0.0007834304124116898,-0.006272792816162109,37.45301055908203,0,-0.09895560145378113,-0.10916781425476074,0.000274658203125,-0.0018476173281669617,0.0017451941967010498,-0.0004684925079345703,104061283534782,0.246,1515905,12632.541666666666,34,True,-0.23468883335590363,1.0410858392715454,-5.209780216217041,0.6815221309661865,0.2215805947780609,-0.6827455163002014,-0.14243684709072113,1510224,-0.23478978872299194,1.0663604736328125,-5.242716312408447,0.7145482270936487,0.10598821147330754,-0.690079924472288,-0.04446378331107349,-0.03754762152484303,0.01770517402160887,0.0005538024044213676,0.041516307234765626,-0.009070399417037358,-0.01230554201296197,-0.15403206398232697,0.9879475819877931,17.809096099160364
104061383900039,47.442177825,52880700,-2.7140500843524933,0.21185576915740967,-0.8554534912109375,-0.0005564931780099869,-0.004213530570268631,-0.005783200263977051,37.45301055908203,0,-0.09895560145378113,-0.10916781425476074,0.000274658203125,-0.0018476173281669617,0.0017451941967010498,-0.0004684925079345703,104061380283640,3.616,1515917,12632.641666666666,34,True,-0.23491701483726501,1.0442088842391968,-5.2101874351501465,0.681951642036438,0.220980703830719,-0.6826915740966797,-0.14156869053840637,1510224,-0.23478978872299194,1.0663604736328125,-5.242716312408447,0.7145482270936487,0.10598821147330754,-0.690079924472288,-0.04446378331107349,-0.036490902571628805,0.014729528184862135,0.0005403552464313755,0.03935526590982583,-0.00930158171932169,-0.012035942154545511,-0.15296119688231977,0.9881151192661205,17.68463531117546
104061484108304,47.542386090,52980663,-2.5690920650959015,0.11756622791290283,-0.98419189453125,0.00016965530812740326,-0.014114193618297577,-0.006147980690002441,37.45301055908203,0,-0.09895560145378113,-0.10916781425476074,0.000274658203125,-0.0018476173281669617,0.0017451941967010498,-0.0004684925079345703,104061482624942,1.483,1515929,12632.741666666667,34,True,-0.23525454103946686,1.0495994091033936,-5.210393905639648,0.681708037853241,0.22023190557956696,-0.6827952265739441,-0.1433977335691452,1510224,-0.23478978872299194,1.0663604736328125,-5.242716312408447,0.7145482270936487,0.10598821147330754,-0.690079924472288,-0.04446378331107349,-0.03515041571699827,0.009494337899859023,0.0004394097953033878,0.036412734835531195,-0.007456093443880735,-0.012050960720457526,-0.1537095268929184,0.9880144545291965,17.75952130490613
104061584242087,47.642519873,53080853,-2.365656167268753,-0.22039341926574707,-1.1751708984375,-0.00208999402821064,-0.024742791429162025,-0.006768465042114258,37.45301055908203,0,-0.09895560145378113,-0.10916781425476074,0.000274658203125,-0.0018476173281669617,0.0017451941967010498,-0.0004684925079345703,104061580465403,3.777,1515941,12632.841666666667,34,True,-0.23571744561195374,1.0566577911376953,-5.210165023803711,0.6827442049980164,0.21501347422599792,-0.6836192607879639,-0.1424580216407776,1510224,-0.23478978872299194,1.0663604736328125,-5.242716312408447,0.7145482270936487,0.10598821147330754,-0.690079924472288,-0.04446378331107349,-0.03388333698864419,0.002532713133772007,0.0003063061042886152,0.03397924343968725,-0.004485162807487481,-0.011792302838775472,-0.14918577988303747,0.9887286928116524,17.221205008007384
104061684317161,47.742594947,53181048,-2.172562390565872,-0.44959092140197754,-1.019866943359375,-0.0019548647105693817,-0.028513582423329353,-0.005134224891662598,37.45301055908203,0,-0.09895560145378113,-0.10916781425476074,0.000274658203125,-0.0018476173281669617,0.0017451941967010498,-0.0004684925079345703,104061681458393,2.859,1515953,12632.941666666666,34,True,-0.23615886270999908,1.063104510307312,-5.211139678955078,0.6843737959861755,0.21176862716674805,-0.6829469799995422,-0.14272351562976837,1510224,-0.23478978872299194,1.0663604736328125,-5.242716312408447,0.7145482270936487,0.10598821147330754,-0.690079924472288,-0.04446378331107349,-0.031570328215317654,-0.0035789429262564976,0.00025492138994521714,0.03177356512900834,-0.0021999623844266014,-0.010014960388705418,-0.14690756710949737,0.9890970768634839,16.936921793314124
104061784428785,47.842706571,53280955,-1.9306826889514923,-0.5621542930603027,-1.0144195556640625,-0.0002116914838552475,-0.030415957793593407,-0.0050650835037231445,37.45301055908203,0,-0.09895560145378113,-0.10916781425476074,0.000274658203125,-0.0018476173281669617,0.0017451941967010498,-0.0004684925079345703,104061780434802,3.994,1515965,12633.041666666666,34,True,-0.23641730844974518,1.0681101083755493,-5.211103916168213,0.6849833726882935,0.20722901821136475,-0.6842575073242188,-0.14016295969486237,1510224,-0.23478978872299194,1.0663604736328125,-5.242716312408447,0.7145482270936487,0.10598821147330754,-0.690079924472288,-0.04446378331107349,-0.03054638627248028,-0.00848307770365423,9.652258668325225e-05,0.03170258093978386,-0.0007851137172301401,-0.010600278977395404,-0.14177392654954715,0.9898419931649576,16.347080201575473
104061884678041,47.942955827,53381114,-1.7019101679325104,-0.888085126876831,-1.2030181884765625,-0.0036072134971618652,-0.034294493496418,-0.0036793947219848633,37.45301055908203,0,-0.09895560145378113,-0.10916781425476074,0.000274658203125,-0.0018476173281669617,0.0017451941967010498,-0.0004684925079345703,104061882916421,1.762,1515977,12633.141666666666,34,True,-0.23662085831165314,1.0721930265426636,-5.211442470550537,0.6843541264533997,0.2086089700460434,-0.6838700771331787,-0.14305055141448975,1510224,-0.23478978872299194,1.0663604736328125,-5.242716312408447,0.7145482270936487,0.10598821147330754,-0.690079924472288,-0.04446378331107349,-0.029351823786672834,-0.012405424010075189,-2.3861363379653645e-05,0.031865728829548294,0.0003128483707581231,-0.010512979147693169,-0.14483656150049296,0.9893996916555267,16.69979964525145
104061984784538,48.043062324,53481461,-1.7190616428852081,-1.1365916728973389,-1.389923095703125,-0.00353841669857502,-0.028098007664084435,-0.004796028137207031,37.45301055908203,0,-0.09895560145378113,-0.10916781425476074,0.000274658203125,-0.0018476173281669617,0.0017451941967010498,-0.0004684925079345703,104061979037148,5.747,1515989,12633.241666666667,34,True,-0.23691071569919586,1.0765961408615112,-5.211065769195557,0.6832680702209473,0.20887115597724915,-0.6842771768569946,-0.14588448405265808,1510224,-0.23478978872299194,1.0663604736328125,-5.242716312408447,0.7145482270936487,0.10598821147330754,-0.690079924472288,-0.04446378331107349,-0.02878991702723337,-0.016797360488352363,-0.00011601170398141468,0.03333202814900563,0.0022483386612702494,-0.011264631808781789,-0.1470765585488098,0.9890584102917863,16.966982999492384
104062085692720,48.143970506,53581100,-1.4606544077396393,-1.2432599067687988,-1.389129638671875,-0.0023239273577928543,-0.04114591330289841,-0.0047070980072021484,37.45301055908203,0,-0.09895560145378113,-0.10916781425476074,0.000274658203125,-0.0018476173281669617,0.0017451941967010498,-0.0004684925079345703,104062085417126,0.276,1516001,12633.341666666667,34,True,-0.23708997666835785,1.080361008644104,-5.210765838623047,0.6852463483810425,0.20500551164150238,-0.6836672425270081,-0.14494572579860687,1510224,-0.23478978872299194,1.0663604736328125,-5.242716312408447,0.7145482270936487,0.10598821147330754,-0.690079924472288,-0.04446378331107349,-0.0282860867613409,-0.020541840483996696,-0.00026211745056963246,0.03495909924895039,0.004092546574962192,-0.009391250238383999,-0.14348399484344812,0.9895996153522177,16.54129278794547
104062185812246,48.244090032,53682468,-1.4005863964557648,-1.3491837978363037,-1.2994537353515625,-0.0032108239829540253,-0.03693614900112152,-0.0028682947158813477,37.45301055908203,0,-0.09895560145378113,-0.10916781425476074,0.000274658203125,-0.0018476173281669617,0.0017451941967010498,-0.0004684925079345703,104062180392891,5.419,1516013,12633.441666666666,34,True,-0.23709982633590698,1.0809599161148071,-5.210969924926758,0.685116708278656,0.20396149158477783,-0.6841200590133667,-0.14489495754241943,1510224,-0.23478978872299194,1.0663604736328125,-5.242716312408447,0.7145482270936487,0.10598821147330754,-0.690079924472288,-0.04446378331107349,-0.027959521474235742,-0.02108298949797673,-0.0002929598192141791,0.03501875372847699,0.0048304849519346105,-0.009763231158133101,-0.14269656309232323,0.9897065406544107,16.455896244519614
104062286048150,48.344325936,53782625,-1.3341911137104034,-1.4716429710388184,-1.3589019775390625,-0.0022214148193597794,-0.034221500158309937,-0.001974344253540039,37.45301055908203,0,-0.09895560145378113,-0.10916781425476074,0.000274658203125,-0.0018476173281669617,0.0017451941967010498,-0.0004684925079345703,104062281142066,4.906,1516025,12633.541666666666,34,True,-0.23698297142982483,1.080265998840332,-5.2109856605529785,0.6855847239494324,0.20329225063323975,-0.6841330528259277,-0.14355434477329254,1510224,-0.23478978872299194,1.0663604736328125,-5.242716312408447,0.7145482270936487,0.10598821147330754,-0.690079924472288,-0.04446378331107349,-0.028088906491101677,-0.02039357588849234,-0.0003512028899718431,0.034713224408796636,0.004314949578990535,-0.009561879624074678,-0.14124304355354309,0.9899193675829954,16.284597235144354
104062386183036,48.444460822,53882781,-1.4049889147281647,-1.353322982788086,-1.2963409423828125,-0.0007621180266141891,-0.03475811332464218,-0.001392364501953125,37.45301055908203,0,-0.09895560145378113,-0.10916781425476074,0.000274658203125,-0.0018476173281669617,0.0017451941967010498,-0.0004684925079345703,104062381044676,5.138,1516037,12633.641666666666,34,True,-0.23689548671245575,1.0794724225997925,-5.211205005645752,0.6866304874420166,0.2012193500995636,-0.6840661764144897,-0.1417844593524933,1510224,-0.23478978872299194,1.0663604736328125,-5.242716312408447,0.7145482270936487,0.10598821147330754,-0.690079924472288,-0.04446378331107349,-0.028041361228201164,-0.019567060576113408,-0.00036307644987214663,0.03419531581413172,0.0044271614560859604,-0.00888785088884342,-0.1384326299581006,0.9903220755445691,15.955470622195854
104062486289903,48.544567689,53982977,-1.3977772295475006,-1.2998230457305908,-1.5317840576171875,-0.0009882953017950058,-0.0313271377235651,-0.0011646747589111328,37.45301055908203,0,-0.09895560145378113,-0.10916781425476074,0.000274658203125,-0.0018476173281669617,0.0017451941967010498,-0.0004684925079345703,104062483198592,3.091,1516049,12633.741666666667,34,True,-0.2368747591972351,1.0786880254745483,-5.21183443069458,0.6861304044723511,0.2004464566707611,-0.6850191950798035,-0.14069484174251556,1510224,-0.23478978872299194,1.0663604736328125,-5.242716312408447,0.7145482270936487,0.10598821147330754,-0.690079924472288,-0.04446378331107349,-0.02759298681289665,-0.018669452200242735,-0.00029135504903583147,0.03331675636190347,0.004305179624288974,-0.009995046597897295,-0.13713906311099744,0.9904920200793879,15.814536230132726
104062586485847,48.644763633,54083057,-1.3828740417957306,-1.2018849849700928,-1.46624755859375,0.0008356627076864243,-0.027620909735560417,-0.0021020174026489258,37.45301055908203,0,-0.09895560145378113,-0.10916781425476074,0.000274658203125,-0.0018476173281669617,0.0017451941967010498,-0.0004684925079345703,104062579681801,6.804,1516061,12633.841666666667,34,True,-0.2367822527885437,1.0783005952835083,-5.212766170501709,0.6872677206993103,0.20010149478912354,-0.6838305592536926,-0.1414155662059784,1510224,-0.23478978872299194,1.0663604736328125,-5.242716312408447,0.7145482270936487,0.10598821147330754,-0.690079924472288,-0.04446378331107349,-0.026763030970675013,-0.018088422372154973,-0.00031075338920719185,0.03230398455794099,0.004881672317962604,-0.008269143008842239,-0.13732223272629557,0.9904798811426432,15.824644365268293
104062688546513,48.746824299,54183203,-1.4176224768161774,-1.2016448974609375,-1.314544677734375,0.0006421543657779694,-0.021190261468291283,-0.0034933090209960938,37.45301055908203,0,-0.09895560145378113,-0.10916781425476074,0.000274658203125,-0.0018476173281669617,0.0017451941967010498,-0.0004684925079345703,104062688279919,0.267,1516074,12633.95,34,True,-0.23678550124168396,1.0780283212661743,-5.213420867919922,0.6883451342582703,0.1994490623474121,-0.6831773519515991,-0.14024892449378967,1510224,-0.23478978872299194,1.0663604736328125,-5.242716312408447,0.7145482270936487,0.10598821147330754,-0.690079924472288,-0.04446378331107349,-0.02618157600231502,-0.017686263768293135,-0.0002564304705909041,0.03159659166164736,0.004381143211442867,-0.007153534563035857,-0.13596582122022696,0.9906780142848258,15.658847494712003
104062788802749,48.847080535,54285267,-1.2446183264255524,-1.2019386291503906,-1.293914794921875,-0.0008257292211055756,-0.02507767640054226,-0.0047876834869384766,37.45301055908203,0,-0.09895560145378113,-0.10916781425476074,0.000274658203125,-0.0018476173281669617,0.0017451941967010498,-0.0004684925079345703,104062780258533,8.544,1516085,12634.041666666666,34,True,-0.23673115670681,1.0776923894882202,-5.214183807373047,0.6886789798736572,0.19925729930400848,-0.6832582354545593,-0.13847744464874268,1510224,-0.23478978872299194,1.0663604736328125,-5.242716312408447,0.7145482270936487,0.10598821147330754,-0.690079924472288,-0.04446378331107349,-0.025506496218886003,-0.017194228421414708,-0.0002494590666864962,0.030761746865186044,0.0032413958854050906,-0.0071601789670644456,-0.13456735315500726,0.990873277798291,15.49372712540992
104062889119689,48.947397475,54385628,-1.188508778810501,-1.0514187812805176,-1.2958984375,0.00038698501884937286,-0.027526730671525,-0.005477547645568848,37.45301055908203,0,-0.09895560145378113,-0.10916781425476074,0.000274658203125,-0.0018476173281669617,0.0017451941967010498,-0.0004684925079345703,104062888897860,0.222,1516098,12634.15,34,True,-0.23671717941761017,1.0768592357635498,-5.2160234451293945,0.6886342167854309,0.1942896693944931,-0.6859273314476013,-0.1324315071105957,1510224,-0.23478978872299194,1.0663604736328125,-5.242716312408447,0.7145482270936487,0.10598821147330754,-0.690079924472288,-0.04446378331107349,-0.023886574384972162,-0.015995828525123847,-0.00011418708620025784,0.02874800870920678,0.002634226742570689,-0.009518185621844866,-0.12673163201504672,0.9918878759409955,14.605920852675233
104062989214005,49.047491791,54485904,-1.0617212355136871,-0.9647765159606934,-1.38665771484375,-0.0027442332357168198,-0.03403068333864212,-0.006186485290527344,37.45301055908203,0,-0.09895560145378113,-0.10916781425476074,0.000274658203125,-0.0018476173281669617,0.0017451941967010498,-0.0004684925079345703,104062978904401,10.310,1516109,12634.241666666667,34,True,-0.23658762872219086,1.0760890245437622,-5.21851110458374,0.6918063163757324,0.1861712783575058,-0.6863608360290527,-0.12511228024959564,1510224,-0.23478978872299194,1.0663604736328125,-5.242716312408447,0.7145482270936487,0.10598821147330754,-0.690079924472288,-0.04446378331107349,-0.021617388651775957,-0.014712324617304703,-7.091939111867349e-05,0.026148977366752195,0.0029115276175510074,-0.008053720522911312,-0.11552431590564738,0.9932677348163501,13.304304716413553
104063089331079,49.147608865,54585789,-0.9346752464771271,-0.8689475059509277,-1.663330078125,-0.005208076909184456,-0.023954367265105247,-0.006015658378601074,37.45301055908203,0,-0.09895560145378113,-0.10916781425476074,0.000274658203125,-0.0018476173281669617,0.0017451941967010498,-0.0004684925079345703,104063088809135,0.522,1516122,12634.35,34,True,-0.23645465075969696,1.0751867294311523,-5.220762252807617,0.694389283657074,0.17457439005374908,-0.6885764598846436,-0.11493378132581711,1510224,-0.23478978872299194,1.0663604736328125,-5.242716312408447,0.7145482270936487,0.10598821147330754,-0.690079924472288,-0.04446378331107349,-0.019607244871884182,-0.013349543478838505,-3.0453511464092814e-05,0.023720356025485553,0.003761260561152835,-0.008417596096395641,-0.0998415227939591,0.9949606360661374,11.509011844835639
104063189758260,49.248036046,54686030,-0.7550851404666901,-0.5694341659545898,-1.5184326171875,-0.0017312560230493546,-0.03848811239004135,-0.003838181495666504,37.45301055908203,0,-0.09895560145378113,-0.10916781425476074,0.000274658203125,-0.0018476173281669617,0.0017451941967010498,-0.0004684925079345703,104063189683149,0.075,1516134,12634.45,34,True,-0.23626728355884552,1.0738295316696167,-5.22446346282959,0.6965135335922241,0.16667893528938293,-0.690284788608551,-0.10292711108922958,1510224,-0.23478978872299194,1.0663604736328125,-5.242716312408447,0.7145482270936487,0.10598821147330754,-0.690079924472288,-0.04446378331107349,-0.01627618389200678,-0.011234720872045901,5.6758579212789454e-05,0.01977716705434626,0.0007170209762807496,-0.009093880654271249,-0.08561317167535944,0.9962866916963465,9.878309089093399
104063289864811,49.348142597,54786085,-0.6313041746616364,-0.3546898365020752,-1.511810302734375,0.011559884995222092,-0.0410412922501564,-0.006249785423278809,37.45301055908203,0,-0.09895560145378113,-0.10916781425476074,0.000274658203125,-0.0018476173281669617,0.0017451941967010498,-0.0004684925079345703,104063288294910,1.570,1516146,12634.55,34,True,-0.2360970675945282,1.0715088844299316,-5.227614879608154,0.7015367150306702,0.1515415459871292,-0.6906306743621826,-0.08894205093383789,1510224,-0.23478978872299194,1.0663604736328125,-5.242716312408447,0.7145482270936487,0.10598821147330754,-0.690079924472288,-0.04446378331107349,-0.013687627986126974,-0.008298809129838217,0.00021677533422848766,0.01600838481564028,0.0009833396724180654,-0.006683822114102789,-0.0645981918156616,0.9978884873467491,7.448021434746863
104063390073073,49.448350859,54886672,-0.4795822203159332,-0.14631915092468262,-1.1390380859375,0.014283206313848495,-0.02486582286655903,-0.0008217096328735352,37.45301055908203,0,-0.09895560145378113,-0.10916781425476074,0.000274658203125,-0.0018476173281669617,0.0017451941967010498,-0.0004684925079345703,104063389692505,0.381,1516158,12634.65,34,True,-0.2360038012266159,1.0697650909423828,-5.227747440338135,0.7045376896858215,0.12767153978347778,-0.6952977180480957,-0.06235133856534958,1510224,-0.23478978872299194,1.0663604736328125,-5.242716312408447,0.7145482270936487,0.10598821147330754,-0.690079924472288,-0.04446378331107349,-0.01392694452164503,-0.006564870804174262,0.00027397820439704955,0.01539910310508254,-0.0011835777027722069,-0.009704688945355424,-0.028666622916778715,0.9995412162021348,3.4712689797944924
104063490268898,49.548546684,54986841,-0.6037062704563141,-0.1632857322692871,-1.20745849609375,0.005232827737927437,-0.024046683683991432,0.014829039573669434,37.45301055908203,0,-0.09895560145378113,-0.10916781425476074,0.000274658203125,-0.0018476173281669617,0.0017451941967010498,-0.0004684925079345703,104063487770547,2.498,1516170,12634.75,34,True,-0.2357083559036255,1.0690937042236328,-5.228753089904785,0.708338737487793,0.1062772199511528,-0.696435809135437,-0.04402920976281166,1510224,-0.23478978872299194,1.0663604736328125,-5.242716312408447,0.7145482270936487,0.10598821147330754,-0.690079924472288,-0.04446378331107349,-0.013080135641534991,-0.005673594013730544,7.924885561250909e-05,0.014257836365125984,0.00043978353621745847,-0.008885540221324206,-0.00028214603005875805,0.9999603862948944,1.0199803184987195
104063591875520,49.650153306,55086968,-0.6014968454837799,-0.08951079845428467,-0.9250030517578125,0.003381773829460144,-0.015925930812954903,0.02751171588897705,37.45301055908203,0,-0.09895560145378113,-0.10916781425476074,0.000274658203125,-0.0018476173281669617,0.0017451941967010498,-0.0004684925079345703,104063591607637,0.268,1516182,12634.85,34,True,-0.23567909002304077,1.0682756900787354,-5.229909420013428,0.7112118005752563,0.08269466459751129,-0.6977547407150269,-0.02185850217938423,1510224,-0.23478978872299194,1.0663604736328125,-5.242716312408447,0.7145482270936487,0.10598821147330754,-0.690079924472288,-0.04446378331107349,-0.012124038985294227,-0.004631930332644699,0.0001682371278959793,0.012979807535345467,0.0008836356593884752,-0.00914660091467684,0.032231441111448884,0.9994381887258503,3.8413438661338186
104063693161490,49.751439276,55188652,-0.5651340782642365,0.060594916343688965,-1.0540924072265625,0.004533294588327408,-0.021649589762091637,0.039600253105163574,37.45301055908203,0,-0.09895560145378113,-0.10916781425476074,0.000274658203125,-0.0018476173281669617,0.0017451941967010498,-0.0004684925079345703,104063692872081,0.289,1516194,12634.95,34,True,-0.23553186655044556,1.0672467947006226,-5.231415271759033,0.7128812670707703,0.06501153856515884,-0.6982551217079163,-0.003702244022861123,1510224,-0.23478978872299194,1.0663604736328125,-5.242716312408447,0.7145482270936487,0.10598821147330754,-0.690079924472288,-0.04446378331107349,-0.010868462258292492,-0.0033009911890094466,0.00017248074415688263,0.011360007231377594,9.168759064735743e-05,-0.009490172496434413,0.05759534748592286,0.9982948983979381,6.692748202808776
104063793232617,49.851510403,55289905,-0.5610426962375641,0.09580636024475098,-1.0298919677734375,0.0028263572603464127,-0.014630744233727455,0.047196149826049805,37.45301055908203,0,-0.09895560145378113,-0.10916781425476074,0.000274658203125,-0.0018476173281669617,0.0017451941967010498,-0.0004684925079345703,104063791539441,1.693,1516206,12635.05,34,True,-0.2354334443807602,1.0666321516036987,-5.232532024383545,0.7138167023658752,0.05671244487166405,-0.6980192065238953,0.004328166134655476,1510224,-0.23478978872299194,1.0663604736328125,-5.242716312408447,0.7145482270936487,0.10598821147330754,-0.690079924472288,-0.04446378331107349,-0.009906002466682643,-0.0024593985733074608,0.0001740628837571327,0.010208223356677265,1.401298297946246e-05,-0.009158194287683162,0.06915572941834291,0.9975638387439885,8.000347457412829
104063893342229,49.951620015,55389790,-0.43649569153785706,0.16013193130493164,-1.241485595703125,0.0043950509279966354,-0.012630658224225044,0.04871523380279541,37.45301055908203,0,-0.09895560145378113,-0.10916781425476074,0.000274658203125,-0.0018476173281669617,0.0017451941967010498,-0.0004684925079345703,104063888265354,5.077,1516218,12635.15,34,True,-0.23539553582668304,1.0668474435806274,-5.233584403991699,0.7148666977882385,0.05454782396554947,-0.6970945596694946,0.007025362923741341,1510224,-0.23478978872299194,1.0663604736328125,-5.242716312408447,0.7145482270936487,0.10598821147330754,-0.690079924472288,-0.04446378331107349,-0.008831300837113247,-0.0024447725456101838,0.0001644181869880458,0.009164923382962832,-0.0005641911920177961,-0.007962533021710683,0.07263391368927566,0.9973267239668032,8.380816366293843
104063993437300,50.051715086,55490042,-0.483786016702652,0.07838702201843262,-1.3480377197265625,0.001916244626045227,-0.006770230829715729,0.04672503471374512,37.45301055908203,0,-0.09895560145378113,-0.10916781425476074,0.000274658203125,-0.0018476173281669617,0.0017451941967010498,-0.0004684925079345703,104063986828994,6.608,1516230,12635.25,34,True,-0.23536768555641174,1.067436933517456,-5.234405040740967,0.7146236300468445,0.05378018319606781,-0.6973971724510193,0.007611935492604971,1510224,-0.23478978872299194,1.0663604736328125,-5.242716312408447,0.7145482270936487,0.10598821147330754,-0.690079924472288,-0.04446378331107349,-0.007903567986613073,-0.0028439891718728045,0.00012371756238402793,0.008400593274524545,-0.00041071101011297406,-0.008374538353503491,0.073574906554884,0.9972544467432933,8.493407806548193
104064093557514,50.151835300,55589953,-0.35175859928131104,0.05285191535949707,-1.304473876953125,0.001188056543469429,-0.007683891803026199,0.0448230504989624,37.45301055908203,0,-0.09895560145378113,-0.10916781425476074,0.000274658203125,-0.0018476173281669617,0.0017451941967010498,-0.0004684925079345703,104064087655759,5.902,1516242,12635.35,34,True,-0.2354041337966919,1.067487120628357,-5.234778881072998,0.7158429026603699,0.05216381326317787,-0.6962782740592957,0.006665434688329697,1510224,-0.23478978872299194,1.0663604736328125,-5.242716312408447,0.7145482270936487,0.10598821147330754,-0.690079924472288,-0.04446378331107349,-0.0075286474016105255,-0.0028176937166784558,0.00017216256368242534,0.008040495602083237,0.0012082303978716848,-0.006561448122442416,0.07415619808938015,0.9972243207336907,8.539899757548449
104064193680430,50.251958216,55690292,-0.4347321093082428,0.12171483039855957,-1.431396484375,0.0032622385770082474,-0.0010235495865345001,0.04361569881439209,37.45301055908203,0,-0.09895560145378113,-0.10916781425476074,0.000274658203125,-0.0018476173281669617,0.0017451941967010498,-0.0004684925079345703,104064189036624,4.644,1516254,12635.45,34,True,-0.2354329228401184,1.0674864053726196,-5.234790802001953,0.7159588932991028,0.05361887812614441,-0.6960604190826416,0.005289045162498951,1510224,-0.23478978872299194,1.0663604736328125,-5.242716312408447,0.7145482270936487,0.10598821147330754,-0.690079924472288,-0.04446378331107349,-0.00751787864238116,-0.002817089965200142,0.00020140463043817722,0.008030881581667362,0.0011593684760874345,-0.006244553377321383,0.07216926452815048,0.9973721766097751,8.309231576656659
104064293899649,50.352177435,55790465,-0.2945120930671692,-0.014017820358276367,-1.4139556884765625,-0.00046113133430480957,-0.013339104130864143,0.04239177703857422,37.45301055908203,0,-0.09895560145378113,-0.10916781425476074,0.000274658203125,-0.0018476173281669617,0.0017451941967010498,-0.0004684925079345703,104064288254736,5.645,1516266,12635.55,34,True,-0.23538729548454285,1.0673805475234985,-5.234981060028076,0.7161866426467896,0.051558658480644226,-0.6959719657897949,0.006434843875467777,1510224,-0.23478978872299194,1.0663604736328125,-5.242716312408447,0.7145482270936487,0.10598821147330754,-0.690079924472288,-0.04446378331107349,-0.007353425557343601,-0.002669997311653647,0.0001730358025476719,0.007825068335841871,0.0017428547791804236,-0.006054020648290082,0.0744522970727765,0.9972046764590486,8.570080175782074
104064394089766,50.452367552,55890710,-0.335549533367157,0.07996320724487305,-1.4097900390625,0.002544451504945755,-0.0040041301399469376,0.043447256088256836,37.45301055908203,0,-0.09895560145378113,-0.10916781425476074,0.000274658203125,-0.0018476173281669617,0.0017451941967010498,-0.0004684925079345703,104064388820664,5.269,1516278,12635.65,34,True,-0.2352375090122223,1.0671072006225586,-5.235453128814697,0.7157818675041199,0.0502244234085083,-0.6964533925056458,0.009305324405431747,1510224,-0.23478978872299194,1.0663604736328125,-5.242716312408447,0.7145482270936487,0.10598821147330754,-0.690079924472288,-0.04446378331107349,-0.006946741208879059,-0.0022913255029066554,6.711622541543836e-05,0.0073151821967141015,0.0006815101914561043,-0.006922262055795881,0.07736503399060095,0.9969785701546062,8.910114666692463
104064494206049,50.552483835,55990717,-0.251750648021698,0.1533527374267578,-1.3863372802734375,0.0032143983989953995,0.0002669934183359146,0.043343424797058105,37.45301055908203,0,-0.09895560145378113,-0.10916781425476074,0.000274658203125,-0.0018476173281669617,0.0017451941967010498,-0.0004684925079345703,104064490255528,3.951,1516290,12635.75,34,True,-0.23522184789180756,1.0665276050567627,-5.236802577972412,0.7147929668426514,0.05004380643367767,-0.6974391341209412,0.012052714824676514,1510224,-0.23478978872299194,1.0663604736328125,-5.242716312408447,0.7145482270936487,0.10598821147330754,-0.690079924472288,-0.04446378331107349,-0.00575161047589214,-0.0014424859669360409,0.0001583483090459027,0.005931851567443112,-0.0010085453359001406,-0.008592202951154093,0.07932903475721742,0.9968109455304149,9.154066809621895
104064594462416,50.652740202,56090876,-0.0523761510848999,0.2322540283203125,-1.558837890625,0.00521116703748703,-0.006772894412279129,0.039795875549316406,37.45301055908203,0,-0.09895560145378113,-0.10916781425476074,0.000274658203125,-0.0018476173281669617,0.0017451941967010498,-0.0004684925079345703,104064592458423,2.004,1516302,12635.85,34,True,-0.234996497631073,1.0663269758224487,-5.239081859588623,0.7177820801734924,0.04821386560797691,-0.6944775581359863,0.012854959815740585,1510224,-0.23478978872299194,1.0663604736328125,-5.242716312408447,0.7145482270936487,0.10598821147330754,-0.690079924472288,-0.04446378331107349,-0.0035623285691168427,-0.0007486061321269781,5.001999703398616e-05,0.0036404804594321674,-0.0007657820574549362,-0.00441694927650943,0.08137535524982031,0.9966734448629073,9.349436892827631
104064694591452,50.752869238,56191173,0.11844916641712189,0.13653767108917236,-1.3463592529296875,0.001992708072066307,-0.012397978454828262,0.035745859146118164,37.45301055908203,0,-0.09895560145378113,-0.10916781425476074,0.000274658203125,-0.0018476173281669617,0.0017451941967010498,-0.0004684925079345703,104064689239314,5.352,1516314,12635.95,34,True,-0.23491725325584412,1.0663028955459595,-5.241636276245117,0.7167779803276062,0.04576802998781204,-0.6956251859664917,0.015499445609748363,1510224,-0.23478978872299194,1.0663604736328125,-5.242716312408447,0.7145482270936487,0.10598821147330754,-0.690079924472288,-0.04446378331107349,-0.0010703976056688183,-0.00018204496688607963,8.455266483996468e-05,0.0010890548917853646,-0.0008012915345368965,-0.006101427058777031,0.08489253450704062,0.9963711096296871,9.765308580852132
104064794709482,50.852987268,56291329,0.48331430554389954,0.18879950046539307,-1.1727447509765625,0.0022195670753717422,-0.01404125988483429,0.031136393547058105,37.45301055908203,0,-0.09895560145378113,-0.10916781425476074,0.000274658203125,-0.0018476173281669617,0.0017451941967010498,-0.0004684925079345703,104064792444705,2.265,1516326,12636.05,34,True,-0.23474818468093872,1.0659176111221313,-5.245363712310791,0.7188262343406677,0.04146985709667206,-0.6936744451522827,0.019617972895503044,1510224,-0.23478978872299194,1.0663604736328125,-5.242716312408447,0.7145482270936487,0.10598821147330754,-0.690079924472288,-0.04446378331107349,0.0024926772413584736,0.0009903974158735063,0.0001107134664630684,0.0026845082124314088,-0.0010759237377514254,-0.0035394720522948786,0.09093625331861732,0.9958498442827984,10.443597738112034
104064894916243,50.953194029,56391534,0.832889050245285,0.15423285961151123,-1.25653076171875,0.001990489661693573,-0.017278393730521202,0.025120854377746582,37.45301055908203,0,-0.09895560145378113,-0.10916781425476074,0.000274658203125,-0.0018476173281669617,0.0017451941967010498,-0.0004684925079345703,104064889209359,5.707,1516338,12636.15,34,True,-0.2343982309103012,1.0655510425567627,-5.24949312210083,0.7198660373687744,0.03890380635857582,-0.6926244497299194,0.02346803806722164,1510224,-0.23478978872299194,1.0663604736328125,-5.242716312408447,0.7145482270936487,0.10598821147330754,-0.690079924472288,-0.04446378331107349,0.006456911994763842,0.0022452598518544623,-2.7230201123837415e-05,0.006836201123016199,-0.0022137216023634353,-0.002365617701873435,0.09549019356093931,0.9954250982486077,10.965393521082333
104064995117767,51.053395553,56491700,1.1762103736400604,0.19210278987884521,-1.2766265869140625,0.0013960637152194977,-0.017613044008612633,0.01815164089202881,37.45301055908203,0,-0.09895560145378113,-0.10916781425476074,0.000274658203125,-0.0018476173281669617,0.0017451941967010498,-0.0004684925079345703,104064989654547,5.463,1516350,12636.25,34,True,-0.2341654896736145,1.0653307437896729,-5.25434684753418,0.7216743230819702,0.036098625510931015,-0.6908565759658813,0.02449985034763813,1510224,-0.23478978872299194,1.0663604736328125,-5.242716312408447,0.7145482270936487,0.10598821147330754,-0.690079924472288,-0.04446378331107349,0.011156821052160105,0.0034991348086858645,-2.8978690820697663e-05,0.011692708846276881,-0.0012829792536281776,0.000160844052088438,0.0983197143435619,0.995154039264689,11.285819719897754
104065095210365,51.153488151,56591576,1.5960292518138885,0.25445103645324707,-1.4902496337890625,0.0036057867109775543,-0.023835858330130577,0.007477879524230957,37.45301055908203,0,-0.09895560145378113,-0.10916781425476074,0.000274658203125,-0.0018476173281669617,0.0017451941967010498,-0.0004684925079345703,104065088507566,6.703,1516362,12636.35,34,True,-0.23377244174480438,1.065301775932312,-5.259586811065674,0.7226540446281433,0.03712700679898262,-0.6897618174552917,0.024929681792855263,1510224,-0.23478978872299194,1.0663604736328125,-5.242716312408447,0.7145482270936487,0.10598821147330754,-0.690079924472288,-0.04446378331107349,0.016278741662751412,0.004662219603998465,-0.00018931159512656202,0.016934271777627626,-0.0024593732812657194,0.00152790508145284,0.09793665904069303,0.9951884383397309,11.245659865579515
104065195459461,51.253737247,56691937,2.037886470556259,0.14607465267181396,-1.4249420166015625,-0.0002206321805715561,-0.02644362859427929,-0.0020445585250854492,37.45301055908203,0,-0.09895560145378113,-0.10916781425476074,0.000274658203125,-0.0018476173281669617,0.0017451941967010498,-0.0004684925079345703,104065188145946,7.314,1516374,12636.45,34,True,-0.2335706204175949,1.0655477046966553,-5.263510227203369,0.7246164083480835,0.033249806612730026,-0.6878026723861694,0.027441561222076416,1510224,-0.23478978872299194,1.0663604736328125,-5.242716312408447,0.7145482270936487,0.10598821147330754,-0.690079924472288,-0.04446378331107349,0.0201684095295881,0.005264198415571293,-0.00023943535088668784,0.020845475700950977,-0.0018735547861040945,0.00418816191729765,0.1025613839676857,0.9947160959846035,11.785187656237706
104065296646830,51.354924616,56792164,2.4273206889629364,0.272884726524353,-1.2948150634765625,0.0025958791375160217,-0.03121103160083294,-0.008451461791992188,37.45301055908203,0,-0.09895560145378113,-0.10916781425476074,0.000274658203125,-0.0018476173281669617,0.0017451941967010498,-0.0004684925079345703,104065296405326,0.242,1516387,12636.558333333332,34,True,-0.23330645263195038,1.0656059980392456,-5.267402172088623,0.7254316806793213,0.03251296281814575,-0.6868706941604614,0.03000711277127266,1510224,-0.23478978872299194,1.0663604736328125,-5.242716312408447,0.7145482270936487,0.10598821147330754,-0.690079924472288,-0.04446378331107349,0.02398896773939535,0.006047869139035918,-0.0003374806734450914,0.024741891349078445,-0.0033333128370486914,0.005177553127489186,0.10490330261101499,0.9944633623570273,12.063998034393103
104065397338157,51.455615943,56893434,2.659974306821823,0.1568129062652588,-1.2260589599609375,0.0018013902008533478,-0.027362173423171043,-0.01361095905303955,37.45301055908203,0,-0.09895560145378113,-0.10916781425476074,0.000274658203125,-0.0018476173281669617,0.0017451941967010498,-0.0004684925079345703,104065397066627,0.272,1516399,12636.658333333333,34,True,-0.23318558931350708,1.065525770187378,-5.268846035003662,0.7261288166046143,0.030519956722855568,-0.6861546635627747,0.03157920017838478,1510224,-0.23478978872299194,1.0663604736328125,-5.242716312408447,0.7145482270936487,0.10598821147330754,-0.690079924472288,-0.04446378331107349,0.025385243132763947,0.006439823773362784,-0.0003881872596898227,0.026192223817196072,-0.003188199712178687,0.006092264887231137,0.10745431826399081,0.9941862447135145,12.362509292816426
104065497529303,51.555807089,56994041,2.6448874175548553,0.12880945205688477,-1.4642486572265625,-2.712942659854889e-05,-0.030368531122803688,-0.013615965843200684,37.45301055908203,0,-0.09895560145378113,-0.10916781425476074,0.000274658203125,-0.0018476173281669617,0.0017451941967010498,-0.0004684925079345703,104065488812330,8.717,1516410,12636.75,34,True,-0.23318368196487427,1.0655357837677002,-5.268162250518799,0.7260700464248657,0.028567252680659294,-0.6862375736236572,0.03292694315314293,1510224,-0.23478978872299194,1.0663604736328125,-5.242716312408447,0.7145482270936487,0.10598821147330754,-0.690079924472288,-0.04446378331107349,0.024719525172410096,0.00628677241823809,-0.0004207450769726682,0.025509909027825486,-0.002792304576859688,0.005936445279444703,0.10977712756541486,0.9939345772816645,12.627515846317497
104065597733122,51.656010908,57094162,2.5892286002635956,0.24261558055877686,-1.3590087890625,0.0009589605033397675,-0.032498354092240334,-0.010976433753967285,37.45301055908203,0,-0.09895560145378113,-0.10916781425476074,0.000274658203125,-0.0018476173281669617,0.0017451941967010498,-0.0004684925079345703,104065597402141,0.331,1516423,12636.858333333334,34,True,-0.2332853376865387,1.0653705596923828,-5.2670392990112305,0.7251009345054626,0.03017779067158699,-0.6872591376304626,0.03150811791419983,1510224,-0.23478978872299194,1.0663604736328125,-5.242716312408447,0.7145482270936487,0.10598821147330754,-0.690079924472288,-0.04446378331107349,0.0235849466793804,0.006202850042518625,-0.00035485390025136133,0.024389567027926377,-0.0027385213875777414,0.004616492080692647,0.10758992816470078,0.9941808667737443,12.368231416268207
104065698611035,51.756888821,57194563,2.401964396238327,0.17929494380950928,-1.359832763671875,-0.0004366263747215271,-0.029851747676730156,-0.008898019790649414,37.45301055908203,0,-0.09895560145378113,-0.10916781425476074,0.000274658203125,-0.0018476173281669617,0.0017451941967010498,-0.0004684925079345703,104065698359718,0.251,1516435,12636.958333333334,34,True,-0.23334841430187225,1.0645942687988281,-5.265523910522461,0.7256832718849182,0.02673599310219288,-0.6866325736045837,0.03470896556973457,1510224,-0.23478978872299194,1.0663604736328125,-5.242716312408447,0.7145482270936487,0.10598821147330754,-0.690079924472288,-0.04446378331107349,0.021937961991935376,0.0066349828573226055,-0.00029393467172473967,0.022921247162137753,-0.0027428672124693407,0.005279844659002998,0.11229195635490215,0.9936574442220117,12.913072389171846
104065798811234,51.857089020,57295369,2.2433662116527557,0.18418550491333008,-1.52899169921875,-0.000636594370007515,-0.02190772257745266,-0.0028902292251586914,37.45301055908203,0,-0.09895560145378113,-0.10916781425476074,0.000274658203125,-0.0018476173281669617,0.0017451941967010498,-0.0004684925079345703,104065797981816,0.829,1516447,12637.058333333332,34,True,-0.23347873985767365,1.0642911195755005,-5.263466835021973,0.7252439260482788,0.020490547642111778,-0.6869863271713257,0.04063458368182182,1510224,-0.23478978872299194,1.0663604736328125,-5.242716312408447,0.7145482270936487,0.10598821147330754,-0.690079924472288,-0.04446378331107349,0.01986088821157149,0.006486756981225184,-0.00022883922343351507,0.020894622850776576,-0.002610121952485559,0.004373537479390843,0.12081294386642602,0.9926622245394641,13.890432098782284
104065898917018,51.957194804,57395550,2.0365379750728607,0.25747835636138916,-1.352203369140625,0.0004367511719465256,-0.006995281204581261,0.006650686264038086,37.45301055908203,0,-0.09895560145378113,-0.10916781425476074,0.000274658203125,-0.0018476173281669617,0.0017451941967010498,-0.0004684925079345703,104065897092154,1.825,1516459,12637.158333333333,34,True,-0.23415504395961761,1.0646390914916992,-5.261284351348877,0.7257291078567505,0.013317078351974487,-0.6862744688987732,0.04655545949935913,1510224,-0.23478978872299194,1.0663604736328125,-5.242716312408447,0.7145482270936487,0.10598821147330754,-0.690079924472288,-0.04446378331107349,0.017786190272490635,0.005629106864258205,0.0003204980268406252,0.01865845994404919,-0.001987627586854012,0.004908424969357117,0.13004437357594434,0.9914940330643128,14.956769246426889
104065999021268,52.057299054,57495661,1.599767416715622,0.09398770332336426,-1.052734375,-0.003830522298812866,0.00013926438987255096,0.01669633388519287,37.45301055908203,0,-0.09895560145378113,-0.10916781425476074,0.000274658203125,-0.0018476173281669617,0.0017451941967010498,-0.0004684925079345703,104065996819074,2.202,1516471,12637.258333333333,34,True,-0.2342074066400528,1.0649993419647217,-5.259283542633057,0.7253645062446594,0.00512714171782136,-0.6861902475357056,0.05443339794874191,1510224,-0.23478978872299194,1.0663604736328125,-5.242716312408447,0.7145482270936487,0.10598821147330754,-0.690079924472288,-0.04446378331107349,0.015907228127005398,0.00485383959357821,0.0002555389184439309,0.016633248799426365,-0.001957798723801272,0.004246188236369019,0.1412905059181943,0.9899571353583947,16.254011586601692
104066099228224,52.157506010,57595647,1.4006670415401459,0.1018681526184082,-0.6635284423828125,-0.001831144094467163,0.004380402155220509,0.027370691299438477,37.45301055908203,0,-0.09895560145378113,-0.10916781425476074,0.000274658203125,-0.0018476173281669617,0.0017451941967010498,-0.0004684925079345703,104066097390920,1.837,1516483,12637.358333333334,34,True,-0.23423171043395996,1.0649834871292114,-5.258040904998779,0.7221665382385254,-0.007745662704110146,-0.6886143088340759,0.06500788033008575,1510224,-0.23478978872299194,1.0663604736328125,-5.242716312408447,0.7145482270936487,0.10598821147330754,-0.690079924472288,-0.04446378331107349,0.014689477775027129,0.00460635091230833,0.00022683746848350071,0.015396450281394337,-0.00023139676306278403,-0.00024117084090868882,0.15755480452009885,0.9875101882334162,18.13003458151853
104066199462690,52.257740476,57695906,1.4604777991771698,0.11365854740142822,-0.5796356201171875,-0.0031609851866960526,-0.005864473059773445,0.038120150566101074,37.45301055908203,0,-0.09895560145378113,-0.10916781425476074,0.000274658203125,-0.0018476173281669617,0.0017451941967010498,-0.0004684925079345703,104066197500634,1.962,1516495,12637.458333333334,34,True,-0.23404736816883087,1.0647045373916626,-5.25814962387085,0.721949577331543,-0.01892792619764805,-0.6874616146087646,0.07633594423532486,1510224,-0.23478978872299194,1.0663604736328125,-5.242716312408447,0.7145482270936487,0.10598821147330754,-0.690079924472288,-0.04446378331107349,0.01474092976445181,0.0049173515835825785,7.112589156343344e-05,0.015539640144144719,-0.000721714276590138,-0.0002706710931075773,0.1732880982502071,0.9848708752270466,19.958302214620844
104066299708132,52.357985918,57796100,1.4453564584255219,0.06573367118835449,-0.7478790283203125,-0.005275104194879532,0.0010246308520436287,0.044797301292419434,37.45301055908203,0,-0.09895560145378113,-0.10916781425476074,0.000274658203125,-0.0018476173281669617,0.0017451941967010498,-0.0004684925079345703,104066297615267,2.093,1516507,12637.558333333332,34,True,-0.23393091559410095,1.0642975568771362,-5.258476734161377,0.7217680811882019,-0.025989633053541183,-0.6864950060844421,0.08426129072904587,1510224,-0.23478978872299194,1.0663604736328125,-5.242716312408447,0.7145482270936487,0.10598821147330754,-0.690079924472288,-0.04446378331107349,0.014976744717034014,0.005392707142694388,3.1267438157599583e-06,0.015918045810419074,-0.0016059935849844084,-0.00023123264381441635,0.18374094618561443,0.9829733628185886,21.176306489140764
104066399825120,52.458102906,57896374,1.2626295983791351,0.06842124462127686,-0.621124267578125,-0.005849912762641907,9.842775762081146e-05,0.04967987537384033,37.45301055908203,0,-0.09895560145378113,-0.10916781425476074,0.000274658203125,-0.0018476173281669617,0.0017451941967010498,-0.0004684925079345703,104066396270919,3.554,1516519,12637.658333333333,34,True,-0.23409439623355865,1.0642482042312622,-5.2582197189331055,0.7208663821220398,-0.038985367864370346,-0.6850978136062622,0.0973285362124443,1510224,-0.23478978872299194,1.0663604736328125,-5.242716312408447,0.7145482270936487,0.10598821147330754,-0.690079924472288,-0.04446378331107349,0.014711091773055499,0.0053720983047025,0.00015876163658689148,0.015662083724967774,-0.002083067887006261,-0.0006622500789602581,0.20188676784226217,0.9794064300499643,23.296012016578594
104066500062838,52.558340624,57996531,1.1247493922710419,0.05963778495788574,-0.7646942138671875,-0.005196982994675636,0.013795885257422924,0.058809876441955566,37.45301055908203,0,-0.09895560145378113,-0.10916781425476074,0.000274658203125,-0.0018476173281669617,0.0017451941967010498,-0.0004684925079345703,104066498060728,2.002,1516531,12637.758333333333,34,True,-0.23400549590587616,1.0641956329345703,-5.258535861968994,0.7210102081298828,-0.04997609183192253,-0.6829081773757935,0.10622202605009079,1510224,-0.23478978872299194,1.0663604736328125,-5.242716312408447,0.7145482270936487,0.10598821147330754,-0.690079924472288,-0.04446378331107349,0.015010932897486182,0.0054976248581199705,8.839251604312703e-05,0.015986237792874967,-0.001091888039368695,0.0005476861086805562,0.21579527619327032,0.9764378662224782,24.92478291094239
104066600340486,52.658618272,58096702,1.19200798869133,0.0028982162475585938,-0.5906219482421875,-0.0069460757076740265,0.01545594073832035,0.06475222110748291,37.45301055908203,0,-0.09895560145378113,-0.10916781425476074,0.000274658203125,-0.0018476173281669617,0.0017451941967010498,-0.0004684925079345703,104066596468786,3.872,1516543,12637.858333333334,34,True,-0.23397104442119598,1.06366765499115,-5.258505344390869,0.7190755009651184,-0.06470751762390137,-0.6811748743057251,0.12142609059810638,1510224,-0.23478978872299194,1.0663604736328125,-5.242716312408447,0.7145482270936487,0.10598821147330754,-0.690079924472288,-0.04446378331107349,0.014869617614708194,0.006008353841584238,9.644437375809349e-05,0.01603792833911381,-0.001887749380375892,-0.000505324470145785,0.23653147069107022,0.9716218628778257,27.364781948248776
104066700559614,52.758837400,58196987,1.1632826030254364,0.06754839420318604,-0.544647216796875,-0.00535457581281662,0.017945190891623497,0.0742034912109375,37.45301055908203,0,-0.09895560145378113,-0.10916781425476074,0.000274658203125,-0.0018476173281669617,0.0017451941967010498,-0.0004684925079345703,104066697183313,3.376,1516555,12637.958333333334,34,True,-0.23393407464027405,1.0635802745819092,-5.259004592895508,0.7180814743041992,-0.08336141705513,-0.6770689487457275,0.13779518008232117,1510224,-0.23478978872299194,1.0663604736328125,-5.242716312408447,0.7145482270936487,0.10598821147330754,-0.690079924472288,-0.04446378331107349,0.015339597163172158,0.006201510727381081,8.864620093906558e-05,0.016545991495802326,-0.0011025533946171992,0.0008370919031576718,0.2608686580665387,0.9653733096018975,30.24365893921347
104066800807524,52.859085310,58297207,1.075731247663498,-0.0723872184753418,-0.49700927734375,-0.006892111152410507,0.02361888810992241,0.08436000347137451,37.45301055908203,0,-0.09895560145378113,-0.10916781425476074,0.000274658203125,-0.0018476173281669617,0.0017451941967010498,-0.0004684925079345703,104066796466602,4.341,1516567,12638.058333333332,34,True,-0.2338360846042633,1.0632151365280151,-5.26038932800293,0.7148202061653137,-0.10290341079235077,-0.6739488244056702,0.15567943453788757,1510224,-0.23478978872299194,1.0663604736328125,-5.242716312408447,0.7145482270936487,0.10598821147330754,-0.690079924472288,-0.04446378331107349,0.01661690542912284,0.006856380630426697,8.170594844571254e-05,0.017976044538543897,-0.0005818661847738217,-0.00021057360440740472,0.2866895112903503,0.9580233510758495,33.31981047074813
104066900917430,52.959195216,58397508,1.1518255174160004,0.002831578254699707,-0.3419342041015625,-0.0005482006818056107,0.0184846892952919,0.09421741962432861,37.45301055908203,0,-0.09895560145378113,-0.10916781425476074,0.000274658203125,-0.0018476173281669617,0.0017451941967010498,-0.0004684925079345703,104066897494899,3.423,1516579,12638.158333333333,34,True,-0.23373529314994812,1.0630567073822021,-5.261901378631592,0.7121829390525818,-0.12830722332000732,-0.6665012240409851,0.17918971180915833,1510224,-0.23478978872299194,1.0663604736328125,-5.242716312408447,0.7145482270936487,0.10598821147330754,-0.690079924472288,-0.04446378331107349,0.018062636242349706,0.007336969316806604,6.042813480091323e-05,0.019495989288535277,-0.0005225270772499929,0.0019289081909494299,0.3204550649938459,0.9472616099042728,37.38164882869438
104067001012035,53.059289821,58497569,1.1602937877178192,-0.13428115844726562,-0.3987274169921875,0.0002241823822259903,0.023335037752985954,0.10521090030670166,37.45301055908203,0,-0.09895560145378113,-0.10916781425476074,0.000274658203125,-0.0018476173281669617,0.0017451941967010498,-0.0004684925079345703,104066994909733,6.102,1516591,12638.258333333333,34,True,-0.2337445616722107,1.063429355621338,-5.263082504272461,0.7099624872207642,-0.13917745649814606,-0.6642129421234131,0.18815965950489044,1510224,-0.23478978872299194,1.0663604736328125,-5.242716312408447,0.7145482270936487,0.10598821147330754,-0.690079924472288,-0.04446378331107349,0.019295398667826664,0.00722115990501742,9.035099608871542e-05,0.020602565942782283,0.0004255411436677875,0.0015643298473848044,0.3340752850467358,0.9425449993012567,39.033110870387006
104067101301828,53.159579614,58597497,1.3385717570781708,-0.2556164264678955,-0.4427642822265625,-0.004620281979441643,0.018317829817533493,0.10665273666381836,37.45301055908203,0,-0.09895560145378113,-0.10916781425476074,0.000274658203125,-0.0018476173281669617,0.0017451941967010498,-0.0004684925079345703,104067097677170,3.625,1516603,12638.358333333334,34,True,-0.23362571001052856,1.0630695819854736,-5.263630390167236,0.7104449272155762,-0.13627281785011292,-0.6648365259170532,0.18625284731388092,1510224,-0.23478978872299194,1.0663604736328125,-5.242716312408447,0.7145482270936487,0.10598821147330754,-0.690079924472288,-0.04446378331107349,0.019756967113254635,0.007697095955618659,2.568890391159331e-05,0.021203388775948302,-0.00017174098332124743,0.0015246196853093696,0.33076278481782606,0.9437126820274306,38.630591987349504
104067201599761,53.259877547,58697957,1.4024100005626678,-0.2743370532989502,-0.63494873046875,-0.003612414002418518,0.017523523420095444,0.10349440574645996,37.45301055908203,0,-0.09895560145378113,-0.10916781425476074,0.000274658203125,-0.0018476173281669617,0.0017451941967010498,-0.0004684925079345703,104067197375106,4.225,1516615,12638.458333333334,34,True,-0.23356348276138306,1.0628597736358643,-5.264244556427002,0.7107182145118713,-0.1360951066017151,-0.6643305420875549,0.18714338541030884,1510224,-0.23478978872299194,1.0663604736328125,-5.242716312408447,0.7145482270936487,0.10598821147330754,-0.690079924472288,-0.04446378331107349,0.020313771745518298,0.00803583427985246,7.886715239141919e-06,0.021845457589680897,-0.0009964880876045246,0.0019724713848579545,0.33125681634691173,0.9435380426839374,38.691049000259255
104067301848751,53.360126537,58798299,1.442446082830429,-0.2974841594696045,-0.7418365478515625,-0.004747223109006882,0.019846245646476746,0.10115110874176025,37.45301055908203,0,-0.09895560145378113,-0.10916781425476074,0.000274658203125,-0.0018476173281669617,0.0017451941967010498,-0.0004684925079345703,104067299258823,2.590,1516627,12638.558333333332,34,True,-0.23352807760238647,1.0628480911254883,-5.2648234367370605,0.7103662490844727,-0.13900412619113922,-0.6634147763252258,0.18957476317882538,1510224,-0.23478978872299194,1.0663604736328125,-5.242716312408447,0.7145482270936487,0.10598821147330754,-0.690079924472288,-0.04446378331107349,0.020877604727656502,0.008171860953304008,-1.142795746314311e-06,0.022419939605413344,-0.0008077793460076475,0.0022555943960334553,0.33493525065090674,0.9422381003004829,39.13824337101496
104067402096187,53.460373973,58898534,1.4360667169094086,-0.2959170341491699,-0.777252197265625,-0.0005802977830171585,0.03051958978176117,0.1019446849822998,37.45301055908203,0,-0.09895560145378113,-0.10916781425476074,0.000274658203125,-0.0018476173281669617,0.0017451941967010498,-0.0004684925079345703,104067396223669,5.873,1516639,12638.658333333333,34,True,-0.23353807628154755,1.0632405281066895,-5.264901638031006,0.7104929685592651,-0.13881218433380127,-0.6634467244148254,0.18912824988365173,1510224,-0.23478978872299194,1.0663604736328125,-5.242716312408447,0.7145482270936487,0.10598821147330754,-0.690079924472288,-0.04446378331107349,0.021037262093722052,0.007805300174407839,-2.0245701546768927e-05,0.02243857208248771,-0.0006234275951686602,0.0023590031650626564,0.3345048169387542,0.9423908816870372,39.08593995805307
104067502191469,53.560469255,58998731,1.459790676832199,-0.2589867115020752,-0.7328033447265625,0.0007081478834152222,0.033761050552129745,0.10037970542907715,37.45301055908203,0,-0.09895560145378113,-0.10916781425476074,0.000274658203125,-0.0018476173281669617,0.0017451941967010498,-0.0004684925079345703,104067498221380,3.970,1516651,12638.758333333333,34,True,-0.23349004983901978,1.0629507303237915,-5.265338897705078,0.7109099626541138,-0.13686822354793549,-0.6639789938926697,0.18709924817085266,1510224,-0.23478978872299194,1.0663604736328125,-5.242716312408447,0.7145482270936487,0.10598821147330754,-0.690079924472288,-0.04446378331107349,0.021403889348718886,0.0081835158343078,-2.5008812310258963e-05,0.022914995878316483,-0.0004772231887245488,0.0023950446318500855,0.33178345541878834,0.9433524127968341,38.75521129537755
104067602436399,53.660714185,59099061,1.4499511420726776,-0.3603264093399048,-0.8599090576171875,8.415617048740387e-05,0.03634076565504074,0.09821105003356934,37.45301055908203,0,-0.09895560145378113,-0.10916781425476074,0.000274658203125,-0.0018476173281669617,0.0017451941967010498,-0.0004684925079345703,104067597580114,4.856,1516663,12638.858333333334,34,True,-0.23343366384506226,1.062850832939148,-5.265397071838379,0.7106705904006958,-0.1385255604982376,-0.6633506417274475,0.18900766968727112,1510224,-0.23478978872299194,1.0663604736328125,-5.242716312408447,0.7145482270936487,0.10598821147330754,-0.690079924472288,-0.04446378331107349,0.021440866211890668,0.008298060528856772,-7.034447265788263e-05,0.022990726408741398,-0.0007531419997953427,0.0025502680108877578,0.33423137742805126,0.9424873024358198,39.05289648844694
104067702685476,53.760963262,59199104,1.398623675107956,-0.3013288974761963,-0.83941650390625,0.0006002113223075867,0.03662005439400673,0.09882616996765137,37.45301055908203,0,-0.09895560145378113,-0.10916781425476074,0.000274658203125,-0.0018476173281669617,0.0017451941967010498,-0.0004684925079345703,104067696871601,5.814,1516675,12638.958333333334,34,True,-0.23340095579624176,1.062664270401001,-5.265561103820801,0.7105320692062378,-0.14024746417999268,-0.662848711013794,0.19001691043376923,1510224,-0.23478978872299194,1.0663604736328125,-5.242716312408447,0.7145482270936487,0.10598821147330754,-0.690079924472288,-0.04446378331107349,0.021562201424942973,0.008517058689645723,-8.031743607618243e-05,0.023183512889620943,-0.0003330815804331311,0.0027829257200050472,0.33612121464432665,0.9418145642572748,39.28288748581701
104067802807856,53.861085642,59299360,1.5799815356731415,-0.2545037269592285,-0.81744384765625,0.0015852656215429306,0.03228386491537094,0.09880518913269043,37.45301055908203,0,-0.09895560145378113,-0.10916781425476074,0.000274658203125,-0.0018476173281669617,0.0017451941967010498,-0.0004684925079345703,104067797962657,4.845,1516687,12639.058333333332,34,True,-0.23336918652057648,1.0625032186508179,-5.265707015991211,0.7102423906326294,-0.14305467903614044,-0.6619599461555481,0.19209405779838562,1510224,-0.23478978872299194,1.0663604736328125,-5.242716312408447,0.7145482270936487,0.10598821147330754,-0.690079924472288,-0.04446378331107349,0.02167124383187023,0.008707333534621508,-9.225692719152883e-05,0.02335527730180339,3.8580674325605635e-05,0.003122755994414028,0.3394902858396842,0.9406043763065429,39.6933950891446
104067903087949,53.961365735,59399495,1.4963965117931366,-0.2925560474395752,-0.6031036376953125,0.0009391754865646362,0.03296640142798424,0.10100841522216797,37.45301055908203,0,-0.09895560145378113,-0.10916781425476074,0.000274658203125,-0.0018476173281669617,0.0017451941967010498,-0.0004684925079345703,104067896408923,6.679,1516699,12639.158333333333,34,True,-0.2334463894367218,1.0626200437545776,-5.266458034515381,0.7081727981567383,-0.15398944914340973,-0.6584014892578125,0.20318955183029175,1510224,-0.23478978872299194,1.0663604736328125,-5.242716312408447,0.7145482270936487,0.10598821147330754,-0.690079924472288,-0.04446378331107349,0.02242773847889337,0.008744220564028956,7.705139929008262e-06,0.024072077307935067,-0.000628952163182081,0.0035474705505534887,0.3545829118822379,0.9350176353807358,41.53801148275089
104068003318344,54.061596130,59499735,1.6434762179851532,-0.435758113861084,-0.4067230224609375,0.00044459104537963867,0.027651548385620117,0.10786426067352295,37.45301055908203,0,-0.09895560145378113,-0.10916781425476074,0.000274658203125,-0.0018476173281669617,0.0017451941967010498,-0.0004684925079345703,104068003280877,0.037,1516712,12639.266666666666,34,True,-0.23339278995990753,1.063073992729187,-5.268013954162598,0.7049701809883118,-0.16708436608314514,-0.6550870537757874,0.21438480913639069,1510224,-0.23478978872299194,1.0663604736328125,-5.242716312408447,0.7145482270936487,0.10598821147330754,-0.690079924472288,-0.04446378331107349,0.02404546912695539,0.00863356355909329,-1.5340502574792518e-05,0.0255484488882454,0.00019914526014711,0.0031014168892679055,0.3711786612306573,0.9285562680858179,43.57825906910164
104068103540832,54.161818618,59599690,1.6244522035121918,-0.5483016967773438,-0.4091644287109375,-0.004073457792401314,0.022589262574911118,0.1135704517364502,37.45301055908203,0,-0.09895560145378113,-0.10916781425476074,0.000274658203125,-0.0018476173281669617,0.0017451941967010498,-0.0004684925079345703,104068098179859,5.361,1516723,12639.358333333334,34,True,-0.2333143651485443,1.0628585815429688,-5.268763542175293,0.70034259557724,-0.18334001302719116,-0.6507747769355774,0.22890837490558624,1510224,-0.23478978872299194,1.0663604736328125,-5.242716312408447,0.7145482270936487,0.10598821147330754,-0.690079924472288,-0.04446378331107349,0.024733763337953466,0.009007630785929727,-4.289785867540711e-05,0.026322961487260488,0.0007877620875926251,0.00217280354777949,0.3921342905814547,0.9199050801608911,46.175581507328
104068205461742,54.263739528,59700293,1.754679411649704,-0.6493813991546631,-0.2802734375,-0.003417668864130974,0.007953365333378315,0.12254822254180908,37.45301055908203,0,-0.09895560145378113,-0.10916781425476074,0.000274658203125,-0.0018476173281669617,0.0017451941967010498,-0.0004684925079345703,104068205191317,0.270,1516736,12639.466666666667,34,True,-0.23323197662830353,1.0632110834121704,-5.270062446594238,0.6963508725166321,-0.20015685260295868,-0.6444733738899231,0.24430879950523376,1510224,-0.23478978872299194,1.0663604736328125,-5.242716312408447,0.7145482270936487,0.10598821147330754,-0.690079924472288,-0.04446378331107349,0.026079581895474956,0.008944406558053094,-9.742521744127153e-05,0.027570935642294077,0.0008979921036350869,0.0030363289718872144,0.4140750254093055,0.9102372480012226,48.92368388828816
104068307519312,54.365797098,59802539,1.6193288266658783,-0.6246998310089111,-0.2622833251953125,-0.003950882703065872,-0.0002577435225248337,0.13184309005737305,37.45301055908203,0,-0.09895560145378113,-0.10916781425476074,0.000274658203125,-0.0018476173281669617,0.0017451941967010498,-0.0004684925079345703,104068307234833,0.284,1516748,12639.566666666666,34,True,-0.23309224843978882,1.0635303258895874,-5.271300792694092,0.6892659664154053,-0.22093398869037628,-0.6377484798431396,0.2633960545063019,1510224,-0.23478978872299194,1.0663604736328125,-5.242716312408447,0.7145482270936487,0.10598821147330754,-0.690079924472288,-0.04446378331107349,0.027360610366321415,0.00890602272089324,-0.00020893094375618363,0.028774361721191667,0.0011993746289471752,0.0018532447100775284,0.44104309546983256,0.8974832114992082,52.341612726492585
104068407740541,54.466018327,59904212,1.677392452955246,-0.7918682098388672,-0.251556396484375,-0.002293398603796959,0.008929387666285038,0.141623854637146,37.45301055908203,0,-0.09895560145378113,-0.10916781425476074,0.000274658203125,-0.0018476173281669617,0.0017451941967010498,-0.0004684925079345703,104068406999014,0.742,1516760,12639.666666666666,34,True,-0.23305600881576538,1.0638636350631714,-5.27286958694458,0.6850113272666931,-0.23126403987407684,-0.6360753774642944,0.2696007490158081,1510224,-0.23478978872299194,1.0663604736328125,-5.242716312408447,0.7145482270936487,0.10598821147330754,-0.690079924472288,-0.04446378331107349,0.028964804222805188,0.008913955355759328,-0.0002041497270189479,0.030306107649464745,0.003906230288048318,-8.559532457835806e-05,0.45218081187408976,0.8919177357869201,53.76954649498234
104068507863754,54.566141540,60004860,1.6919405162334442,-0.9916179180145264,-0.2699127197265625,-0.00454183854162693,0.010512607172131538,0.14457309246063232,37.45301055908203,0,-0.09895560145378113,-0.10916781425476074,0.000274658203125,-0.0018476173281669617,0.0017451941967010498,-0.0004684925079345703,104068507585951,0.278,1516772,12639.766666666666,34,True,-0.23313935101032257,1.0630098581314087,-5.273523330688477,0.679815948009491,-0.24212349951267242,-0.6329919099807739,0.28026390075683594,1510224,-0.23478978872299194,1.0663604736328125,-5.242716312408447,0.7145482270936487,0.10598821147330754,-0.690079924472288,-0.04446378331107349,0.029419552444092365,0.009874836382316567,-2.2013620422876466e-05,0.03103261097922165,0.00368498403563361,-0.0021148516173435388,0.4666110713524731,0.8844524048170095,55.63158159262442
104068608105976,54.666383762,60104541,1.7420524060726166,-0.8727631568908691,-0.352294921875,-0.0010432489216327667,0.012029025703668594,0.15052282810211182,37.45301055908203,0,-0.09895560145378113,-0.10916781425476074,0.000274658203125,-0.0018476173281669617,0.0017451941967010498,-0.0004684925079345703,104068606185462,1.921,1516784,12639.866666666667,34,True,-0.23309828341007233,1.061856985092163,-5.273404598236084,0.6764209866523743,-0.2515704035758972,-0.6282483339309692,0.29063889384269714,1510224,-0.23478978872299194,1.0663604736328125,-5.242716312408447,0.7145482270936487,0.10598821147330754,-0.690079924472288,-0.04446378331107349,0.02905923882328278,0.010976036613588477,2.73050673805131e-05,0.031063056615505895,0.002438859931283899,-0.0017477144747248265,0.47995021097702795,0.8772905974872048,57.365525549634185
104068709561314,54.767839100,60204891,1.6801080405712128,-0.8762643337249756,-0.309295654296875,-0.0015157852321863174,0.010681749321520329,0.157525897026062,37.45301055908203,0,-0.09895560145378113,-0.10916781425476074,0.000274658203125,-0.0018476173281669617,0.0017451941967010498,-0.0004684925079345703,104068709222596,0.339,1516796,12639.966666666667,34,True,-0.233124777674675,1.0610355138778687,-5.272594451904297,0.6731647849082947,-0.2582443356513977,-0.6254825592041016,0.29821231961250305,1510224,-0.23478978872299194,1.0663604736328125,-5.242716312408447,0.7145482270936487,0.10598821147330754,-0.690079924472288,-0.04446378331107349,0.028092413082688554,0.011603428641283995,8.630686216550346e-05,0.030394583035735785,0.0014844720059914718,-0.00252442006391701,0.4894772236703551,0.8720111645811455,58.61360482978452
104068809685480,54.867963266,60306188,1.6434204280376434,-0.7993099689483643,-0.0494842529296875,5.799345672130585e-05,0.015037227421998978,0.16280150413513184,37.45301055908203,0,-0.09895560145378113,-0.10916781425476074,0.000274658203125,-0.0018476173281669617,0.0017451941967010498,-0.0004684925079345703,104068806268751,3.417,1516808,12640.066666666666,34,True,-0.2332092970609665,1.0606424808502197,-5.271603584289551,0.670624315738678,-0.26137441396713257,-0.6249009966850281,0.30239900946617126,1510224,-0.23478978872299194,1.0663604736328125,-5.242716312408447,0.7145482270936487,0.10598821147330754,-0.690079924472288,-0.04446378331107349,0.027038794307844997,0.011770554584726324,0.00015974740791686198,0.029490131774685395,0.0007042044981441231,-0.004166557049787134,0.4943078505189298,0.8692766491823711,59.250620049823375
104068909897136,54.968174922,60406472,1.7068986594676971,-0.671220064163208,0.0589599609375,0.0011894740164279938,0.01639300212264061,0.16743290424346924,37.45301055908203,0,-0.09895560145378113,-0.10916781425476074,0.000274658203125,-0.0018476173281669617,0.0017451941967010498,-0.0004684925079345703,104068905531235,4.366,1516820,12640.166666666666,34,True,-0.23321093618869781,1.0600676536560059,-5.271319389343262,0.6695947051048279,-0.2642908990383148,-0.6233726739883423,0.30528661608695984,1510224,-0.23478978872299194,1.0663604736328125,-5.242716312408447,0.7145482270936487,0.10598821147330754,-0.690079924472288,-0.04446378331107349,0.026638818265055278,0.012270415712777004,0.00019654109354265144,0.029329649993214347,0.0005372742478601533,-0.003961384340000373,0.4982073718975705,0.8670486914570654,59.765062435030046
104069010097040,55.068374826,60506498,1.6236824691295624,-0.6614024639129639,-0.004180908203125,0.0012892410159111023,0.02094229869544506,0.16955840587615967,37.45301055908203,0,-0.09895560145378113,-0.10916781425476074,0.000274658203125,-0.0018476173281669617,0.0017451941967010498,-0.0004684925079345703,104069004822669,5.274,1516832,12640.266666666666,34,True,-0.23314888775348663,1.0596948862075806,-5.271050453186035,0.6675801277160645,-0.2695465385913849,-0.6206973791122437,0.310509592294693,1510224,-0.23478978872299194,1.0663604736328125,-5.242716312408447,0.7145482270936487,0.10598821147330754,-0.690079924472288,-0.04446378331107349,0.026298351114250502,0.012582495648280166,0.00015387414309302834,0.02915383585944228,0.00023804325909410062,-0.003759865128613593,0.5052346130861186,0.8629738075337754,60.695720595247195
104069110376776,55.168654562,60606609,1.6284171044826508,-0.5767562389373779,0.0796356201171875,0.0014933738857507706,0.01666007749736309,0.17331409454345703,37.45301055908203,0,-0.09895560145378113,-0.10916781425476074,0.000274658203125,-0.0018476173281669617,0.0017451941967010498,-0.0004684925079345703,104069107392848,2.984,1516844,12640.366666666667,34,True,-0.23313522338867188,1.0595084428787231,-5.271151065826416,0.6669557690620422,-0.2713968753814697,-0.6195542812347412,0.3125162124633789,1510224,-0.23478978872299194,1.0663604736328125,-5.242716312408447,0.7145482270936487,0.10598821147330754,-0.690079924472288,-0.04446378331107349,0.02635728764135969,0.0127863550271794,0.00016008482363237975,0.029295445274670356,-1.229690247761539e-05,-0.0035043287941590173,0.5078244581696255,0.8614534457608345,61.03966105280012
104069210621363,55.268899149,60707037,1.6277457177639008,-0.6803939342498779,-0.11175537109375,-0.00043280981481075287,0.020536435768008232,0.17277097702026367,37.45301055908203,0,-0.09895560145378113,-0.10916781425476074,0.000274658203125,-0.0018476173281669617,0.0017451941967010498,-0.0004684925079345703,104069206028187,4.593,1516856,12640.466666666667,34,True,-0.23311926424503326,1.059496521949768,-5.271374225616455,0.6672502756118774,-0.27036625146865845,-0.6202324032783508,0.31143370270729065,1510224,-0.23478978872299194,1.0663604736328125,-5.242716312408447,0.7145482270936487,0.10598821147330754,-0.690079924472288,-0.04446378331107349,0.026573126012407997,0.01284622313023789,0.00015491737527750836,0.029515766535469418,0.0001087737174588488,-0.0037167390253661785,0.506402407738752,0.8622892643746011,60.850797380029114
104069310873489,55.369151275,60807336,1.62043496966362,-0.6381754875183105,-0.1777801513671875,8.78162682056427e-05,0.018503457307815552,0.1706637144088745,37.45301055908203,0,-0.09895560145378113,-0.10916781425476074,0.000274658203125,-0.0018476173281669617,0.0017451941967010498,-0.0004684925079345703,104069305068973,5.805,1516868,12640.566666666666,34,True,-0.23313787579536438,1.059466004371643,-5.271182060241699,0.6675002574920654,-0.2703314423561096,-0.6200205087661743,0.31135016679763794,1510224,-0.23478978872299194,1.0663604736328125,-5.242716312408447,0.7145482270936487,0.10598821147330754,-0.690079924472288,-0.04446378331107349,0.026378462929926835,0.012833936644673128,0.00016758900606451792,0.029335325503903338,0.00011086962248407772,-0.0033855166029832517,0.5063369582904963,0.8623290617011501,60.84179145934464
104069411077516,55.469355302,60907565,1.5483151376247406,-0.6673727035522461,-0.135894775390625,-0.0006727352738380432,0.018680769950151443,0.1703258752822876,37.45301055908203,0,-0.09895560145378113,-0.10916781425476074,0.000274658203125,-0.0018476173281669617,0.0017451941967010498,-0.0004684925079345703,104069405941222,5.136,1516880,12640.666666666666,34,True,-0.23314718902111053,1.0596566200256348,-5.2711310386657715,0.6678960919380188,-0.26873013377189636,-0.6209833025932312,0.30996572971343994,1510224,-0.23478978872299194,1.0663604736328125,-5.242716312408447,0.7145482270936487,0.10598821147330754,-0.690079924472288,-0.04446378331107349,0.026368962525930486,0.0126368125976735,0.00015886448034522788,0.029241006399331766,7.953027702631288e-05,-0.003724787948146513,0.5043221245191847,0.8635075647324304,60.57455379619183
104069511190874,55.569468660,61007693,1.5115464627742767,-0.6258718967437744,-0.1359710693359375,0.00046735629439353943,0.02019040659070015,0.16872882843017578,37.45301055908203,0,-0.09895560145378113,-0.10916781425476074,0.000274658203125,-0.0018476173281669617,0.0017451941967010498,-0.0004684925079345703,104069507367282,3.824,1516892,12640.766666666666,34,True,-0.23310956358909607,1.0593078136444092,-5.271322727203369,0.6675741672515869,-0.26944947242736816,-0.6205915808677673,0.31081801652908325,1510224,-0.23478978872299194,1.0663604736328125,-5.242716312408447,0.7145482270936487,0.10598821147330754,-0.690079924472288,-0.04446378331107349,0.02648290410703651,0.013020014005987977,0.00015862589041978968,0.02951084778232787,-6.027248191903256e-05,-0.0037253855837826033,0.5053727485220898,0.8628931005175026,60.71402263604378
104069611526018,55.669803804,61107878,1.5657727420330048,-0.6176433563232422,-0.114898681640625,0.0003628414124250412,0.018467064946889877,0.16807472705841064,37.45301055908203,0,-0.09895560145378113,-0.10916781425476074,0.000274658203125,-0.0018476173281669617,0.0017451941967010498,-0.0004684925079345703,104069606328779,5.197,1516904,12640.866666666667,34,True,-0.23308303952217102,1.0586795806884766,-5.2712812423706055,0.6686111688613892,-0.26715633273124695,-0.6214306950569153,0.3088859021663666,1510224,-0.23478978872299194,1.0663604736328125,-5.242716312408447,0.7145482270936487,0.10598821147330754,-0.690079924472288,-0.04446378331107349,0.026309339585839985,0.01362533370610701,0.00018238682527376197,0.02962877542187419,-0.00021930606048864432,-0.003506539517970475,0.502548103020413,0.8645421101577674,60.3390774417846
104069711762740,55.770040526,61208169,1.6333619058132172,-0.586496114730835,-0.3302001953125,-0.000330507755279541,0.017978377640247345,0.16618740558624268,37.45301055908203,0,-0.09895560145378113,-0.10916781425476074,0.000274658203125,-0.0018476173281669617,0.0017451941967010498,-0.0004684925079345703,104069707113193,4.650,1516916,12640.966666666667,34,True,-0.23308727145195007,1.0585074424743652,-5.270944595336914,0.6697325110435486,-0.26508376002311707,-0.6221256256103516,0.3068365156650543,1510224,-0.23478978872299194,1.0663604736328125,-5.242716312408447,0.7145482270936487,0.10598821147330754,-0.690079924472288,-0.04446378331107349,0.025943771152251507,0.013721906019319165,0.0001861561706860337,0.02934969540767518,-0.00016136605955244246,-0.0031042288517486587,0.49980266593873296,0.8661337268833066,59.97516951465238
104069812045517,55.870323303,61308437,1.6511858403682709,-0.5894172191619873,-0.26641845703125,-0.00034993328154087067,0.017054393887519836,0.16441035270690918,37.45301055908203,0,-0.09895560145378113,-0.10916781425476074,0.000274658203125,-0.0018476173281669617,0.0017451941967010498,-0.0004684925079345703,104069806209277,5.836,1516928,12641.066666666666,34,True,-0.23309838771820068,1.0586110353469849,-5.2707414627075195,0.670040488243103,-0.26456573605537415,-0.6223979592323303,0.30605825781822205,1510224,-0.23478978872299194,1.0663604736328125,-5.242716312408447,0.7145482270936487,0.10598821147330754,-0.690079924472288,-0.04446378331107349,0.02576712718982892,0.013577426559920827,0.00017979094411593385,0.029125996642011247,5.2429084219096644e-05,-0.0030268423449915094,0.49894015777538214,0.8666311524724267,59.86102663041976
104069912274380,55.970552166,61408687,1.5916231572628021,-0.5917823314666748,-0.158111572265625,-0.00015794672071933746,0.021670684218406677,0.16363847255706787,37.45301055908203,0,-0.09895560145378113,-0.10916781425476074,0.000274658203125,-0.0018476173281669617,0.0017451941967010498,-0.0004684925079345703,104069910163433,2.111,1516940,12641.166666666666,34,True,-0.23313584923744202,1.0588490962982178,-5.270566463470459,0.670577883720398,-0.26336669921875,-0.6231869459152222,0.30430489778518677,1510224,-0.23478978872299194,1.0663604736328125,-5.242716312408447,0.7145482270936487,0.10598821147330754,-0.690079924472288,-0.04446378331107349,0.025645920809092674,0.013305561149691527,0.00018975723165117137,0.02889268453192602,0.0005375867510587773,-0.0030872437724832613,0.49696546980294165,0.8677646580438247,59.60018338469091
104070012370716,56.070648502,61508909,1.6107812821865082,-0.6239855289459229,-0.1160736083984375,-0.000957956537604332,0.01931813731789589,0.1632920503616333,37.45301055908203,0,-0.09895560145378113,-0.10916781425476074,0.000274658203125,-0.0018476173281669617,0.0017451941967010498,-0.0004684925079345703,104070003984301,8.386,1516952,12641.266666666666,34,True,-0.23315951228141785,1.0591206550598145,-5.270581245422363,0.6709293723106384,-0.26262572407722473,-0.6237171292304993,0.3030816614627838,1510224,-0.23478978872299194,1.0663604736328125,-5.242716312408447,0.7145482270936487,0.10598821147330754,-0.690079924472288,-0.04446378331107349,0.025717562148831842,0.013042146815710774,0.00019149327487610586,0.028836214490045427,0.0009408807169318801,-0.0031268282013489084,0.4956527320571415,0.8685146555431102,59.42702198276484
104070114579014,56.172856800,61608876,1.5047702491283417,-0.6911067962646484,-0.0317840576171875,-0.001954890787601471,0.01955549791455269,0.1608675718307495,37.45301055908203,0,-0.09895560145378113,-0.10916781425476074,0.000274658203125,-0.0018476173281669617,0.0017451941967010498,-0.0004684925079345703,104070114307244,0.272,1516965,12641.375,34,True,-0.23316584527492523,1.0599900484085083,-5.270602703094482,0.6752979159355164,-0.2525752782821655,-0.6276576519012451,0.2936399281024933,1510224,-0.23478978872299194,1.0663604736328125,-5.242716312408447,0.7145482270936487,0.10598821147330754,-0.690079924472288,-0.04446378331107349,0.025923399129623034,0.01219965548316386,0.0001268030501529714,0.028650834112729746,0.0009752506290497953,-0.0023740458190472102,0.48259386911465074,0.8758404936320374,57.710791272049704
104070216927649,56.275205435,61711281,1.5949213206768036,-0.58382248878479,-0.117645263671875,0.00019903667271137238,0.02267373725771904,0.15131962299346924,37.45301055908203,0,-0.09895560145378113,-0.10916781425476074,0.000274658203125,-0.0018476173281669617,0.0017451941967010498,-0.0004684925079345703,104070216639046,0.289,1516977,12641.475,34,True,-0.23327521979808807,1.061098337173462,-5.269911289215088,0.6824844479560852,-0.23624977469444275,-0.6343147158622742,0.27576443552970886,1510224,-0.23478978872299194,1.0663604736328125,-5.242716312408447,0.7145482270936487,0.10598821147330754,-0.690079924472288,-0.04446378331107349,0.02548118534172902,0.010965719183568238,0.00011383771962910575,0.02774077797501059,0.002868279582799699,-0.001002859779756449,0.45965065971029356,0.8880946111042387,54.73043088941619
104070317226415,56.375504201,61813693,1.6113066375255585,-0.6181468963623047,-0.2514190673828125,-0.0008010175079107285,0.01856119930744171,0.13705039024353027,37.45301055908203,0,-0.09895560145378113,-0.10916781425476074,0.000274658203125,-0.0018476173281669617,0.0017451941967010498,-0.0004684925079345703,104070315366702,1.860,1516989,12641.575,34,True,-0.23336662352085114,1.0623526573181152,-5.268828868865967,0.6898537874221802,-0.21460682153701782,-0.6425548195838928,0.2552824318408966,1510224,-0.23478978872299194,1.0663604736328125,-5.242716312408447,0.7145482270936487,0.10598821147330754,-0.690079924472288,-0.04446378331107349,0.02468858173047601,0.009509186553687666,5.384029025602764e-05,0.02645663613447641,0.0031139766616855857,-0.0005968547390277079,0.43119895972429856,0.9022512976141701,51.088826957057144
104070418060009,56.476337795,61913887,1.4678338468074799,-0.5152359008789062,-0.232696533203125,0.0009242184460163116,0.0252460278570652,0.12395119667053223,37.45301055908203,0,-0.09895560145378113,-0.10916781425476074,0.000274658203125,-0.0018476173281669617,0.0017451941967010498,-0.0004684925079345703,104070417742580,0.317,1517001,12641.675,34,True,-0.2333613634109497,1.062947154045105,-5.267020225524902,0.6967183351516724,-0.19656941294670105,-0.6467574834823608,0.24010181427001953,1510224,-0.23478978872299194,1.0663604736328125,-5.242716312408447,0.7145482270936487,0.10598821147330754,-0.690079924472288,-0.04446378331107349,0.023048622825102876,0.008551374742318188,-7.948669509560405e-05,0.024583965145031177,0.0016542156997977342,0.0019441807413136947,0.4087489625417387,0.9126432870255037,48.253542390328846
104070518202988,56.576480774,62014726,1.457756131887436,-0.5426087379455566,-0.193328857421875,-0.00040728412568569183,0.024294964969158173,0.11384832859039307,37.45301055908203,0,-0.09895560145378113,-0.10916781425476074,0.000274658203125,-0.0018476173281669617,0.0017451941967010498,-0.0004684925079345703,104070514556290,3.647,1517013,12641.775,34,True,-0.23350480198860168,1.0632967948913574,-5.265915393829346,0.7023921608924866,-0.17874354124069214,-0.6512556672096252,0.224860280752182,1510224,-0.23478978872299194,1.0663604736328125,-5.242716312408447,0.7145482270936487,0.10598821147330754,-0.690079924472288,-0.04446378331107349,0.022040274892835495,0.00796622804142652,-1.3804061460803317e-05,0.023435756806893984,0.0004682250007783523,0.003468221888889733,0.38629500820344004,0.9223686458457824,45.450288480089675
104070618314985,56.676592771,62114871,1.3925666511058807,-0.4271523952484131,-0.220245361328125,2.0209699869155884e-06,0.02260943502187729,0.10402321815490723,37.45301055908203,0,-0.09895560145378113,-0.10916781425476074,0.000274658203125,-0.0018476173281669617,0.0017451941967010498,-0.0004684925079345703,104070617507422,0.808,1517025,12641.875,34,True,-0.23358221352100372,1.0636342763900757,-5.265257358551025,0.7060779333114624,-0.16644808650016785,-0.6543353796005249,0.213528111577034,1510224,-0.23478978872299194,1.0663604736328125,-5.242716312408447,0.7145482270936487,0.10598821147330754,-0.690079924472288,-0.04446378331107349,0.021467412454630574,0.007492616959878849,6.638667545002131e-06,0.02273739541980565,0.00024328975172996373,0.004465470351374346,0.3702168015439113,0.928934615696516,43.46130907194272
104070718576417,56.776854203,62214985,1.419553130865097,-0.3359588384628296,-0.2638092041015625,0.002176271751523018,0.0240359865128994,0.09683656692504883,37.45301055908203,0,-0.09895560145378113,-0.10916781425476074,0.000274658203125,-0.0018476173281669617,0.0017451941967010498,-0.0004684925079345703,104070714328522,4.248,1517037,12641.975,34,True,-0.23356083035469055,1.0638312101364136,-5.26517915725708,0.7074102163314819,-0.1606902927160263,-0.6558548808097839,0.20881518721580505,1510224,-0.23478978872299194,1.0663604736328125,-5.242716312408447,0.7145482270936487,0.10598821147330754,-0.690079924472288,-0.04446378331107349,0.02143347940773531,0.0072864045545332195,-3.4356147163053805e-05,0.022638173760243643,-0.0002606255234267469,0.004542596497106367,0.3630590668590833,0.931755016548241,42.579872542726044
104070818825408,56.877103194,62315233,1.3066900670528412,-0.32011115550994873,-0.43792724609375,0.001530226320028305,0.024699680507183075,0.0941157341003418,37.45301055908203,0,-0.09895560145378113,-0.10916781425476074,0.000274658203125,-0.0018476173281669617,0.0017451941967010498,-0.0004684925079345703,104070813927890,4.898,1517049,12642.075,34,True,-0.23360732197761536,1.0639138221740723,-5.264751434326172,0.7071495056152344,-0.16199831664562225,-0.6559175848960876,0.2084907442331314,1510224,-0.23478978872299194,1.0663604736328125,-5.242716312408447,0.7145482270936487,0.10598821147330754,-0.690079924472288,-0.04446378331107349,0.021032109581764408,0.0071120398957322814,-1.356302439784829e-05,0.022202047853598205,0.0008920837037057899,0.00441042665355873,0.3637449490506397,0.9314877156267531,42.66415400780836
104070919064770,56.977342556,62415660,1.383268564939499,-0.35148417949676514,-0.3932647705078125,0.0013478882610797882,0.02482415735721588,0.09573769569396973,37.45301055908203,0,-0.09895560145378113,-0.10916781425476074,0.000274658203125,-0.0018476173281669617,0.0017451941967010498,-0.0004684925079345703,104070913852889,5.212,1517061,12642.175,34,True,-0.2336103618144989,1.0637842416763306,-5.26451301574707,0.7076103687286377,-0.16086047887802124,-0.6561772227287292,0.20698538422584534,1510224,-0.23478978872299194,1.0663604736328125,-5.242716312408447,0.7145482270936487,0.10598821147330754,-0.690079924472288,-0.04446378331107349,0.020771575000513562,0.007187896979005588,-1.0216421077141212e-05,0.02198008861124125,0.0011895639099896579,0.004651893391948715,0.36195350311632835,0.9321837836003114,42.44434664636878
104071019250846,57.077528632,62515694,1.3599718511104584,-0.2705327272415161,-0.4822845458984375,0.0006612725555896759,0.022281205281615257,0.09537076950073242,37.45301055908203,0,-0.09895560145378113,-0.10916781425476074,0.000274658203125,-0.0018476173281669617,0.0017451941967010498,-0.0004684925079345703,104071015423288,3.828,1517073,12642.275,34,True,-0.23352670669555664,1.0630806684494019,-5.263952255249023,0.7070571184158325,-0.158423513174057,-0.6580719947814941,0.20472784340381622,1510224,-0.23478978872299194,1.0663604736328125,-5.242716312408447,0.7145482270936487,0.10598821147330754,-0.690079924472288,-0.04446378331107349,0.020076199612912845,0.007762757556362557,-5.975617951281705e-05,0.021524817457469314,0.0013464076982602075,0.0030471164748384627,0.3586799018498267,0.9334546749984691,42.040191876264565
104071119366185,57.177643971,62615783,1.2794283330440521,-0.28433430194854736,-0.5240478515625,0.0009030885994434357,0.02679542265832424,0.09509825706481934,37.45301055908203,0,-0.09895560145378113,-0.10916781425476074,0.000274658203125,-0.0018476173281669617,0.0017451941967010498,-0.0004684925079345703,104071114339138,5.027,1517085,12642.375,34,True,-0.23355425894260406,1.0628266334533691,-5.263314723968506,0.7067188024520874,-0.15749484300613403,-0.6583412885665894,0.20574456453323364,1510224,-0.23478978872299194,1.0663604736328125,-5.242716312408447,0.7145482270936487,0.10598821147330754,-0.690079924472288,-0.04446378331107349,0.01939872173761717,0.007873829036833958,-3.911898309870551e-05,0.02093583337365936,2.263956326810368e-05,0.0024721751989143503,0.35869403030844016,0.9334519165218549,42.04107311142311
104071219613955,57.277891741,62716005,1.2488621175289154,-0.1678084135055542,-0.4397430419921875,0.0014963503926992416,0.026473402976989746,0.09712815284729004,37.45301055908203,0,-0.09895560145378113,-0.10916781425476074,0.000274658203125,-0.0018476173281669617,0.0017451941967010498,-0.0004684925079345703,104071214719492,4.894,1517097,12642.475,34,True,-0.23361678421497345,1.0628989934921265,-5.262989044189453,0.7068910002708435,-0.15542206168174744,-0.6591472029685974,0.20414219796657562,1510224,-0.23478978872299194,1.0663604736328125,-5.242716312408447,0.7145482270936487,0.10598821147330754,-0.690079924472288,-0.04446378331107349,0.019094439519395903,0.007729411945074646,2.9373916831644748e-06,0.020599549466063585,-0.00018501616791416486,0.002092809251200145,0.35616128673705205,0.9344221335928763,41.73002742964949
104071319817835,57.378095621,62816306,1.2928319871425629,-0.2139347791671753,-0.3549041748046875,0.0007439684122800827,0.02275896817445755,0.09628748893737793,37.45301055908203,0,-0.09895560145378113,-0.10916781425476074,0.000274658203125,-0.0018476173281669617,0.0017451941967010498,-0.0004684925079345703,104071314634439,5.183,1517109,12642.575,34,True,-0.2335895448923111,1.0626535415649414,-5.262992858886719,0.7079133987426758,-0.15208739042282104,-0.6597797870635986,0.20104390382766724,1510224,-0.23478978872299194,1.0663604736328125,-5.242716312408447,0.7145482270936487,0.10598821147330754,-0.690079924472288,-0.04446378331107349,0.019046608989085806,0.007971633456333001,-3.707984691818031e-06,0.020647524493129978,-0.0002507385228361081,0.002526444630491953,0.3517769223809869,0.9360804191349605,41.193197934666436
104071420063599,57.478341385,62916513,1.4091139733791351,-0.13336694240570068,-0.5311126708984375,0.00026267021894454956,0.013204668648540974,0.09363925457000732,37.609378814697266,0,-0.09895560145378113,-0.10916781425476074,0.000274658203125,-0.0018476173281669617,0.0017451941967010498,-0.0004684925079345703,104071415312834,4.751,1517121,12642.675,34,True,-0.2335912436246872,1.0624475479125977,-5.262950897216797,0.7086645364761353,-0.1492474228143692,-0.6605996489524841,0.1978076696395874,1510224,-0.23478978872299194,1.0663604736328125,-5.242716312408447,0.7145482270936487,0.10598821147330754,-0.690079924472288,-0.04446378331107349,0.018961737061205537,0.008163226929012765,1.3196136836099025e-05,0.020644270885911233,0.00015539952004872684,0.0026756857918379677,0.34763043143705813,0.9376278044594334,40.68616275827754
104071520231703,57.578509489,63016726,1.3325103223323822,-0.11906743049621582,-0.4477996826171875,0.0008912738412618637,0.009909829124808311,0.09164309501647949,37.609378814697266,0,-0.09895560145378113,-0.10916781425476074,0.000274658203125,-0.0018476173281669617,0.0017451941967010498,-0.0004684925079345703,104071514364828,5.867,1517133,12642.775,34,True,-0.23357340693473816,1.0624139308929443,-5.262950897216797,0.7109731435775757,-0.14354713261127472,-0.66070955991745,0.19332429766654968,1510224,-0.23478978872299194,1.0663604736328125,-5.242716312408447,0.7145482270936487,0.10598821147330754,-0.690079924472288,-0.04446378331107349,0.01895503012142683,0.008197562841641373,-1.7809650689788866e-06,0.020651711953702395,-0.0006656709592790661,0.004412000621392853,0.34071298498566727,0.9401567704350415,39.844198719435504
104071620447266,57.678725052,63116885,1.3987794816493988,-0.1540381908416748,-0.426177978515625,0.00026907771825790405,0.011559928767383099,0.08592140674591064,37.609378814697266,0,-0.09895560145378113,-0.10916781425476074,0.000274658203125,-0.0018476173281669617,0.0017451941967010498,-0.0004684925079345703,104071616320593,4.127,1517145,12642.875,34,True,-0.23357632756233215,1.0624973773956299,-5.262296676635742,0.7132084965705872,-0.13481396436691284,-0.662327766418457,0.18569011986255646,1510224,-0.23478978872299194,1.0663604736328125,-5.242716312408447,0.7145482270936487,0.10598821147330754,-0.690079924472288,-0.04446378331107349,0.01833369698003216,0.007978786945744788,-3.4317903013418995e-05,0.01999466588367245,-0.0011651482315493263,0.0052191092591962205,0.32951338524221696,0.9441357594511255,38.483751467531334
104071720653597,57.778931383,63217113,1.2097631394863129,-0.06133604049682617,-0.53302001953125,0.0018144845962524414,0.02233804576098919,0.0812077522277832,37.609378814697266,0,-0.09895560145378113,-0.10916781425476074,0.000274658203125,-0.0018476173281669617,0.0017451941967010498,-0.0004684925079345703,104071714874812,5.779,1517157,12642.975,34,True,-0.2336730659008026,1.0626962184906006,-5.261168956756592,0.7145748734474182,-0.12451094388961792,-0.6656273007392883,0.1755565106868744,1510224,-0.23478978872299194,1.0663604736328125,-5.242716312408447,0.7145482270936487,0.10598821147330754,-0.690079924472288,-0.04446378331107349,0.01727207002396198,0.007539860926753166,-3.652466322010884e-06,0.018846058448597023,-0.000745145923797777,0.004420274061539442,0.31544991605513395,0.9489316394744051,36.77979981415777
104071822683084,57.880960870,63317193,1.0997221171855927,0.08117449283599854,-0.5107574462890625,0.0052367523312568665,0.029337188228964806,0.0777207612991333,37.609378814697266,0,-0.09895560145378113,-0.10916781425476074,0.000274658203125,-0.0018476173281669617,0.0017451941967010498,-0.0004684925079345703,104071822178014,0.505,1517170,12643.083333333334,34,True,-0.23380309343338013,1.0635249614715576,-5.259413242340088,0.7161891460418701,-0.11246027052402496,-0.6688806414604187,0.1643911749124527,1510224,-0.23478978872299194,1.0663604736328125,-5.242716312408447,0.7145482270936487,0.10598821147330754,-0.690079924472288,-0.04446378331107349,0.015730268555141712,0.006352908188303325,-1.935684353017149e-05,0.016964703532725913,-0.0008098637256341995,0.003857157850136461,0.2994499106112053,0.9541038819169568,34.852247931843685
104071922785748,57.981063534,63419435,0.971327155828476,0.04360973834991455,-0.5353546142578125,0.003129921853542328,0.030897971242666245,0.07291209697723389,37.609378814697266,0,-0.09895560145378113,-0.10916781425476074,0.000274658203125,-0.0018476173281669617,0.0017451941967010498,-0.0004684925079345703,104071922602988,0.183,1517182,12643.183333333332,34,True,-0.23387819528579712,1.063832402229309,-5.257994174957275,0.7191808223724365,-0.09214866161346436,-0.6726981401443481,0.14752909541130066,1510224,-0.23478978872299194,1.0663604736328125,-5.242716312408447,0.7145482270936487,0.10598821147330754,-0.690079924472288,-0.04446378331107349,0.014407720508648377,0.005749069663466734,-3.1928453029542885e-05,0.015512421850788917,-0.002506139570333313,0.004077917227054972,0.273786915995055,0.9617784643489685,31.78445520292732
104072022872590,58.081150376,63519398,0.9584238231182098,0.24523520469665527,-0.51580810546875,0.006039546802639961,0.03528592735528946,0.06315767765045166,37.609378814697266,0,-0.09895560145378113,-0.10916781425476074,0.000274658203125,-0.0018476173281669617,0.0017451941967010498,-0.0004684925079345703,104072020559097,2.313,1517194,12643.283333333333,34,True,-0.23409107327461243,1.0638114213943481,-5.255514144897461,0.7210754752159119,-0.07422641664743423,-0.6766487956047058,0.12917834520339966,1510224,-0.23478978872299194,1.0663604736328125,-5.242716312408447,0.7145482270936487,0.10598821147330754,-0.690079924472288,-0.04446378331107349,0.011975501387156232,0.005229946697228075,7.35600397672242e-05,0.013067914409311007,-0.0014269455612153925,0.0037105176749970825,0.24869359760830506,0.9685740500310689,28.80419792058751
104072123078227,58.181356013,63619254,0.7949346005916595,0.3835805654525757,-0.9048309326171875,0.01086404174566269,0.03409183770418167,0.05513906478881836,37.609378814697266,0,-0.09895560145378113,-0.10916781425476074,0.000274658203125,-0.0018476173281669617,0.0017451941967010498,-0.0004684925079345703,104072113388420,9.690,1517205,12643.375,34,True,-0.23413315415382385,1.0638052225112915,-5.254563331604004,0.7225189805030823,-0.05314027518033981,-0.6803309321403503,0.11087064445018768,1510224,-0.23478978872299194,1.0663604736328125,-5.242716312408447,0.7145482270936487,0.10598821147330754,-0.690079924472288,-0.04446378331107349,0.011044403677887265,0.005032687129745798,7.448976647590375e-05,0.0121372295467849,-0.0025702539700901486,0.003078418401765537,0.22130947224638114,0.9751953827970585,25.576181781746044
104072223292497,58.281570283,63719855,0.8039989173412323,0.4332767724990845,-0.9412841796875,0.010538842529058456,0.005372610874474049,0.04372274875640869,37.609378814697266,0,-0.09895560145378113,-0.10916781425476074,0.000274658203125,-0.0018476173281669617,0.0017451941967010498,-0.0004684925079345703,104072222555883,0.737,1517218,12643.483333333334,34,True,-0.23414862155914307,1.0640757083892822,-5.25471830368042,0.7240179777145386,-0.04102277383208275,-0.6813204884529114,0.09958727657794952,1510224,-0.23478978872299194,1.0663604736328125,-5.242716312408447,0.7145482270936487,0.10598821147330754,-0.690079924472288,-0.04446378331107349,0.011252955360063563,0.004800470973623739,7.4270709990315e-05,0.012234338643447376,-0.002831557526102556,0.004062874396175864,0.20506737400240116,0.9787353306453062,23.673886168587146
104072323512620,58.381790406,63819989,0.7638954818248749,0.3811553716659546,-1.090789794921875,0.01010526716709137,0.010435294359922409,0.037888526916503906,37.609378814697266,0,-0.09895560145378113,-0.10916781425476074,0.000274658203125,-0.0018476173281669617,0.0017451941967010498,-0.0004684925079345703,104072314357303,9.155,1517229,12643.575,34,True,-0.23416662216186523,1.0644382238388062,-5.255171775817871,0.7241041660308838,-0.04129249230027199,-0.6811718940734863,0.09986457228660583,1510224,-0.23478978872299194,1.0663604736328125,-5.242716312408447,0.7145482270936487,0.10598821147330754,-0.690079924472288,-0.04446378331107349,0.011772595057150214,0.004541060912844179,8.198160257609174e-05,0.012618318016952965,-0.0028631530901137158,0.004211131982224393,0.20545399912730078,0.9786535254953155,23.71954213164343
104072423719334,58.481997120,63920196,0.7781421840190887,0.22249376773834229,-0.9158935546875,0.007754843682050705,0.015911532565951347,0.03876662254333496,37.609378814697266,0,-0.09895560145378113,-0.10916781425476074,0.000274658203125,-0.0018476173281669617,0.0017451941967010498,-0.0004684925079345703,104072422252490,1.467,1517242,12643.683333333332,34,True,-0.23416559398174286,1.0650864839553833,-5.255097389221191,0.723267138004303,-0.042745549231767654,-0.6818481683731079,0.1007002592086792,1510224,-0.23478978872299194,1.0663604736328125,-5.242716312408447,0.7145482270936487,0.10598821147330754,-0.690079924472288,-0.04446378331107349,0.011837934737408351,0.003894413082072225,2.4077277985791348e-05,0.0124620917913595,-0.0023486717359442848,0.003126320576532726,0.20701032308504524,0.9783309440046117,23.89873894608945
104072523965193,58.582242979,64020429,0.7431255280971527,0.22943556308746338,-0.698638916015625,0.00889948382973671,0.021648412570357323,0.039760470390319824,37.609378814697266,0,-0.09895560145378113,-0.10916781425476074,0.000274658203125,-0.0018476173281669617,0.0017451941967010498,-0.0004684925079345703,104072514347950,9.617,1517253,12643.775,34,True,-0.23417694866657257,1.0653456449508667,-5.254734516143799,0.7236006855964661,-0.0400761179625988,-0.6819151043891907,0.09893304109573364,1510224,-0.23478978872299194,1.0663604736328125,-5.242716312408447,0.7145482270936487,0.10598821147330754,-0.690079924472288,-0.04446378331107349,0.011538366093782396,0.003564936959355925,-1.8906456860802836e-06,0.012076533907246327,-0.002935766451083375,0.003377277332365869,0.20392169212020644,0.9789769756005484,23.53851287168585
104072624203640,58.682481426,64120619,0.6730800569057465,0.21743452548980713,-0.6989898681640625,0.008127722889184952,0.02426922880113125,0.03929638862609863,37.609378814697266,0,-0.09895560145378113,-0.10916781425476074,0.000274658203125,-0.0018476173281669617,0.0017451941967010498,-0.0004684925079345703,104072622487602,1.716,1517266,12643.883333333333,34,True,-0.2342418134212494,1.0652695894241333,-5.253711700439453,0.7230747938156128,-0.03900400921702385,-0.6826584935188293,0.09807689487934113,1510224,-0.23478978872299194,1.0663604736328125,-5.242716312408447,0.7145482270936487,0.10598821147330754,-0.690079924472288,-0.04446378331107349,0.010521498851805838,0.0034185277033596103,2.436171717461362e-05,0.011062950024313244,-0.0029616755488589383,0.002526253778745658,0.20254210849737084,0.9792658172351509,23.375685257140283
104072724283390,58.782561176,64220876,0.6520865857601166,0.2776716947555542,-0.656585693359375,0.00907677412033081,0.02347404509782791,0.040703654289245605,37.609378814697266,0,-0.09895560145378113,-0.10916781425476074,0.000274658203125,-0.0018476173281669617,0.0017451941967010498,-0.0004684925079345703,104072722640049,1.643,1517278,12643.983333333334,34,True,-0.23425740003585815,1.0648090839385986,-5.253077507019043,0.7233532667160034,-0.0358029268682003,-0.6831276416778564,0.09388749301433563,1510224,-0.23478978872299194,1.0663604736328125,-5.242716312408447,0.7145482270936487,0.10598821147330754,-0.690079924472288,-0.04446378331107349,0.009803637724211564,0.003732392973202505,5.0314233999398776e-05,0.010490214557202273,-0.0021398065331680698,0.002684888494527693,0.1974141470658737,0.9803141675707978,22.775061440964528
104072824491375,58.882769161,64320792,0.5792869031429291,0.3423880338668823,-0.724945068359375,0.007991492748260498,0.020478762686252594,0.04047799110412598,37.609378814697266,0,-0.09895560145378113,-0.10916781425476074,0.000274658203125,-0.0018476173281669617,0.0017451941967010498,-0.0004684925079345703,104072822419456,2.072,1517290,12644.083333333334,34,True,-0.23418088257312775,1.0639641284942627,-5.252079010009766,0.7223153710365295,-0.02884930744767189,-0.6851189136505127,0.08966764062643051,1510224,-0.23478978872299194,1.0663604736328125,-5.242716312408447,0.7145482270936487,0.10598821147330754,-0.690079924472288,-0.04446378331107349,0.008650426156614916,0.004352409697246996,4.820675016460369e-07,0.009683663722792437,-0.0036658715878336613,0.0006838680943886399,0.18951195438049862,0.9818713321290193,21.852889115169923
104072924740101,58.983017887,64421072,0.6768806874752045,0.37988030910491943,-0.749908447265625,0.00741935707628727,0.012571815401315689,0.03815352916717529,37.609378814697266,0,-0.09895560145378113,-0.10916781425476074,0.000274658203125,-0.0018476173281669617,0.0017451941967010498,-0.0004684925079345703,104072922518130,2.222,1517302,12644.183333333332,34,True,-0.23406949639320374,1.0636106729507446,-5.251562595367432,0.7234166264533997,-0.015881557017564774,-0.6859069466590881,0.07712262123823166,1510224,-0.23478978872299194,1.0663604736328125,-5.242716312408447,0.7145482270936487,0.10598821147330754,-0.690079924472288,-0.04446378331107349,0.008073579788311122,0.00459820645822903,-0.0001037004876797105,0.009291767701673887,-0.0036160780760890175,0.0016337636159088344,0.171740556633344,0.985134222328645,19.78339969277877
104073024945142,59.083222928,64521438,0.5986559987068176,0.34058189392089844,-0.8839569091796875,0.005086580291390419,0.008920038118958473,0.03058624267578125,37.609378814697266,0,-0.09895560145378113,-0.10916781425476074,0.000274658203125,-0.0018476173281669617,0.0017451941967010498,-0.0004684925079345703,104073021841381,3.104,1517314,12644.283333333333,34,True,-0.23416770994663239,1.0637290477752686,-5.250855445861816,0.7244671583175659,0.0009606852545402944,-0.6863894462585449,0.06337231397628784,1510224,-0.23478978872299194,1.0663604736328125,-5.242716312408447,0.7145482270936487,0.10598821147330754,-0.690079924472288,-0.04446378331107349,0.0074055884181216634,0.004325733424124764,-4.656118869513247e-05,0.008576530616717962,-0.00540888487333669,0.002722445910637528,0.15034994752635064,0.9886142956337999,17.308542653142954
104073125170132,59.183447918,64621436,0.5615571737289429,0.504717230796814,-0.653564453125,0.006121791899204254,0.006904548034071922,0.021035194396972656,37.609378814697266,0,-0.09895560145378113,-0.10916781425476074,0.000274658203125,-0.0018476173281669617,0.0017451941967010498,-0.0004684925079345703,104073122429429,2.741,1517326,12644.383333333333,34,True,-0.23404641449451447,1.063873529434204,-5.250178337097168,0.7227491140365601,0.017061907798051834,-0.689238429069519,0.04788560792803764,1510224,-0.23478978872299194,1.0663604736328125,-5.242716312408447,0.7145482270936487,0.10598821147330754,-0.690079924472288,-0.04446378331107349,0.006778008639058632,0.004053924401487201,-0.0002088180583832926,0.007900589164463229,-0.0050756678254373095,0.00042660957224344154,0.12810237265123933,0.991747870036292,14.73159473236539
104073225407886,59.283685672,64721894,0.49058079719543457,0.3811255693435669,-0.74212646484375,0.003594018518924713,0.0066932206973433495,0.0132063627243042,37.609378814697266,0,-0.09895560145378113,-0.10916781425476074,0.000274658203125,-0.0018476173281669617,0.0017451941967010498,-0.0004684925079345703,104073222280746,3.127,1517338,12644.483333333334,34,True,-0.23430219292640686,1.0640207529067993,-5.248931407928467,0.7238768339157104,0.03085867501795292,-0.688403308391571,0.033925753086805344,1510224,-0.23478978872299194,1.0663604736328125,-5.242716312408447,0.7145482270936487,0.10598821147330754,-0.690079924472288,-0.04446378331107349,0.0055849622731556315,0.0036259097254175377,-2.0739578123723894e-05,0.006658787807067436,-0.004760206104552169,0.002667684007064797,0.1086928960793706,0.9940603996949883,12.495724229405319
104073325524823,59.383802609,64822111,0.40751367807388306,0.3277881145477295,-0.550750732421875,0.002997579053044319,0.00770949199795723,0.007417798042297363,37.609378814697266,0,-0.09895560145378113,-0.10916781425476074,0.000274658203125,-0.0018476173281669617,0.0017451941967010498,-0.0004684925079345703,104073322485808,3.039,1517350,12644.583333333334,34,True,-0.23452143371105194,1.0641292333602905,-5.247473239898682,0.720263659954071,0.04646660387516022,-0.6918890476226807,0.018730247393250465,1510224,-0.23478978872299194,1.0663604736328125,-5.242716312408447,0.7145482270936487,0.10598821147330754,-0.690079924472288,-0.04446378331107349,0.004178256772071587,0.0031945835666837715,0.00012495157308606313,0.005261065169098817,-0.004142899833499713,-0.0013998665775813992,0.08682619307316135,0.9962138771122176,9.974751809657525
104073425818925,59.484096711,64922633,0.38051193952560425,0.41746795177459717,-0.489471435546875,0.005392877385020256,0.0038034822791814804,0.0010950565338134766,37.609378814697266,0,-0.09895560145378113,-0.10916781425476074,0.000274658203125,-0.0018476173281669617,0.0017451941967010498,-0.0004684925079345703,104073422240361,3.579,1517362,12644.683333333332,34,True,-0.23477575182914734,1.0652254819869995,-5.245763778686523,0.7203516960144043,0.06671316176652908,-0.6903898119926453,-0.0021762140095233917,1510224,-0.23478978872299194,1.0663604736328125,-5.242716312408447,0.7145482270936487,0.10598821147330754,-0.690079924472288,-0.04446378331107349,0.0027354470352478895,0.0017456993708800045,0.00021287792353414173,0.003251992279582705,-0.003338784030427367,0.0010477612569916863,0.057874596662942625,0.9983177278695637,6.647780224524957
104073526082702,59.584360488,65022643,0.3071068078279495,0.32678651809692383,-0.47003173828125,0.004120234400033951,0.005744774825870991,-0.008648157119750977,37.609378814697266,0,-0.09895560145378113,-0.10916781425476074,0.000274658203125,-0.0018476173281669617,0.0017451941967010498,-0.0004684925079345703,104073522604774,3.478,1517374,12644.783333333333,34,True,-0.23492451012134552,1.066385269165039,-5.243880748748779,0.7171927094459534,0.09500633925199509,-0.6897135376930237,-0.03006034344434738,1510224,-0.23478978872299194,1.0663604736328125,-5.242716312408447,0.7145482270936487,0.10598821147330754,-0.690079924472288,-0.04446378331107349,0.0011392754115650866,0.0002080475122960547,0.000182878193093712,0.001172466061034858,-0.002869999272932619,0.0010484059747061791,0.018050595256586654,0.9998324059360992,2.097988037467617
104073626297664,59.684575450,65122869,0.19159597158432007,0.17172741889953613,-0.3674774169921875,0.002521336078643799,0.0018471600487828255,-0.021035432815551758,37.609378814697266,0,-0.09895560145378113,-0.10916781425476074,0.000274658203125,-0.0018476173281669617,0.0017451941967010498,-0.0004684925079345703,104073624201040,2.097,1517386,12644.883333333333,34,True,-0.2352689504623413,1.0673190355300903,-5.24167537689209,0.7136632204055786,0.11866430193185806,-0.688406229019165,-0.05196598172187805,1510224,-0.23478978872299194,1.0663604736328125,-5.242716312408447,0.7145482270936487,0.10598821147330754,-0.690079924472288,-0.04446378331107349,-0.0008247677502224394,-0.00119482122058051,0.0003523408032388459,0.0014939824739880583,-0.0035248742002021993,0.0008167284192449054,-0.014403013525821073,0.9998897246286398,1.7018092561996156
104073726424810,59.784702596,65223055,0.23414960503578186,0.25329065322875977,-0.2839508056640625,0.005869690328836441,-0.0032642465084791183,-0.029275059700012207,37.609378814697266,0,-0.09895560145378113,-0.10916781425476074,0.000274658203125,-0.0018476173281669617,0.0017451941967010498,-0.0004684925079345703,104073722984486,3.440,1517398,12644.983333333334,34,True,-0.2352922111749649,1.0677469968795776,-5.240025997161865,0.7097652554512024,0.14023931324481964,-0.6866177916526794,-0.07156974822282791,1510224,-0.23478978872299194,1.0663604736328125,-5.242716312408447,0.7145482270936487,0.10598821147330754,-0.690079924472288,-0.04446378331107349,-0.002345324156082874,-0.001959650146982508,0.0002681362794997827,0.0030680076857886773,-0.004421754795223984,0.0005232073314471175,-0.04384022432257038,0.9990286327578235,5.051199410512924
104073826537090,59.884814876,65323150,0.10768242180347443,0.16080141067504883,-0.2865142822265625,0.0054149143397808075,-0.0034944619983434677,-0.037772178649902344,37.609378814697266,0,-0.09895560145378113,-0.10916781425476074,0.000274658203125,-0.0018476173281669617,0.0017451941967010498,-0.0004684925079345703,104073823240085,3.297,1517410,12645.083333333334,34,True,-0.23540706932544708,1.0679774284362793,-5.2385334968566895,0.7050737738609314,0.16302919387817383,-0.683798611164093,-0.09333803504705429,1510224,-0.23478978872299194,1.0663604736328125,-5.242716312408447,0.7145482270936487,0.10598821147330754,-0.690079924472288,-0.04446378331107349,-0.0037569875387104563,-0.0025075041558146696,0.0002983147016076387,0.0045267564677867024,-0.004684301855551687,0.0005940079420367339,-0.07576914129663975,0.9971142069481613,8.7077251640848
104073926654573,59.984932359,65423556,0.09224121272563934,0.141839861869812,-0.226348876953125,0.003982260823249817,-0.00543782114982605,-0.04773449897766113,37.609378814697266,0,-0.09895560145378113,-0.10916781425476074,0.000274658203125,-0.0018476173281669617,0.0017451941967010498,-0.0004684925079345703,104073922593887,4.061,1517422,12645.183333333332,34,True,-0.23549388349056244,1.0686932802200317,-5.23692512512207,0.7016162872314453,0.17748920619487762,-0.6814233064651489,-0.1090618222951889,1510224,-0.23478978872299194,1.0663604736328125,-5.242716312408447,0.7145482270936487,0.10598821147330754,-0.690079924472288,-0.04446378331107349,-0.005177811710323842,-0.003549738878762984,0.0002553546279578314,0.006282959987218419,-0.0035254832311472084,0.0009289248300689001,-0.09742425626308734,0.9952362645915951,11.189585465739547
104074026778037,60.085055823,65523407,0.04472850263118744,0.19011294841766357,-0.2043609619140625,0.0068881213665008545,-0.004500046372413635,-0.0504612922668457,37.609378814697266,0,-0.09895560145378113,-0.10916781425476074,0.000274658203125,-0.0018476173281669617,0.0017451941967010498,-0.0004684925079345703,104074022167148,4.611,1517434,12645.283333333333,34,True,-0.23562049865722656,1.0686699151992798,-5.236114025115967,0.6990383863449097,0.18297165632247925,-0.6816950440406799,-0.1147109642624855,1510224,-0.23478978872299194,1.0663604736328125,-5.242716312408447,0.7145482270936487,0.10598821147330754,-0.690079924472288,-0.04446378331107349,-0.005978218705434987,-0.003708587256246431,0.0003479633730809121,0.007043706186107712,-0.0031288034336121456,-0.0006892304152203987,-0.10550123551078766,0.9944140107903781,12.117695724948137
104074126880897,60.185158683,65623306,-0.05323174595832825,0.13391554355621338,-0.3541412353515625,0.0063966549932956696,-0.001545177772641182,-0.051213860511779785,37.609378814697266,0,-0.09895560145378113,-0.10916781425476074,0.000274658203125,-0.0018476173281669617,0.0017451941967010498,-0.0004684925079345703,104074122489636,4.391,1517446,12645.383333333333,34,True,-0.23556579649448395,1.0684475898742676,-5.235940456390381,0.6980255842208862,0.186696395277977,-0.6812272667884827,-0.1176191121339798,1510224,-0.23478978872299194,1.0663604736328125,-5.242716312408447,0.7145482270936487,0.10598821147330754,-0.690079924472288,-0.04446378331107349,-0.006193699446763369,-0.0035236261568402207,0.00030432369990332736,0.007132353541736997,-0.0036257048236600364,-0.0009112819793804516,-0.110297735679148,0.9938915601481575,12.672260635106325
104074226999952,60.285277738,65723538,-0.09176439046859741,0.14353978633880615,-0.224365234375,0.006526323035359383,0.00316766370087862,-0.05198550224304199,37.609378814697266,0,-0.09895560145378113,-0.10916781425476074,0.000274658203125,-0.0018476173281669617,0.0017451941967010498,-0.0004684925079345703,104074224492062,2.508,1517458,12645.483333333334,34,True,-0.23555630445480347,1.0681992769241333,-5.235940933227539,0.6981590390205383,0.1861066222190857,-0.6813932657241821,-0.11679678410291672,1510224,-0.23478978872299194,1.0663604736328125,-5.242716312408447,0.7145482270936487,0.10598821147330754,-0.690079924472288,-0.04446378331107349,-0.006245844884831428,-0.0032809186106849972,0.0003154389022568278,0.007062188538715961,-0.0037946474964410948,-0.0009987353350487393,-0.10928732307200538,0.9940024568349233,12.556587126958263
104074327093737,60.385371523,65823697,-0.05371016263961792,0.1773296594619751,-0.26751708984375,0.0067194681614637375,0.0016432162374258041,-0.05087590217590332,37.609378814697266,0,-0.09895560145378113,-0.10916781425476074,0.000274658203125,-0.0018476173281669617,0.0017451941967010498,-0.0004684925079345703,104074324435822,2.658,1517470,12645.583333333334,34,True,-0.23553985357284546,1.0680718421936035,-5.235968589782715,0.6978712677955627,0.18784992396831512,-0.6809762716293335,-0.11814991384744644,1510224,-0.23478978872299194,1.0663604736328125,-5.242716312408447,0.7145482270936487,0.10598821147330754,-0.690079924472288,-0.04446378331107349,-0.006245540302753771,-0.0031495656110193523,0.00031081031551988476,0.007001652680879775,-0.004062189648189829,-0.0008334560799990731,-0.11151580569711587,0.9937540083169214,12.814292587722248
104074427302577,60.485580363,65923762,-0.13108286261558533,0.0486222505569458,-0.2895660400390625,0.0034772753715515137,0.003993327729403973,-0.05164182186126709,37.609378814697266,0,-0.09895560145378113,-0.10916781425476074,0.000274658203125,-0.0018476173281669617,0.0017451941967010498,-0.0004684925079345703,104074423264327,4.038,1517482,12645.683333333332,34,True,-0.2355256974697113,1.0676703453063965,-5.235013484954834,0.6975200176239014,0.19298022985458374,-0.6789502501487732,-0.12349505722522736,1510224,-0.23478978872299194,1.0663604736328125,-5.242716312408447,0.7145482270936487,0.10598821147330754,-0.690079924472288,-0.04446378331107349,-0.007263550644846099,-0.0029578048654165016,0.00028826840404132074,0.007847985490869248,-0.003982264442986189,0.0007102526632538075,-0.11899754401452423,0.9928863085114892,13.676435721151032
104074527557841,60.585835627,66023930,-0.19409164786338806,0.11588442325592041,-0.314849853515625,0.0045309774577617645,-0.0026465430855751038,-0.052391648292541504,37.609378814697266,0,-0.09895560145378113,-0.10916781425476074,0.000274658203125,-0.0018476173281669617,0.0017451941967010498,-0.0004684925079345703,104074522346812,5.211,1517494,12645.783333333333,34,True,-0.23544879257678986,1.0663095712661743,-5.233778476715088,0.695578932762146,0.1976478397846222,-0.6790986061096191,-0.12621547281742096,1510224,-0.23478978872299194,1.0663604736328125,-5.242716312408447,0.7145482270936487,0.10598821147330754,-0.690079924472288,-0.04446378331107349,-0.008757552489159206,-0.0018851887745648017,0.0002704102357807551,0.008962242130836387,-0.005157388328399376,-0.0006544661339589752,-0.12440921824303301,0.9922173750927097,14.30581949685939
104074627781695,60.686059481,66124222,-0.16674265265464783,0.16227352619171143,-0.3545074462890625,0.005487322807312012,0.0047841621562838554,-0.05229222774505615,37.609378814697266,0,-0.09895560145378113,-0.10916781425476074,0.000274658203125,-0.0018476173281669617,0.0017451941967010498,-0.0004684925079345703,104074623361548,4.420,1517506,12645.883333333333,34,True,-0.23543979227542877,1.0655730962753296,-5.232689380645752,0.6918799877166748,0.20875756442546844,-0.6776964664459229,-0.13583077490329742,1510224,-0.23478978872299194,1.0663604736328125,-5.242716312408447,0.7145482270936487,0.10598821147330754,-0.690079924472288,-0.04446378331107349,-0.009977865226749852,-0.0013958794795063398,0.00027487140723370443,0.010078781091729565,-0.005937529940416906,-0.0016800090372335315,-0.13943735752012978,0.9902116675921593,16.046372496988194
104074727903735,60.786181521,66224544,-0.4169214069843292,0.2471761703491211,-0.2056121826171875,0.008245933800935745,0.010678568854928017,-0.05695641040802002,37.609378814697266,0,-0.09895560145378113,-0.10916781425476074,0.000274658203125,-0.0018476173281669617,0.0017451941967010498,-0.0004684925079345703,104074722175518,5.728,1517518,12645.983333333334,34,True,-0.2356640100479126,1.0652891397476196,-5.230936050415039,0.6865801811218262,0.22566749155521393,-0.6738470196723938,-0.15366214513778687,1510224,-0.23478978872299194,1.0663604736328125,-5.242716312408447,0.7145482270936487,0.10598821147330754,-0.690079924472288,-0.04446378331107349,-0.011756524097411588,-0.001507517712878197,0.0004451104853689853,0.011861137881832682,-0.005037704069056903,-0.00144864820070012,-0.16455827235526685,0.9863534346042261,18.95284593254487
104074828162709,60.886440495,66324639,-0.42703893780708313,0.0949242115020752,-0.1009368896484375,0.005389677360653877,0.007614573463797569,-0.06322896480560303,37.609378814697266,0,-0.09895560145378113,-0.10916781425476074,0.000274658203125,-0.0018476173281669617,0.0017451941967010498,-0.0004684925079345703,104074824506807,3.656,1517530,12646.083333333334,34,True,-0.2357778251171112,1.0654044151306152,-5.2293829917907715,0.6799080967903137,0.2457885891199112,-0.6684452295303345,-0.17462532222270966,1510224,-0.23478978872299194,1.0663604736328125,-5.242716312408447,0.7145482270936487,0.10598821147330754,-0.690079924472288,-0.04446378331107349,-0.01325182176986821,-0.001955870685188238,0.0004811362716884447,0.013404018146416617,-0.004219528391502082,-0.0008658905415199205,-0.1943493751353676,0.9809229155230372,22.419012418524407
104074928467831,60.986745617,66424893,-0.4681927263736725,-0.11551320552825928,-0.1655731201171875,0.000953182578086853,0.013386787846684456,-0.07192325592041016,37.609378814697266,0,-0.09895560145378113,-0.10916781425476074,0.000274658203125,-0.0018476173281669617,0.0017451941967010498,-0.0004684925079345703,104074922413652,6.054,1517542,12646.183333333332,34,True,-0.23576775193214417,1.065658450126648,-5.227856159210205,0.6729479432106018,0.2650221586227417,-0.6625699400901794,-0.19469308853149414,1510224,-0.23478978872299194,1.0663604736328125,-5.242716312408447,0.7145482270936487,0.10598821147330754,-0.690079924472288,-0.04446378331107349,-0.014688858783386435,-0.0025226518864731933,0.0003834804014481287,0.014908836377024547,-0.003466078563399977,-0.00019902578609115595,-0.2229399899116602,0.9748259883621886,25.766720843282997
104075028708918,61.086986704,66525152,-0.5635110437870026,-0.0517880916595459,-0.0175018310546875,0.001577332615852356,0.01913648098707199,-0.08231472969055176,37.609378814697266,0,-0.09895560145378113,-0.10916781425476074,0.000274658203125,-0.0018476173281669617,0.0017451941967010498,-0.0004684925079345703,104075023835963,4.873,1517554,12646.283333333333,34,True,-0.23581725358963013,1.0654953718185425,-5.226412296295166,0.665846049785614,0.2832527458667755,-0.6563398838043213,-0.21362316608428955,1510224,-0.23478978872299194,1.0663604736328125,-5.242716312408447,0.7145482270936487,0.10598821147330754,-0.690079924472288,-0.04446378331107349,-0.016135126060909253,-0.002671299063587133,0.00038326875010790773,0.01635924896269275,-0.002864722984172175,0.0005475399964671724,-0.250059621863805,0.9682260475093134,28.9640936108472
104075128920333,61.187198119,66625414,-0.5829983055591583,-0.2009505033493042,0.1536407470703125,-0.0018725898116827011,0.0243045836687088,-0.09057855606079102,37.609378814697266,0,-0.09895560145378113,-0.10916781425476074,0.000274658203125,-0.0018476173281669617,0.0017451941967010498,-0.0004684925079345703,104075123323745,5.597,1517566,12646.383333333333,34,True,-0.23578594624996185,1.0643658638000488,-5.225314617156982,0.657512903213501,0.30076032876968384,-0.6514723896980286,-0.22979103028774261,1510224,-0.23478978872299194,1.0663604736328125,-5.242716312408447,0.7145482270936487,0.10598821147330754,-0.690079924472288,-0.04446378331107349,-0.017446913251048263,-0.0017991321509373745,0.0003976648616742771,0.017543939005489916,-0.0035390091838442272,-0.0007897881710264842,-0.2748263672514498,0.9614870355402682,31.906184942847496
104075230741379,61.289019165,66725680,-0.5979222357273102,-0.1927715539932251,0.044403076171875,-0.0019647404551506042,0.025528576225042343,-0.09919631481170654,37.609378814697266,0,-0.09895560145378113,-0.10916781425476074,0.000274658203125,-0.0018476173281669617,0.0017451941967010498,-0.0004684925079345703,104075230503948,0.237,1517579,12646.491666666667,34,True,-0.23561745882034302,1.0629624128341675,-5.225290775299072,0.6511383056640625,0.31829217076301575,-0.6431246995925903,-0.24718351662158966,1510224,-0.23478978872299194,1.0663604736328125,-5.242716312408447,0.7145482270936487,0.10598821147330754,-0.690079924472288,-0.04446378331107349,-0.017764672825166562,-0.0004225836721565364,0.00034499418307815555,0.017773046968135274,-0.003810929324157303,0.0018399235579860673,-0.30040273668167683,0.9538030652567364,34.96716896918815
104075332196404,61.390474190,66827345,-0.6913749277591705,0.012926816940307617,0.1089324951171875,0.0011958982795476913,0.03690757602453232,-0.10792839527130127,37.609378814697266,0,-0.09895560145378113,-0.10916781425476074,0.000274658203125,-0.0018476173281669617,0.0017451941967010498,-0.0004684925079345703,104075331894436,0.302,1517591,12646.591666666667,34,True,-0.23550961911678314,1.061582088470459,-5.224693298339844,0.6443292498588562,0.3283723294734955,-0.6401430368423462,-0.2592843174934387,1510224,-0.23478978872299194,1.0663604736328125,-5.242716312408447,0.7145482270936487,0.10598821147330754,-0.690079924472288,-0.04446378331107349,-0.018639340246150996,0.0008056226139700759,0.00032576688717835607,0.018659586187070337,-0.002133703492264688,0.00010601298519052893,-0.31681027664343214,0.9484865231956469,36.941136587546346
104075432304391,61.490582177,66928899,-0.7627351582050323,-0.1767406463623047,0.084869384765625,-0.004023449495434761,0.03846612200140953,-0.11397671699523926,37.609378814697266,0,-0.09895560145378113,-0.10916781425476074,0.000274658203125,-0.0018476173281669617,0.0017451941967010498,-0.0004684925079345703,104075431261707,1.043,1517603,12646.691666666666,34,True,-0.2354145497083664,1.0609253644943237,-5.224580764770508,0.6382462382316589,0.3404170870780945,-0.6346999406814575,-0.2718712389469147,1510224,-0.23478978872299194,1.0663604736328125,-5.242716312408447,0.7145482270936487,0.10598821147330754,-0.690079924472288,-0.04446378331107349,-0.0188866452566057,0.0014299488142854532,0.0002805407345799145,0.018942777667599373,-0.0017580168191209944,0.0005961132833922633,-0.3349895656407514,0.9422200087758899,39.144432404542684
104075532852373,61.591130159,67029030,-0.6794865429401398,-0.02608025074005127,0.041107177734375,-0.0004985630512237549,0.03673768788576126,-0.1199188232421875,37.609378814697266,0,-0.09895560145378113,-0.10916781425476074,0.000274658203125,-0.0018476173281669617,0.0017451941967010498,-0.0004684925079345703,104075532573545,0.279,1517615,12646.791666666666,34,True,-0.23543338477611542,1.0605875253677368,-5.224501132965088,0.6363397836685181,0.34379440546035767,-0.6332385540008545,-0.2754744589328766,1510224,-0.23478978872299194,1.0663604736328125,-5.242716312408447,0.7145482270936487,0.10598821147330754,-0.690079924472288,-0.04446378331107349,-0.019036803673934597,0.001740456188658345,0.0003237712773695654,0.01911894112404289,-0.0015840834681777882,0.0005564689811837775,-0.3401563525574715,0.9403673946052341,39.77330532632972
104075633104585,61.691382371,67129657,-0.7021472752094269,0.04607999324798584,0.01666259765625,0.0006102137267589569,0.03172031790018082,-0.12159943580627441,37.609378814697266,0,-0.09895560145378113,-0.10916781425476074,0.000274658203125,-0.0018476173281669617,0.0017451941967010498,-0.0004684925079345703,104075631494679,1.610,1517627,12646.891666666666,34,True,-0.23543031513690948,1.06088125705719,-5.224689483642578,0.6365773677825928,0.34371787309646606,-0.6331449747085571,-0.2752358317375183,1510224,-0.23478978872299194,1.0663604736328125,-5.242716312408447,0.7145482270936487,0.10598821147330754,-0.690079924472288,-0.04446378331107349,-0.018790235905457565,0.001494282214208215,0.00030462929114674305,0.018852019619220384,-0.001722262937156549,0.0007653992019915901,-0.33991599378511705,0.9404539144176673,39.744148711986654
104075733221290,61.791499076,67229848,-0.7977176010608673,0.031019091606140137,0.103515625,0.000852145254611969,0.03572024777531624,-0.12062084674835205,37.609378814697266,0,-0.09895560145378113,-0.10916781425476074,0.000274658203125,-0.0018476173281669617,0.0017451941967010498,-0.0004684925079345703,104075731183023,2.038,1517639,12646.991666666667,34,True,-0.23545660078525543,1.061164140701294,-5.224932670593262,0.635881781578064,0.345045268535614,-0.6330439448356628,-0.27541518211364746,1510224,-0.23478978872299194,1.0663604736328125,-5.242716312408447,0.7145482270936487,0.10598821147330754,-0.690079924472288,-0.04446378331107349,-0.018493151977116373,0.0012675306997910491,0.00031800369297262066,0.018539267258238127,-0.002489896962043575,0.000317567856409684,-0.3410664652846513,0.9400358322010969,39.88485033797685
104075833423129,61.891700915,67329828,-0.655216246843338,-0.01248013973236084,0.103790283203125,-0.00031309761106967926,0.03220794349908829,-0.12030279636383057,37.609378814697266,0,-0.09895560145378113,-0.10916781425476074,0.000274658203125,-0.0018476173281669617,0.0017451941967010498,-0.0004684925079345703,104075830335662,3.087,1517651,12647.091666666667,34,True,-0.23557376861572266,1.0617849826812744,-5.224659442901611,0.6376278400421143,0.3412156105041504,-0.6348791718482971,-0.27190274000167847,1510224,-0.23478978872299194,1.0663604736328125,-5.242716312408447,0.7145482270936487,0.10598821147330754,-0.690079924472288,-0.04446378331107349,-0.01863083712859982,0.0005952055234342852,0.0003713712147896688,0.01864404136196642,-0.002240060081959677,9.133174380504538e-06,-0.3356394645089851,0.9419878618705955,39.2237656066843
104075933548249,61.991826035,67430076,-0.7257546484470367,-0.05737435817718506,0.256988525390625,-0.0010777860879898071,0.03908418118953705,-0.11576581001281738,37.609378814697266,0,-0.09895560145378113,-0.10916781425476074,0.000274658203125,-0.0018476173281669617,0.0017451941967010498,-0.0004684925079345703,104075933396416,0.152,1517663,12647.191666666666,34,True,-0.23555448651313782,1.061880350112915,-5.224604606628418,0.6389382481575012,0.3375009596347809,-0.6369341015815735,-0.26863721013069153,1510224,-0.23478978872299194,1.0663604736328125,-5.242716312408447,0.7145482270936487,0.10598821147330754,-0.690079924472288,-0.04446378331107349,-0.018663617608451002,0.0004925891722455744,0.0003418909168773365,0.018673247058991618,-0.0018505000816700092,-0.0007358671353683289,-0.33050143877318633,0.9438033868967947,38.599155651553424
104076033789931,62.092067717,67530206,-0.6563154757022858,-0.022762060165405273,0.0464630126953125,0.0007508415728807449,0.04282026365399361,-0.11262965202331543,37.609378814697266,0,-0.09895560145378113,-0.10916781425476074,0.000274658203125,-0.0018476173281669617,0.0017451941967010498,-0.0004684925079345703,104076030074994,3.715,1517675,12647.291666666666,34,True,-0.23554426431655884,1.0617791414260864,-5.2246222496032715,0.6394280195236206,0.3368220031261444,-0.6370368599891663,-0.2680800259113312,1510224,-0.23478978872299194,1.0663604736328125,-5.242716312408447,0.7145482270936487,0.10598821147330754,-0.690079924472288,-0.04446378331107349,-0.01866766855631107,0.0005957467553660127,0.0003408569824797673,0.01868028230534323,-0.0017909866108588857,-0.0005001775347664994,-0.32957528916767165,0.9441274654194947,38.486635315862266
104076133887030,62.192164816,67630571,-0.7299382984638214,-0.06755375862121582,0.08807373046875,0.00042981281876564026,0.03984222561120987,-0.11140203475952148,37.609378814697266,0,-0.09895560145378113,-0.10916781425476074,0.000274658203125,-0.0018476173281669617,0.0017451941967010498,-0.0004684925079345703,104076133439055,0.448,1517687,12647.391666666666,34,True,-0.23550207912921906,1.0615710020065308,-5.224207878112793,0.6392766833305359,0.3371780216693878,-0.6369784474372864,-0.2681322693824768,1510224,-0.23478978872299194,1.0663604736328125,-5.242716312408447,0.7145482270936487,0.10598821147330754,-0.690079924472288,-0.04446378331107349,-0.01911565221159395,0.0007152428440803603,0.00029800060014750817,0.019131349564479583,-0.0019987993935504933,-0.0005731657424704606,-0.32988436468062105,0.9440190581875343,38.52430958834804
104076236259646,62.294537432,67730502,-0.7472554743289948,-0.10344910621643066,0.1078948974609375,0.0004264228045940399,0.034408196806907654,-0.11082959175109863,37.609378814697266,0,-0.09895560145378113,-0.10916781425476074,0.000274658203125,-0.0018476173281669617,0.0017451941967010498,-0.0004684925079345703,104076235942024,0.318,1517699,12647.491666666667,34,True,-0.23548410832881927,1.0614454746246338,-5.2239460945129395,0.6397213339805603,0.33681246638298035,-0.6370837092399597,-0.26727956533432007,1510224,-0.23478978872299194,1.0663604736328125,-5.242716312408447,0.7145482270936487,0.10598821147330754,-0.690079924472288,-0.04446378331107349,-0.019397618668705482,0.0007841444274480436,0.0002790740236324454,0.01941546741158388,-0.0023644496385428764,-0.00041565853103564537,-0.32898293415626584,0.9443328150815403,38.41517364122537
104076336506658,62.394784444,67832921,-0.7896285355091095,-0.0077898502349853516,-0.018096923828125,0.0028117280453443527,0.04057717323303223,-0.10867702960968018,37.609378814697266,0,-0.09895560145378113,-0.10916781425476074,0.000274658203125,-0.0018476173281669617,0.0017451941967010498,-0.0004684925079345703,104076334936463,1.570,1517711,12647.591666666667,34,True,-0.2354293167591095,1.0611398220062256,-5.223705291748047,0.6419428586959839,0.332529753446579,-0.6389700770378113,-0.26277485489845276,1510224,-0.23478978872299194,1.0663604736328125,-5.242716312408447,0.7145482270936487,0.10598821147330754,-0.690079924472288,-0.04446378331107349,-0.019696503978091043,0.0010361319850900157,0.00023930653115312236,0.01972518963319074,-0.0025267128988528116,-0.0005175502656026841,-0.3224947865098721,0.9465677263342551,37.62898109886301
104076436634960,62.494912746,67933169,-0.955617219209671,-0.06223917007446289,-0.1458282470703125,0.0014892946928739548,0.045784808695316315,-0.1043022871017456,37.609378814697266,0,-0.09895560145378113,-0.10916781425476074,0.000274658203125,-0.0018476173281669617,0.0017451941967010498,-0.0004684925079345703,104076431299190,5.336,1517723,12647.691666666666,34,True,-0.23547816276550293,1.0610698461532593,-5.223872184753418,0.6455878019332886,0.32458314299583435,-0.6427446603775024,-0.25444355607032776,1510224,-0.23478978872299194,1.0663604736328125,-5.242716312408447,0.7145482270936487,0.10598821147330754,-0.690079924472288,-0.04446378331107349,-0.019549608564567326,0.0011348760740548369,0.0003010087998387087,0.01958483456730862,-0.0027580379973581874,-0.001229053026353233,-0.31051313603524605,0.9505642929358437,36.18208410190453
104076536843480,62.595121266,68033318,-0.7870949804782867,-0.08411109447479248,-0.1666107177734375,0.0026667993515729904,0.034202344715595245,-0.09671151638031006,37.609378814697266,0,-0.09895560145378113,-0.10916781425476074,0.000274658203125,-0.0018476173281669617,0.0017451941967010498,-0.0004684925079345703,104076531908480,4.935,1517735,12647.791666666666,34,True,-0.23547297716140747,1.0612163543701172,-5.224000453948975,0.6533135771751404,0.3093799650669098,-0.6486172080039978,-0.23824621737003326,1510224,-0.23478978872299194,1.0663604736328125,-5.242716312408447,0.7145482270936487,0.10598821147330754,-0.690079924472288,-0.04446378331107349,-0.01939300741286574,0.0010196199018731806,0.00028931997247085147,0.01942194808216292,-0.003561505974309681,-0.0011346052292609543,-0.2873923051876737,0.9578056646653765,33.40671076301091
104076637122862,62.695400648,68133623,-0.7905514538288116,0.0028781890869140625,-0.165496826171875,0.005581673234701157,0.02756229043006897,-0.08464324474334717,37.609378814697266,0,-0.09895560145378113,-0.10916781425476074,0.000274658203125,-0.0018476173281669617,0.0017451941967010498,-0.0004684925079345703,104076631665667,5.457,1517747,12647.891666666666,34,True,-0.2356456220149994,1.0624465942382812,-5.224541187286377,0.6631602048873901,0.2845247983932495,-0.6582709550857544,-0.21434488892555237,1510224,-0.23478978872299194,1.0663604736328125,-5.242716312408447,0.7145482270936487,0.10598821147330754,-0.690079924472288,-0.04446378331107349,-0.018607335775854265,-8.021239720178196e-05,0.0003830104926827614,0.018611450124629086,-0.00290274118341971,-0.002665817102236567,-0.25166538871151095,0.9678062820820515,29.155820050371684
104076737401742,62.795679528,68233865,-0.7416479885578156,-0.008198261260986328,-0.2015228271484375,0.005144912749528885,0.032986998558044434,-0.0671072006225586,37.609378814697266,0,-0.09895560145378113,-0.10916781425476074,0.000274658203125,-0.0018476173281669617,0.0017451941967010498,-0.0004684925079345703,104076732186871,5.215,1517759,12647.991666666667,34,True,-0.23564720153808594,1.064070463180542,-5.226160526275635,0.671733558177948,0.26255932450294495,-0.6653580069541931,-0.192705437541008,1510224,-0.23478978872299194,1.0663604736328125,-5.242716312408447,0.7145482270936487,0.10598821147330754,-0.690079924472288,-0.04446378331107349,-0.016680045641284308,-0.0013215436065203675,0.0003208722224807888,0.01673539240897632,-0.0028373002534814173,-0.003130417348586545,-0.21981327708848808,0.9755328151477606,25.400901094533037
104076837824858,62.896102644,68334038,-0.6007525026798248,0.01990354061126709,-0.261566162109375,0.0060583800077438354,0.03374277800321579,-0.05889308452606201,37.609378814697266,0,-0.09895560145378113,-0.10916781425476074,0.000274658203125,-0.0018476173281669617,0.0017451941967010498,-0.0004684925079345703,104076837562323,0.263,1517771,12648.091666666667,34,True,-0.23566773533821106,1.0644739866256714,-5.227025032043457,0.6729082465171814,0.25916317105293274,-0.6664975881576538,-0.18923503160476685,1510224,-0.23478978872299194,1.0663604736328125,-5.242716312408447,0.7145482270936487,0.10598821147330754,-0.690079924472288,-0.04446378331107349,-0.015750258173122585,-0.0015348618291404813,0.00034564378404330876,0.015828641855194496,-0.0029049043252888096,-0.003350890596223899,-0.21481653595977862,0.976644351307739,24.814898599232766
104076938756543,62.997034329,68434445,-0.5862684547901154,-0.0037630796432495117,-0.3898162841796875,0.0057485830038785934,0.03355948254466057,-0.0582273006439209,37.609378814697266,0,-0.09895560145378113,-0.10916781425476074,0.000274658203125,-0.0018476173281669617,0.0017451941967010498,-0.0004684925079345703,104076938467046,0.289,1517784,12648.2,34,True,-0.23564201593399048,1.0642995834350586,-5.227198123931885,0.6738531589508057,0.2581988573074341,-0.6662526726722717,-0.18804962933063507,1510224,-0.23478978872299194,1.0663604736328125,-5.242716312408447,0.7145482270936487,0.10598821147330754,-0.690079924472288,-0.04446378331107349,-0.015617661129328955,-0.0013264304485947607,0.00034201803310616606,0.015677618863222876,-0.003154450356644356,-0.002606583159968978,-0.21322020237324596,0.9769955990008807,24.62686792984527
104077038947337,63.097225123,68535492,-0.6010164320468903,0.09729945659637451,-0.4991912841796875,0.006765883415937424,0.030562251806259155,-0.057793617248535156,37.609378814697266,0,-0.09895560145378113,-0.10916781425476074,0.000274658203125,-0.0018476173281669617,0.0017451941967010498,-0.0004684925079345703,104077038459514,0.488,1517796,12648.3,34,True,-0.23564854264259338,1.0633820295333862,-5.227687835693359,0.675646960735321,0.2546510398387909,-0.6668413281440735,-0.18432769179344177,1510224,-0.23478978872299194,1.0663604736328125,-5.242716312408447,0.7145482270936487,0.10598821147330754,-0.690079924472288,-0.04446378331107349,-0.015334778608409712,-0.0003309542117041729,0.000445796214196691,0.015344826487248948,-0.003383045275818481,-0.0020260713982837024,-0.2079003850607051,0.9781420550875836,24.003056318653698
104077139152182,63.197429968,68635551,-0.6074191629886627,0.12404334545135498,-0.672271728515625,0.005603646859526634,0.029573850333690643,-0.0566713809967041,37.609378814697266,0,-0.09895560145378113,-0.10916781425476074,0.000274658203125,-0.0018476173281669617,0.0017451941967010498,-0.0004684925079345703,104077138620872,0.531,1517808,12648.4,34,True,-0.23548483848571777,1.0611839294433594,-5.228910446166992,0.6767893433570862,0.25107261538505554,-0.6683673858642578,-0.1794539839029312,1510224,-0.23478978872299194,1.0663604736328125,-5.242716312408447,0.7145482270936487,0.10598821147330754,-0.690079924472288,-0.04446378331107349,-0.014604295421329338,0.0020803521978674058,0.0005180121372538617,0.014760814564073865,-0.004285196362590282,-0.0026856232817710213,-0.20179125238729595,0.9794154965997266,23.290865555638856
104077239453303,63.297731089,68735895,-0.5726615488529205,0.3051868677139282,-0.6770172119140625,0.005941448733210564,0.022446459159255028,-0.055355191230773926,37.609378814697266,0,-0.09895560145378113,-0.10916781425476074,0.000274658203125,-0.0018476173281669617,0.0017451941967010498,-0.0004684925079345703,104077239235711,0.218,1517820,12648.5,34,True,-0.23521575331687927,1.0571637153625488,-5.230114459991455,0.6777938008308411,0.2490508258342743,-0.669306218624115,-0.17492420971393585,1510224,-0.23478978872299194,1.0663604736328125,-5.242716312408447,0.7145482270936487,0.10598821147330754,-0.690079924472288,-0.04446378331107349,-0.01427713916058338,0.006271223256284983,0.0006352551579701035,0.015606681032703934,-0.006071898671674236,-0.003053514771101218,-0.19707246780380908,0.9803653658344834,22.745328096346608
104077339573757,63.397851543,68836094,-0.6186142265796661,0.5204802751541138,-0.8118896484375,0.006062204018235207,0.017358021810650826,-0.05610358715057373,37.609378814697266,0,-0.09895560145378113,-0.10916781425476074,0.000274658203125,-0.0018476173281669617,0.0017451941967010498,-0.0004684925079345703,104077338538132,1.036,1517832,12648.6,34,True,-0.23483525216579437,1.0527400970458984,-5.23109245300293,0.6770243048667908,0.25264379382133484,-0.6684292554855347,-0.17610101401805878,1510224,-0.23478978872299194,1.0663604736328125,-5.242716312408447,0.7145482270936487,0.10598821147330754,-0.690079924472288,-0.04446378331107349,-0.014253812651219352,0.010817454266252326,0.0006650871181328716,0.017906167450720094,-0.007769183378316114,-0.0029929256164071276,-0.20057245736709942,0.9796434920580098,23.16107735182054
104077439780402,63.498058188,68936207,-0.6805987656116486,0.7600206136703491,-0.8383331298828125,0.006702449172735214,0.01776200160384178,-0.06000816822052002,37.609378814697266,0,-0.09895560145378113,-0.10916781425476074,0.000274658203125,-0.0018476173281669617,0.0017451941967010498,-0.0004684925079345703,104077439410443,0.370,1517844,12648.7,34,True,-0.23455558717250824,1.048782229423523,-5.231419563293457,0.6762996315956116,0.2552494406700134,-0.668088436126709,-0.17642101645469666,1510224,-0.23478978872299194,1.0663604736328125,-5.242716312408447,0.7145482270936487,0.10598821147330754,-0.690079924472288,-0.04446378331107349,-0.014769650346373933,0.01476458421851208,0.0007283830826040373,0.020896556185522615,-0.009342532020712141,-0.003331416700209311,-0.2027471089561412,0.9791808967540871,23.423672987116717
104077539992953,63.598270739,69036524,-0.9345825016498566,1.0423303246498108,-0.9098052978515625,0.007029285654425621,0.019813088700175285,-0.06170368194580078,37.609378814697266,0,-0.09895560145378113,-0.10916781425476074,0.000274658203125,-0.0018476173281669617,0.0017451941967010498,-0.0004684925079345703,104077539481505,0.511,1517856,12648.8,34,True,-0.23423907160758972,1.0442394018173218,-5.231193542480469,0.6754564046859741,0.2549642324447632,-0.669505774974823,-0.1746823489665985,1510224,-0.23478978872299194,1.0663604736328125,-5.242716312408447,0.7145482270936487,0.10598821147330754,-0.690079924472288,-0.04446378331107349,-0.015949341683029732,0.01916847911890386,0.0007792577022642606,0.024948333299449506,-0.010200362960242987,-0.005097664396227053,-0.20136984444625222,0.9794489022715146,23.271893751524132
104077640071077,63.698348863,69136642,-0.983682781457901,1.2224647998809814,-0.8057861328125,0.006306469440460205,0.020425016060471535,-0.058889150619506836,37.609378814697266,0,-0.09895560145378113,-0.10916781425476074,0.000274658203125,-0.0018476173281669617,0.0017451941967010498,-0.0004684925079345703,104077639387979,0.683,1517868,12648.9,34,True,-0.23386675119400024,1.0390883684158325,-5.230565071105957,0.6763858199119568,0.2543136775493622,-0.6697502732276917,-0.1710599660873413,1510224,-0.23478978872299194,1.0663604736328125,-5.242716312408447,0.7145482270936487,0.10598821147330754,-0.690079924472288,-0.04446378331107349,-0.017650178629856288,0.02408509473522913,0.0008073365881101227,0.02987092878430965,-0.012355205823284756,-0.00498600279269762,-0.19829586525146756,0.9800516509293719,22.926919984546924
104077740202431,63.798480217,69236830,-1.177884966135025,1.4345064163208008,-1.025543212890625,0.006575837731361389,0.019624769687652588,-0.056084513664245605,37.609378814697266,0,-0.09895560145378113,-0.10916781425476074,0.000274658203125,-0.0018476173281669617,0.0017451941967010498,-0.0004684925079345703,104077739435660,0.767,1517880,12649.0,34,True,-0.23362183570861816,1.0353468656539917,-5.230218410491943,0.6769150495529175,0.2538304328918457,-0.6698476076126099,-0.16929355263710022,1510224,-0.23478978872299194,1.0663604736328125,-5.242716312408447,0.7145482270936487,0.10598821147330754,-0.690079924472288,-0.04446378331107349,-0.01877895523427832,0.027677072365965186,0.0008579347180361152,0.03345751853354212,-0.013297132273877021,-0.00485607468717536,-0.1966711937843277,0.9803673017534658,22.74420306055947
104077842088429,63.900366215,69336871,-1.2878887951374054,1.6080235242843628,-1.134063720703125,0.007837891578674316,0.02379743568599224,-0.05480015277862549,37.609378814697266,0,-0.09895560145378113,-0.10916781425476074,0.000274658203125,-0.0018476173281669617,0.0017451941967010498,-0.0004684925079345703,104077841769081,0.319,1517892,12649.1,34,True,-0.23354677855968475,1.03371000289917,-5.229678630828857,0.6763876080513,0.25361016392707825,-0.6707402467727661,-0.168193981051445,1510224,-0.23478978872299194,1.0663604736328125,-5.242716312408447,0.7145482270936487,0.10598821147330754,-0.690079924472288,-0.04446378331107349,-0.019652689397055154,0.02916419157184543,0.0008950887044803651,0.03517924749572271,-0.013812764682333969,-0.005964632819596303,-0.19577122038116823,0.980534170724114,22.647021924332535
104077942288914,64.000566700,69438865,-1.4652786552906036,1.5303913354873657,-1.0315399169921875,0.005258239805698395,0.018207024782896042,-0.05316042900085449,37.609378814697266,0,-0.09895560145378113,-0.10916781425476074,0.000274658203125,-0.0018476173281669617,0.0017451941967010498,-0.0004684925079345703,104077939583478,2.705,1517904,12649.2,34,True,-0.23348820209503174,1.0330058336257935,-5.229526996612549,0.6773390769958496,0.2521281838417053,-0.6708906888961792,-0.16597843170166016,1510224,-0.23478978872299194,1.0663604736328125,-5.242716312408447,0.7145482270936487,0.10598821147330754,-0.690079924472288,-0.04446378331107349,-0.019949200992034913,0.029823217248369133,0.000888415245157179,0.03589128290980773,-0.01439955767371437,-0.005584469035602946,-0.1930758345826416,0.9810622755689917,22.336714509746734
104078042399543,64.100677329,69539062,-1.534302979707718,1.5688732862472534,-1.139068603515625,0.005502762272953987,0.020108891651034355,-0.0521852970123291,37.609378814697266,0,-0.09895560145378113,-0.10916781425476074,0.000274658203125,-0.0018476173281669617,0.0017451941967010498,-0.0004684925079345703,104078038110516,4.289,1517916,12649.3,34,True,-0.23347143828868866,1.0330854654312134,-5.229790687561035,0.6773427724838257,0.2523089349269867,-0.670925498008728,-0.16554753482341766,1510224,-0.23478978872299194,1.0663604736328125,-5.242716312408447,0.7145482270936487,0.10598821147330754,-0.690079924472288,-0.04446378331107349,-0.019674267395794087,0.02980252843546274,0.000876639990180137,0.035721646048021846,-0.014828661649175016,-0.005660498402961734,-0.192905693606526,0.9810889169314418,22.320947568139243
104078142628132,64.200905918,69638929,-1.5405705273151398,1.5237759351730347,-1.0970916748046875,0.003914954140782356,0.019125713035464287,-0.0520399808883667,37.609378814697266,0,-0.09895560145378113,-0.10916781425476074,0.000274658203125,-0.0018476173281669617,0.0017451941967010498,-0.0004684925079345703,104078139490397,3.138,1517928,12649.4,34,True,-0.2335263341665268,1.0337450504302979,-5.230177879333496,0.6776405572891235,0.25050264596939087,-0.6714326739311218,-0.16501475870609283,1510224,-0.23478978872299194,1.0663604736328125,-5.242716312408447,0.7145482270936487,0.10598821147330754,-0.690079924472288,-0.04446378331107349,-0.019157067950468024,0.029236666251438226,0.0008936140741830107,0.03496533214586148,-0.013922358353463334,-0.005793558384562191,-0.1911932455301732,0.9814365723177231,22.114180100333314
104078242871219,64.301149005,69739321,-1.4250294268131256,1.562137484550476,-1.1430511474609375,0.004183419048786163,0.00888453982770443,-0.05230295658111572,37.609378814697266,0,-0.09895560145378113,-0.10916781425476074,0.000274658203125,-0.0018476173281669617,0.0017451941967010498,-0.0004684925079345703,104078239322558,3.549,1517940,12649.5,34,True,-0.23346930742263794,1.0342305898666382,-5.231289863586426,0.6786494851112366,0.24830245971679688,-0.6719480752944946,-0.16206969320774078,1510224,-0.23478978872299194,1.0663604736328125,-5.242716312408447,0.7145482270936487,0.10598821147330754,-0.690079924472288,-0.04446378331107349,-0.017966148472336185,0.029002414064820424,0.0008451756370197186,0.034126775915323926,-0.01449867938267066,-0.00567991021565506,-0.18745892184092908,0.9821490108625763,21.684376658074463
104078343098981,64.401376767,69839616,-1.3774535953998566,1.5999099016189575,-1.207122802734375,0.00400075688958168,0.010063908994197845,-0.052436232566833496,37.609378814697266,0,-0.09895560145378113,-0.10916781425476074,0.000274658203125,-0.0018476173281669617,0.0017451941967010498,-0.0004684925079345703,104078339765021,3.334,1517952,12649.6,34,True,-0.23335419595241547,1.0342838764190674,-5.232610702514648,0.6806671619415283,0.24175629019737244,-0.673835277557373,-0.15553832054138184,1510224,-0.23478978872299194,1.0663604736328125,-5.242716312408447,0.7145482270936487,0.10598821147330754,-0.690079924472288,-0.04446378331107349,-0.016661766635332653,0.02923805029450353,0.000783782053389459,0.03366143738376925,-0.014537972303647922,-0.006037230000445648,-0.17797643664266394,0.9839088307435806,20.584745971281237
104078443353475,64.501631261,69939721,-1.1408670246601105,1.712093472480774,-1.075103759765625,0.005350423976778984,0.012119858525693417,-0.050632596015930176,37.609378814697266,0,-0.09895560145378113,-0.10916781425476074,0.000274658203125,-0.0018476173281669617,0.0017451941967010498,-0.0004684925079345703,104078439354288,3.999,1517964,12649.7,34,True,-0.23331093788146973,1.034203290939331,-5.233758449554443,0.6822240352630615,0.23719358444213867,-0.6749799251556396,-0.1507040560245514,1510224,-0.23478978872299194,1.0663604736328125,-5.242716312408447,0.7145482270936487,0.10598821147330754,-0.690079924472288,-0.04446378331107349,-0.015556751981818641,0.029561228724449586,0.0007974519305361042,0.03341428894207622,-0.014791561099408908,-0.006090268767954988,-0.1711642287364957,0.9851126459180276,19.79778723966861
104078543586585,64.601864371,70040046,-1.2060156166553497,1.6647638082504272,-1.11590576171875,0.004546383395791054,0.018914461135864258,-0.05038726329803467,37.609378814697266,0,-0.09895560145378113,-0.10916781425476074,0.000274658203125,-0.0018476173281669617,0.0017451941967010498,-0.0004684925079345703,104078540356470,3.230,1517976,12649.8,34,True,-0.23341535031795502,1.0344688892364502,-5.234303951263428,0.6832453012466431,0.23510213196277618,-0.6752669215202332,-0.14804533123970032,1510224,-0.23478978872299194,1.0663604736328125,-5.242716312408447,0.7145482270936487,0.10598821147330754,-0.690079924472288,-0.04446378331107349,-0.014970018296545986,0.029407699420691272,0.0009032293491286984,0.03301105960543792,-0.015263070325150232,-0.0057793861136887234,-0.16771405390597602,0.9857005800458991,19.401964772699912
104078645180498,64.703458284,70140269,-1.0847319662570953,1.8076198101043701,-0.988037109375,0.006304657086730003,0.016026895493268967,-0.05108225345611572,37.609378814697266,0,-0.09895560145378113,-0.10916781425476074,0.000274658203125,-0.0018476173281669617,0.0017451941967010498,-0.0004684925079345703,104078644867172,0.313,1517988,12649.9,34,True,-0.233382910490036,1.034574270248413,-5.235193729400635,0.6839914917945862,0.23527272045612335,-0.6745579242706299,-0.14756034314632416,1510224,-0.23478978872299194,1.0663604736328125,-5.242716312408447,0.7145482270936487,0.10598821147330754,-0.690079924472288,-0.04446378331107349,-0.014077670352654482,0.02949472207206346,0.0009010296332116088,0.032694514632675004,-0.015835660637251336,-0.004816830120065674,-0.167453698302114,0.9857409847037512,19.374468560367895
104078745273477,64.803551263,70241941,-0.8498893082141876,1.85080885887146,-0.9858856201171875,0.006182638928294182,0.01703113690018654,-0.052462220191955566,37.609378814697266,0,-0.09895560145378113,-0.10916781425476074,0.000274658203125,-0.0018476173281669617,0.0017451941967010498,-0.0004684925079345703,104078739567718,5.706,1518000,12650.0,34,True,-0.2331845909357071,1.0346605777740479,-5.237359523773193,0.6840039491653442,0.23692040145397186,-0.673830509185791,-0.1481882929801941,1510224,-0.23478978872299194,1.0663604736328125,-5.242716312408447,0.7145482270936487,0.10598821147330754,-0.690079924472288,-0.04446378331107349,-0.01193884763238728,0.02988299853194044,0.0007909221366861888,0.03218936535372535,-0.016601643554727513,-0.004295167370101827,-0.1690954095164292,0.9854504956866255,19.571301124225133
104078845523042,64.903800828,70342038,-0.6957152187824249,1.7852743864059448,-1.1573638916015625,0.0038999132812023163,0.017592299729585648,-0.058144330978393555,37.609378814697266,0,-0.09895560145378113,-0.10916781425476074,0.000274658203125,-0.0018476173281669617,0.0017451941967010498,-0.0004684925079345703,104078839487555,6.035,1518012,12650.1,34,True,-0.23311248421669006,1.0353792905807495,-5.240485668182373,0.6851083040237427,0.23549474775791168,-0.673396646976471,-0.1473294049501419,1510224,-0.23478978872299194,1.0663604736328125,-5.242716312408447,0.7145482270936487,0.10598821147330754,-0.690079924472288,-0.04446378331107349,-0.008730559970012442,0.02984571092613021,0.0007960460410694557,0.031106636388005926,-0.016326632266109142,-0.0032507005753058538,-0.16738623916442102,0.9857508412185141,19.36775513029925
104078945619152,65.003896938,70442236,-0.43569257855415344,2.000528573989868,-1.068756103515625,0.005673320963978767,0.024999462068080902,-0.06268668174743652,37.609378814697266,0,-0.09895560145378113,-0.10916781425476074,0.000274658203125,-0.0018476173281669617,0.0017451941967010498,-0.0004684925079345703,104078939881017,5.738,1518024,12650.2,34,True,-0.23303449153900146,1.0362757444381714,-5.2446064949035645,0.6873875856399536,0.2314024269580841,-0.6732608079910278,-0.14377453923225403,1510224,-0.23478978872299194,1.0663604736328125,-5.242716312408447,0.7145482270936487,0.10598821147330754,-0.690079924472288,-0.04446378331107349,-0.004512723703191811,0.029844616634538867,0.0008239972693649483,0.03019511200151217,-0.01615847089370515,-0.0017755646326118593,-0.16177341284034621,0.9866940326598715,18.714300145392773
104079045828659,65.104106445,70542323,0.006230652332305908,2.0722004175186157,-0.917236328125,0.005719970911741257,0.021702030673623085,-0.0693807601928711,37.609378814697266,0,-0.09895560145378113,-0.10916781425476074,0.000274658203125,-0.0018476173281669617,0.0017451941967010498,-0.0004684925079345703,104079037952270,7.876,1518036,12650.3,34,True,-0.2328750640153885,1.0374966859817505,-5.248789310455322,0.6897045969963074,0.22959807515144348,-0.672099769115448,-0.14097578823566437,1510224,-0.23478978872299194,1.0663604736328125,-5.242716312408447,0.7145482270936487,0.10598821147330754,-0.690079924472288,-0.04446378331107349,-0.00016323168513279664,0.029547951990985654,0.0007467275970732398,0.029557836753538902,-0.017139246275472534,0.00043657035029348595,-0.15835880526753335,0.987232771152618,18.330701872461365
104079145928939,65.204206725,70642420,0.27446070313453674,2.195349931716919,-0.916717529296875,0.004698554053902626,0.025466591119766235,-0.07538163661956787,37.609378814697266,0,-0.09895560145378113,-0.10916781425476074,0.000274658203125,-0.0018476173281669617,0.0017451941967010498,-0.0004684925079345703,104079139918881,6.010,1518048,12650.4,34,True,-0.23283527791500092,1.0383461713790894,-5.251042366027832,0.6897002458572388,0.22826792299747467,-0.6728626489639282,-0.13951045274734497,1510224,-0.23478978872299194,1.0663604736328125,-5.242716312408447,0.7145482270936487,0.10598821147330754,-0.690079924472288,-0.04446378331107349,0.0022192741952247437,0.029197240110959297,0.0007351218156069258,0.02929068814716346,-0.017187338072735845,-0.00020771142313452676,-0.15636368904629352,0.9875499729197365,18.101075817284308
104079246149089,65.304426875,70742723,0.524958997964859,2.2384612560272217,-0.922149658203125,0.0021077878773212433,0.01285871583968401,-0.07901895046234131,37.609378814697266,0,-0.09895560145378113,-0.10916781425476074,0.000274658203125,-0.0018476173281669617,0.0017451941967010498,-0.0004684925079345703,104079239562099,6.587,1518060,12650.5,34,True,-0.23277103900909424,1.0384953022003174,-5.252274990081787,0.6908302903175354,0.22893771529197693,-0.6713777780532837,-0.13997474312782288,1510224,-0.23478978872299194,1.0663604736328125,-5.242716312408447,0.7145482270936487,0.10598821147330754,-0.690079924472288,-0.04446378331107349,0.003456612222211563,0.029316471176020556,0.0007125994410071971,0.0295281467117818,-0.017525415002611122,0.0016525492444121048,-0.15710893445508406,0.9874243827374171,18.19233569373692
104079346354817,65.404632603,70842874,0.6351977288722992,2.256662130355835,-1.0532379150390625,0.001696879044175148,0.005499785766005516,-0.08019137382507324,37.45301055908203,0,-0.09895560145378113,-0.10916781425476074,0.000274658203125,-0.0018476173281669617,0.0017451941967010498,-0.0004684925079345703,104079339912912,6.442,1518072,12650.6,34,True,-0.23267921805381775,1.0380395650863647,-5.252312660217285,0.6919000148773193,0.2279130220413208,-0.6710821390151978,-0.13776367902755737,1510224,-0.23478978872299194,1.0663604736328125,-5.242716312408447,0.7145482270936487,0.10598821147330754,-0.690079924472288,-0.04446378331107349,0.0033987163715481477,0.02977634441171415,0.0006605310096992453,0.02997696216620397,-0.01847710468442887,0.002413208007671974,-0.1547506956773239,0.9877778066027687,17.934345500810302
104079448583870,65.506861656,70943045,0.6011228263378143,2.283238172531128,-1.138824462890625,0.0015839505940675735,0.007327544502913952,-0.07856976985931396,37.45301055908203,0,-0.09895560145378113,-0.10916781425476074,0.000274658203125,-0.0018476173281669617,0.0017451941967010498,-0.0004684925079345703,104079448251197,0.333,1518085,12650.708333333334,34,True,-0.2327108234167099,1.0376781225204468,-5.251950263977051,0.6919471025466919,0.2250688225030899,-0.6722843050956726,-0.13633477687835693,1510224,-0.23478978872299194,1.0663604736328125,-5.242716312408447,0.7145482270936487,0.10598821147330754,-0.690079924472288,-0.04446378331107349,0.0029670190908043436,0.03004935030832181,0.0007060930615930281,0.030203728638184185,-0.01741007676052628,0.0015617136660638913,-0.15167387158244192,0.9882760175967091,17.56428295761676
104079548713025,65.606990811,71045290,0.5867115557193756,2.2769837379455566,-1.243011474609375,0.001888219267129898,0.01315099187195301,-0.07607972621917725,37.45301055908203,0,-0.09895560145378113,-0.10916781425476074,0.000274658203125,-0.0018476173281669617,0.0017451941967010498,-0.0004684925079345703,104079548250558,0.462,1518097,12650.808333333332,34,True,-0.23267674446105957,1.0373743772506714,-5.251612663269043,0.691721498966217,0.22493697702884674,-0.6727532744407654,-0.13537999987602234,1510224,-0.23478978872299194,1.0663604736328125,-5.242716312408447,0.7145482270936487,0.10598821147330754,-0.690079924472288,-0.04446378331107349,0.002573470696451599,0.03027730419637228,0.000682566727378598,0.030394140852514354,-0.017941591848622096,0.0009755952958831471,-0.15092385877870226,0.9883820801426453,17.48449845566618
104079648807193,65.707084979,71145546,0.560079962015152,2.247422933578491,-1.1129608154296875,0.002164272591471672,0.01454484835267067,-0.07415950298309326,37.45301055908203,0,-0.09895560145378113,-0.10916781425476074,0.000274658203125,-0.0018476173281669617,0.0017451941967010498,-0.0004684925079345703,104079648434774,0.372,1518109,12650.908333333333,34,True,-0.23276036977767944,1.0372099876403809,-5.251100063323975,0.6920360326766968,0.22076940536499023,-0.6742960214614868,-0.1329355537891388,1510224,-0.23478978872299194,1.0663604736328125,-5.242716312408447,0.7145482270936487,0.10598821147330754,-0.690079924472288,-0.04446378331107349,0.0020356929417786745,0.030322260175695972,0.0007570642960458158,0.030399944971400077,-0.01666278129368465,1.650507559974868e-05,-0.1461571315124913,0.989121046361456,16.91826015864685
104079749055345,65.807333131,71245611,0.48335376381874084,2.2232065200805664,-1.1988067626953125,0.0014363471418619156,0.016187375411391258,-0.07254064083099365,37.45301055908203,0,-0.09895560145378113,-0.10916781425476074,0.000274658203125,-0.0018476173281669617,0.0017451941967010498,-0.0004684925079345703,104079747400976,1.654,1518121,12651.008333333333,34,True,-0.23280708491802216,1.0375924110412598,-5.250966548919678,0.6919377446174622,0.22017158567905426,-0.6746830344200134,-0.1324743628501892,1510224,-0.23478978872299194,1.0663604736328125,-5.242716312408447,0.7145482270936487,0.10598821147330754,-0.690079924472288,-0.04446378331107349,0.00198550044446541,0.029917717272390083,0.0007661092189354913,0.02999331495751975,-0.016534391725507584,-0.00035016043808971947,-0.1454049085696027,0.9892339985270425,16.830043918357703
104079849606237,65.907884023,71345825,0.48639631271362305,2.2474098205566406,-1.025299072265625,0.0032074321061372757,0.017223861068487167,-0.0703120231628418,37.45301055908203,0,-0.09895560145378113,-0.10916781425476074,0.000274658203125,-0.0018476173281669617,0.0017451941967010498,-0.0004684925079345703,104079849333935,0.272,1518133,12651.108333333334,34,True,-0.23287361860275269,1.0379209518432617,-5.250596523284912,0.6918653845787048,0.21951475739479065,-0.6751207709312439,-0.1317099630832672,1510224,-0.23478978872299194,1.0663604736328125,-5.242716312408447,0.7145482270936487,0.10598821147330754,-0.690079924472288,-0.04446378331107349,0.0016923261696163575,0.02951422201331355,0.0007890260388960834,0.029573228281768404,-0.016577716019659045,-0.0007646907905599076,-0.14439628309870467,0.9893807699803171,16.714724128272398
104079949817470,66.008095256,71446356,0.4761897623538971,2.1729631423950195,-0.919586181640625,0.002535337582230568,0.01135233510285616,-0.06942915916442871,37.45301055908203,0,-0.09895560145378113,-0.10916781425476074,0.000274658203125,-0.0018476173281669617,0.0017451941967010498,-0.0004684925079345703,104079947409731,2.408,1518145,12651.208333333334,34,True,-0.23289939761161804,1.038448691368103,-5.250232219696045,0.6929848790168762,0.2169283926486969,-0.6754375696182251,-0.12844502925872803,1510224,-0.23478978872299194,1.0663604736328125,-5.242716312408447,0.7145482270936487,0.10598821147330754,-0.690079924472288,-0.04446378331107349,0.0014481608009577285,0.02892166369973284,0.0007551352437814274,0.028967741197792343,-0.017142070359755596,-0.0004495630303581466,-0.14016239639656752,0.9899800250273914,16.235446888187404
104080050053891,66.108331677,71546614,0.41860613226890564,2.153503894805908,-0.9188079833984375,0.003550102934241295,0.010651485063135624,-0.06672334671020508,37.45301055908203,0,-0.09895560145378113,-0.10916781425476074,0.000274658203125,-0.0018476173281669617,0.0017451941967010498,-0.0004684925079345703,104080046512332,3.542,1518157,12651.308333333332,34,True,-0.23294007778167725,1.039009690284729,-5.249509334564209,0.6942546963691711,0.210623100399971,-0.6774400472640991,-0.12133951485157013,1510224,-0.23478978872299194,1.0663604736328125,-5.242716312408447,0.7145482270936487,0.10598821147330754,-0.690079924472288,-0.04446378331107349,0.0008604498947760476,0.028220143235029572,0.0007176852387261398,0.028242378269701204,-0.017712369666080974,-0.0014768980587950287,-0.13052996717722368,0.9912850338836197,15.139669258324453
104080150255088,66.208532874,71646723,0.4098707139492035,2.0428717136383057,-0.938812255859375,0.002388482913374901,0.008292576298117638,-0.060326457023620605,37.45301055908203,0,-0.09895560145378113,-0.10916781425476074,0.000274658203125,-0.0018476173281669617,0.0017451941967010498,-0.0004684925079345703,104080147187594,3.067,1518169,12651.408333333333,34,True,-0.2329583466053009,1.039430856704712,-5.24894905090332,0.6968747973442078,0.20242731273174286,-0.6784165501594543,-0.1146286278963089,1510224,-0.23478978872299194,1.0663604736328125,-5.242716312408447,0.7145482270936487,0.10598821147330754,-0.690079924472288,-0.04446378331107349,0.00040236411783020794,0.027690897656078538,0.0006765850925300989,0.027702084348838574,-0.016864874722094927,-0.0007134365311265989,-0.11972151016324291,0.9926640050959623,13.888744630629356
104080250518854,66.308796640,71747042,0.4407620131969452,1.9971386194229126,-1.001312255859375,0.003056395798921585,0.004392520524561405,-0.05330228805541992,37.45301055908203,0,-0.09895560145378113,-0.10916781425476074,0.000274658203125,-0.0018476173281669617,0.0017451941967010498,-0.0004684925079345703,104080249331407,1.187,1518181,12651.508333333333,34,True,-0.23304694890975952,1.0396345853805542,-5.2487592697143555,0.7002131938934326,0.18901470303535461,-0.6807098388671875,-0.10300059616565704,1510224,-0.23478978872299194,1.0663604736328125,-5.242716312408447,0.7145482270936487,0.10598821147330754,-0.690079924472288,-0.04446378331107349,0.0002581278760641738,0.027444748024756698,0.0007396636702096183,0.027455926982854102,-0.015823267334071623,-0.0006844003731613647,-0.10165748153861187,0.9946933759979658,11.810520143373354
104080350629713,66.408907499,71847289,0.45370617508888245,1.9396240711212158,-0.9132232666015625,0.0021236464381217957,0.0038952864706516266,-0.04466390609741211,37.609378814697266,0,-0.09895560145378113,-0.10916781425476074,0.000274658203125,-0.0018476173281669617,0.0017451941967010498,-0.0004684925079345703,104080347416173,3.214,1518193,12651.608333333334,34,True,-0.2330474853515625,1.0398259162902832,-5.24882173538208,0.7038565278053284,0.1747848391532898,-0.6826340556144714,-0.08970508724451065,1510224,-0.23478978872299194,1.0663604736328125,-5.242716312408447,0.7145482270936487,0.10598821147330754,-0.690079924472288,-0.04446378331107349,0.000359850533448499,0.027271530724637595,0.0007270925785331592,0.027283594779446373,-0.015461858974907526,-0.0003216081015761097,-0.08184288918539195,0.9965252475351826,9.555543577519467
