local_ns,elapsed_s,bota_timestamp,fx,fy,fz,tx,ty,tz,bota_temperature,bota_status,force_zero_fx,force_zero_fy,force_zero_fz,torque_zero_tx,torque_zero_ty,torque_zero_tz,opti_local_ns,opti_dt_ms,opti_frame,opti_timestamp,opti_rigid_id,opti_seen,opti_px,opti_py,opti_pz,opti_qx,opti_qy,opti_qz,opti_qw,origin_frame,origin_px,origin_py,origin_pz,origin_qx,origin_qy,origin_qz,origin_qw,deflection_x_m,deflection_y_m,deflection_z_m,deflection_norm_m,rel_qx,rel_qy,rel_qz,rel_qw,reorientation_angle_deg
103438416488345,0.000016429,5538230,0.07549965381622314,0.06954145431518555,-0.0863494873046875,0.0004157423973083496,-0.0016332454979419708,-0.00016438961029052734,29.88577651977539,0,-0.1037607192993164,-0.05578213930130005,-0.014617919921875,-0.0012224987149238586,0.0020004436373710632,0.00040924549102783203,103438414888841,1.600,1441164,12009.7,34,True,0.5235210657119751,1.1527634859085083,-5.209558010101318,0.7171733379364014,0.09203942865133286,-0.688115656375885,-0.06072913482785225,1441164,0.5235210657119751,1.1527634859085083,-5.209558010101318,0.7171733245109677,0.09203942692836133,-0.688115643494409,-0.06072913369100718,0.0,0.0,-0.0,0.0,0.0,0.0,0.0,1.0,0.0
103438516556803,0.100084887,5539300,0.14284861087799072,0.08420538902282715,0.04296875,0.0012374818325042725,-0.002804286777973175,-0.0006630420684814453,29.88577651977539,0,-0.1037607192993164,-0.05578213930130005,-0.014617919921875,-0.0012224987149238586,0.0020004436373710632,0.00040924549102783203,103438514292937,2.264,1441176,12009.8,34,True,0.5232465863227844,1.152895212173462,-5.209783554077148,0.7206918001174927,0.09189818054437637,-0.6844830513000488,-0.06034095957875252,1441164,0.5235210657119751,1.1527634859085083,-5.209558010101318,0.7171733245109677,0.09203942692836133,-0.688115643494409,-0.06072913369100718,0.00023859378906074114,-9.36029322749497e-05,0.0002790561303636306,0.00037889421875023885,-0.0007292099422869098,0.004999166711272097,0.0004716411133316584,0.9999871269869994,0.5814444048432943
103438616772009,0.200300093,5639176,0.05892908573150635,0.05370306968688965,0.10797119140625,0.0015017688274383545,-0.0007132664322853088,0.000141143798828125,29.88577651977539,0,-0.1037607192993164,-0.05578213930130005,-0.014617919921875,-0.0012224987149238586,0.0020004436373710632,0.00040924549102783203,103438615763207,1.009,1441188,12009.9,34,True,0.5229088068008423,1.152733564376831,-5.209752082824707,0.7184974551200867,0.08628743141889572,-0.6867331862449646,-0.0686553493142128,1441164,0.5235210657119751,1.1527634859085083,-5.209558010101318,0.7171733245109677,0.09203942692836133,-0.688115643494409,-0.06072913369100718,0.0001608559731487829,4.102434132813956e-05,0.0006211786004072388,0.0006429778334304735,0.009434853962844117,0.0029814542871233196,-0.0012910583403050527,0.999950212575304,1.143481806381336
103438717061810,0.300589894,5739824,0.0452880859375,0.07771682739257812,0.0431976318359375,0.001789689064025879,-0.00054931640625,-0.0004954338073730469,29.88577651977539,0,-0.1037607192993164,-0.05578213930130005,-0.014617919921875,-0.0012224987149238586,0.0020004436373710632,0.00040924549102783203,103438715909263,1.153,1441200,12010.0,34,True,0.5219873189926147,1.153311848640442,-5.2100138664245605,0.723577618598938,0.07443559169769287,-0.6814632415771484,-0.08063970506191254,1441164,0.5235210657119751,1.1527634859085083,-5.209558010101318,0.7171733245109677,0.09203942692836133,-0.688115643494409,-0.06072913369100718,0.0005077627078429384,-0.0005118703550840917,0.0015300494908571732,0.0016914152867826997,0.025391592812668735,0.012079442548310785,-0.0008903215804495076,0.9996042023769414,3.2241745251734923
103438817289550,0.400817634,5839900,0.19512522220611572,0.07514548301696777,0.0438385009765625,0.001750260591506958,-0.0037964656949043274,-0.00033867359161376953,29.88577651977539,0,-0.1037607192993164,-0.05578213930130005,-0.014617919921875,-0.0012224987149238586,0.0020004436373710632,0.00040924549102783203,103438806663282,10.626,1441211,12010.091666666667,34,True,0.5230200290679932,1.1522700786590576,-5.209819316864014,0.7168141603469849,0.09166482836008072,-0.6884241700172424,-0.062025222927331924,1441164,0.5235210657119751,1.1527634859085083,-5.209558010101318,0.7171733245109677,0.09203942692836133,-0.688115643494409,-0.06072913369100718,0.0001305491804455167,0.0005129991588010322,0.0005315622552513581,0.0007501797495623784,0.0012374961267891118,-0.0003263731233941192,-0.0006375279104575763,0.9999989778205196,0.1638442641231526
103438917529800,0.501057884,5940305,0.12089073657989502,0.0944972038269043,0.0639801025390625,0.001157522201538086,-0.002886701375246048,-0.00019550323486328125,29.88577651977539,0,-0.1037607192993164,-0.05578213930130005,-0.014617919921875,-0.0012224987149238586,0.0020004436373710632,0.00040924549102783203,103438915338602,2.191,1441224,12010.2,34,True,0.5232325196266174,1.1528043746948242,-5.209915637969971,0.720978856086731,0.0910472422838211,-0.6838220357894897,-0.06547749787569046,1441164,0.5235210657119751,1.1527634859085083,-5.209558010101318,0.7171733245109677,0.09203942692836133,-0.688115643494409,-0.06072913369100718,0.00034739243575255467,2.258025510509684e-05,0.00030271613158161287,0.0004613333162242246,0.0034618500912670666,0.006195197982390823,-0.0024663434589515328,0.999971775734619,0.8609540451038281
103439017771131,0.601299215,6040408,0.03944051265716553,0.010654687881469727,0.0427703857421875,0.00034609436988830566,-0.0015396364033222198,-0.00033783912658691406,29.88577651977539,0,-0.1037607192993164,-0.05578213930130005,-0.014617919921875,-0.0012224987149238586,0.0020004436373710632,0.00040924549102783203,103439015179883,2.591,1441236,12010.3,34,True,0.5235036611557007,1.1527535915374756,-5.209672927856445,0.7193071842193604,0.09313499927520752,-0.6854463815689087,-0.0639248713850975,1441164,0.5235210657119751,1.1527634859085083,-5.209558010101318,0.7171733245109677,0.09203942692836133,-0.688115643494409,-0.06072913369100718,0.00010937812695561615,3.3377140424873236e-05,2.3006508674721742e-05,0.00011664865023077051,0.0011627525172837748,0.0036102662493079376,-0.002950454976936135,0.9999884543331597,0.5506524228793463
103439117901747,0.701429831,6140589,0.04386866092681885,0.0245206356048584,0.0644989013671875,0.00030484795570373535,-0.0005334988236427307,-1.0609626770019531e-05,29.88577651977539,0,-0.1037607192993164,-0.05578213930130005,-0.014617919921875,-0.0012224987149238586,0.0020004436373710632,0.00040924549102783203,103439114388793,3.513,1441248,12010.4,34,True,0.5236733555793762,1.1532378196716309,-5.209446907043457,0.7173168063163757,0.09245399385690689,-0.6876964569091797,-0.06310668587684631,1441164,0.5235210657119751,1.1527634859085083,-5.209558010101318,0.7171733245109677,0.09203942692836133,-0.688115643494409,-0.06072913369100718,-6.626573046408666e-07,-0.0004791728236447393,-0.00017584532402887794,0.0005104200348900863,0.0013725517892773933,0.0005930137583940455,-0.0019455980377904723,0.9999969895377403,0.281179936428393
103439218054062,0.801582146,6240545,0.008919119834899902,0.03642678260803223,0.042572021484375,0.0006622970104217529,-0.00045951083302497864,-0.000657200813293457,29.88577651977539,0,-0.1037607192993164,-0.05578213930130005,-0.014617919921875,-0.0012224987149238586,0.0020004436373710632,0.00040924549102783203,103439216410182,1.644,1441260,12010.5,34,True,0.5236669778823853,1.153090238571167,-5.209453105926514,0.717387318611145,0.09271207451820374,-0.6875919699668884,-0.06306508928537369,1441164,0.5235210657119751,1.1527634859085083,-5.209558010101318,0.7171733245109677,0.09203942692836133,-0.688115643494409,-0.06072913369100718,-2.6661169863182935e-05,-0.00033416445303981277,-0.0001633580431626458,0.0003729109141870208,0.0011512314133119291,0.0006969680757774045,-0.002101918823393841,0.9999968854146468,0.2860012011532218
103439318293444,0.901821528,6341000,0.11096155643463135,0.013026952743530273,0.0436553955078125,0.000366896390914917,-0.001709379255771637,-2.5033950805664062e-06,29.88577651977539,0,-0.1037607192993164,-0.05578213930130005,-0.014617919921875,-0.0012224987149238586,0.0020004436373710632,0.00040924549102783203,103439315622942,2.671,1441272,12010.6,34,True,0.5236376523971558,1.1532303094863892,-5.209477424621582,0.7176566123962402,0.09260803461074829,-0.6873866319656372,-0.062388934195041656,1441164,0.5235210657119751,1.1527634859085083,-5.209558010101318,0.7171733245109677,0.09203942692836133,-0.688115643494409,-0.06072913369100718,2.621063485661874e-05,-0.00046705083582851946,-0.0001385180383326689,0.0004878634312707157,0.0007026493384770378,0.0009736216002502186,-0.0015497156351334809,0.9999980783613222,0.22464851968301708
103439418441144,1.001969228,6441194,0.10410988330841064,0.0475916862487793,0.064544677734375,0.0005832314491271973,-0.001976359635591507,0.00014150142669677734,29.88577651977539,0,-0.1037607192993164,-0.05578213930130005,-0.014617919921875,-0.0012224987149238586,0.0020004436373710632,0.00040924549102783203,103439417169421,1.272,1441284,12010.7,34,True,0.5236585140228271,1.1530838012695312,-5.209453582763672,0.7174721360206604,0.09271825850009918,-0.6875321269035339,-0.06274251639842987,1441164,0.5235210657119751,1.1527634859085083,-5.209558010101318,0.7171733245109677,0.09203942692836133,-0.688115643494409,-0.06072913369100718,-2.7888838414113825e-05,-0.0003281917437142174,-0.0001546332097610669,0.0003638667853916832,0.0009049766536195076,0.0007681851486862069,-0.001880214058457404,0.9999975278489083,0.2548034010124201
103439518674640,1.102202724,6541327,0.10410988330841064,0.0475916862487793,0.064544677734375,0.0005832314491271973,-0.001976359635591507,0.00014150142669677734,29.88577651977539,0,-0.1037607192993164,-0.05578213930130005,-0.014617919921875,-0.0012224987149238586,0.0020004436373710632,0.00040924549102783203,103439516151319,2.523,1441296,12010.8,34,True,0.5236693024635315,1.1532020568847656,-5.2094316482543945,0.7173831462860107,0.09225230664014816,-0.6876679062843323,-0.06295847147703171,1441164,0.5235210657119751,1.1527634859085083,-5.209558010101318,0.7171733245109677,0.09203942692836133,-0.688115643494409,-0.06072913369100718,-2.340880349234745e-05,-0.0004477380007943076,-0.00017108086581809687,0.00047988118538373265,0.0013983839711442794,0.0006577458058827924,-0.0016945926853848066,0.9999973701207193,0.26280621281103467
103439618861047,1.202389131,6641537,0.0586620569229126,0.022090673446655273,0.04278564453125,-0.00014576315879821777,-0.0007170811295509338,-0.00032699108123779297,29.88577651977539,0,-0.1037607192993164,-0.05578213930130005,-0.014617919921875,-0.0012224987149238586,0.0020004436373710632,0.00040924549102783203,103439614899542,3.962,1441308,12010.9,34,True,0.5236265659332275,1.1530817747116089,-5.209471225738525,0.7176969051361084,0.09281093627214432,-0.6872979402542114,-0.06260079145431519,1441164,0.5235210657119751,1.1527634859085083,-5.209558010101318,0.7171733245109677,0.09203942692836133,-0.688115643494409,-0.06072913369100718,-1.2261196814938435e-05,-0.00032399039351975006,-0.00012185841148021824,0.00034636625772280325,0.0007043578240591015,0.0010721321649600493,-0.0018426912233515116,0.9999974794476895,0.25728565613517984
103439719136208,1.302664292,6741445,0.08838188648223877,0.07094144821166992,0.0426177978515625,0.000448763370513916,-0.0010795779526233673,-0.0004941225051879883,29.88577651977539,0,-0.1037607192993164,-0.05578213930130005,-0.014617919921875,-0.0012224987149238586,0.0020004436373710632,0.00040924549102783203,103439714864008,4.272,1441320,12011.0,34,True,0.5236743688583374,1.1532042026519775,-5.2094645500183105,0.7173818349838257,0.09245813637971878,-0.6876451373100281,-0.0629204586148262,1441164,0.5235210657119751,1.1527634859085083,-5.209558010101318,0.7171733245109677,0.09203942692836133,-0.688115643494409,-0.06072913369100718,9.342574544254491e-06,-0.00044255262714762607,-0.00017472200285069772,0.0004758864252892069,0.001227471462988933,0.0006571742230154777,-0.0018175544368201834,0.9999973789624238,0.26236406091531933
103439819253330,1.402781414,6842099,0.15667688846588135,0.0331876277923584,0.0860443115234375,0.00020071864128112793,-0.0029738619923591614,-0.0004992485046386719,29.88577651977539,0,-0.1037607192993164,-0.05578213930130005,-0.014617919921875,-0.0012224987149238586,0.0020004436373710632,0.00040924549102783203,103439817612080,1.641,1441332,12011.1,34,True,0.5236620306968689,1.1530941724777222,-5.209455490112305,0.7175866961479187,0.0929894894361496,-0.6873830556869507,-0.06266532838344574,1441164,0.5235210657119751,1.1527634859085083,-5.209558010101318,0.7171733245109677,0.09203942692836133,-0.688115643494409,-0.06072913369100718,-2.3664866090851932e-05,-0.00033773265255014823,-0.00015846675262102492,0.0003738115597087792,0.0006423036085703439,0.0009303496442550909,-0.002020128156776373,0.9999973204853322,0.2652746756818891
103439919477834,1.503005918,6942231,0.14363062381744385,0.07990622520446777,0.149627685546875,0.0007832348346710205,-0.003515787422657013,-0.0006886720657348633,29.88577651977539,0,-0.1037607192993164,-0.05578213930130005,-0.014617919921875,-0.0012224987149238586,0.0020004436373710632,0.00040924549102783203,103439915912678,3.565,1441344,12011.2,34,True,0.523664116859436,1.153368353843689,-5.209411144256592,0.7185295820236206,0.09179963916540146,-0.6864465475082397,-0.06386855989694595,1441164,0.5235210657119751,1.1527634859085083,-5.209558010101318,0.7171733245109677,0.09203942692836133,-0.688115643494409,-0.06072913369100718,-7.751319445002501e-06,-0.0006146252670091717,-0.0001734189273050206,0.0006386692619399011,0.002180527469542837,0.002433806233134162,-0.00196485249611178,0.9999927305944992,0.4369355050963377
103440019592636,1.603120720,7042415,0.1397460699081421,0.08415508270263672,0.086029052734375,0.0008191987872123718,-0.0020578578114509583,0.0002981424331665039,29.88577651977539,0,-0.1037607192993164,-0.05578213930130005,-0.014617919921875,-0.0012224987149238586,0.0020004436373710632,0.00040924549102783203,103440016287163,3.305,1441356,12011.3,34,True,0.5236145257949829,1.153368353843689,-5.209298610687256,0.7164444923400879,0.09316835552453995,-0.68828284740448,-0.06552707403898239,1441164,0.5235210657119751,1.1527634859085083,-5.209558010101318,0.7171733245109677,0.09203942692836133,-0.688115643494409,-0.06072913369100718,-0.00011935135440506263,-0.0006410841842240552,-0.00012905186973062715,0.0006647466149906413,0.0027237719260954367,-0.0002483941619379482,-0.004168102163296384,0.9999875730683814,0.5712813283997958
103440119789301,1.703317385,7142531,0.08194732666015625,0.039234161376953125,0.1292724609375,0.0011200904846191406,-0.0013488829135894775,-0.00034224987030029297,29.88577651977539,0,-0.1037607192993164,-0.05578213930130005,-0.014617919921875,-0.0012224987149238586,0.0020004436373710632,0.00040924549102783203,103440116263745,3.526,1441368,12011.4,34,True,0.5235699415206909,1.15352463722229,-5.209297180175781,0.7167252898216248,0.09266207367181778,-0.6881046295166016,-0.06504324078559875,1441164,0.5235210657119751,1.1527634859085083,-5.209558010101318,0.7171733245109677,0.09203942692836133,-0.688115643494409,-0.06072913369100718,-8.866086552108515e-05,-0.0007960324038790922,-9.079691682272064e-05,0.000806084621615489,0.002691704593988528,5.88543997273594e-05,-0.003457055930718017,0.9999903999673349,0.502116310173984
103440219978493,1.803506577,7242845,0.14025378227233887,0.08385014533996582,0.085906982421875,0.0008172020316123962,-0.002064790576696396,-0.0001819133758544922,29.88577651977539,0,-0.1037607192993164,-0.05578213930130005,-0.014617919921875,-0.0012224987149238586,0.0020004436373710632,0.00040924549102783203,103440218993864,0.985,1441380,12011.5,34,True,0.5237239003181458,1.153415322303772,-5.209256172180176,0.7164104580879211,0.09319328516721725,-0.6883400678634644,-0.06526140123605728,1441164,0.5235210657119751,1.1527634859085083,-5.209558010101318,0.7171733245109677,0.09203942692836133,-0.688115643494409,-0.06072913369100718,-0.00014669439716357254,-0.0006906846906609334,-0.00024202087971462885,0.0007464172387414536,0.002523417544786702,-0.00033881698868237775,-0.004002825173516966,0.9999887474154763,0.543618433883554
103440320216158,1.903744242,7343036,0.08439218997955322,0.1374661922454834,0.08575439453125,0.002733081579208374,-0.0020825937390327454,-0.0003629922866821289,29.88577651977539,0,-0.1037607192993164,-0.05578213930130005,-0.014617919921875,-0.0012224987149238586,0.0020004436373710632,0.00040924549102783203,103440317380191,2.836,1441392,12011.6,34,True,0.5235552191734314,1.1535065174102783,-5.2093000411987305,0.7165921926498413,0.09324381500482559,-0.6881669759750366,-0.0650188997387886,1441164,0.5235210657119751,1.1527634859085083,-5.209558010101318,0.7171733245109677,0.09203942692836133,-0.688115643494409,-0.06072913369100718,-9.030630664610782e-05,-0.0007784547643336108,-7.525408374766204e-05,0.0007872802717294893,0.0022877637210283884,-0.00011501404481234492,-0.00386597974569096,0.9999899035037965,0.5149360940890031
103440420333170,2.003861254,7443178,0.021842122077941895,0.11415815353393555,0.0643157958984375,0.0020270943641662598,9.350106120109558e-05,-2.4318695068359375e-05,29.88577651977539,0,-0.1037607192993164,-0.05578213930130005,-0.014617919921875,-0.0012224987149238586,0.0020004436373710632,0.00040924549102783203,103440417431633,2.902,1441404,12011.7,34,True,0.5235339403152466,1.1534502506256104,-5.209312438964844,0.7165244817733765,0.0932157039642334,-0.6882149577140808,-0.06529679149389267,1441164,0.5235210657119751,1.1527634859085083,-5.209558010101318,0.7171733245109677,0.09203942692836133,-0.688115643494409,-0.06072913369100718,-9.110624776492349e-05,-0.0007219367140777257,-5.1222530393783464e-05,0.0007294633062293741,0.002514932184172536,-0.00016873402583078567,-0.004040359148985012,0.999988661007156,0.5457016625066508
103440520445582,2.103973666,7543218,0.05110466480255127,0.11410093307495117,0.1288299560546875,0.002033531665802002,-0.0002621598541736603,-0.0001913309097290039,29.88577651977539,0,-0.1037607192993164,-0.05578213930130005,-0.014617919921875,-0.0012224987149238586,0.0020004436373710632,0.00040924549102783203,103440515105551,5.340,1441416,12011.8,34,True,0.5235294699668884,1.1535146236419678,-5.2093048095703125,0.7168054580688477,0.09325748682022095,-0.6879730820655823,-0.06469923257827759,1441164,0.5235210657119751,1.1527634859085083,-5.209558010101318,0.7171733245109677,0.09203942692836133,-0.688115643494409,-0.06072913369100718,-8.483388354605539e-05,-0.0007865917780528063,-4.965502926341366e-05,0.0007927099312036727,0.002018301913764065,0.00014054050642903218,-0.0036479631051809865,0.9999912994976178,0.4780134381887076
103440620559503,2.204087587,7643303,0.15074455738067627,0.12125349044799805,0.0857391357421875,0.0019038915634155273,-0.0032500512897968292,-0.0003600120544433594,29.88577651977539,0,-0.1037607192993164,-0.05578213930130005,-0.014617919921875,-0.0012224987149238586,0.0020004436373710632,0.00040924549102783203,103440619296196,1.263,1441428,12011.9,34,True,0.523517906665802,1.153424859046936,-5.209306240081787,0.716687023639679,0.09319036453962326,-0.6880965828895569,-0.06479553878307343,1441164,0.5235210657119751,1.1527634859085083,-5.209558010101318,0.7171733245109677,0.09203942692836133,-0.688115643494409,-0.06072913369100718,-0.00010320752465031269,-0.000699264439001152,-3.449640191672979e-05,0.0007076811079442783,0.002152117276198407,-1.6587328506512126e-05,-0.0036694949079260153,0.999990951420667,0.48748151547147023
103440720655382,2.304183466,7743463,0.014156341552734375,-0.02432626485824585,0.0646514892578125,-0.0002898573875427246,-0.00017088651657104492,0.00015652179718017578,29.88577651977539,0,-0.1037607192993164,-0.05578213930130005,-0.014617919921875,-0.0012224987149238586,0.0020004436373710632,0.00040924549102783203,103440716265452,4.390,1441440,12012.0,34,True,0.5235448479652405,1.153493881225586,-5.2093071937561035,0.716625988483429,0.09327536821365356,-0.6881417036056519,-0.06486830115318298,1441164,0.5235210657119751,1.1527634859085083,-5.209558010101318,0.7171733245109677,0.09203942692836133,-0.688115643494409,-0.06072913369100718,-8.642489397356852e-05,-0.000765099213640404,-6.407561778668442e-05,0.0007726265293181774,0.0021536677545937887,-8.941114167604348e-05,-0.003783403883991989,0.999990519743013,0.4989741236627167
103440820857584,2.404385668,7843687,0.12762749195098877,0.10860013961791992,0.107086181640625,0.0015439987182617188,-0.002613712102174759,-0.0003590583801269531,29.88577651977539,0,-0.1037607192993164,-0.05578213930130005,-0.014617919921875,-0.0012224987149238586,0.0020004436373710632,0.00040924549102783203,103440819118913,1.739,1441452,12012.1,34,True,0.5238773226737976,1.1532787084579468,-5.209395408630371,0.7196542620658875,0.09219381958246231,-0.6851736307144165,-0.06430605798959732,1441164,0.5235210657119751,1.1527634859085083,-5.209558010101318,0.7171733245109677,0.09203942692836133,-0.688115643494409,-0.06072913369100718,-3.474707731859284e-05,-0.0005201962992007848,-0.00038340707813853237,0.0006471572735055239,0.0020375881984244226,0.004136946688589438,-0.00252238551040284,0.999986185643465,0.6023285599609084
103440921076532,2.504604616,7943908,0.12740588188171387,0.10902714729309082,0.0428466796875,0.0015385374426841736,-0.0026131533086299896,0.00013077259063720703,29.88577651977539,0,-0.1037607192993164,-0.05578213930130005,-0.014617919921875,-0.0012224987149238586,0.0020004436373710632,0.00040924549102783203,103440917377828,3.699,1441464,12012.2,34,True,0.5236104726791382,1.1533598899841309,-5.20939826965332,0.7173315286636353,0.09177922457456589,-0.687714159488678,-0.0637281984090805,1441164,0.5235210657119751,1.1527634859085083,-5.209558010101318,0.7171733245109677,0.09203942692836133,-0.688115643494409,-0.06072913369100718,-2.4073274638126665e-05,-0.0006117179703375632,-0.00012012510202870221,0.000623865721067536,0.002283338569440727,0.0006886304341482964,-0.001886913920841664,0.9999953758437875,0.34848496182325195
103441021169880,2.604697964,8044250,0.030330657958984375,-0.00423431396484375,0.106842041015625,-0.0004552006721496582,-0.0010734498500823975,-0.00018286705017089844,29.88577651977539,0,-0.1037607192993164,-0.05578213930130005,-0.014617919921875,-0.0012224987149238586,0.0020004436373710632,0.00040924549102783203,103441020602860,0.567,1441476,12012.3,34,True,0.5236260294914246,1.1533540487289429,-5.2094407081604,0.718439519405365,0.09226851165294647,-0.686403751373291,-0.06466241925954819,1441164,0.5235210657119751,1.1527634859085083,-5.209558010101318,0.7171733245109677,0.09203942692836133,-0.688115643494409,-0.06072913369100718,1.664046340510513e-05,-0.0005961929514120398,-0.0001334864970075153,0.0006111804849789241,0.0024287540220821746,0.002447116915721026,-0.0028582704284360327,0.9999899714811439,0.5131996914121246
103441121288432,2.704816516,8144045,0.0896826982498169,0.07179594039916992,0.0642242431640625,0.0008803606033325195,-0.0017989762127399445,-2.47955322265625e-05,29.88577651977539,0,-0.1037607192993164,-0.05578213930130005,-0.014617919921875,-0.0012224987149238586,0.0020004436373710632,0.00040924549102783203,103441117197576,4.091,1441488,12012.4,34,True,0.523791491985321,1.1534223556518555,-5.209416389465332,0.7183754444122314,0.09570178389549255,-0.6861103773117065,-0.0634867325425148,1441164,0.5235210657119751,1.1527634859085083,-5.209558010101318,0.7171733245109677,0.09203942692836133,-0.688115643494409,-0.06072913369100718,1.3601527844288617e-05,-0.0006600226007127085,-0.00030245872039014817,0.0007261515768428188,-0.0008000159853750189,0.0022967168320249813,-0.004535226996251266,0.9999867583034833,0.5897119388061679
103441221501308,2.805029392,8244216,0.1322575807571411,-0.027323424816131592,0.0216217041015625,-0.0011657103896141052,-0.00021521374583244324,-0.0038117170333862305,29.88577651977539,0,-0.1037607192993164,-0.05578213930130005,-0.014617919921875,-0.0012224987149238586,0.0020004436373710632,0.00040924549102783203,103441219054682,2.447,1441500,12012.5,34,True,0.5239769816398621,1.153643250465393,-5.208568096160889,0.7169166803359985,0.09949716180562973,-0.6864924430847168,-0.0697062537074089,1441164,0.5235210657119751,1.1527634859085083,-5.209558010101318,0.7171733245109677,0.09203942692836133,-0.688115643494409,-0.06072913369100718,-0.0007598671804803114,-0.0010479038107638122,-0.000535045876280056,0.0014006336488563704,0.0011725542874057445,0.001360862333301516,-0.011647981890165806,0.9999305464321205,1.3505709991863117
103441321622201,2.905150285,8344446,0.0034644603729248047,-0.01566559076309204,0.1503753662109375,0.004046089947223663,-0.00427333265542984,-0.005981922149658203,29.756017684936523,0,-0.1037607192993164,-0.05578213930130005,-0.014617919921875,-0.0012224987149238586,0.0020004436373710632,0.00040924549102783203,103441315527818,6.094,1441512,12012.6,34,True,0.5237782597541809,1.1546745300292969,-5.208521366119385,0.7173327207565308,0.09768430143594742,-0.6865366101264954,-0.06752058863639832,1441164,0.5235210657119751,1.1527634859085083,-5.209558010101318,0.7171733245109677,0.09203942692836133,-0.688115643494409,-0.06072913369100718,-0.0005902938766385597,-0.0020737197198990127,-0.0003796166681415098,0.0021892622392545576,0.0008313105442196297,0.0015243969411247176,-0.008802882387892822,0.9999597463890284,1.0281855718456163
103441421747300,3.005275384,8444574,0.09585785865783691,-0.3653108477592468,0.2906494140625,0.0028790757060050964,0.007659638300538063,-0.0022248029708862305,29.756017684936523,0,-0.1037607192993164,-0.05578213930130005,-0.014617919921875,-0.0012224987149238586,0.0020004436373710632,0.00040924549102783203,103441414662903,7.084,1441524,12012.7,34,True,0.523594856262207,1.1565535068511963,-5.2083740234375,0.7168174982070923,0.09641169011592865,-0.6870551705360413,-0.06951756030321121,1441164,0.5235210657119751,1.1527634859085083,-5.209558010101318,0.7171733245109677,0.09203942692836133,-0.688115643494409,-0.06072913369100718,-0.0003355896391756891,-0.00394738447814886,-0.0002776032909822919,0.003971338340083455,0.003218206072080094,0.001059051244113263,-0.009280275834970072,0.9999511978294575,1.1321108724919668
103441522036164,3.105564248,8544633,0.035628676414489746,-0.8020686507225037,0.303924560546875,0.004397645592689514,0.015821384266018867,0.007898092269897461,29.756017684936523,0,-0.1037607192993164,-0.05578213930130005,-0.014617919921875,-0.0012224987149238586,0.0020004436373710632,0.00040924549102783203,103441515731071,6.305,1441536,12012.8,34,True,0.5236077904701233,1.1589640378952026,-5.208608627319336,0.7182872295379639,0.0890939012169838,-0.6868286728858948,-0.06627354025840759,1441164,0.5235210657119751,1.1527634859085083,-5.209558010101318,0.7171733245109677,0.09203942692836133,-0.688115643494409,-0.06072913369100718,0.0004135027022530419,-0.006248516088810695,-0.00037517461694919153,0.006273411654761677,0.0058170640668437365,0.002378659602476019,-0.0016783737925991362,0.9999788431789696,0.745407224701029
103441622259308,3.205787392,8645044,0.1311204433441162,-1.2926906943321228,0.12213134765625,0.004626713693141937,0.017467007040977478,0.01257336139678955,29.756017684936523,0,-0.1037607192993164,-0.05578213930130005,-0.014617919921875,-0.0012224987149238586,0.0020004436373710632,0.00040924549102783203,103441615593510,6.666,1441548,12012.9,34,True,0.5236560106277466,1.1608810424804688,-5.2089948654174805,0.719136655330658,0.083747498691082,-0.6870799660682678,-0.061236847192049026,1441164,0.5235210657119751,1.1527634859085083,-5.209558010101318,0.7171733245109677,0.09203942692836133,-0.688115643494409,-0.06072913369100718,0.0012054332208258846,-0.008033998398788706,-0.0004815259521517178,0.008138185716989123,0.005855369566497231,0.002644050146339339,0.005715192177828899,0.9999630294288054,0.9853648003633322
103441722463767,3.305991851,8745189,0.13512063026428223,-1.903887689113617,-0.1267852783203125,0.0021331608295440674,0.013169150799512863,0.020381927490234375,29.756017684936523,0,-0.1037607192993164,-0.05578213930130005,-0.014617919921875,-0.0012224987149238586,0.0020004436373710632,0.00040924549102783203,103441715999490,6.464,1441560,12013.0,34,True,0.5236213803291321,1.1629453897476196,-5.209507942199707,0.7196799516677856,0.07687955349683762,-0.6878808736801147,-0.05449947714805603,1441164,0.5235210657119751,1.1527634859085083,-5.209558010101318,0.7171733245109677,0.09203942692836133,-0.688115643494409,-0.06072913369100718,0.0021499144427631982,-0.009940138595821392,-0.0005052209326198782,0.010182521083017563,0.005790169228118197,0.002240491982899218,0.015375432200990007,0.9998625156593366,1.900199587074538
103441822586320,3.406114404,8845385,0.3368713855743408,-2.3496028780937195,-0.393035888671875,0.003101065754890442,0.016684193164110184,0.02271091938018799,29.756017684936523,0,-0.1037607192993164,-0.05578213930130005,-0.014617919921875,-0.0012224987149238586,0.0020004436373710632,0.00040924549102783203,103441815962354,6.624,1441572,12013.1,34,True,0.5235947370529175,1.1656602621078491,-5.209669589996338,0.7183824777603149,0.07012950628995895,-0.6898549795150757,-0.05575575307011604,1441164,0.5235210657119751,1.1527634859085083,-5.209558010101318,0.7171733245109677,0.09203942692836133,-0.688115643494409,-0.06072913369100718,0.002892002243284639,-0.012555723602383176,-0.0005786550965190407,0.012897469281813885,0.011596439139684982,0.00045745523778745206,0.019352388526191665,0.9997453667771191,2.5860348621761937
103441922832770,3.506360854,8945579,0.25714993476867676,-2.865165412425995,-0.6185150146484375,0.0034453198313713074,0.019065504893660545,0.029765605926513672,29.756017684936523,0,-0.1037607192993164,-0.05578213930130005,-0.014617919921875,-0.0012224987149238586,0.0020004436373710632,0.00040924549102783203,103441916133901,6.699,1441584,12013.2,34,True,0.5238091945648193,1.1680583953857422,-5.20971155166626,0.7181533575057983,0.0633372887969017,-0.6908823251724243,-0.05409011244773865,1441164,0.5235210657119751,1.1527634859085083,-5.209558010101318,0.7171733245109677,0.09203942692836133,-0.688115643494409,-0.06072913369100718,0.0034577032366258495,-0.014876179262048107,-0.0008856794316354418,0.015298393679232638,0.015184188672137475,-0.00017780999016830948,0.025411042252326176,0.9995617478323322,3.392700513225909
103442022937431,3.606465515,9045767,0.2542989253997803,-3.406213939189911,-0.88812255859375,0.003268301486968994,0.01520899124443531,0.03773176670074463,29.756017684936523,0,-0.1037607192993164,-0.05578213930130005,-0.014617919921875,-0.0012224987149238586,0.0020004436373710632,0.00040924549102783203,103442016418687,6.519,1441596,12013.3,34,True,0.5237709879875183,1.1706695556640625,-5.209532260894775,0.7189756035804749,0.05974326282739639,-0.6906653642654419,-0.04986128211021423,1441164,0.5235210657119751,1.1527634859085083,-5.209558010101318,0.7171733245109677,0.09203942692836133,-0.688115643494409,-0.06072913369100718,0.003844320693392733,-0.017464018290852326,-0.0009590212715842918,0.01790783231595112,0.014554586712991329,0.00037263194149389506,0.030961009609728942,0.9994145491411442,3.9213358521289314
103442123078532,3.706606616,9145794,0.20142042636871338,-4.007795035839081,-1.089263916015625,0.004224665462970734,0.017267247661948204,0.04800987243652344,29.756017684936523,0,-0.1037607192993164,-0.05578213930130005,-0.014617919921875,-0.0012224987149238586,0.0020004436373710632,0.00040924549102783203,103442117999462,5.079,1441608,12013.4,34,True,0.5238106846809387,1.1734565496444702,-5.209161281585693,0.719176709651947,0.05663600191473961,-0.690484881401062,-0.05298902839422226,1441164,0.5235210657119751,1.1527634859085083,-5.209558010101318,0.7171733245109677,0.09203942692836133,-0.688115643494409,-0.06072913369100718,0.004084602295541531,-0.020260619490608707,-0.0011258247585212036,0.020698892710550386,0.018907053134394138,0.0011170309126529168,0.031044751971932277,0.9993385307085456,4.168179484264454
103442223275769,3.806803853,9246040,0.0961991548538208,-4.555218875408173,-1.078704833984375,0.006953157484531403,0.016794275492429733,0.05196022987365723,29.756017684936523,0,-0.1037607192993164,-0.05578213930130005,-0.014617919921875,-0.0012224987149238586,0.0020004436373710632,0.00040924549102783203,103442216734591,6.541,1441620,12013.5,34,True,0.5237604975700378,1.176632285118103,-5.208946704864502,0.7190942168235779,0.05595618486404419,-0.6906739473342896,-0.05236420780420303,1441164,0.5235210657119751,1.1527634859085083,-5.209558010101318,0.7171733245109677,0.09203942692836133,-0.688115643494409,-0.06072913369100718,0.004558074094226469,-0.02340742760562274,-0.001211152696499007,0.023877826480129316,0.0189491513794667,0.0009084497812238967,0.03196613484975423,0.9993088964898493,4.260535519729708
103442323681299,3.907209383,9346118,0.3470219373703003,-5.396954715251923,-0.7837677001953125,0.009674310684204102,0.008083736523985863,0.05416309833526611,29.88577651977539,0,-0.1037607192993164,-0.05578213930130005,-0.014617919921875,-0.0012224987149238586,0.0020004436373710632,0.00040924549102783203,103442323436289,0.245,1441633,12013.608333333334,34,True,0.5237715244293213,1.1805459260940552,-5.209210395812988,0.7189902663230896,0.05125279724597931,-0.6911548376083374,-0.05226072669029236,1441164,0.5235210657119751,1.1527634859085083,-5.209558010101318,0.7171733245109677,0.09203942692836133,-0.688115643494409,-0.06072913369100718,0.005659542487797072,-0.027168989994561625,-0.0013649576661077553,0.027785743609377026,0.022161986207160575,0.0007681464797294479,0.03543012324218703,0.9991260994916421,4.791045049424196
103442423840615,4.007368699,9446742,0.3925487995147705,-6.082838714122772,-0.7471923828125,0.013006694614887238,0.008937601000070572,0.055799007415771484,29.88577651977539,0,-0.1037607192993164,-0.05578213930130005,-0.014617919921875,-0.0012224987149238586,0.0020004436373710632,0.00040924549102783203,103442422655661,1.185,1441645,12013.708333333334,34,True,0.5239344239234924,1.183942437171936,-5.209473133087158,0.7186939716339111,0.04559773951768875,-0.6918162703514099,-0.05282130837440491,1441164,0.5235210657119751,1.1527634859085083,-5.209558010101318,0.7171733245109677,0.09203942692836133,-0.688115643494409,-0.06072913369100718,0.006654065473496331,-0.030418845639501913,-0.001649943526410388,0.031181806730941106,0.02653422595639868,0.0004849219357780932,0.03911293259984094,0.9988823144930795,5.418360471533973
103442524006362,4.107534446,9546501,0.4698009490966797,-6.681119620800018,-0.4995574951171875,0.01597912609577179,0.003415606915950775,0.05922806262969971,29.88577651977539,0,-0.1037607192993164,-0.05578213930130005,-0.014617919921875,-0.0012224987149238586,0.0020004436373710632,0.00040924549102783203,103442522305813,1.701,1441657,12013.808333333332,34,True,0.5238236784934998,1.1862181425094604,-5.209830284118652,0.7205495834350586,0.042903751134872437,-0.6903309226036072,-0.04909990727901459,1441164,0.5235210657119751,1.1527634859085083,-5.209558010101318,0.7171733245109677,0.09203942692836133,-0.688115643494409,-0.06072913369100718,0.007489215074126733,-0.03256822382828767,-0.0016131367479905057,0.03345713310975238,0.02546971171517265,0.002648137165005615,0.04368632910898464,0.9987170699470812,5.8051782169094315
103442624238605,4.207766689,9646716,0.5257375240325928,-7.120119750499725,-0.6173553466796875,0.018110334873199463,0.004139889031648636,0.06338536739349365,29.88577651977539,0,-0.1037607192993164,-0.05578213930130005,-0.014617919921875,-0.0012224987149238586,0.0020004436373710632,0.00040924549102783203,103442624082965,0.156,1441669,12013.908333333333,34,True,0.5239428281784058,1.1882890462875366,-5.210275173187256,0.7200448513031006,0.03786283731460571,-0.691361129283905,-0.04606137052178383,1441164,0.5235210657119751,1.1527634859085083,-5.209558010101318,0.7171733245109677,0.09203942692836133,-0.688115643494409,-0.06072913369100718,0.008374115034870896,-0.034487888897562366,-0.0017937010581623748,0.03553530141583028,0.02688475708516164,0.0015884514758628956,0.04940851032741903,0.9984154875429397,6.451679976973825
103442724319887,4.307847971,9747106,0.5924148559570312,-7.551974952220917,-0.65399169921875,0.01890193670988083,-0.003385741263628006,0.06614112854003906,29.88577651977539,0,-0.1037607192993164,-0.05578213930130005,-0.014617919921875,-0.0012224987149238586,0.0020004436373710632,0.00040924549102783203,103442724017036,0.303,1441681,12014.008333333333,34,True,0.5239561796188354,1.1908502578735352,-5.2108283042907715,0.7209985256195068,0.03374037891626358,-0.6907671093940735,-0.043169815093278885,1441164,0.5235210657119751,1.1527634859085083,-5.209558010101318,0.7171733245109677,0.09203942692836133,-0.688115643494409,-0.06072913369100718,0.00946653261630828,-0.03686792361298006,-0.0018831194458922152,0.03811043387519563,0.02753514865066344,0.002654921009413114,0.054406451189883784,0.9981356145595359,6.99846789601044
103442824411937,4.407940021,9847042,0.604110836982727,-8.12564867734909,-0.8123626708984375,0.01853836327791214,0.0049293190240859985,0.06865394115447998,29.88577651977539,0,-0.1037607192993164,-0.05578213930130005,-0.014617919921875,-0.0012224987149238586,0.0020004436373710632,0.00040924549102783203,103442815559047,8.853,1441692,12014.1,34,True,0.5240391492843628,1.1932648420333862,-5.211204528808594,0.7214685082435608,0.028083395212888718,-0.6904466152191162,-0.044474560767412186,1441164,0.5235210657119751,1.1527634859085083,-5.209558010101318,0.7171733245109677,0.09203942692836133,-0.688115643494409,-0.06072913369100718,0.010357219530643925,-0.03913934248461181,-0.002044298378877895,0.04053812134763492,0.032305498323699215,0.003671805199560785,0.05758946992345336,0.9978107664174453,7.5839059663566895
103442924535195,4.508063279,9947293,0.7167474031448364,-8.60436075925827,-0.54461669921875,0.023400649428367615,-0.002435203641653061,0.06996142864227295,29.88577651977539,0,-0.1037607192993164,-0.05578213930130005,-0.014617919921875,-0.0012224987149238586,0.0020004436373710632,0.00040924549102783203,103442923898129,0.637,1441705,12014.208333333334,34,True,0.5239021182060242,1.1950162649154663,-5.211482048034668,0.7210520505905151,0.027467001229524612,-0.6913090944290161,-0.03770072013139725,1441164,0.5235210657119751,1.1527634859085083,-5.209558010101318,0.7171733245109677,0.09203942692836133,-0.688115643494409,-0.06072913369100718,0.011000683364082877,-0.04079548449266126,-0.0019641454414697675,0.042298279596019284,0.02797630261335033,0.0021806596410885453,0.06270676079407232,0.9976374258047515,7.878542741998403
103443024739004,4.608267088,10047422,0.7649582624435425,-8.967996776103973,-0.325531005859375,0.026331834495067596,-0.013955779373645782,0.07133257389068604,29.88577651977539,0,-0.1037607192993164,-0.05578213930130005,-0.014617919921875,-0.0012224987149238586,0.0020004436373710632,0.00040924549102783203,103443023916253,0.823,1441717,12014.308333333332,34,True,0.5240431427955627,1.1966973543167114,-5.211593151092529,0.7209770679473877,0.026307756081223488,-0.6911306381225586,-0.04287834092974663,1441164,0.5235210657119751,1.1527634859085083,-5.209558010101318,0.7171733245109677,0.09203942692836133,-0.688115643494409,-0.06072913369100718,0.011476616184433946,-0.04240511013832756,-0.00216634986927821,0.043984078444871656,0.03247537662788511,0.002803992133698086,0.05995759878756746,0.9976685691594279,7.826422838338593
103443125382867,4.708910951,10147605,0.8963534832000732,-9.287773311138153,-0.21258544921875,0.028308086097240448,-0.01979915052652359,0.06975805759429932,29.88577651977539,0,-0.1037607192993164,-0.05578213930130005,-0.014617919921875,-0.0012224987149238586,0.0020004436373710632,0.00040924549102783203,103443125115055,0.268,1441729,12014.408333333333,34,True,0.5244534611701965,1.1986863613128662,-5.211318016052246,0.7193871736526489,0.020017677918076515,-0.6927274465560913,-0.04701230674982071,1441164,0.5235210657119751,1.1527634859085083,-5.209558010101318,0.7171733245109677,0.09203942692836133,-0.688115643494409,-0.06072913369100718,0.011651744625349977,-0.04438468864107445,-0.002667157487382384,0.0459660469003154,0.040011970651684506,0.0013272515697848042,0.061574669958720005,0.9972992733514419,8.423755089058213
103443227264187,4.810792271,10248276,0.8247153759002686,-9.640047252178192,-0.227630615234375,0.030481547117233276,-0.024913031607866287,0.0772937536239624,29.88577651977539,0,-0.1037607192993164,-0.05578213930130005,-0.014617919921875,-0.0012224987149238586,0.0020004436373710632,0.00040924549102783203,103443226961303,0.303,1441741,12014.508333333333,34,True,0.5242593884468079,1.2008157968521118,-5.21142578125,0.7210254669189453,0.014653502963483334,-0.6914068460464478,-0.04317687824368477,1441164,0.5235210657119751,1.1527634859085083,-5.209558010101318,0.7171733245109677,0.09203942692836133,-0.688115643494409,-0.06072913369100718,0.01220900027750283,-0.046448702652681625,-0.0025527652951418595,0.048094264486998634,0.04073143618339289,0.003374437165384881,0.06813151872905246,0.996838833230291,9.113932393518692
103443327379750,4.910907834,10350205,0.7030457258224487,-10.059353053569794,-0.11492919921875,0.03123830258846283,-0.029767107218503952,0.08305156230926514,29.88577651977539,0,-0.1037607192993164,-0.05578213930130005,-0.014617919921875,-0.0012224987149238586,0.0020004436373710632,0.00040924549102783203,103443325105105,2.275,1441753,12014.608333333334,34,True,0.5238559246063232,1.2020503282546997,-5.211939811706543,0.7213952541351318,0.015487369149923325,-0.6913520097732544,-0.03716876357793808,1441164,0.5235210657119751,1.1527634859085083,-5.209558010101318,0.7171733245109677,0.09203942692836133,-0.688115643494409,-0.06072913369100718,0.012962212079129584,-0.047562869015819166,-0.0021754279633669008,0.0493454956183855,0.03582127710088754,0.00306459730686659,0.07169847550449171,0.9967781964712813,9.200974396997411
103443427501730,5.011029814,10450323,0.7049139738082886,-10.403684794902802,-0.15374755859375,0.0305841863155365,-0.03508652374148369,0.0870739221572876,29.88577651977539,0,-0.1037607192993164,-0.05578213930130005,-0.014617919921875,-0.0012224987149238586,0.0020004436373710632,0.00040924549102783203,103443425324956,2.177,1441765,12014.708333333334,34,True,0.5242206454277039,1.2030452489852905,-5.212185382843018,0.7210215330123901,0.012150892987847328,-0.6918575167655945,-0.03624208644032478,1441164,0.5235210657119751,1.1527634859085083,-5.209558010101318,0.7171733245109677,0.09203942692836133,-0.688115643494409,-0.06072913369100718,0.013429492016979105,-0.048463431182007105,-0.0025676408714813545,0.05035522016049722,0.03752179421640687,0.0025622284276539675,0.0747252730958684,0.9964946981820897,9.597481367525358
103443527763430,5.111291514,10550317,0.6015075445175171,-10.556253612041473,-0.1935882568359375,0.031647004187107086,-0.03311477228999138,0.0879201889038086,29.88577651977539,0,-0.1037607192993164,-0.05578213930130005,-0.014617919921875,-0.0012224987149238586,0.0020004436373710632,0.00040924549102783203,103443525197990,2.565,1441777,12014.808333333332,34,True,0.5242253541946411,1.2041378021240234,-5.212372779846191,0.7227880954742432,0.007045133039355278,-0.690066397190094,-0.03655312582850456,1441164,0.5235210657119751,1.1527634859085083,-5.209558010101318,0.7171733245109677,0.09203942692836133,-0.688115643494409,-0.06072913369100718,0.013848074691715215,-0.04948912626641547,-0.0026070148282421515,0.051456188331387424,0.04098608079443542,0.005401067072020872,0.07822677629332452,0.9960780798342818,10.152173742195435
103443627979426,5.211507510,10650717,0.46923744678497314,-10.694982707500458,-0.166839599609375,0.03286606818437576,-0.025840651243925095,0.09153497219085693,29.88577651977539,0,-0.1037607192993164,-0.05578213930130005,-0.014617919921875,-0.0012224987149238586,0.0020004436373710632,0.00040924549102783203,103443624993209,2.986,1441789,12014.908333333333,34,True,0.5240868926048279,1.204795002937317,-5.2129998207092285,0.723436176776886,0.006847535725682974,-0.6896159648895264,-0.03198431059718132,1441164,0.5235210657119751,1.1527634859085083,-5.209558010101318,0.7171733245109677,0.09203942692836133,-0.688115643494409,-0.06072913369100718,0.014596648785686738,-0.05000300671443032,-0.002466201207635763,0.05214829800341137,0.0377646044699709,0.005761548938434836,0.0815446582232565,0.9959373011983781,10.332896577133447
103443728199790,5.311727874,10750921,0.5313014984130859,-10.754284083843231,-0.16259765625,0.03527437150478363,-0.022718194872140884,0.08921122550964355,29.88577651977539,0,-0.1037607192993164,-0.05578213930130005,-0.014617919921875,-0.0012224987149238586,0.0020004436373710632,0.00040924549102783203,103443723648332,4.551,1441801,12015.008333333333,34,True,0.5242428183555603,1.2057427167892456,-5.212977409362793,0.7216897010803223,0.005637597758322954,-0.6913968920707703,-0.03320500627160072,1441164,0.5235210657119751,1.1527634859085083,-5.209558010101318,0.7171733245109677,0.09203942692836133,-0.688115643494409,-0.06072913369100718,0.014784721924719305,-0.05092491158539797,-0.0026603572185873855,0.05309436997368333,0.0397426080810843,0.0034683686668908757,0.08151982010492899,0.9958729911247538,10.414413133823397
103443828314295,5.411842379,10851205,0.6304130554199219,-11.035867869853973,-0.0939483642578125,0.03308989852666855,-0.022524699568748474,0.08944976329803467,29.88577651977539,0,-0.1037607192993164,-0.05578213930130005,-0.014617919921875,-0.0012224987149238586,0.0020004436373710632,0.00040924549102783203,103443824631436,3.683,1441813,12015.108333333334,34,True,0.5242389440536499,1.206328272819519,-5.212716579437256,0.722445011138916,0.006401992402970791,-0.6905839443206787,-0.0335565060377121,1441164,0.5235210657119751,1.1527634859085083,-5.209558010101318,0.7171733245109677,0.09203942692836133,-0.688115643494409,-0.06072913369100718,0.01465630210340832,-0.05155217409993613,-0.002691553567897846,0.05366263417300123,0.039348010630761966,0.00455706465316702,0.08074989445512935,0.9959469974685571,10.320550317411643
103443928519512,5.512047596,10951254,0.5688214302062988,-11.16560572385788,-0.0924530029296875,0.03338884562253952,-0.02494317665696144,0.09279739856719971,29.88577651977539,0,-0.1037607192993164,-0.05578213930130005,-0.014617919921875,-0.0012224987149238586,0.0020004436373710632,0.00040924549102783203,103443927308859,1.211,1441825,12015.208333333334,34,True,0.524512529373169,1.2071484327316284,-5.212579727172852,0.721154510974884,0.003307609586045146,-0.6918470859527588,-0.03567628934979439,1441164,0.5235210657119751,1.1527634859085083,-5.209558010101318,0.7171733245109677,0.09203942692836133,-0.688115643494409,-0.06072913369100718,0.01470944373547808,-0.05236839214748875,-0.0030033288339959235,0.05447785068452562,0.04319218667460761,0.0031461827220813925,0.08146838168091887,0.9957346229447067,10.58768056853751
103444029410862,5.612938946,11051363,0.4765603542327881,-11.155157268047333,-0.0254364013671875,0.03791901469230652,-0.024858061224222183,0.09485840797424316,29.88577651977539,0,-0.1037607192993164,-0.05578213930130005,-0.014617919921875,-0.0012224987149238586,0.0020004436373710632,0.00040924549102783203,103444029256123,0.155,1441837,12015.308333333332,34,True,0.524523913860321,1.2071746587753296,-5.2127227783203125,0.7208008170127869,0.0024959053844213486,-0.6922770142555237,-0.034532491117715836,1441164,0.5235210657119751,1.1527634859085083,-5.209558010101318,0.7171733245109677,0.09203942692836133,-0.688115643494409,-0.06072913369100718,0.01485510013321065,-0.05236284831686632,-0.0030092044145990722,0.0545123581863022,0.04299148030332893,0.0025384867489610112,0.08283113317103405,0.9956326089898605,10.713635129441002
103444129496493,5.713024577,11152348,0.5375195741653442,-11.167230784893036,-0.114410400390625,0.0354691743850708,-0.030202802270650864,0.09417378902435303,29.88577651977539,0,-0.1037607192993164,-0.05578213930130005,-0.014617919921875,-0.0012224987149238586,0.0020004436373710632,0.00040924549102783203,103444124449010,5.047,1441849,12015.408333333333,34,True,0.5242432951927185,1.205566167831421,-5.21250581741333,0.7233020067214966,0.00466986745595932,-0.6897087097167969,-0.033381398767232895,1441164,0.5235210657119751,1.1527634859085083,-5.209558010101318,0.7171733245109677,0.09203942692836133,-0.688115643494409,-0.06072913369100718,0.014286488620057821,-0.05085344712457976,-0.002675361672823959,0.052889832686669434,0.04028172955006824,0.005863545245393121,0.08213834664366143,0.9957892814809045,10.519576103641418
103444229608686,5.813136770,11252268,0.3556554317474365,-10.840534389019012,-0.41937255859375,0.03354036062955856,-0.02162843570113182,0.09819912910461426,29.88577651977539,0,-0.1037607192993164,-0.05578213930130005,-0.014617919921875,-0.0012224987149238586,0.0020004436373710632,0.00040924549102783203,103444227274153,2.335,1441861,12015.508333333333,34,True,0.5241650938987732,1.2036373615264893,-5.212206840515137,0.7223960757255554,0.00462723895907402,-0.6906374096870422,-0.03380126133561134,1441164,0.5235210657119751,1.1527634859085083,-5.209558010101318,0.7171733245109677,0.09203942692836133,-0.688115643494409,-0.06072913369100718,0.013576083866749827,-0.04903924816495526,-0.0025346363682521127,0.050946857560210314,0.040752669801250176,0.004615353743267937,0.0818530209736703,0.9958001814477535,10.505942109802094
103444329859526,5.913387610,11352438,0.2510504722595215,-10.492492854595184,-0.5300750732421875,0.03252573311328888,-0.010818127542734146,0.09855914115905762,29.88577651977539,0,-0.1037607192993164,-0.05578213930130005,-0.014617919921875,-0.0012224987149238586,0.0020004436373710632,0.00040924549102783203,103444326774542,3.085,1441873,12015.608333333334,34,True,0.5240275263786316,1.2019296884536743,-5.211989402770996,0.7227956652641296,0.0076737916097044945,-0.6903928518295288,-0.029417334124445915,1441164,0.5235210657119751,1.1527634859085083,-5.209558010101318,0.7171733245109677,0.09203942692836133,-0.688115643494409,-0.06072913369100718,0.012990781164747582,-0.04742624947629823,-0.002339681767866051,0.049228890353463416,0.03546547680252691,0.004477199119515941,0.08270668678953867,0.9959326074607211,10.338867831224885
103444430068031,6.013596115,11452782,0.05024755001068115,-10.039919078350067,-0.369293212890625,0.03328194469213486,-0.017160698771476746,0.10293745994567871,29.88577651977539,0,-0.1037607192993164,-0.05578213930130005,-0.014617919921875,-0.0012224987149238586,0.0020004436373710632,0.00040924549102783203,103444428733673,1.334,1441885,12015.708333333334,34,True,0.5241492986679077,1.2003343105316162,-5.211826801300049,0.7220292687416077,0.005349219776690006,-0.6911329627037048,-0.03131087124347687,1441164,0.5235210657119751,1.1527634859085083,-5.209558010101318,0.7171733245109677,0.09203942692836133,-0.688115643494409,-0.06072913369100718,0.012492548302971857,-0.04589853031298924,-0.002405534759335366,0.04762903993860098,0.038537709221188425,0.003734491462686397,0.08304524725800409,0.9957933447504835,10.514495709516265
103444530314796,6.113842880,11552879,0.06757819652557373,-9.684185206890106,-0.508209228515625,0.028819218277931213,-0.02231844887137413,0.10631716251373291,29.88577651977539,0,-0.1037607192993164,-0.05578213930130005,-0.014617919921875,-0.0012224987149238586,0.0020004436373710632,0.00040924549102783203,103444526355734,3.959,1441897,12015.808333333332,34,True,0.5239196419715881,1.197425127029419,-5.211901664733887,0.7230006456375122,0.008768240921199322,-0.6902400851249695,-0.027603542432188988,1441164,0.5235210657119751,1.1527634859085083,-5.209558010101318,0.7171733245109677,0.09203942692836133,-0.688115643494409,-0.06072913369100718,0.011930120083450837,-0.04305521448399475,-0.002057792073110416,0.044724867441776776,0.033385057118576894,0.004494404182648682,0.08317946356177583,0.995965067225657,10.297502707663652
103444630610885,6.214138969,11653190,-0.1274508833885193,-8.823736369609833,-0.6109466552734375,0.027618497610092163,-0.01922166347503662,0.10354781150817871,29.88577651977539,0,-0.1037607192993164,-0.05578213930130005,-0.014617919921875,-0.0012224987149238586,0.0020004436373710632,0.00040924549102783203,103444627601902,3.009,1441909,12015.908333333333,34,True,0.5237831473350525,1.1930744647979736,-5.211841106414795,0.7212414145469666,0.01124841533601284,-0.6921930909156799,-0.023519182577729225,1441164,0.5235210657119751,1.1527634859085083,-5.209558010101318,0.7171733245109677,0.09203942692836133,-0.688115643494409,-0.06072913369100718,0.01092812971933635,-0.03882991160901201,-0.0017521928701938747,0.04037643167221054,0.029035807010087282,0.0013566653482913196,0.08416794680052284,0.9960275287871265,10.21743488364096
103444730858214,6.314386298,11753513,-0.20573312044143677,-8.099733531475067,-0.6367340087890625,0.017041869461536407,-0.03133126720786095,0.10332584381103516,29.88577651977539,0,-0.1037607192993164,-0.05578213930130005,-0.014617919921875,-0.0012224987149238586,0.0020004436373710632,0.00040924549102783203,103444726160389,4.698,1441921,12016.008333333333,34,True,0.5240224003791809,1.188254714012146,-5.211884021759033,0.7225819230079651,0.007254058960825205,-0.690941333770752,-0.02056310698390007,1441164,0.5235210657119751,1.1527634859085083,-5.209558010101318,0.7171733245109677,0.09203942692836133,-0.688115643494409,-0.06072913369100718,0.009939524343425288,-0.034106606861876526,-0.001798377930431662,0.035570900171134415,0.02946775017742953,0.003147315372669935,0.08911408044808698,0.9955804471620149,10.777471171781329
103444831074384,6.414602468,11853772,-0.35193175077438354,-6.930194556713104,-0.7628631591796875,0.014132358133792877,-0.021060407161712646,0.104744553565979,29.88577651977539,0,-0.1037607192993164,-0.05578213930130005,-0.014617919921875,-0.0012224987149238586,0.0020004436373710632,0.00040924549102783203,103444827202448,3.872,1441933,12016.108333333334,34,True,0.5238665342330933,1.1841785907745361,-5.212636947631836,0.7236786484718323,0.010293520987033844,-0.6897959113121033,-0.019100943580269814,1441164,0.5235210657119751,1.1527634859085083,-5.209558010101318,0.7171733245109677,0.09203942692836133,-0.688115643494409,-0.06072913369100718,0.009789836555443876,-0.029976203017718014,-0.0014471943261661299,0.0315675152420877,0.02615559752840547,0.004404295241455914,0.087971779974749,0.9957697790299888,10.543926466281736
103444931285659,6.514813743,11953953,-0.2485683560371399,-6.029749572277069,-0.801239013671875,0.009647302329540253,-0.015981338918209076,0.09676289558410645,29.88577651977539,0,-0.1037607192993164,-0.05578213930130005,-0.014617919921875,-0.0012224987149238586,0.0020004436373710632,0.00040924549102783203,103444926679961,4.606,1441945,12016.208333333334,34,True,0.5240690112113953,1.1805256605148315,-5.213089466094971,0.7247635722160339,0.007544519379734993,-0.6887082457542419,-0.018488572910428047,1441164,0.5235210657119751,1.1527634859085083,-5.209558010101318,0.7171733245109677,0.09203942692836133,-0.688115643494409,-0.06072913369100718,0.009451162460552902,-0.026305562226672102,-0.0014841457678863447,0.027991244427095725,0.027442057462124032,0.0060414750883305834,0.09039847330709906,0.9955091913612593,10.864070178926196
103445031398793,6.614926877,12054278,-0.2755318880081177,-5.327910602092743,-1.0121612548828125,0.002508103847503662,-0.016723331063985825,0.09562325477600098,29.88577651977539,0,-0.1037607192993164,-0.05578213930130005,-0.014617919921875,-0.0012224987149238586,0.0020004436373710632,0.00040924549102783203,103445027178368,4.220,1441957,12016.308333333332,34,True,0.524178683757782,1.1762566566467285,-5.213352680206299,0.7234485745429993,0.006960598286241293,-0.6901524662971497,-0.01622829958796501,1441164,0.5235210657119751,1.1527634859085083,-5.209558010101318,0.7171733245109677,0.09203942692836133,-0.688115643494409,-0.06072913369100718,0.008791594533380537,-0.02207879359934951,-0.0014127253069605964,0.023806743877207784,0.026435638303866246,0.003928274877108785,0.09233924794458093,0.9953688708076952,11.032624137753874
103445131589580,6.715117664,12154328,-0.237737238407135,-4.464246451854706,-1.3069610595703125,-0.0018534138798713684,-0.014722295105457306,0.09675824642181396,29.88577651977539,0,-0.1037607192993164,-0.05578213930130005,-0.014617919921875,-0.0012224987149238586,0.0020004436373710632,0.00040924549102783203,103445126116303,5.473,1441969,12016.408333333333,34,True,0.5240305066108704,1.1719180345535278,-5.213311195373535,0.723054051399231,0.006262681446969509,-0.6906325817108154,-0.01342698372900486,1441164,0.5235210657119751,1.1527634859085083,-5.209558010101318,0.7171733245109677,0.09203942692836133,-0.688115643494409,-0.06072913369100718,0.007810391019696361,-0.01786172653542046,-0.001095071141421986,0.019525436320642676,0.02497500600558399,0.0030970238423472245,0.0947602519073252,0.9951819693788676,11.253223083546104
103445231777750,6.815305834,12254551,-0.2679905891418457,-3.4497024416923523,-1.1131744384765625,-0.0034392550587654114,-0.021036405116319656,0.09718799591064453,29.88577651977539,0,-0.1037607192993164,-0.05578213930130005,-0.014617919921875,-0.0012224987149238586,0.0020004436373710632,0.00040924549102783203,103445229662157,2.116,1441981,12016.508333333333,34,True,0.5238618850708008,1.1672788858413696,-5.213904857635498,0.7226811647415161,0.012996663339436054,-0.6910470724105835,-0.0041230530478060246,1441164,0.5235210657119751,1.1527634859085083,-5.209558010101318,0.7171733245109677,0.09203942692836133,-0.688115643494409,-0.06072913369100718,0.0073834463899695585,-0.013216653495653886,-0.0007161468522102037,0.015156123400515885,0.013729511519810344,0.0012778957150126338,0.09632385106119898,0.9952545318724798,11.168093729493595
103445332038990,6.915567074,12354839,-0.3973405361175537,-2.40226286649704,-1.008453369140625,-0.003775179386138916,-0.034606773406267166,0.09911084175109863,29.88577651977539,0,-0.1037607192993164,-0.05578213930130005,-0.014617919921875,-0.0012224987149238586,0.0020004436373710632,0.00040924549102783203,103445328064182,3.975,1441993,12016.608333333334,34,True,0.524017333984375,1.1624029874801636,-5.214674949645996,0.7230287790298462,0.012037754990160465,-0.6907068490982056,0.0029305522330105305,1441164,0.5235210657119751,1.1527634859085083,-5.209558010101318,0.7171733245109677,0.09203942692836133,-0.688115643494409,-0.06072913369100718,0.007089306362812468,-0.00828717441212839,-0.0006432873457275905,0.01092471249287697,0.009278269484079615,0.0011701175001022084,0.1018765819470327,0.994753088254169,11.743825258656011
103445432153645,7.015681729,12455067,-0.3317892551422119,-1.400366723537445,-0.9286956787109375,-0.008217919617891312,-0.05587098374962807,0.09890508651733398,29.88577651977539,0,-0.1037607192993164,-0.05578213930130005,-0.014617919921875,-0.0012224987149238586,0.0020004436373710632,0.00040924549102783203,103445429468012,2.686,1442005,12016.708333333334,34,True,0.5243157148361206,1.1580506563186646,-5.215186595916748,0.7232940196990967,0.008289632387459278,-0.6904886960983276,0.00158792978618294,1441164,0.5235210657119751,1.1527634859085083,-5.209558010101318,0.7171733245109677,0.09203942692836133,-0.688115643494409,-0.06072913369100718,0.006661001180838877,-0.003916855651225981,-0.0007456014582305568,0.007763157634506293,0.012784117307101644,0.0018602816321288134,0.10365191740947002,0.9945297309353139,11.991407026994711
103445532267583,7.115795667,12554899,-0.1669798493385315,-0.48525887727737427,-0.862213134765625,-0.011038549244403839,-0.06529314070940018,0.09714305400848389,29.88577651977539,0,-0.1037607192993164,-0.05578213930130005,-0.014617919921875,-0.0012224987149238586,0.0020004436373710632,0.00040924549102783203,103445527020352,5.247,1442017,12016.808333333332,34,True,0.5240345597267151,1.1541508436203003,-5.216346740722656,0.7244993448257446,0.013013428077101707,-0.6889631152153015,0.01616555266082287,1441164,0.5235210657119751,1.1527634859085083,-5.209558010101318,0.7171733245109677,0.09203942692836133,-0.688115643494409,-0.06072913369100718,0.006942179357154277,0.00012250927637664577,-0.0002577561309376658,0.0069480429599084416,-0.0011346937667986844,0.0021552024945392656,0.11031351560565882,0.9938938554226922,12.66987715228709
103445632390440,7.215918524,12655213,-0.06232184171676636,0.2605900168418884,-1.0609893798828125,-0.012043062597513199,-0.047521259635686874,0.09307861328125,29.88577651977539,0,-0.1037607192993164,-0.05578213930130005,-0.014617919921875,-0.0012224987149238586,0.0020004436373710632,0.00040924549102783203,103445627062566,5.328,1442029,12016.908333333333,34,True,0.5242051482200623,1.1496059894561768,-5.2166666984558105,0.7241541743278503,0.016578860580921173,-0.6891502141952515,0.019946573302149773,1441164,0.5235210657119751,1.1527634859085083,-5.209558010101318,0.7171733245109677,0.09203942692836133,-0.688115643494409,-0.06072913369100718,0.006280707330809642,0.004633500950463839,-0.00023363906440208951,0.007808405909380606,-0.006261588455987617,0.001218974432045661,0.11033786269815943,0.9938736653451202,12.690827855244457
103445732515097,7.316043181,12755331,0.10548818111419678,0.9813900589942932,-1.2934417724609375,-0.01685406267642975,-0.05770658329129219,0.09091365337371826,29.88577651977539,0,-0.1037607192993164,-0.05578213930130005,-0.014617919921875,-0.0012224987149238586,0.0020004436373710632,0.00040924549102783203,103445726272935,6.242,1442041,12017.008333333333,34,True,0.5241948962211609,1.1448520421981812,-5.217209815979004,0.725652277469635,0.018808908760547638,-0.6873680353164673,0.02449922263622284,1441164,0.5235210657119751,1.1527634859085083,-5.209558010101318,0.7171733245109677,0.09203942692836133,-0.688115643494409,-0.06072913369100718,0.005785399826070085,0.009387446919966319,-1.0559540274678503e-05,0.011027017834689836,-0.011316167239507957,0.0029735216217001707,0.11190093408306528,0.9936504835602458,12.920163708061017
103445832629908,7.416157992,12855452,0.0667654275894165,1.858600914478302,-1.647979736328125,-0.018557686358690262,-0.04418228939175606,0.08866918087005615,29.88577651977539,0,-0.1037607192993164,-0.05578213930130005,-0.014617919921875,-0.0012224987149238586,0.0020004436373710632,0.00040924549102783203,103445826951541,5.678,1442053,12017.108333333334,34,True,0.5241965651512146,1.142076849937439,-5.217143535614014,0.7253349423408508,0.023758890107274055,-0.6875515580177307,0.024448152631521225,1441164,0.5235210657119751,1.1527634859085083,-5.209558010101318,0.7171733245109677,0.09203942692836133,-0.688115643494409,-0.06072913369100718,0.00512246827585321,0.012081062291758529,9.454014938171452e-05,0.0131225258686854,-0.014649537273378607,0.0023276330499604763,0.10829773045877765,0.994007834355212,12.550950980898726
103445932969220,7.516497304,12955571,-0.04306948184967041,2.292743980884552,-1.571807861328125,-0.01971883699297905,-0.04459406062960625,0.08851480484008789,29.88577651977539,0,-0.1037607192993164,-0.05578213930130005,-0.014617919921875,-0.0012224987149238586,0.0020004436373710632,0.00040924549102783203,103445926490313,6.479,1442065,12017.208333333334,34,True,0.5243149995803833,1.1403230428695679,-5.217052459716797,0.7255609631538391,0.019559593871235847,-0.6874083280563354,0.02546529285609722,1441164,0.5235210657119751,1.1527634859085083,-5.209558010101318,0.7171733245109677,0.09203942692836133,-0.688115643494409,-0.06072913369100718,0.0046597546428666405,0.013778486468062186,4.154935839698493e-05,0.014545161705236322,-0.012516311540455016,0.002747285002193734,0.1120213760662118,0.993623170862461,12.947951727555875
103446033251782,7.616779866,13055855,0.06183040142059326,2.5642641186714172,-1.470367431640625,-0.019944965839385986,-0.05186894163489342,0.0901268720626831,29.88577651977539,0,-0.1037607192993164,-0.05578213930130005,-0.014617919921875,-0.0012224987149238586,0.0020004436373710632,0.00040924549102783203,103446025154854,8.097,1442077,12017.308333333332,34,True,0.5242357850074768,1.137487769126892,-5.216836452484131,0.7257521748542786,0.024564839899539948,-0.6869367957115173,0.028252454474568367,1441164,0.5235210657119751,1.1527634859085083,-5.209558010101318,0.7171733245109677,0.09203942692836133,-0.688115643494409,-0.06072913369100718,0.00383484786541578,0.016494796564708616,0.00022293165192045485,0.016936176380264675,-0.018014389037446003,0.002656538124993835,0.11033859803832266,0.9937272354000043,12.841755629835019
103446133402369,7.716930453,13156083,-0.08893829584121704,3.393686354160309,-1.4639892578125,-0.018801022320985794,-0.05459241196513176,0.09273576736450195,29.88577651977539,0,-0.1037607192993164,-0.05578213930130005,-0.014617919921875,-0.0012224987149238586,0.0020004436373710632,0.00040924549102783203,103446126577328,6.825,1442089,12017.408333333333,34,True,0.5245046615600586,1.1341382265090942,-5.216745853424072,0.7254707217216492,0.023368705064058304,-0.6874462366104126,0.023744069039821625,1441164,0.5235210657119751,1.1527634859085083,-5.209558010101318,0.7171733245109677,0.09203942692836133,-0.688115643494409,-0.06072913369100718,0.0030339925040825796,0.01975653950613198,8.29237487343447e-05,0.0199883175910402,-0.013894035424279933,0.002585097894267086,0.10809917876778989,0.9940396574575058,12.51754564546867
103446233500158,7.817028242,13256254,-0.24134761095046997,3.869679033756256,-1.2245635986328125,-0.02484600991010666,-0.06506768614053726,0.09511256217956543,29.88577651977539,0,-0.1037607192993164,-0.05578213930130005,-0.014617919921875,-0.0012224987149238586,0.0020004436373710632,0.00040924549102783203,103446225815484,7.685,1442101,12017.508333333333,34,True,0.5247679948806763,1.1324383020401,-5.2167510986328125,0.7248772382736206,0.024044077843427658,-0.6881565451622009,0.02038223296403885,1441164,0.5235210657119751,1.1527634859085083,-5.209558010101318,0.7171733245109677,0.09203942692836133,-0.688115643494409,-0.06072913369100718,0.0026821112174286324,0.021429001168813577,-0.00011243923959851902,0.021596491711809853,-0.01184633256585654,0.0019357049372845663,0.1052899988449421,0.994369113354979,12.166341917848063
103446334466832,7.917994916,13356428,-0.1348344087600708,4.173156559467316,-0.6744232177734375,-0.026487048715353012,-0.06776558607816696,0.08933937549591064,29.88577651977539,0,-0.1037607192993164,-0.05578213930130005,-0.014617919921875,-0.0012224987149238586,0.0020004436373710632,0.00040924549102783203,103446334231109,0.236,1442114,12017.616666666667,34,True,0.524580717086792,1.1300550699234009,-5.217626094818115,0.7250460982322693,0.0237256046384573,-0.6874393224716187,0.03424065187573433,1441164,0.5235210657119751,1.1527634859085083,-5.209558010101318,0.7171733245109677,0.09203942692836133,-0.688115643494409,-0.06072913369100718,0.0030153861301980608,0.023932256506467766,0.00020869494647871695,0.024122375682885076,-0.02164234205921207,0.0013100927638408646,0.11502657973250224,0.9931257617453011,13.444015892000746
103446434574452,8.018102536,13457265,-0.34396499395370483,4.669471561908722,-0.8287200927734375,-0.02528970316052437,-0.057074811309576035,0.09525167942047119,29.88577651977539,0,-0.1037607192993164,-0.05578213930130005,-0.014617919921875,-0.0012224987149238586,0.0020004436373710632,0.00040924549102783203,103446432825017,1.749,1442126,12017.716666666667,34,True,0.5247083306312561,1.12798273563385,-5.217544078826904,0.7256365418434143,0.021830208599567413,-0.6868898272514343,0.03402118757367134,1441164,0.5235210657119751,1.1527634859085083,-5.209558010101318,0.7171733245109677,0.09203942692836133,-0.688115643494409,-0.06072913369100718,0.0024931717425825924,0.02594284318073126,0.0001595563075637764,0.02606285624894766,-0.020267128479842078,0.0022457746588092076,0.11625586227871175,0.9930099568912674,13.556914462688413
103446534686498,8.118214582,13557430,-0.5097361207008362,4.9725616574287415,-0.6198577880859375,-0.026808954775333405,-0.05537350848317146,0.10328459739685059,29.88577651977539,0,-0.1037607192993164,-0.05578213930130005,-0.014617919921875,-0.0012224987149238586,0.0020004436373710632,0.00040924549102783203,103446533826091,0.860,1442138,12017.816666666666,34,True,0.5245359539985657,1.1267104148864746,-5.217411518096924,0.7266270518302917,0.02157559245824814,-0.6857467293739319,0.036041803658008575,1441164,0.5235210657119751,1.1527634859085083,-5.209558010101318,0.7171733245109677,0.09203942692836133,-0.688115643494409,-0.06072913369100718,0.0020832978511052293,0.02714753507958753,0.0003759054622837499,0.027229948508038535,-0.021706418580571835,0.003576645738850415,0.11785063373135334,0.9927876243823662,13.77108517944837
103446634894043,8.218422127,13657761,-0.6467374563217163,5.126922428607941,-0.3856201171875,-0.029728062450885773,-0.04485875740647316,0.10618233680725098,29.88577651977539,0,-0.1037607192993164,-0.05578213930130005,-0.014617919921875,-0.0012224987149238586,0.0020004436373710632,0.00040924549102783203,103446627323513,7.571,1442149,12017.908333333333,34,True,0.5246428847312927,1.1255147457122803,-5.217613220214844,0.7263506054878235,0.02286684140563011,-0.6859784126281738,0.036407019942998886,1441164,0.5235210657119751,1.1527634859085083,-5.209558010101318,0.7171733245109677,0.09203942692836133,-0.688115643494409,-0.06072913369100718,0.0020261984395497593,0.028362425624190644,0.0003256727843990868,0.028436573812023806,-0.022818758451029045,0.0031082309304367732,0.11716452252496616,0.9928454652284682,13.715687982620349
103446734994954,8.318523038,13757930,-0.4705110192298889,5.217528164386749,-0.53466796875,-0.02970348298549652,-0.042438115924596786,0.10369694232940674,29.88577651977539,0,-0.1037607192993164,-0.05578213930130005,-0.014617919921875,-0.0012224987149238586,0.0020004436373710632,0.00040924549102783203,103446733125929,1.869,1442162,12018.016666666666,34,True,0.5248018503189087,1.1266053915023804,-5.218015193939209,0.7256788611412048,0.025037875398993492,-0.686689019203186,0.034949660301208496,1441164,0.5235210657119751,1.1527634859085083,-5.209558010101318,0.7171733245109677,0.09203942692836133,-0.688115643494409,-0.06072913369100718,0.0026593187488956095,0.027391934527625957,0.00014218742266222212,0.0275210877444395,-0.023161302666327606,0.0021386545173915365,0.11458600784048605,0.9931409905057963,13.429099031072887
103446836668244,8.420196328,13858036,-0.08840841054916382,4.881917774677277,-0.2661590576171875,-0.02875560149550438,-0.03371650353074074,0.09050261974334717,29.88577651977539,0,-0.1037607192993164,-0.05578213930130005,-0.014617919921875,-0.0012224987149238586,0.0020004436373710632,0.00040924549102783203,103446836159407,0.509,1442174,12018.116666666667,34,True,0.5249264240264893,1.1298853158950806,-5.219340801239014,0.7265495657920837,0.020193753764033318,-0.6862626671791077,0.02759486995637417,1441164,0.5235210657119751,1.1527634859085083,-5.209558010101318,0.7171733245109677,0.09203942692836133,-0.688115643494409,-0.06072913369100718,0.0046644917639035175,0.024481188035529705,-5.144465727048412e-05,0.02492165118123693,-0.014645445710431458,0.004014678329195332,0.11305338398737023,0.9934728610520068,13.099827085013507
103446936992219,8.520520303,13959568,0.4445207118988037,4.2966373562812805,-0.08062744140625,-0.02561495453119278,-0.035674404352903366,0.0745697021484375,29.88577651977539,0,-0.1037607192993164,-0.05578213930130005,-0.014617919921875,-0.0012224987149238586,0.0020004436373710632,0.00040924549102783203,103446934654309,2.338,1442186,12018.216666666667,34,True,0.5250155925750732,1.1313930749893188,-5.220975875854492,0.7270718216896057,0.015619662590324879,-0.685880720615387,0.026271868497133255,1441164,0.5235210657119751,1.1527634859085083,-5.209558010101318,0.7171733245109677,0.09203942692836133,-0.688115643494409,-0.06072913369100718,0.006588304166149216,0.02336395144399497,-0.00012551053334378614,0.024275414141823284,-0.010615990938331788,0.005047521574492454,0.11544829518547274,0.9932439349933733,13.327827077090145
103447037240603,8.620768687,14059930,0.7803300619125366,3.8229454159736633,-0.0687255859375,-0.025767415761947632,-0.030981365591287613,0.06730413436889648,29.88577651977539,0,-0.1037607192993164,-0.05578213930130005,-0.014617919921875,-0.0012224987149238586,0.0020004436373710632,0.00040924549102783203,103447034974386,2.266,1442198,12018.316666666666,34,True,0.5249897837638855,1.1338251829147339,-5.221888542175293,0.7271773815155029,0.017268866300582886,-0.6857056617736816,0.02688361331820488,1441164,0.5235210657119751,1.1527634859085083,-5.209558010101318,0.7171733245109677,0.09203942692836133,-0.688115643494409,-0.06072913369100718,0.008002316754696768,0.02118484322741914,-0.0001543315084552414,0.022646378832549132,-0.012212082790999078,0.005089246712802199,0.11468555680315913,0.9933137408002325,13.258717310357907
103447137353780,8.720881864,14160404,1.1031897068023682,3.4106743931770325,-0.2075958251953125,-0.023717209696769714,-0.02930864319205284,0.060011863708496094,29.88577651977539,0,-0.1037607192993164,-0.05578213930130005,-0.014617919921875,-0.0012224987149238586,0.0020004436373710632,0.00040924549102783203,103447133743767,3.610,1442210,12018.416666666666,34,True,0.5247066020965576,1.1352218389511108,-5.2228217124938965,0.7261621952056885,0.019671281799674034,-0.6864008903503418,0.03399213030934334,1441164,0.5235210657119751,1.1527634859085083,-5.209558010101318,0.7171733245109677,0.09203942692836133,-0.688115643494409,-0.06072913369100718,0.009203821914435664,0.020007922506192845,0.0001156495117116622,0.022023639019381504,-0.018837620956964122,0.003091921442547774,0.1178028735332583,0.9928534972722723,13.707977657529506
103447237559014,8.821087098,14260231,1.3970580101013184,3.0234223008155823,-0.1318817138671875,-0.023438110947608948,-0.022330794483423233,0.0535358190536499,29.88577651977539,0,-0.1037607192993164,-0.05578213930130005,-0.014617919921875,-0.0012224987149238586,0.0020004436373710632,0.00040924549102783203,103447235945530,1.613,1442222,12018.516666666666,34,True,0.524840772151947,1.1359052658081055,-5.223583698272705,0.7275980114936829,0.015790076926350594,-0.6851083040237427,0.0312805213034153,1441164,0.5235210657119751,1.1527634859085083,-5.209558010101318,0.7171733245109677,0.09203942692836133,-0.688115643494409,-0.06072913369100718,0.010099560480255176,0.019510507565629585,-1.0552700389952893e-05,0.02196955026217667,-0.014428375251750841,0.005492214746900038,0.11877412878704678,0.9928012710989278,13.758035015741214
103447337758727,8.921286811,14360446,1.529299020767212,2.858694851398468,-0.3601226806640625,-0.020683493465185165,-0.017257828265428543,0.050196170806884766,30.01841163635254,0,-0.1037607192993164,-0.05578213930130005,-0.014617919921875,-0.0012224987149238586,0.0020004436373710632,0.00040924549102783203,103447336917850,0.841,1442234,12018.616666666667,34,True,0.52507084608078,1.1363524198532104,-5.225037574768066,0.7285528779029846,0.013684076257050037,-0.6843233108520508,0.026926979422569275,1441164,0.5235210657119751,1.1527634859085083,-5.209558010101318,0.7171733245109677,0.09203942692836133,-0.688115643494409,-0.06072913369100718,0.011622976561361034,0.019396173481410203,-0.00019157418408823957,0.022612868693178172,-0.009987198020202804,0.007240842641237366,0.11732897216979328,0.9930164844367539,13.550575635042414
103447437946070,9.021474154,14460673,1.9651868343353271,2.710316479206085,-0.070404052734375,-0.016407746821641922,-0.010242890566587448,0.038236260414123535,30.01841163635254,0,-0.1037607192993164,-0.05578213930130005,-0.014617919921875,-0.0012224987149238586,0.0020004436373710632,0.00040924549102783203,103447435512298,2.434,1442246,12018.716666666667,34,True,0.5253580212593079,1.1367850303649902,-5.226796627044678,0.7282478213310242,0.012695295736193657,-0.6846396327018738,0.027614908292889595,1441164,0.5235210657119751,1.1527634859085083,-5.209558010101318,0.7171733245109677,0.09203942692836133,-0.688115643494409,-0.06072913369100718,0.013443111559246199,0.01936403388516768,-0.00041509596321342773,0.023576585023258503,-0.009752526697261326,0.006800801839080051,0.11850260273700503,0.9928825562280367,13.680046512865752
103447538092387,9.121620471,14560674,2.420344829559326,2.576470911502838,-0.017791748046875,-0.012825686484575272,-0.006296377629041672,0.028353214263916016,30.01841163635254,0,-0.1037607192993164,-0.05578213930130005,-0.014617919921875,-0.0012224987149238586,0.0020004436373710632,0.00040924549102783203,103447537743523,0.349,1442258,12018.816666666666,34,True,0.5251916646957397,1.13716459274292,-5.228290557861328,0.728184700012207,0.017104772850871086,-0.6843845844268799,0.03274506703019142,1441164,0.5235210657119751,1.1527634859085083,-5.209558010101318,0.7171733245109677,0.09203942692836133,-0.688115643494409,-0.06072913369100718,0.014976749202900107,0.01930500757468181,-0.00019590914208211872,0.024434089189839723,-0.016485611167656348,0.006200320441644815,0.11884908972392504,0.9927561002193057,13.80118434467044
103447638197787,9.221725871,14660979,2.7578814029693604,2.33493834733963,0.098236083984375,-0.014323323965072632,0.0033217109739780426,0.020273447036743164,30.01841163635254,0,-0.1037607192993164,-0.05578213930130005,-0.014617919921875,-0.0012224987149238586,0.0020004436373710632,0.00040924549102783203,103447637482846,0.715,1442270,12018.916666666666,34,True,0.5252565741539001,1.137726068496704,-5.23028039932251,0.7298012971878052,0.016936812549829483,-0.6825903654098511,0.03425805643200874,1441164,0.5235210657119751,1.1527634859085083,-5.209558010101318,0.7171733245109677,0.09203942692836133,-0.688115643494409,-0.06072913369100718,0.01704186190309804,0.019185706966905972,-0.00019214072740216036,0.025662293876490765,-0.017718424282809533,0.008470437718032355,0.1200504884826136,0.9925735183556356,13.974243995022826
103447738408758,9.321936842,14761077,3.062471389770508,2.27062064409256,0.4292449951171875,-0.007538251578807831,0.008072160184383392,0.009833812713623047,30.01841163635254,0,-0.1037607192993164,-0.05578213930130005,-0.014617919921875,-0.0012224987149238586,0.0020004436373710632,0.00040924549102783203,103447735735426,2.673,1442282,12019.016666666666,34,True,0.5257066488265991,1.138471245765686,-5.232421398162842,0.7305528521537781,0.013118707574903965,-0.6822056174278259,0.02675609290599823,1441164,0.5235210657119751,1.1527634859085083,-5.209558010101318,0.7171733245109677,0.09203942692836133,-0.688115643494409,-0.06072913369100718,0.019307967182403817,0.01893814280477508,-0.0005732066747741074,0.027051421690972962,-0.009791971936461858,0.010185872298857925,0.11767232312431519,0.9929519573784191,13.613108130080851
103447838628114,9.422156198,14861297,3.5756068229675293,2.064746916294098,0.547119140625,-0.004827573895454407,0.012012770399451256,-0.0013104677200317383,30.01841163635254,0,-0.1037607192993164,-0.05578213930130005,-0.014617919921875,-0.0012224987149238586,0.0020004436373710632,0.00040924549102783203,103447836043307,2.585,1442294,12019.116666666667,34,True,0.5255669355392456,1.1385942697525024,-5.235265731811523,0.7322565913200378,0.012012002058327198,-0.6800185441970825,0.03508448228240013,1441164,0.5235210657119751,1.1527634859085083,-5.209558010101318,0.7171733245109677,0.09203942692836133,-0.688115643494409,-0.06072913369100718,0.022105003872510486,0.01941938805818319,-0.00030886339551919654,0.029425146139910728,-0.015308091534671543,0.012227420459092475,0.12422089875412604,0.9920611477299168,14.448881253149152
103447938754026,9.522282110,14961411,4.074366092681885,1.9846262335777283,0.491455078125,-0.0033323392271995544,0.01859297789633274,-0.011792778968811035,30.01841163635254,0,-0.1037607192993164,-0.05578213930130005,-0.014617919921875,-0.0012224987149238586,0.0020004436373710632,0.00040924549102783203,103447934959712,3.794,1442306,12019.216666666667,34,True,0.5259710550308228,1.1395936012268066,-5.238169193267822,0.7327575087547302,0.009062564931809902,-0.6794261336326599,0.03693826496601105,1441164,0.5235210657119751,1.1527634859085083,-5.209558010101318,0.7171733245109677,0.09203942692836133,-0.688115643494409,-0.06072913369100718,0.025168270778374913,0.01908461914053532,-0.0006193308212390951,0.031591899474058605,-0.014692967696138154,0.013005467167809317,0.12762190962741368,0.9916287726296972,14.837667194739232
103448038876673,9.622404757,15061913,4.7138142585754395,1.86014324426651,0.46014404296875,-7.252395153045654e-05,0.025916915386915207,-0.027179598808288574,30.01841163635254,0,-0.1037607192993164,-0.05578213930130005,-0.014617919921875,-0.0012224987149238586,0.0020004436373710632,0.00040924549102783203,103448035245135,3.632,1442318,12019.316666666666,34,True,0.5263041853904724,1.1393603086471558,-5.240593433380127,0.7330188155174255,0.005787908099591732,-0.6792510747909546,0.03560778126120567,1441164,0.5235210657119751,1.1527634859085083,-5.209558010101318,0.7171733245109677,0.09203942692836133,-0.688115643494409,-0.06072913369100718,0.02749559982963254,0.019846614830852188,-0.0008320358786738623,0.03392032449636783,-0.011517418835441417,0.01363214788201217,0.1290682977396287,0.9914751071641116,14.973423204959328
103448139173743,9.722701827,15161774,5.127617835998535,1.4709791541099548,0.3200225830078125,-0.0034081824123859406,0.033877018839120865,-0.03583264350891113,30.01841163635254,0,-0.1037607192993164,-0.05578213930130005,-0.014617919921875,-0.0012224987149238586,0.0020004436373710632,0.00040924549102783203,103448134731628,4.442,1442330,12019.416666666666,34,True,0.5262819528579712,1.1398842334747314,-5.241854190826416,0.7349982261657715,0.006867576390504837,-0.6771252155303955,0.03509834408760071,1441164,0.5235210657119751,1.1527634859085083,-5.209558010101318,0.7171733245109677,0.09203942692836133,-0.688115643494409,-0.06072913369100718,0.0288380223286253,0.019603871555131568,-0.0007730580428760092,0.034878946809128904,-0.012210871559851112,0.016500141931928836,0.12799651983571259,0.9915621669073105,14.89666117985082
103448239289242,9.822817326,15262023,5.43329381942749,1.436248004436493,0.23956298828125,-0.0023983195424079895,0.038238804787397385,-0.04207897186279297,30.01841163635254,0,-0.1037607192993164,-0.05578213930130005,-0.014617919921875,-0.0012224987149238586,0.0020004436373710632,0.00040924549102783203,103448238354176,0.935,1442342,12019.516666666666,34,True,0.5266064405441284,1.1392866373062134,-5.24332332611084,0.7347469329833984,0.008848877623677254,-0.677492618560791,0.03274707868695259,1441164,0.5235210657119751,1.1527634859085083,-5.209558010101318,0.7171733245109677,0.09203942692836133,-0.688115643494409,-0.06072913369100718,0.03015449028707728,0.020516716109162555,-0.0010062936696131417,0.03648618301942411,-0.011838894904846653,0.016159818163933196,0.1249568259999357,0.9919599248358587,14.54082642330395
103448339492906,9.923020990,15362198,5.925029754638672,1.35037761926651,0.393310546875,-0.0017437897622585297,0.035731323063373566,-0.055913567543029785,30.01841163635254,0,-0.1037607192993164,-0.05578213930130005,-0.014617919921875,-0.0012224987149238586,0.0020004436373710632,0.00040924549102783203,103448333538788,5.954,1442354,12019.616666666667,34,True,0.5265762805938721,1.139089584350586,-5.245107650756836,0.735380232334137,0.009814055636525154,-0.6765727400779724,0.0369994230568409,1441164,0.5235210657119751,1.1527634859085083,-5.209558010101318,0.7171733245109677,0.09203942692836133,-0.688115643494409,-0.06072913369100718,0.03185209466235647,0.02108895861535434,-0.0008869964300375472,0.03821108311114388,-0.015675841370684767,0.016805315452301354,0.12719315242304322,0.9916116938331043,14.852816430346744
103448439602332,10.023130416,15462388,6.169816493988037,1.350888192653656,0.3098907470703125,-0.00028157979249954224,0.03589672967791557,-0.06351578235626221,30.01841163635254,0,-0.1037607192993164,-0.05578213930130005,-0.014617919921875,-0.0012224987149238586,0.0020004436373710632,0.00040924549102783203,103448433626621,5.976,1442366,12019.716666666667,34,True,0.5268551707267761,1.1392101049423218,-5.246209621429443,0.734550416469574,0.009887655265629292,-0.6777847409248352,0.03075394593179226,1441164,0.5235210657119751,1.1527634859085083,-5.209558010101318,0.7171733245109677,0.09203942692836133,-0.688115643494409,-0.06072913369100718,0.03296345465529307,0.021220450965655096,-0.0011198762498219313,0.0392192682850184,-0.011085450997270747,0.01593545193734747,0.12283998574938179,0.9922366209976486,14.288096904498655
103448539726202,10.123254286,15562330,6.348268508911133,1.4589142203330994,0.1824188232421875,0.00227433443069458,0.03582141548395157,-0.06827247142791748,30.01841163635254,0,-0.1037607192993164,-0.05578213930130005,-0.014617919921875,-0.0012224987149238586,0.0020004436373710632,0.00040924549102783203,103448535672782,4.053,1442378,12019.816666666666,34,True,0.5268721580505371,1.139027714729309,-5.2467241287231445,0.735120415687561,0.009584566578269005,-0.6771284937858582,0.031671907752752304,1441164,0.5235210657119751,1.1527634859085083,-5.209558010101318,0.7171733245109677,0.09203942692836133,-0.688115643494409,-0.06072913369100718,0.03342681005279829,0.021509216929625805,-0.0011061464319815856,0.039764577241063984,-0.011630245075061798,0.01673223824365511,0.12370162854332852,0.9921102139876296,14.404102159651641
103448639847371,10.223375455,15662654,6.370847225189209,1.3101953864097595,0.5031280517578125,-0.001372743397951126,0.03449045121669769,-0.06974899768829346,30.01841163635254,0,-0.1037607192993164,-0.05578213930130005,-0.014617919921875,-0.0012224987149238586,0.0020004436373710632,0.00040924549102783203,103448638444881,1.402,1442390,12019.916666666666,34,True,0.5269244313240051,1.139345407485962,-5.246753692626953,0.7353923916816711,0.00923257414251566,-0.6769061088562012,0.030183350667357445,1441164,0.5235210657119751,1.1527634859085083,-5.209558010101318,0.7171733245109677,0.09203942692836133,-0.688115643494409,-0.06072913369100718,0.033526036121309506,0.02120810207552681,-0.0011695439013781703,0.03968811565935784,-0.010357464519017985,0.017237258747514028,0.12294128806869493,0.992210179109053,14.312440311391988
103448740076869,10.323604953,15762765,6.461381912231445,1.4002225995063782,0.526885986328125,0.002650722861289978,0.03339048847556114,-0.06975245475769043,30.01841163635254,0,-0.1037607192993164,-0.05578213930130005,-0.014617919921875,-0.0012224987149238586,0.0020004436373710632,0.00040924549102783203,103448728933497,11.143,1442401,12020.008333333333,34,True,0.5269114971160889,1.1394846439361572,-5.246476173400879,0.7351396083831787,0.009868520312011242,-0.6772127747535706,0.029244204983115196,1441164,0.5235210657119751,1.1527634859085083,-5.209558010101318,0.7171733245109677,0.09203942692836133,-0.688115643494409,-0.06072913369100718,0.03328478024506289,0.02101229869307323,-0.0011748013945504692,0.0393798609779884,-0.010077962790928029,0.016891201075143525,0.12183432897663474,0.992355540255123,14.178101323572788
103448840177170,10.423705254,15862934,6.504057884216309,1.2507275938987732,0.7032470703125,0.0016619041562080383,0.03922736272215843,-0.06854033470153809,30.01841163635254,0,-0.1037607192993164,-0.05578213930130005,-0.014617919921875,-0.0012224987149238586,0.0020004436373710632,0.00040924549102783203,103448837376046,2.801,1442414,12020.116666666667,34,True,0.5268282294273376,1.1392927169799805,-5.245954513549805,0.7349122762680054,0.010709797963500023,-0.6774294376373291,0.0296441949903965,1441164,0.5235210657119751,1.1527634859085083,-5.209558010101318,0.7171733245109677,0.09203942692836133,-0.688115643494409,-0.06072913369100718,0.03273135531766816,0.02108400744703812,-0.0011078897433754622,0.038950024526843104,-0.010909973089325587,0.016491479071325203,0.12149844991382037,0.9923946444201365,14.14174556968741
103448940389081,10.523917165,15963064,6.286549091339111,1.3307992815971375,0.547607421875,0.0003285035490989685,0.033775076270103455,-0.061781883239746094,30.01841163635254,0,-0.1037607192993164,-0.05578213930130005,-0.014617919921875,-0.0012224987149238586,0.0020004436373710632,0.00040924549102783203,103448934989732,5.399,1442426,12020.216666666667,34,True,0.5265784859657288,1.1391671895980835,-5.245273113250732,0.7354162335395813,0.01114740502089262,-0.6766164302825928,0.035055387765169144,1441164,0.5235210657119751,1.1527634859085083,-5.209558010101318,0.7171733245109677,0.09203942692836133,-0.688115643494409,-0.06072913369100718,0.03203036656071541,0.021048719049593094,-0.0008847198990199225,0.03833765361811049,-0.015197295225414006,0.016896710213427816,0.12490515908550494,0.9919083852027968,14.587420646779686
103449040507909,10.624035993,16063251,5.996095180511475,1.2818740010261536,0.5431976318359375,-0.0027656182646751404,0.03239349275827408,-0.056427836418151855,30.01841163635254,0,-0.1037607192993164,-0.05578213930130005,-0.014617919921875,-0.0012224987149238586,0.0020004436373710632,0.00040924549102783203,103449038092518,2.415,1442438,12020.316666666666,34,True,0.5265437364578247,1.1394301652908325,-5.243980884552002,0.7346712946891785,0.010990400798618793,-0.6774699091911316,0.03423188626766205,1441164,0.5235210657119751,1.1527634859085083,-5.209558010101318,0.7171733245109677,0.09203942692836133,-0.688115643494409,-0.06072913369100718,0.03082483044953202,0.02051421019833932,-0.0009193858140265796,0.037038470035614036,-0.014374871467290417,0.01585734295662633,0.12443435979654212,0.9919969747164956,14.50723965188328
103449140719350,10.724247434,16163390,5.767487525939941,1.4782434105873108,0.711273193359375,-0.0013929195702075958,0.0320403128862381,-0.049675703048706055,30.01841163635254,0,-0.1037607192993164,-0.05578213930130005,-0.014617919921875,-0.0012224987149238586,0.0020004436373710632,0.00040924549102783203,103449134563239,6.156,1442450,12020.416666666666,34,True,0.5264861583709717,1.1391388177871704,-5.24196720123291,0.7347126007080078,0.01156571228057146,-0.6777149438858032,0.027680570259690285,1441164,0.5235210657119751,1.1527634859085083,-5.209558010101318,0.7171733245109677,0.09203942692836133,-0.688115643494409,-0.06072913369100718,0.028794954723742987,0.020365210039850066,-0.0009422463517927242,0.03528142607232714,-0.010052278186957326,0.01627807406927878,0.11953237344975358,0.9926459528479004,13.905843658746365
103449240919124,10.824447208,16263596,5.152973175048828,1.4942296147346497,0.6888427734375,-0.004791155457496643,0.04629141464829445,-0.03365349769592285,30.01841163635254,0,-0.1037607192993164,-0.05578213930130005,-0.014617919921875,-0.0012224987149238586,0.0020004436373710632,0.00040924549102783203,103449239949054,0.970,1442462,12020.516666666666,34,True,0.5262057185173035,1.139642596244812,-5.239176273345947,0.7328559160232544,0.009856918826699257,-0.679409384727478,0.03504334017634392,1441164,0.5235210657119751,1.1527634859085083,-5.209558010101318,0.7171733245109677,0.09203942692836133,-0.688115643494409,-0.06072913369100718,0.026170019983659608,0.019263470207764404,-0.0008095637650090786,0.0325054860582054,-0.013888102601787683,0.013211361343185459,0.12575632691588498,0.9918759634037954,14.616655763971147
103449342111335,10.925639419,16363764,4.421720504760742,1.547993242740631,0.7299346923828125,-0.005825471132993698,0.058099932968616486,-0.015942096710205078,30.01841163635254,0,-0.1037607192993164,-0.05578213930130005,-0.014617919921875,-0.0012224987149238586,0.0020004436373710632,0.00040924549102783203,103449341832262,0.279,1442475,12020.625,34,True,0.5261083245277405,1.1407595872879028,-5.236673355102539,0.733028769493103,0.008575708605349064,-0.6795561909675598,0.028261110186576843,1441164,0.5235210657119751,1.1527634859085083,-5.209558010101318,0.7171733245109677,0.09203942692836133,-0.688115643494409,-0.06072913369100718,0.023964933912890226,0.017633865842669925,-0.0008707139612279249,0.0297662464010623,-0.008139433243176968,0.013927058825101759,0.12203304757934111,0.9923949425291628,14.141468055909922
103449442186061,11.025714145,16465188,3.7987866401672363,1.5782912373542786,0.65802001953125,-0.006056841462850571,0.05338992178440094,-0.005111217498779297,30.01841163635254,0,-0.1037607192993164,-0.05578213930130005,-0.014617919921875,-0.0012224987149238586,0.0020004436373710632,0.00040924549102783203,103449441719585,0.466,1442487,12020.725,34,True,0.5256187319755554,1.1412795782089233,-5.233642101287842,0.7307494878768921,0.010893925093114376,-0.6818729639053345,0.030591683462262154,1441164,0.5235210657119751,1.1527634859085083,-5.209558010101318,0.7171733245109677,0.09203942692836133,-0.688115643494409,-0.06072913369100718,0.021101440044847986,0.01645480116522606,-0.0005408648013013712,0.026764225901130145,-0.011054405663534812,0.010341833595296336,0.12190509697681563,0.9924263166222399,14.112231127806368
103449542410510,11.125938594,16565049,3.1517233848571777,1.4638440012931824,0.5654296875,-0.009130578488111496,0.044394351541996,0.016252756118774414,30.01841163635254,0,-0.1037607192993164,-0.05578213930130005,-0.014617919921875,-0.0012224987149238586,0.0020004436373710632,0.00040924549102783203,103449532578615,9.832,1442498,12020.816666666666,34,True,0.5253580808639526,1.141700029373169,-5.230819225311279,0.7306585907936096,0.008146649226546288,-0.6820504069328308,0.029649220407009125,1441164,0.5235210657119751,1.1527634859085083,-5.209558010101318,0.7171733245109677,0.09203942692836133,-0.688115643494409,-0.06072913369100718,0.01842807836461354,0.015428491098884634,-0.00042609574219025395,0.024037761280581285,-0.008466200641981196,0.010405611423017215,0.12322925022237789,0.9922875584160237,14.241085301058716
103449643841088,11.227369172,16665247,2.287020444869995,1.5481234192848206,0.5330963134765625,-0.009119056165218353,0.033488839864730835,0.03861057758331299,30.01841163635254,0,-0.1037607192993164,-0.05578213930130005,-0.014617919921875,-0.0012224987149238586,0.0020004436373710632,0.00040924549102783203,103449643605588,0.235,1442511,12020.925,34,True,0.5250254273414612,1.1423708200454712,-5.227795600891113,0.7282823324203491,0.007335644215345383,-0.6845523118972778,0.030644956976175308,1441164,0.5235210657119751,1.1527634859085083,-5.209558010101318,0.7171733245109677,0.09203942692836133,-0.688115643494409,-0.06072913369100718,0.01561019872259378,0.01411152685845961,-0.0002585169880766305,0.021044722033541324,-0.008247670066993656,0.006933777075935288,0.12442930652971469,0.9921699684784163,14.349381002832668
103449743986140,11.327514224,16766901,1.607621192932129,1.4588598608970642,0.412872314453125,-0.011635348200798035,0.01041649654507637,0.058826446533203125,30.01841163635254,0,-0.1037607192993164,-0.05578213930130005,-0.014617919921875,-0.0012224987149238586,0.0020004436373710632,0.00040924549102783203,103449733248254,10.738,1442522,12021.016666666666,34,True,0.5248215794563293,1.1427834033966064,-5.226344585418701,0.7287979125976562,0.006651167757809162,-0.6838573217391968,0.03389045596122742,1441164,0.5235210657119751,1.1527634859085083,-5.209558010101318,0.7171733245109677,0.09203942692836133,-0.688115643494409,-0.06072913369100718,0.014275873990963769,0.013388913107418628,-0.00013755517404824308,0.019572493296199887,-0.010199533248600507,0.00752983774912519,0.12715871553736455,0.9918013571919884,14.683709185237785
103449844158800,11.427686884,16867047,1.1868882179260254,1.5182531476020813,0.342559814453125,-0.009005960077047348,-0.0010007694363594055,0.06978499889373779,30.01841163635254,0,-0.1037607192993164,-0.05578213930130005,-0.014617919921875,-0.0012224987149238586,0.0020004436373710632,0.00040924549102783203,103449843972728,0.186,1442535,12021.125,34,True,0.52466881275177,1.143520712852478,-5.224035263061523,0.728278398513794,0.010571163147687912,-0.6843200922012329,0.034713272005319595,1441164,0.5235210657119751,1.1527634859085083,-5.209558010101318,0.7171733245109677,0.09203942692836133,-0.688115643494409,-0.06072913369100718,0.012175848917057069,0.012168460611768142,-0.00011958175133157422,0.017214442491884658,-0.013412901352279452,0.006526675469212264,0.12489387116246478,0.9920579708518487,14.451775794202891
103449944276356,11.527804440,16967127,0.6076138019561768,1.3192396759986877,0.126220703125,-0.00935015082359314,-0.001668192446231842,0.0801156759262085,30.01841163635254,0,-0.1037607192993164,-0.05578213930130005,-0.014617919921875,-0.0012224987149238586,0.0020004436373710632,0.00040924549102783203,103449943085560,1.191,1442547,12021.225,34,True,0.5246347784996033,1.1433875560760498,-5.2224016189575195,0.7280531525611877,0.00684568053111434,-0.6847200393676758,0.0324077382683754,1441164,0.5235210657119751,1.1527634859085083,-5.209558010101318,0.7171733245109677,0.09203942692836133,-0.688115643494409,-0.06072913369100718,0.010551775797064029,0.011947499707486445,-0.0001548648304364557,0.015940724727803345,-0.009145382234792325,0.006523294510299374,0.12598277879814726,0.9919688241365293,14.532765999132234
103450044379344,11.627907428,17067173,0.22741186618804932,1.4643507599830627,-0.0083465576171875,-0.007583793252706528,-0.009700845927000046,0.09239399433135986,30.01841163635254,0,-0.1037607192993164,-0.05578213930130005,-0.014617919921875,-0.0012224987149238586,0.0020004436373710632,0.00040924549102783203,103450043052711,1.327,1442559,12021.325,34,True,0.5244961380958557,1.1437294483184814,-5.220675945281982,0.7271528840065002,0.007264438550919294,-0.685684084892273,0.03214443847537041,1441164,0.5235210657119751,1.1527634859085083,-5.209558010101318,0.7171733245109677,0.09203942692836133,-0.688115643494409,-0.06072913369100718,0.008936545052270766,0.01123830172203134,-0.00010872417668076186,0.014358728495701582,-0.009101302011413143,0.005211221167476133,0.12547696348605292,0.9920410984984244,14.467139005808948
103450144501392,11.728029476,17167309,-0.25559306144714355,1.3844004273414612,-0.0537261962890625,-0.00813419371843338,-0.008716609328985214,0.1014336347579956,30.01841163635254,0,-0.1037607192993164,-0.05578213930130005,-0.014617919921875,-0.0012224987149238586,0.0020004436373710632,0.00040924549102783203,103450144320246,0.181,1442571,12021.425,34,True,0.5244306325912476,1.144195795059204,-5.218591690063477,0.7263049483299255,0.006677343510091305,-0.6867480278015137,0.028526900336146355,1441164,0.5235210657119751,1.1527634859085083,-5.209558010101318,0.7171733245109677,0.09203942692836133,-0.688115643494409,-0.06072913369100718,0.007000872409073191,0.010334562911674257,-0.00015686616060744507,0.01248358971032848,-0.005953491557416711,0.004233321630546406,0.12339529141836367,0.9923307094824917,14.201138813247814
103450244760964,11.828289048,17267426,-0.7343671917915344,1.4636884331703186,-0.33544921875,-0.004479892551898956,-0.014482475817203522,0.11680209636688232,30.01841163635254,0,-0.1037607192993164,-0.05578213930130005,-0.014617919921875,-0.0012224987149238586,0.0020004436373710632,0.00040924549102783203,103450241760564,3.000,1442583,12021.525,34,True,0.5244505405426025,1.1446682214736938,-5.216437339782715,0.7248935699462891,0.007257465738803148,-0.688250720500946,0.028063571080565453,1441164,0.5235210657119751,1.1527634859085083,-5.209558010101318,0.7171733245109677,0.09203942692836133,-0.688115643494409,-0.06072913369100718,0.005001189781488734,0.009414045114635613,-0.00029370383862389025,0.010664070826644221,-0.005796376966667147,0.00219185344825984,0.12262178164090623,0.9924341270128368,14.104943398065128
103450344986293,11.928514377,17367577,-1.373426914215088,1.3223348259925842,-0.5325775146484375,-0.006218943744897842,-0.017233766615390778,0.13267195224761963,30.01841163635254,0,-0.1037607192993164,-0.05578213930130005,-0.014617919921875,-0.0012224987149238586,0.0020004436373710632,0.00040924549102783203,103450341174724,3.812,1442595,12021.625,34,True,0.5241491198539734,1.1449960470199585,-5.213822364807129,0.7249175310134888,0.00548060517758131,-0.6881880164146423,0.02935631014406681,1441164,0.5235210657119751,1.1527634859085083,-5.209558010101318,0.7171733245109677,0.09203942692836133,-0.688115643494409,-0.06072913369100718,0.0025092622197853205,0.008520577165497664,-0.00012509128172442946,0.008883258408354765,-0.00550803569861246,0.0022422353430883173,0.1247840484204935,0.9921661026175007,14.352927507362525
103450445147497,12.028675581,17467974,-2.1295218467712402,1.3678260445594788,-0.7770538330078125,-0.007142949849367142,-0.024542298167943954,0.15354084968566895,30.01841163635254,0,-0.1037607192993164,-0.05578213930130005,-0.014617919921875,-0.0012224987149238586,0.0020004436373710632,0.00040924549102783203,103450442034118,3.113,1442607,12021.725,34,True,0.5239778757095337,1.1455304622650146,-5.211405277252197,0.7238107919692993,0.0092955082654953,-0.6893141269683838,0.0292844008654356,1441164,0.5235210657119751,1.1527634859085083,-5.209558010101318,0.7171733245109677,0.09203942692836133,-0.688115643494409,-0.06072913369100718,0.000259669125457418,0.007474152337816844,-8.55634519824921e-05,0.007479151176966807,-0.007910700866612323,0.00044799717366178493,0.12196514338959247,0.992502757632586,14.040743617456561
103450546066363,12.129594447,17567958,-2.802696466445923,1.3078704476356506,-0.88812255859375,-0.007458522915840149,-0.024046387523412704,0.16813480854034424,30.01841163635254,0,-0.1037607192993164,-0.05578213930130005,-0.014617919921875,-0.0012224987149238586,0.0020004436373710632,0.00040924549102783203,103450545732284,0.334,1442619,12021.825,34,True,0.5238522887229919,1.1461116075515747,-5.208619594573975,0.722615122795105,0.01132884994149208,-0.6908476948738098,0.020701924338936806,1441164,0.5235210657119751,1.1527634859085083,-5.209558010101318,0.7171733245109677,0.09203942692836133,-0.688115643494409,-0.06072913369100718,-0.002337884808429886,0.006305549352436143,-0.00011027260282318963,0.0067259064861495445,-0.002940991141237358,-0.0008081523110213264,0.11458422906151468,0.9934088543552084,13.163970802880128
103450646191358,12.229719442,17668980,-3.655644416809082,1.2068254351615906,-1.2200775146484375,-0.012468833476305008,-0.02912687137722969,0.18632209300994873,30.01841163635254,0,-0.1037607192993164,-0.05578213930130005,-0.014617919921875,-0.0012224987149238586,0.0020004436373710632,0.00040924549102783203,103450642894600,3.297,1442631,12021.925,34,True,0.5237979888916016,1.1463898420333862,-5.205165863037109,0.7206507921218872,0.011575023643672466,-0.6928427815437317,0.022301385179162025,1441164,0.5235210657119751,1.1527634859085083,-5.209558010101318,0.7171733245109677,0.09203942692836133,-0.688115643494409,-0.06072913369100718,-0.005650068151099377,0.005293132312067496,-0.00022463023575334363,0.007745384337005823,-0.003954559093966485,-0.0037528252853256676,0.11544866066941196,0.9932984871197525,13.273849479487861
103450746278504,12.329806588,17769139,-4.764808654785156,1.1653152108192444,-1.3027801513671875,-0.01228421926498413,-0.0645546242594719,0.22099041938781738,30.01841163635254,0,-0.1037607192993164,-0.05578213930130005,-0.014617919921875,-0.0012224987149238586,0.0020004436373710632,0.00040924549102783203,103450745775274,0.503,1442643,12022.025,34,True,0.523495614528656,1.1477046012878418,-5.20296573638916,0.7203646898269653,0.014101255685091019,-0.6931570768356323,0.02023020014166832,1441164,0.5235210657119751,1.1527634859085083,-5.209558010101318,0.7171733245109677,0.09203942692836133,-0.688115643494409,-0.06072913369100718,-0.007524437103752883,0.0035253691299253504,-7.518532700489841e-05,0.008309695184780277,-0.0041611976904386,-0.004137885920443619,0.11220444772341266,0.9936678138316519,12.902500936423555
103450846563763,12.430091847,17869201,-5.506191730499268,0.9671792984008789,-1.50201416015625,-0.013428393751382828,-0.07099861651659012,0.23360228538513184,30.01841163635254,0,-0.1037607192993164,-0.05578213930130005,-0.014617919921875,-0.0012224987149238586,0.0020004436373710632,0.00040924549102783203,103450844365893,2.198,1442655,12022.125,34,True,0.5235553979873657,1.1484622955322266,-5.201261520385742,0.7185781002044678,0.01513231173157692,-0.6949471235275269,0.021567905321717262,1441164,0.5235210657119751,1.1527634859085083,-5.209558010101318,0.7171733245109677,0.09203942692836133,-0.688115643494409,-0.06072913369100718,-0.009021931333723766,0.0024246794228683006,-0.0002425771314565873,0.009345221182979745,-0.005556796884514778,-0.006836776424876123,0.11232976751962856,0.993631925727775,12.93905097283291
103450946776143,12.530304227,17969461,-5.99706506729126,0.885518491268158,-1.4736480712890625,-0.019181158393621445,-0.09497224539518356,0.2501373291015625,30.01841163635254,0,-0.1037607192993164,-0.05578213930130005,-0.014617919921875,-0.0012224987149238586,0.0020004436373710632,0.00040924549102783203,103450946616465,0.160,1442667,12022.225,34,True,0.5232062339782715,1.1486146450042725,-5.1989665031433105,0.717417299747467,0.01315548550337553,-0.6959912180900574,0.027121560648083687,1441164,0.5235210657119751,1.1527634859085083,-5.209558010101318,0.7171733245109677,0.09203942692836133,-0.688115643494409,-0.06072913369100718,-0.011241191320536798,0.00176850627556192,-4.770652102852643e-06,0.011379456028771112,-0.008012853423005535,-0.008775442960395176,0.11752562754746278,0.9929987475573397,13.567792846531992
103451047051080,12.630579164,18069675,-6.796999454498291,1.1403345465660095,-1.6564788818359375,-0.018802881240844727,-0.10384798794984818,0.2747608423233032,30.01841163635254,0,-0.1037607192993164,-0.05578213930130005,-0.014617919921875,-0.0012224987149238586,0.0020004436373710632,0.00040924549102783203,103451045476899,1.574,1442679,12022.325,34,True,0.5230984091758728,1.1484079360961914,-5.198587894439697,0.7172130942344666,0.011572162620723248,-0.69617760181427,0.028428448364138603,1441164,0.5235210657119751,1.1527634859085083,-5.209558010101318,0.7171733245109677,0.09203942692836133,-0.688115643494409,-0.06072913369100718,-0.011659096657078665,0.0018840286208957812,9.376375083591684e-05,0.01181071083146261,-0.00783105345325366,-0.00907376093598339,0.11955296047999106,0.9927554739737066,13.801781620132385
103451147194857,12.730722941,18169951,-6.830991744995117,0.984336793422699,-1.5729522705078125,-0.023404717445373535,-0.10590901225805283,0.2745760679244995,30.01841163635254,0,-0.1037607192993164,-0.05578213930130005,-0.014617919921875,-0.0012224987149238586,0.0020004436373710632,0.00040924549102783203,103451144276870,2.918,1442691,12022.425,34,True,0.5234066843986511,1.1486225128173828,-5.197946548461914,0.7172775268554688,0.00815377477556467,-0.696448564529419,0.020146546885371208,1441164,0.5235210657119751,1.1527634859085083,-5.209558010101318,0.7171733245109677,0.09203942692836133,-0.688115643494409,-0.06072913369100718,-0.012227558132499795,0.0015524994725097311,-0.00025169452480301453,0.012328291959132891,0.00048177795356353214,-0.00825389364006507,0.11632801359649518,0.9931764366830678,13.394314787037976
103451247399953,12.830928037,18270155,-6.859221458435059,1.0713353753089905,-1.985809326171875,-0.027838636189699173,-0.10840772837400436,0.2776052951812744,30.01841163635254,0,-0.1037607192993164,-0.05578213930130005,-0.014617919921875,-0.0012224987149238586,0.0020004436373710632,0.00040924549102783203,103451244944051,2.456,1442703,12022.525,34,True,0.5231825709342957,1.1482675075531006,-5.197372913360596,0.717568039894104,0.010817638598382473,-0.69607013463974,0.02157379686832428,1441164,0.5235210657119751,1.1527634859085083,-5.209558010101318,0.7171733245109677,0.09203942692836133,-0.688115643494409,-0.06072913369100718,-0.012871937743502215,0.001765387293840872,-4.011356041520018e-05,0.01299249716827296,-0.00242732713180526,-0.00807572485476943,0.11540343420343431,0.9932829094095594,13.289285393092602
103451347645213,12.931173297,18370263,-7.025323867797852,1.1138866543769836,-1.858917236328125,-0.02855655550956726,-0.1063631996512413,0.28059887886047363,30.01841163635254,0,-0.1037607192993164,-0.05578213930130005,-0.014617919921875,-0.0012224987149238586,0.0020004436373710632,0.00040924549102783203,103451343239474,4.406,1442715,12022.625,34,True,0.5229174494743347,1.148313045501709,-5.197093486785889,0.7179362177848816,0.01612064614892006,-0.6954415440559387,0.025861423462629318,1441164,0.5235210657119751,1.1527634859085083,-5.209558010101318,0.7171733245109677,0.09203942692836133,-0.688115643494409,-0.06072913369100718,-0.013144347313279393,0.001648380331778043,0.00020997582574587765,0.013248966520363222,-0.009231595017984663,-0.00808824496314614,0.11454635078314176,0.993342081797155,13.230556333501273
103451447820423,13.031348507,18470552,-6.965708255767822,1.0156184434890747,-1.7904205322265625,-0.025983497500419617,-0.10567793995141983,0.2788839340209961,30.01841163635254,0,-0.1037607192993164,-0.05578213930130005,-0.014617919921875,-0.0012224987149238586,0.0020004436373710632,0.00040924549102783203,103451442489415,5.331,1442727,12022.725,34,True,0.522940993309021,1.1478772163391113,-5.196749687194824,0.7174137234687805,0.01761377975344658,-0.6959747672080994,0.025028761476278305,1441164,0.5235210657119751,1.1527634859085083,-5.209558010101318,0.7171733245109677,0.09203942692836133,-0.688115643494409,-0.06072913369100718,-0.013572946214300156,0.0020012557241560055,0.0001880334139302514,0.013720978462722926,-0.009581072605239582,-0.008844233996203156,0.11288684134746094,0.9935222914576939,13.050076052818076
103451548122331,13.131650415,18570403,-7.183854579925537,0.9634202718734741,-1.7734222412109375,-0.029953863471746445,-0.10724154859781265,0.283128023147583,30.01841163635254,0,-0.1037607192993164,-0.05578213930130005,-0.014617919921875,-0.0012224987149238586,0.0020004436373710632,0.00040924549102783203,103451541565766,6.557,1442739,12022.825,34,True,0.5229676365852356,1.1479014158248901,-5.19639778137207,0.7168824672698975,0.015815051272511482,-0.696502685546875,0.026709288358688354,1441164,0.5235210657119751,1.1527634859085083,-5.209558010101318,0.7171733245109677,0.09203942692836133,-0.688115643494409,-0.06072913369100718,-0.013910164264760227,0.0019037069371803904,0.00014442827695070027,0.01404057083962273,-0.009467716641283416,-0.009633848376071952,0.11531640444750116,0.9932369697974233,13.334703258399841
103451648336815,13.231864899,18671020,-7.289660453796387,1.0571539998054504,-1.66937255859375,-0.027318451553583145,-0.11686816066503525,0.2890315055847168,30.01841163635254,0,-0.1037607192993164,-0.05578213930130005,-0.014617919921875,-0.0012224987149238586,0.0020004436373710632,0.00040924549102783203,103451641630165,6.707,1442751,12022.925,34,True,0.5230583548545837,1.149095058441162,-5.1965742111206055,0.7171120643615723,0.009427378885447979,-0.6966029405593872,0.020143523812294006,1441164,0.5235210657119751,1.1527634859085083,-5.209558010101318,0.7171733245109677,0.09203942692836133,-0.688115643494409,-0.06072913369100718,-0.013477388619164522,0.0007812024345129169,1.4702265631570677e-05,0.01350001842192406,-0.0003681838091766313,-0.008555532031469859,0.11540668536261173,0.9932814124335341,13.29076780292051
103451748538187,13.332066271,18771260,-7.215753555297852,1.03714257478714,-1.4966278076171875,-0.02670559287071228,-0.11776571720838547,0.2883789539337158,30.01841163635254,0,-0.1037607192993164,-0.05578213930130005,-0.014617919921875,-0.0012224987149238586,0.0020004436373710632,0.00040924549102783203,103451742673796,5.864,1442763,12023.025,34,True,0.5231466889381409,1.1491254568099976,-5.196680068969727,0.7169309258460999,0.010987072251737118,-0.6966894865036011,0.022652391344308853,1441164,0.5235210657119751,1.1527634859085083,-5.209558010101318,0.7171733245109677,0.09203942692836133,-0.688115643494409,-0.06072913369100718,-0.013364352436380773,0.0007784518084972057,-6.984423520955583e-05,0.013387187213120658,-0.0032217599954263588,-0.009067878125853081,0.11600308794367577,0.9932022339062465,13.368942667096086
103451848658658,13.432186742,18871458,-7.135375022888184,0.9936798810958862,-1.53662109375,-0.02494092658162117,-0.11628372222185135,0.28523921966552734,30.01841163635254,0,-0.1037607192993164,-0.05578213930130005,-0.014617919921875,-0.0012224987149238586,0.0020004436373710632,0.00040924549102783203,103451841472389,7.186,1442775,12023.125,34,True,0.5230724811553955,1.1495275497436523,-5.1968674659729,0.7168667316436768,0.010592627339065075,-0.6968138217926025,0.020986996591091156,1441164,0.5235210657119751,1.1527634859085083,-5.209558010101318,0.7171733245109677,0.09203942692836133,-0.688115643494409,-0.06072913369100718,-0.01309747372252463,0.0004226032785978398,-3.1304062639970045e-06,0.01310429018462077,-0.0017406173837663669,-0.00902398469631144,0.11514162972096462,0.993306570529222,13.265832603028818
103451948859175,13.532387259,18971665,-6.875393390655518,0.8755461573600769,-1.234130859375,-0.024242840707302094,-0.12158065289258957,0.27977991104125977,30.01841163635254,0,-0.1037607192993164,-0.05578213930130005,-0.014617919921875,-0.0012224987149238586,0.0020004436373710632,0.00040924549102783203,103451941114480,7.745,1442787,12023.225,34,True,0.5231227278709412,1.1495907306671143,-5.196931838989258,0.7169191241264343,0.00788477249443531,-0.6967509984970093,0.022426526993513107,1441164,0.5235210657119751,1.1527634859085083,-5.209558010101318,0.7171733245109677,0.09203942692836133,-0.688115643494409,-0.06072913369100718,-0.013019224543059704,0.0003771540189009483,-5.284838544305766e-05,0.013024793503485005,-0.0009186568938734098,-0.008910925152359363,0.11807519933389733,0.9929642484927143,13.601219001994975
103452049103496,13.632631580,19071911,-6.988701343536377,0.8884679675102234,-1.4111480712890625,-0.0287042073905468,-0.1251438781619072,0.2837167978286743,30.01841163635254,0,-0.1037607192993164,-0.05578213930130005,-0.014617919921875,-0.0012224987149238586,0.0020004436373710632,0.00040924549102783203,103452043634210,5.469,1442799,12023.325,34,True,0.5229632258415222,1.1495542526245117,-5.198183059692383,0.7177311182022095,0.007997571490705013,-0.6955462694168091,0.031835395842790604,1441164,0.5235210657119751,1.1527634859085083,-5.209558010101318,0.7171733245109677,0.09203942692836133,-0.688115643494409,-0.06072913369100718,-0.011811876267289977,0.0006724974967211783,0.0001648834772101,0.011832153666933224,-0.007904259621750018,-0.008361017206370003,0.12447027062832572,0.9921566246318261,14.361618836164196
103452149223359,13.732751443,19172060,-6.697491645812988,0.8296970725059509,-1.4987640380859375,-0.03298138827085495,-0.12838149815797806,0.2760789394378662,30.01841163635254,0,-0.1037607192993164,-0.05578213930130005,-0.014617919921875,-0.0012224987149238586,0.0020004436373710632,0.00040924549102783203,103452145843290,3.380,1442811,12023.425,34,True,0.5231730937957764,1.149466633796692,-5.198547840118408,0.7163380980491638,0.005849583074450493,-0.697017252445221,0.03150520473718643,1441164,0.5235210657119751,1.1527634859085083,-5.209558010101318,0.7171733245109677,0.09203942692836133,-0.688115643494409,-0.06072913369100718,-0.011467241254148837,0.0008461320092461293,-2.449482196917606e-05,0.01149844169243064,-0.0059694053447363095,-0.010213689386016913,0.12574465390794617,0.9919921011593424,14.511662086523007
103452249409890,13.832937974,19272201,-6.570858955383301,0.8628444075584412,-1.4270477294921875,-0.033245038241147995,-0.10981477051973343,0.27312612533569336,30.01841163635254,0,-0.1037607192993164,-0.05578213930130005,-0.014617919921875,-0.0012224987149238586,0.0020004436373710632,0.00040924549102783203,103452243147516,6.262,1442823,12023.525,34,True,0.5231021046638489,1.1495060920715332,-5.198687553405762,0.7168113589286804,0.008263498544692993,-0.6965371966362,0.03080855682492256,1441164,0.5235210657119751,1.1527634859085083,-5.209558010101318,0.7171733245109677,0.09203942692836133,-0.688115643494409,-0.06072913369100718,-0.011324958880404336,0.0008340617445897628,5.117716625072186e-05,0.011355746199126793,-0.0072037660195514415,-0.009626224258577789,0.12354849374141952,0.9922656958979714,14.261281730530245
103452349675499,13.933203583,19372291,-6.591489315032959,0.830112636089325,-1.573699951171875,-0.032200779765844345,-0.10004646331071854,0.26719629764556885,30.01841163635254,0,-0.1037607192993164,-0.05578213930130005,-0.014617919921875,-0.0012224987149238586,0.0020004436373710632,0.00040924549102783203,103452344163834,5.512,1442835,12023.625,34,True,0.5231832265853882,1.1493839025497437,-5.198361873626709,0.7167824506759644,0.008714538998901844,-0.6966561675071716,0.02858790010213852,1441164,0.5235210657119751,1.1527634859085083,-5.209558010101318,0.7171733245109677,0.09203942692836133,-0.688115643494409,-0.06072913369100718,-0.011666181638636308,0.0008875873419730137,-3.98195565614591e-05,0.011699965423554483,-0.005908832498337188,-0.00955444222765939,0.1217015112901967,0.9925031690034581,14.040357924365253
103452449739713,14.033267797,19472607,-6.541845321655273,0.8922078013420105,-1.6183013916015625,-0.032283395528793335,-0.10347896069288254,0.26763665676116943,30.01841163635254,0,-0.1037607192993164,-0.05578213930130005,-0.014617919921875,-0.0012224987149238586,0.0020004436373710632,0.00040924549102783203,103452443416285,6.323,1442847,12023.725,34,True,0.523120641708374,1.1491920948028564,-5.198354721069336,0.7168849110603333,0.009168676100671291,-0.6965329051017761,0.028878575190901756,1441164,0.5235210657119751,1.1527634859085083,-5.209558010101318,0.7171733245109677,0.09203942692836133,-0.688115643494409,-0.06072913369100718,-0.01171677004594519,0.001070170011473684,2.9912928822032085e-05,0.011765579413965414,-0.006447363090932639,-0.00944987009116033,0.12157777963343744,0.9925159822208593,14.028339225834438
103452549865862,14.133393946,19572325,-6.477653503417969,0.8743006587028503,-1.7882537841796875,-0.0333770290017128,-0.10003990679979324,0.2675631046295166,30.01841163635254,0,-0.1037607192993164,-0.05578213930130005,-0.014617919921875,-0.0012224987149238586,0.0020004436373710632,0.00040924549102783203,103452544433539,5.432,1442859,12023.825,34,True,0.5231150388717651,1.149134635925293,-5.198252201080322,0.7168282866477966,0.009224706329405308,-0.6965847015380859,0.029014742001891136,1441164,0.5235210657119751,1.1527634859085083,-5.209558010101318,0.7171733245109677,0.09203942692836133,-0.688115643494409,-0.06072913369100718,-0.011829400602423672,0.0011040440496286877,3.310194476818611e-05,0.011880855508543545,-0.006575367864728683,-0.009541917164670734,0.12162923537716273,0.9925079573765808,14.035867665844874
103452649992138,14.233520222,19672765,-6.603317737579346,0.8705031275749207,-1.6218719482421875,-0.03378286212682724,-0.10837709158658981,0.26723945140838623,30.01841163635254,0,-0.1037607192993164,-0.05578213930130005,-0.014617919921875,-0.0012224987149238586,0.0020004436373710632,0.00040924549102783203,103452643695457,6.297,1442871,12023.925,34,True,0.5230633020401001,1.1494214534759521,-5.1983137130737305,0.7171624898910522,0.010470233857631683,-0.6962715983390808,0.027825111523270607,1441164,0.5235210657119751,1.1527634859085083,-5.209558010101318,0.7171733245109677,0.09203942692836133,-0.688115643494409,-0.06072913369100718,-0.011709405224052507,0.00083484508012526,7.620364354876989e-05,0.011739375792782492,-0.006628377147095138,-0.009053544099633937,0.11992911537195956,0.9927190464787765,13.836479825461536
103452750181345,14.333709429,19772897,-6.393580436706543,0.8167610764503479,-1.512603759765625,-0.03169718384742737,-0.1134154424071312,0.26290953159332275,30.01841163635254,0,-0.1037607192993164,-0.05578213930130005,-0.014617919921875,-0.0012224987149238586,0.0020004436373710632,0.00040924549102783203,103452742796672,7.385,1442883,12024.025,34,True,0.5229189991950989,1.1496227979660034,-5.198557376861572,0.7174922227859497,0.013835527934134007,-0.695796012878418,0.029689351096749306,1441164,0.5235210657119751,1.1527634859085083,-5.209558010101318,0.7171733245109677,0.09203942692836133,-0.688115643494409,-0.06072913369100718,-0.01143342752874377,0.00068349612192246,0.00022339318393079129,0.011456017480710548,-0.010344868357613808,-0.008861527370384205,0.11879989386308852,0.9928247792281609,13.735525585422867
103452850296277,14.433824361,19873007,-6.191162586212158,0.7428971529006958,-1.2275390625,-0.02649582177400589,-0.11411642283201218,0.25814151763916016,30.01841163635254,0,-0.1037607192993164,-0.05578213930130005,-0.014617919921875,-0.0012224987149238586,0.0020004436373710632,0.00040924549102783203,103452849379277,0.917,1442896,12024.133333333333,34,True,0.5230104327201843,1.1498796939849854,-5.198973178863525,0.717409074306488,0.014473086223006248,-0.6960477232933044,0.02514861524105072,1441164,0.5235210657119751,1.1527634859085083,-5.209558010101318,0.7171733245109677,0.09203942692836133,-0.688115643494409,-0.06072913369100718,-0.010968999220413214,0.0005261641318765136,0.00014093137315790552,0.010982515843058876,-0.007498870546764787,-0.008720054447118987,0.11522573167315396,0.9932727512377194,13.299341492569246
103452950553464,14.534081548,19973167,-6.043447494506836,0.5872080326080322,-1.0526275634765625,-0.026273764669895172,-0.11310575157403946,0.25164079666137695,30.01841163635254,0,-0.1037607192993164,-0.05578213930130005,-0.014617919921875,-0.0012224987149238586,0.0020004436373710632,0.00040924549102783203,103452942161053,8.392,1442907,12024.225,34,True,0.5230976343154907,1.1498692035675049,-5.199589729309082,0.7176790237426758,0.015158473514020443,-0.6958245635032654,0.023135369643568993,1441164,0.5235210657119751,1.1527634859085083,-5.209558010101318,0.7171733245109677,0.09203942692836133,-0.688115643494409,-0.06072913369100718,-0.010366476502220716,0.0006724259638432673,8.242949651586474e-05,0.010388589238671468,-0.006563583935160906,-0.008230579248146633,0.11336014429099532,0.9934981905456551,13.074356840554504
103453050807467,14.634335551,20073405,-5.840170860290527,0.5651646256446838,-1.026580810546875,-0.026136454194784164,-0.10431069880723953,0.24412238597869873,30.01841163635254,0,-0.1037607192993164,-0.05578213930130005,-0.014617919921875,-0.0012224987149238586,0.0020004436373710632,0.00040924549102783203,103453050058344,0.749,1442920,12024.333333333334,34,True,0.523219108581543,1.1508257389068604,-5.200200080871582,0.7182470560073853,0.010944227688014507,-0.6954078674316406,0.02023330330848694,1441164,0.5235210657119751,1.1527634859085083,-5.209558010101318,0.7171733245109677,0.09203942692836133,-0.688115643494409,-0.06072913369100718,-0.009560282455063447,-0.0001244863032200433,-4.8821711201256306e-05,0.00956121754902418,-0.001655259483937172,-0.007017831807650145,0.11441250353039628,0.9934071618368108,13.165662721987854
103453150956817,14.734484901,20173673,-5.588903427124023,0.34496796131134033,-0.9795684814453125,-0.02861575037240982,-0.10210884362459183,0.23768925666809082,30.01841163635254,0,-0.1037607192993164,-0.05578213930130005,-0.014617919921875,-0.0012224987149238586,0.0020004436373710632,0.00040924549102783203,103453142272015,8.685,1442931,12024.425,34,True,0.5232589840888977,1.1515272855758667,-5.201019287109375,0.7181238532066345,0.00967448577284813,-0.695547878742218,0.020441193133592606,1441164,0.5235210657119751,1.1527634859085083,-5.209558010101318,0.7171733245109677,0.09203942692836133,-0.688115643494409,-0.06072913369100718,-0.008608200082546076,-0.0006319156958517287,-7.900800535512356e-05,0.00863172453063235,-0.0009102546950563677,-0.007145045472538637,0.11546334053738859,0.9932856269742015,13.286593850715922
103453251020907,14.834548991,20273725,-5.213043689727783,0.20474910736083984,-0.7568511962890625,-0.024236351251602173,-0.10141710191965103,0.2282034158706665,30.01841163635254,0,-0.1037607192993164,-0.05578213930130005,-0.014617919921875,-0.0012224987149238586,0.0020004436373710632,0.00040924549102783203,103453246743530,4.277,1442943,12024.525,34,True,0.522953987121582,1.1523079872131348,-5.201969146728516,0.7184329628944397,0.014000431634485722,-0.6950205564498901,0.02458503097295761,1441164,0.5235210657119751,1.1527634859085083,-5.209558010101318,0.7171733245109677,0.09203942692836133,-0.688115643494409,-0.06072913369100718,-0.007523991616228032,-0.0012053501190154728,0.00023787755202152425,0.0076236411563134375,-0.006926162387861708,-0.007198268994276448,0.1152087667134279,0.9932910717762613,13.281199551926873
103453351310331,14.934838415,20373629,-4.724039077758789,0.031285881996154785,-0.4044036865234375,-0.02213369682431221,-0.0954105481505394,0.21367216110229492,30.01841163635254,0,-0.1037607192993164,-0.05578213930130005,-0.014617919921875,-0.0012224987149238586,0.0020004436373710632,0.00040924549102783203,103453342750851,8.559,1442955,12024.625,34,True,0.5233575701713562,1.1516703367233276,-5.202610969543457,0.7194953560829163,0.01098435465246439,-0.6941951513290405,0.01728767901659012,1441164,0.5235210657119751,1.1527634859085083,-5.209558010101318,0.7171733245109677,0.09203942692836133,-0.688115643494409,-0.06072913369100718,-0.007020613554529023,-0.0004264520335699742,-0.00011046459369886834,0.0070344209744252345,0.00024222573224743938,-0.005020453019044969,0.11239804688740926,0.9936505499591263,12.920096081129891
103453451390379,15.034918463,20474158,-4.139129638671875,0.11947226524353027,-0.52984619140625,-0.018557198345661163,-0.09977240115404129,0.19888663291931152,30.01841163635254,0,-0.1037607192993164,-0.05578213930130005,-0.014617919921875,-0.0012224987149238586,0.0020004436373710632,0.00040924549102783203,103453450079252,1.311,1442968,12024.733333333334,34,True,0.5233381390571594,1.151000738143921,-5.20488166809082,0.7198702692985535,0.02161872200667858,-0.6936076879501343,0.015092478133738041,1441164,0.5235210657119751,1.1527634859085083,-5.209558010101318,0.7171733245109677,0.09203942692836133,-0.688115643494409,-0.06072913369100718,-0.004949888163111593,0.0007113383352719646,3.900496390342402e-05,0.005000891564686127,-0.005577947287572319,-0.00478492722442836,0.10325964158755432,0.9946272856677137,11.88390407489391
103453551705762,15.135233846,20574157,-3.0819506645202637,0.12053167819976807,0.0617828369140625,-0.015954110771417618,-0.07957472652196884,0.15642929077148438,30.01841163635254,0,-0.1037607192993164,-0.05578213930130005,-0.014617919921875,-0.0012224987149238586,0.0020004436373710632,0.00040924549102783203,103453545071006,6.635,1442979,12024.825,34,True,0.5234810709953308,1.1505522727966309,-5.206914901733398,0.721347451210022,0.019951358437538147,-0.6921916007995605,0.011426967568695545,1441164,0.5235210657119751,1.1527634859085083,-5.209558010101318,0.7171733245109677,0.09203942692836133,-0.688115643494409,-0.06072913369100718,-0.0030573568286190725,0.0015904739746223167,6.826903537340899e-06,0.0034463146762979276,-0.0020218457203732697,-0.002314246243690255,0.10198309588915663,0.9947813853088877,11.71208703590252
103453653125284,15.236653368,20674568,-2.204967498779297,0.29375624656677246,0.224273681640625,-0.01092444732785225,-0.06139618530869484,0.12929916381835938,30.01841163635254,0,-0.1037607192993164,-0.05578213930130005,-0.014617919921875,-0.0012224987149238586,0.0020004436373710632,0.00040924549102783203,103453652882152,0.243,1442992,12024.933333333332,34,True,0.5237661004066467,1.1499180793762207,-5.208932876586914,0.721978485584259,0.02032996341586113,-0.6915370225906372,0.010503092780709267,1441164,0.5235210657119751,1.1527634859085083,-5.209558010101318,0.7171733245109677,0.09203942692836133,-0.688115643494409,-0.06072913369100718,-0.001214634317262867,0.0026544421865538678,-0.00016053784594204773,0.0029235547277944402,-0.0017183605311269813,-0.0013485350170456822,0.10109416487551463,0.9948744636980664,11.607079437132805
103453753329792,15.336857876,20775936,-1.6074321269989014,0.42622238397598267,0.0379486083984375,-0.01188797876238823,-0.04686165228486061,0.11490106582641602,30.01841163635254,0,-0.1037607192993164,-0.05578213930130005,-0.014617919921875,-0.0012224987149238586,0.0020004436373710632,0.00040924549102783203,103453751365676,1.964,1443004,12025.033333333333,34,True,0.523809015750885,1.149968147277832,-5.210046291351318,0.7224993109703064,0.020117202773690224,-0.690994143486023,0.010824128985404968,1441164,0.5235210657119751,1.1527634859085083,-5.209558010101318,0.7171733245109677,0.09203942692836133,-0.688115643494409,-0.06072913369100718,-0.00011580331850308148,0.002845689960987802,-0.00015456423104258027,0.0028522362917824443,-0.0018837907487043088,-0.000617435726926241,0.10148262831327022,0.9948353362522709,11.651336474992892
103453853537317,15.437065401,20876207,-1.4284155368804932,0.45306527614593506,0.1061248779296875,-0.010300897061824799,-0.03917830064892769,0.10606825351715088,30.01841163635254,0,-0.1037607192993164,-0.05578213930130005,-0.014617919921875,-0.0012224987149238586,0.0020004436373710632,0.00040924549102783203,103453852704453,0.833,1443016,12025.133333333333,34,True,0.5238494873046875,1.1504411697387695,-5.210173606872559,0.7221884727478027,0.019603153690695763,-0.6913317441940308,0.010956804268062115,1441164,0.5235210657119751,1.1527634859085083,-5.209558010101318,0.7171733245109677,0.09203942692836133,-0.688115643494409,-0.06072913369100718,0.00011187313235653423,0.0024133479044445285,-0.0002078672988260677,0.002424865464216789,-0.0015752671345313984,-0.001054440145716762,0.1019344752031241,0.9947893090773029,11.703184296734877
103453953707517,15.537235601,20976343,-1.4740426540374756,0.2639518976211548,0.235321044921875,-0.011962227523326874,-0.04320250079035759,0.10954809188842773,30.01841163635254,0,-0.1037607192993164,-0.05578213930130005,-0.014617919921875,-0.0012224987149238586,0.0020004436373710632,0.00040924549102783203,103453950744446,2.963,1443028,12025.233333333334,34,True,0.523756206035614,1.1511205434799194,-5.209812164306641,0.7214669585227966,0.017849424853920937,-0.6921044588088989,0.012585269287228584,1441164,0.5235210657119751,1.1527634859085083,-5.209558010101318,0.7171733245109677,0.09203942692836133,-0.688115643494409,-0.06072913369100718,-9.772297060031091e-05,0.0016687100139483855,-0.0001581210482729086,0.0016790310168491509,-0.0014214533952525911,-0.002148476134283873,0.10429329136116539,0.9945432483796773,11.976568512545409
103454053933087,15.637461171,21076447,-1.5328950881958008,0.09309589862823486,0.26324462890625,-0.009249676018953323,-0.03929697349667549,0.11267101764678955,30.01841163635254,0,-0.1037607192993164,-0.05578213930130005,-0.014617919921875,-0.0012224987149238586,0.0020004436373710632,0.00040924549102783203,103454050401305,3.532,1443040,12025.333333333334,34,True,0.5237445831298828,1.153520941734314,-5.2093729972839355,0.7208071351051331,0.018813656643033028,-0.6927955746650696,0.010834951885044575,1441164,0.5235210657119751,1.1527634859085083,-5.209558010101318,0.7171733245109677,0.09203942692836133,-0.688115643494409,-0.06072913369100718,-9.177893657494519e-06,-0.0007677595615532184,-0.0002615150639305897,0.0008111282924118718,-0.0007259951200236215,-0.0029956197363279484,0.10237859873425706,0.994740730901621,11.757658590696266
103454154191125,15.737719209,21176814,-1.6373863220214844,-0.4662502408027649,-0.0225982666015625,-0.0069415271282196045,-0.02955811843276024,0.11631786823272705,30.01841163635254,0,-0.1037607192993164,-0.05578213930130005,-0.014617919921875,-0.0012224987149238586,0.0020004436373710632,0.00040924549102783203,103454150437602,3.754,1443052,12025.433333333332,34,True,0.5235210061073303,1.156906008720398,-5.208910942077637,0.7211511731147766,0.0179637111723423,-0.6923872828483582,0.014770103618502617,1441164,0.5235210657119751,1.1527634859085083,-5.209558010101318,0.7171733245109677,0.09203942692836133,-0.688115643494409,-0.06072913369100718,0.00026167974402398274,-0.00418011190679798,-0.00019334020808773803,0.004192754736190767,-0.003021792243639028,-0.0027766384143737,0.10570286467916161,0.9943892917008765,12.144502778057234
103454254292938,15.837821022,21277092,-1.7938355207443237,-1.2024254202842712,-0.0741119384765625,-0.006534665822982788,-0.027292411774396896,0.12225890159606934,30.01841163635254,0,-0.1037607192993164,-0.05578213930130005,-0.014617919921875,-0.0012224987149238586,0.0020004436373710632,0.00040924549102783203,103454250467750,3.825,1443064,12025.533333333333,34,True,0.5235982537269592,1.1611642837524414,-5.207934856414795,0.7214617729187012,0.014435995370149612,-0.6922725439071655,0.0065887547098100185,1441164,0.5235210657119751,1.1527634859085083,-5.209558010101318,0.7171733245109677,0.09203942692836133,-0.688115643494409,-0.06072913369100718,0.00023004082228044267,-0.008539751884633642,-0.00048343485946263873,0.008556517416236758,0.0052437059382237335,-0.0015133802214280514,0.10262474544137441,0.994705169812358,11.797376960627915
103454354405695,15.937933779,21377066,-2.230408191680908,-2.0650846362113953,-0.40130615234375,-0.009413063526153564,-0.01101735606789589,0.1342923641204834,30.01841163635254,0,-0.1037607192993164,-0.05578213930130005,-0.014617919921875,-0.0012224987149238586,0.0020004436373710632,0.00040924549102783203,103454350796565,3.609,1443076,12025.633333333333,34,True,0.523385763168335,1.16504967212677,-5.206889629364014,0.7202627062797546,0.01168101467192173,-0.6935836672782898,0.005197332240641117,1441164,0.5235210657119751,1.1527634859085083,-5.209558010101318,0.7171733245109677,0.09203942692836133,-0.688115643494409,-0.06072913369100718,4.00950748450442e-05,-0.012564388576268517,-0.0004727223464623396,0.0125733422099034,0.008330835578690856,-0.002983406063558015,0.10361234884518034,0.9945783918996056,11.93790439527487
103454454514264,16.038042348,21477301,-2.6614739894866943,-2.7302350401878357,-0.5827178955078125,-0.009428773075342178,-0.005379144102334976,0.1498124599456787,30.01841163635254,0,-0.1037607192993164,-0.05578213930130005,-0.014617919921875,-0.0012224987149238586,0.0020004436373710632,0.00040924549102783203,103454449539647,4.975,1443088,12025.733333333334,34,True,0.5231636166572571,1.1685131788253784,-5.206699848175049,0.7210583686828613,0.008761298842728138,-0.6927441358566284,0.010177532210946083,1441164,0.5235210657119751,1.1527634859085083,-5.209558010101318,0.7171733245109677,0.09203942692836133,-0.688115643494409,-0.06072913369100718,0.0005936051267181148,-0.015994998648257767,-0.00039665803278222917,0.016010923970814567,0.006642681961061069,-0.0021148719569717427,0.10915550224027848,0.9940002406557267,12.558909157741438
103454554620271,16.138148355,21577244,-2.8962690830230713,-3.5527936816215515,-0.701934814453125,-0.010695405304431915,-0.011685829609632492,0.1591719388961792,30.01841163635254,0,-0.1037607192993164,-0.05578213930130005,-0.014617919921875,-0.0012224987149238586,0.0020004436373710632,0.00040924549102783203,103454548447482,6.173,1443100,12025.833333333334,34,True,0.523328423500061,1.1722766160964966,-5.20615816116333,0.7207556366920471,0.006149703171104193,-0.6931557655334473,0.0029509274754673243,1441164,0.5235210657119751,1.1527634859085083,-5.209558010101318,0.7171733245109677,0.09203942692836133,-0.688115643494409,-0.06072913369100718,0.0008823326489935776,-0.019774730109482757,-0.0007347596545585959,0.01980803709498574,0.013678759701021018,-0.001794663730186663,0.10605285431087498,0.9942647850586149,12.278639770035884
103454654827994,16.238356078,21677432,-3.1113884449005127,-4.3473517298698425,-0.921844482421875,-0.008117161691188812,-0.011517621576786041,0.17360234260559082,30.01841163635254,0,-0.1037607192993164,-0.05578213930130005,-0.014617919921875,-0.0012224987149238586,0.0020004436373710632,0.00040924549102783203,103454649374834,5.453,1443112,12025.933333333332,34,True,0.5231088399887085,1.1751078367233276,-5.205706596374512,0.7215167880058289,0.004709229804575443,-0.6923774480819702,0.002228945028036833,1441164,0.5235210657119751,1.1527634859085083,-5.209558010101318,0.7171733245109677,0.09203942692836133,-0.688115643494409,-0.06072913369100718,0.0010441651609906255,-0.0226442688231887,-0.0006481818089184762,0.02267759535483591,0.015069898309237318,-0.0005587856139395164,0.10661190419321138,0.9941863446094421,12.362402978673959
103454755059276,16.338587360,21777854,-3.128143548965454,-4.817337214946747,-0.7407989501953125,-0.004209902137517929,-0.01694526895880699,0.17811119556427002,30.01841163635254,0,-0.1037607192993164,-0.05578213930130005,-0.014617919921875,-0.0012224987149238586,0.0020004436373710632,0.00040924549102783203,103454750255886,4.803,1443124,12026.033333333333,34,True,0.5232250094413757,1.1768401861190796,-5.20582914352417,0.7198492288589478,0.003373445477336645,-0.6941222548484802,-0.00016221667465288192,1441164,0.5235210657119751,1.1527634859085083,-5.209558010101318,0.7171733245109677,0.09203942692836133,-0.688115643494409,-0.06072913369100718,0.0015414206035343461,-0.02430266540321808,-0.0008270822918468959,0.02436554100148938,0.017965811153833413,-0.002656385852026544,0.10587698353262481,0.9942133762939535,12.33360099032649
103454855140104,16.438668188,21877897,-3.0402913093566895,-5.206956565380096,-0.9894561767578125,-0.004627089947462082,-0.013449698686599731,0.17862951755523682,30.01841163635254,0,-0.1037607192993164,-0.05578213930130005,-0.014617919921875,-0.0012224987149238586,0.0020004436373710632,0.00040924549102783203,103454848604483,6.536,1443136,12026.133333333333,34,True,0.5234060287475586,1.1777591705322266,-5.205826759338379,0.7196173667907715,0.002520727226510644,-0.6943657994270325,0.0008026863797567785,1441164,0.5235210657119751,1.1527634859085083,-5.209558010101318,0.7171733245109677,0.09203942692836133,-0.688115643494409,-0.06072913369100718,0.0017437473595689674,-0.025191042695103454,-0.0010442359153828864,0.02527290477106865,0.017897073740150708,-0.0030276217331660082,0.10714594536339819,0.9940775999137915,12.477600287833013
103454955303153,16.538831237,21977848,-3.128443479537964,-5.53807657957077,-1.0738067626953125,-0.004683930426836014,-0.022610530257225037,0.18146538734436035,30.01841163635254,0,-0.1037607192993164,-0.05578213930130005,-0.014617919921875,-0.0012224987149238586,0.0020004436373710632,0.00040924549102783203,103454951058836,4.244,1443148,12026.233333333334,34,True,0.5231053829193115,1.178767442703247,-5.205674171447754,0.7210693955421448,0.0044965059496462345,-0.6928279995918274,0.005302194505929947,1441164,0.5235210657119751,1.1527634859085083,-5.209558010101318,0.7171733245109677,0.09203942692836133,-0.688115643494409,-0.06072913369100718,0.0018013879981883685,-0.0262219774968993,-0.0007909875383143128,0.026295679566302882,0.013080863498994911,-0.0014597084880119686,0.10886540472889733,0.9939693576335561,12.591222865274736
103455055525752,16.639053836,22078193,-3.1749582290649414,-5.686650454998016,-1.1590118408203125,-0.004409383982419968,-0.02839527651667595,0.1846315860748291,30.01841163635254,0,-0.1037607192993164,-0.05578213930130005,-0.014617919921875,-0.0012224987149238586,0.0020004436373710632,0.00040924549102783203,103455049789936,5.736,1443160,12026.333333333334,34,True,0.523073136806488,1.1787524223327637,-5.205409526824951,0.7207045555114746,0.004952882882207632,-0.6932066679000854,0.0049946182407438755,1441164,0.5235210657119751,1.1527634859085083,-5.209558010101318,0.7171733245109677,0.09203942692836133,-0.688115643494409,-0.06072913369100718,0.0015387423558613379,-0.026265458557466106,-0.0007702785151917,0.026321766093152968,0.013044417875541975,-0.0019817376754059372,0.10831587317080131,0.9940289671319046,12.528777385259513
103455155636919,16.739165003,22178462,-3.270660877227783,-5.65217512845993,-1.263397216796875,-0.002976801246404648,-0.021220289170742035,0.18743228912353516,30.01841163635254,0,-0.1037607192993164,-0.05578213930130005,-0.014617919921875,-0.0012224987149238586,0.0020004436373710632,0.00040924549102783203,103455150413673,5.223,1443172,12026.433333333332,34,True,0.5231842994689941,1.1787772178649902,-5.205389976501465,0.7207868695259094,0.0037472706753760576,-0.6931433081626892,0.0021570532117038965,1441164,0.5235210657119751,1.1527634859085083,-5.209558010101318,0.7171733245109677,0.09203942692836133,-0.688115643494409,-0.06072913369100718,0.0015290181206357818,-0.026288445831599488,-0.0008831111149998199,0.026347678567486914,0.0158982136930988,-0.0015452725346453149,0.10723165974795253,0.9941057439135244,12.447888150632728
103455255896197,16.839424281,22278273,-3.2623634338378906,-5.512965381145477,-1.0510406494140625,-0.0008197948336601257,-0.024836909025907516,0.18684899806976318,30.01841163635254,0,-0.1037607192993164,-0.05578213930130005,-0.014617919921875,-0.0012224987149238586,0.0020004436373710632,0.00040924549102783203,103455250153496,5.743,1443184,12026.533333333333,34,True,0.5234131813049316,1.1791679859161377,-5.2051262855529785,0.7199702262878418,3.223431122023612e-05,-0.6940038800239563,-0.0012764864368364215,1441164,0.5235210657119751,1.1527634859085083,-5.209558010101318,0.7171733245109677,0.09203942692836133,-0.688115643494409,-0.06072913369100718,0.0013642025275201232,-0.0267149944443347,-0.001139063419488224,0.026774044187805143,0.02104583086400426,-0.00218276462736039,0.1075104059009197,0.9939787830556771,12.581369565665991
103455356158074,16.939686158,22378900,-3.413411855697632,-5.6139108538627625,-1.0942230224609375,-0.0028957128524780273,-0.022988848388195038,0.19006025791168213,30.01841163635254,0,-0.1037607192993164,-0.05578213930130005,-0.014617919921875,-0.0012224987149238586,0.0020004436373710632,0.00040924549102783203,103455351850726,4.307,1443196,12026.633333333333,34,True,0.5230811834335327,1.178745985031128,-5.205502986907959,0.7210391759872437,0.0046637048944830894,-0.6928587555885315,0.005246613174676895,1441164,0.5235210657119751,1.1527634859085083,-5.209558010101318,0.7171733245109677,0.09203942692836133,-0.688115643494409,-0.06072913369100718,0.001628844581220229,-0.02623880867881246,-0.0007737923632382747,0.026300702845637042,0.01301033881772759,-0.0015075986014679856,0.10870633501374027,0.9939876211292499,12.572123290583358
103455456230826,17.039758910,22479193,-3.2840099334716797,-5.597409904003143,-1.00775146484375,-0.001629367470741272,-0.02422141656279564,0.18542206287384033,30.01841163635254,0,-0.1037607192993164,-0.05578213930130005,-0.014617919921875,-0.0012224987149238586,0.0020004436373710632,0.00040924549102783203,103455449527585,6.703,1443208,12026.733333333334,34,True,0.5233168601989746,1.1786350011825562,-5.205306053161621,0.7196764349937439,0.0031698509119451046,-0.6943020820617676,0.0006927017820999026,1441164,0.5235210657119751,1.1527634859085083,-5.209558010101318,0.7171733245109677,0.09203942692836133,-0.688115643494409,-0.06072913369100718,0.0014212422067903623,-0.026161207173599266,-0.0010136321292891983,0.026219384818944008,0.01751982737204682,-0.0029705772896417293,0.10660629276404639,0.9941425097351618,12.408967048152215
103455556330375,17.139858459,22578989,-3.191699266433716,-5.458483397960663,-0.8376312255859375,-0.0003300793468952179,-0.027458008378744125,0.18534862995147705,30.01841163635254,0,-0.1037607192993164,-0.05578213930130005,-0.014617919921875,-0.0012224987149238586,0.0020004436373710632,0.00040924549102783203,103455553474154,2.856,1443220,12026.833333333334,34,True,0.523399829864502,1.1784697771072388,-5.205175399780273,0.7201622128486633,-4.125108534935862e-05,-0.6938056945800781,0.00021812578779645264,1441164,0.5235210657119751,1.1527634859085083,-5.209558010101318,0.7171733245109677,0.09203942692836133,-0.688115643494409,-0.06072913369100718,0.001261118235873126,-0.02602391245233025,-0.00109587408919495,0.02607748796473253,0.0199946027069677,-0.002041623057741193,0.10859721587939011,0.9938826350938655,12.68152444239251
103455656589672,17.240117756,22679307,-3.308692216873169,-5.438341796398163,-0.730133056640625,0.00014144927263259888,-0.022842880338430405,0.18487811088562012,30.01841163635254,0,-0.1037607192993164,-0.05578213930130005,-0.014617919921875,-0.0012224987149238586,0.0020004436373710632,0.00040924549102783203,103455650131939,6.458,1443232,12026.933333333332,34,True,0.5233753323554993,1.178869366645813,-5.205005168914795,0.7200596928596497,0.0028573612216860056,-0.6939034461975098,-0.0019741852302104235,1441164,0.5235210657119751,1.1527634859085083,-5.209558010101318,0.7171733245109677,0.09203942692836133,-0.688115643494409,-0.06072913369100718,0.0011802698454375007,-0.026451362144936454,-0.001094994940921583,0.026500313397227405,0.01958751205225295,-0.0021565246698909695,0.10500634481905892,0.9942762927479927,12.266303272135675
103455756817608,17.340345692,22779546,-3.282119035720825,-5.47439831495285,-0.7741241455078125,0.00011873990297317505,-0.029520418494939804,0.1873762607574463,30.01841163635254,0,-0.1037607192993164,-0.05578213930130005,-0.014617919921875,-0.0012224987149238586,0.0020004436373710632,0.00040924549102783203,103455749632868,7.185,1443244,12027.033333333333,34,True,0.5233725905418396,1.178714632987976,-5.205135345458984,0.7196853756904602,0.002510538324713707,-0.6942896842956543,-0.0029209766071289778,1441164,0.5235210657119751,1.1527634859085083,-5.209558010101318,0.7171733245109677,0.09203942692836133,-0.688115643494409,-0.06072913369100718,0.0012738399251945422,-0.026272695816549747,-0.0010801983757148326,0.026325729660445638,0.020563460660870173,-0.002582893405350229,0.10459257766715152,0.9942991830652614,12.241727527512959
103455857060617,17.440588701,22879854,-3.2296817302703857,-5.52733439207077,-0.8814697265625,-0.002635795623064041,-0.026647526770830154,0.18472492694854736,30.01841163635254,0,-0.1037607192993164,-0.05578213930130005,-0.014617919921875,-0.0012224987149238586,0.0020004436373710632,0.00040924549102783203,103455849527224,7.533,1443256,12027.133333333333,34,True,0.5234415531158447,1.1776177883148193,-5.205165386199951,0.7196533679962158,0.0037727097515016794,-0.694318950176239,-0.002453167224302888,1441164,0.5235210657119751,1.1527634859085083,-5.209558010101318,0.7171733245109677,0.09203942692836133,-0.688115643494409,-0.06072913369100718,0.0010691675014107187,-0.02519276241458749,-0.0011042725534213163,0.02523960806146095,0.019364077927125148,-0.0027456146109082202,0.1040081210361914,0.9943841334438928,12.150089310020734
103455958515480,17.542043564,22979952,-3.2124576568603516,-5.258629024028778,-0.9476318359375,-0.0018831193447113037,-0.02050701156258583,0.18219327926635742,30.01841163635254,0,-0.1037607192993164,-0.05578213930130005,-0.014617919921875,-0.0012224987149238586,0.0020004436373710632,0.00040924549102783203,103455958329455,0.186,1443269,12027.241666666667,34,True,0.5231351852416992,1.1767398118972778,-5.205153465270996,0.7206972241401672,0.005165276117622852,-0.6932269334793091,-0.002295372076332569,1441164,0.5235210657119751,1.1527634859085083,-5.209558010101318,0.7171733245109677,0.09203942692836133,-0.688115643494409,-0.06072913369100718,0.0008572036663519874,-0.024353525699647476,-0.0007642739629264645,0.024380589140121384,0.018128763764487407,-0.001343248370701822,0.1031477499619004,0.9944999171875196,12.024069998061107
103456058716520,17.642244604,23081406,-3.18609619140625,-5.064647853374481,-0.9932403564453125,-0.003510173410177231,-0.017653539776802063,0.18331098556518555,30.01841163635254,0,-0.1037607192993164,-0.05578213930130005,-0.014617919921875,-0.0012224987149238586,0.0020004436373710632,0.00040924549102783203,103456058435634,0.281,1443281,12027.341666666667,34,True,0.5232164859771729,1.1766157150268555,-5.205317974090576,0.7204183340072632,0.003294416470453143,-0.6935265064239502,-0.002750345040112734,1441164,0.5235210657119751,1.1527634859085083,-5.209558010101318,0.7171733245109677,0.09203942692836133,-0.688115643494409,-0.06072913369100718,0.0009939107147625813,-0.02419334081600666,-0.0008330124566883423,0.02422807272775471,0.01978693539225628,-0.0015945116279765803,0.10416893102677653,0.9943614878549902,12.174584878885192
103456158925514,17.742453598,23181561,-3.297178268432617,-4.862275302410126,-1.015777587890625,-0.001461956650018692,-0.01205286756157875,0.18267488479614258,30.01841163635254,0,-0.1037607192993164,-0.05578213930130005,-0.014617919921875,-0.0012224987149238586,0.0020004436373710632,0.00040924549102783203,103456158784350,0.141,1443293,12027.441666666666,34,True,0.523173987865448,1.176315426826477,-5.205348491668701,0.7202420234680176,0.003917140886187553,-0.6937078237533569,-0.0023566968739032745,1441164,0.5235210657119751,1.1527634859085083,-5.209558010101318,0.7171733245109677,0.09203942692836133,-0.688115643494409,-0.06072913369100718,0.0009574179232665131,-0.023895889895335864,-0.0007773200755018389,0.023927691687030423,0.019103510486862416,-0.0019199182783857238,0.10398798853701596,0.9943932160070824,12.140250932809533
103456259154095,17.842682179,23281816,-3.2803127765655518,-4.771401107311249,-0.997894287109375,-0.0017990171909332275,-0.016142919659614563,0.1810002326965332,30.01841163635254,0,-0.1037607192993164,-0.05578213930130005,-0.014617919921875,-0.0012224987149238586,0.0020004436373710632,0.00040924549102783203,103456250187886,8.966,1443304,12027.533333333333,34,True,0.5231671333312988,1.1759129762649536,-5.205428123474121,0.7201541066169739,0.004239342641085386,-0.6938002109527588,-0.0011486944276839495,1441164,0.5235210657119751,1.1527634859085083,-5.209558010101318,0.7171733245109677,0.09203942692836133,-0.688115643494409,-0.06072913369100718,0.000948111074996278,-0.02348653515954059,-0.00075092412125455,0.023517655823800738,0.01802929415896454,-0.002177423816586477,0.10458568099021168,0.9943500584348886,12.186929373992898
103456359357682,17.942885766,23382014,-3.2691738605499268,-4.771355330944061,-1.10516357421875,-0.0026510655879974365,-0.014169886708259583,0.17976105213165283,30.177053451538086,0,-0.1037607192993164,-0.05578213930130005,-0.014617919921875,-0.0012224987149238586,0.0020004436373710632,0.00040924549102783203,103456358669600,0.688,1443317,12027.641666666666,34,True,0.5232040882110596,1.1753647327423096,-5.205520153045654,0.7209659218788147,0.0028633864130824804,-0.6929633021354675,0.0013665256556123495,1441164,0.5235210657119751,1.1527634859085083,-5.209558010101318,0.7171733245109677,0.09203942692836133,-0.688115643494409,-0.06072913369100718,0.0009210495100235435,-0.022930160527451626,-0.0007619243832951509,0.022961296191210002,0.017045932068900524,-0.0011665310620184168,0.10732713114292557,0.9940769398420894,12.478296291903142
103456459519369,18.043047453,23482280,-3.162210464477539,-4.688569247722626,-1.000030517578125,-0.0032983161509037018,-0.01759416237473488,0.17890572547912598,30.177053451538086,0,-0.1037607192993164,-0.05578213930130005,-0.014617919921875,-0.0012224987149238586,0.0020004436373710632,0.00040924549102783203,103456457403663,2.116,1443329,12027.741666666667,34,True,0.5231183767318726,1.174534797668457,-5.205651760101318,0.7215954661369324,0.005672692321240902,-0.6922911405563354,-0.0008794284076429904,1441164,0.5235210657119751,1.1527634859085083,-5.209558010101318,0.7171733245109677,0.09203942692836133,-0.688115643494409,-0.06072913369100718,0.0008674551271559312,-0.02209642588464795,-0.0006375327071681939,0.022122634635731758,0.0166234466375584,-0.00021516588328063252,0.10378402271945589,0.9944609048895278,12.066677549931086
103456559758067,18.143286151,23582243,-3.1475985050201416,-4.550392329692841,-1.0276336669921875,-0.004516568034887314,-0.023426827043294907,0.1754399538040161,30.177053451538086,0,-0.1037607192993164,-0.05578213930130005,-0.014617919921875,-0.0012224987149238586,0.0020004436373710632,0.00040924549102783203,103456558776196,0.982,1443341,12027.841666666667,34,True,0.523378849029541,1.1729886531829834,-5.205705642700195,0.7201945185661316,0.007139424327760935,-0.6937286257743835,-0.0030815114732831717,1441164,0.5235210657119751,1.1527634859085083,-5.209558010101318,0.7171733245109677,0.09203942692836133,-0.688115643494409,-0.06072913369100718,0.0005960859171640501,-0.020563745664341642,-0.0008339048447670202,0.02058927758466763,0.017410824065187663,-0.002096500756416098,0.10117518739037756,0.9947140540610008,11.78746659298356
103456660721865,18.244249949,23682814,-2.9689056873321533,-4.0515729784965515,-0.9002685546875,0.0003223344683647156,-0.017132461071014404,0.1693572998046875,30.177053451538086,0,-0.1037607192993164,-0.05578213930130005,-0.014617919921875,-0.0012224987149238586,0.0020004436373710632,0.00040924549102783203,103456660470839,0.251,1443353,12027.941666666666,34,True,0.5231413841247559,1.170952558517456,-5.206109523773193,0.7213223576545715,0.011253743432462215,-0.6925076842308044,0.0007199831306934357,1441164,0.5235210657119751,1.1527634859085083,-5.209558010101318,0.7171733245109677,0.09203942692836133,-0.688115643494409,-0.06072913369100718,0.0005426698657324432,-0.018502329152614582,-0.000497899368996053,0.01851698081320257,0.01167249889990751,-0.0010445367682219155,0.10087003515642542,0.9948305874468844,11.656696451787552
103456760932868,18.344460952,23783770,-2.852128744125366,-3.730804145336151,-0.6676788330078125,-0.0018031783401966095,-0.006210412830114365,0.16060125827789307,30.177053451538086,0,-0.1037607192993164,-0.05578213930130005,-0.014617919921875,-0.0012224987149238586,0.0020004436373710632,0.00040924549102783203,103456760358963,0.574,1443365,12028.041666666666,34,True,0.523235559463501,1.1683043241500854,-5.20688009262085,0.7216974496841431,0.011543500237166882,-0.6920995116233826,0.004214928485453129,1441164,0.5235210657119751,1.1527634859085083,-5.209558010101318,0.7171733245109677,0.09203942692836133,-0.688115643494409,-0.06072913369100718,0.0007270566532888161,-0.015749206567503626,-0.00045198475416086175,0.01577245729431482,0.008906284326686624,-0.0008329690334795137,0.10307689325459378,0.9946331677251984,11.877391200011806
103456861155341,18.444683425,23883859,-2.474447250366211,-3.1206852793693542,-0.5441131591796875,1.3716518878936768e-05,0.00010087341070175171,0.1458883285522461,30.177053451538086,0,-0.1037607192993164,-0.05578213930130005,-0.014617919921875,-0.0012224987149238586,0.0020004436373710632,0.00040924549102783203,103456858287809,2.868,1443377,12028.141666666666,34,True,0.5235428214073181,1.1656564474105835,-5.2075958251953125,0.7213546633720398,0.011090092360973358,-0.6924744248390198,-0.001936178538016975,1441164,0.5235210657119751,1.1527634859085083,-5.209558010101318,0.7171733245109677,0.09203942692836133,-0.688115643494409,-0.06072913369100718,0.0008656923826417416,-0.01299783376650824,-0.0006212835797641398,0.013041437773866434,0.013685014181867324,-0.000744043921208415,0.09916060273589979,0.9949770558412584,11.490230870864309
103456961270293,18.544798377,23984092,-2.189967632293701,-2.4858657717704773,-0.790557861328125,-0.00314442440867424,0.003651995211839676,0.13515245914459229,30.177053451538086,0,-0.1037607192993164,-0.05578213930130005,-0.014617919921875,-0.0012224987149238586,0.0020004436373710632,0.00040924549102783203,103456959701814,1.568,1443389,12028.241666666667,34,True,0.5233854055404663,1.1633192300796509,-5.208435535430908,0.7223896384239197,0.01089574210345745,-0.6913716793060303,0.006302569527179003,1441164,0.5235210657119751,1.1527634859085083,-5.209558010101318,0.7171733245109677,0.09203942692836133,-0.688115643494409,-0.06072913369100718,0.0011755317111609505,-0.010545570940336077,-0.00033338688164211025,0.010616123966611202,0.007745790790021628,1.2511310634677478e-05,0.10499749109888966,0.9944423208167696,12.086921653311144
103457061475449,18.645003533,24084270,-2.037811279296875,-2.099359452724457,-0.7555389404296875,-0.005739420652389526,0.0028435327112674713,0.13075017929077148,30.177053451538086,0,-0.1037607192993164,-0.05578213930130005,-0.014617919921875,-0.0012224987149238586,0.0020004436373710632,0.00040924549102783203,103457061109891,0.366,1443401,12028.341666666667,34,True,0.5235418081283569,1.1630539894104004,-5.208739280700684,0.7221823930740356,0.006266131531447172,-0.6916463971138,0.00621024938300252,1441164,0.5235210657119751,1.1527634859085083,-5.209558010101318,0.7171733245109677,0.09203942692836133,-0.688115643494409,-0.06072913369100718,0.0014203859008169043,-0.010214271649654256,-0.00046515477164534654,0.010323042691074882,0.011035578717378288,-3.746840784851769e-05,0.10825180861250501,0.9940622518386927,12.493773876046665
103457161719328,18.745247412,24184408,-2.007927417755127,-1.9424726366996765,-0.73529052734375,-0.0027713775634765625,-0.0006904043257236481,0.13116133213043213,30.177053451538086,0,-0.1037607192993164,-0.05578213930130005,-0.014617919921875,-0.0012224987149238586,0.0020004436373710632,0.00040924549102783203,103457158378849,3.340,1443413,12028.441666666666,34,True,0.5232964158058167,1.1622005701065063,-5.208894729614258,0.7221676111221313,0.010855366475880146,-0.6915279030799866,0.012053897604346275,1441164,0.5235210657119751,1.1527634859085083,-5.209558010101318,0.7171733245109677,0.09203942692836133,-0.688115643494409,-0.06072913369100718,0.0013792370766739954,-0.00936026190419707,-0.00017935695169578897,0.009463031583216703,0.003676737131330765,-0.0007792056220551902,0.10897307790163172,0.9940375962383468,12.519712036570365
103457261931244,18.845459328,24284728,-1.875342607498169,-1.8104109168052673,-0.80218505859375,-0.0011571906507015228,-0.007963038980960846,0.1294846534729004,30.177053451538086,0,-0.1037607192993164,-0.05578213930130005,-0.014617919921875,-0.0012224987149238586,0.0020004436373710632,0.00040924549102783203,103457258417088,3.514,1443425,12028.541666666666,34,True,0.5236823558807373,1.1613094806671143,-5.208449840545654,0.7216293811798096,0.00996319018304348,-0.6922069787979126,0.0011406572302803397,1441164,0.5235210657119751,1.1527634859085083,-5.209558010101318,0.7171733245109677,0.09203942692836133,-0.688115643494409,-0.06072913369100718,0.0007669068429191162,-0.008567253680561032,-0.0005496353008658217,0.008619053352704145,0.012212530324747681,-0.0005779555764736101,0.1020950531036006,0.9946995125173188,11.803683344895763
103457362162207,18.945690291,24384856,-1.8547943830490112,-1.4976906180381775,-0.74615478515625,-0.0017016828060150146,-0.014211997389793396,0.1272425651550293,30.177053451538086,0,-0.1037607192993164,-0.05578213930130005,-0.014617919921875,-0.0012224987149238586,0.0020004436373710632,0.00040924549102783203,103457358834020,3.328,1443437,12028.641666666666,34,True,0.5237856507301331,1.1603678464889526,-5.208280086517334,0.7206548452377319,0.012305890209972858,-0.6931845545768738,-0.000539950211532414,1441164,0.5235210657119751,1.1527634859085083,-5.209558010101318,0.7171733245109677,0.09203942692836133,-0.688115643494409,-0.06072913369100718,0.0004019713402118835,-0.007679804212477949,-0.0006232335480436593,0.0077155293892093284,0.011954927289188106,-0.001937228320703477,0.09922815410285334,0.9949910051318475,11.474251572775216
103457462223075,19.045751159,24485127,-1.96107816696167,-1.198528230190277,-0.81610107421875,-0.0018121413886547089,-0.010795395821332932,0.12463533878326416,30.177053451538086,0,-0.1037607192993164,-0.05578213930130005,-0.014617919921875,-0.0012224987149238586,0.0020004436373710632,0.00040924549102783203,103457458424761,3.798,1443449,12028.741666666667,34,True,0.5235164165496826,1.1586344242095947,-5.208499908447266,0.7216412425041199,0.01688588596880436,-0.6920569539070129,0.002444505924358964,1441164,0.5235210657119751,1.1527634859085083,-5.209558010101318,0.7171733245109677,0.09203942692836133,-0.688115643494409,-0.06072913369100718,0.0002330561332418309,-0.00595458549371752,-0.00027588710906816997,0.005965527408384169,0.0064993011544256275,-0.0010026145679212783,0.09801946053766256,0.9951627702061798,11.275640117432884
103457562301761,19.145829845,24584804,-1.8334765434265137,-0.9155259728431702,-0.909912109375,-0.005684554576873779,-0.01413397490978241,0.12183606624603271,30.177053451538086,0,-0.1037607192993164,-0.05578213930130005,-0.014617919921875,-0.0012224987149238586,0.0020004436373710632,0.00040924549102783203,103457557692226,4.610,1443461,12028.841666666667,34,True,0.5237952470779419,1.156121850013733,-5.208346843719482,0.7218226194381714,0.016822466626763344,-0.6918720602989197,0.0014731724513694644,1441164,0.5235210657119751,1.1527634859085083,-5.209558010101318,0.7171733245109677,0.09203942692836133,-0.688115643494409,-0.06072913369100718,-0.00044795027816096943,-0.0035223284855518656,-0.0004617915951589908,0.003580601749593785,0.007211523121444739,-0.0006519531278874614,0.09740201941695903,0.9952187777091459,11.210120573259116
103457662506971,19.246035055,24685008,-1.9189019203186035,-0.34580129384994507,-0.7789306640625,-0.010172601789236069,-0.02755194529891014,0.12194991111755371,30.177053451538086,0,-0.1037607192993164,-0.05578213930130005,-0.014617919921875,-0.0012224987149238586,0.0020004436373710632,0.00040924549102783203,103457657543227,4.964,1443473,12028.941666666666,34,True,0.5234644412994385,1.1532561779022217,-5.208715915679932,0.7218116521835327,0.020758915692567825,-0.6917327046394348,0.007937340997159481,1441164,0.5235210657119751,1.1527634859085083,-5.209558010101318,0.7171733245109677,0.09203942692836133,-0.688115643494409,-0.06072913369100718,-0.000717550454611529,-0.000663471300936708,-1.3846353870479607e-06,0.0009772792534864406,-0.00014529845387495355,-0.00139357312779681,0.09901752021395409,0.9950847036976179,11.366337003582842
103457762616498,19.346144582,24785291,-1.8569550514221191,0.2481997013092041,-1.0049285888671875,-0.012776907533407211,-0.02655806764960289,0.11801707744598389,30.177053451538086,0,-0.1037607192993164,-0.05578213930130005,-0.014617919921875,-0.0012224987149238586,0.0020004436373710632,0.00040924549102783203,103457757450659,5.166,1443485,12029.041666666666,34,True,0.5237471461296082,1.1505438089370728,-5.208671569824219,0.7221707701683044,0.023499855771660805,-0.6912757158279419,0.007426979020237923,1441164,0.5235210657119751,1.1527634859085083,-5.209558010101318,0.7171733245109677,0.09203942692836133,-0.688115643494409,-0.06072913369100718,-0.0013354019327212914,0.0019871507081176644,-0.00017829278991187306,0.0024008029027021054,-0.0017292340054628316,-0.0009381997569281599,0.09670590319241411,0.9953110558105491,11.101329732579561
103457862820514,19.446348598,24885218,-1.8455058336257935,0.7282945513725281,-0.99310302734375,-0.01339038461446762,-0.02986868843436241,0.11769664287567139,30.177053451538086,0,-0.1037607192993164,-0.05578213930130005,-0.014617919921875,-0.0012224987149238586,0.0020004436373710632,0.00040924549102783203,103457860427855,2.393,1443497,12029.141666666666,34,True,0.5237959027290344,1.1481959819793701,-5.209334373474121,0.7215195894241333,0.027947843074798584,-0.6918066143989563,0.005655188113451004,1441164,0.5235210657119751,1.1527634859085083,-5.209558010101318,0.7171733245109677,0.09203942692836133,-0.688115643494409,-0.06072913369100718,-0.0011930457344970342,0.00442193390262289,-0.00010384269784498303,0.004581227004816831,-0.003430873400816389,-0.0018740815939155557,0.09226904303714786,0.9957264386481339,10.597840625505317
103457963080707,19.546608791,24986080,-1.7857239246368408,1.2379520535469055,-0.8759613037109375,-0.015910804271697998,-0.029194194823503494,0.10860562324523926,30.177053451538086,0,-0.1037607192993164,-0.05578213930130005,-0.014617919921875,-0.0012224987149238586,0.0020004436373710632,0.00040924549102783203,103457958639484,4.441,1443509,12029.241666666667,34,True,0.5241182446479797,1.1448866128921509,-5.20950984954834,0.7216044664382935,0.024277640506625175,-0.69182288646698,0.008870129473507404,1441164,0.5235210657119751,1.1527634859085083,-5.209558010101318,0.7171733245109677,0.09203942692836133,-0.688115643494409,-0.06072913369100718,-0.0017236716909224815,0.0077039500814938015,-0.00028666998457219263,0.007899624714902001,-0.0032146765787507805,-0.0019003594027375286,0.0971222650505322,0.9952654520880793,11.15522621614752
103458063161143,19.646689227,25085876,-1.866926670074463,1.8250096440315247,-0.6607208251953125,-0.02291944995522499,-0.046533357352018356,0.11760914325714111,30.177053451538086,0,-0.1037607192993164,-0.05578213930130005,-0.014617919921875,-0.0012224987149238586,0.0020004436373710632,0.00040924549102783203,103458060437771,2.723,1443521,12029.341666666667,34,True,0.523887574672699,1.142534613609314,-5.210107803344727,0.7215585112571716,0.026007860898971558,-0.6917270421981812,0.013806773349642754,1441164,0.5235210657119751,1.1527634859085083,-5.209558010101318,0.7171733245109677,0.09203942692836133,-0.688115643494409,-0.06072913369100718,-0.0016555703028165963,0.010115405738131142,6.390357915517593e-05,0.010250191702695786,-0.00795172813654082,-0.002422685556671245,0.09926832747173757,0.9950259794474212,11.434089670955993
103458163236338,19.746764422,25185830,-1.8620679378509521,2.303857147693634,-0.7769775390625,-0.027360405772924423,-0.04271210357546806,0.12042641639709473,30.177053451538086,0,-0.1037607192993164,-0.05578213930130005,-0.014617919921875,-0.0012224987149238586,0.0020004436373710632,0.00040924549102783203,103458157414985,5.821,1443533,12029.441666666666,34,True,0.5240355134010315,1.1405009031295776,-5.210691452026367,0.7221902012825012,0.02280164137482643,-0.6910790205001831,0.0181996189057827,1441164,0.5235210657119751,1.1527634859085083,-5.209558010101318,0.7171733245109677,0.09203942692836133,-0.688115643494409,-0.06072913369100718,-0.0015191577075455553,0.012231594323982622,2.3314919726971958e-05,0.012325594648225328,-0.008993915416235962,-0.0017328699378754144,0.10460931389979129,0.9944712153163001,12.055431531963889
103458263451661,19.846979745,25285912,-1.8060567378997803,2.562835991382599,-0.95428466796875,-0.03009149059653282,-0.044814568012952805,0.12340974807739258,30.177053451538086,0,-0.1037607192993164,-0.05578213930130005,-0.014617919921875,-0.0012224987149238586,0.0020004436373710632,0.00040924549102783203,103458260117618,3.334,1443545,12029.541666666666,34,True,0.524216890335083,1.1396809816360474,-5.211095809936523,0.7229428887367249,0.022023683413863182,-0.6903048157691956,0.018649281933903694,1441164,0.5235210657119751,1.1527634859085083,-5.209558010101318,0.7171733245109677,0.09203942692836133,-0.688115643494409,-0.06072913369100718,-0.0012948093296907327,0.013126803514457185,-0.00010684835431206934,0.013190940765473813,-0.008898044312079561,-0.0006538369954284806,0.105498927149727,0.994379391215878,12.155223014545108
103458363576817,19.947104901,25386292,-1.698142647743225,2.8114388585090637,-1.0184783935546875,-0.030866649001836777,-0.036253493279218674,0.12397265434265137,30.177053451538086,0,-0.1037607192993164,-0.05578213930130005,-0.014617919921875,-0.0012224987149238586,0.0020004436373710632,0.00040924549102783203,103458357569591,6.007,1443557,12029.641666666666,34,True,0.5239884257316589,1.1382614374160767,-5.211178779602051,0.7222129702568054,0.024089986458420753,-0.6907265782356262,0.026926813647150993,1441164,0.5235210657119751,1.1527634859085083,-5.209558010101318,0.7171733245109677,0.09203942692836133,-0.688115643494409,-0.06072913369100718,-0.0015281274109094974,0.014518496601631046,0.00018114271665462732,0.014599819507080976,-0.01617317729235701,-0.0023459259895164952,0.10967135181038865,0.993833547209795,12.732355482876956
103458463699079,20.047227163,25486347,-1.7483618259429932,3.0315735936164856,-0.6456756591796875,-0.03500442951917648,-0.055732231587171555,0.1315913200378418,30.177053451538086,0,-0.1037607192993164,-0.05578213930130005,-0.014617919921875,-0.0012224987149238586,0.0020004436373710632,0.00040924549102783203,103458459316542,4.383,1443569,12029.741666666667,34,True,0.5240423679351807,1.1362783908843994,-5.211758136749268,0.7218363881111145,0.02159322425723076,-0.6910138130187988,0.031399473547935486,1441164,0.5235210657119751,1.1527634859085083,-5.209558010101318,0.7171733245109677,0.09203942692836133,-0.688115643494409,-0.06072913369100718,-0.001388368426207067,0.01657978278688166,0.0002321789864934344,0.016639431217107006,-0.01761348291731804,-0.0030710901320245565,0.11452245908520758,0.993259754540573,13.31219656770589
103458563822044,20.147350128,25586311,-1.6313639879226685,3.2165122628211975,-1.039276123046875,-0.039692915976047516,-0.06036921218037605,0.12915968894958496,30.177053451538086,0,-0.1037607192993164,-0.05578213930130005,-0.014617919921875,-0.0012224987149238586,0.0020004436373710632,0.00040924549102783203,103458557343223,6.479,1443581,12029.841666666667,34,True,0.5243015885353088,1.134885311126709,-5.212563514709473,0.7235761880874634,0.021673882380127907,-0.6894204616546631,0.025832150131464005,1441164,0.5235210657119751,1.1527634859085083,-5.209558010101318,0.7171733245109677,0.09203942692836133,-0.688115643494409,-0.06072913369100718,-0.0008934606953835572,0.018123710259127977,6.528234777371383e-05,0.018145837190825524,-0.01392855646281814,-0.00022368256827021157,0.11069701420530609,0.9937565679415664,12.811663913388145
103458664037103,20.247565187,25686689,-1.483141303062439,3.6120155453681946,-1.2393951416015625,-0.039269573986530304,-0.06396063044667244,0.12364411354064941,30.177053451538086,0,-0.1037607192993164,-0.05578213930130005,-0.014617919921875,-0.0012224987149238586,0.0020004436373710632,0.00040924549102783203,103458661857521,2.180,1443593,12029.941666666666,34,True,0.5241506099700928,1.1327342987060547,-5.212881088256836,0.723954439163208,0.028825746849179268,-0.6886639595031738,0.028302306309342384,1441164,0.5235210657119751,1.1527634859085083,-5.209558010101318,0.7171733245109677,0.09203942692836133,-0.688115643494409,-0.06072913369100718,-0.0010527547493566648,0.0202829888925669,0.00031556839710849193,0.020312742660496118,-0.020713995951187992,-8.253722899981275e-05,0.10725651913580106,0.9940155746577674,12.542833988772669
103458764247876,20.347775960,25786667,-1.4020681381225586,3.84169203042984,-1.372833251953125,-0.04088014364242554,-0.06601841002702713,0.1237572431564331,30.177053451538086,0,-0.1037607192993164,-0.05578213930130005,-0.014617919921875,-0.0012224987149238586,0.0020004436373710632,0.00040924549102783203,103458758339913,5.908,1443605,12030.041666666666,34,True,0.5242804884910583,1.1312873363494873,-5.212765693664551,0.7231842279434204,0.03005562536418438,-0.689407467842102,0.02860991843044758,1441164,0.5235210657119751,1.1527634859085083,-5.209558010101318,0.7171733245109677,0.09203942692836133,-0.688115643494409,-0.06072913369100718,-0.001472632604829013,0.021676386014218552,0.0002379059781612766,0.021727654191850992,-0.021665700221143877,-0.0012487578962040446,0.10656042239497418,0.9940693710283246,12.486274367682055
103458864395713,20.447923797,25887089,-1.5004687309265137,4.032275497913361,-1.3733978271484375,-0.04044996201992035,-0.05739663913846016,0.12411749362945557,30.177053451538086,0,-0.1037607192993164,-0.05578213930130005,-0.014617919921875,-0.0012224987149238586,0.0020004436373710632,0.00040924549102783203,103458858388480,6.007,1443617,12030.141666666666,34,True,0.524331271648407,1.130892276763916,-5.212575435638428,0.7227057218551636,0.032187238335609436,-0.689876139163971,0.02704293467104435,1441164,0.5235210657119751,1.1527634859085083,-5.209558010101318,0.7171733245109677,0.09203942692836133,-0.688115643494409,-0.06072913369100718,-0.0017416312947238942,0.022023625956182347,0.00019416527325027928,0.02209323606848772,-0.021936501632756063,-0.0018993706960697134,0.10393783913796821,0.9943400363469254,12.197743620039525
103458964532527,20.548060611,25987240,-1.5363266468048096,4.123341381549835,-1.0083770751953125,-0.0403498113155365,-0.0523482970893383,0.1255359649658203,30.177053451538086,0,-0.1037607192993164,-0.05578213930130005,-0.014617919921875,-0.0012224987149238586,0.0020004436373710632,0.00040924549102783203,103458958674203,5.858,1443629,12030.241666666667,34,True,0.5245261192321777,1.1304116249084473,-5.212255954742432,0.7224369049072266,0.029934441670775414,-0.690517008304596,0.019371097907423973,1441164,0.5235210657119751,1.1527634859085083,-5.209558010101318,0.7171733245109677,0.09203942692836133,-0.688115643494409,-0.06072913369100718,-0.0021499873757265574,0.02243373052766709,4.114276071146759e-06,0.022536519873996373,-0.014808968964667735,-0.0017010401223461209,0.10028854433721154,0.99484672627266,11.638470532636203
103459064621696,20.648149780,26087336,-1.6067559719085693,4.187335312366486,-1.0496673583984375,-0.03916899487376213,-0.04654122516512871,0.126867413520813,30.177053451538086,0,-0.1037607192993164,-0.05578213930130005,-0.014617919921875,-0.0012224987149238586,0.0020004436373710632,0.00040924549102783203,103459058045250,6.576,1443641,12030.341666666667,34,True,0.5245600938796997,1.1299723386764526,-5.212172508239746,0.7223740816116333,0.03055443800985813,-0.6905695199966431,0.018863076344132423,1441164,0.5235210657119751,1.1527634859085083,-5.209558010101318,0.7171733245109677,0.09203942692836133,-0.688115643494409,-0.06072913369100718,-0.002324898477486023,0.022846140942708426,-1.6226450352735684e-05,0.02296413665266792,-0.01486261150703682,-0.0017728237686057695,0.09949173697090576,0.9949258033389166,11.548752812485558
103459164915747,20.748443831,26187277,-1.6419177055358887,4.209719002246857,-1.11627197265625,-0.04078476130962372,-0.04787873104214668,0.12812137603759766,30.177053451538086,0,-0.1037607192993164,-0.05578213930130005,-0.014617919921875,-0.0012224987149238586,0.0020004436373710632,0.00040924549102783203,103459158431314,6.484,1443653,12030.441666666666,34,True,0.5245401859283447,1.1293725967407227,-5.212049961090088,0.7228100895881653,0.029146933928132057,-0.6901291012763977,0.020440593361854553,1441164,0.5235210657119751,1.1527634859085083,-5.209558010101318,0.7171733245109677,0.09203942692836133,-0.688115643494409,-0.06072913369100718,-0.0025745004557889885,0.023404136275199022,2.1781196714661555e-05,0.023545320592539713,-0.015092453342167127,-0.0012166605513646569,0.10160005927566895,0.9947100912046675,11.791888179375661
103459265048018,20.848576102,26287954,-1.813323736190796,4.27348119020462,-1.1405487060546875,-0.040413517504930496,-0.04860019311308861,0.12949895858764648,30.177053451538086,0,-0.1037607192993164,-0.05578213930130005,-0.014617919921875,-0.0012224987149238586,0.0020004436373710632,0.00040924549102783203,103459258296980,6.751,1443665,12030.541666666666,34,True,0.5245401859283447,1.1298693418502808,-5.212128162384033,0.7225872874259949,0.031165149062871933,-0.6903326511383057,0.01836635172367096,1441164,0.5235210657119751,1.1527634859085083,-5.209558010101318,0.7171733245109677,0.09203942692836133,-0.688115643494409,-0.06072913369100718,-0.002391095116462786,0.02293618871173555,5.6968689433454405e-06,0.02306048830642216,-0.01496136141117338,-0.0014476070525743514,0.098717176840891,0.9950020005482954,11.461640370889805
103459366121263,20.949649347,26388094,-1.6934690475463867,4.223501980304718,-1.1379852294921875,-0.040406182408332825,-0.04689497873187065,0.12780189514160156,30.177053451538086,0,-0.1037607192993164,-0.05578213930130005,-0.014617919921875,-0.0012224987149238586,0.0020004436373710632,0.00040924549102783203,103459365861691,0.260,1443678,12030.65,34,True,0.524541437625885,1.129553198814392,-5.212334632873535,0.7227500081062317,0.029094722121953964,-0.6901683807373047,0.021294664591550827,1441164,0.5235210657119751,1.1527634859085083,-5.209558010101318,0.7171733245109677,0.09203942692836133,-0.688115643494409,-0.06072913369100718,-0.0022577309625893723,0.023288842290145658,2.6373063443059914e-05,0.023398038803566144,-0.015661778975138985,-0.001361611212417402,0.1022220610548212,0.9946373735829277,11.872732105087438
103459466194506,21.049722590,26489094,-1.7238147258758545,4.199959099292755,-1.2017822265625,-0.043229758739471436,-0.04088178649544716,0.1291576623916626,30.177053451538086,0,-0.1037607192993164,-0.05578213930130005,-0.014617919921875,-0.0012224987149238586,0.0020004436373710632,0.00040924549102783203,103459465074854,1.120,1443690,12030.75,34,True,0.5245841145515442,1.1293203830718994,-5.212491512298584,0.7230625152587891,0.028577269986271858,-0.6898338794708252,0.022208092734217644,1441164,0.5235210657119751,1.1527634859085083,-5.209558010101318,0.7171733245109677,0.09203942692836133,-0.688115643494409,-0.06072913369100718,-0.002153300357640955,0.023551600288184794,1.4088556246142346e-07,0.02364983252762039,-0.016010563100938662,-0.0009593216842153642,0.10323015156300888,0.9945281682181633,11.993121290094459
103459566384928,21.149913012,26588803,-1.4991426467895508,4.22699099779129,-1.027191162109375,-0.0414234921336174,-0.04045110568404198,0.1256709098815918,30.177053451538086,0,-0.1037607192993164,-0.05578213930130005,-0.014617919921875,-0.0012224987149238586,0.0020004436373710632,0.00040924549102783203,103459565888801,0.496,1443702,12030.85,34,True,0.5245206952095032,1.1299031972885132,-5.212446689605713,0.7224916815757751,0.03065592423081398,-0.6904327869415283,0.019197095185518265,1441164,0.5235210657119751,1.1527634859085083,-5.209558010101318,0.7171733245109677,0.09203942692836133,-0.688115643494409,-0.06072913369100718,-0.0020736743476077175,0.02297030536811798,3.834314019430507e-05,0.02306374913583904,-0.015191721654347866,-0.0016307461543955686,0.09965131689266124,0.9949051046716543,11.572303679400596
103459666977454,21.250505538,26689322,-1.5750930309295654,4.261678516864777,-0.896026611328125,-0.039104901254177094,-0.0342169888317585,0.12475001811981201,30.177053451538086,0,-0.1037607192993164,-0.05578213930130005,-0.014617919921875,-0.0012224987149238586,0.0020004436373710632,0.00040924549102783203,103459666813694,0.164,1443714,12030.95,34,True,0.5245645046234131,1.1297194957733154,-5.212585926055908,0.7225483059883118,0.029945990070700645,-0.690372109413147,0.020335573703050613,1441164,0.5235210657119751,1.1527634859085083,-5.209558010101318,0.7171733245109677,0.09203942692836133,-0.688115643494409,-0.06072913369100718,-0.0019758305154687727,0.023181426770963205,8.232705639124713e-06,0.023265479172818026,-0.015528714566755811,-0.0016099369094692002,0.10094539317811685,0.9947694681297607,11.725463882555722
103459767216945,21.350745029,26789853,-1.625305414199829,4.194055378437042,-0.898529052734375,-0.041173629462718964,-0.03854600712656975,0.12597286701202393,30.177053451538086,0,-0.1037607192993164,-0.05578213930130005,-0.014617919921875,-0.0012224987149238586,0.0020004436373710632,0.00040924549102783203,103459765233185,1.984,1443726,12031.05,34,True,0.5243953466415405,1.1291903257369995,-5.2131853103637695,0.7237035036087036,0.030667444691061974,-0.6887866854667664,0.029760204255580902,1441164,0.5235210657119751,1.1527634859085083,-5.209558010101318,0.7171733245109677,0.09203942692836133,-0.688115643494409,-0.06072913369100718,-0.001511124984718189,0.023817667169893215,0.000225358989481952,0.023866620096054426,-0.023000327836043128,-0.0005892544975630855,0.10692326215319257,0.994001033052326,12.558078962940002
103459867365948,21.450894032,26889912,-1.4554967880249023,4.374922573566437,-1.0498504638671875,-0.04002954065799713,-0.03816617652773857,0.12040054798126221,30.177053451538086,0,-0.1037607192993164,-0.05578213930130005,-0.014617919921875,-0.0012224987149238586,0.0020004436373710632,0.00040924549102783203,103459866669657,0.696,1443738,12031.15,34,True,0.5243942141532898,1.1281083822250366,-5.2132649421691895,0.7241239547729492,0.033289145678281784,-0.6882199645042419,0.029826421290636063,1441164,0.5235210657119751,1.1527634859085083,-5.209558010101318,0.7171733245109677,0.09203942692836133,-0.688115643494409,-0.06072913369100718,-0.0016667199982179498,0.024890267731704455,0.00027292469791650905,0.024947502303820326,-0.024929544889276938,-5.880653117390502e-05,0.10509289564635475,0.9941498868973783,12.401142766367716
103459968953213,21.552481297,26990211,-1.5374404191970825,4.5046346783638,-1.2696533203125,-0.04328247904777527,-0.03823347017168999,0.12165069580078125,30.177053451538086,0,-0.1037607192993164,-0.05578213930130005,-0.014617919921875,-0.0012224987149238586,0.0020004436373710632,0.00040924549102783203,103459968657478,0.296,1443750,12031.25,34,True,0.5245202779769897,1.1271432638168335,-5.213307857513428,0.7234873175621033,0.03242466598749161,-0.6889026761054993,0.03046305850148201,1441164,0.5235210657119751,1.1527634859085083,-5.209558010101318,0.7171733245109677,0.09203942692836133,-0.688115643494409,-0.06072913369100718,-0.0018283712276815113,0.025847196454098848,0.0001872295607205508,0.025912459566613918,-0.024689761469903395,-0.0009926056496015747,0.10613381431262929,0.9940447896709866,12.512149941990355
103460069044673,21.652572757,27091793,-1.5682103633880615,4.641034424304962,-1.2253570556640625,-0.04205145686864853,-0.03149443492293358,0.12345361709594727,30.177053451538086,0,-0.1037607192993164,-0.05578213930130005,-0.014617919921875,-0.0012224987149238586,0.0020004436373710632,0.00040924549102783203,103460065940938,3.104,1443762,12031.35,34,True,0.5245631337165833,1.1283806562423706,-5.21351432800293,0.7240941524505615,0.02687949128448963,-0.6886227130889893,0.027640266343951225,1441164,0.5235210657119751,1.1527634859085083,-5.209558010101318,0.7171733245109677,0.09203942692836133,-0.688115643494409,-0.06072913369100718,-0.0013585746192764565,0.02468610959094418,0.00010491835146774522,0.024723687823476562,-0.01891223015329905,0.00022231068183536934,0.10820711317347391,0.9939484386965214,12.613064051605367
103460169219882,21.752747966,27191732,-1.4252746105194092,4.361330807209015,-1.0885162353515625,-0.04296223074197769,-0.02336587756872177,0.12059628963470459,30.177053451538086,0,-0.1037607192993164,-0.05578213930130005,-0.014617919921875,-0.0012224987149238586,0.0020004436373710632,0.00040924549102783203,103460166474394,2.745,1443774,12031.45,34,True,0.5245217680931091,1.1295673847198486,-5.213807106018066,0.7242794036865234,0.023484952747821808,-0.6885057091712952,0.02876942791044712,1441164,0.5235210657119751,1.1527634859085083,-5.209558010101318,0.7171733245109677,0.09203942692836133,-0.688115643494409,-0.06072913369100718,-0.0008185167380459291,0.02358882531287075,0.00011261628780023276,0.023603290696847145,-0.017408219552814217,0.000535917056162183,0.11142852887631924,0.9936198214797093,12.951355312917505
103460269369690,21.852897774,27292082,-1.254379153251648,4.162252247333527,-0.9581451416015625,-0.04159851744771004,-0.03604110702872276,0.12163162231445312,30.177053451538086,0,-0.1037607192993164,-0.05578213930130005,-0.014617919921875,-0.0012224987149238586,0.0020004436373710632,0.00040924549102783203,103460266637536,2.732,1443786,12031.55,34,True,0.524713397026062,1.1310245990753174,-5.213967323303223,0.7234950661659241,0.020624423399567604,-0.6896398663520813,0.0229459460824728,1441164,0.5235210657119751,1.1527634859085083,-5.209558010101318,0.7171733245109677,0.09203942692836133,-0.688115643494409,-0.06072913369100718,-0.00034109911819432334,0.022210580974992948,-0.00012900296961670138,0.022213574625019755,-0.01111137855332115,-0.00010747773343244839,0.1094694734511553,0.9939280457344528,12.6343198759241
103460369451941,21.952980025,27392206,-1.2455077171325684,3.8787999749183655,-0.8681488037109375,-0.03895504027605057,-0.040033940225839615,0.1174854040145874,30.177053451538086,0,-0.1037607192993164,-0.05578213930130005,-0.014617919921875,-0.0012224987149238586,0.0020004436373710632,0.00040924549102783203,103460366488615,2.963,1443798,12031.65,34,True,0.5244317054748535,1.1328853368759155,-5.213996887207031,0.7240653038024902,0.025003014132380486,-0.6888676285743713,0.02378750406205654,1441164,0.5235210657119751,1.1527634859085083,-5.209558010101318,0.7171733245109677,0.09203942692836133,-0.688115643494409,-0.06072913369100718,7.875802398157362e-05,0.020387768763319537,7.991074018633568e-05,0.020388077489045565,-0.01483360414079989,0.0004953754534153255,0.10691393974433668,0.9941574967175466,12.393066569841018
103460469567794,22.053095878,27492170,-1.1332758665084839,3.3284297585487366,-0.619873046875,-0.03727760165929794,-0.03505677357316017,0.1122368574142456,30.177053451538086,0,-0.1037607192993164,-0.05578213930130005,-0.014617919921875,-0.0012224987149238586,0.0020004436373710632,0.00040924549102783203,103460466531839,3.036,1443810,12031.75,34,True,0.5242418646812439,1.1354141235351562,-5.213709831237793,0.723568856716156,0.02345920354127884,-0.6893240213394165,0.027021357789635658,1441164,0.5235210657119751,1.1527634859085083,-5.209558010101318,0.7171733245109677,0.09203942692836133,-0.688115643494409,-0.06072913369100718,0.00033699048702695404,0.01784991770319288,0.00015626921051555614,0.017853782362996933,-0.01601836400323619,-0.00037743799430034486,0.11022841841017657,0.9937771205506853,12.79053736427408
103460569851230,22.153379314,27592216,-1.1978154182434082,2.8419330716133118,-0.8239593505859375,-0.036145955324172974,-0.030747566372156143,0.11467015743255615,30.177053451538086,0,-0.1037607192993164,-0.05578213930130005,-0.014617919921875,-0.0012224987149238586,0.0020004436373710632,0.00040924549102783203,103460566686075,3.165,1443822,12031.85,34,True,0.5241878032684326,1.1376205682754517,-5.213571071624756,0.7238997220993042,0.02053496241569519,-0.6891337037086487,0.025342872366309166,1441164,0.5235210657119751,1.1527634859085083,-5.209558010101318,0.7171733245109677,0.09203942692836133,-0.688115643494409,-0.06072913369100718,0.0006753332165548923,0.01566484863082583,0.00011661312771310225,0.015679832786149966,-0.0128399926433345,0.0003187998468949238,0.11118950722139488,0.9937162202759097,12.853037724094484
103460669925948,22.253454032,27692873,-1.1415493488311768,2.3606355786323547,-0.834259033203125,-0.031141355633735657,-0.03355498984456062,0.1138237714767456,30.177053451538086,0,-0.1037607192993164,-0.05578213930130005,-0.014617919921875,-0.0012224987149238586,0.0020004436373710632,0.00040924549102783203,103460668138700,1.787,1443834,12031.95,34,True,0.5240705013275146,1.1405930519104004,-5.213518142700195,0.7236395478248596,0.021671386435627937,-0.6892710328102112,0.02795729786157608,1441164,0.5235210657119751,1.1527634859085083,-5.209558010101318,0.7171733245109677,0.09203942692836133,-0.688115643494409,-0.06072913369100718,0.0012603043482755554,0.012747654701598794,0.00011369237941107115,0.012810308091478997,-0.01546854017236653,-0.000268363176342934,0.11215791510094877,0.9935699544200951,13.001924432027202
103460770071157,22.353599241,27792577,-1.1958874464035034,1.6722834706306458,-0.734466552734375,-0.03033680096268654,-0.025835920125246048,0.11262333393096924,30.177053451538086,0,-0.1037607192993164,-0.05578213930130005,-0.014617919921875,-0.0012224987149238586,0.0020004436373710632,0.00040924549102783203,103460765662012,4.409,1443846,12032.05,34,True,0.5241081714630127,1.1431481838226318,-5.2131805419921875,0.7236323952674866,0.01838778890669346,-0.6895725727081299,0.02253394015133381,1441164,0.5235210657119751,1.1527634859085083,-5.209558010101318,0.7171733245109677,0.09203942692836133,-0.688115643494409,-0.06072913369100718,0.001483096291761353,0.010184314334670114,-4.0392919209875956e-05,0.010291815421291121,-0.00929136972094218,0.00020903142658113,0.11079857730935531,0.9937994274604883,12.767568128269223
103460870226860,22.453754944,27893054,-1.0790557861328125,1.2751798033714294,-0.57000732421875,-0.02157517522573471,-0.02619309350848198,0.11178886890411377,30.177053451538086,0,-0.1037607192993164,-0.05578213930130005,-0.014617919921875,-0.0012224987149238586,0.0020004436373710632,0.00040924549102783203,103460866298601,3.928,1443858,12032.15,34,True,0.524139940738678,1.145660400390625,-5.212968349456787,0.7233802080154419,0.016903897747397423,-0.6900457739830017,0.016498038545250893,1441164,0.5235210657119751,1.1527634859085083,-5.209558010101318,0.7171733245109677,0.09203942692836133,-0.688115643494409,-0.06072913369100718,0.0018187987001335743,0.007689368867691174,-0.00018116952688897333,0.007903622251379364,-0.003882625353861634,0.00034178645432630944,0.1077149145076141,0.9941741827240329,12.375339566251236
103460970311557,22.553839641,27993089,-1.088017463684082,0.8441041111946106,-0.560791015625,-0.019938554614782333,-0.02361580729484558,0.11160850524902344,30.177053451538086,0,-0.1037607192993164,-0.05578213930130005,-0.014617919921875,-0.0012224987149238586,0.0020004436373710632,0.00040924549102783203,103460964986794,5.325,1443870,12032.25,34,True,0.5241460800170898,1.1474665403366089,-5.212772846221924,0.7228188514709473,0.016164962202310562,-0.6906660795211792,0.01587478071451187,1441164,0.5235210657119751,1.1527634859085083,-5.209558010101318,0.7171733245109677,0.09203942692836133,-0.688115643494409,-0.06072913369100718,0.002017637100168539,0.005885655497767836,-0.0002676685435968573,0.006227635711537126,-0.002835985079313073,-0.00038711912984779056,0.10780198864306435,0.9941682647178042,12.38162967485873
103461070548389,22.654076473,28093039,-1.0656757354736328,0.555484414100647,-0.5120391845703125,-0.017591681331396103,-0.02530093863606453,0.1103830337524414,30.177053451538086,0,-0.1037607192993164,-0.05578213930130005,-0.014617919921875,-0.0012224987149238586,0.0020004436373710632,0.00040924549102783203,103461065876898,4.671,1443882,12032.35,34,True,0.5240210890769958,1.1477092504501343,-5.21287727355957,0.7231542468070984,0.015668896958231926,-0.6902569532394409,0.0186470840126276,1441164,0.5235210657119751,1.1527634859085083,-5.209558010101318,0.7171733245109677,0.09203942692836133,-0.688115643494409,-0.06072913369100718,0.002167359830709488,0.005665117163933369,-0.00014774377372048323,0.006067357690093662,-0.004540880975010751,-8.794950074669795e-05,0.11007144706123162,0.9939133006488557,12.649666693204194
103461170821793,22.754349877,28193394,-0.9084459543228149,0.38435906171798706,-0.4225616455078125,-0.017372682690620422,-0.027580145746469498,0.10898184776306152,30.177053451538086,0,-0.1037607192993164,-0.05578213930130005,-0.014617919921875,-0.0012224987149238586,0.0020004436373710632,0.00040924549102783203,103461166354002,4.468,1443894,12032.45,34,True,0.5238132476806641,1.1479252576828003,-5.2131428718566895,0.7240403890609741,0.018000006675720215,-0.6892409324645996,0.019709432497620583,1441164,0.5235210657119751,1.1527634859085083,-5.209558010101318,0.7171733245109677,0.09203942692836133,-0.688115643494409,-0.06072913369100718,0.0024656121566292806,0.005501073320629743,6.328890996470655e-05,0.006028686131487271,-0.0070541705153913505,0.0010111376209168135,0.10915051086947856,0.9939996892635244,12.559486819717717
103461271055888,22.854583972,28293843,-0.9303654432296753,0.3854560852050781,-0.4891815185546875,-0.016716986894607544,-0.03261122480034828,0.10684335231781006,30.177053451538086,0,-0.1037607192993164,-0.05578213930130005,-0.014617919921875,-0.0012224987149238586,0.0020004436373710632,0.00040924549102783203,103461265419886,5.636,1443906,12032.55,34,True,0.5239812731742859,1.1479750871658325,-5.213955879211426,0.7245540618896484,0.018718434497714043,-0.6887520551681519,0.01707790046930313,1441164,0.5235210657119751,1.1527634859085083,-5.209558010101318,0.7171733245109677,0.09203942692836133,-0.688115643494409,-0.06072913369100718,0.0032757593432444516,0.005634394595726574,-6.931379124291544e-05,0.006517806850226739,-0.005737458244745687,0.0019137888756868284,0.10684206396042377,0.994257608647631,12.2863267945856
103461371257808,22.954785892,28393879,-0.5377275943756104,0.40697866678237915,-0.4833984375,-0.01458222046494484,-0.0257873572409153,0.09438443183898926,30.177053451538086,0,-0.1037607192993164,-0.05578213930130005,-0.014617919921875,-0.0012224987149238586,0.0020004436373710632,0.00040924549102783203,103461365696863,5.561,1443918,12032.65,34,True,0.524176836013794,1.1483430862426758,-5.2153449058532715,0.7242606282234192,0.01775500737130642,-0.6891618967056274,0.013682872988283634,1441164,0.5235210657119751,1.1527634859085083,-5.209558010101318,0.7171733245109677,0.09203942692836133,-0.688115643494409,-0.06072913369100718,0.004717584322589461,0.005581755634374893,-0.00021571401390558398,0.007311506707814264,-0.002584144267199806,0.0017889296213776111,0.10519471737727092,0.9944466769843078,12.082179401466252
103461471333090,23.054861174,28493977,-0.15167707204818726,0.46845829486846924,-0.411041259765625,-0.013228166848421097,-0.0097038634121418,0.08169925212860107,30.177053451538086,0,-0.1037607192993164,-0.05578213930130005,-0.014617919921875,-0.0012224987149238586,0.0020004436373710632,0.00040924549102783203,103461456950712,14.382,1443929,12032.741666666667,34,True,0.5240674614906311,1.1482112407684326,-5.2174296379089355,0.725580632686615,0.01836046762764454,-0.6874818801879883,0.023756355047225952,1441164,0.5235210657119751,1.1527634859085083,-5.209558010101318,0.7171733245109677,0.09203942692836133,-0.688115643494409,-0.06072913369100718,0.006719534026750192,0.006150758672509973,-6.222525026857936e-06,0.009109555889500213,-0.010459993773268996,0.002938181725072653,0.11171168314359302,0.9936812645248169,12.888775563960207
103461571399133,23.154927217,28593919,0.42484986782073975,0.4705383777618408,-0.3196258544921875,-0.012783840298652649,-0.0040787868201732635,0.06525564193725586,30.177053451538086,0,-0.1037607192993164,-0.05578213930130005,-0.014617919921875,-0.0012224987149238586,0.0020004436373710632,0.00040924549102783203,103461566229563,5.170,1443942,12032.85,34,True,0.5244997143745422,1.1481423377990723,-5.219724178314209,0.7263165712356567,0.013285805471241474,-0.686966061592102,0.01911543682217598,1441164,0.5235210657119751,1.1527634859085083,-5.209558010101318,0.7171733245109677,0.09203942692836133,-0.688115643494409,-0.06072913369100718,0.008959314708770441,0.0067294374322067856,-0.000330289240061308,0.011209983906628793,-0.0037318654027489184,0.004549851170950969,0.11219401814436182,0.9936688957230978,12.901397489186413
103461671624759,23.255152843,28694099,0.991948127746582,0.24992340803146362,-0.3184051513671875,-0.013565056025981903,-0.018461670726537704,0.05214047431945801,30.177053451538086,0,-0.1037607192993164,-0.05578213930130005,-0.014617919921875,-0.0012224987149238586,0.0020004436373710632,0.00040924549102783203,103461668545423,3.079,1443954,12032.95,34,True,0.5245447158813477,1.148444414138794,-5.222559928894043,0.7278618216514587,0.014149700291454792,-0.6851921677589417,0.02299719862639904,1441164,0.5235210657119751,1.1527634859085083,-5.209558010101318,0.7171733245109677,0.09203942692836133,-0.688115643494409,-0.06072913369100718,0.011793237655771944,0.007043097211239752,-0.00025779872248493847,0.013738709288495967,-0.007367330111252021,0.0064756121538023246,0.11428004347862075,0.9934001512768105,13.172668495596245
103461771747779,23.355275863,28794344,1.7870347499847412,0.3648577332496643,-0.2175750732421875,-0.008017588406801224,0.0028415843844413757,0.029536843299865723,30.177053451538086,0,-0.1037607192993164,-0.05578213930130005,-0.014617919921875,-0.0012224987149238586,0.0020004436373710632,0.00040924549102783203,103461767747597,4.000,1443966,12033.05,34,True,0.5245723128318787,1.1480047702789307,-5.225407600402832,0.7290876507759094,0.012321801856160164,-0.683803141117096,0.02631782740354538,1441164,0.5235210657119751,1.1527634859085083,-5.209558010101318,0.7171733245109677,0.09203942692836133,-0.688115643494409,-0.06072913369100718,0.01447825553796193,0.008082144942523108,-0.00013804847572948032,0.016581918094000114,-0.008693280592119823,0.008120675874832952,0.11790442347469104,0.9929536889608616,13.611433805285651
103461871951732,23.455479816,28894781,2.0909557342529297,0.42137110233306885,-0.4980621337890625,-0.006514638662338257,-0.009367648512125015,0.02581000328063965,30.177053451538086,0,-0.1037607192993164,-0.05578213930130005,-0.014617919921875,-0.0012224987149238586,0.0020004436373710632,0.00040924549102783203,103461868115366,3.836,1443978,12033.15,34,True,0.5250038504600525,1.1469318866729736,-5.227926254272461,0.7279173731803894,0.014576875604689121,-0.6849115490913391,0.028636347502470016,1441164,0.5235210657119751,1.1527634859085083,-5.209558010101318,0.7171733245109677,0.09203942692836133,-0.688115643494409,-0.06072913369100718,0.016720252278396918,0.009688263990975058,-0.0004114593195828412,0.01932869871935855,-0.011734725333895963,0.006170124779346255,0.1178421518456966,0.9929438317598439,13.620962325594515
103461972206434,23.555734518,28994867,2.4704275131225586,0.47626370191574097,-0.6697540283203125,-0.00732726976275444,-0.011568881571292877,0.015802979469299316,30.177053451538086,0,-0.1037607192993164,-0.05578213930130005,-0.014617919921875,-0.0012224987149238586,0.0020004436373710632,0.00040924549102783203,103461966827537,5.379,1443990,12033.25,34,True,0.5251704454421997,1.1462266445159912,-5.22959566116333,0.7305793166160583,0.015951748937368393,-0.6822205781936646,0.02396850660443306,1441164,0.5235210657119751,1.1527634859085083,-5.209558010101318,0.7171733245109677,0.09203942692836133,-0.688115643494409,-0.06072913369100718,0.018203248730433573,0.010741301451321931,-0.0004736958498212741,0.021141386164779733,-0.009742479471396542,0.010277872943704192,0.11372570169732696,0.9934112512927127,13.161574343611663
103462072412142,23.655940226,29095179,2.8897695541381836,0.7080458998680115,-0.692901611328125,-0.0061742402613162994,-0.016713280230760574,0.007790207862854004,30.177053451538086,0,-0.1037607192993164,-0.05578213930130005,-0.014617919921875,-0.0012224987149238586,0.0020004436373710632,0.00040924549102783203,103462065865043,6.547,1444002,12033.35,34,True,0.5255219340324402,1.1452428102493286,-5.230922222137451,0.7304357886314392,0.017949877306818962,-0.682485044002533,0.018858036026358604,1441164,0.5235210657119751,1.1527634859085083,-5.209558010101318,0.7171733245109677,0.09203942692836133,-0.688115643494409,-0.06072913369100718,0.019298293078232658,0.012001820541346341,-0.0007251070894809072,0.022737493096893092,-0.007419271715947451,0.010338460943540463,0.1087789478347176,0.9939845125254697,12.57537624250047
103462172625552,23.756153636,29195291,3.020343780517578,0.7018499970436096,-0.5847320556640625,-0.004759922623634338,-0.017960574477910995,0.0021944046020507812,30.177053451538086,0,-0.1037607192993164,-0.05578213930130005,-0.014617919921875,-0.0012224987149238586,0.0020004436373710632,0.00040924549102783203,103462166483069,6.142,1444014,12033.45,34,True,0.525558590888977,1.1454066038131714,-5.231608867645264,0.7310471534729004,0.016768569126725197,-0.6819056272506714,0.017134586349129677,1441164,0.5235210657119751,1.1527634859085083,-5.209558010101318,0.7171733245109677,0.09203942692836133,-0.688115643494409,-0.06072913369100718,0.020004968121971202,0.011990572900258815,-0.0007368537151095454,0.023334856790539253,-0.005460840146529646,0.01140505853110746,0.1084613052900257,0.9940202458298222,12.537932957084138
103462272824249,23.856352333,29295578,3.0950193405151367,0.8348920941352844,-0.287078857421875,-0.002244390547275543,-0.02591552957892418,0.0017223358154296875,30.177053451538086,0,-0.1037607192993164,-0.05578213930130005,-0.014617919921875,-0.0012224987149238586,0.0020004436373710632,0.00040924549102783203,103462265121905,7.702,1444026,12033.55,34,True,0.525654673576355,1.1454408168792725,-5.232415199279785,0.731175422668457,0.015176351182162762,-0.681800127029419,0.017343658953905106,1441164,0.5235210657119751,1.1527634859085083,-5.209558010101318,0.7171733245109677,0.09203942692836133,-0.688115643494409,-0.06072913369100718,0.02080264059698102,0.01213421888136988,-0.0007973316140333182,0.0240961586434621,-0.004532651152354533,0.011646435422211667,0.10975246478223714,0.9938803811775898,12.683862840997756
103462373085439,23.956613523,29395635,3.083746910095215,0.6874807476997375,-0.3969573974609375,-0.007397748529911041,-0.028616424649953842,0.002040863037109375,30.177053451538086,0,-0.1037607192993164,-0.05578213930130005,-0.014617919921875,-0.0012224987149238586,0.0020004436373710632,0.00040924549102783203,103462366427063,6.658,1444038,12033.65,34,True,0.5256401896476746,1.145343542098999,-5.233006000518799,0.7300320267677307,0.015972735360264778,-0.6830337047576904,0.016220729798078537,1441164,0.5235210657119751,1.1527634859085083,-5.209558010101318,0.7171733245109677,0.09203942692836133,-0.688115643494409,-0.06072913369100718,0.021357660736139778,0.012354724533264251,-0.000752074860966085,0.024685106988007677,-0.004092345493181582,0.010029947808517738,0.10837829046609418,0.9940507024347248,12.505930739961773
103462473159494,24.056687578,29496036,3.0896153450012207,0.8056509494781494,-0.5034942626953125,-0.004934240132570267,-0.02833106741309166,0.004282474517822266,30.177053451538086,0,-0.1037607192993164,-0.05578213930130005,-0.014617919921875,-0.0012224987149238586,0.0020004436373710632,0.00040924549102783203,103462467203112,5.956,1444050,12033.75,34,True,0.5258477330207825,1.1446377038955688,-5.233409404754639,0.7298625111579895,0.016117878258228302,-0.6832142472267151,0.01610397920012474,1441164,0.5235210657119751,1.1527634859085083,-5.209558010101318,0.7171733245109677,0.09203942692836133,-0.688115643494409,-0.06072913369100718,0.021606617481230505,0.013139688383918328,-0.0009129135717176713,0.025304757279929008,-0.004081578463686879,0.009785752118442017,0.1081892179719772,0.9940737763804723,12.48163142650063
103462574033534,24.157561618,29595822,3.2913055419921875,0.9732202887535095,-0.71630859375,-0.003993071615695953,-0.025513064116239548,0.004523754119873047,30.177053451538086,0,-0.1037607192993164,-0.05578213930130005,-0.014617919921875,-0.0012224987149238586,0.0020004436373710632,0.00040924549102783203,103462573844500,0.189,1444063,12033.858333333334,34,True,0.5258237719535828,1.1439971923828125,-5.233602046966553,0.7303029298782349,0.02014325000345707,-0.6826374530792236,0.01606551930308342,1441164,0.5235210657119751,1.1527634859085083,-5.209558010101318,0.7171733245109677,0.09203942692836133,-0.688115643494409,-0.06072913369100718,0.02165564698509149,0.013804644850051274,-0.0008548691195706685,0.025695642957329262,-0.006903751218410421,0.010261554985462107,0.10528137192535414,0.9943655622727036,12.170181234555441
103462674805243,24.258333327,29696717,3.3590846061706543,0.8308641314506531,-0.6714935302734375,-0.006149116903543472,-0.023525487631559372,0.0029861927032470703,30.177053451538086,0,-0.1037607192993164,-0.05578213930130005,-0.014617919921875,-0.0012224987149238586,0.0020004436373710632,0.00040924549102783203,103462674560794,0.244,1444075,12033.958333333334,34,True,0.5258398056030273,1.1440147161483765,-5.23362398147583,0.7300183176994324,0.019917940720915794,-0.6829618811607361,0.015480846166610718,1441164,0.5235210657119751,1.1527634859085083,-5.209558010101318,0.7171733245109677,0.09203942692836133,-0.688115643494409,-0.06072913369100718,0.021681407108578712,0.013793012924549566,-0.0008705661676478142,0.02571164143334633,-0.006282256187603726,0.00990053384722839,0.10503414469828201,0.9943994876980949,12.133452698418084
103462776357805,24.359885889,29797873,3.2646050453186035,0.8697087168693542,-0.326873779296875,-0.003959599882364273,-0.020227819681167603,0.004390597343444824,30.177053451538086,0,-0.1037607192993164,-0.05578213930130005,-0.014617919921875,-0.0012224987149238586,0.0020004436373710632,0.00040924549102783203,103462776105492,0.252,1444087,12034.058333333332,34,True,0.5255149602890015,1.1436667442321777,-5.234546184539795,0.7318503856658936,0.02346406690776348,-0.6807110905647278,0.021840684115886688,1441164,0.5235210657119751,1.1527634859085083,-5.209558010101318,0.7171733245109677,0.09203942692836133,-0.688115643494409,-0.06072913369100718,0.02249457727486,0.014313930637442832,-0.0004904787556517783,0.026667118075973606,-0.013601927724227181,0.011974705795930077,0.10689919023471128,0.9941047012817357,12.448990136056393
103462876458093,24.459986177,29899269,3.47412109375,0.8966529369354248,-0.3651885986328125,-0.0019802451133728027,-0.015034191310405731,-0.00028693675994873047,30.177053451538086,0,-0.1037607192993164,-0.05578213930130005,-0.014617919921875,-0.0012224987149238586,0.0020004436373710632,0.00040924549102783203,103462875757440,0.701,1444099,12034.158333333333,34,True,0.5259928107261658,1.14407217502594,-5.235350131988525,0.7313320636749268,0.02032298780977726,-0.6815178394317627,0.016548898071050644,1441164,0.5235210657119751,1.1527634859085083,-5.209558010101318,0.7171733245109677,0.09203942692836133,-0.688115643494409,-0.06072913369100718,0.023383718641366475,0.01411336918689425,-0.0009468222710761213,0.027329141218069255,-0.00753964520483307,0.011717270196433207,0.10551182068056994,0.994320428748198,12.218873451881516
103462977922798,24.561450882,29999281,3.5782408714294434,0.8270683884620667,-0.1498870849609375,-0.002369888126850128,-0.014193195849657059,-0.00682985782623291,30.177053451538086,0,-0.1037607192993164,-0.05578213930130005,-0.014617919921875,-0.0012224987149238586,0.0020004436373710632,0.00040924549102783203,103462977679846,0.243,1444111,12034.258333333333,34,True,0.5260945558547974,1.1443665027618408,-5.235870361328125,0.7315512895584106,0.019848806783556938,-0.6812896728515625,0.016826307401061058,1441164,0.5235210657119751,1.1527634859085083,-5.209558010101318,0.7171733245109677,0.09203942692836133,-0.688115643494409,-0.06072913369100718,0.023958490755725925,0.013942339117824712,-0.0010362939712381396,0.027739358402159454,-0.007446618247148768,0.01203502215425606,0.10604910329172805,0.9942601741040663,12.283579352007
103463078166138,24.661694222,30100884,3.6205878257751465,0.8385744690895081,-0.082244873046875,-0.0003453493118286133,-0.008709203451871872,-0.009797096252441406,30.177053451538086,0,-0.1037607192993164,-0.05578213930130005,-0.014617919921875,-0.0012224987149238586,0.0020004436373710632,0.00040924549102783203,103463075750420,2.416,1444123,12034.358333333334,34,True,0.526075005531311,1.1442930698394775,-5.236338138580322,0.7311590313911438,0.019869670271873474,-0.6816468834877014,0.019215360283851624,1441164,0.5235210657119751,1.1527634859085083,-5.209558010101318,0.7171733245109677,0.09203942692836133,-0.688115643494409,-0.06072913369100718,0.024398419452253548,0.01411303794951465,-0.0009925353407791017,0.028203649379738793,-0.00911764063676661,0.011287766990153327,0.10766367349886714,0.9940814797361051,12.47350847745483
103463178268926,24.761797010,30201173,3.7020411491394043,0.7566856145858765,0.047821044921875,-0.0006997212767601013,-0.009352259337902069,-0.011546492576599121,30.177053451538086,0,-0.1037607192993164,-0.05578213930130005,-0.014617919921875,-0.0012224987149238586,0.0020004436373710632,0.00040924549102783203,103463176770078,1.499,1444135,12034.458333333334,34,True,0.5259925723075867,1.1443842649459839,-5.236639499664307,0.7326769232749939,0.02062395215034485,-0.6799649000167847,0.02017173357307911,1441164,0.5235210657119751,1.1527634859085083,-5.209558010101318,0.7171733245109677,0.09203942692836133,-0.688115643494409,-0.06072913369100718,0.02470918212715318,0.014084490800507159,-0.0009001129033663997,0.028455698300010202,-0.010569548507223605,0.013404695189384475,0.10781838134749143,0.9940240416784898,12.533948916064205
103463278357343,24.861885427,30301250,3.7752819061279297,0.8156219124794006,-0.018585205078125,-0.0025001727044582367,-0.010256461799144745,-0.012670397758483887,30.177053451538086,0,-0.1037607192993164,-0.05578213930130005,-0.014617919921875,-0.0012224987149238586,0.0020004436373710632,0.00040924549102783203,103463275202984,3.154,1444147,12034.558333333332,34,True,0.5260166525840759,1.1442418098449707,-5.236679553985596,0.732628583908081,0.020191149786114693,-0.6800437569618225,0.019701259210705757,1441164,0.5235210657119751,1.1527634859085083,-5.209558010101318,0.7171733245109677,0.09203942692836133,-0.688115643494409,-0.06072913369100718,0.02471842352130478,0.01423321060389976,-0.0009166864029185018,0.028538133425906706,-0.009924125255829242,0.013384463986864438,0.10780537520949014,0.9940323782139252,12.525194637933367
103463378469879,24.961997963,30401196,3.766450881958008,0.866962730884552,0.0493316650390625,-0.001887001097202301,0.0011490806937217712,-0.014308929443359375,30.177053451538086,0,-0.1037607192993164,-0.05578213930130005,-0.014617919921875,-0.0012224987149238586,0.0020004436373710632,0.00040924549102783203,103463376872057,1.598,1444159,12034.658333333333,34,True,0.5261820554733276,1.1442043781280518,-5.236345291137695,0.731671929359436,0.019304953515529633,-0.6811804175376892,0.01663823239505291,1441164,0.5235210657119751,1.1527634859085083,-5.209558010101318,0.7171733245109677,0.09203942692836133,-0.688115643494409,-0.06072913369100718,0.024390136941185508,0.014206287241459678,-0.0010955549427999055,0.02824708158074627,-0.006954883805578839,0.012246728859722113,0.10631418747838504,0.994232840316743,12.31282071002686
103463478565218,25.062093302,30501394,3.8924055099487305,0.9239879250526428,-0.0812225341796875,-0.0024647824466228485,-0.004634477198123932,-0.013546586036682129,30.177053451538086,0,-0.1037607192993164,-0.05578213930130005,-0.014617919921875,-0.0012224987149238586,0.0020004436373710632,0.00040924549102783203,103463473908413,4.657,1444171,12034.758333333333,34,True,0.5260879397392273,1.1437795162200928,-5.2364091873168945,0.7317620515823364,0.018702097237110138,-0.6810631155967712,0.018099917098879814,1441164,0.5235210657119751,1.1527634859085083,-5.209558010101318,0.7171733245109677,0.09203942692836133,-0.688115643494409,-0.06072913369100718,0.024357497376073813,0.014629917586594854,-0.000981888221962073,0.02843037585921839,-0.007604599829655759,0.012294947770031706,0.10775352140864464,0.9940725239864543,12.482951539504274
103463578685997,25.162214081,30601195,3.7095489501953125,1.0026440620422363,-0.2944183349609375,-0.003855496644973755,0.00994899682700634,-0.01291799545288086,30.177053451538086,0,-0.1037607192993164,-0.05578213930130005,-0.014617919921875,-0.0012224987149238586,0.0020004436373710632,0.00040924549102783203,103463575055372,3.631,1444183,12034.858333333334,34,True,0.5259262323379517,1.144008755683899,-5.236708641052246,0.7330811023712158,0.020687345415353775,-0.6795265674591064,0.020193761214613914,1441164,0.5235210657119751,1.1527634859085083,-5.209558010101318,0.7171733245109677,0.09203942692836133,-0.688115643494409,-0.06072913369100718,0.024693302401362204,0.014462435408862537,-0.0008158844263953442,0.028628427984048927,-0.0106938572196812,0.013991300148957275,0.10779865433269188,0.9940167679983913,12.541582107506073
103463678930632,25.262458716,30701610,3.765415668487549,0.9587459564208984,-0.2291259765625,-0.004379831254482269,0.01208445057272911,-0.016559243202209473,30.177053451538086,0,-0.1037607192993164,-0.05578213930130005,-0.014617919921875,-0.0012224987149238586,0.0020004436373710632,0.00040924549102783203,103463674610873,4.320,1444195,12034.958333333334,34,True,0.5258460640907288,1.143977403640747,-5.236887454986572,0.7333691120147705,0.019268451258540154,-0.6792467832565308,0.020551925525069237,1441164,0.5235210657119751,1.1527634859085083,-5.209558010101318,0.7171733245109677,0.09203942692836133,-0.688115643494409,-0.06072913369100718,0.02485814268532991,0.0145273675368125,-0.0007264650709786998,0.02880103152342302,-0.010017601155074586,0.014443340185667952,0.10907221816079089,0.993878407460824,12.685910184981553
103463779037157,25.362565241,30801946,3.818838119506836,0.9324345588684082,-0.35723876953125,-0.00598713755607605,0.012835202738642693,-0.014914989471435547,30.177053451538086,0,-0.1037607192993164,-0.05578213930130005,-0.014617919921875,-0.0012224987149238586,0.0020004436373710632,0.00040924549102783203,103463777932796,1.104,1444207,12035.058333333332,34,True,0.5259196758270264,1.1440657377243042,-5.237017631530762,0.7331883311271667,0.01833828166127205,-0.6794573664665222,0.02088811621069908,1441164,0.5235210657119751,1.1527634859085083,-5.209558010101318,0.7171733245109677,0.09203942692836133,-0.688115643494409,-0.06072913369100718,0.02500686929549487,0.014472575681087996,-0.0007974987156186854,0.028903891831519802,-0.0095882835526269,0.014193463360928693,0.10996680155207351,0.9937876599016227,12.77969020732509
103463879241351,25.462769435,30901814,3.8479862213134766,0.8758158087730408,-0.2879180908203125,-0.006068386137485504,0.022715618833899498,-0.01541900634765625,30.177053451538086,0,-0.1037607192993164,-0.05578213930130005,-0.014617919921875,-0.0012224987149238586,0.0020004436373710632,0.00040924549102783203,103463875591092,3.650,1444219,12035.158333333333,34,True,0.5260757803916931,1.1441740989685059,-5.237095355987549,0.7323662042617798,0.016195371747016907,-0.6804402470588684,0.019456420093774796,1441164,0.5235210657119751,1.1527634859085083,-5.209558010101318,0.7171733245109677,0.09203942692836133,-0.688115643494409,-0.06072913369100718,0.025111703942663568,0.014391026674383113,-0.0009540596998901198,0.028958756077527667,-0.006946548762356472,0.013184758960140097,0.11050248929027773,0.9937641105675468,12.803914688661859
103463979492758,25.563020842,31002168,3.909658908843994,0.8543176651000977,-0.2461700439453125,-0.006103899329900742,0.01807667501270771,-0.017064571380615234,30.177053451538086,0,-0.1037607192993164,-0.05578213930130005,-0.014617919921875,-0.0012224987149238586,0.0020004436373710632,0.00040924549102783203,103463974945652,4.547,1444231,12035.258333333333,34,True,0.5260777473449707,1.1442686319351196,-5.236844062805176,0.732275128364563,0.01803293265402317,-0.6805080771446228,0.018887298181653023,1441164,0.5235210657119751,1.1527634859085083,-5.209558010101318,0.7171733245109677,0.09203942692836133,-0.688115643494409,-0.06072913369100718,0.02488693930867213,0.014245167900489741,-0.0009712262829568695,0.028691947252833496,-0.007791070122768559,0.013014230496213811,0.10878875497189733,0.9939491615885584,12.612309917956024
103464079598911,25.663126995,31102436,3.7754340171813965,0.8546106219291687,-0.3127899169921875,-0.006728295236825943,0.01583852246403694,-0.014077544212341309,30.177053451538086,0,-0.1037607192993164,-0.05578213930130005,-0.014617919921875,-0.0012224987149238586,0.0020004436373710632,0.00040924549102783203,103464074977557,4.621,1444243,12035.358333333334,34,True,0.5260382890701294,1.1442433595657349,-5.236608028411865,0.7323302626609802,0.018239155411720276,-0.6804291605949402,0.019391892477869987,1441164,0.5235210657119751,1.1527634859085083,-5.209558010101318,0.7171733245109677,0.09203942692836133,-0.688115643494409,-0.06072913369100718,0.024649741752280675,0.014217456302205472,-0.0009416075474047844,0.028471607909153655,-0.008305467880791607,0.013049798865858777,0.10898835082549609,0.9939226636600961,12.639923737796359
103464179804796,25.763332880,31202562,3.7259631156921387,0.8883008360862732,-0.2043914794921875,-0.005475383251905441,0.01786762662231922,-0.01168358325958252,30.177053451538086,0,-0.1037607192993164,-0.05578213930130005,-0.014617919921875,-0.0012224987149238586,0.0020004436373710632,0.00040924549102783203,103464178482363,1.322,1444255,12035.458333333334,34,True,0.5261464715003967,1.1440433263778687,-5.23621129989624,0.7316715121269226,0.016909608617424965,-0.6811842918395996,0.018943121656775475,1441164,0.5235210657119751,1.1527634859085083,-5.209558010101318,0.7171733245109677,0.09203942692836133,-0.688115643494409,-0.06072913369100718,0.024223381353440005,0.014333054921588961,-0.0010597769134585036,0.02816614625194171,-0.00695923291252482,0.012176990158025093,0.1096182957464356,0.9938748005788293,12.689650767635163
103464280028311,25.863556395,31302679,3.6099867820739746,0.9657434225082397,-0.26861572265625,-0.005812529474496841,0.022822458297014236,-0.007017850875854492,30.177053451538086,0,-0.1037607192993164,-0.05578213930130005,-0.014617919921875,-0.0012224987149238586,0.0020004436373710632,0.00040924549102783203,103464276358138,3.670,1444267,12035.558333333332,34,True,0.526071310043335,1.1437186002731323,-5.236006259918213,0.7316153049468994,0.017177557572722435,-0.6812137961387634,0.01979336515069008,1441164,0.5235210657119751,1.1527634859085083,-5.209558010101318,0.7171733245109677,0.09203942692836133,-0.688115643494409,-0.06072913369100718,0.023950581182455723,0.014602411147745905,-0.0009812595876267647,0.02806819589292346,-0.007747255682899642,0.01202262508051505,0.11000781322836124,0.9938278108124522,12.738282402601369
103464380145277,25.963673361,31402843,3.4778542518615723,0.9530768990516663,-0.42083740234375,-0.007660433650016785,0.022318553179502487,-0.0031957626342773438,30.177053451538086,0,-0.1037607192993164,-0.05578213930130005,-0.014617919921875,-0.0012224987149238586,0.0020004436373710632,0.00040924549102783203,103464378129082,2.016,1444279,12035.658333333333,34,True,0.5260059833526611,1.1439467668533325,-5.235715866088867,0.7315675616264343,0.018710173666477203,-0.6812424659729004,0.019174933433532715,1441164,0.5235210657119751,1.1527634859085083,-5.209558010101318,0.7171733245109677,0.09203942692836133,-0.688115643494409,-0.06072913369100718,0.023714046014333936,0.014314550185832216,-0.000938325663924976,0.027715388874129776,-0.008352811438164987,0.011933055930549274,0.10848045035677109,0.9939918634514213,12.567682622894962
103464480307659,26.063835743,31502940,3.5278286933898926,0.887064516544342,-0.5048828125,-0.006386019289493561,0.019586434587836266,-0.002704620361328125,30.177053451538086,0,-0.1037607192993164,-0.05578213930130005,-0.014617919921875,-0.0012224987149238586,0.0020004436373710632,0.00040924549102783203,103464474819250,5.488,1444291,12035.758333333333,34,True,0.5259215235710144,1.1445924043655396,-5.23530912399292,0.7318167090415955,0.017747726291418076,-0.681022584438324,0.018373075872659683,1441164,0.5235210657119751,1.1527634859085083,-5.209558010101318,0.7171733245109677,0.09203942692836133,-0.688115643494409,-0.06072913369100718,0.023453290545208155,0.01359357154315332,-0.0008981166273516043,0.02712284347506919,-0.007150834338316469,0.012394443247873144,0.10862850672736456,0.9939794217543059,12.580701594539155
103464580553700,26.164081784,31603068,3.3744053840637207,0.8582103848457336,-0.3773956298828125,-0.0054535940289497375,0.016535937786102295,0.0002499818801879883,30.177053451538086,0,-0.1037607192993164,-0.05578213930130005,-0.014617919921875,-0.0012224987149238586,0.0020004436373710632,0.00040924549102783203,103464575587310,4.966,1444303,12035.858333333334,34,True,0.5256802439689636,1.1446927785873413,-5.234497547149658,0.730923056602478,0.018515096977353096,-0.6818410158157349,0.022395290434360504,1441164,0.5235210657119751,1.1527634859085083,-5.209558010101318,0.7171733245109677,0.09203942692836133,-0.688115643494409,-0.06072913369100718,0.022674281361456317,0.013310456744769888,-0.0006982704218500776,0.026301689595820764,-0.010433900209184468,0.01077574560761635,0.11081336709642821,0.9937280386030058,12.840932573722863
103464680801772,26.264329856,31703515,3.219573497772217,0.6920021176338196,-0.22894287109375,-0.008298832923173904,0.010679198428988457,0.00846874713897705,30.177053451538086,0,-0.1037607192993164,-0.05578213930130005,-0.014617919921875,-0.0012224987149238586,0.0020004436373710632,0.00040924549102783203,103464675552673,5.249,1444315,12035.958333333334,34,True,0.5256127715110779,1.1447007656097412,-5.234006404876709,0.7305002808570862,0.019692128524184227,-0.6822795271873474,0.021822012960910797,1441164,0.5235210657119751,1.1527634859085083,-5.209558010101318,0.7171733245109677,0.09203942692836133,-0.688115643494409,-0.06072913369100718,0.02219430566533847,0.013194402118562142,-0.000653641818358008,0.02582840875585445,-0.010766659837873942,0.010151622634790027,0.10956247139650113,0.9938697542713065,12.69488229058987
103464780994694,26.364522778,31803864,3.012042999267578,0.8399620652198792,-0.229278564453125,-0.005862589925527573,0.017816171050071716,0.00847935676574707,30.177053451538086,0,-0.1037607192993164,-0.05578213930130005,-0.014617919921875,-0.0012224987149238586,0.0020004436373710632,0.00040924549102783203,103464774667110,6.328,1444327,12036.058333333332,34,True,0.5257543921470642,1.1441841125488281,-5.232577323913574,0.7309116125106812,0.02265199087560177,-0.6819563508033752,0.013807233422994614,1441164,0.5235210657119751,1.1527634859085083,-5.209558010101318,0.7171733245109677,0.09203942692836133,-0.688115643494409,-0.06072913369100718,0.020693501979988465,0.01339985030018673,-0.0008397561160065489,0.024667432022761736,-0.007110126081005679,0.01122436565760232,0.10194287395232914,0.9947015181314626,11.801448001015997
103464881199646,26.464727730,31903951,3.057373523712158,0.8728869557380676,-0.297882080078125,-0.008593045175075531,0.013368362560868263,0.006666660308837891,30.177053451538086,0,-0.1037607192993164,-0.05578213930130005,-0.014617919921875,-0.0012224987149238586,0.0020004436373710632,0.00040924549102783203,103464880118912,1.081,1444339,12036.158333333333,34,True,0.5253426432609558,1.143970012664795,-5.23061990737915,0.7304773926734924,0.032841600477695465,-0.6820976734161377,0.008192128501832485,1441164,0.5235210657119751,1.1527634859085083,-5.209558010101318,0.7171733245109677,0.09203942692836133,-0.688115643494409,-0.06072913369100718,0.01872241818293971,0.013170353740402272,-0.0005095813307044333,0.02289643713324853,-0.010055374647374557,0.010722223528844667,0.09073992707835188,0.9957661316780733,10.548474253780848
103464981453354,26.564981438,32004174,2.881974220275879,0.9220954179763794,0.1057891845703125,-0.008111212402582169,0.01306031085550785,0.0023849010467529297,30.177053451538086,0,-0.1037607192993164,-0.05578213930130005,-0.014617919921875,-0.0012224987149238586,0.0020004436373710632,0.00040924549102783203,103464974710843,6.743,1444351,12036.258333333333,34,True,0.5251805186271667,1.1446576118469238,-5.228347301483154,0.7298418283462524,0.03876260295510292,-0.6824881434440613,0.0061920699663460255,1441164,0.5235210657119751,1.1527634859085083,-5.209558010101318,0.7171733245109677,0.09203942692836133,-0.688115643494409,-0.06072913369100718,0.016647167081018207,0.01200579837703706,-0.00047862555107143425,0.02053037868407547,-0.01262078497662071,0.009829354516465773,0.0850824909525994,0.9962454864689047,9.933000031067612
103465081686363,26.665214447,32104392,2.4875943660736084,0.8479827046394348,0.34344482421875,-0.009404193609952927,0.0291946642100811,0.002789020538330078,30.177053451538086,0,-0.1037607192993164,-0.05578213930130005,-0.014617919921875,-0.0012224987149238586,0.0020004436373710632,0.00040924549102783203,103465075256967,6.429,1444363,12036.358333333334,34,True,0.5250341296195984,1.1461615562438965,-5.22607421875,0.7282847166061401,0.03668403625488281,-0.6842879056930542,0.002399880439043045,1441164,0.5235210657119751,1.1527634859085083,-5.209558010101318,0.7171733245109677,0.09203942692836133,-0.688115643494409,-0.06072913369100718,0.014748016909998333,0.01004541042935982,-0.0004956937965440339,0.017851049991858183,-0.008210622490583496,0.00794240062791446,0.08392970084286674,0.9964061969232276,9.717955674669744
103465181987305,26.765515389,32204606,1.9027726650238037,0.6469050049781799,0.2790069580078125,-0.007458973675966263,0.026845775544643402,0.016123175621032715,30.177053451538086,0,-0.1037607192993164,-0.05578213930130005,-0.014617919921875,-0.0012224987149238586,0.0020004436373710632,0.00040924549102783203,103465175109771,6.878,1444375,12036.458333333334,34,True,0.5249542593955994,1.147086501121521,-5.224217891693115,0.7284945249557495,0.038824792951345444,-0.6839122772216797,-0.007246792316436768,1441164,0.5235210657119751,1.1527634859085083,-5.209558010101318,0.7171733245109677,0.09203942692836133,-0.688115643494409,-0.06072913369100718,0.01313311357610754,0.008742255270865664,-0.0005372422805886383,0.015785890177369494,-0.0028126883621709333,0.009114031150758541,0.07575287579843049,0.9970810022403536,8.757702848604685
103465282103313,26.865631397,32304888,1.8117592334747314,0.5833858251571655,0.34063720703125,-0.005679961293935776,0.01667087897658348,0.016142725944519043,30.177053451538086,0,-0.1037607192993164,-0.05578213930130005,-0.014617919921875,-0.0012224987149238586,0.0020004436373710632,0.00040924549102783203,103465275489060,6.614,1444387,12036.558333333332,34,True,0.524763822555542,1.1462867259979248,-5.223402976989746,0.7287610173225403,0.04990819841623306,-0.6829070448875427,-0.007389332167804241,1441164,0.5235210657119751,1.1527634859085083,-5.209558010101318,0.7171733245109677,0.09203942692836133,-0.688115643494409,-0.06072913369100718,0.012158613595813075,0.009339148705056173,-0.0003526876036825796,0.015335448205162909,-0.010445831912529329,0.00935836853123784,0.06766955318906966,0.9976092106157002,7.925466759178441
103465382224830,26.965752914,32404889,1.7791833877563477,0.7655524611473083,0.0730743408203125,-0.009084437042474747,0.012450376525521278,0.0056610107421875,30.334941864013672,0,-0.1037607192993164,-0.05578213930130005,-0.014617919921875,-0.0012224987149238586,0.0020004436373710632,0.00040924549102783203,103465375263831,6.961,1444399,12036.658333333333,34,True,0.5246908664703369,1.146264910697937,-5.222373962402344,0.727901041507721,0.058085668832063675,-0.6830675005912781,-0.014318376779556274,1441164,0.5235210657119751,1.1527634859085083,-5.209558010101318,0.7171733245109677,0.09203942692836133,-0.688115643494409,-0.06072913369100718,0.011147149839899543,0.009136922822701043,-0.00032594285190203293,0.014416953456395482,-0.01103655732767795,0.008792665729860594,0.0569674982349719,0.9982763082316259,6.729144152760233
103465482386596,27.065914680,32505178,1.9576401710510254,0.8980921506881714,0.0009765625,-0.014957036823034286,0.016576843336224556,-0.01445150375366211,30.334941864013672,0,-0.1037607192993164,-0.05578213930130005,-0.014617919921875,-0.0012224987149238586,0.0020004436373710632,0.00040924549102783203,103465482325576,0.061,1444412,12036.766666666666,34,True,0.524427056312561,1.1458019018173218,-5.220853805541992,0.7258532643318176,0.07047814130783081,-0.6838365793228149,-0.023184053599834442,1441164,0.5235210657119751,1.1527634859085083,-5.209558010101318,0.7171733245109677,0.09203942692836133,-0.688115643494409,-0.06072913369100718,0.009554421788404075,0.009250922992738836,-0.00011364302109890471,0.013299604004050612,-0.013010639185634724,0.006895403259005785,0.041837566627433376,0.9990159131368089,5.084168842381814
103465582508016,27.166036100,32605060,1.9332985877990723,1.221533477306366,0.123992919921875,-0.016598310321569443,0.03273521736264229,-0.0353243350982666,30.334941864013672,0,-0.1037607192993164,-0.05578213930130005,-0.014617919921875,-0.0012224987149238586,0.0020004436373710632,0.00040924549102783203,103465575034652,7.473,1444423,12036.858333333334,34,True,0.5246235132217407,1.1452579498291016,-5.218972682952881,0.7239866256713867,0.0832536518573761,-0.6832809448242188,-0.04516032338142395,1441164,0.5235210657119751,1.1527634859085083,-5.209558010101318,0.7171733245109677,0.09203942692836133,-0.688115643494409,-0.06072913369100718,0.007608599445888566,0.0093890276284513,-0.00037403464707841394,0.012090679354486775,-0.005978654627824883,0.0072562637649392645,0.017347549767065335,0.9998053134696245,2.2612189937379186
103465683949510,27.267477594,32705406,1.6288630962371826,1.721910536289215,-0.13714599609375,-0.018728207796812057,0.018066629767417908,-0.059368133544921875,30.334941864013672,0,-0.1037607192993164,-0.05578213930130005,-0.014617919921875,-0.0012224987149238586,0.0020004436373710632,0.00040924549102783203,103465683645808,0.304,1444436,12036.966666666667,34,True,0.5242345929145813,1.1450603008270264,-5.2174506187438965,0.7223659753799438,0.1022799164056778,-0.6814367771148682,-0.058052875101566315,1441164,0.5235210657119751,1.1527634859085083,-5.209558010101318,0.7171733245109677,0.09203942692836133,-0.688115643494409,-0.06072913369100718,0.006066709736676548,0.009237653125959583,-4.743784024314606e-05,0.011051762422949736,-0.009896046493226673,0.007494831733621143,-0.005430303637428989,0.9999081995680874,1.5527205847945063
103465784836708,27.368364792,32806951,1.6324794292449951,1.8159815669059753,0.2668304443359375,-0.015788093209266663,0.01731789857149124,-0.07545864582061768,30.334941864013672,0,-0.1037607192993164,-0.05578213930130005,-0.014617919921875,-0.0012224987149238586,0.0020004436373710632,0.00040924549102783203,103465784591704,0.245,1444448,12037.066666666666,34,True,0.5243341326713562,1.145161509513855,-5.21610164642334,0.7194363474845886,0.11856558918952942,-0.6800758838653564,-0.07648730278015137,1441164,0.5235210657119751,1.1527634859085083,-5.209558010101318,0.7171733245109677,0.09203942692836133,-0.688115643494409,-0.06072913369100718,0.004775767541584902,0.008855351870627623,-0.00021233684630418085,0.010063314528532956,-0.007829135101864837,0.007162584748426737,-0.030147259355350946,0.9994891419003208,3.6629944274933597
103465884933385,27.468461469,32907706,1.398672342300415,1.8469544053077698,0.4781494140625,-0.012378737330436707,0.02088138461112976,-0.09070742130279541,30.334941864013672,0,-0.1037607192993164,-0.05578213930130005,-0.014617919921875,-0.0012224987149238586,0.0020004436373710632,0.00040924549102783203,103465884056760,0.877,1444460,12037.166666666666,34,True,0.524239182472229,1.1449681520462036,-5.214777946472168,0.7169322967529297,0.1337602734565735,-0.6782820820808411,-0.08972052484750748,1441164,0.5235210657119751,1.1527634859085083,-5.209558010101318,0.7171733245109677,0.09203942692836133,-0.688115643494409,-0.06072913369100718,0.0034389683365231728,0.008756435002266385,-0.00017029460750553164,0.00940907314361358,-0.008807352356838329,0.007021192825254708,-0.0504898735809777,0.9986610566461226,5.930580396915904
103465985141412,27.568669496,33007838,1.368074655532837,1.7839542031288147,0.4940643310546875,-0.014547139406204224,0.01735103689134121,-0.10356009006500244,30.334941864013672,0,-0.1037607192993164,-0.05578213930130005,-0.014617919921875,-0.0012224987149238586,0.0020004436373710632,0.00040924549102783203,103465983493413,1.648,1444472,12037.266666666666,34,True,0.5244314670562744,1.144582748413086,-5.21339750289917,0.7133421897888184,0.15048599243164062,-0.6761945486068726,-0.10610359907150269,1441164,0.5235210657119751,1.1527634859085083,-5.209558010101318,0.7171733245109677,0.09203942692836133,-0.688115643494409,-0.06072913369100718,0.002015748920196761,0.008846677088345242,-0.0004099540300306613,0.009082675900937202,-0.008541188433828313,0.006540057511533527,-0.07421576459127373,0.9971841836060259,8.6014516589579
103466085258410,27.668786494,33107909,1.384979009628296,1.9870962500572205,0.5759429931640625,-0.012218557298183441,0.019604457542300224,-0.1176677942276001,30.334941864013672,0,-0.1037607192993164,-0.05578213930130005,-0.014617919921875,-0.0012224987149238586,0.0020004436373710632,0.00040924549102783203,103466082565211,2.693,1444484,12037.366666666667,34,True,0.5242404937744141,1.1445482969284058,-5.212309837341309,0.7099876403808594,0.16538041830062866,-0.6737143993377686,-0.1211441233754158,1441164,0.5235210657119751,1.1527634859085083,-5.209558010101318,0.7171733245109677,0.09203942692836133,-0.688115643494409,-0.06072913369100718,0.0009400735801768246,0.008638525386392261,-0.00026758304708101476,0.008693644798045018,-0.008028165864670398,0.006490232249781349,-0.09570663756570157,0.9953560493431789,11.047897534632503
103466185374063,27.768902147,33208156,1.2494211196899414,2.0940287709236145,0.682464599609375,-0.010646767914295197,0.03430837392807007,-0.13499951362609863,30.334941864013672,0,-0.1037607192993164,-0.05578213930130005,-0.014617919921875,-0.0012224987149238586,0.0020004436373710632,0.00040924549102783203,103466183769451,1.605,1444496,12037.466666666667,34,True,0.5244702696800232,1.1444271802902222,-5.21106481552124,0.7047988772392273,0.18153992295265198,-0.6713242530822754,-0.14009131491184235,1441164,0.5235210657119751,1.1527634859085083,-5.209558010101318,0.7171733245109677,0.09203942692836133,-0.688115643494409,-0.06072913369100718,-0.0002926686917863609,0.008501673277537248,-0.0005489431908588814,0.008524402742006809,-0.005464232473669798,0.00539644854694521,-0.12095638847676998,0.9926281139445984,13.922720079515603
103466285584314,27.869112398,33308263,1.1186716556549072,2.039351761341095,0.6560211181640625,-0.013559751212596893,0.03764764964580536,-0.148748517036438,30.334941864013672,0,-0.1037607192993164,-0.05578213930130005,-0.014617919921875,-0.0012224987149238586,0.0020004436373710632,0.00040924549102783203,103466283050385,2.534,1444508,12037.566666666666,34,True,0.5240834951400757,1.1449623107910156,-5.209813117980957,0.7019397020339966,0.19917820394039154,-0.6662708520889282,-0.1539216935634613,1441164,0.5235210657119751,1.1527634859085083,-5.209558010101318,0.7171733245109677,0.09203942692836133,-0.688115643494409,-0.06072913369100718,-0.0014126698378802032,0.007693240768849547,-0.0002411441628755616,0.007825582413190356,-0.007974107737008549,0.007254952295052633,-0.14369303758743507,0.9895635857396387,16.569969608695136
103466385779177,27.969307261,33408335,1.1918420791625977,2.0023757815361023,0.60980224609375,-0.014800280332565308,0.03742964193224907,-0.1644079089164734,30.334941864013672,0,-0.1037607192993164,-0.05578213930130005,-0.014617919921875,-0.0012224987149238586,0.0020004436373710632,0.00040924549102783203,103466382435836,3.343,1444520,12037.666666666666,34,True,0.5241620540618896,1.1449768543243408,-5.208053112030029,0.6948534846305847,0.215495303273201,-0.6636314392089844,-0.17416593432426453,1441164,0.5235210657119751,1.1527634859085083,-5.209558010101318,0.7171733245109677,0.09203942692836133,-0.688115643494409,-0.06072913369100718,-0.003124146661200147,0.007306612429151128,-0.0004004224603297698,0.007956583167242728,-0.0044961198395236665,0.005144076776586238,-0.1701381038130946,0.9853965440427472,19.607642769192903
103466485893068,28.069421152,33508574,0.9978208541870117,1.9789274334907532,0.669219970703125,-0.01437697559595108,0.03802374377846718,-0.17853742837905884,30.334941864013672,0,-0.1037607192993164,-0.05578213930130005,-0.014617919921875,-0.0012224987149238586,0.0020004436373710632,0.00040924549102783203,103466482787397,3.106,1444532,12037.766666666666,34,True,0.5239259004592896,1.1450390815734863,-5.2062788009643555,0.688829243183136,0.2351180464029312,-0.6582385897636414,-0.19223898649215698,1441164,0.5235210657119751,1.1527634859085083,-5.209558010101318,0.7171733245109677,0.09203942692836133,-0.688115643494409,-0.06072913369100718,-0.004850648119592734,0.006855157514771639,-0.000248101461184232,0.008401400244452134,-0.005167833134956863,0.005338070822527853,-0.1975293277870583,0.980268821887433,22.801363954064982
103466585958111,28.169486195,33608555,0.6737018823623657,1.9482341408729553,0.837921142578125,-0.013200804591178894,0.04516180232167244,-0.19102805852890015,30.334941864013672,0,-0.1037607192993164,-0.05578213930130005,-0.014617919921875,-0.0012224987149238586,0.0020004436373710632,0.00040924549102783203,103466583525521,2.433,1444544,12037.866666666667,34,True,0.5240894556045532,1.1449843645095825,-5.20469856262207,0.683634877204895,0.24996070563793182,-0.6532355546951294,-0.2084377110004425,1441164,0.5235210657119751,1.1527634859085083,-5.209558010101318,0.7171733245109677,0.09203942692836133,-0.688115643494409,-0.06072913369100718,-0.006398572516265964,0.006578652266226075,-0.0004812802997678086,0.009189778376695502,-0.003909033467590973,0.005941329446304489,-0.22010261164796532,0.9754507985580332,25.44361420732087
103466686218644,28.269746728,33708635,0.5697987079620361,1.9649010300636292,0.919769287109375,-0.009988807141780853,0.04007384181022644,-0.2026500701904297,30.334941864013672,0,-0.1037607192993164,-0.05578213930130005,-0.014617919921875,-0.0012224987149238586,0.0020004436373710632,0.00040924549102783203,103466683677375,2.541,1444556,12037.966666666667,34,True,0.5240545868873596,1.1452158689498901,-5.203552722930908,0.6787294745445251,0.26211872696876526,-0.6494455337524414,-0.2209993600845337,1441164,0.5235210657119751,1.1527634859085083,-5.209558010101318,0.7171733245109677,0.09203942692836133,-0.688115643494409,-0.06072913369100718,-0.007468048987884408,0.00610613774559598,-0.0005079042666327559,0.009659950341368068,-0.0033172087046254304,0.005701767431804617,-0.2381475219134196,0.9712065917100547,27.565239920561336
103466786335967,28.369864051,33809053,0.46758997440338135,1.9011978507041931,0.894317626953125,-0.01113433763384819,0.03918862342834473,-0.2130761742591858,30.334941864013672,0,-0.1037607192993164,-0.05578213930130005,-0.014617919921875,-0.0012224987149238586,0.0020004436373710632,0.00040924549102783203,103466783397344,2.939,1444568,12038.066666666666,34,True,0.5240922570228577,1.1445660591125488,-5.202706336975098,0.6751049757003784,0.274141788482666,-0.6448582410812378,-0.23073236644268036,1441164,0.5235210657119751,1.1527634859085083,-5.209558010101318,0.7171733245109677,0.09203942692836133,-0.688115643494409,-0.06072913369100718,-0.008432704049425643,0.006561034392490307,-0.0005584087505375137,0.010699041556014127,-0.004812312183337803,0.006663247562603559,-0.2540797681262377,0.9671483413687307,29.45387531657525
103466886594683,28.470122767,33909241,0.2266552448272705,1.9683433175086975,0.801849365234375,-0.011301364749670029,0.041058026254177094,-0.22624188661575317,30.334941864013672,0,-0.1037607192993164,-0.05578213930130005,-0.014617919921875,-0.0012224987149238586,0.0020004436373710632,0.00040924549102783203,103466883958278,2.636,1444580,12038.166666666666,34,True,0.523862898349762,1.1442511081695557,-5.2016119956970215,0.6693398952484131,0.28680717945098877,-0.640591025352478,-0.243657648563385,1441164,0.5235210657119751,1.1527634859085083,-5.209558010101318,0.7171733245109677,0.09203942692836133,-0.688115643494409,-0.06072913369100718,-0.009576751451094098,0.006623274353101104,-0.0003669301346120803,0.011649745457998907,-0.0043005417435372515,0.006177015717812264,-0.27284687710238303,0.9620280305027558,31.679849318100672
103466986850489,28.570378573,34009516,0.1847444772720337,2.0926089882850647,0.9287261962890625,-0.012261640280485153,0.05074084550142288,-0.23562610149383545,30.334941864013672,0,-0.1037607192993164,-0.05578213930130005,-0.014617919921875,-0.0012224987149238586,0.0020004436373710632,0.00040924549102783203,103466983873287,2.977,1444592,12038.266666666666,34,True,0.5238735675811768,1.144305944442749,-5.200987339019775,0.6647394299507141,0.29546621441841125,-0.6373066902160645,-0.25428611040115356,1441164,0.5235210657119751,1.1527634859085083,-5.209558010101318,0.7171733245109677,0.09203942692836133,-0.688115643494409,-0.06072913369100718,-0.010174095319077878,0.00643675296589156,-0.0004082446511946462,0.012046188940940002,-0.002659416208979887,0.005819183374424331,-0.2869934130843647,0.9579111887103468,33.36461308643464
103467087109721,28.670637805,34109932,0.2634122371673584,2.160722076892853,0.73138427734375,-0.013295628130435944,0.05010107904672623,-0.24857038259506226,30.334941864013672,0,-0.1037607192993164,-0.05578213930130005,-0.014617919921875,-0.0012224987149238586,0.0020004436373710632,0.00040924549102783203,103467083919930,3.190,1444604,12038.366666666667,34,True,0.5236716866493225,1.1443735361099243,-5.200498104095459,0.6626428365707397,0.3063456416130066,-0.6320173740386963,-0.26002082228660583,1441164,0.5235210657119751,1.1527634859085083,-5.209558010101318,0.7171733245109677,0.09203942692836133,-0.688115643494409,-0.06072913369100718,-0.010644204988798575,0.006256440309532759,-0.0002317238317973645,0.012348920646134773,-0.006392439340641127,0.008036962773478153,-0.29925618762895395,0.9541175389407944,34.84702182304186
103467187233275,28.770761359,34210089,0.1001429557800293,2.2642181515693665,0.72930908203125,-0.012000754475593567,0.05703373998403549,-0.25702768564224243,30.334941864013672,0,-0.1037607192993164,-0.05578213930130005,-0.014617919921875,-0.0012224987149238586,0.0020004436373710632,0.00040924549102783203,103467185977674,1.256,1444616,12038.466666666667,34,True,0.5238385796546936,1.144136905670166,-5.199777126312256,0.657783031463623,0.30999377369880676,-0.6308836936950684,-0.27057549357414246,1441164,0.5235210657119751,1.1527634859085083,-5.209558010101318,0.7171733245109677,0.09203942692836133,-0.688115643494409,-0.06072913369100718,-0.0113927470232331,0.006341273958532195,-0.0004218403192900501,0.013045473905057031,-0.0011424588478761435,0.006255798066029384,-0.30965150341639064,0.9508288522180567,36.084328287068935
103467287344031,28.870872115,34310211,0.005907654762268066,2.3006003499031067,0.65716552734375,-0.01401374489068985,0.05181380361318588,-0.2670469880104065,30.334941864013672,0,-0.1037607192993164,-0.05578213930130005,-0.014617919921875,-0.0012224987149238586,0.0020004436373710632,0.00040924549102783203,103467282516787,4.827,1444628,12038.566666666666,34,True,0.523886501789093,1.1433796882629395,-5.198794364929199,0.6529327630996704,0.32022547721862793,-0.627427875995636,-0.27833202481269836,1441164,0.5235210657119751,1.1527634859085083,-5.209558010101318,0.7171733245109677,0.09203942692836133,-0.688115643494409,-0.06072913369100718,-0.01251326640882373,0.006872309231218098,-0.0004845500831129302,0.014284441157102597,-0.002643795676198019,0.005489216948833865,-0.32298308094012146,0.9463851268210729,37.69380800180819
103467387420266,28.970948350,34410295,-0.15803062915802002,2.2316115498542786,0.6527862548828125,-0.01606915518641472,0.05027996003627777,-0.2723795175552368,30.334941864013672,0,-0.1037607192993164,-0.05578213930130005,-0.014617919921875,-0.0012224987149238586,0.0020004436373710632,0.00040924549102783203,103467382532757,4.888,1444640,12038.666666666666,34,True,0.523830771446228,1.1433725357055664,-5.19788932800293,0.6483672857284546,0.32770615816116333,-0.6239390969276428,-0.2879731357097626,1441164,0.5235210657119751,1.1527634859085083,-5.209558010101318,0.7171733245109677,0.09203942692836133,-0.688115643494409,-0.06072913369100718,-0.01339996839862911,0.006683114804176265,-0.0004699241419220336,0.014981455378874908,-0.0009208694558380528,0.005282766929638972,-0.33561430245341756,0.9419842272361669,39.22500647036525
103467487525810,29.071053894,34510182,-0.2134506106376648,2.2347834706306458,0.819580078125,-0.013857845216989517,0.03966614603996277,-0.27879029512405396,30.334941864013672,0,-0.1037607192993164,-0.05578213930130005,-0.014617919921875,-0.0012224987149238586,0.0020004436373710632,0.00040924549102783203,103467482187200,5.339,1444652,12038.766666666666,34,True,0.5241154432296753,1.143693208694458,-5.197088241577148,0.641186535358429,0.33540239930152893,-0.622058093547821,-0.29904666543006897,1441164,0.5235210657119751,1.1527634859085083,-5.209558010101318,0.7171733245109677,0.09203942692836133,-0.688115643494409,-0.06072913369100718,-0.014102284623004203,0.006212777786328935,-0.0008033062984461822,0.015431083578921034,0.001987820903406268,0.0022424008157498347,-0.3495288305807481,0.936920816717983,40.91856907025302
103467587740530,29.171268614,34610187,-0.18651700019836426,2.1968281865119934,0.7972869873046875,-0.011571764945983887,0.03403604030609131,-0.2842774987220764,30.334941864013672,0,-0.1037607192993164,-0.05578213930130005,-0.014617919921875,-0.0012224987149238586,0.0020004436373710632,0.00040924549102783203,103467582830087,4.910,1444664,12038.866666666667,34,True,0.5240007638931274,1.1438137292861938,-5.196384429931641,0.6380734443664551,0.3444325029850006,-0.6193270683288574,-0.30110207200050354,1441164,0.5235210657119751,1.1527634859085083,-5.209558010101318,0.7171733245109677,0.09203942692836133,-0.688115643494409,-0.06072913369100718,-0.01476722712495672,0.005939176368558835,-0.0007257103648726584,0.015933344546283708,-0.002814158573179571,0.001699640893314425,-0.35787174864784593,0.9337649614609084,41.94095355798372
103467687977827,29.271505911,34710588,-0.2251555323600769,2.003730833530426,0.7983245849609375,-0.01265968382358551,0.03309006989002228,-0.28617674112319946,30.334941864013672,0,-0.1037607192993164,-0.05578213930130005,-0.014617919921875,-0.0012224987149238586,0.0020004436373710632,0.00040924549102783203,103467683657124,4.321,1444676,12038.966666666667,34,True,0.523990273475647,1.1444491147994995,-5.195691108703613,0.6359513998031616,0.34756791591644287,-0.6177896857261658,-0.3051200807094574,1441164,0.5235210657119751,1.1527634859085083,-5.209558010101318,0.7171733245109677,0.09203942692836133,-0.688115643494409,-0.06072913369100718,-0.015307175084896645,0.005170520205367736,-0.000772003214817497,0.01617528600172143,-0.002102706406085703,0.001521402887461665,-0.36317390388935405,0.9317177574205561,42.59163009042813
103467788193105,29.371721189,34810865,-0.1591588854789734,1.8386970162391663,0.6505279541015625,-0.01260257139801979,0.029449772089719772,-0.2855032682418823,30.334941864013672,0,-0.1037607192993164,-0.05578213930130005,-0.014617919921875,-0.0012224987149238586,0.0020004436373710632,0.00040924549102783203,103467785294139,2.899,1444688,12039.066666666666,34,True,0.5237336754798889,1.1444092988967896,-5.195300579071045,0.6359339356422424,0.3513824939727783,-0.6149079203605652,-0.30660510063171387,1441164,0.5235210657119751,1.1527634859085083,-5.209558010101318,0.7171733245109677,0.09203942692836133,-0.688115643494409,-0.06072913369100718,-0.015706095431757782,0.005113453316441153,-0.0005321133265394227,0.01652610005788379,-0.003926735884008271,0.0034811350190077648,-0.3671080851103235,0.930163489011963,43.079371445488356
103467888315378,29.471843462,34910888,-0.38979995250701904,1.6907421946525574,0.7587127685546875,-0.012914471328258514,0.03404107689857483,-0.28628456592559814,30.334941864013672,0,-0.1037607192993164,-0.05578213930130005,-0.014617919921875,-0.0012224987149238586,0.0020004436373710632,0.00040924549102783203,103467884661049,3.654,1444700,12039.166666666666,34,True,0.5239617824554443,1.1449806690216064,-5.194212436676025,0.6326083540916443,0.3524996340274811,-0.6132896542549133,-0.31531962752342224,1441164,0.5235210657119751,1.1527634859085083,-5.209558010101318,0.7171733245109677,0.09203942692836133,-0.688115643494409,-0.06072913369100718,-0.016636516358129502,0.004334410657867529,-0.0008320465183693556,0.017212004348537584,0.0016073840719055545,0.00308756485788031,-0.37431024506504157,0.9272969986466268,43.96537645958461
103467988552983,29.572081067,35011159,-0.3039558529853821,1.61657053232193,0.8685302734375,-0.011088144034147263,0.031231924891471863,-0.2861311435699463,30.334941864013672,0,-0.1037607192993164,-0.05578213930130005,-0.014617919921875,-0.0012224987149238586,0.0020004436373710632,0.00040924549102783203,103467983687908,4.865,1444712,12039.266666666666,34,True,0.5238595604896545,1.1450684070587158,-5.193865776062012,0.6313966512680054,0.35968244075775146,-0.6089795231819153,-0.31797918677330017,1441164,0.5235210657119751,1.1527634859085083,-5.209558010101318,0.7171733245109677,0.09203942692836133,-0.688115643494409,-0.06072913369100718,-0.016959563274165958,0.004169747658648349,-0.0007492959202956833,0.017480704401236637,-0.001750968983530388,0.005153462851007985,-0.3816649173583834,0.9242847325289326,44.87851052446437
103468088669433,29.672197517,35111454,-0.28048771619796753,1.5154224038124084,0.977386474609375,-0.010835494846105576,0.032002709805965424,-0.289467990398407,30.334941864013672,0,-0.1037607192993164,-0.05578213930130005,-0.014617919921875,-0.0012224987149238586,0.0020004436373710632,0.00040924549102783203,103468083800273,4.869,1444724,12039.366666666667,34,True,0.5238200426101685,1.1455581188201904,-5.193408012390137,0.629702091217041,0.3619562089443207,-0.6078016757965088,-0.32099857926368713,1441164,0.5235210657119751,1.1527634859085083,-5.209558010101318,0.7171733245109677,0.09203942692836133,-0.688115643494409,-0.06072913369100718,-0.01730210289741599,0.003592172726564525,-0.0007501057018815591,0.017686976229255243,-0.0011556559454668216,0.004971949545382493,-0.38560079551342136,0.9226515976664597,45.366282831260676
103468188815370,29.772343454,35211690,-0.2969987392425537,1.4379552006721497,1.0645599365234375,-0.009460821747779846,0.030444350093603134,-0.2899619936943054,30.334941864013672,0,-0.1037607192993164,-0.05578213930130005,-0.014617919921875,-0.0012224987149238586,0.0020004436373710632,0.00040924549102783203,103468182998086,5.817,1444736,12039.466666666667,34,True,0.5238070487976074,1.14597487449646,-5.1930365562438965,0.6286036968231201,0.36280325055122375,-0.6073350310325623,-0.32307168841362,1441164,0.5235210657119751,1.1527634859085083,-5.209558010101318,0.7171733245109677,0.09203942692836133,-0.688115643494409,-0.06072913369100718,-0.01757519478712591,0.003105514813904854,-0.0007705677953177117,0.0178640832060305,-0.00022798511755503517,0.00469016008593165,-0.3877642491523066,0.9217466232650394,45.634446071935415
103468289039354,29.872567438,35311534,-0.08187675476074219,1.3155284523963928,1.0662841796875,-0.009698569774627686,0.024979792535305023,-0.2925097346305847,30.334941864013672,0,-0.1037607192993164,-0.05578213930130005,-0.014617919921875,-0.0012224987149238586,0.0020004436373710632,0.00040924549102783203,103468283326935,5.712,1444748,12039.566666666666,34,True,0.5238281488418579,1.1461079120635986,-5.192605495452881,0.6259376406669617,0.3659023642539978,-0.6065753102302551,-0.32616549730300903,1441164,0.5235210657119751,1.1527634859085083,-5.209558010101318,0.7171733245109677,0.09203942692836133,-0.688115643494409,-0.06072913369100718,-0.01796638866147573,0.0028845849350706484,-0.0008165564134535398,0.018214793881875038,-4.9753512786687715e-05,0.0034970024343953243,-0.3924072595091749,0.9197849265904834,46.210680201117015
103468389192061,29.972720145,35411872,-0.21560627222061157,1.2145015597343445,1.044219970703125,-0.008825022727251053,0.020266640931367874,-0.29033154249191284,30.334941864013672,0,-0.1037607192993164,-0.05578213930130005,-0.014617919921875,-0.0012224987149238586,0.0020004436373710632,0.00040924549102783203,103468384285135,4.907,1444760,12039.666666666666,34,True,0.5238491892814636,1.1460543870925903,-5.192521572113037,0.6261104941368103,0.365662544965744,-0.6066691279411316,-0.32592809200286865,1441164,0.5235210657119751,1.1527634859085083,-5.209558010101318,0.7171733245109677,0.09203942692836133,-0.688115643494409,-0.06072913369100718,-0.018059063635652864,0.0029198867934352207,-0.0008392693513534703,0.01831283406049316,-5.685317064979546e-05,0.0035413754373083703,-0.3920503002085042,0.9199369638916304,46.16626354779168
103468489302121,30.072830205,35512143,-0.24452638626098633,1.3242245316505432,1.0902252197265625,-0.0073000602424144745,0.02945452556014061,-0.2881695032119751,30.334941864013672,0,-0.1037607192993164,-0.05578213930130005,-0.014617919921875,-0.0012224987149238586,0.0020004436373710632,0.00040924549102783203,103468486815863,2.486,1444772,12039.766666666666,34,True,0.5238960981369019,1.1458529233932495,-5.192686080932617,0.627666711807251,0.36383500695228577,-0.6071271300315857,-0.3241223692893982,1441164,0.5235210657119751,1.1527634859085083,-5.209558010101318,0.7171733245109677,0.09203942692836133,-0.688115643494409,-0.06072913369100718,-0.017940276263029218,0.0031538911434848575,-0.0008706180172463368,0.018236187032126965,-0.0001466653315346789,0.004228553235068767,-0.3893260303862144,0.9210902995312302,45.82799929892422
103468589434679,30.172962763,35612100,-0.32909679412841797,1.260761797428131,1.0903167724609375,-0.008709181100130081,0.030139803886413574,-0.28448963165283203,30.334941864013672,0,-0.1037607192993164,-0.05578213930130005,-0.014617919921875,-0.0012224987149238586,0.0020004436373710632,0.00040924549102783203,103468584853257,4.581,1444784,12039.866666666667,34,True,0.5239202976226807,1.1457630395889282,-5.192864894866943,0.6282355189323425,0.3634393811225891,-0.6074455976486206,-0.3228648602962494,1441164,0.5235210657119751,1.1527634859085083,-5.209558010101318,0.7171733245109677,0.09203942692836133,-0.688115643494409,-0.06072913369100718,-0.017784292479476417,0.0032809871040907633,-0.0008830603870626592,0.01810595843969522,-0.0007815125369393663,0.004299847768456822,-0.3881053231937811,0.9216046650576231,45.67637605812352
103468689563036,30.273091120,35712205,-0.26201194524765015,1.288105309009552,1.046234130859375,-0.00984569638967514,0.02895991876721382,-0.2854520082473755,30.334941864013672,0,-0.1037607192993164,-0.05578213930130005,-0.014617919921875,-0.0012224987149238586,0.0020004436373710632,0.00040924549102783203,103468683420991,6.142,1444796,12039.966666666667,34,True,0.5238779187202454,1.1458395719528198,-5.192684173583984,0.6272867321968079,0.36414533853530884,-0.6062740683555603,-0.3261001706123352,1441164,0.5235210657119751,1.1527634859085083,-5.209558010101318,0.7171733245109677,0.09203942692836133,-0.688115643494409,-0.06072913369100718,-0.0179456713644936,0.003165629559381343,-0.0008520305859349593,0.018242650228215283,0.0010027775010708064,0.004742065998350254,-0.3909963338216565,0.9203794729269957,46.036757049847246
103468789695445,30.373223529,35812197,-0.3386971950531006,1.3929913640022278,0.93316650390625,-0.010014310479164124,0.021775957196950912,-0.2863721251487732,30.334941864013672,0,-0.1037607192993164,-0.05578213930130005,-0.014617919921875,-0.0012224987149238586,0.0020004436373710632,0.00040924549102783203,103468782441841,7.254,1444808,12040.066666666666,34,True,0.5238680243492126,1.1456141471862793,-5.192873477935791,0.6278061866760254,0.36316877603530884,-0.6064648032188416,-0.325834721326828,1441164,0.5235210657119751,1.1527634859085083,-5.209558010101318,0.7171733245109677,0.09203942692836133,-0.688115643494409,-0.06072913369100718,-0.017809901761675576,0.00342556142435752,-0.0008246006373101608,0.018155082980907396,0.0014704014208035412,0.004997594905320203,-0.3900539253885752,0.920777278854006,45.9200387884041
103468889823370,30.473351454,35912546,-0.40244436264038086,1.4581175446510315,0.8260650634765625,-0.010711610317230225,0.027142437174916267,-0.2847210764884949,30.334941864013672,0,-0.1037607192993164,-0.05578213930130005,-0.014617919921875,-0.0012224987149238586,0.0020004436373710632,0.00040924549102783203,103468883156731,6.667,1444820,12040.166666666666,34,True,0.5238564610481262,1.1459496021270752,-5.193053722381592,0.6280719041824341,0.3632412254810333,-0.607326090335846,-0.3236304521560669,1441164,0.5235210657119751,1.1527634859085083,-5.209558010101318,0.7171733245109677,0.09203942692836133,-0.688115643494409,-0.06072913369100718,-0.01756211096511492,0.0031362357577042112,-0.0008181070070559021,0.017858695790955906,-9.715964583703608e-05,0.004355467311559725,-0.38851229868324494,0.9214332391640548,45.72696136399516
103468990109715,30.573637799,36012823,-0.26437342166900635,1.322098195552826,0.7656097412109375,-0.014927580952644348,0.03461768850684166,-0.28376227617263794,30.334941864013672,0,-0.1037607192993164,-0.05578213930130005,-0.014617919921875,-0.0012224987149238586,0.0020004436373710632,0.00040924549102783203,103468984713777,5.396,1444832,12040.266666666666,34,True,0.5238184332847595,1.1456581354141235,-5.193277359008789,0.6284326910972595,0.3634970188140869,-0.607112467288971,-0.32304292917251587,1441164,0.5235210657119751,1.1527634859085083,-5.209558010101318,0.7171733245109677,0.09203942692836133,-0.688115643494409,-0.06072913369100718,-0.017408091805502287,0.003466580120695561,-0.0007584161628522418,0.01776609222980881,-0.0007361028738457621,0.0046873261040680245,-0.38827125725306777,0.9215329174357666,45.69755419384812
103469090243876,30.673771960,36112958,-0.15671461820602417,1.5266247391700745,0.5243377685546875,-0.012645013630390167,0.02305500954389572,-0.2861291766166687,30.334941864013672,0,-0.1037607192993164,-0.05578213930130005,-0.014617919921875,-0.0012224987149238586,0.0020004436373710632,0.00040924549102783203,103469083138500,7.105,1444844,12040.366666666667,34,True,0.5238224267959595,1.1456224918365479,-5.193138122558594,0.6279303431510925,0.3642946481704712,-0.606593132019043,-0.32409539818763733,1441164,0.5235210657119751,1.1527634859085083,-5.209558010101318,0.7171733245109677,0.09203942692836133,-0.688115643494409,-0.06072913369100718,-0.017551501721450233,0.0034717851832996027,-0.0007673439368290139,0.017908023948901716,-0.0005474535344096033,0.004762534974593836,-0.38964526160354634,0.9209525441982054,45.86852591386335
103469190391031,30.773919115,36213086,-0.2312808632850647,1.3438356518745422,0.566619873046875,-0.016542233526706696,0.022552326321601868,-0.2840481400489807,30.334941864013672,0,-0.1037607192993164,-0.05578213930130005,-0.014617919921875,-0.0012224987149238586,0.0020004436373710632,0.00040924549102783203,103469184123046,6.268,1444856,12040.466666666667,34,True,0.5238447189331055,1.14572274684906,-5.193065166473389,0.6281906962394714,0.3634502589702606,-0.6071295738220215,-0.3235338032245636,1441164,0.5235210657119751,1.1527634859085083,-5.209558010101318,0.7171733245109677,0.09203942692836133,-0.688115643494409,-0.06072913369100718,-0.01760027552477438,0.0033594519139191832,-0.0007968896637690116,0.017935736640744066,-0.000335614294928871,0.004556556598164619,-0.3885967208852411,0.921396610408488,45.737763115412484
103469291731441,30.875259525,36313247,-0.24676871299743652,1.4412032961845398,0.5037841796875,-0.014754049479961395,0.025219539180397987,-0.28050482273101807,30.334941864013672,0,-0.1037607192993164,-0.05578213930130005,-0.014617919921875,-0.0012224987149238586,0.0020004436373710632,0.00040924549102783203,103469291484280,0.247,1444869,12040.575,34,True,0.5238390564918518,1.1456286907196045,-5.193205833435059,0.6294886469841003,0.36195385456085205,-0.6083650588989258,-0.3203520178794861,1441164,0.5235210657119751,1.1527634859085083,-5.209558010101318,0.7171733245109677,0.09203942692836133,-0.688115643494409,-0.06072913369100718,-0.01748349230752867,0.0034810174121710897,-0.0007810997100304094,0.017843769283653665,-0.0015529166777875083,0.004361665681117511,-0.38513962492186,0.9228467010491651,45.308272604566824
103469392699478,30.976227562,36414588,-0.25923746824264526,1.2948586344718933,0.3553314208984375,-0.01573723927140236,0.021841032430529594,-0.27441322803497314,30.334941864013672,0,-0.1037607192993164,-0.05578213930130005,-0.014617919921875,-0.0012224987149238586,0.0020004436373710632,0.00040924549102783203,103469392402270,0.297,1444881,12040.675,34,True,0.5239916443824768,1.1459890604019165,-5.1935272216796875,0.6319464445114136,0.35404008626937866,-0.6130322217941284,-0.31542158126831055,1441164,0.5235210657119751,1.1527634859085083,-5.209558010101318,0.7171733245109677,0.09203942692836133,-0.688115643494409,-0.06072913369100718,-0.017086681621276904,0.0032055071306388338,-0.000933004746573374,0.01740978066055362,0.0006369965523506383,0.0027325516728523573,-0.37556173126631176,0.9267931340946578,44.11936691268692
103469492797242,31.076325326,36515570,-0.2578932046890259,1.3359254002571106,0.359222412109375,-0.01402987539768219,0.02255214750766754,-0.26224327087402344,30.334941864013672,0,-0.1037607192993164,-0.05578213930130005,-0.014617919921875,-0.0012224987149238586,0.0020004436373710632,0.00040924549102783203,103469491277504,1.520,1444893,12040.775,34,True,0.5239781737327576,1.1458362340927124,-5.194400787353516,0.6369010806083679,0.3477380573749542,-0.6172305345535278,-0.3040752112865448,1441164,0.5235210657119751,1.1527634859085083,-5.209558010101318,0.7171733245109677,0.09203942692836133,-0.688115643494409,-0.06072913369100718,-0.016267675055448547,0.0035407101920851927,-0.0008736627007152873,0.01667144765425666,-0.003078273112250313,0.0024693996715733917,-0.36252348043125215,0.9319662828857705,42.51314637744586
103469592887958,31.176416042,36615477,-0.0663948655128479,1.2421786189079285,0.579437255859375,-0.012894198298454285,0.01846780814230442,-0.2516891360282898,30.334941864013672,0,-0.1037607192993164,-0.05578213930130005,-0.014617919921875,-0.0012224987149238586,0.0020004436373710632,0.00040924549102783203,103469592465562,0.422,1444905,12040.875,34,True,0.523814857006073,1.14715576171875,-5.194870471954346,0.6409745216369629,0.3372470438480377,-0.622100830078125,-0.29733267426490784,1441164,0.5235210657119751,1.1527634859085083,-5.209558010101318,0.7171733245109677,0.09203942692836133,-0.688115643494409,-0.06072913369100718,-0.015530754461302497,0.0023457671058829638,-0.0007414197727031774,0.01572439699103483,-0.0004939276139719618,0.00179608300423878,-0.34968926409626966,0.9368638901661028,40.93722744378028
103469693027357,31.276555441,36715769,-0.057991206645965576,1.1236209273338318,0.5029449462890625,-0.011715691536664963,0.023681731894612312,-0.2341281771659851,30.334941864013672,0,-0.1037607192993164,-0.05578213930130005,-0.014617919921875,-0.0012224987149238586,0.0020004436373710632,0.00040924549102783203,103469691905692,1.122,1444917,12040.975,34,True,0.5237815380096436,1.1481508016586304,-5.19554328918457,0.6451753973960876,0.32797056436538696,-0.6265643239021301,-0.2891385853290558,1441164,0.5235210657119751,1.1527634859085083,-5.209558010101318,0.7171733245109677,0.09203942692836133,-0.688115643494409,-0.06072913369100718,-0.014660884459707632,0.0015171421133611065,-0.0007168339056080403,0.014756595277409346,0.00016848288595427976,0.0012948460268015218,-0.33674024832368343,0.9415966759426183,39.35710078118814
103469793237199,31.376765283,36816062,0.28988146781921387,0.9231570363044739,0.4057464599609375,-0.01069672405719757,0.01978638954460621,-0.2212173342704773,30.334941864013672,0,-0.1037607192993164,-0.05578213930130005,-0.014617919921875,-0.0012224987149238586,0.0020004436373710632,0.00040924549102783203,103469792956767,0.280,1444929,12041.075,34,True,0.5238859057426453,1.1487177610397339,-5.196437358856201,0.6506208181381226,0.31879526376724243,-0.6302525997161865,-0.279005229473114,1441164,0.5235210657119751,1.1527634859085083,-5.209558010101318,0.7171733245109677,0.09203942692836133,-0.688115643494409,-0.06072913369100718,-0.013662440203486712,0.0011601548528852343,-0.0008026552568016108,0.013735082346232746,-0.0007764505926672051,0.0020213318331069323,-0.3224618401043589,0.9465799876495428,37.62462420144751
103469893361831,31.476889915,36916100,0.41544950008392334,0.9563629031181335,0.5196685791015625,-0.008241284638643265,0.02462320774793625,-0.2132977843284607,30.334941864013672,0,-0.1037607192993164,-0.05578213930130005,-0.014617919921875,-0.0012224987149238586,0.0020004436373710632,0.00040924549102783203,103469892340891,1.021,1444941,12041.175,34,True,0.523907482624054,1.1490814685821533,-5.196791172027588,0.6542356014251709,0.312391072511673,-0.6318452954292297,-0.2741517424583435,1441164,0.5235210657119751,1.1527634859085083,-5.209558010101318,0.7171733245109677,0.09203942692836133,-0.688115643494409,-0.06072913369100718,-0.013237992192479965,0.0008819734383174703,-0.0008224412369979752,0.013292807228812611,7.665026808376109e-05,0.003308690734267872,-0.31409975008698227,0.9493842181570414,36.61505466044464
103469993556349,31.577084433,37016247,0.38532912731170654,0.9487367272377014,0.69488525390625,-0.007512468844652176,0.02783757634460926,-0.2048029899597168,30.334941864013672,0,-0.1037607192993164,-0.05578213930130005,-0.014617919921875,-0.0012224987149238586,0.0020004436373710632,0.00040924549102783203,103469990437027,3.119,1444953,12041.275,34,True,0.523604154586792,1.1488873958587646,-5.197602272033691,0.6599839925765991,0.30361831188201904,-0.634243369102478,-0.264522910118103,1441164,0.5235210657119751,1.1527634859085083,-5.209558010101318,0.7171733245109677,0.09203942692836133,-0.688115643494409,-0.06072913369100718,-0.012499282893075047,0.0012300258802530866,-0.00047498849389588635,0.012568637578375168,-0.00092059510582046,0.005190944258247455,-0.30050771217434236,0.9537648145775255,34.981755669529726
103470093845348,31.677373432,37116180,0.34378254413604736,1.0278624892234802,0.6786651611328125,-0.005768537521362305,0.03612973913550377,-0.19479435682296753,30.334941864013672,0,-0.1037607192993164,-0.05578213930130005,-0.014617919921875,-0.0012224987149238586,0.0020004436373710632,0.00040924549102783203,103470091766641,2.079,1444965,12041.375,34,True,0.5238218307495117,1.1488912105560303,-5.198211193084717,0.6621045470237732,0.29409095644950867,-0.6385765671730042,-0.25951504707336426,1441164,0.5235210657119751,1.1527634859085083,-5.209558010101318,0.7171733245109677,0.09203942692836133,-0.688115643494409,-0.06072913369100718,-0.01189641721118353,0.001367019581796022,-0.0006646408217184558,0.01199313271924613,0.0023138670501403067,0.0036601439769645707,-0.289770625785957,0.9570863251540883,33.69232197516173
103470194038856,31.777566940,37216782,0.38887226581573486,1.1213586926460266,0.7469024658203125,-0.005926411598920822,0.04476848989725113,-0.18814367055892944,30.334941864013672,0,-0.1037607192993164,-0.05578213930130005,-0.014617919921875,-0.0012224987149238586,0.0020004436373710632,0.00040924549102783203,103470182489036,11.550,1444976,12041.466666666667,34,True,0.5236678123474121,1.1487855911254883,-5.1991400718688965,0.66593998670578,0.2912735939025879,-0.6397117972373962,-0.24990488588809967,1441164,0.5235210657119751,1.1527634859085083,-5.209558010101318,0.7171733245109677,0.09203942692836133,-0.688115643494409,-0.06072913369100718,-0.01101832455609202,0.0016611802744089421,-0.00046435177062406125,0.011152516240487948,-0.002768049932153571,0.004771795567162174,-0.2807152339326385,0.9597752472869794,32.612264503118865
103470294227519,31.877755603,37316836,0.575554609298706,1.1151527762413025,0.7300262451171875,-0.0064660049974918365,0.0495433546602726,-0.18531233072280884,30.334941864013672,0,-0.1037607192993164,-0.05578213930130005,-0.014617919921875,-0.0012224987149238586,0.0020004436373710632,0.00040924549102783203,103470291978776,2.249,1444989,12041.575,34,True,0.5235936045646667,1.149092197418213,-5.199352741241455,0.6649549007415771,0.2922699451446533,-0.6399568319320679,-0.2507359981536865,1441164,0.5235210657119751,1.1527634859085083,-5.209558010101318,0.7171733245109677,0.09203942692836133,-0.688115643494409,-0.06072913369100718,-0.010747370949604887,0.001403898866857952,-0.0003927075367808812,0.010845788747998948,-0.002775226963186856,0.0039341976703560775,-0.28207747493032415,0.9593795486359534,32.77337548230867
103470394342700,31.977870784,37417096,0.5003654956817627,1.167682707309723,0.6631011962890625,-0.0064410194754600525,0.049398571252822876,-0.1883770227432251,30.334941864013672,0,-0.1037607192993164,-0.05578213930130005,-0.014617919921875,-0.0012224987149238586,0.0020004436373710632,0.00040924549102783203,103470392084784,2.258,1445001,12041.675,34,True,0.5236868262290955,1.14867103099823,-5.199212551116943,0.6655250787734985,0.29235509037971497,-0.6393805146217346,-0.25059422850608826,1441164,0.5235210657119751,1.1527634859085083,-5.209558010101318,0.7171733245109677,0.09203942692836133,-0.688115643494409,-0.06072913369100718,-0.010971611020532039,0.001789369669949322,-0.00047549252095900065,0.01112673291398165,-0.0030231604539072148,0.004721646264918279,-0.282023503775448,0.9593911141321035,32.768677455244955
103470494400828,32.077928912,37517171,0.4679497480392456,1.1380308270454407,0.7928314208984375,-0.007418923079967499,0.05438690632581711,-0.18929779529571533,30.334941864013672,0,-0.1037607192993164,-0.05578213930130005,-0.014617919921875,-0.0012224987149238586,0.0020004436373710632,0.00040924549102783203,103470490632711,3.768,1445013,12041.775,34,True,0.5236917734146118,1.1487327814102173,-5.199218273162842,0.665666937828064,0.2922206521034241,-0.6393391489982605,-0.25047966837882996,1441164,0.5235210657119751,1.1527634859085083,-5.209558010101318,0.7171733245109677,0.09203942692836133,-0.688115643494409,-0.06072913369100718,-0.010952535991875803,0.0017305838023944915,-0.0004826125555086672,0.011098913452639391,-0.003025233155295765,0.0048465484014710855,-0.2818377195499338,0.9594450785593938,32.74674786792392
103470594500872,32.178028956,37617112,0.5307266712188721,1.166370451450348,0.793548583984375,-0.0058195218443870544,0.05220946669578552,-0.18915140628814697,30.334941864013672,0,-0.1037607192993164,-0.05578213930130005,-0.014617919921875,-0.0012224987149238586,0.0020004436373710632,0.00040924549102783203,103470592293637,2.207,1445025,12041.875,34,True,0.5236701369285583,1.148841142654419,-5.1991376876831055,0.6655476689338684,0.2927376925945282,-0.6389219164848328,-0.2512562870979309,1441164,0.5235210657119751,1.1527634859085083,-5.209558010101318,0.7171733245109677,0.09203942692836133,-0.688115643494409,-0.06072913369100718,-0.01100859071818834,0.0016065826023951256,-0.0004689785401517783,0.011135085007759216,-0.0028552053209726096,0.005103785759647651,-0.28277924628431583,0.9591671893076665,32.8595219697913
103470694753498,32.278281582,37717346,0.5708664655685425,1.0325543880462646,0.8592376708984375,-0.00933723896741867,0.05629991739988327,-0.19019865989685059,30.334941864013672,0,-0.1037607192993164,-0.05578213930130005,-0.014617919921875,-0.0012224987149238586,0.0020004436373710632,0.00040924549102783203,103470691961240,2.792,1445037,12041.975,34,True,0.5237030386924744,1.148908257484436,-5.198807716369629,0.6643921732902527,0.29386207461357117,-0.6383782029151917,-0.254364937543869,1441164,0.5235210657119751,1.1527634859085083,-5.209558010101318,0.7171733245109677,0.09203942692836133,-0.688115643494409,-0.06072913369100718,-0.011314926785210528,0.0014721542979325994,-0.0005195279139873022,0.011422115201879558,-0.001379339739270763,0.004916443322382558,-0.2858640849484573,0.9582565684322351,33.22646522018228
103470795570068,32.379098152,37817671,0.41366899013519287,1.116662323474884,0.98931884765625,-0.0051451176404953,0.0614137277007103,-0.19212031364440918,30.334941864013672,0,-0.1037607192993164,-0.05578213930130005,-0.014617919921875,-0.0012224987149238586,0.0020004436373710632,0.00040924549102783203,103470795305146,0.265,1445049,12042.075,34,True,0.5237824320793152,1.1490654945373535,-5.198487758636475,0.6631126999855042,0.2936575412750244,-0.6384662985801697,-0.2576967179775238,1441164,0.5235210657119751,1.1527634859085083,-5.209558010101318,0.7171733245109677,0.09203942692836133,-0.688115643494409,-0.06072913369100718,-0.011590385556405718,0.0012541880715698302,-0.0006195925991978057,0.01167449870675341,0.001236676380120372,0.004291914442251244,-0.2881224774686369,0.9575831494336594,33.495312329406836
103470895685328,32.479213412,37918458,0.4657491445541382,1.0102563500404358,0.988983154296875,-0.006436474621295929,0.05724180489778519,-0.19261884689331055,30.334941864013672,0,-0.1037607192993164,-0.05578213930130005,-0.014617919921875,-0.0012224987149238586,0.0020004436373710632,0.00040924549102783203,103470893752328,1.933,1445061,12042.175,34,True,0.5237678289413452,1.1489359140396118,-5.198535442352295,0.663008987903595,0.2944561243057251,-0.6379094123840332,-0.2584306001663208,1441164,0.5235210657119751,1.1527634859085083,-5.209558010101318,0.7171733245109677,0.09203942692836133,-0.688115643494409,-0.06072913369100718,-0.011572318165732837,0.0013901035409123333,-0.0005977145651072051,0.011670826803819364,0.0011685224319225866,0.00463898105858135,-0.28924354558585214,0.9572435874671553,33.63008275463784
103470995923616,32.579451700,38018570,0.38963067531585693,1.1070542931556702,0.8802490234375,-0.006099529564380646,0.060286201536655426,-0.19436603784561157,30.334941864013672,0,-0.1037607192993164,-0.05578213930130005,-0.014617919921875,-0.0012224987149238586,0.0020004436373710632,0.00040924549102783203,103470994206687,1.717,1445073,12042.275,34,True,0.5237435698509216,1.1487658023834229,-5.198812007904053,0.6638950705528259,0.2941240966320038,-0.6377180218696594,-0.25700217485427856,1441164,0.5235210657119751,1.1527634859085083,-5.209558010101318,0.7171733245109677,0.09203942692836133,-0.688115643494409,-0.06072913369100718,-0.011339990267197973,0.0016140258073810906,-0.0005541536927501882,0.011467673908959287,0.000301140897660146,0.005274661036869855,-0.28795258220930114,0.957630094380968,33.47663865528879
103471096184041,32.679712125,38118954,0.46503114700317383,1.084442913532257,0.84027099609375,-0.007871735841035843,0.06818065047264099,-0.19488102197647095,30.334941864013672,0,-0.1037607192993164,-0.05578213930130005,-0.014617919921875,-0.0012224987149238586,0.0020004436373710632,0.00040924549102783203,103471092557097,3.627,1445085,12042.375,34,True,0.5236670970916748,1.1486581563949585,-5.199040412902832,0.6649921536445618,0.2940809428691864,-0.638552725315094,-0.25209569931030273,1441164,0.5235210657119751,1.1527634859085083,-5.209558010101318,0.7171733245109677,0.09203942692836133,-0.688115643494409,-0.06072913369100718,-0.011143073431806599,0.0017641768158892495,-0.0004631425956790593,0.011291364240351454,-0.0031777569891039146,0.0049819856591856735,-0.28439375269217243,0.9586893527671377,33.052564516369344
103471196396591,32.779924675,38219061,0.5423076152801514,1.1018738150596619,0.9046478271484375,-0.007664356380701065,0.06300944834947586,-0.18981844186782837,30.334941864013672,0,-0.1037607192993164,-0.05578213930130005,-0.014617919921875,-0.0012224987149238586,0.0020004436373710632,0.00040924549102783203,103471192695144,3.701,1445097,12042.475,34,True,0.5236042141914368,1.1490001678466797,-5.199536323547363,0.6654672026634216,0.29159989953041077,-0.6403211355209351,-0.24922257661819458,1441164,0.5235210657119751,1.1527634859085083,-5.209558010101318,0.7171733245109677,0.09203942692836133,-0.688115643494409,-0.06072913369100718,-0.010587686650928086,0.0015334494866879591,-0.00039128243428746386,0.010705310732988851,-0.0033971247936098745,0.003926848424055885,-0.2804862344106567,0.9598440038416249,32.58419085809371
103471296653703,32.880181787,38319219,0.6451094150543213,1.1207005381584167,0.7351837158203125,-0.0076941438019275665,0.06351318210363388,-0.18592339754104614,30.334941864013672,0,-0.1037607192993164,-0.05578213930130005,-0.014617919921875,-0.0012224987149238586,0.0020004436373710632,0.00040924549102783203,103471291322289,5.331,1445109,12042.575,34,True,0.5237200260162354,1.1493322849273682,-5.199765682220459,0.668449878692627,0.2818102538585663,-0.6430904865264893,-0.24534134566783905,1441164,0.5235210657119751,1.1527634859085083,-5.209558010101318,0.7171733245109677,0.09203942692836133,-0.688115643494409,-0.06072913369100718,-0.010288096930337873,0.0012640497989666226,-0.0005095589854071166,0.01037797719702179,0.0006295221265912311,0.0042304604922011055,-0.27035194144255875,0.9627520629238638,31.374447550711448
103471396865567,32.980393651,38419583,0.4880005121231079,1.1244617104530334,0.71441650390625,-0.008090659976005554,0.06615380942821503,-0.17792481184005737,30.334941864013672,0,-0.1037607192993164,-0.05578213930130005,-0.014617919921875,-0.0012224987149238586,0.0020004436373710632,0.00040924549102783203,103471393193627,3.672,1445121,12042.675,34,True,0.5236320495605469,1.149462103843689,-5.200271129608154,0.6717511415481567,0.27786827087402344,-0.6446326971054077,-0.2366185039281845,1441164,0.5235210657119751,1.1527634859085083,-5.209558010101318,0.7171733245109677,0.09203942692836133,-0.688115643494409,-0.06072913369100718,-0.009770056072654106,0.0012411779865062604,-0.00040382148267855257,0.009856854987614752,-0.002972265773443894,0.004832626688211328,-0.2611250299877785,0.9652883144788122,30.28097167128386
103471497045286,33.080573370,38519865,0.6886858940124512,1.0508864521980286,0.6918182373046875,-0.008160378783941269,0.0495850145816803,-0.1708608865737915,30.334941864013672,0,-0.1037607192993164,-0.05578213930130005,-0.014617919921875,-0.0012224987149238586,0.0020004436373710632,0.00040924549102783203,103471490340407,6.705,1445133,12042.775,34,True,0.5237998962402344,1.1501200199127197,-5.200608730316162,0.6724691987037659,0.2690882980823517,-0.6481958627700806,-0.234986811876297,1441164,0.5235210657119751,1.1527634859085083,-5.209558010101318,0.7171733245109677,0.09203942692836133,-0.688115643494409,-0.06072913369100718,-0.009292725734969242,0.0006795621482024678,-0.0005819890967681155,0.009335698560224946,0.0021835095584424318,0.0031543458095162906,-0.25342299597777146,0.9673479557523098,29.363760239520104
103471597180720,33.180708804,38619762,0.6526757478713989,0.974468469619751,0.7140350341796875,-0.007427193224430084,0.04298005998134613,-0.16277271509170532,30.334941864013672,0,-0.1037607192993164,-0.05578213930130005,-0.014617919921875,-0.0012224987149238586,0.0020004436373710632,0.00040924549102783203,103471592456985,4.724,1445145,12042.875,34,True,0.5238119959831238,1.149924874305725,-5.201327800750732,0.6760761141777039,0.2647572159767151,-0.6501420140266418,-0.22392010688781738,1441164,0.5235210657119751,1.1527634859085083,-5.209558010101318,0.7171733245109677,0.09203942692836133,-0.688115643494409,-0.06072913369100718,-0.008632680248286789,0.001024266878499343,-0.0005535443081151046,0.008710838203559878,-0.002812872681653284,0.0034850424475113004,-0.24225150385966038,0.9702031493992116,28.04381744890928
103471697457100,33.280985184,38720188,0.7162264585494995,0.952555775642395,0.6768951416015625,-0.007334839552640915,0.049975696951150894,-0.15545302629470825,30.334941864013672,0,-0.1037607192993164,-0.05578213930130005,-0.014617919921875,-0.0012224987149238586,0.0020004436373710632,0.00040924549102783203,103471692057130,5.400,1445157,12042.975,34,True,0.5238960981369019,1.150052785873413,-5.201843738555908,0.6779868602752686,0.2580398917198181,-0.6527847647666931,-0.21822303533554077,1441164,0.5235210657119751,1.1527634859085083,-5.209558010101318,0.7171733245109677,0.09203942692836133,-0.688115643494409,-0.06072913369100718,-0.008098610228889318,0.0010138339456119843,-0.000619017421071983,0.00818526294485012,-0.0021491654117731522,0.002788128719317218,-0.23317743480469366,0.9724278334787524,26.971557444903475
103471797630678,33.381158762,38820396,0.8469903469085693,1.0355127453804016,0.546600341796875,-0.006343234330415726,0.04131568968296051,-0.15232610702514648,30.334941864013672,0,-0.1037607192993164,-0.05578213930130005,-0.014617919921875,-0.0012224987149238586,0.0020004436373710632,0.00040924549102783203,103471791888122,5.743,1445169,12043.075,34,True,0.5239584445953369,1.1501652002334595,-5.20216178894043,0.6789590716362,0.2518143653869629,-0.6551781296730042,-0.21528054773807526,1441164,0.5235210657119751,1.1527634859085083,-5.209558010101318,0.7171733245109677,0.09203942692836133,-0.688115643494409,-0.06072913369100718,-0.007761767622060586,0.0009751643051761562,-0.0006711886147681746,0.007851526997823554,0.00018568540425095703,0.0018479110705172386,-0.2264530551060382,0.9740203101469433,26.17757146757892
103471897729246,33.481257330,38920436,0.8378196954727173,1.0155086517333984,0.5286865234375,-0.006416067481040955,0.046024613082408905,-0.14617836475372314,30.334941864013672,0,-0.1037607192993164,-0.05578213930130005,-0.014617919921875,-0.0012224987149238586,0.0020004436373710632,0.00040924549102783203,103471891819399,5.910,1445181,12043.175,34,True,0.5239061117172241,1.1506218910217285,-5.2026777267456055,0.6818561553955078,0.24537791311740875,-0.6559053063392639,-0.21130558848381042,1441164,0.5235210657119751,1.1527634859085083,-5.209558010101318,0.7171733245109677,0.09203942692836133,-0.688115643494409,-0.06072913369100718,-0.007161733496569042,0.0006373387999141749,-0.0006134824515699874,0.007216161593266839,0.0016549657257758923,0.0033449552768983763,-0.21879096830794134,0.9757646153399474,25.2797989491857
103471997966503,33.581494587,39020687,0.9900979995727539,0.9011566042900085,0.596771240234375,-0.007837504148483276,0.045577745884656906,-0.14101052284240723,30.334941864013672,0,-0.1037607192993164,-0.05578213930130005,-0.014617919921875,-0.0012224987149238586,0.0020004436373710632,0.00040924549102783203,103471995858316,2.108,1445193,12043.275,34,True,0.5238305330276489,1.1506867408752441,-5.20340633392334,0.6858611106872559,0.23765301704406738,-0.6577319502830505,-0.20125684142112732,1441164,0.5235210657119751,1.1527634859085083,-5.209558010101318,0.7171733245109677,0.09203942692836133,-0.688115643494409,-0.06072913369100718,-0.006439489399948051,0.000726162431000653,-0.0005073698287502008,0.006500135364080205,-0.0003112000085133682,0.004335052494737369,-0.2058566245444676,0.9785725116748277,23.764671240480162
103472098132483,33.681660567,39121119,0.9563117027282715,0.8723359704017639,0.6240997314453125,-0.00718766450881958,0.054827798157930374,-0.13401305675506592,30.334941864013672,0,-0.1037607192993164,-0.05578213930130005,-0.014617919921875,-0.0012224987149238586,0.0020004436373710632,0.00040924549102783203,103472092402045,5.730,1445205,12043.375,34,True,0.5238410234451294,1.1509517431259155,-5.203500270843506,0.6868663430213928,0.23268575966358185,-0.6598352789878845,-0.1966966837644577,1441164,0.5235210657119751,1.1527634859085083,-5.209558010101318,0.7171733245109677,0.09203942692836133,-0.688115643494409,-0.06072913369100718,-0.006290313088561731,0.00048819408894297425,-0.0005240396514722022,0.006330954886660068,-3.103365192855257e-05,0.0034002600387771373,-0.1989360539289392,0.980006573302324,22.952896402791193
103472198337331,33.781865415,39220916,0.9059065580368042,0.8203254342079163,0.49725341796875,-0.005966491997241974,0.05368269607424736,-0.12952232360839844,30.334941864013672,0,-0.1037607192993164,-0.05578213930130005,-0.014617919921875,-0.0012224987149238586,0.0020004436373710632,0.00040924549102783203,103472193193408,5.144,1445217,12043.475,34,True,0.5238057374954224,1.1508984565734863,-5.203097343444824,0.6868565082550049,0.2354133576154709,-0.658473551273346,-0.1980435699224472,1441164,0.5235210657119751,1.1527634859085083,-5.209558010101318,0.7171733245109677,0.09203942692836133,-0.688115643494409,-0.06072913369100718,-0.006696257012720139,0.0004523400991827233,-0.0005050906308638678,0.0067304967194939435,-0.0010667210410212626,0.0043284097442483635,-0.2019026526384825,0.9793954491587404,23.302243617456984
103472298560118,33.882088202,39321205,0.8464145660400391,0.8091152310371399,0.5380706787109375,-0.005242377519607544,0.0480617880821228,-0.12896966934204102,30.334941864013672,0,-0.1037607192993164,-0.05578213930130005,-0.014617919921875,-0.0012224987149238586,0.0020004436373710632,0.00040924549102783203,103472292163092,6.397,1445229,12043.575,34,True,0.5238244533538818,1.1508781909942627,-5.202701568603516,0.6845486164093018,0.23835432529449463,-0.6582222580909729,-0.20328281819820404,1441164,0.5235210657119751,1.1527634859085083,-5.209558010101318,0.7171733245109677,0.09203942692836133,-0.688115643494409,-0.06072913369100718,-0.0070861553999290745,0.0003884129905033188,-0.0005410249389795049,0.007117385122903881,0.0007840295809063149,0.003224148925187021,-0.20784471733796656,0.978156206153202,23.99525661857157
103472398752304,33.982280388,39421453,0.825360894203186,0.803925633430481,0.5581207275390625,-0.004864975810050964,0.04619862884283066,-0.1322007179260254,30.334941864013672,0,-0.1037607192993164,-0.05578213930130005,-0.014617919921875,-0.0012224987149238586,0.0020004436373710632,0.00040924549102783203,103472393403470,5.349,1445241,12043.675,34,True,0.523861825466156,1.1510580778121948,-5.202515602111816,0.6841484904289246,0.23901163041591644,-0.657971978187561,-0.2046635001897812,1441164,0.5235210657119751,1.1527634859085083,-5.209558010101318,0.7171733245109677,0.09203942692836133,-0.688115643494409,-0.06072913369100718,-0.007227494953247598,0.00017495620204803475,-0.0005939287026128434,0.007253967485151966,0.001323179645801115,0.0032154697367571825,-0.2093182196638726,0.9778413945353018,24.168186460649014
103472498937727,34.082465811,39521590,0.773863673210144,0.6704081892967224,0.6034698486328125,-0.005655717104673386,0.05035727471113205,-0.13261783123016357,30.334941864013672,0,-0.1037607192993164,-0.05578213930130005,-0.014617919921875,-0.0012224987149238586,0.0020004436373710632,0.00040924549102783203,103472490165604,8.772,1445253,12043.775,34,True,0.5238233804702759,1.151259183883667,-5.202563762664795,0.6838840842247009,0.23930083215236664,-0.6580066084861755,-0.20509757101535797,1441164,0.5235210657119751,1.1527634859085083,-5.209558010101318,0.7171733245109677,0.09203942692836133,-0.688115643494409,-0.06072913369100718,-0.00713852781780423,-1.2826017048927878e-05,-0.0005613128237129904,0.007160573719915382,0.0014547239004054915,0.00303108034647881,-0.20984654578643838,0.9777285531024483,24.229875586553483
103472599190057,34.182718141,39621713,0.8651078939437866,0.6038686633110046,0.4731292724609375,-0.008992530405521393,0.047812968492507935,-0.1340428590774536,30.334941864013672,0,-0.1037607192993164,-0.05578213930130005,-0.014617919921875,-0.0012224987149238586,0.0020004436373710632,0.00040924549102783203,103472591829349,7.361,1445265,12043.875,34,True,0.5239002704620361,1.150951862335205,-5.202687740325928,0.6847617030143738,0.23881815373897552,-0.6577144265174866,-0.20366404950618744,1441164,0.5235210657119751,1.1527634859085083,-5.209558010101318,0.7171733245109677,0.09203942692836133,-0.688115643494409,-0.06072913369100718,-0.007081032892882369,0.00031724961572729264,-0.0006202490239424769,0.00711522192208105,0.0006785898156197456,0.003741900858733882,-0.2084509243963561,0.9780254341335557,24.06723992064864
103472699410089,34.282938173,39722068,0.7961239814758301,0.7575191259384155,0.235137939453125,-0.008615035563707352,0.04971009120345116,-0.13307571411132812,30.334941864013672,0,-0.1037607192993164,-0.05578213930130005,-0.014617919921875,-0.0012224987149238586,0.0020004436373710632,0.00040924549102783203,103472692128233,7.282,1445277,12043.975,34,True,0.5237846970558167,1.1507534980773926,-5.20276403427124,0.6849390864372253,0.2405461072921753,-0.6572253108024597,-0.20261022448539734,1441164,0.5235210657119751,1.1527634859085083,-5.209558010101318,0.7171733245109677,0.09203942692836133,-0.688115643494409,-0.06072913369100718,-0.007053516592952779,0.0005215013407323212,-0.0004935586803298747,0.007089968980635583,-0.0013220075206022144,0.00401281137199594,-0.20897839232157286,0.9779111315368586,24.129984361284293
103472799504033,34.383032117,39822210,0.7480278015136719,0.8110123872756958,0.235107421875,-0.00796239823102951,0.05241815745830536,-0.13354456424713135,30.334941864013672,0,-0.1037607192993164,-0.05578213930130005,-0.014617919921875,-0.0012224987149238586,0.0020004436373710632,0.00040924549102783203,103472799233521,0.271,1445290,12044.083333333334,34,True,0.5237617492675781,1.15058434009552,-5.202718734741211,0.685196578502655,0.23830296099185944,-0.6580349802970886,-0.20176051557064056,1441164,0.5235210657119751,1.1527634859085083,-5.209558010101318,0.7171733245109677,0.09203942692836133,-0.688115643494409,-0.06072913369100718,-0.007135017367212235,0.000675750202997896,-0.0004660271797896368,0.007182081348716025,-0.00032896777893642876,0.0036673399374036473,-0.2067120997561269,0.9783948846004853,23.863324776618885
103472899733608,34.483261692,39922203,0.7525629997253418,0.9003613591194153,0.3644866943359375,-0.0062442198395729065,0.051321446895599365,-0.128470778465271,30.334941864013672,0,-0.1037607192993164,-0.05578213930130005,-0.014617919921875,-0.0012224987149238586,0.0020004436373710632,0.00040924549102783203,103472898860790,0.873,1445302,12044.183333333332,34,True,0.5238669514656067,1.150266408920288,-5.203144073486328,0.6870976090431213,0.2321787327528,-0.6600250005722046,-0.19584958255290985,1441164,0.5235210657119751,1.1527634859085083,-5.209558010101318,0.7171733245109677,0.09203942692836133,-0.688115643494409,-0.06072913369100718,-0.006784715727627519,0.0010819720847977511,-0.0005390568094169899,0.006891561023511047,-0.0002862415963712229,0.0033761592592780345,-0.1979567237819269,0.98020490466225,22.838388025387808
103472999996939,34.583525023,40022500,0.7028428316116333,0.834815263748169,0.473724365234375,-0.006209723651409149,0.05194227397441864,-0.12319350242614746,30.334941864013672,0,-0.1037607192993164,-0.05578213930130005,-0.014617919921875,-0.0012224987149238586,0.0020004436373710632,0.00040924549102783203,103472999695021,0.302,1445314,12044.283333333333,34,True,0.5238097906112671,1.1504665613174438,-5.2036261558532715,0.6884700655937195,0.22340960800647736,-0.6636075973510742,-0.18900315463542938,1441164,0.5235210657119751,1.1527634859085083,-5.209558010101318,0.7171733245109677,0.09203942692836133,-0.688115643494409,-0.06072913369100718,-0.006273200463635495,0.0009869750434250192,-0.00046792699353546334,0.006367583487052176,0.0010842468215462033,0.0016536254383425766,-0.18661272269692378,0.9824315658911722,21.511566315131216
103473100297537,34.683825621,40122890,0.7608743906021118,0.7547811269760132,0.53985595703125,-0.007217884063720703,0.044898517429828644,-0.10965633392333984,30.334941864013672,0,-0.1037607192993164,-0.05578213930130005,-0.014617919921875,-0.0012224987149238586,0.0020004436373710632,0.00040924549102783203,103473100141530,0.156,1445326,12044.383333333333,34,True,0.5236688256263733,1.1509519815444946,-5.204994201660156,0.6922961473464966,0.21379335224628448,-0.665955662727356,-0.17754295468330383,1441164,0.5235210657119751,1.1527634859085083,-5.209558010101318,0.7171733245109677,0.09203942692836133,-0.688115643494409,-0.06072913369100718,-0.004838665914484541,0.0007989841772676285,-0.00028401583274092687,0.004912405575760828,-0.0005338468312866829,0.0021316390398803398,-0.17133552268042507,0.9852102870912332,19.73259546662465
103473200389107,34.783917191,40223139,0.8291201591491699,0.7411928772926331,0.759521484375,-0.005097385495901108,0.04585367068648338,-0.1008460521697998,30.334941864013672,0,-0.1037607192993164,-0.05578213930130005,-0.014617919921875,-0.0012224987149238586,0.0020004436373710632,0.00040924549102783203,103473199729701,0.659,1445338,12044.483333333334,34,True,0.5236537456512451,1.1515756845474243,-5.206129550933838,0.69882732629776,0.19666129350662231,-0.669256865978241,-0.1583036482334137,1441164,0.5235210657119751,1.1527634859085083,-5.209558010101318,0.7171733245109677,0.09203942692836133,-0.688115643494409,-0.06072913369100718,-0.00359684948261269,0.00043242662419717287,-0.00024184564679315107,0.0036308137246020395,-0.0026357184351965546,0.0035279507144195255,-0.14500838729766147,0.9894206255003068,16.683272616350926
103473300461574,34.883989658,40323061,0.9744632244110107,0.49565228819847107,0.617950439453125,-0.006101507693529129,0.04338231682777405,-0.08267462253570557,30.334941864013672,0,-0.1037607192993164,-0.05578213930130005,-0.014617919921875,-0.0012224987149238586,0.0020004436373710632,0.00040924549102783203,103473299238959,1.223,1445350,12044.583333333334,34,True,0.5237606167793274,1.1521905660629272,-5.207732200622559,0.7046465277671814,0.18096135556697845,-0.6714200377464294,-0.14114339649677277,1441164,0.5235210657119751,1.1527634859085083,-5.209558010101318,0.7171733245109677,0.09203942692836133,-0.688115643494409,-0.06072913369100718,-0.0018965385392272626,0.00018027999310101618,-0.0002997379011277524,0.0019285232993301513,-0.004293518279180329,0.005354889071121528,-0.12127361219905049,0.9925953867755062,13.953628670670021
103473401092839,34.984620923,40423062,1.0958571434020996,0.3919634222984314,0.3878936767578125,-0.0057809315621852875,0.041901323944330215,-0.07059609889984131,30.334941864013672,0,-0.1037607192993164,-0.05578213930130005,-0.014617919921875,-0.0012224987149238586,0.0020004436373710632,0.00040924549102783203,103473400886372,0.206,1445362,12044.683333333332,34,True,0.5240940451622009,1.1529039144515991,-5.209364414215088,0.7056196928024292,0.15926139056682587,-0.6779956817626953,-0.13060830533504486,1441164,0.5235210657119751,1.1527634859085083,-5.209558010101318,0.7171733245109677,0.09203942692836133,-0.688115643494409,-0.06072913369100718,-0.0001379821152225631,-0.0001506447071688344,-0.0005863208177625873,0.0006208904841121868,0.0036291996145313707,0.0016568391641311746,-0.09797271570594929,0.9951811045087942,11.254233866764396
103473501207934,35.084736018,40524048,1.3229312896728516,0.3576153516769409,0.3303375244140625,-0.004382632672786713,0.043013107031583786,-0.0628194808959961,30.334941864013672,0,-0.1037607192993164,-0.05578213930130005,-0.014617919921875,-0.0012224987149238586,0.0020004436373710632,0.00040924549102783203,103473499340793,1.867,1445374,12044.783333333333,34,True,0.5239001512527466,1.1536141633987427,-5.210453987121582,0.7091755270957947,0.149419367313385,-0.6788950562477112,-0.11766688525676727,1441164,0.5235210657119751,1.1527634859085083,-5.209558010101318,0.7171733245109677,0.09203942692836133,-0.688115643494409,-0.06072913369100718,0.0010713772485227916,-0.000620090923681619,-0.0003711750236336513,0.0012923362025626431,0.0009872436872322562,0.0028652335500293784,-0.08162718832061,0.9966583255627164,9.370671372528047
103473601269841,35.184797925,40623888,1.4278745651245117,0.17477655410766602,0.16217041015625,-0.006886743009090424,0.039256751537323,-0.05269455909729004,30.334941864013672,0,-0.1037607192993164,-0.05578213930130005,-0.014617919921875,-0.0012224987149238586,0.0020004436373710632,0.00040924549102783203,103473599198237,2.072,1445386,12044.883333333333,34,True,0.5240554213523865,1.1534806489944458,-5.21142578125,0.7126198410987854,0.13931778073310852,-0.6789466142654419,-0.10860546678304672,1441164,0.5235210657119751,1.1527634859085083,-5.209558010101318,0.7171733245109677,0.09203942692836133,-0.688115643494409,-0.06072913369100718,0.001996483686030966,-0.00027455777140470507,-0.0004765488723015467,0.002070851975907111,0.0012352709414708565,0.0049777964641927195,-0.0678271505772139,0.99768390449713,7.800630656690223
103473701351138,35.284879222,40724003,1.4452173709869385,0.07288670539855957,-0.1183013916015625,-0.009204495698213577,0.03443792462348938,-0.05237162113189697,30.334941864013672,0,-0.1037607192993164,-0.05578213930130005,-0.014617919921875,-0.0012224987149238586,0.0020004436373710632,0.00040924549102783203,103473700440139,0.911,1445398,12044.983333333334,34,True,0.5240201354026794,1.1532272100448608,-5.211561679840088,0.7127557992935181,0.13746611773967743,-0.6794484257698059,-0.10692083090543747,1441164,0.5235210657119751,1.1527634859085083,-5.209558010101318,0.7171733245109677,0.09203942692836133,-0.688115643494409,-0.06072913369100718,0.002073183935656936,6.02940473827117e-08,-0.0004251016562835848,0.0021163182777825273,0.0013391832101893738,0.0046688629258076495,-0.06529697975305522,0.9978540538287344,7.508526758836377
103473801449146,35.384977230,40824233,1.4465076923370361,0.09864062070846558,-0.223175048828125,-0.010397620499134064,0.04253659397363663,-0.05034148693084717,30.334941864013672,0,-0.1037607192993164,-0.05578213930130005,-0.014617919921875,-0.0012224987149238586,0.0020004436373710632,0.00040924549102783203,103473801175894,0.273,1445410,12045.083333333334,34,True,0.5240184664726257,1.153220295906067,-5.211577892303467,0.7130122184753418,0.13610976934432983,-0.6796071529388428,-0.10593312233686447,1441164,0.5235210657119751,1.1527634859085083,-5.209558010101318,0.7171733245109677,0.09203942692836133,-0.688115643494409,-0.06072913369100718,0.0020874535275635414,1.019125528002238e-05,-0.0004224226671234377,0.0021297903655339728,0.0015631865563428965,0.004722935790296978,-0.06361134473838509,0.9979623475592079,7.3165518238984735
103473901541758,35.485069842,40924383,1.3789753913879395,0.20054596662521362,0.014190673828125,-0.006406139582395554,0.043738797307014465,-0.04847002029418945,30.334941864013672,0,-0.1037607192993164,-0.05578213930130005,-0.014617919921875,-0.0012224987149238586,0.0020004436373710632,0.00040924549102783203,103473901174909,0.367,1445422,12045.183333333332,34,True,0.5239688158035278,1.1533420085906982,-5.211544036865234,0.7134798765182495,0.13568273186683655,-0.6796965003013611,-0.1027100458741188,1441164,0.5235210657119751,1.1527634859085083,-5.209558010101318,0.7171733245109677,0.09203942692836133,-0.688115643494409,-0.06072913369100718,0.0020788673319735145,-0.00011820400356945182,-0.000379222065389032,0.0021164760677325053,-0.00047464371769352653,0.004709944513561327,-0.06103876587439946,0.9981241707305513,7.0199204679713745
103474001610284,35.585138368,41024400,1.3318297863006592,0.14762109518051147,0.0370635986328125,-0.004748500883579254,0.04185264930129051,-0.045929789543151855,30.334941864013672,0,-0.1037607192993164,-0.05578213930130005,-0.014617919921875,-0.0012224987149238586,0.0020004436373710632,0.00040924549102783203,103474000258058,1.352,1445434,12045.283333333333,34,True,0.5239918231964111,1.1534981727600098,-5.211194038391113,0.7130939364433289,0.13598769903182983,-0.6796461939811707,-0.1052875742316246,1441164,0.5235210657119751,1.1527634859085083,-5.209558010101318,0.7171733245109677,0.09203942692836133,-0.688115643494409,-0.06072913369100718,0.00177183019214516,-0.00034427665908762245,-0.0004243315874894149,0.0018541752732498017,0.0011828457994091798,0.004699165268007955,-0.06306969404609548,0.9979973609256343,7.2533974162742005
103474101675866,35.685203950,41124207,1.1964783668518066,0.0783039927482605,-0.073211669921875,-0.006431471556425095,0.03644771873950958,-0.04232299327850342,30.334941864013672,0,-0.1037607192993164,-0.05578213930130005,-0.014617919921875,-0.0012224987149238586,0.0020004436373710632,0.00040924549102783203,103474099809768,1.866,1445446,12045.383333333333,34,True,0.5239037275314331,1.153093934059143,-5.2110795974731445,0.7141054272651672,0.13363432884216309,-0.679656445980072,-0.10130363702774048,1441164,0.5235210657119751,1.1527634859085083,-5.209558010101318,0.7171733245109677,0.09203942692836133,-0.688115643494409,-0.06072913369100718,0.0015698294472269708,2.1399747960725707e-05,-0.0003256251461972921,0.0016033883429879758,-0.00011542019724207488,0.0051640743755456695,-0.058546791611183445,0.9982713019044765,6.738912015586301
103474201796141,35.785324225,41224360,1.0845880508422852,0.10798555612564087,-0.136444091796875,-0.006104510277509689,0.037829454988241196,-0.03336620330810547,30.334941864013672,0,-0.1037607192993164,-0.05578213930130005,-0.014617919921875,-0.0012224987149238586,0.0020004436373710632,0.00040924549102783203,103474199700652,2.095,1445458,12045.483333333334,34,True,0.524076521396637,1.1527584791183472,-5.211589813232422,0.7150735855102539,0.1230727806687355,-0.6816654801368713,-0.09410110116004944,1441164,0.5235210657119751,1.1527634859085083,-5.209558010101318,0.7171733245109677,0.09203942692836133,-0.688115643494409,-0.06072913369100718,0.002001614302206642,0.00046613783575060857,-0.00046155796214181677,0.0021063665514655682,0.002112794682565117,0.004367929948648875,-0.04580503826820756,0.9989386146084458,5.280105488280028
103474301991277,35.885519361,41324854,0.917190432548523,0.20317596197128296,-0.0262908935546875,-0.004128649830818176,0.044845130294561386,-0.023908138275146484,30.49208641052246,0,-0.1037607192993164,-0.05578213930130005,-0.014617919921875,-0.0012224987149238586,0.0020004436373710632,0.00040924549102783203,103474301140750,0.851,1445470,12045.583333333334,34,True,0.5241320729255676,1.1521178483963013,-5.212850093841553,0.7159683108329773,0.10985201597213745,-0.6848833560943604,-0.07910014688968658,1441164,0.5235210657119751,1.1527634859085083,-5.209558010101318,0.7171733245109677,0.09203942692836133,-0.688115643494409,-0.06072913369100718,0.0030953047747923523,0.0013632956420452362,-0.00043417313191246244,0.003409984305674521,0.0006937609490885734,0.002098035824790679,-0.025723296352926125,0.9996666589249453,2.958857886209514
103474402142497,35.985670581,41425007,1.1359763145446777,0.19985491037368774,0.1231536865234375,-0.005023147910833359,0.02877938747406006,-0.009356021881103516,30.49208641052246,0,-0.1037607192993164,-0.05578213930130005,-0.014617919921875,-0.0012224987149238586,0.0020004436373710632,0.00040924549102783203,103474400960596,1.182,1445482,12045.683333333332,34,True,0.5242275595664978,1.151939868927002,-5.213966369628906,0.7181292176246643,0.09340470284223557,-0.6867058873176575,-0.06325404345989227,1441164,0.5235210657119751,1.1527634859085083,-5.209558010101318,0.7171733245109677,0.09203942692836133,-0.688115643494409,-0.06072913369100718,0.004149657274320701,0.0017802031216029043,-0.00047152261312844677,0.0045399462797679575,0.0006835264867179476,0.0018182836979188102,-0.002714202710010272,0.9999944298542792,0.38247328501078326
103474502199481,36.085727565,41524868,0.9767496585845947,0.10838973522186279,-0.047119140625,-0.0064168162643909454,0.024040307849645615,0.009795904159545898,30.49208641052246,0,-0.1037607192993164,-0.05578213930130005,-0.014617919921875,-0.0012224987149238586,0.0020004436373710632,0.00040924549102783203,103474499187931,3.012,1445494,12045.783333333333,34,True,0.5241379141807556,1.152295708656311,-5.215241432189941,0.7214758992195129,0.07352932542562485,-0.6872745156288147,-0.04147050529718399,1441164,0.5235210657119751,1.1527634859085083,-5.209558010101318,0.7171733245109677,0.09203942692836133,-0.688115643494409,-0.06072913369100718,0.005467370537250253,0.0017012500007381815,-0.0003379527658633185,0.005735904830849135,-0.0014133926365316742,0.0029154525978400962,0.02687203873573938,0.9996336308826298,3.1019894415918303
103474602294622,36.185822706,41624840,0.9099271297454834,0.08331602811813354,0.0408935546875,-0.003826923668384552,0.012896578758955002,0.030447721481323242,30.49208641052246,0,-0.1037607192993164,-0.05578213930130005,-0.014617919921875,-0.0012224987149238586,0.0020004436373710632,0.00040924549102783203,103474599529201,2.765,1445506,12045.883333333333,34,True,0.5241817831993103,1.1533869504928589,-5.216980457305908,0.7235770225524902,0.055459946393966675,-0.6877015829086304,-0.0206656102091074,1441164,0.5235210657119751,1.1527634859085083,-5.209558010101318,0.7171733245109677,0.09203942692836133,-0.688115643494409,-0.06072913369100718,0.007401188016670372,0.0010104292267030445,-0.000345581988322268,0.007477832452718742,-0.003988578378702633,0.0032374543497781807,0.054366410763065635,0.9985078384832999,6.260796120064673
103474702394843,36.285922927,41725128,1.0222246646881104,-0.2686094641685486,0.0498199462890625,-0.005044437944889069,0.011181285604834557,0.04414081573486328,30.49208641052246,0,-0.1037607192993164,-0.05578213930130005,-0.014617919921875,-0.0012224987149238586,0.0020004436373710632,0.00040924549102783203,103474701575968,0.819,1445518,12045.983333333334,34,True,0.524230420589447,1.1541246175765991,-5.218785762786865,0.7251697182655334,0.03349357843399048,-0.6877502799034119,0.0025752680376172066,1441164,0.5235210657119751,1.1527634859085083,-5.209558010101318,0.7171733245109677,0.09203942692836133,-0.688115643494409,-0.06072913369100718,0.009323626419734709,0.000678984779536514,-0.00034095958715540394,0.009354532772174701,-0.005633155898967881,0.0034934104241585166,0.0862620643715491,0.9962504303078544,9.92645403257811
103474802474631,36.386002715,41825270,1.0575339794158936,-0.4943090081214905,0.0139007568359375,-0.004940412938594818,0.0065362099558115005,0.06287992000579834,30.49208641052246,0,-0.1037607192993164,-0.05578213930130005,-0.014617919921875,-0.0012224987149238586,0.0020004436373710632,0.00040924549102783203,103474799595678,2.879,1445530,12046.083333333334,34,True,0.5242852568626404,1.155080795288086,-5.2203521728515625,0.7266563773155212,0.008510865271091461,-0.6866453886032104,0.02039952389895916,1441164,0.5235210657119751,1.1527634859085083,-5.209558010101318,0.7171733245109677,0.09203942692836133,-0.688115643494409,-0.06072913369100718,0.011060279523393803,8.357416952581558e-05,-0.0003620670887771923,0.011066519794144488,-0.0014172181524747948,0.005185446721584165,0.1165138846942887,0.9931745150316997,13.396202857829968
103474902651494,36.486179578,41925116,1.0592031478881836,-0.5881891846656799,-0.1751556396484375,-0.0036601312458515167,-0.0033435113728046417,0.08442020416259766,30.49208641052246,0,-0.1037607192993164,-0.05578213930130005,-0.014617919921875,-0.0012224987149238586,0.0020004436373710632,0.00040924549102783203,103474899643056,3.008,1445542,12046.183333333332,34,True,0.5243862867355347,1.1558600664138794,-5.221679210662842,0.7257764339447021,-0.01434983592480421,-0.6864478588104248,0.042801208794116974,1441164,0.5235210657119751,1.1527634859085083,-5.209558010101318,0.7171733245109677,0.09203942692836133,-0.688115643494409,-0.06072913369100718,0.012526874388878848,-0.00038816599711197263,-0.0004332049197171379,0.012540371657113272,-0.0017170452058302631,0.00404807933415069,0.14823093496230694,0.9889429987262491,17.056396592270232
103475002844105,36.586372189,42025437,0.8457914590835571,-0.8603891730308533,-0.2334442138671875,-0.0032744407653808594,-0.005647614598274231,0.1042625904083252,30.49208641052246,0,-0.1037607192993164,-0.05578213930130005,-0.014617919921875,-0.0012224987149238586,0.0020004436373710632,0.00040924549102783203,103475000614569,2.230,1445554,12046.283333333333,34,True,0.5244507789611816,1.156512975692749,-5.2230706214904785,0.7246098518371582,-0.03564440831542015,-0.6856209635734558,0.059949468821287155,1441164,0.5235210657119751,1.1527634859085083,-5.209558010101318,0.7171733245109677,0.09203942692836133,-0.688115643494409,-0.06072913369100718,0.014027725510680884,-0.000724625819007247,-0.00045993623662125296,0.014053956984505699,0.0006325471172344694,0.0035532479517045306,0.1751452282933247,0.9845359939175496,20.178546796988925
103475102947828,36.686475912,42125915,0.7820291519165039,-1.0046373009681702,-0.3568115234375,-0.0007118433713912964,-0.014369141310453415,0.125327467918396,30.49208641052246,0,-0.1037607192993164,-0.05578213930130005,-0.014617919921875,-0.0012224987149238586,0.0020004436373710632,0.00040924549102783203,103475101076786,1.871,1445566,12046.383333333333,34,True,0.5242475271224976,1.1557786464691162,-5.224447727203369,0.7229568958282471,-0.05300024151802063,-0.6835842728614807,0.08507000654935837,1441164,0.5235210657119751,1.1527634859085083,-5.209558010101318,0.7171733245109677,0.09203942692836133,-0.688115643494409,-0.06072913369100718,0.015205884965897013,0.00027638986020004936,-0.0001651841863287714,0.01520929369715528,-0.0055274851898569205,0.0026184080588955716,0.20460237435047016,0.9788260617989608,23.623146817362986
103475203156339,36.786684423,42225946,0.6827598810195923,-1.0922126173973083,-0.4205169677734375,-0.00435347855091095,-0.018076781183481216,0.14448285102844238,30.49208641052246,0,-0.1037607192993164,-0.05578213930130005,-0.014617919921875,-0.0012224987149238586,0.0020004436373710632,0.00040924549102783203,103475199972437,3.184,1445578,12046.483333333334,34,True,0.5244177579879761,1.1559696197509766,-5.226263523101807,0.7208374738693237,-0.07549652457237244,-0.6809172630310059,0.10509678721427917,1441164,0.5235210657119751,1.1527634859085083,-5.209558010101318,0.7171733245109677,0.09203942692836133,-0.688115643494409,-0.06072913369100718,0.01702507991115861,0.0004864768647217491,-0.00025982713849257984,0.01703401056308065,-0.00452687324254892,0.0025956353529062452,0.23415981537908512,0.972184113713752,27.09105643203488
103475303226542,36.886754626,42325942,0.7864733934402466,-1.0614888072013855,-0.482940673828125,-0.0021533407270908356,-0.030966687947511673,0.16292238235473633,30.49208641052246,0,-0.1037607192993164,-0.05578213930130005,-0.014617919921875,-0.0012224987149238586,0.0020004436373710632,0.00040924549102783203,103475301052673,2.174,1445590,12046.583333333334,34,True,0.524320125579834,1.1560227870941162,-5.228509902954102,0.7184043526649475,-0.09561339765787125,-0.6773707270622253,0.12618330121040344,1441164,0.5235210657119751,1.1527634859085083,-5.209558010101318,0.7171733245109677,0.09203942692836133,-0.688115643494409,-0.06072913369100718,0.019225079280487674,0.000910091233070222,-6.200161897308644e-05,0.01924670838336527,-0.0059854832222212,0.002745737160617157,0.26265773585088237,0.9648665963311869,30.465445218026137
103475403343243,36.986871327,42425964,0.8504501581192017,-1.2864155173301697,-0.6892852783203125,-0.002264890819787979,-0.028570067137479782,0.17426002025604248,30.49208641052246,0,-0.1037607192993164,-0.05578213930130005,-0.014617919921875,-0.0012224987149238586,0.0020004436373710632,0.00040924549102783203,103475400124317,3.219,1445602,12046.683333333332,34,True,0.5246679782867432,1.1565498113632202,-5.230533123016357,0.7158182263374329,-0.119338758289814,-0.6741057634353638,0.13763734698295593,1441164,0.5235210657119751,1.1527634859085083,-5.209558010101318,0.7171733245109677,0.09203942692836133,-0.688115643494409,-0.06072913369100718,0.021325536321802487,0.0008452453009890112,-0.00033777458524568015,0.021344953284132506,0.0019823200406184904,0.003694324702834595,0.2871183307773821,0.9578859465008642,33.37468788726309
103475503404256,37.086932340,42526280,1.017073631286621,-1.5365566611289978,-0.5732574462890625,-0.002642810344696045,-0.02741868421435356,0.18428325653076172,30.49208641052246,0,-0.1037607192993164,-0.05578213930130005,-0.014617919921875,-0.0012224987149238586,0.0020004436373710632,0.00040924549102783203,103475501477165,1.927,1445614,12046.783333333333,34,True,0.5248875021934509,1.1569020748138428,-5.23190450668335,0.7133374214172363,-0.13025417923927307,-0.6726669669151306,0.14731846749782562,1441164,0.5235210657119751,1.1527634859085083,-5.209558010101318,0.7171733245109677,0.09203942692836133,-0.688115643494409,-0.06072913369100718,0.022747616301350953,0.0008053483384557365,-0.0005082744694149869,0.022767542165899244,0.0025685817749450807,0.0027909499461858944,0.30129261336254987,0.9535241864364157,35.0733832043175
103475603475929,37.187004013,42626079,1.1412930488586426,-1.5599650740623474,-0.5501251220703125,-0.001268278807401657,-0.03387127444148064,0.18936145305633545,30.49208641052246,0,-0.1037607192993164,-0.05578213930130005,-0.014617919921875,-0.0012224987149238586,0.0020004436373710632,0.00040924549102783203,103475599128698,4.347,1445626,12046.883333333333,34,True,0.524759829044342,1.1563245058059692,-5.232491970062256,0.7106193900108337,-0.13606466352939606,-0.6714255809783936,0.1602940857410431,1441164,0.5235210657119751,1.1527634859085083,-5.209558010101318,0.7171733245109677,0.09203942692836133,-0.688115643494409,-0.06072913369100718,0.02319175024331035,0.0014882718169774356,-0.0003311864192851869,0.023241813973819126,-0.0026880930901249794,0.0009695161082221571,0.3140629080116749,0.9493978744474336,36.61007244837603
103475703587470,37.287115554,42726198,1.0954701900482178,-1.5247949957847595,-0.372650146484375,-3.071129322052002e-05,-0.022699739784002304,0.19650399684906006,30.49208641052246,0,-0.1037607192993164,-0.05578213930130005,-0.014617919921875,-0.0012224987149238586,0.0020004436373710632,0.00040924549102783203,103475700444212,3.143,1445638,12046.983333333334,34,True,0.5247393846511841,1.155582308769226,-5.233145236968994,0.7093080878257751,-0.14248068630695343,-0.6705747842788696,0.16404509544372559,1441164,0.5235210657119751,1.1527634859085083,-5.209558010101318,0.7171733245109677,0.09203942692836133,-0.688115643494409,-0.06072913369100718,0.023668469361700133,0.0023510809664432793,-0.0002516168286048673,0.02378628459143939,-0.000961924140310308,0.0007217559716868328,0.3210730724584449,0.9470536605242387,37.45593684919389
103475803698620,37.387226704,42826560,1.1998908519744873,-1.551306426525116,-0.45635986328125,-0.0001651756465435028,-0.020104266703128815,0.19418108463287354,30.49208641052246,0,-0.1037607192993164,-0.05578213930130005,-0.014617919921875,-0.0012224987149238586,0.0020004436373710632,0.00040924549102783203,103475800570776,3.128,1445650,12047.083333333334,34,True,0.5247800946235657,1.154977798461914,-5.23325252532959,0.7103761434555054,-0.144582599401474,-0.6682913303375244,0.16687816381454468,1441164,0.5235210657119751,1.1527634859085083,-5.209558010101318,0.7171733245109677,0.09203942692836133,-0.688115643494409,-0.06072913369100718,0.023644302195856975,0.002965797883881008,-0.000263443295873396,0.02383103828596607,-0.0018223958117838392,0.0029612273758649614,0.3244896224908174,0.9458828653177414,37.87157041222096
103475903763008,37.487291092,42926640,1.2575247287750244,-1.448379933834076,-0.5683746337890625,-0.0028928741812705994,-0.0247005857527256,0.19444000720977783,30.49208641052246,0,-0.1037607192993164,-0.05578213930130005,-0.014617919921875,-0.0012224987149238586,0.0020004436373710632,0.00040924549102783203,103475902065799,1.697,1445662,12047.183333333332,34,True,0.524720311164856,1.1547361612319946,-5.233336925506592,0.7100226283073425,-0.14595772325992584,-0.6679549217224121,0.1685243546962738,1441164,0.5235210657119751,1.1527634859085083,-5.209558010101318,0.7171733245109677,0.09203942692836133,-0.688115643494409,-0.06072913369100718,0.02367241060946894,0.0032167055626264765,-0.00019035939527159255,0.0238907190230704,-0.0020662499373134695,0.0028912269610174017,0.3265556258356149,0.9451713043956458,38.12204175405895
103476003838846,37.587366930,43026419,1.3137834072113037,-1.3943831324577332,-0.483612060546875,-0.0024301931262016296,-0.027854692190885544,0.19470953941345215,30.49208641052246,0,-0.1037607192993164,-0.05578213930130005,-0.014617919921875,-0.0012224987149238586,0.0020004436373710632,0.00040924549102783203,103475999672986,4.166,1445674,12047.283333333333,34,True,0.5247724652290344,1.1551005840301514,-5.233397006988525,0.7102847099304199,-0.14602790772914886,-0.6678464412689209,0.16778743267059326,1441164,0.5235210657119751,1.1527634859085083,-5.209558010101318,0.7171733245109677,0.09203942692836133,-0.688115643494409,-0.06072913369100718,0.02381148667079875,0.0028765151701886085,-0.00025409441512733557,0.023985950074361256,-0.0015153545737620344,0.0032214568554852496,0.3261164089941958,0.9453229150406619,38.06880745849173
103476104080106,37.687608190,43126420,1.3563671112060547,-1.475618302822113,-0.373687744140625,-0.0013110414147377014,-0.02555246278643608,0.19091475009918213,30.49208641052246,0,-0.1037607192993164,-0.05578213930130005,-0.014617919921875,-0.0012224987149238586,0.0020004436373710632,0.00040924549102783203,103476092154593,11.926,1445685,12047.375,34,True,0.5249594449996948,1.1555708646774292,-5.233425140380859,0.7108889818191528,-0.150477796792984,-0.6671798229217529,0.16390345990657806,1441164,0.5235210657119751,1.1527634859085083,-5.209558010101318,0.7171733245109677,0.09203942692836133,-0.688115643494409,-0.06072913369100718,0.023947070153260388,0.0024327424007982105,-0.00045805435736021873,0.024074680025041095,0.004234113334401172,0.004743063309938068,0.3266502682937459,0.9451238955070035,38.13867351808573
103476204297104,37.787825188,43226979,1.2376532554626465,-1.5687467455863953,-0.3282012939453125,-0.0009849146008491516,-0.020917285233736038,0.19288158416748047,30.49208641052246,0,-0.1037607192993164,-0.05578213930130005,-0.014617919921875,-0.0012224987149238586,0.0020004436373710632,0.00040924549102783203,103476201959807,2.337,1445698,12047.483333333334,34,True,0.5247617363929749,1.1553901433944702,-5.233262538909912,0.7099506258964539,-0.1465371698141098,-0.6680730581283569,0.16785511374473572,1441164,0.5235210657119751,1.1527634859085083,-5.209558010101318,0.7171733245109677,0.09203942692836133,-0.688115643494409,-0.06072913369100718,0.023742310787129402,0.002564731977891036,-0.00026097450765406177,0.023881860884878786,-0.001172316125300527,0.002853742597621279,0.32651122835039503,0.9451882879031063,38.11608197969696
103476304465054,37.887993138,43327189,1.1830360889434814,-1.478512942790985,-0.63446044921875,-0.001986805349588394,-0.028030019253492355,0.19151782989501953,30.49208641052246,0,-0.1037607192993164,-0.05578213930130005,-0.014617919921875,-0.0012224987149238586,0.0020004436373710632,0.00040924549102783203,103476303296051,1.169,1445710,12047.583333333334,34,True,0.5247247815132141,1.1550846099853516,-5.23278284072876,0.7104076743125916,-0.14169467985630035,-0.6691834330558777,0.16564138233661652,1441164,0.5235210657119751,1.1527634859085083,-5.209558010101318,0.7171733245109677,0.09203942692836133,-0.688115643494409,-0.06072913369100718,0.023207009576616446,0.002758498110925052,-0.00023388259116457295,0.02337154907967365,-0.0028424380054354608,0.0022815838331280984,0.3216245195262454,0.9468602765777586,37.52489424939158
103476404656440,37.988184524,43427128,1.2153294086456299,-1.4415892958641052,-0.5938568115234375,-0.0031904801726341248,-0.02843126282095909,0.18749988079071045,30.49208641052246,0,-0.1037607192993164,-0.05578213930130005,-0.014617919921875,-0.0012224987149238586,0.0020004436373710632,0.00040924549102783203,103476400357103,4.299,1445722,12047.683333333332,34,True,0.5249660015106201,1.1548043489456177,-5.232583999633789,0.7105950117111206,-0.14276710152626038,-0.6699604988098145,0.160702183842659,1441164,0.5235210657119751,1.1527634859085083,-5.209558010101318,0.7171733245109677,0.09203942692836133,-0.688115643494409,-0.06072913369100718,0.022961250709316778,0.003001120995841775,-0.0004726457236802334,0.02316137205236114,0.001497917419312475,0.0023729310396398695,0.31905932537507337,0.9477305905862115,37.21358487864273
103476504856508,38.088384592,43527531,1.1469383239746094,-1.3388182520866394,-0.31195068359375,-0.0014953017234802246,-0.01557912677526474,0.18470287322998047,30.49208641052246,0,-0.1037607192993164,-0.05578213930130005,-0.014617919921875,-0.0012224987149238586,0.0020004436373710632,0.00040924549102783203,103476503942050,0.914,1445734,12047.783333333333,34,True,0.5249448418617249,1.1545871496200562,-5.232194900512695,0.7105891108512878,-0.14120148122310638,-0.670767605304718,0.1587325930595398,1441164,0.5235210657119751,1.1527634859085083,-5.209558010101318,0.7171733245109677,0.09203942692836133,-0.688115643494409,-0.06072913369100718,0.022533971355604112,0.003128834049341068,-0.0004606818757016055,0.022754816970349433,0.001907771562470795,0.0018762365717107656,0.3166296727152994,0.9485454604288583,36.9198132968722
103476605087265,38.188615349,43627947,1.0433664321899414,-1.1252769827842712,-0.0985565185546875,0.0009276494383811951,-0.011115968227386475,0.18529736995697021,30.49208641052246,0,-0.1037607192993164,-0.05578213930130005,-0.014617919921875,-0.0012224987149238586,0.0020004436373710632,0.00040924549102783203,103476599772047,5.315,1445746,12047.883333333333,34,True,0.5248173475265503,1.154292345046997,-5.231772422790527,0.7109559774398804,-0.13919617235660553,-0.6711234450340271,0.15735113620758057,1441164,0.5235210657119751,1.1527634859085083,-5.209558010101318,0.7171733245109677,0.09203942692836133,-0.688115643494409,-0.06072913369100718,0.022053555878997908,0.0033199788616543385,-0.0003410298882992062,0.022304660677415118,0.0015291028937042819,0.0018788522044928537,0.3142962807175577,0.9493218525272893,36.637799139797266
103476705210177,38.288738261,43727690,1.1038122177124023,-1.0447234511375427,-0.165435791015625,-0.0006092973053455353,-0.013272449374198914,0.18543052673339844,30.49208641052246,0,-0.1037607192993164,-0.05578213930130005,-0.014617919921875,-0.0012224987149238586,0.0020004436373710632,0.00040924549102783203,103476703588199,1.622,1445758,12047.983333333334,34,True,0.5247851610183716,1.1541330814361572,-5.231930732727051,0.7113682627677917,-0.13705676794052124,-0.6708681583404541,0.15845069289207458,1441164,0.5235210657119751,1.1527634859085083,-5.209558010101318,0.7171733245109677,0.09203942692836133,-0.688115643494409,-0.06072913369100718,0.022172540866474633,0.0035076528988356405,-0.00029537976703130795,0.022450221525431975,-0.0007801615932010731,0.002114510208792109,0.3135410166197771,0.9495719831015983,36.546495054847135
103476805290062,38.388818146,43827911,1.204413652420044,-1.1560565829277039,-0.2506256103515625,-0.001761559396982193,-0.014871310442686081,0.18147003650665283,30.49208641052246,0,-0.1037607192993164,-0.05578213930130005,-0.014617919921875,-0.0012224987149238586,0.0020004436373710632,0.00040924549102783203,103476799523944,5.766,1445770,12048.083333333334,34,True,0.5249620079994202,1.1545119285583496,-5.232306957244873,0.7104164958000183,-0.14198648929595947,-0.6707174777984619,0.15901678800582886,1441164,0.5235210657119751,1.1527634859085083,-5.209558010101318,0.7171733245109677,0.09203942692836133,-0.688115643494409,-0.06072913369100718,0.022627719933877275,0.003227012189736595,-0.0004697291103191196,0.02286149519422946,0.00224999984101848,0.0018149232155212915,0.3173692750202049,0.9482976256574657,37.00939917192492
103476905533974,38.489062058,43928092,1.2020931243896484,-1.2281970381736755,-0.31573486328125,-0.003279544413089752,-0.018727611750364304,0.18448424339294434,30.49208641052246,0,-0.1037607192993164,-0.05578213930130005,-0.014617919921875,-0.0012224987149238586,0.0020004436373710632,0.00040924549102783203,103476900509770,5.024,1445782,12048.183333333332,34,True,0.5248403549194336,1.1545360088348389,-5.232577323913574,0.7108755707740784,-0.14169499278068542,-0.6695113778114319,0.16227445006370544,1441164,0.5235210657119751,1.1527634859085083,-5.209558010101318,0.7171733245109677,0.09203942692836133,-0.688115643494409,-0.06072913369100718,0.022892354255477664,0.003255422153942508,-0.0003369171496547757,0.02312511988994646,-0.00042577973114478473,0.002678266935134399,0.31937087795667995,0.9476259219285974,37.25115733798355
103477005636131,38.589164215,44028397,1.3090591430664062,-1.2753493189811707,-0.4040374755859375,-0.004270732402801514,-0.028515595942735672,0.1844080686569214,30.49208641052246,0,-0.1037607192993164,-0.05578213930130005,-0.014617919921875,-0.0012224987149238586,0.0020004436373710632,0.00040924549102783203,103476999696139,5.940,1445794,12048.283333333333,34,True,0.5249296426773071,1.154619574546814,-5.2329583168029785,0.7100356221199036,-0.14685915410518646,-0.6687214374542236,0.16460087895393372,1441164,0.5235210657119751,1.1527634859085083,-5.209558010101318,0.7171733245109677,0.09203942692836133,-0.688115643494409,-0.06072913369100718,0.023285368932343974,0.00325966009797862,-0.0004119679144652703,0.023516026616592196,0.001437611405839312,0.002766301172349994,0.3245500518736967,0.9458633858438811,37.878448474715704
103477105742753,38.689270837,44128348,1.1090989112854004,-1.3633310198783875,-0.35748291015625,-0.003900337964296341,-0.022170182317495346,0.19229769706726074,30.49208641052246,0,-0.1037607192993164,-0.05578213930130005,-0.014617919921875,-0.0012224987149238586,0.0020004436373710632,0.00040924549102783203,103477099263566,6.479,1445806,12048.383333333333,34,True,0.524827778339386,1.1547670364379883,-5.2337470054626465,0.7055700421333313,-0.16092945635318756,-0.6668761968612671,0.17761988937854767,1441164,0.5235210657119751,1.1527634859085083,-5.209558010101318,0.7171733245109677,0.09203942692836133,-0.688115643494409,-0.06072913369100718,0.024083104597364867,0.003279451313256657,-0.00028014503659817575,0.024306978611196583,0.0018840753672203228,0.0006730380523066738,0.34307640323307215,0.9393053703798618,40.129544501162755
103477206034853,38.789562937,44228516,1.074540138244629,-1.4085163474082947,-0.418609619140625,-0.0032612234354019165,-0.028074394911527634,0.21160495281219482,30.49208641052246,0,-0.1037607192993164,-0.05578213930130005,-0.014617919921875,-0.0012224987149238586,0.0020004436373710632,0.00040924549102783203,103477200151374,5.883,1445818,12048.483333333334,34,True,0.5253726243972778,1.1557965278625488,-5.235852241516113,0.6997399926185608,-0.17936676740646362,-0.6632114052772522,0.19581148028373718,1441164,0.5235210657119751,1.1527634859085083,-5.209558010101318,0.7171733245109677,0.09203942692836133,-0.688115643494409,-0.06072913369100718,0.026379024912224124,0.002751432590062238,-0.0007686885828999995,0.026533266266234135,0.001541302397520969,-0.0012650811115412222,0.3680579259533582,0.9298007244026071,43.19245429265268
103477306192547,38.889720631,44328990,0.9802734851837158,-1.6291374564170837,-0.2566070556640625,6.220489740371704e-05,-0.020180661231279373,0.2270890474319458,30.49208641052246,0,-0.1037607192993164,-0.05578213930130005,-0.014617919921875,-0.0012224987149238586,0.0020004436373710632,0.00040924549102783203,103477299572748,6.620,1445830,12048.583333333334,34,True,0.5256600379943848,1.1559282541275024,-5.237443923950195,0.6962428092956543,-0.20330749452114105,-0.6569536328315735,0.20572824776172638,1441164,0.5235210657119751,1.1527634859085083,-5.209558010101318,0.7171733245109677,0.09203942692836133,-0.688115643494409,-0.06072913369100718,0.02797097732645312,0.0029770923666414223,-0.0009881801128290258,0.02814631683705454,0.01053966834448178,0.0013575257092450224,0.39134951737093504,0.9201807582038832,46.09495626573533
103477406287860,38.989815944,44428895,1.0649750232696533,-1.7727717757225037,-0.193359375,-0.004860859364271164,-0.03214331343770027,0.2434544563293457,30.49208641052246,0,-0.1037607192993164,-0.05578213930130005,-0.014617919921875,-0.0012224987149238586,0.0020004436373710632,0.00040924549102783203,103477399479272,6.809,1445842,12048.683333333332,34,True,0.526007890701294,1.1548895835876465,-5.238521099090576,0.6923344135284424,-0.20749467611312866,-0.6550621390342712,0.22025613486766815,1441164,0.5235210657119751,1.1527634859085083,-5.209558010101318,0.7171733245109677,0.09203942692836133,-0.688115643494409,-0.06072913369100718,0.028810713196600155,0.004237625822077762,-0.0012451691305658743,0.02914730028095921,0.0030651825768792666,-0.0010582279585812373,0.4038747269089693,0.9148085536184954,47.64289251065767
103477506352494,39.089880578,44529077,1.1924598217010498,-1.7997912764549255,-0.2988739013671875,-0.00607503205537796,-0.035113509744405746,0.2506706714630127,30.49208641052246,0,-0.1037607192993164,-0.05578213930130005,-0.014617919921875,-0.0012224987149238586,0.0020004436373710632,0.00040924549102783203,103477499316358,7.036,1445854,12048.783333333333,34,True,0.5258628726005554,1.1538499593734741,-5.239597797393799,0.6887027025222778,-0.21955598890781403,-0.6512063145637512,0.2311152070760727,1441164,0.5235210657119751,1.1527634859085083,-5.209558010101318,0.7171733245109677,0.09203942692836133,-0.688115643494409,-0.06072913369100718,0.02963200956543698,0.00547511360121356,-0.0010101706977565115,0.030150510852570114,0.003442586441907731,-0.0010589603681768758,0.4194286543265401,0.9077811581715918,49.598994737292465
103477606473758,39.190001842,44629138,1.288269281387329,-1.7974488139152527,0.04547119140625,-0.008771415799856186,-0.03731612488627434,0.26309049129486084,30.49208641052246,0,-0.1037607192993164,-0.05578213930130005,-0.014617919921875,-0.0012224987149238586,0.0020004436373710632,0.00040924549102783203,103477601400869,5.073,1445866,12048.883333333333,34,True,0.5261768698692322,1.1535916328430176,-5.241145133972168,0.6831000447273254,-0.23622800409793854,-0.6465009450912476,0.24414584040641785,1441164,0.5235210657119751,1.1527634859085083,-5.209558010101318,0.7171733245109677,0.09203942692836133,-0.688115643494409,-0.06072913369100718,0.03109755393922079,0.0060731483388985295,-0.0012427895035869631,0.031709391629282935,0.005476803563622873,-0.0017265264336817632,0.43955057312549295,0.8981994864139314,52.15520432262984
103477706540937,39.290069021,44729345,1.270545482635498,-1.7484692931175232,0.0769195556640625,-0.0021668672561645508,-0.028951551765203476,0.27408266067504883,30.49208641052246,0,-0.1037607192993164,-0.05578213930130005,-0.014617919921875,-0.0012224987149238586,0.0020004436373710632,0.00040924549102783203,103477700377152,6.164,1445878,12048.983333333334,34,True,0.5259384512901306,1.1547151803970337,-5.242832660675049,0.6806703805923462,-0.2557413578033447,-0.6391347050666809,0.250581294298172,1441164,0.5235210657119751,1.1527634859085083,-5.209558010101318,0.7171733245109677,0.09203942692836133,-0.688115643494409,-0.06072913369100718,0.03297790647230767,0.0053261246858069145,-0.0009722734948781064,0.033419384123796726,0.013758478780926153,0.0024771681309466173,0.45730240498779345,0.8892013710583594,54.4538750590995
103477806737119,39.390265203,44829193,1.3109734058380127,-1.983479917049408,0.0221099853515625,-0.0019567161798477173,-0.01991385594010353,0.28003692626953125,30.49208641052246,0,-0.1037607192993164,-0.05578213930130005,-0.014617919921875,-0.0012224987149238586,0.0020004436373710632,0.00040924549102783203,103477802287759,4.449,1445890,12049.083333333334,34,True,0.5260034203529358,1.1545675992965698,-5.243081092834473,0.6786314845085144,-0.2614316940307617,-0.6368013620376587,0.2561187446117401,1441164,0.5235210657119751,1.1527634859085083,-5.209558010101318,0.7171733245109677,0.09203942692836133,-0.688115643494409,-0.06072913369100718,0.0331908555470921,0.005526372247151811,-0.001019952671630362,0.03366324383677827,0.013611837047062899,0.0025834885997589323,0.46486439791678874,0.8852734803597816,55.42961061956209
103477906972442,39.490500526,44929778,1.4784941673278809,-2.0433589816093445,-0.189697265625,-0.002541579306125641,-0.024437561631202698,0.28742969036102295,30.49208641052246,0,-0.1037607192993164,-0.05578213930130005,-0.014617919921875,-0.0012224987149238586,0.0020004436373710632,0.00040924549102783203,103477900502100,6.470,1445902,12049.183333333332,34,True,0.5260628461837769,1.154538631439209,-5.243781089782715,0.6772397756576538,-0.26494550704956055,-0.635688841342926,0.2589401602745056,1441164,0.5235210657119751,1.1527634859085083,-5.209558010101318,0.7171733245109677,0.09203942692836133,-0.688115643494409,-0.06072913369100718,0.03386982184509921,0.005707155447540614,-0.0010461918466804457,0.03436322121834932,0.013988423251559662,0.0023774113118640305,0.4691301845716901,0.883015029234566,55.983537483065625
103478007139380,39.590667464,45029993,1.4873714447021484,-2.1024953722953796,-0.2128448486328125,-0.0036629363894462585,-0.026673857122659683,0.28309571743011475,30.49208641052246,0,-0.1037607192993164,-0.05578213930130005,-0.014617919921875,-0.0012224987149238586,0.0020004436373710632,0.00040924549102783203,103477999387106,7.752,1445914,12049.283333333333,34,True,0.526077151298523,1.154396414756775,-5.243735313415527,0.6766693592071533,-0.2659240663051605,-0.6355670094490051,0.25972598791122437,1441164,0.5235210657119751,1.1527634859085083,-5.209558010101318,0.7171733245109677,0.09203942692836133,-0.688115643494409,-0.06072913369100718,0.03379500715358322,0.005836820746168873,-0.001056932848884712,0.03431163202152733,0.014121638834594361,0.002059373471990034,0.4703128458131718,0.8823843637330866,56.13732177818072
103478107297165,39.690825249,45129897,1.4386653900146484,-2.0165502429008484,-0.149383544921875,-0.001972012221813202,-0.027129236608743668,0.2832127809524536,30.49208641052246,0,-0.1037607192993164,-0.05578213930130005,-0.014617919921875,-0.0012224987149238586,0.0020004436373710632,0.00040924549102783203,103478107221969,0.075,1445927,12049.391666666666,34,True,0.5260405540466309,1.153920292854309,-5.243147850036621,0.6781523823738098,-0.2628093361854553,-0.6359265446662903,0.2581433653831482,1441164,0.5235210657119751,1.1527634859085083,-5.209558010101318,0.7171733245109677,0.09203942692836133,-0.688115643494409,-0.06072913369100718,0.03311778186129536,0.006174006812391965,-0.0010283652686528956,0.033704055700428365,0.013056388188419423,0.002778524742719946,0.4671483655473457,0.8840781725018274,55.723412993779924
103478208550971,39.792079055,45230061,1.370035171508789,-1.8384267687797546,-0.1967620849609375,-0.0018782541155815125,-0.027703318744897842,0.2809112071990967,30.49208641052246,0,-0.1037607192993164,-0.05578213930130005,-0.014617919921875,-0.0012224987149238586,0.0020004436373710632,0.00040924549102783203,103478208301841,0.249,1445939,12049.491666666667,34,True,0.5259369015693665,1.1536363363265991,-5.242534637451172,0.6792230010032654,-0.2589355409145355,-0.6375409960746765,0.2552449703216553,1441164,0.5235210657119751,1.1527634859085083,-5.209558010101318,0.7171733245109677,0.09203942692836133,-0.688115643494409,-0.06072913369100718,0.032454442281771904,0.006314948079872964,-0.0009416416733402265,0.033076518591189825,0.012552995817441823,0.00238890701235589,0.46257232416784766,0.886489458670124,55.12924884674538
103478308937503,39.892465587,45331283,1.3471367359161377,-1.8968328833580017,-0.0944366455078125,-0.0067402273416519165,-0.030959848314523697,0.27860546112060547,30.49208641052246,0,-0.1037607192993164,-0.05578213930130005,-0.014617919921875,-0.0012224987149238586,0.0020004436373710632,0.00040924549102783203,103478308748206,0.189,1445951,12049.591666666667,34,True,0.5257993936538696,1.1537607908248901,-5.242300987243652,0.67978435754776,-0.2578953504562378,-0.6380593776702881,0.2535022795200348,1441164,0.5235210657119751,1.1527634859085083,-5.209558010101318,0.7171733245109677,0.09203942692836133,-0.688115643494409,-0.06072913369100718,0.03224831662818596,0.0061369109968900815,-0.0008199667767518767,0.032837295069028785,0.013100657059308216,0.0025006422466767324,0.4607103152961237,0.8874503506972742,54.89082558258924
103478409112105,39.992640189,45431627,1.375077724456787,-1.8097001910209656,-0.073577880859375,-0.004617907106876373,-0.032358694821596146,0.27617621421813965,30.49208641052246,0,-0.1037607192993164,-0.05578213930130005,-0.014617919921875,-0.0012224987149238586,0.0020004436373710632,0.00040924549102783203,103478407611818,1.500,1445963,12049.691666666666,34,True,0.5259574055671692,1.154226303100586,-5.242671966552734,0.6793922781944275,-0.260162889957428,-0.6373630166053772,0.25398772954940796,1441164,0.5235210657119751,1.1527634859085083,-5.209558010101318,0.7171733245109677,0.09203942692836133,-0.688115643494409,-0.06072913369100718,0.03271638277036675,0.005769679062628843,-0.000979183246810092,0.033235669060419436,0.0142725525052137,0.0028232830368712385,0.4625921993848466,0.8864517924772729,55.138575486648705
103478509170019,40.092698103,45531803,1.346531867980957,-1.7291378378868103,-0.137603759765625,-0.002388961613178253,-0.032006409019231796,0.2768111228942871,30.49208641052246,0,-0.1037607192993164,-0.05578213930130005,-0.014617919921875,-0.0012224987149238586,0.0020004436373710632,0.00040924549102783203,103478507991202,1.179,1445975,12049.791666666666,34,True,0.5259689092636108,1.1536054611206055,-5.242767333984375,0.6791960000991821,-0.260089248418808,-0.6369233727455139,0.25568529963493347,1441164,0.5235210657119751,1.1527634859085083,-5.209558010101318,0.7171733245109677,0.09203942692836133,-0.688115643494409,-0.06072913369100718,0.0326760090258165,0.006396367377169499,-0.0009617544394841756,0.03331005933769598,0.012975881843215494,0.002842806292854661,0.46366274561731285,0.8859121871096408,55.272029577725924
103478609345269,40.192873353,45631897,1.390608549118042,-1.8295015692710876,-0.2410125732421875,-0.0032212771475315094,-0.024088073521852493,0.27327895164489746,30.49208641052246,0,-0.1037607192993164,-0.05578213930130005,-0.014617919921875,-0.0012224987149238586,0.0020004436373710632,0.00040924549102783203,103478609105409,0.240,1445987,12049.891666666666,34,True,0.5258728265762329,1.1532597541809082,-5.2423601150512695,0.6799299120903015,-0.2575531601905823,-0.6376441717147827,0.2545025944709778,1441164,0.5235210657119751,1.1527634859085083,-5.209558010101318,0.7171733245109677,0.09203942692836133,-0.688115643494409,-0.06072913369100718,0.032200641535768855,0.006641960170676279,-0.0008707469692879929,0.03289004637437376,0.012100736547382614,0.0027857258896846764,0.4611414158443596,0.8872397683260923,54.94315837512735
103478709447495,40.292975579,45732128,1.4974572658538818,-1.661078155040741,-0.0930633544921875,-0.0038787350058555603,-0.025738965719938278,0.2751399278640747,30.49208641052246,0,-0.1037607192993164,-0.05578213930130005,-0.014617919921875,-0.0012224987149238586,0.0020004436373710632,0.00040924549102783203,103478707667135,1.780,1445999,12049.991666666667,34,True,0.5256271958351135,1.1530174016952515,-5.2419257164001465,0.6801503300666809,-0.25772762298583984,-0.637505054473877,0.25408533215522766,1441164,0.5235210657119751,1.1527634859085083,-5.209558010101318,0.7171733245109677,0.09203942692836133,-0.688115643494409,-0.06072913369100718,0.03171564279230927,0.006773657646209472,-0.0006357929947202279,0.03243714951054649,0.012493846008983043,0.003086169570303555,0.46099123287899757,0.887311367321522,54.9253701394287
103478809640398,40.393168482,45832126,1.4016139507293701,-1.568119466304779,0.075164794921875,-0.005018178373575211,-0.026319552212953568,0.27713727951049805,30.49208641052246,0,-0.1037607192993164,-0.05578213930130005,-0.014617919921875,-0.0012224987149238586,0.0020004436373710632,0.00040924549102783203,103478807868421,1.772,1446011,12050.091666666667,34,True,0.5255688428878784,1.1527197360992432,-5.2419819831848145,0.677384078502655,-0.262810617685318,-0.6367335319519043,0.25817015767097473,1441164,0.5235210657119751,1.1527634859085083,-5.209558010101318,0.7171733245109677,0.09203942692836133,-0.688115643494409,-0.06072913369100718,0.03170427035623519,0.0070732862615892475,-0.0005632038419616271,0.03248860316983851,0.013158987954741824,0.0016687048825844708,0.46714599938111,0.884080692992583,55.722794966160755
103478909950487,40.493478571,45932275,1.2079575061798096,-1.433879315853119,0.07659912109375,-0.003419388085603714,-0.021806135773658752,0.28960394859313965,30.49208641052246,0,-0.1037607192993164,-0.05578213930130005,-0.014617919921875,-0.0012224987149238586,0.0020004436373710632,0.00040924549102783203,103478908573627,1.377,1446023,12050.191666666666,34,True,0.5257081985473633,1.153334379196167,-5.243011474609375,0.6734849810600281,-0.2746385633945465,-0.6325320601463318,0.26626086235046387,1441164,0.5235210657119751,1.1527634859085083,-5.209558010101318,0.7171733245109677,0.09203942692836133,-0.688115643494409,-0.06072913369100718,0.03284640318725372,0.006700419341583773,-0.0006796580644934647,0.033529744358961826,0.015345632707017472,0.0019724955259756154,0.4805820085283681,0.8768132947766366,57.479379407266016
103479010226017,40.593754101,46032945,1.265962839126587,-1.7542406916618347,0.0355377197265625,-0.007569264620542526,-0.03133777156472206,0.30093300342559814,30.49208641052246,0,-0.1037607192993164,-0.05578213930130005,-0.014617919921875,-0.0012224987149238586,0.0020004436373710632,0.00040924549102783203,103479009376718,0.849,1446035,12050.291666666666,34,True,0.5262534022331238,1.1536355018615723,-5.244744300842285,0.6672803163528442,-0.2878305912017822,-0.6264835596084595,0.2817958891391754,1441164,0.5235210657119751,1.1527634859085083,-5.209558010101318,0.7171733245109677,0.09203942692836133,-0.688115643494409,-0.06072913369100718,0.03462190063334093,0.006803462216143047,-0.0011567321226747635,0.035302990394512575,0.013102069815518095,0.0014120973580873388,0.49979447249132003,0.866043778925017,59.995788593947324
103479110346551,40.693874635,46133208,1.1591761112213135,-1.8218175768852234,-0.023223876953125,-0.003415260463953018,-0.032126534730196,0.31278061866760254,30.49208641052246,0,-0.1037607192993164,-0.05578213930130005,-0.014617919921875,-0.0012224987149238586,0.0020004436373710632,0.00040924549102783203,103479109564184,0.782,1446047,12050.391666666666,34,True,0.5262455344200134,1.1541789770126343,-5.245977401733398,0.6634900569915771,-0.2997426390647888,-0.621486246585846,0.2892925441265106,1441164,0.5235210657119751,1.1527634859085083,-5.209558010101318,0.7171733245109677,0.09203942692836133,-0.688115643494409,-0.06072913369100718,0.03594206817767696,0.0065364276099353635,-0.0011141278513081645,0.036548576328740416,0.015692764657354395,0.0024213206978911943,0.5128437068116881,0.8583351366029089,61.739674165806015
103479210487034,40.794015118,46233177,1.1126272678375244,-2.039888322353363,-0.106048583984375,-0.005281772464513779,-0.03578503057360649,0.32430708408355713,30.49208641052246,0,-0.1037607192993164,-0.05578213930130005,-0.014617919921875,-0.0012224987149238586,0.0020004436373710632,0.00040924549102783203,103479208051747,2.435,1446059,12050.491666666667,34,True,0.5262601375579834,1.1542905569076538,-5.24659538269043,0.6585211157798767,-0.30808818340301514,-0.6181659698486328,0.29883524775505066,1441164,0.5235210657119751,1.1527634859085083,-5.209558010101318,0.7171733245109677,0.09203942692836133,-0.688115643494409,-0.06072913369100718,0.03656968715142347,0.006560376906302122,-0.0011049276958032827,0.037169899498366715,0.014587854755242297,0.001011841142279979,0.5247364096738588,0.8511391607920122,63.32842441882411
103479310704189,40.894232273,46333354,1.1015326976776123,-2.164803922176361,0.1475830078125,-0.009914655238389969,-0.04657565429806709,0.3332674503326416,30.49208641052246,0,-0.1037607192993164,-0.05578213930130005,-0.014617919921875,-0.0012224987149238586,0.0020004436373710632,0.00040924549102783203,103479310413271,0.291,1446071,12050.591666666667,34,True,0.5262620449066162,1.1542272567749023,-5.246944427490234,0.6571335792541504,-0.31399163603782654,-0.6145948171615601,0.30308106541633606,1441164,0.5235210657119751,1.1527634859085083,-5.209558010101318,0.7171733245109677,0.09203942692836133,-0.688115643494409,-0.06072913369100718,0.03689671279425216,0.006696846822574154,-0.0010884047438563561,0.037515327497877476,0.015360701567660728,0.0025859196968331943,0.531547200905599,0.8468854320839942,64.25097881947613
103479410971567,40.994499651,46433671,1.0398163795471191,-2.0382854342460632,0.2480010986328125,-0.012535527348518372,-0.05569080635905266,0.33996403217315674,30.49208641052246,0,-0.1037607192993164,-0.05578213930130005,-0.014617919921875,-0.0012224987149238586,0.0020004436373710632,0.00040924549102783203,103479408906005,2.066,1446083,12050.691666666666,34,True,0.5263652205467224,1.154253602027893,-5.247313499450684,0.6527849435806274,-0.3208261728286743,-0.6123824715614319,0.30972591042518616,1441164,0.5235210657119751,1.1527634859085083,-5.209558010101318,0.7171733245109677,0.09203942692836133,-0.688115643494409,-0.06072913369100718,0.03726625912106782,0.00675503803597437,-0.0011755981614769817,0.03789177534483307,0.015358614772932131,0.0009836587313588054,0.5404866135690084,0.8412118436639265,65.46338115461414
103479511140358,41.094668442,46533996,0.9241693019866943,-2.057123601436615,0.228302001953125,-0.013220209628343582,-0.05355491861701012,0.35037219524383545,30.49208641052246,0,-0.1037607192993164,-0.05578213930130005,-0.014617919921875,-0.0012224987149238586,0.0020004436373710632,0.00040924549102783203,103479510176400,0.964,1446095,12050.791666666666,34,True,0.5264986753463745,1.1545000076293945,-5.247806072235107,0.6499150991439819,-0.3250134289264679,-0.6117348074913025,0.31266140937805176,1441164,0.5235210657119751,1.1527634859085083,-5.209558010101318,0.7171733245109677,0.09203942692836133,-0.688115643494409,-0.06072913369100718,0.03780485494519984,0.006626388434792912,-0.001296087456851788,0.03840307180177344,0.016249342576934975,-0.0005425319094403137,0.5452061073315423,0.8381443581229499,66.11063185091835
103479611256082,41.194784166,46633891,0.8404524326324463,-2.1146299242973328,0.2716217041015625,-0.013705119490623474,-0.05146979168057442,0.3507035970687866,30.49208641052246,0,-0.1037607192993164,-0.05578213930130005,-0.014617919921875,-0.0012224987149238586,0.0020004436373710632,0.00040924549102783203,103479608552269,2.704,1446107,12050.891666666666,34,True,0.5264529585838318,1.1542099714279175,-5.248011112213135,0.6491754651069641,-0.32723405957221985,-0.6107086539268494,0.3138855993747711,1441164,0.5235210657119751,1.1527634859085083,-5.209558010101318,0.7171733245109677,0.09203942692836133,-0.688115643494409,-0.06072913369100718,0.03794075838228231,0.006950989142813454,-0.0012296265715446156,0.038591830459200616,0.016849906363510497,-0.0002933724459012743,0.5475106355257228,0.8366290089247252,66.42831057806622
103479711370013,41.294898097,46734238,0.9122453927993774,-2.0198153853416443,0.2958526611328125,-0.009624913334846497,-0.05022306367754936,0.3500840663909912,30.49208641052246,0,-0.1037607192993164,-0.05578213930130005,-0.014617919921875,-0.0012224987149238586,0.0020004436373710632,0.00040924549102783203,103479709781582,1.588,1446119,12050.991666666667,34,True,0.5264462232589722,1.1538810729980469,-5.248094081878662,0.6491220593452454,-0.3274320960044861,-0.6104272603988647,0.314336359500885,1441164,0.5235210657119751,1.1527634859085083,-5.209558010101318,0.7171733245109677,0.09203942692836133,-0.688115643494409,-0.06072913369100718,0.03795057035558267,0.007289299752100385,-0.001206107132905634,0.03866308802470448,0.0166402502851864,-0.0001577749968410536,0.5479408687464715,0.8363515298813406,66.48633579014495
103479811563322,41.395091406,46834267,0.9367334842681885,-2.0539559721946716,0.2981414794921875,-0.008789606392383575,-0.04699540510773659,0.348061203956604,30.49208641052246,0,-0.1037607192993164,-0.05578213930130005,-0.014617919921875,-0.0012224987149238586,0.0020004436373710632,0.00040924549102783203,103479807702665,3.861,1446131,12051.091666666667,34,True,0.5266302824020386,1.1541807651519775,-5.248548984527588,0.6484695076942444,-0.3288218379020691,-0.6095086336135864,0.3160106837749481,1441164,0.5235210657119751,1.1527634859085083,-5.209558010101318,0.7171733245109677,0.09203942692836133,-0.688115643494409,-0.06072913369100718,0.0384657196022967,0.007103057778572667,-0.0013809349229737576,0.03914041384029738,0.01635085159061331,-1.7697396406723968e-05,0.5499738305375944,0.8350218171178939,66.76377998156966
103479911683482,41.495211566,46934323,0.9689323902130127,-2.106639087200165,0.34234619140625,-0.009214010089635849,-0.04351275786757469,0.34395647048950195,30.49208641052246,0,-0.1037607192993164,-0.05578213930130005,-0.014617919921875,-0.0012224987149238586,0.0020004436373710632,0.00040924549102783203,103479900682036,11.001,1446142,12051.183333333332,34,True,0.5266779661178589,1.1538829803466797,-5.2485833168029785,0.6491671204566956,-0.3281629681587219,-0.6098259091377258,0.31464821100234985,1441164,0.5235210657119751,1.1527634859085083,-5.209558010101318,0.7171733245109677,0.09203942692836133,-0.688115643494409,-0.06072913369100718,0.03843674013925428,0.007403249994325123,-0.0014151848350555868,0.03916878669461702,0.016861438657254122,0.00032018793708660237,0.5486472464432112,0.8358838366282572,66.5840364582932
103480011903322,41.595431406,47034711,1.1356770992279053,-2.172947347164154,0.1511077880859375,-0.008789338171482086,-0.04486547037959099,0.33906567096710205,30.49208641052246,0,-0.1037607192993164,-0.05578213930130005,-0.014617919921875,-0.0012224987149238586,0.0020004436373710632,0.00040924549102783203,103480008260953,3.642,1446155,12051.291666666666,34,True,0.5266680121421814,1.15371835231781,-5.2489213943481445,0.6494845151901245,-0.3281547427177429,-0.6087633967399597,0.3160560429096222,1441164,0.5235210657119751,1.1527634859085083,-5.209558010101318,0.7171733245109677,0.09203942692836133,-0.688115643494409,-0.06072913369100718,0.03873079046500192,0.0076356645896960285,-0.0013833138787935969,0.03950051975680174,0.015729051409904663,0.0011705222241518156,0.5495748007322881,0.8352956154676817,66.70673549436047
103480112164731,41.695692815,47134637,1.278878927230835,-2.2120506167411804,0.110382080078125,-0.008859574794769287,-0.04309814050793648,0.3354581594467163,30.49208641052246,0,-0.1037607192993164,-0.05578213930130005,-0.014617919921875,-0.0012224987149238586,0.0020004436373710632,0.00040924549102783203,103480109468006,2.697,1446167,12051.391666666666,34,True,0.526553213596344,1.1529278755187988,-5.2488837242126465,0.6502658128738403,-0.3269055485725403,-0.60871422290802,0.3158387839794159,1441164,0.5235210657119751,1.1527634859085083,-5.209558010101318,0.7171733245109677,0.09203942692836133,-0.688115643494409,-0.06072913369100718,0.038519470785089015,0.008393304484000155,-0.001239171246480305,0.039442777984094464,0.014973299898989519,0.0016875454259098757,0.5485983252234299,0.835950255722563,66.57016930490207
103480212275497,41.795803581,47235133,1.3440923690795898,-2.1237816214561462,-0.06317138671875,-0.00863274559378624,-0.04531943425536156,0.33273065090179443,30.49208641052246,0,-0.1037607192993164,-0.05578213930130005,-0.014617919921875,-0.0012224987149238586,0.0020004436373710632,0.00040924549102783203,103480209182927,3.093,1446179,12051.491666666667,34,True,0.5265811085700989,1.1525617837905884,-5.248683452606201,0.650719404220581,-0.3260401785373688,-0.6091934442520142,0.31487369537353516,1441164,0.5235210657119751,1.1527634859085083,-5.209558010101318,0.7171733245109677,0.09203942692836133,-0.688115643494409,-0.06072913369100718,0.038246120812173996,0.008709031697356297,-0.001261668322441691,0.039245443012416344,0.015086521866722826,0.001692256967258943,0.5473844551595787,0.8367435636884056,66.40434229256675
103480312981620,41.896509704,47335246,1.2766010761260986,-2.145161807537079,-0.13128662109375,-0.011391326785087585,-0.046622518450021744,0.3299821615219116,30.49208641052246,0,-0.1037607192993164,-0.05578213930130005,-0.014617919921875,-0.0012224987149238586,0.0020004436373710632,0.00040924549102783203,103480312725262,0.256,1446191,12051.591666666667,34,True,0.5264600515365601,1.1526414155960083,-5.248165130615234,0.6520792841911316,-0.32234299182891846,-0.6119127869606018,0.31056487560272217,1441164,0.5235210657119751,1.1527634859085083,-5.209558010101318,0.7171733245109677,0.09203942692836133,-0.688115643494409,-0.06072913369100718,0.03775313705440261,0.00851466867586748,-0.0011676271262839658,0.03871901720362153,0.015800301586464786,0.0008498259016763157,0.5420582277011957,0.840191945954704,65.6792116154838
103480413252671,41.996780755,47436014,1.3552799224853516,-2.059361159801483,-0.133453369140625,-0.011591419577598572,-0.04900120571255684,0.32738935947418213,30.49208641052246,0,-0.1037607192993164,-0.05578213930130005,-0.014617919921875,-0.0012224987149238586,0.0020004436373710632,0.00040924549102783203,103480409561509,3.691,1446203,12051.691666666666,34,True,0.5264596939086914,1.15272855758667,-5.247708320617676,0.6527019143104553,-0.31875452399253845,-0.6129068732261658,0.31100013852119446,1441164,0.5235210657119751,1.1527634859085083,-5.209558010101318,0.7171733245109677,0.09203942692836133,-0.688115643494409,-0.06072913369100718,0.0373261482800612,0.008331974353081766,-0.0011915561737353812,0.038263336866518775,0.013072545659256392,0.00030734944245019996,0.539901873352224,0.8416263905303031,65.37547392100682
103480513359894,42.096887978,47536293,1.2112147808074951,-2.073070466518402,0.1210784912109375,-0.012962143868207932,-0.049345310777425766,0.32714855670928955,30.49208641052246,0,-0.1037607192993164,-0.05578213930130005,-0.014617919921875,-0.0012224987149238586,0.0020004436373710632,0.00040924549102783203,103480507332785,6.027,1446215,12051.791666666666,34,True,0.526360809803009,1.152748703956604,-5.2474846839904785,0.6536860466003418,-0.3169490694999695,-0.6136606335639954,0.3092869520187378,1441164,0.5235210657119751,1.1527634859085083,-5.209558010101318,0.7171733245109677,0.09203942692836133,-0.688115643494409,-0.06072913369100718,0.03710869830424779,0.00825972032195708,-0.0011038512901354663,0.038032840510582,0.013068447345872924,0.0004920065115882055,0.5375645885510771,0.8431211578115401,65.0576224241642
103480613471466,42.196999550,47636227,1.2316243648529053,-1.9792208075523376,-0.007232666015625,-0.011205233633518219,-0.04712958261370659,0.3247833251953125,30.49208641052246,0,-0.1037607192993164,-0.05578213930130005,-0.014617919921875,-0.0012224987149238586,0.0020004436373710632,0.00040924549102783203,103480608572295,4.899,1446227,12051.891666666666,34,True,0.5264182090759277,1.1524583101272583,-5.2473673820495605,0.6535629630088806,-0.3175060749053955,-0.6136564612388611,0.3089839220046997,1441164,0.5235210657119751,1.1527634859085083,-5.209558010101318,0.7171733245109677,0.09203942692836133,-0.688115643494409,-0.06072913369100718,0.03693369523777236,0.00852075643415257,-0.00115500862441746,0.037921434295781584,0.013676147149996352,0.00047202020682135537,0.5377439513428061,0.8429971429312688,65.08404583017435
103480713640956,42.297169040,47736418,1.2950470447540283,-1.8942486643791199,0.0549774169921875,-0.011410482227802277,-0.050021786242723465,0.3239312171936035,30.49208641052246,0,-0.1037607192993164,-0.05578213930130005,-0.014617919921875,-0.0012224987149238586,0.0020004436373710632,0.00040924549102783203,103480710261513,3.379,1446239,12051.991666666667,34,True,0.526329755783081,1.152286410331726,-5.247019290924072,0.6549000144004822,-0.31433945894241333,-0.615250825881958,0.30620768666267395,1441164,0.5235210657119751,1.1527634859085083,-5.209558010101318,0.7171733245109677,0.09203942692836133,-0.688115643494409,-0.06072913369100718,0.036553772479946116,0.008609778383255832,-0.0010757953235980932,0.03756945437323679,0.013553736992012125,0.00031184764492087075,0.5337824323655702,0.8455131659900355,64.54608176245554
103480813757490,42.397285574,47836328,1.2986338138580322,-1.854336440563202,0.1150665283203125,-0.012765515595674515,-0.0525449775159359,0.31731367111206055,30.49208641052246,0,-0.1037607192993164,-0.05578213930130005,-0.014617919921875,-0.0012224987149238586,0.0020004436373710632,0.00040924549102783203,103480808309633,5.448,1446251,12052.091666666667,34,True,0.5261529684066772,1.1521694660186768,-5.246517181396484,0.658528745174408,-0.3077871799468994,-0.6184530854225159,0.2985343337059021,1441164,0.5235210657119751,1.1527634859085083,-5.209558010101318,0.7171733245109677,0.09203942692836133,-0.688115643494409,-0.06072913369100718,0.03603221939209848,0.00860797730829578,-0.0009176091699991081,0.03705752439450482,0.014622499990490619,0.0008205957156685596,0.5243316224604204,0.8513881951288277,63.274040658050524
103480913982747,42.497510831,47936804,1.4358923435211182,-1.791571319103241,0.008392333984375,-0.010311614722013474,-0.04930460825562477,0.3039524555206299,30.49208641052246,0,-0.1037607192993164,-0.05578213930130005,-0.014617919921875,-0.0012224987149238586,0.0020004436373710632,0.00040924549102783203,103480909273365,4.709,1446263,12052.191666666666,34,True,0.5259754061698914,1.1519101858139038,-5.245617389678955,0.6644676327705383,-0.29975104331970215,-0.621070146560669,0.28793060779571533,1441164,0.5235210657119751,1.1527634859085083,-5.209558010101318,0.7171733245109677,0.09203942692836133,-0.688115643494409,-0.06072913369100718,0.035091886429241534,0.00865999900707537,-0.0007711599662642388,0.036152880433775965,0.01657762680552669,0.003518283839585413,0.5119772581085823,0.8588318177314689,61.62865720499217
103481014214152,42.597742236,48037025,1.5974323749542236,-1.636488139629364,-0.0563812255859375,-0.008407305926084518,-0.04494604095816612,0.29138123989105225,30.49208641052246,0,-0.1037607192993164,-0.05578213930130005,-0.014617919921875,-0.0012224987149238586,0.0020004436373710632,0.00040924549102783203,103481008894786,5.319,1446275,12052.291666666666,34,True,0.5261285901069641,1.1515122652053833,-5.244629383087158,0.6674359440803528,-0.2898009121417999,-0.6249871253967285,0.2827294170856476,1441164,0.5235210657119751,1.1527634859085083,-5.209558010101318,0.7171733245109677,0.09203942692836133,-0.688115643494409,-0.06072913369100718,0.03404750564701281,0.008844452562412909,-0.0009533928456553862,0.035190423979120915,0.013641194392773644,0.002626124286077503,0.5017733321735324,0.8648875906187131,60.26025590006564
103481114322192,42.697850276,48137170,1.5970563888549805,-1.5640971064567566,0.025848388671875,-0.008944321423768997,-0.044596921652555466,0.282869815826416,30.49208641052246,0,-0.1037607192993164,-0.05578213930130005,-0.014617919921875,-0.0012224987149238586,0.0020004436373710632,0.00040924549102783203,103481109590369,4.732,1446287,12052.391666666666,34,True,0.5259475708007812,1.1510459184646606,-5.243624210357666,0.6700126528739929,-0.2797124683856964,-0.6297332644462585,0.276188462972641,1441164,0.5235210657119751,1.1527634859085083,-5.209558010101318,0.7171733245109677,0.09203942692836133,-0.688115643494409,-0.06072913369100718,0.03295957316895378,0.009075810040035166,-0.000800108375988835,0.034195671725757174,0.01167052738457658,0.000984756959964639,0.490562641479211,0.8713272197224387,58.77352162470157
103481214547444,42.798075528,48237227,1.6442794799804688,-1.4327999949455261,0.214874267578125,-0.009797602891921997,-0.043062616139650345,0.2732332944869995,30.49208641052246,0,-0.1037607192993164,-0.05578213930130005,-0.014617919921875,-0.0012224987149238586,0.0020004436373710632,0.00040924549102783203,103481209207458,5.340,1446299,12052.491666666667,34,True,0.5257633328437805,1.1511441469192505,-5.242605209350586,0.6735840439796448,-0.2741309106349945,-0.631865918636322,0.268108606338501,1441164,0.5235210657119751,1.1527634859085083,-5.209558010101318,0.7171733245109677,0.09203942692836133,-0.688115643494409,-0.06072913369100718,0.03197974967949507,0.00875320994526223,-0.0006665770505308295,0.03316274112423907,0.013603829129537172,0.0023175066139454197,0.4814580657081857,0.8763604828839792,57.58720097419501
103481314731191,42.898259275,48337534,1.4586296081542969,-1.2611157298088074,0.1890716552734375,-0.00998637080192566,-0.03902681544423103,0.27047812938690186,30.49208641052246,0,-0.1037607192993164,-0.05578213930130005,-0.014617919921875,-0.0012224987149238586,0.0020004436373710632,0.00040924549102783203,103481309221545,5.510,1446311,12052.591666666667,34,True,0.5257130861282349,1.1506977081298828,-5.242163181304932,0.6746190786361694,-0.26946479082107544,-0.6336907744407654,0.2659206688404083,1441164,0.5235210657119751,1.1527634859085083,-5.209558010101318,0.7171733245109677,0.09203942692836133,-0.688115643494409,-0.06072913369100718,0.031450350133391536,0.009091863898730087,-0.0006189247829444858,0.03274400068032151,0.012067231472770142,0.001638999350947801,0.47681218326588476,0.8789208368760696,56.97508523205459
103481414929828,42.998457912,48437455,1.5600078105926514,-1.0921291708946228,0.209564208984375,-0.008762005716562271,-0.0388542003929615,0.26870477199554443,30.49208641052246,0,-0.1037607192993164,-0.05578213930130005,-0.014617919921875,-0.0012224987149238586,0.0020004436373710632,0.00040924549102783203,103481408297816,6.632,1446323,12052.691666666666,34,True,0.5257816314697266,1.1508105993270874,-5.242133140563965,0.6745212078094482,-0.2702105939388275,-0.6335024833679199,0.2658610939979553,1441164,0.5235210657119751,1.1527634859085083,-5.209558010101318,0.7171733245109677,0.09203942692836133,-0.688115643494409,-0.06072913369100718,0.03144784563725646,0.008978616394636804,-0.0006931815178584631,0.03271181817330629,0.01261176810778611,0.0017574653041134705,0.47728557614391637,0.8786559812724603,57.03868431366539
103481515181893,43.098709977,48537761,1.54268479347229,-1.0357138514518738,0.2513427734375,-0.00785449892282486,-0.04110678657889366,0.2696150541305542,30.49208641052246,0,-0.1037607192993164,-0.05578213930130005,-0.014617919921875,-0.0012224987149238586,0.0020004436373710632,0.00040924549102783203,103481508662711,6.519,1446335,12052.791666666666,34,True,0.5257542133331299,1.1507188081741333,-5.242334365844727,0.6746786236763,-0.27036964893341064,-0.633419394493103,0.26549744606018066,1441164,0.5235210657119751,1.1527634859085083,-5.209558010101318,0.7171733245109677,0.09203942692836133,-0.688115643494409,-0.06072913369100718,0.031623426712775585,0.009109863975158922,-0.0006530026413267772,0.03291591030419433,0.012964808555329974,0.0019685040790911605,0.47715888719219607,0.8787192015111082,57.02350930784568
103481615391345,43.198919429,48638177,1.6033482551574707,-1.2153047919273376,0.1889190673828125,-0.010686095803976059,-0.03868697211146355,0.2673039436340332,30.49208641052246,0,-0.1037607192993164,-0.05578213930130005,-0.014617919921875,-0.0012224987149238586,0.0020004436373710632,0.00040924549102783203,103481609670340,5.721,1446347,12052.891666666666,34,True,0.5257785320281982,1.1504266262054443,-5.242516040802002,0.6743316054344177,-0.2719346582889557,-0.6327394843101501,0.26640045642852783,1441164,0.5235210657119751,1.1527634859085083,-5.209558010101318,0.7171733245109677,0.09203942692836133,-0.688115643494409,-0.06072913369100718,0.03173859240457573,0.00943495588574532,-0.0006574303903350313,0.03311780269142095,0.013352596496530755,0.002229257931198214,0.47882941235576987,0.8778035842025853,57.24292878685637
103481715696217,43.299224301,48738284,1.6746270656585693,-1.2280108332633972,0.190948486328125,-0.00959070771932602,-0.03744296357035637,0.2657434940338135,30.49208641052246,0,-0.1037607192993164,-0.05578213930130005,-0.014617919921875,-0.0012224987149238586,0.0020004436373710632,0.00040924549102783203,103481709692858,6.003,1446359,12052.991666666667,34,True,0.5257889032363892,1.1505839824676514,-5.242614269256592,0.6746417880058289,-0.27113282680511475,-0.633000373840332,0.26581212878227234,1441164,0.5235210657119751,1.1527634859085083,-5.209558010101318,0.7171733245109677,0.09203942692836133,-0.688115643494409,-0.06072913369100718,0.03186874436708783,0.009302927380717883,-0.0006695268782834639,0.0332055656724358,0.013227951064417768,0.0022610511137014515,0.4778938957115295,0.8783150536112634,57.120454883346675
103481816946493,43.400474577,48838635,1.765998125076294,-1.3294424414634705,0.32025146484375,-0.01081039011478424,-0.039972905069589615,0.2647749185562134,30.49208641052246,0,-0.1037607192993164,-0.05578213930130005,-0.014617919921875,-0.0012224987149238586,0.0020004436373710632,0.00040924549102783203,103481816802084,0.144,1446372,12053.1,34,True,0.5258111953735352,1.1507900953292847,-5.242829322814941,0.674523115158081,-0.2716592848300934,-0.63283771276474,0.2659628391265869,1441164,0.5235210657119751,1.1527634859085083,-5.209558010101318,0.7171733245109677,0.09203942692836133,-0.688115643494409,-0.06072913369100718,0.032123837684074175,0.009148879595510901,-0.0006901221100074357,0.03340837041719666,0.013474366026472286,0.0023141468260609037,0.47835438908279865,0.8780604561360651,57.1814495414517
103481917720338,43.501248422,48939865,1.6606554985046387,-1.382800042629242,0.2562408447265625,-0.009570181369781494,-0.03904088959097862,0.2623860836029053,30.49208641052246,0,-0.1037607192993164,-0.05578213930130005,-0.014617919921875,-0.0012224987149238586,0.0020004436373710632,0.00040924549102783203,103481917477272,0.243,1446384,12053.2,34,True,0.5258029103279114,1.1508084535598755,-5.242678642272949,0.6741766333580017,-0.27250927686691284,-0.6325077414512634,0.2667555809020996,1441164,0.5235210657119751,1.1527634859085083,-5.209558010101318,0.7171733245109677,0.09203942692836133,-0.688115643494409,-0.06072913369100718,0.03198046022099429,0.009098354883000937,-0.0006894521450559797,0.03325665710476547,0.013481396626929407,0.0022910296621616037,0.4794575451869487,0.877458526365423,57.32541927817924
103482017810718,43.601338802,49040811,1.6182341575622559,-1.2887575030326843,0.12115478515625,-0.01030353456735611,-0.051579881459474564,0.2670128345489502,30.49208641052246,0,-0.1037607192993164,-0.05578213930130005,-0.014617919921875,-0.0012224987149238586,0.0020004436373710632,0.00040924549102783203,103482017481396,0.329,1446396,12053.3,34,True,0.5259036421775818,1.1511729955673218,-5.242852687835693,0.6730762720108032,-0.2725673317909241,-0.6332494616508484,0.2677135169506073,1441164,0.5235210657119751,1.1527634859085083,-5.209558010101318,0.7171733245109677,0.09203942692836133,-0.688115643494409,-0.06072913369100718,0.0322325214061461,0.00878476382155758,-0.0007964822518699585,0.033417688363735716,0.012969430419195852,0.0009172696176443786,0.48010211777791284,0.877116245999476,57.407138596029434
103482117908781,43.701436865,49141065,1.6194508075714111,-1.4475192427635193,0.10052490234375,-0.010768763720989227,-0.054776716977357864,0.26621246337890625,30.49208641052246,0,-0.1037607192993164,-0.05578213930130005,-0.014617919921875,-0.0012224987149238586,0.0020004436373710632,0.00040924549102783203,103482117215895,0.693,1446408,12053.4,34,True,0.5258498787879944,1.15127694606781,-5.242700576782227,0.6727131009101868,-0.27080830931663513,-0.6342787146568298,0.26797476410865784,1441164,0.5235210657119751,1.1527634859085083,-5.209558010101318,0.7171733245109677,0.09203942692836133,-0.688115643494409,-0.06072913369100718,0.032104561636501876,0.008648219583653166,-0.0007538682911742952,0.033257523919249736,0.01168844702852165,-0.00020165583387277144,0.47904944344299866,0.877710071879057,57.26529484778908
103482218089185,43.801617269,49240825,1.4918148517608643,-1.358583390712738,0.0745849609375,-0.010711245238780975,-0.05921186879277229,0.26722681522369385,30.49208641052246,0,-0.1037607192993164,-0.05578213930130005,-0.014617919921875,-0.0012224987149238586,0.0020004436373710632,0.00040924549102783203,103482216368387,1.721,1446420,12053.5,34,True,0.5257501602172852,1.1510202884674072,-5.242388725280762,0.6739829182624817,-0.2653905153274536,-0.6366868019104004,0.2644708454608917,1441164,0.5235210657119751,1.1527634859085083,-5.209558010101318,0.7171733245109677,0.09203942692836133,-0.688115643494409,-0.06072913369100718,0.031741322752805154,0.008827139564678758,-0.0006584040051021364,0.03295244238028492,0.010617819327139707,-0.0010614098576084976,0.4730159609155143,0.8809892371879597,56.476148595907425
103482319592090,43.903120174,49340939,1.4767882823944092,-1.3570684790611267,0.0982208251953125,-0.010255478322505951,-0.04633757099509239,0.25489890575408936,30.49208641052246,0,-0.1037607192993164,-0.05578213930130005,-0.014617919921875,-0.0012224987149238586,0.0020004436373710632,0.00040924549102783203,103482319301000,0.291,1446432,12053.6,34,True,0.5256046056747437,1.149524450302124,-5.241460800170898,0.6801902651786804,-0.2568434774875641,-0.6381741166114807,0.2531924843788147,1441164,0.5235210657119751,1.1527634859085083,-5.209558010101318,0.7171733245109677,0.09203942692836133,-0.688115643494409,-0.06072913369100718,0.030508096450098138,0.01008118413730906,-0.0004962681137790149,0.03213441309032384,0.012584933411680545,0.0026622999041385213,0.45978708201375035,0.8879360173027812,54.7699545161636
103482419784190,44.003312274,49442459,1.8349807262420654,-0.9976299405097961,0.0096588134765625,-0.007540591061115265,-0.04720842465758324,0.24242711067199707,30.49208641052246,0,-0.1037607192993164,-0.05578213930130005,-0.014617919921875,-0.0012224987149238586,0.0020004436373710632,0.00040924549102783203,103482417551247,2.233,1446444,12053.7,34,True,0.5257288813591003,1.1483639478683472,-5.240421772003174,0.6838731169700623,-0.2427225410938263,-0.6433209180831909,0.24401141703128815,1441164,0.5235210657119751,1.1527634859085083,-5.209558010101318,0.7171733245109677,0.09203942692836133,-0.688115643494409,-0.06072913369100718,0.029248477851597725,0.010997367235262706,-0.0006218045434932754,0.03125383470284793,0.009702564837929197,0.0014928470282360442,0.44399380628607704,0.8959760775952211,52.73183918288376
103482519850039,44.103378123,49542799,1.9346411228179932,-0.8419298529624939,0.0501251220703125,-0.009170427918434143,-0.03821234777569771,0.2285909652709961,30.49208641052246,0,-0.1037607192993164,-0.05578213930130005,-0.014617919921875,-0.0012224987149238586,0.0020004436373710632,0.00040924549102783203,103482515930637,3.919,1446456,12053.8,34,True,0.5258249640464783,1.1474332809448242,-5.239063739776611,0.6872933506965637,-0.22694405913352966,-0.649286150932312,0.23356349766254425,1441164,0.5235210657119751,1.1527634859085083,-5.209558010101318,0.7171733245109677,0.09203942692836133,-0.688115643494409,-0.06072913369100718,0.02772610425023146,0.011619743622285562,-0.0007428441422831476,0.030071699588850535,0.006679442084969622,-0.00042833547158582785,0.4261655574144668,0.9046204282768404,50.455580891092666
103482619969423,44.203497507,49642576,2.0514533519744873,-0.6448128819465637,-0.0234527587890625,-0.013000000268220901,-0.04108263924717903,0.2147679328918457,30.49208641052246,0,-0.1037607192993164,-0.05578213930130005,-0.014617919921875,-0.0012224987149238586,0.0020004436373710632,0.00040924549102783203,103482617350595,2.619,1446468,12053.9,34,True,0.526033878326416,1.1471893787384033,-5.237923622131348,0.6924759745597839,-0.2134431004524231,-0.652087390422821,0.22293749451637268,1441164,0.5235210657119751,1.1527634859085083,-5.209558010101318,0.7171733245109677,0.09203942692836133,-0.688115643494409,-0.06072913369100718,0.026568505407951325,0.011624106396682068,-0.0009937377337750914,0.029017112947659907,0.004952995943032947,0.0012870445088339348,0.409818264762054,0.9121528387364914,48.39085178821789
103482720169272,44.303697356,49742981,1.992772102355957,-0.49570685625076294,-0.067413330078125,-0.011362805962562561,-0.030145596712827682,0.2006218433380127,30.49208641052246,0,-0.1037607192993164,-0.05578213930130005,-0.014617919921875,-0.0012224987149238586,0.0020004436373710632,0.00040924549102783203,103482717237328,2.932,1446480,12054.0,34,True,0.5259402990341187,1.1467921733856201,-5.237320899963379,0.6949639916419983,-0.20086051523685455,-0.6549332141876221,0.21850080788135529,1441164,0.5235210657119751,1.1527634859085083,-5.209558010101318,0.7171733245109677,0.09203942692836133,-0.688115643494409,-0.06072913369100718,0.025891349969051264,0.01187827295641611,-0.0009121101681585251,0.028500654669776894,-0.0004125715475011283,0.0006023597005434534,0.39814323888748265,0.9173229683572163,46.92439278576085
103482820448063,44.403976147,49843133,2.0259156227111816,-0.40458959341049194,-0.00213623046875,-0.010229494422674179,-0.02067781239748001,0.19015765190124512,30.49208641052246,0,-0.1037607192993164,-0.05578213930130005,-0.014617919921875,-0.0012224987149238586,0.0020004436373710632,0.00040924549102783203,103482817896765,2.551,1446492,12054.1,34,True,0.5256182551383972,1.1466896533966064,-5.236772060394287,0.6985253095626831,-0.19534426927566528,-0.655979573726654,0.20879140496253967,1441164,0.5235210657119751,1.1527634859085083,-5.209558010101318,0.7171733245109677,0.09203942692836133,-0.688115643494409,-0.06072913369100718,0.025322070013961046,0.011845372564073411,-0.0006116348972361972,0.0279623707546618,0.002634968603392268,0.0028611881079865786,0.38789726297041793,0.9216944091851313,45.64987270585307
103482920561667,44.504089751,49943386,1.9472301006317139,-0.2774813771247864,-0.1128082275390625,-0.010129161179065704,-0.01725730299949646,0.18280410766601562,30.49208641052246,0,-0.1037607192993164,-0.05578213930130005,-0.014617919921875,-0.0012224987149238586,0.0020004436373710632,0.00040924549102783203,103482917944635,2.617,1446504,12054.2,34,True,0.5254683494567871,1.1467533111572266,-5.236089706420898,0.6991482377052307,-0.18283052742481232,-0.6595093011856079,0.20691153407096863,1441164,0.5235210657119751,1.1527634859085083,-5.209558010101318,0.7171733245109677,0.09203942692836133,-0.688115643494409,-0.06072913369100718,0.024664537057290725,0.011630131918035216,-0.0004956485012627436,0.02727352240027263,-0.004340695052244631,0.0001714819175157034,0.3779008417647871,0.9258358832719116,44.4105230989774
103483020797743,44.604325827,50043517,1.9588048458099365,-0.15108996629714966,-0.0764312744140625,-0.010841358453035355,-0.02340693026781082,0.17612695693969727,30.49208641052246,0,-0.1037607192993164,-0.05578213930130005,-0.014617919921875,-0.0012224987149238586,0.0020004436373710632,0.00040924549102783203,103483017590885,3.207,1446516,12054.3,34,True,0.5255744457244873,1.1459598541259766,-5.235374450683594,0.7008598446846008,-0.1829681098461151,-0.6601700782775879,0.1987299919128418,1441164,0.5235210657119751,1.1527634859085083,-5.209558010101318,0.7171733245109677,0.09203942692836133,-0.688115643494409,-0.06072913369100718,0.02379933855072339,0.012256529219186232,-0.0006027895930605625,0.02677675072233777,0.0015784341444402274,0.0016367534841190692,0.37256736058350515,0.9280023660592275,43.748937716744095
103483121049740,44.704577824,50143866,1.8825924396514893,0.04547995328903198,-0.2281494140625,-0.008881628513336182,-0.021061334758996964,0.17675960063934326,30.49208641052246,0,-0.1037607192993164,-0.05578213930130005,-0.014617919921875,-0.0012224987149238586,0.0020004436373710632,0.00040924549102783203,103483116566998,4.483,1446528,12054.4,34,True,0.5255558490753174,1.1462053060531616,-5.234872817993164,0.7005643248558044,-0.18041500449180603,-0.6610201597213745,0.1992797702550888,1441164,0.5235210657119751,1.1527634859085083,-5.209558010101318,0.7171733245109677,0.09203942692836133,-0.688115643494409,-0.06072913369100718,0.023362084110380963,0.011908909414918217,-0.0006168204914079238,0.026229555180213467,-0.00047649627809251427,0.0006180967583017117,0.37113907181435296,0.928576965189464,43.57186916602095
103483221194857,44.804722941,50244020,1.700685739517212,0.05634629726409912,-0.2271881103515625,-0.007501225918531418,-0.01811767742037773,0.1815551519393921,30.49208641052246,0,-0.1037607192993164,-0.05578213930130005,-0.014617919921875,-0.0012224987149238586,0.0020004436373710632,0.00040924549102783203,103483217301774,3.893,1446540,12054.5,34,True,0.5253007411956787,1.146450161933899,-5.234875202178955,0.7004684805870056,-0.174661785364151,-0.6613367199897766,0.20364415645599365,1441164,0.5235210657119751,1.1527634859085083,-5.209558010101318,0.7171733245109677,0.09203942692836133,-0.688115643494409,-0.06072913369100718,0.02340800309687621,0.011658160557211465,-0.00037175606321550965,0.026153116814858317,-0.007530441044825032,-0.000425967366347424,0.3700266208782707,0.9289905332407224,43.44399914566009
103483321397550,44.904925634,50344211,1.3998842239379883,0.17434561252593994,-0.52911376953125,-0.007557883858680725,-0.007035024464130402,0.18019676208496094,30.648488998413086,0,-0.1037607192993164,-0.05578213930130005,-0.014617919921875,-0.0012224987149238586,0.0020004436373710632,0.00040924549102783203,103483308592942,12.805,1446551,12054.591666666667,34,True,0.525505006313324,1.1473300457000732,-5.234419345855713,0.6997418403625488,-0.18141226470470428,-0.6607671976089478,0.20208331942558289,1441164,0.5235210657119751,1.1527634859085083,-5.209558010101318,0.7171733245109677,0.09203942692836133,-0.688115643494409,-0.06072913369100718,0.02316023202603483,0.010712118417917806,-0.0006312525657707695,0.02552536597780834,-0.0017742303179880267,3.6075688574499505e-05,0.3736923859016325,0.9275509967244221,43.88755523362661
103483421632387,45.005160471,50444282,1.3694367408752441,-0.16147130727767944,-0.4818267822265625,-0.00706728920340538,-0.017939813435077667,0.1930924654006958,30.648488998413086,0,-0.1037607192993164,-0.05578213930130005,-0.014617919921875,-0.0012224987149238586,0.0020004436373710632,0.00040924549102783203,103483416765417,4.867,1446564,12054.7,34,True,0.5252708196640015,1.1483466625213623,-5.234856128692627,0.699406087398529,-0.1799274981021881,-0.6602717638015747,0.20615176856517792,1441164,0.5235210657119751,1.1527634859085083,-5.209558010101318,0.7171733245109677,0.09203942692836133,-0.688115643494409,-0.06072913369100718,0.02379718587477924,0.009802253356407331,-0.00041778650504050666,0.02574033356399612,-0.005738913722590403,-0.0003042755639228179,0.3753661015186946,0.9268588145539336,44.09932269551965
103483521701396,45.105229480,50544764,1.351229190826416,-0.3906880021095276,-0.2609405517578125,-0.00438990443944931,-0.012770779430866241,0.1882227659225464,30.648488998413086,0,-0.1037607192993164,-0.05578213930130005,-0.014617919921875,-0.0012224987149238586,0.0020004436373710632,0.00040924549102783203,103483516947272,4.754,1446576,12054.8,34,True,0.5254903435707092,1.1486388444900513,-5.233997344970703,0.7001145482063293,-0.17958669364452362,-0.6620760560035706,0.1980997622013092,1441164,0.5235210657119751,1.1527634859085083,-5.209558010101318,0.7171733245109677,0.09203942692836133,-0.688115643494409,-0.06072913369100718,0.023030076477391116,0.00934422460130868,-0.0006876445444355713,0.024863061174635718,-7.570100271775405e-05,-0.0003903575683188999,0.369755782120227,0.929128894975819,43.40113942115408
103483621901198,45.205429282,50644419,1.3058326244354248,-0.293673574924469,-0.5659332275390625,-0.007839471101760864,-0.011530324816703796,0.1863175630569458,30.648488998413086,0,-0.1037607192993164,-0.05578213930130005,-0.014617919921875,-0.0012224987149238586,0.0020004436373710632,0.00040924549102783203,103483617503271,4.398,1446588,12054.9,34,True,0.5251535177230835,1.1480698585510254,-5.233085632324219,0.7008316516876221,-0.171582892537117,-0.6637102961540222,0.19718758761882782,1441164,0.5235210657119751,1.1527634859085083,-5.209558010101318,0.7171733245109677,0.09203942692836133,-0.688115643494409,-0.06072913369100718,0.022005598589385528,0.009688157460311587,-0.00037051389993208376,0.0240467054875091,-0.004822189032015035,-0.0014710487682222941,0.36355323303321324,0.9315597829766801,42.6414464105844
103483722162808,45.305690892,50744855,1.265122652053833,-0.05228310823440552,-0.506072998046875,-0.005492091178894043,-0.014906797558069229,0.18444323539733887,30.648488998413086,0,-0.1037607192993164,-0.05578213930130005,-0.014617919921875,-0.0012224987149238586,0.0020004436373710632,0.00040924549102783203,103483719257608,2.905,1446600,12055.0,34,True,0.5251784324645996,1.1477524042129517,-5.232835292816162,0.7016921043395996,-0.1699628084897995,-0.6639309525489807,0.19477306306362152,1441164,0.5235210657119751,1.1527634859085083,-5.209558010101318,0.7171733245109677,0.09203942692836133,-0.688115643494409,-0.06072913369100718,0.02169376996367669,0.00994558249136357,-0.000394244301890503,0.023868173262715595,-0.0042373070048404024,-0.0009133615491001004,0.36082247091315395,0.9326244450389201,42.30462968497398
103483822263956,45.405792040,50845155,1.258500337600708,0.12288016080856323,-0.6178131103515625,-0.005444467067718506,-0.01765481010079384,0.18229997158050537,30.648488998413086,0,-0.1037607192993164,-0.05578213930130005,-0.014617919921875,-0.0012224987149238586,0.0020004436373710632,0.00040924549102783203,103483817412677,4.851,1446612,12055.1,34,True,0.5253036022186279,1.1477994918823242,-5.232376575469971,0.7034909129142761,-0.16750134527683258,-0.664975643157959,0.18668530881404877,1441164,0.5235210657119751,1.1527634859085083,-5.209558010101318,0.7171733245109677,0.09203942692836133,-0.688115643494409,-0.06072913369100718,0.021260809916911604,0.009807641118911645,-0.000541974106935346,0.023420196382033215,-0.00014384413874411753,0.00017011224666713123,0.3537208421843672,0.9353510122809882,41.430144808932326
103483922372946,45.505901030,50945233,1.3377256393432617,0.09442836046218872,-0.3852386474609375,-0.006762165576219559,-0.019693806767463684,0.17025578022003174,30.648488998413086,0,-0.1037607192993164,-0.05578213930130005,-0.014617919921875,-0.0012224987149238586,0.0020004436373710632,0.00040924549102783203,103483920114736,2.258,1446624,12055.2,34,True,0.524821937084198,1.1471632719039917,-5.231700897216797,0.7062886953353882,-0.15508686006069183,-0.665752649307251,0.18405945599079132,1441164,0.5235210657119751,1.1527634859085083,-5.209558010101318,0.7171733245109677,0.09203942692836133,-0.688115643494409,-0.06072913369100718,0.020446941629090273,0.010260615151719355,-6.684128335064567e-05,0.02287710893081286,-0.006901645293403425,0.0010258230200549392,0.3433153163316032,0.9391942869031449,40.166630629936556
103484022471399,45.605999483,51045290,1.1923763751983643,0.3215705156326294,-0.282501220703125,-0.0037232302129268646,-0.017560087144374847,0.16154146194458008,30.648488998413086,0,-0.1037607192993164,-0.05578213930130005,-0.014617919921875,-0.0012224987149238586,0.0020004436373710632,0.00040924549102783203,103484017845295,4.626,1446636,12055.3,34,True,0.5246570110321045,1.1473172903060913,-5.231119155883789,0.7081109285354614,-0.14522084593772888,-0.6673800945281982,0.17914709448814392,1441164,0.5235210657119751,1.1527634859085083,-5.209558010101318,0.7171733245109677,0.09203942692836133,-0.688115643494409,-0.06072913369100718,0.01990652792887372,0.009977992115719255,6.515304044591949e-05,0.022267339889691908,-0.010128463012991182,0.0009655463787703877,0.33312596525256744,0.9428274355531505,38.93611739396003
103484122586653,45.706114737,51145305,1.0643835067749023,0.2565622329711914,-0.2242431640625,-0.00758935883641243,-0.01707245409488678,0.1501445770263672,30.648488998413086,0,-0.1037607192993164,-0.05578213930130005,-0.014617919921875,-0.0012224987149238586,0.0020004436373710632,0.00040924549102783203,103484120225143,2.362,1446648,12055.4,34,True,0.5247114300727844,1.1485716104507446,-5.229976177215576,0.7107206583023071,-0.13117091357707977,-0.6712361574172974,0.16465848684310913,1441164,0.5235210657119751,1.1527634859085083,-5.209558010101318,0.7171733245109677,0.09203942692836133,-0.688115643494409,-0.06072913369100718,0.01906357492629848,0.008512471935874634,-9.092876880468787e-05,0.020877986863456103,-0.009209175155331055,0.00047615975054338133,0.31355426398539826,0.9495255067144988,36.56347678607924
103484222789751,45.806317835,51245532,1.0185754299163818,0.17491120100021362,-0.1590728759765625,-0.007287297397851944,-0.00946883112192154,0.13727498054504395,30.648488998413086,0,-0.1037607192993164,-0.05578213930130005,-0.014617919921875,-0.0012224987149238586,0.0020004436373710632,0.00040924549102783203,103484217927962,4.862,1446660,12055.5,34,True,0.5246519446372986,1.1490610837936401,-5.228360176086426,0.713882327079773,-0.12116847932338715,-0.6728905439376831,0.15135557949543,1441164,0.5235210657119751,1.1527634859085083,-5.209558010101318,0.7171733245109677,0.09203942692836133,-0.688115643494409,-0.06072913369100718,0.017590035761869974,0.007686561164515441,-0.00012463408743226974,0.01919656516920284,-0.006591253329938902,0.0020822244590511523,0.297618327242329,0.954659913796699,34.63885453135208
103484322993700,45.906521784,51345753,0.7892142534255981,0.14139461517333984,-0.0568695068359375,-0.008684083819389343,-0.011251363903284073,0.13334083557128906,30.648488998413086,0,-0.1037607192993164,-0.05578213930130005,-0.014617919921875,-0.0012224987149238586,0.0020004436373710632,0.00040924549102783203,103484321126840,1.867,1446672,12055.6,34,True,0.5245568752288818,1.1496355533599854,-5.227574348449707,0.7156280875205994,-0.11349991708993912,-0.6744704842567444,0.14171722531318665,1441164,0.5235210657119751,1.1527634859085083,-5.209558010101318,0.7171733245109677,0.09203942692836133,-0.688115643494409,-0.06072913369100718,0.016943636162961576,0.0069534671480974055,-8.83123125901764e-05,0.01831516614358287,-0.004916342090006895,0.002571821907119909,0.2857429602812521,0.9582902357648433,33.21296881228545
103484423204021,46.006732105,51446008,0.5846412181854248,0.2270050048828125,-0.0769195556640625,-0.004914499819278717,-0.004152324050664902,0.13193368911743164,30.648488998413086,0,-0.1037607192993164,-0.05578213930130005,-0.014617919921875,-0.0012224987149238586,0.0020004436373710632,0.00040924549102783203,103484416651267,6.553,1446684,12055.7,34,True,0.5244829058647156,1.1500972509384155,-5.2273993492126465,0.7157779932022095,-0.10563890635967255,-0.6757984757423401,0.14070823788642883,1441164,0.5235210657119751,1.1527634859085083,-5.209558010101318,0.7171733245109677,0.09203942692836133,-0.688115643494409,-0.06072913369100718,0.016869741299154074,0.006462004066906966,-4.072615215573207e-05,0.0180650858475839,-0.00948888325475636,0.001338048463701558,0.2795053833429156,0.9600963031921415,32.480973532678235
103484523298190,46.106826274,51546217,0.6049113273620605,0.09974545240402222,-0.1802215576171875,-0.002902977168560028,0.0029914453625679016,0.12055802345275879,30.648488998413086,0,-0.1037607192993164,-0.05578213930130005,-0.014617919921875,-0.0012224987149238586,0.0020004436373710632,0.00040924549102783203,103484516717887,6.580,1446696,12055.8,34,True,0.5246098041534424,1.1507601737976074,-5.226653099060059,0.7188311815261841,-0.09857673197984695,-0.6764248013496399,0.12654592096805573,1441164,0.5235210657119751,1.1527634859085083,-5.209558010101318,0.7171733245109677,0.09203942692836133,-0.688115643494409,-0.06072913369100718,0.016289034282246286,0.005661820376426966,-0.00022766091393712452,0.017246468546193827,-0.0043194112852054664,0.0038644229215814567,0.2650143297665531,0.9642270551794412,30.74313936911493
103484623588265,46.207116349,51646235,0.6298936605453491,0.07241779565811157,-0.076019287109375,-0.00297420471906662,-0.0019097812473773956,0.11312925815582275,30.648488998413086,0,-0.1037607192993164,-0.05578213930130005,-0.014617919921875,-0.0012224987149238586,0.0020004436373710632,0.00040924549102783203,103484617116281,6.472,1446708,12055.9,34,True,0.5245102643966675,1.149620532989502,-5.22598934173584,0.7180577516555786,-0.08947894722223282,-0.6788655519485474,0.12461268156766891,1441164,0.5235210657119751,1.1527634859085083,-5.209558010101318,0.7171733245109677,0.09203942692836133,-0.688115643494409,-0.06072913369100718,0.015392040328510099,0.00662703096532935,-0.00011349661932817114,0.01675844045168029,-0.008921655825009778,0.0012072061031364603,0.2572363679694057,0.9663065754224552,29.830958784890914
103484723710139,46.307238223,51746541,0.6844323873519897,0.3531184792518616,0.0291900634765625,0.0006823018193244934,-0.0022140629589557648,0.11002528667449951,30.648488998413086,0,-0.1037607192993164,-0.05578213930130005,-0.014617919921875,-0.0012224987149238586,0.0020004436373710632,0.00040924549102783203,103484717700972,6.009,1446720,12056.0,34,True,0.5247941017150879,1.1495848894119263,-5.225777626037598,0.7193394899368286,-0.09129690378904343,-0.678812563419342,0.11588381975889206,1441164,0.5235210657119751,1.1527634859085083,-5.209558010101318,0.7171733245109677,0.09203942692836133,-0.688115643494409,-0.06072913369100718,0.015187992607770009,0.006630297221855035,-0.00040506390840865764,0.016577093758367606,-0.0014933013115455284,0.0030409947232797893,0.2526484687758009,0.9675522071844647,29.27127094792687
103484823956310,46.407484394,51846760,0.6990114450454712,0.3155127167701721,-0.01519775390625,-0.0018739067018032074,-0.0031054727733135223,0.11018514633178711,30.648488998413086,0,-0.1037607192993164,-0.05578213930130005,-0.014617919921875,-0.0012224987149238586,0.0020004436373710632,0.00040924549102783203,103484817542836,6.413,1446732,12056.1,34,True,0.5245214700698853,1.1495931148529053,-5.226036071777344,0.7182487845420837,-0.08835981041193008,-0.6790584325790405,0.12325183302164078,1441164,0.5235210657119751,1.1527634859085083,-5.209558010101318,0.7171733245109677,0.09203942692836133,-0.688115643494409,-0.06072913369100718,0.01543213311539778,0.0066643148007144905,-0.00012146544384670501,0.016810073709190805,-0.008709635896486158,0.0012576175054118124,0.25552663211934873,0.9667619670417863,29.62754084850037
103484924193064,46.507721148,51946970,0.7355337142944336,0.4161713719367981,-0.2049560546875,0.0018282905220985413,0.0020907223224639893,0.10835623741149902,30.648488998413086,0,-0.1037607192993164,-0.05578213930130005,-0.014617919921875,-0.0012224987149238586,0.0020004436373710632,0.00040924549102783203,103484917429884,6.763,1446744,12056.2,34,True,0.5245115756988525,1.1493998765945435,-5.226264953613281,0.718706488609314,-0.08768492192029953,-0.6787756085395813,0.12262208014726639,1441164,0.5235210657119751,1.1527634859085083,-5.209558010101318,0.7171733245109677,0.09203942692836133,-0.688115643494409,-0.06072913369100718,0.015613462327473581,0.006901303531042914,-9.350339026952925e-05,0.01707093843826443,-0.008776222096290401,0.0017923813335767316,0.2546342257410098,0.9669959546844796,29.522488582222028
103485024417939,46.607946023,52047222,0.7737432718276978,0.39231520891189575,-0.6142120361328125,-0.0008102841675281525,0.002652473747730255,0.1047506332397461,30.648488998413086,0,-0.1037607192993164,-0.05578213930130005,-0.014617919921875,-0.0012224987149238586,0.0020004436373710632,0.00040924549102783203,103485017063697,7.354,1446756,12056.3,34,True,0.5246073603630066,1.1495018005371094,-5.226387977600098,0.718754768371582,-0.08799055963754654,-0.6787402033805847,0.12231522798538208,1441164,0.5235210657119751,1.1527634859085083,-5.209558010101318,0.7171733245109677,0.09203942692836133,-0.688115643494409,-0.06072913369100718,0.015758938597489947,0.006832797307096522,-0.00018753341435875687,0.017177497883592505,-0.008352033049928717,0.0018977987537999177,0.2546445811604075,0.9669967834431837,29.52211584901105
103485124518098,46.708046182,52147338,0.9345748424530029,0.2185887098312378,-1.215423583984375,-0.005303442478179932,0.0002835504710674286,0.09959745407104492,30.648488998413086,0,-0.1037607192993164,-0.05578213930130005,-0.014617919921875,-0.0012224987149238586,0.0020004436373710632,0.00040924549102783203,103485119645996,4.872,1446768,12056.4,34,True,0.5245604515075684,1.1490579843521118,-5.226430416107178,0.718405544757843,-0.0877421572804451,-0.6791214346885681,0.1224290281534195,1441164,0.5235210657119751,1.1527634859085083,-5.209558010101318,0.7171733245109677,0.09203942692836133,-0.688115643494409,-0.06072913369100718,0.015702975703091156,0.0072726205515682065,-0.00012121643508188724,0.017305754795532535,-0.008548280814914199,0.001358524265956951,0.25453575480012347,0.9670246278328488,29.509590193433393
103485225650776,46.809178860,52247359,0.827231764793396,0.3714519143104553,-2.3562469482421875,-0.008198253810405731,0.003662925213575363,0.1015007495880127,30.648488998413086,0,-0.1037607192993164,-0.05578213930130005,-0.014617919921875,-0.0012224987149238586,0.0020004436373710632,0.00040924549102783203,103485225418557,0.232,1446781,12056.508333333333,34,True,0.5247971415519714,1.1489002704620361,-5.226897716522217,0.7205420732498169,-0.08846492320299149,-0.6776953339576721,0.11714153736829758,1441164,0.5235210657119751,1.1527634859085083,-5.209558010101318,0.7171733245109677,0.09203942692836133,-0.688115643494409,-0.06072913369100718,0.016133506416769958,0.007537860878403944,-0.0003299181354518363,0.017810621041901658,-0.004519893901197906,0.0043820148583274,0.2515257340329913,0.967830136761647,29.144957579285474
103485326052427,46.909580511,52348671,1.1128971576690674,0.4114028215408325,-4.248321533203125,-0.009610146284103394,-0.009818203747272491,0.09527111053466797,30.648488998413086,0,-0.1037607192993164,-0.05578213930130005,-0.014617919921875,-0.0012224987149238586,0.0020004436373710632,0.00040924549102783203,103485325898147,0.154,1446793,12056.608333333334,34,True,0.524878740310669,1.1486388444900513,-5.226999282836914,0.7205314636230469,-0.08773829787969589,-0.6780024170875549,0.11597101390361786,1441164,0.5235210657119751,1.1527634859085083,-5.209558010101318,0.7171733245109677,0.09203942692836133,-0.688115643494409,-0.06072913369100718,0.016179196516923268,0.007818594170913101,-0.0003963925346994931,0.017973701393542284,-0.004151519624913885,0.004218089099655987,0.2502168189671119,0.9681717389570567,28.988968736534538
103485426630414,47.010158498,52448997,1.194852590560913,0.4929293990135193,-5.290130615234375,-0.014344971626996994,-0.028885062783956528,0.09100973606109619,30.648488998413086,0,-0.1037607192993164,-0.05578213930130005,-0.014617919921875,-0.0012224987149238586,0.0020004436373710632,0.00040924549102783203,103485426390901,0.240,1446805,12056.708333333334,34,True,0.5248146057128906,1.148652195930481,-5.226437568664551,0.7210773229598999,-0.08455288410186768,-0.6782451868057251,0.11349871754646301,1441164,0.5235210657119751,1.1527634859085083,-5.209558010101318,0.7171733245109677,0.09203942692836133,-0.688115643494409,-0.06072913369100718,0.015631632401174374,0.007682380815501641,-0.00035852724744079255,0.017421120753470187,-0.004581192743424564,0.004453696706147315,0.2462960790723793,0.9691735751103977,28.52667870378088
103485526888094,47.110416178,52549671,0.9625592231750488,0.5148479342460632,-5.9605560302734375,-0.018331602215766907,-0.02748825028538704,0.09137237071990967,30.648488998413086,0,-0.1037607192993164,-0.05578213930130005,-0.014617919921875,-0.0012224987149238586,0.0020004436373710632,0.00040924549102783203,103485517645779,9.242,1446816,12056.8,34,True,0.5247946381568909,1.148549199104309,-5.225977897644043,0.719340443611145,-0.07932711392641068,-0.6805985569953918,0.11420284956693649,1441164,0.5235210657119751,1.1527634859085083,-5.209558010101318,0.7171733245109677,0.09203942692836133,-0.688115643494409,-0.06072913369100718,0.015160152083412419,0.007683639905620255,-0.00035549059732338463,0.016999850203934717,-0.008360029428731978,0.0011885844585093897,0.24301588188853585,0.9699855557300185,28.146543235990706
103485627039541,47.210567625,52649894,0.7869002819061279,0.4027470350265503,-6.6059722900390625,-0.024813473224639893,-0.02043520286679268,0.09312272071838379,30.648488998413086,0,-0.1037607192993164,-0.05578213930130005,-0.014617919921875,-0.0012224987149238586,0.0020004436373710632,0.00040924549102783203,103485618225576,8.814,1446828,12056.9,34,True,0.5246368050575256,1.1484184265136719,-5.225893020629883,0.7204955816268921,-0.07759556919336319,-0.6794065833091736,0.11520311236381531,1441164,0.5235210657119751,1.1527634859085083,-5.209558010101318,0.7171733245109677,0.09203942692836133,-0.688115643494409,-0.06072913369100718,0.015043443783572905,0.007785442486231669,-0.00019664390211265057,0.016939804733236374,-0.010448753887158033,0.0026410859688054678,0.2424963076003406,0.9700924641534496,28.096117850030744
103485727200764,47.310728848,52750056,0.8634791374206543,0.6478367447853088,-7.12554931640625,-0.023134805262088776,-0.028450120240449905,0.09322464466094971,30.648488998413086,0,-0.1037607192993164,-0.05578213930130005,-0.014617919921875,-0.0012224987149238586,0.0020004436373710632,0.00040924549102783203,103485725719778,1.481,1446841,12057.008333333333,34,True,0.5247236490249634,1.1488109827041626,-5.225930690765381,0.7201844453811646,-0.07727061212062836,-0.6800075769424438,0.11381250619888306,1441164,0.5235210657119751,1.1527634859085083,-5.209558010101318,0.7171733245109677,0.09203942692836133,-0.688115643494409,-0.06072913369100718,0.015167966460005426,0.00741469224634791,-0.0002971408630695556,0.016885886424242203,-0.009600846360168678,0.002104227932912928,0.24131422552999446,0.970397259131967,27.95186621078418
103485827317315,47.410845399,52850154,0.7917706966400146,0.509655624628067,-7.5138702392578125,-0.024848122149705887,-0.033949535340070724,0.0922631025314331,30.648488998413086,0,-0.1037607192993164,-0.05578213930130005,-0.014617919921875,-0.0012224987149238586,0.0020004436373710632,0.00040924549102783203,103485825940148,1.377,1446853,12057.108333333334,34,True,0.5247815251350403,1.1491739749908447,-5.226069927215576,0.7202322483062744,-0.07879403233528137,-0.679754376411438,0.1139780730009079,1441164,0.5235210657119751,1.1527634859085083,-5.209558010101318,0.7171733245109677,0.09203942692836133,-0.688115643494409,-0.06072913369100718,0.01538418119539769,0.007093096035717635,-0.0003629200305836595,0.01694451986257917,-0.008697504491348547,0.002395987823886503,0.2425097304259362,0.9701070267278299,28.089242271647002
103485927430426,47.510958510,52950296,0.8339946269989014,0.3336043953895569,-7.832366943359375,-0.030213337391614914,-0.025665197521448135,0.09485399723052979,30.648488998413086,0,-0.1037607192993164,-0.05578213930130005,-0.014617919921875,-0.0012224987149238586,0.0020004436373710632,0.00040924549102783203,103485925228601,2.202,1446865,12057.208333333334,34,True,0.5252043008804321,1.1491003036499023,-5.226099491119385,0.7209080457687378,-0.08491834998130798,-0.679345965385437,0.10756172239780426,1441164,0.5235210657119751,1.1527634859085083,-5.209558010101318,0.7171733245109677,0.09203942692836133,-0.688115643494409,-0.06072913369100718,0.0154123886622377,0.007191774674869081,-0.0007806612025621607,0.01702565062378373,3.973924944129792e-05,0.004116397862838739,0.24252413437295178,0.9701366387968642,28.075256131504123
103486027546668,47.611074752,53050303,0.8965331315994263,0.32250773906707764,-7.96405029296875,-0.03223878890275955,-0.03173568472266197,0.09464836120605469,30.648488998413086,0,-0.1037607192993164,-0.05578213930130005,-0.014617919921875,-0.0012224987149238586,0.0020004436373710632,0.00040924549102783203,103486025352168,2.195,1446877,12057.308333333332,34,True,0.5247414708137512,1.1486719846725464,-5.22605037689209,0.7206720113754272,-0.07504554092884064,-0.679900586605072,0.11285091191530228,1441164,0.5235210657119751,1.1527634859085083,-5.209558010101318,0.7171733245109677,0.09203942692836133,-0.688115643494409,-0.06072913369100718,0.015255433653512163,0.007576759118726972,-0.0003039714423057841,0.017036077404662765,-0.010481778937430923,0.002469838105742806,0.23909513649153402,0.9709364283598247,27.694888021912558
103486127666777,47.711194861,53150430,0.9311926364898682,0.40738123655319214,-8.12109375,-0.0315905325114727,-0.04488019272685051,0.08921253681182861,30.648488998413086,0,-0.1037607192993164,-0.05578213930130005,-0.014617919921875,-0.0012224987149238586,0.0020004436373710632,0.00040924549102783203,103486125361224,2.306,1446889,12057.408333333333,34,True,0.5249921083450317,1.148285984992981,-5.2254862785339355,0.7223548293113708,-0.07538134604692459,-0.6794775128364563,0.10407470911741257,1441164,0.5235210657119751,1.1527634859085083,-5.209558010101318,0.7171733245109677,0.09203942692836133,-0.688115643494409,-0.06072913369100718,0.014630793307438158,0.007844922840491288,-0.0005646139921119082,0.016610891491377806,-0.004097783633509163,0.004759378452688313,0.233426121627967,0.9723542575768168,27.007687350500817
103486227778146,47.811306230,53250534,0.8785378932952881,0.664094865322113,-7.975067138671875,-0.02925805374979973,-0.046340879052877426,0.08750271797180176,30.648488998413086,0,-0.1037607192993164,-0.05578213930130005,-0.014617919921875,-0.0012224987149238586,0.0020004436373710632,0.00040924549102783203,103486225444110,2.334,1446901,12057.508333333333,34,True,0.5249112248420715,1.1485670804977417,-5.224888324737549,0.722114086151123,-0.07112659513950348,-0.6809766888618469,0.09880814701318741,1441164,0.5235210657119751,1.1527634859085083,-5.209558010101318,0.7171733245109677,0.09203942692836133,-0.688115643494409,-0.06072913369100718,0.014104986071251156,0.007438918175325522,-0.0005222757269358464,0.015954964983487863,-0.0030959031096421674,0.0037448943936641554,0.2268196141165873,0.9739246653627367,26.22592489060254
103486327977870,47.911505954,53350794,0.7233331203460693,0.7261294722557068,-7.5919342041015625,-0.028432350605726242,-0.0486527644097805,0.08896422386169434,30.648488998413086,0,-0.1037607192993164,-0.05578213930130005,-0.014617919921875,-0.0012224987149238586,0.0020004436373710632,0.00040924549102783203,103486325787187,2.191,1446913,12057.608333333334,34,True,0.5247749090194702,1.1484533548355103,-5.224687099456787,0.7227259874343872,-0.06918758153915405,-0.6805502772331238,0.09864926338195801,1441164,0.5235210657119751,1.1527634859085083,-5.209558010101318,0.7171733245109677,0.09203942692836133,-0.688115643494409,-0.06072913369100718,0.013879194041855166,0.007500258408207255,-0.00039088897474848716,0.015780959971811965,-0.004392628299445854,0.004368633026941628,0.2253500888978636,0.9742581574181578,26.0569450707348
103486428175960,48.011704044,53450990,0.7488275766372681,0.6833328604698181,-7.50836181640625,-0.02976910024881363,-0.05461067333817482,0.08952844142913818,30.648488998413086,0,-0.1037607192993164,-0.05578213930130005,-0.014617919921875,-0.0012224987149238586,0.0020004436373710632,0.00040924549102783203,103486427363339,0.813,1446925,12057.708333333334,34,True,0.5248308181762695,1.1486876010894775,-5.224757194519043,0.7220989465713501,-0.07100528478622437,-0.6808617115020752,0.09979351609945297,1441164,0.5235210657119751,1.1527634859085083,-5.209558010101318,0.7171733245109677,0.09203942692836133,-0.688115643494409,-0.06072913369100718,0.01400011165202178,0.007289401391021725,-0.00045276553670521417,0.015790614159675153,-0.003895722086431075,0.0037188754134477864,0.22740228455537592,0.973786010524941,26.295867021090615
103486528388808,48.111916892,53551106,0.6920129060745239,0.7149361968040466,-7.4235687255859375,-0.030840802937746048,-0.05285096541047096,0.09111309051513672,30.648488998413086,0,-0.1037607192993164,-0.05578213930130005,-0.014617919921875,-0.0012224987149238586,0.0020004436373710632,0.00040924549102783203,103486525958392,2.430,1446937,12057.808333333332,34,True,0.5247937440872192,1.1484206914901733,-5.224541187286377,0.7225278615951538,-0.06850408762693405,-0.6808914542198181,0.09822159260511398,1441164,0.5235210657119751,1.1527634859085083,-5.209558010101318,0.7171733245109677,0.09203942692836133,-0.688115643494409,-0.06072913369100718,0.013730447417443318,0.007501847528801251,-0.00041505365561394505,0.01565168272632677,-0.004512803681014443,0.003985471421607046,0.2245681200046633,0.9744397929569868,25.96445612911884
103486628493415,48.212021499,53651279,0.6162621974945068,0.7437381148338318,-7.6848297119140625,-0.031756918877363205,-0.05687924847006798,0.09011185169219971,30.648488998413086,0,-0.1037607192993164,-0.05578213930130005,-0.014617919921875,-0.0012224987149238586,0.0020004436373710632,0.00040924549102783203,103486626548643,1.945,1446949,12057.908333333333,34,True,0.5247536301612854,1.1478835344314575,-5.2241997718811035,0.7227969765663147,-0.0660785660147667,-0.681115984916687,0.09632847458124161,1441164,0.5235210657119751,1.1527634859085083,-5.209558010101318,0.7171733245109677,0.09203942692836133,-0.688115643494409,-0.06072913369100718,0.013280034443259179,0.007951012820088279,-0.000369337077332965,0.015482710665644151,-0.004819826669126698,0.004036567825359716,0.22156431767617457,0.9751254937308131,25.61233848451905
103486728708773,48.312236857,53751383,0.7888293266296387,0.8578404784202576,-7.3248748779296875,-0.030713055282831192,-0.07097455114126205,0.08957648277282715,30.648488998413086,0,-0.1037607192993164,-0.05578213930130005,-0.014617919921875,-0.0012224987149238586,0.0020004436373710632,0.00040924549102783203,103486725343045,3.366,1446961,12058.008333333333,34,True,0.5247036814689636,1.1480029821395874,-5.223978042602539,0.7224183678627014,-0.06482302397489548,-0.6818051338195801,0.09514005482196808,1441164,0.5235210657119751,1.1527634859085083,-5.209558010101318,0.7171733245109677,0.09203942692836133,-0.688115643494409,-0.06072913369100718,0.013087618622937724,0.007784650446798597,-0.0003343197579281892,0.015231490849514669,-0.0047450599459267495,0.003314935229252358,0.21985309012092225,0.9755158196435448,25.40975792010788
103486828951914,48.412479998,53851623,0.4755256175994873,0.9071652889251709,-5.64508056640625,-0.022989392280578613,-0.056101877242326736,0.08992564678192139,30.648488998413086,0,-0.1037607192993164,-0.05578213930130005,-0.014617919921875,-0.0012224987149238586,0.0020004436373710632,0.00040924549102783203,103486826123440,2.828,1446973,12058.108333333334,34,True,0.5244969129562378,1.1484988927841187,-5.223583221435547,0.722615659236908,-0.06287021934986115,-0.6821768879890442,0.09224295616149902,1441164,0.5235210657119751,1.1527634859085083,-5.209558010101318,0.7171733245109677,0.09203942692836133,-0.688115643494409,-0.06072913369100718,0.012801806245177957,0.007206381389468421,-0.00016555802893401838,0.01469168422375388,-0.003988858982075518,0.003332137615960075,0.216499794435061,0.9762688281782359,25.01438551703846
103486929237309,48.512765393,53951946,0.48477089405059814,0.8131687641143799,-3.0699920654296875,-0.009217195212841034,-0.02642827108502388,0.08742213249206543,30.648488998413086,0,-0.1037607192993164,-0.05578213930130005,-0.014617919921875,-0.0012224987149238586,0.0020004436373710632,0.00040924549102783203,103486926492122,2.745,1446985,12058.208333333334,34,True,0.5244125127792358,1.1483343839645386,-5.223453998565674,0.7225792407989502,-0.06331819295883179,-0.6821054220199585,0.09274837374687195,1441164,0.5235210657119751,1.1527634859085083,-5.209558010101318,0.7171733245109677,0.09203942692836133,-0.688115643494409,-0.06072913369100718,0.01263719851159682,0.007335176809220608,-8.069858283661809e-05,0.014611985399161352,-0.004047439578408065,0.003339017884115115,0.21716117421656206,0.976121659223538,25.092139483549506
103487029446479,48.612974563,54052191,0.44024229049682617,0.7916592955589294,-0.496673583984375,0.0035430416464805603,0.001442059874534607,0.09126424789428711,30.648488998413086,0,-0.1037607192993164,-0.05578213930130005,-0.014617919921875,-0.0012224987149238586,0.0020004436373710632,0.00040924549102783203,103487026333204,3.113,1446997,12058.308333333332,34,True,0.5243614315986633,1.1481950283050537,-5.224184036254883,0.7224595546722412,-0.06641929596662521,-0.6814562678337097,0.09621866792440414,1441164,0.5235210657119751,1.1527634859085083,-5.209558010101318,0.7171733245109677,0.09203942692836133,-0.688115643494409,-0.06072913369100718,0.013317696253160684,0.0076247324116688634,9.105043604884814e-06,0.015345933035916155,-0.004454803866812969,0.003591139485244643,0.2217227291884128,0.9750929646966733,25.629150086035594
103487129675811,48.713203895,54152338,0.8450891971588135,0.8663401007652283,0.9335479736328125,0.014002054929733276,0.011035416275262833,0.08856630325317383,30.648488998413086,0,-0.1037607192993164,-0.05578213930130005,-0.014617919921875,-0.0012224987149238586,0.0020004436373710632,0.00040924549102783203,103487125604812,4.071,1447009,12058.408333333333,34,True,0.5243983864784241,1.14838707447052,-5.225235939025879,0.7213307619094849,-0.07142513990402222,-0.6812074184417725,0.10264980047941208,1441164,0.5235210657119751,1.1527634859085083,-5.209558010101318,0.7171733245109677,0.09203942692836133,-0.688115643494409,-0.06072913369100718,0.01438689752559033,0.007664016235422183,1.2605424133300806e-05,0.01630092402796141,-0.005576794015824408,0.0027049502988940603,0.22961912799185547,0.9732608276678177,26.559146112282676
103487229924845,48.813452929,54252553,0.9250296354293823,0.5460235774517059,2.469818115234375,0.013590388000011444,0.03200366348028183,0.08677613735198975,30.648488998413086,0,-0.1037607192993164,-0.05578213930130005,-0.014617919921875,-0.0012224987149238586,0.0020004436373710632,0.00040924549102783203,103487226967083,2.958,1447021,12058.508333333333,34,True,0.5242564678192139,1.1500310897827148,-5.225290775299072,0.7216551899909973,-0.069373719394207,-0.6813839077949524,0.10058388859033585,1441164,0.5235210657119751,1.1527634859085083,-5.209558010101318,0.7171733245109677,0.09203942692836133,-0.688115643494409,-0.06072913369100718,0.01478973084798401,0.006064829185879965,9.172788849414653e-05,0.01598520270798087,-0.00551025012453095,0.0028671853288187448,0.22676690429043397,0.9739292517993227,26.22360820747787
103487330247242,48.913775326,54352892,1.0820069313049316,0.1723596453666687,3.2840576171875,0.011911414563655853,0.018449779599905014,0.07812106609344482,30.648488998413086,0,-0.1037607192993164,-0.05578213930130005,-0.014617919921875,-0.0012224987149238586,0.0020004436373710632,0.00040924549102783203,103487325665495,4.582,1447033,12058.608333333334,34,True,0.5243073105812073,1.15122652053833,-5.2253804206848145,0.7215364575386047,-0.06601675599813461,-0.6828044056892395,0.0938352420926094,1441164,0.5235210657119751,1.1527634859085083,-5.209558010101318,0.7171733245109677,0.09203942692836133,-0.688115643494409,-0.06072913369100718,0.015136768752171625,0.004920096239793865,-2.22501622359247e-06,0.015916316163492424,-0.002842327809182276,0.00218401667899254,0.21979087858440866,0.9755404250644177,25.396934372597535
103487430464660,49.013992744,54453219,1.2403416633605957,-0.07309716939926147,3.6770172119140625,0.009583905339241028,0.0316840298473835,0.06807756423950195,30.648488998413086,0,-0.1037607192993164,-0.05578213930130005,-0.014617919921875,-0.0012224987149238586,0.0020004436373710632,0.00040924549102783203,103487426082529,4.382,1447045,12058.708333333334,34,True,0.5242008566856384,1.151137113571167,-5.225543022155762,0.7217686176300049,-0.06503704190254211,-0.6823257207870483,0.09618648886680603,1441164,0.5235210657119751,1.1527634859085083,-5.209558010101318,0.7171733245109677,0.09203942692836133,-0.688115643494409,-0.06072913369100718,0.015272324722187574,0.005036932419880343,0.00011498915539884431,0.01608190949882018,-0.005260892650024913,0.002411165116531278,0.22069848085390234,0.9753249150104213,25.50903579011815
103487530563857,49.114091941,54553344,1.2147939205169678,0.04239988327026367,3.8518829345703125,0.012466385960578918,0.0415382981300354,0.06591033935546875,30.648488998413086,0,-0.1037607192993164,-0.05578213930130005,-0.014617919921875,-0.0012224987149238586,0.0020004436373710632,0.00040924549102783203,103487524989096,5.575,1447057,12058.808333333332,34,True,0.5241830945014954,1.1512664556503296,-5.226432800292969,0.7218474745750427,-0.0635209009051323,-0.682909369468689,0.09239087998867035,1441164,0.5235210657119751,1.1527634859085083,-5.209558010101318,0.7171733245109677,0.09203942692836133,-0.688115643494409,-0.06072913369100718,0.016167830725875038,0.0051000869517496055,0.00016819164165024372,0.016953994388470128,-0.0035331337977016555,0.0023041223087564844,0.21704203181497103,0.9761531459825262,25.075523992327657
103487630760616,49.214288700,54653294,1.8327479362487793,-0.1260165572166443,5.414642333984375,0.016773059964179993,0.011076720431447029,0.04772782325744629,30.648488998413086,0,-0.1037607192993164,-0.05578213930130005,-0.014617919921875,-0.0012224987149238586,0.0020004436373710632,0.00040924549102783203,103487625843481,4.917,1447069,12058.908333333333,34,True,0.5241925120353699,1.152175784111023,-5.227748870849609,0.7209730744361877,-0.06169542670249939,-0.6839552521705627,0.09271836280822754,1441164,0.5235210657119751,1.1527634859085083,-5.209558010101318,0.7171733245109677,0.09203942692836133,-0.688115643494409,-0.06072913369100718,0.017648460369681068,0.004494670122413096,0.0001828534991914479,0.01821273313733232,-0.004874769068031908,0.0008113538871349915,0.2159412307087178,0.9763938566026558,24.948141742635812
103487730999695,49.314527779,54753729,2.198800802230835,-0.3252254128456116,5.995452880859375,0.015695184469223022,0.00448182225227356,0.03712809085845947,30.648488998413086,0,-0.1037607192993164,-0.05578213930130005,-0.014617919921875,-0.0012224987149238586,0.0020004436373710632,0.00040924549102783203,103487726218669,4.781,1447081,12059.008333333333,34,True,0.524169921875,1.1523489952087402,-5.227835178375244,0.7205983400344849,-0.06248912215232849,-0.6841771006584167,0.09346027672290802,1441164,0.5235210657119751,1.1527634859085083,-5.209558010101318,0.7171733245109677,0.09203942692836133,-0.688115643494409,-0.06072913369100718,0.01776920958873279,0.00434302734274039,0.00020248719906420176,0.01829337850080976,-0.004817519565863197,0.0003743045661788736,0.21699995228606364,0.9761596550304517,25.072087831104856
103487831248219,49.414776303,54853991,2.272482395172119,-0.37791508436203003,6.57269287109375,0.017036989331245422,-0.006629634648561478,0.03629434108734131,30.648488998413086,0,-0.1037607192993164,-0.05578213930130005,-0.014617919921875,-0.0012224987149238586,0.0020004436373710632,0.00040924549102783203,103487825786318,5.462,1447093,12059.108333333334,34,True,0.5241586565971375,1.1524860858917236,-5.228002548217773,0.72193843126297,-0.05893794819712639,-0.6835575699806213,0.08989021182060242,1441164,0.5235210657119751,1.1527634859085083,-5.209558010101318,0.7171733245109677,0.09203942692836133,-0.688115643494409,-0.06072913369100718,0.01796168176762348,0.0042445041776632735,0.00021594351099256978,0.01845763959003205,-0.004839186441475443,0.0018536802040687863,0.21208224565907552,0.9772380811350371,24.4962328784071
103487931360104,49.514888188,54954260,2.444354295730591,-0.35102277994155884,7.2716217041015625,0.01941549777984619,-0.035176586359739304,0.032027363777160645,30.648488998413086,0,-0.1037607192993164,-0.05578213930130005,-0.014617919921875,-0.0012224987149238586,0.0020004436373710632,0.00040924549102783203,103487925718004,5.642,1447105,12059.208333333334,34,True,0.5241146087646484,1.1520456075668335,-5.227130889892578,0.7208508253097534,-0.06080545485019684,-0.6849725842475891,0.08654189854860306,1441164,0.5235210657119751,1.1527634859085083,-5.209558010101318,0.7171733245109677,0.09203942692836133,-0.688115643494409,-0.06072913369100718,0.017014550027705265,0.004485799029267589,0.0002375736740997009,0.017597549455162457,-0.0009565183499836637,0.0005120598866055205,0.2111033563396878,0.9774631429416853,24.374366001350488
103488031571239,49.615099323,55054280,2.1184513568878174,-0.2441510558128357,7.4412689208984375,0.01968616247177124,-0.03151388093829155,0.04122507572174072,30.648488998413086,0,-0.1037607192993164,-0.05578213930130005,-0.014617919921875,-0.0012224987149238586,0.0020004436373710632,0.00040924549102783203,103488025929044,5.642,1447117,12059.308333333332,34,True,0.5241068601608276,1.15202796459198,-5.226781845092773,0.721384584903717,-0.059271689504384995,-0.6846334338188171,0.08583837002515793,1441164,0.5235210657119751,1.1527634859085083,-5.209558010101318,0.7171733245109677,0.09203942692836133,-0.688115643494409,-0.06072913369100718,0.01666986297023447,0.004428020854967131,0.0002300835018601196,0.017249482269223224,-0.001571004418462474,0.0010941860058992228,0.2095478171792867,0.9777965263885416,24.19273392279478
103488131774017,49.715302101,55154337,2.005082368850708,-0.25435012578964233,6.926544189453125,0.016338631510734558,-0.022740885615348816,0.04249846935272217,30.648488998413086,0,-0.1037607192993164,-0.05578213930130005,-0.014617919921875,-0.0012224987149238586,0.0020004436373710632,0.00040924549102783203,103488126412781,5.361,1447129,12059.408333333333,34,True,0.5241098999977112,1.1517901420593262,-5.226384162902832,0.7200782895088196,-0.06165821850299835,-0.6856947541236877,0.08665008842945099,1441164,0.5235210657119751,1.1527634859085083,-5.209558010101318,0.7171733245109677,0.09203942692836133,-0.688115643494409,-0.06072913369100718,0.016230634294067566,0.00457519295184646,0.00021831635371148586,0.01686456468945124,-0.00033392577835233283,-0.0004956251475020103,0.2117621510771617,0.9773210497172672,24.451376508900378
103488231964820,49.815492904,55254801,1.4722893238067627,-0.17530733346939087,4.7849884033203125,0.010236665606498718,0.006290845572948456,0.05902731418609619,30.648488998413086,0,-0.1037607192993164,-0.05578213930130005,-0.014617919921875,-0.0012224987149238586,0.0020004436373710632,0.00040924549102783203,103488225422653,6.542,1447141,12059.508333333333,34,True,0.5240194201469421,1.1509040594100952,-5.225137233734131,0.7206293940544128,-0.05780263990163803,-0.6846761107444763,0.09257832169532776,1441164,0.5235210657119751,1.1527634859085083,-5.209558010101318,0.7171733245109677,0.09203942692836133,-0.688115643494409,-0.06072913369100718,0.014819563278603216,0.005168783330798392,0.0002868033433756034,0.01569770789150555,-0.0073658039780787835,-0.00016563477440811883,0.21306520730764555,0.9770102020612825,24.619019977992348
103488332192930,49.915721014,55355006,1.1097345352172852,0.14722603559494019,2.67938232421875,0.006101936101913452,0.02159109152853489,0.07088351249694824,30.648488998413086,0,-0.1037607192993164,-0.05578213930130005,-0.014617919921875,-0.0012224987149238586,0.0020004436373710632,0.00040924549102783203,103488325744180,6.449,1447153,12059.608333333334,34,True,0.524065375328064,1.1508485078811646,-5.22383975982666,0.7227721810340881,-0.05143085867166519,-0.6837785243988037,0.08603593707084656,1441164,0.5235210657119751,1.1527634859085083,-5.209558010101318,0.7171733245109677,0.09203942692836133,-0.688115643494409,-0.06072913369100718,0.013543145816143135,0.0049478435486136575,0.00018394195226649772,0.014419840117722413,-0.007271045441877318,0.0021677800159178866,0.20413632765844325,0.9789130668032323,23.574390120155
103488432380332,50.015908416,55455209,0.782721757888794,0.24760502576828003,1.3150787353515625,-0.00033817067742347717,0.01352594792842865,0.07278072834014893,30.648488998413086,0,-0.1037607192993164,-0.05578213930130005,-0.014617919921875,-0.0012224987149238586,0.0020004436373710632,0.00040924549102783203,103488425309081,7.071,1447165,12059.708333333334,34,True,0.524158239364624,1.1511836051940918,-5.222509860992432,0.7238480448722839,-0.042027026414871216,-0.684941291809082,0.07164602726697922,1441164,0.5235210657119751,1.1527634859085083,-5.209558010101318,0.7171733245109677,0.09203942692836133,-0.688115643494409,-0.06072913369100718,0.012321000125835133,0.00434109555627582,1.732372650702866e-05,0.013063401350377594,-0.0033802259665897953,0.0028275454772400126,0.18765986591261527,0.9822241871307427,21.63853208409647
103488532600382,50.116128466,55555326,0.557613730430603,0.26078635454177856,1.006591796875,-0.0022422634065151215,0.009194180369377136,0.06422233581542969,30.648488998413086,0,-0.1037607192993164,-0.05578213930130005,-0.014617919921875,-0.0012224987149238586,0.0020004436373710632,0.00040924549102783203,103488525218700,7.382,1447177,12059.808333333332,34,True,0.5239145159721375,1.1515653133392334,-5.2209367752075195,0.725629985332489,-0.026847543194890022,-0.6849339008331299,0.06005049869418144,1441164,0.5235210657119751,1.1527634859085083,-5.209558010101318,0.7171733245109677,0.09203942692836133,-0.688115643494409,-0.06072913369100718,0.010859462994456085,0.0036205791568280537,0.0001737411760843836,0.01144843727130852,-0.0056183575007376476,0.0042044357462375235,0.168958024843721,0.9855982663438274,19.471419394089693
103488633936756,50.217464840,55655577,0.3573310375213623,0.23482322692871094,0.8069305419921875,-0.0012540295720100403,0.0010377764701843262,0.05530393123626709,30.648488998413086,0,-0.1037607192993164,-0.05578213930130005,-0.014617919921875,-0.0012224987149238586,0.0020004436373710632,0.00040924549102783203,103488633784803,0.152,1447190,12059.916666666666,34,True,0.5242460370063782,1.1515841484069824,-5.219083309173584,0.7250646948814392,-0.01402151770889759,-0.6872653961181641,0.04184471815824509,1441164,0.5235210657119751,1.1527634859085083,-5.209558010101318,0.7171733245109677,0.09203942692836133,-0.688115643494409,-0.06072913369100718,0.009066831012633118,0.003222037554686528,-0.0002424708660069517,0.009625369745434105,-0.0011385274691891134,0.003040100700043181,0.1473214259281315,0.9890833428005132,16.947605359504227
103488734763808,50.318291892,55756774,0.21508586406707764,0.3848682641983032,0.75909423828125,0.00041618943214416504,0.0031187795102596283,0.04374563694000244,30.648488998413086,0,-0.1037607192993164,-0.05578213930130005,-0.014617919921875,-0.0012224987149238586,0.0020004436373710632,0.00040924549102783203,103488734526286,0.238,1447202,12060.016666666666,34,True,0.5242062211036682,1.1507349014282227,-5.217398166656494,0.7252768278121948,0.005369129125028849,-0.6878600716590881,0.028164220973849297,1441164,0.5235210657119751,1.1527634859085083,-5.209558010101318,0.7171733245109677,0.09203942692836133,-0.688115643494409,-0.06072913369100718,0.007237911816962816,0.003688463476324393,-0.0002460029019721655,0.008127278001525955,-0.0046283963537774656,0.002841155364143533,0.1240568543290296,0.9922602494695508,14.26630867442682
103488834965817,50.418493901,55857809,0.17694830894470215,0.5303909182548523,0.751007080078125,-0.002152569591999054,0.0010979287326335907,0.03374302387237549,30.648488998413086,0,-0.1037607192993164,-0.05578213930130005,-0.014617919921875,-0.0012224987149238586,0.0020004436373710632,0.00040924549102783203,103488834632084,0.334,1447214,12060.116666666667,34,True,0.5241264700889587,1.150456428527832,-5.216514587402344,0.7249769568443298,0.014930632896721363,-0.6882798671722412,0.02136143669486046,1441164,0.5235210657119751,1.1527634859085083,-5.209558010101318,0.7171733245109677,0.09203942692836133,-0.688115643494409,-0.06072913369100718,0.006312787645434693,0.0037674148262559896,-0.00019568759056000584,0.0073541142201182545,-0.00627219263390142,0.002379205852671818,0.11251639093661714,0.9936272242393887,12.94383156356475
103488935204280,50.518732364,55957992,0.06920754909515381,0.5116693675518036,0.9475555419921875,-0.0011050142347812653,0.013011623173952103,0.030004024505615234,30.648488998413086,0,-0.1037607192993164,-0.05578213930130005,-0.014617919921875,-0.0012224987149238586,0.0020004436373710632,0.00040924549102783203,103488933768722,1.436,1447226,12060.216666666667,34,True,0.5241647958755493,1.150729775428772,-5.216238975524902,0.7261640429496765,0.01442737691104412,-0.6872046589851379,0.015078387223184109,1441164,0.5235210657119751,1.1527634859085083,-5.209558010101318,0.7171733245109677,0.09203942692836133,-0.688115643494409,-0.06072913369100718,0.006104154356706096,0.003443653097485697,-0.00025733006760298674,0.007013249306135452,-0.001590911116392145,0.004576019646954866,0.10859781200226522,0.9940739631809754,12.481434513471456
103489035385120,50.618913204,56058221,0.049446821212768555,0.43544983863830566,0.9454803466796875,-0.0013862736523151398,0.005839530378580093,0.029765605926513672,30.648488998413086,0,-0.1037607192993164,-0.05578213930130005,-0.014617919921875,-0.0012224987149238586,0.0020004436373710632,0.00040924549102783203,103489035239863,0.145,1447238,12060.316666666666,34,True,0.5240519046783447,1.1511571407318115,-5.216292381286621,0.7260798215866089,0.01417220663279295,-0.6872045397758484,0.01889944262802601,1441164,0.5235210657119751,1.1527634859085083,-5.209558010101318,0.7171733245109677,0.09203942692836133,-0.688115643494409,-0.06072913369100718,0.006244336064959096,0.0030326291296521187,-0.00015911557493135994,0.006943622260488336,-0.004150579663345565,0.004181959492426835,0.11140237911761562,0.9937579151031689,12.810280194341082
103489135592283,50.719120367,56158324,-0.10654985904693604,0.26660090684890747,0.969329833984375,-0.0011403970420360565,0.008105648681521416,0.031714439392089844,30.648488998413086,0,-0.1037607192993164,-0.05578213930130005,-0.014617919921875,-0.0012224987149238586,0.0020004436373710632,0.00040924549102783203,103489135453020,0.139,1447250,12060.416666666666,34,True,0.5240183472633362,1.1512374877929688,-5.2163801193237305,0.7258525490760803,0.01536491233855486,-0.6873080730438232,0.022574396803975105,1441164,0.5235210657119751,1.1527634859085083,-5.209558010101318,0.7171733245109677,0.09203942692836133,-0.688115643494409,-0.06072913369100718,0.006346064910795348,0.002971366628540445,-0.00012479558983767146,0.007008361679627751,-0.0075835470944424985,0.003540645831107414,0.11306116715507804,0.9935527797364851,13.019295632500306
103489235791185,50.819319269,56258540,0.0023856163024902344,0.34049874544143677,0.6247100830078125,-7.478892803192139e-05,0.0007599219679832458,0.0334470272064209,30.648488998413086,0,-0.1037607192993164,-0.05578213930130005,-0.014617919921875,-0.0012224987149238586,0.0020004436373710632,0.00040924549102783203,103489234180122,1.611,1447262,12060.516666666666,34,True,0.5240224599838257,1.1514943838119507,-5.216274261474609,0.7259395718574524,0.016297394409775734,-0.6872725486755371,0.0200648233294487,1441164,0.5235210657119751,1.1527634859085083,-5.209558010101318,0.7171733245109677,0.09203942692836133,-0.688115643494409,-0.06072913369100718,0.006298300429469076,0.0026982874956127997,-0.00014389283420047238,0.006853469840640214,-0.006433957816234121,0.003800355524727017,0.11067138983012023,0.993828961621553,12.737093592028975
103489336065397,50.919593481,56358848,0.025470376014709473,0.18694311380386353,0.370880126953125,-0.000735647976398468,0.00469551607966423,0.03197622299194336,30.648488998413086,0,-0.1037607192993164,-0.05578213930130005,-0.014617919921875,-0.0012224987149238586,0.0020004436373710632,0.00040924549102783203,103489334296127,1.769,1447274,12060.616666666667,34,True,0.5240405797958374,1.1524271965026855,-5.216339111328125,0.7257084250450134,0.01894419826567173,-0.6875225305557251,0.017353948205709457,1441164,0.5235210657119751,1.1527634859085083,-5.209558010101318,0.7171733245109677,0.09203942692836133,-0.688115643494409,-0.06072913369100718,0.00656334389885018,0.001802900404401831,-0.00019592420277312093,0.006809281848770724,-0.0062740521909230304,0.0035507887944761234,0.10690168533304671,0.994243460044368,12.301468077643198
103489436125605,51.019653689,56459084,0.08865320682525635,0.10748296976089478,0.764129638671875,0.0008282586932182312,0.01593930646777153,0.030179262161254883,30.648488998413086,0,-0.1037607192993164,-0.05578213930130005,-0.014617919921875,-0.0012224987149238586,0.0020004436373710632,0.00040924549102783203,103489433969434,2.156,1447286,12060.716666666667,34,True,0.5240098834037781,1.152827501296997,-5.216333866119385,0.7256526947021484,0.01923205517232418,-0.6875823736190796,0.016994314268231392,1441164,0.5235210657119751,1.1527634859085083,-5.209558010101318,0.7171733245109677,0.09203942692836133,-0.688115643494409,-0.06072913369100718,0.006643422113440398,0.0014097222532407918,-0.00018135951786030653,0.006793766663887545,-0.006205318657171376,0.003485141152241744,0.10644627488386543,0.9942929841726031,12.248387698313836
103489536267297,51.119795381,56558803,0.13162410259246826,0.06602084636688232,1.2137451171875,0.00354824960231781,0.007315937429666519,0.027629971504211426,30.648488998413086,0,-0.1037607192993164,-0.05578213930130005,-0.014617919921875,-0.0012224987149238586,0.0020004436373710632,0.00040924549102783203,103489534642792,1.625,1447298,12060.816666666666,34,True,0.524209201335907,1.1529479026794434,-5.2162322998046875,0.7261689305305481,0.019554374739527702,-0.6871843934059143,0.008597441017627716,1441164,0.5235210657119751,1.1527634859085083,-5.209558010101318,0.7171733245109677,0.09203942692836133,-0.688115643494409,-0.06072913369100718,0.006577455375973028,0.0012801913886842464,-0.00038971016441425866,0.006712204051340035,-0.00047307881617142915,0.004879061174903111,0.10046044304667527,0.9949289775362616,11.545136988404606
103489636381209,51.219909293,56659281,0.20846307277679443,0.026752948760986328,0.9520416259765625,0.0024470239877700806,-0.0017674900591373444,0.021176457405090332,30.648488998413086,0,-0.1037607192993164,-0.05578213930130005,-0.014617919921875,-0.0012224987149238586,0.0020004436373710632,0.00040924549102783203,103489635277869,1.103,1447310,12060.916666666666,34,True,0.5240556597709656,1.152151107788086,-5.216048240661621,0.7268720865249634,0.024918697774410248,-0.6862632036209106,0.008879149332642555,1441164,0.5235210657119751,1.1527634859085083,-5.209558010101318,0.7171733245109677,0.09203942692836133,-0.688115643494409,-0.06072913369100718,0.006220527878544332,0.0020108248626701406,-0.00021332318225606936,0.006540939572887636,-0.004493874945223149,0.005671867594621905,0.09681591657801059,0.9952759985567449,11.142785036034713
103489736501775,51.320029859,56759305,0.1736356019973755,0.16202640533447266,0.5787811279296875,-0.001148086041212082,-0.008073493838310242,0.017897605895996094,30.648488998413086,0,-0.1037607192993164,-0.05578213930130005,-0.014617919921875,-0.0012224987149238586,0.0020004436373710632,0.00040924549102783203,103489733394264,3.108,1447322,12061.016666666666,34,True,0.5240564942359924,1.1517069339752197,-5.215651035308838,0.7258636951446533,0.030151905491948128,-0.6871301531791687,0.00805949978530407,1441164,0.5235210657119751,1.1527634859085083,-5.209558010101318,0.7171733245109677,0.09203942692836133,-0.688115643494409,-0.06072913369100718,0.0057371969500833835,0.002359325181427053,-0.00021470378611884256,0.006207088034782142,-0.007366063802097021,0.004113856414151907,0.09245862099679124,0.9956807825266284,10.654341261110254
103489836621869,51.420149953,56859419,0.06612169742584229,0.321363627910614,0.3809967041015625,-0.0023638904094696045,-0.00993722677230835,0.021195411682128906,30.648488998413086,0,-0.1037607192993164,-0.05578213930130005,-0.014617919921875,-0.0012224987149238586,0.0020004436373710632,0.00040924549102783203,103489834657887,1.964,1447334,12061.116666666667,34,True,0.5240269303321838,1.1516629457473755,-5.215332984924316,0.7254151701927185,0.028726138174533844,-0.6876417994499207,0.009827394038438797,1441164,0.5235210657119751,1.1527634859085083,-5.209558010101318,0.7171733245109677,0.09203942692836133,-0.688115643494409,-0.06072913369100718,0.0054162884423353585,0.002332820672942943,-0.00019796232929764095,0.005900628938215527,-0.007578526917320639,0.0033621497461746035,0.09468744225234797,0.9954725260691809,10.908363360843557
103489936739560,51.520267644,56959563,-0.06170320510864258,0.2781304717063904,-0.5851898193359375,-0.002392895519733429,-0.014408696442842484,0.027186274528503418,30.648488998413086,0,-0.1037607192993164,-0.05578213930130005,-0.014617919921875,-0.0012224987149238586,0.0020004436373710632,0.00040924549102783203,103489934422040,2.318,1447346,12061.216666666667,34,True,0.524116575717926,1.1516623497009277,-5.215731620788574,0.726560115814209,0.025185642763972282,-0.6865552663803101,0.010867295786738396,1441164,0.5235210657119751,1.1527634859085083,-5.209558010101318,0.7171733245109677,0.09203942692836133,-0.688115643494409,-0.06072913369100718,0.00580838758287573,0.0024229626174450602,-0.0002692357223534369,0.006299254085416175,-0.006057582105165604,0.0050485364577430025,0.0979815609606808,0.9951569884648264,11.282382204568606
103490036948550,51.620476634,57059766,-0.05513465404510498,0.32260197401046753,-2.4593505859375,-0.005840040743350983,-0.02940240129828453,0.029820561408996582,30.648488998413086,0,-0.1037607192993164,-0.05578213930130005,-0.014617919921875,-0.0012224987149238586,0.0020004436373710632,0.00040924549102783203,103490036498613,0.450,1447358,12061.316666666666,34,True,0.5241457223892212,1.1509346961975098,-5.215880393981934,0.7259429097175598,0.024125179275870323,-0.6871298551559448,0.01665518991649151,1441164,0.5235210657119751,1.1527634859085083,-5.209558010101318,0.7171733245109677,0.09203942692836133,-0.688115643494409,-0.06072913369100718,0.005797736261620517,0.0031661363344665508,-0.0002627558897662617,0.006611142541599417,-0.009388417268243873,0.0037434345590212086,0.10270293369549817,0.994660721919408,11.846834473719122
103490137186374,51.720714458,57159968,-0.024302959442138672,0.43862587213516235,-4.396087646484375,-0.011593285948038101,-0.03375571593642235,0.03338122367858887,30.648488998413086,0,-0.1037607192993164,-0.05578213930130005,-0.014617919921875,-0.0012224987149238586,0.0020004436373710632,0.00040924549102783203,103490136930610,0.256,1447370,12061.416666666666,34,True,0.5243332982063293,1.1508054733276367,-5.215478897094727,0.7253530025482178,0.026642324402928352,-0.6877356767654419,0.013149968348443508,1441164,0.5235210657119751,1.1527634859085083,-5.209558010101318,0.7171733245109677,0.09203942692836133,-0.688115643494409,-0.06072913369100718,0.005384851294342622,0.003215473031671218,-0.0004631926174481404,0.0062889138712854675,-0.008515068298352533,0.00307278547248463,0.09846819743207015,0.9950990230604155,11.349755012940534
103490237457345,51.820985429,57260180,-0.31620538234710693,0.5670862197875977,-5.94720458984375,-0.017130162566900253,-0.02778593823313713,0.03549063205718994,30.648488998413086,0,-0.1037607192993164,-0.05578213930130005,-0.014617919921875,-0.0012224987149238586,0.0020004436373710632,0.00040924549102783203,103490233936443,3.521,1447382,12061.516666666666,34,True,0.5245940685272217,1.1498509645462036,-5.214696884155273,0.7252960205078125,0.023862693458795547,-0.6879907250404358,0.006715603172779083,1441164,0.5235210657119751,1.1527634859085083,-5.209558010101318,0.7171733245109677,0.09203942692836133,-0.688115643494409,-0.06072913369100718,0.004425364378751945,0.003992226843204331,-0.000721399485370726,0.006003510828658591,-0.001960870967696458,0.0036116812478089737,0.09604433123392457,0.9953685735351707,11.032978498332179
103490337742995,51.921271079,57360436,-0.4971523880958557,0.722354531288147,-7.1967315673828125,-0.02273598313331604,-0.021746370941400528,0.03933703899383545,30.648488998413086,0,-0.1037607192993164,-0.05578213930130005,-0.014617919921875,-0.0012224987149238586,0.0020004436373710632,0.00040924549102783203,103490333900476,3.843,1447394,12061.616666666667,34,True,0.5245823264122009,1.1493935585021973,-5.214504718780518,0.7254779934883118,0.025982318446040154,-0.6877187490463257,0.007046678103506565,1441164,0.5235210657119751,1.1527634859085083,-5.209558010101318,0.7171733245109677,0.09203942692836133,-0.688115643494409,-0.06072913369100718,0.004138808844623589,0.00439686065664076,-0.0007003495329227213,0.006078865992478773,-0.0036929395992826857,0.0037727585916717547,0.0947522400431481,0.9954868866522204,10.891036581051504
103490437928528,52.021456612,57460632,-0.4621850252151489,0.8019545674324036,-7.9091796875,-0.024990450590848923,-0.028208959847688675,0.04078555107116699,30.648488998413086,0,-0.1037607192993164,-0.05578213930130005,-0.014617919921875,-0.0012224987149238586,0.0020004436373710632,0.00040924549102783203,103490435925407,2.003,1447406,12061.716666666667,34,True,0.5245634317398071,1.1494146585464478,-5.214410305023193,0.7255523204803467,0.025565914809703827,-0.6876524686813354,0.007376556750386953,1441164,0.5235210657119751,1.1527634859085083,-5.209558010101318,0.7171733245109677,0.09203942692836133,-0.688115643494409,-0.06072913369100718,0.004050546118160627,0.004355175271676086,-0.0006866310096060756,0.00598714770535333,-0.003653600162104001,0.0038663646831709206,0.09528068488864991,0.9954362327729196,10.952031271481804
103490538214497,52.121742581,57560747,-0.4948549270629883,0.7364328503608704,-7.9289703369140625,-0.024963870644569397,-0.027101468294858932,0.04289138317108154,30.648488998413086,0,-0.1037607192993164,-0.05578213930130005,-0.014617919921875,-0.0012224987149238586,0.0020004436373710632,0.00040924549102783203,103490534263619,3.951,1447418,12061.816666666666,34,True,0.5245368480682373,1.1494970321655273,-5.214290618896484,0.7255836725234985,0.02511603757739067,-0.6876313090324402,0.007792090065777302,1441164,0.5235210657119751,1.1527634859085083,-5.209558010101318,0.7171733245109677,0.09203942692836133,-0.688115643494409,-0.06072913369100718,0.0039505551771841264,0.004247931369428989,-0.0006688144219852727,0.00583944516700094,-0.003645893700950823,0.0038921890536637864,0.09589086528640407,0.9953775666942252,11.022253272606164
103490638428611,52.221956695,57661045,-0.6144721508026123,0.6271205544471741,-7.7513275146484375,-0.02547186240553856,-0.012920085340738297,0.04544103145599365,30.648488998413086,0,-0.1037607192993164,-0.05578213930130005,-0.014617919921875,-0.0012224987149238586,0.0020004436373710632,0.00040924549102783203,103490636692568,1.736,1447430,12061.916666666666,34,True,0.5244582891464233,1.149469017982483,-5.21397590637207,0.7257897853851318,0.026445044204592705,-0.6873663067817688,0.007577674463391304,1441164,0.5235210657119751,1.1527634859085083,-5.209558010101318,0.7171733245109677,0.09203942692836133,-0.688115643494409,-0.06072913369100718,0.0036345813864370525,0.004204181555246043,-0.0006036470299001678,0.00559014437566804,-0.004443538508597263,0.004163096351739949,0.09479307167387671,0.9954783760368279,10.901308389161269
103490738545727,52.322073811,57761305,-0.7414417266845703,0.8677012920379639,-7.455718994140625,-0.02226683869957924,-0.018045220524072647,0.04733169078826904,30.648488998413086,0,-0.1037607192993164,-0.05578213930130005,-0.014617919921875,-0.0012224987149238586,0.0020004436373710632,0.00040924549102783203,103490734805753,3.740,1447442,12062.016666666666,34,True,0.5242589116096497,1.149165391921997,-5.213916301727295,0.7255951166152954,0.03224309906363487,-0.6873139142990112,0.008466841652989388,1441164,0.5235210657119751,1.1527634859085083,-5.209558010101318,0.7171733245109677,0.09203942692836133,-0.688115643494409,-0.06072913369100718,0.003503770445092695,0.004478024261102891,-0.0003953405957016641,0.005699596722711257,-0.009063957910471125,0.003632766967666346,0.09122561318194268,0.9957823733982915,10.528207818045288
103490838669654,52.422197738,57861429,-0.785038948059082,0.858415424823761,-7.134429931640625,-0.020432129502296448,-0.01926381140947342,0.043583035469055176,30.648488998413086,0,-0.1037607192993164,-0.05578213930130005,-0.014617919921875,-0.0012224987149238586,0.0020004436373710632,0.00040924549102783203,103490837125057,1.545,1447454,12062.116666666667,34,True,0.5242519974708557,1.149277687072754,-5.213530540466309,0.7261159420013428,0.03301282599568367,-0.6867485642433167,0.006495604757219553,1441164,0.5235210657119751,1.1527634859085083,-5.209558010101318,0.7171733245109677,0.09203942692836133,-0.688115643494409,-0.06072913369100718,0.0031512987600752548,0.004285659260068444,-0.00041047910006992955,0.0053353586814999104,-0.008263564318203161,0.004531295717228324,0.08933075002143932,0.9959574277871966,10.307252928252002
103490938873018,52.522401102,57961607,-0.8001888990402222,0.81836998462677,-5.9086456298828125,-0.017619702965021133,-0.016547374427318573,0.04264628887176514,30.648488998413086,0,-0.1037607192993164,-0.05578213930130005,-0.014617919921875,-0.0012224987149238586,0.0020004436373710632,0.00040924549102783203,103490935568408,3.305,1447466,12062.216666666667,34,True,0.5241420269012451,1.1499314308166504,-5.213355541229248,0.7256179451942444,0.035241831094026566,-0.6871906518936157,0.0023788618855178356,1441164,0.5235210657119751,1.1527634859085083,-5.209558010101318,0.7171733245109677,0.09203942692836133,-0.688115643494409,-0.06072913369100718,0.0031175099674950243,0.0036050764347218003,-0.0003345549459739182,0.004777799860761529,-0.006774026843902783,0.004115099857847027,0.08488038202322236,0.996359623459858,9.780760330867242
103491039522558,52.623050642,58061785,-0.6296094655990601,0.5836191177368164,-3.4494781494140625,-0.008874859660863876,-0.007931303232908249,0.03642892837524414,30.648488998413086,0,-0.1037607192993164,-0.05578213930130005,-0.014617919921875,-0.0012224987149238586,0.0020004436373710632,0.00040924549102783203,103491039265387,0.257,1447478,12062.316666666666,34,True,0.5239641070365906,1.1509158611297607,-5.21375846862793,0.7261250615119934,0.03914875164628029,-0.6864461898803711,0.0012546860380098224,1441164,0.5235210657119751,1.1527634859085083,-5.209558010101318,0.7171733245109677,0.09203942692836133,-0.688115643494409,-0.06072913369100718,0.0037165163647141465,0.0027221032464217016,-0.00017752407941796356,0.00461019031842947,-0.008755527022871605,0.004864167081922278,0.08130633856197717,0.9966388312396803,9.397979749943563
103491139642356,52.723170440,58162394,-0.4488738179206848,0.3158619999885559,-2.1351318359375,-0.009039551019668579,-0.004450291395187378,0.029820919036865234,30.648488998413086,0,-0.1037607192993164,-0.05578213930130005,-0.014617919921875,-0.0012224987149238586,0.0020004436373710632,0.00040924549102783203,103491133790141,5.852,1447490,12062.416666666666,34,True,0.5242500901222229,1.152767300605774,-5.213779926300049,0.7243167161941528,0.036122385412454605,-0.6885203123092651,-0.0005335353780537844,1441164,0.5235210657119751,1.1527634859085083,-5.209558010101318,0.7171733245109677,0.09203942692836133,-0.688115643494409,-0.06072913369100718,0.00414692400151452,0.0009341279885109447,-0.0005352511172322905,0.004284398152804559,-0.005089852766032914,0.002480686956870815,0.08220579076345091,0.9965992913684004,9.453126951475571
103491239747373,52.823275457,58262533,-0.4688277244567871,-0.16223353147506714,-1.500457763671875,-0.0077178142964839935,0.002181578427553177,0.03616786003112793,30.648488998413086,0,-0.1037607192993164,-0.05578213930130005,-0.014617919921875,-0.0012224987149238586,0.0020004436373710632,0.00040924549102783203,103491238089560,1.658,1447502,12062.516666666666,34,True,0.5240528583526611,1.1569615602493286,-5.214021682739258,0.7240464687347412,0.03093818388879299,-0.6890490651130676,0.0033162501640617847,1441164,0.5235210657119751,1.1527634859085083,-5.209558010101318,0.7171733245109677,0.09203942692836133,-0.688115643494409,-0.06072913369100718,0.005279979981844308,-0.0031160057180631517,-0.0004932795949076086,0.0061506914247449525,-0.004218408038667149,0.0018760180374476354,0.08858009509037675,0.9960583579006415,10.177684308829843
103491339990733,52.923518817,58362653,-0.3785375952720642,-1.140722930431366,-1.3520660400390625,-0.003976590931415558,-0.002798415720462799,0.042758822441101074,30.648488998413086,0,-0.1037607192993164,-0.05578213930130005,-0.014617919921875,-0.0012224987149238586,0.0020004436373710632,0.00040924549102783203,103491334562943,5.428,1447514,12062.616666666667,34,True,0.5241554379463196,1.163069248199463,-5.213761329650879,0.7243577837944031,0.02734997682273388,-0.688862681388855,-0.005107814446091652,1441164,0.5235210657119751,1.1527634859085083,-5.209558010101318,0.7171733245109677,0.09203942692836133,-0.688115643494409,-0.06072913369100718,0.006346400538255532,-0.009125851346803226,-0.000849174404446105,0.011148051837208453,0.00425614688075161,0.003217162921348438,0.08537406392769646,0.9963346848749856,9.814225371891652
103491440200990,53.023729074,58462897,-0.3617941737174988,-2.3385486006736755,-1.0086822509765625,0.00027860701084136963,-0.007231753319501877,0.043921470642089844,30.648488998413086,0,-0.1037607192993164,-0.05578213930130005,-0.014617919921875,-0.0012224987149238586,0.0020004436373710632,0.00040924549102783203,103491433741357,6.460,1447526,12062.716666666667,34,True,0.5238654613494873,1.1679679155349731,-5.213266372680664,0.7242185473442078,0.025223014876246452,-0.6890743374824524,-0.006919560022652149,1441164,0.5235210657119751,1.1527634859085083,-5.209558010101318,0.7171733245109677,0.09203942692836133,-0.688115643494409,-0.06072913369100718,0.006909081093439157,-0.014025245332580243,-0.0007761014407722132,0.0156539209670022,0.007047014805366166,0.003265478740232476,0.08565281551616102,0.9962947713528786,9.867549651717596
103491540301041,53.123829125,58562924,-0.3273371458053589,-3.220141589641571,-1.0346221923828125,0.004978589713573456,-0.016823861747980118,0.05284678936004639,30.648488998413086,0,-0.1037607192993164,-0.05578213930130005,-0.014617919921875,-0.0012224987149238586,0.0020004436373710632,0.00040924549102783203,103491534763707,5.537,1447538,12062.816666666666,34,True,0.5239573121070862,1.1724945306777954,-5.213287353515625,0.7241961359977722,0.02075408212840557,-0.6891905069351196,-0.011219769716262817,1441164,0.5235210657119751,1.1527634859085083,-5.209558010101318,0.7171733245109677,0.09203942692836133,-0.688115643494409,-0.06072913369100718,0.007908775946124852,-0.018432845349683744,-0.001045904515398702,0.02008512984540284,0.013218204899602336,0.003833926395873599,0.08590375747386055,0.9962083740460604,9.982002828757208
103491640514748,53.224042832,58663117,-0.2576271891593933,-4.230721652507782,-0.9521942138671875,0.00834086537361145,-0.023679222911596298,0.05574357509613037,30.648488998413086,0,-0.1037607192993164,-0.05578213930130005,-0.014617919921875,-0.0012224987149238586,0.0020004436373710632,0.00040924549102783203,103491633936666,6.578,1447550,12062.916666666666,34,True,0.5240952968597412,1.176763892173767,-5.213562488555908,0.7245873808860779,0.010728856548666954,-0.6890419125556946,-0.008910946547985077,1441164,0.5235210657119751,1.1527634859085083,-5.209558010101318,0.7171733245109677,0.09203942692836133,-0.688115643494409,-0.06072913369100718,0.009102679800110557,-0.02253288146659714,-0.0013399862949877819,0.024338962385480053,0.018423456650548436,0.00460603663173037,0.0947093075075362,0.9953238205443672,11.086197021769834
103491740811086,53.324339170,58763463,-0.17697817087173462,-5.197701632976532,-1.060821533203125,0.00902646780014038,-0.022554121911525726,0.06467700004577637,30.648488998413086,0,-0.1037607192993164,-0.05578213930130005,-0.014617919921875,-0.0012224987149238586,0.0020004436373710632,0.00040924549102783203,103491735179076,5.632,1447562,12063.016666666666,34,True,0.524009644985199,1.1802414655685425,-5.214070796966553,0.7259376645088196,0.007990204729139805,-0.6876386404037476,-0.010193626396358013,1441164,0.5235210657119751,1.1527634859085083,-5.209558010101318,0.7171733245109677,0.09203942692836133,-0.688115643494409,-0.06072913369100718,0.010345351331635912,-0.02582137095055584,-0.0013688788307656867,0.02785037380708755,0.02101671144654501,0.00682595017236576,0.09582982308317209,0.9951524251349967,11.287700668035194
103491841117967,53.424646051,58863686,-0.21450084447860718,-5.916386783123016,-1.318634033203125,0.011044405400753021,-0.0023469552397727966,0.06514644622802734,30.648488998413086,0,-0.1037607192993164,-0.05578213930130005,-0.014617919921875,-0.0012224987149238586,0.0020004436373710632,0.00040924549102783203,103491835652726,5.465,1447574,12063.116666666667,34,True,0.524019718170166,1.1838172674179077,-5.214252471923828,0.725727379322052,0.004855538252741098,-0.6878829598426819,-0.01063864678144455,1441164,0.5235210657119751,1.1527634859085083,-5.209558010101318,0.7171733245109677,0.09203942692836133,-0.688115643494409,-0.06072913369100718,0.011293916697852496,-0.02927088907198777,-0.001512108021251944,0.03141057102490464,0.023528140784538472,0.00673735591993574,0.09776718886138952,0.9949083432199031,11.56862202430602
103491941264095,53.524792179,58963979,-0.17419713735580444,-6.671105086803436,-1.496917724609375,0.009939007461071014,0.003141731023788452,0.06719493865966797,30.648488998413086,0,-0.1037607192993164,-0.05578213930130005,-0.014617919921875,-0.0012224987149238586,0.0020004436373710632,0.00040924549102783203,103491935628528,5.636,1447586,12063.216666666667,34,True,0.5241079926490784,1.186872124671936,-5.214310169219971,0.7259920835494995,0.004843083210289478,-0.6875321269035339,-0.014552098698914051,1441164,0.5235210657119751,1.1527634859085083,-5.209558010101318,0.7171733245109677,0.09203942692836133,-0.688115643494409,-0.06072913369100718,0.012012009341036446,-0.03223484644477276,-0.0017184423427242805,0.034443094196260786,0.026294966366079035,0.00753205859645495,0.09508626180054293,0.9950931844073222,11.356519155806835
103492041538220,53.625066304,59064113,0.05135142803192139,-7.244641005992889,-1.4029693603515625,0.011542394757270813,-0.00915548950433731,0.06530535221099854,30.648488998413086,0,-0.1037607192993164,-0.05578213930130005,-0.014617919921875,-0.0012224987149238586,0.0020004436373710632,0.00040924549102783203,103492035264892,6.273,1447598,12063.316666666666,34,True,0.524258553981781,1.1893377304077148,-5.214084148406982,0.7253016233444214,0.003873917507007718,-0.68818598985672,-0.017965083941817284,1441164,0.5235210657119751,1.1527634859085083,-5.209558010101318,0.7171733245109677,0.09203942692836133,-0.688115643494409,-0.06072913369100718,0.012328451467302291,-0.03468151653526059,-0.001976581096403496,0.036860618247634445,0.029511678356901116,0.006960994892000971,0.09340895200774471,0.995166002773149,11.271868869962464
103492141686223,53.725214307,59164389,0.022076964378356934,-7.811755836009979,-1.3484039306640625,0.012353941798210144,-0.004211589694023132,0.06597411632537842,30.648488998413086,0,-0.1037607192993164,-0.05578213930130005,-0.014617919921875,-0.0012224987149238586,0.0020004436373710632,0.00040924549102783203,103492134476318,7.210,1447610,12063.416666666666,34,True,0.5241649150848389,1.1916970014572144,-5.213737964630127,0.7257899641990662,0.005834144074469805,-0.6875764727592468,-0.02082011289894581,1441164,0.5235210657119751,1.1527634859085083,-5.209558010101318,0.7171733245109677,0.09203942692836133,-0.688115643494409,-0.06072913369100718,0.012495907669941488,-0.037061954426125185,-0.0019922400656795466,0.03916254837033951,0.030124612650177324,0.007877892206766659,0.09004647836944998,0.9954506910240786,10.934656011458532
103492241903830,53.825431914,59264580,-0.09980809688568115,-8.154842555522919,-1.21282958984375,0.017605461180210114,-0.01081850379705429,0.07138228416442871,30.648488998413086,0,-0.1037607192993164,-0.05578213930130005,-0.014617919921875,-0.0012224987149238586,0.0020004436373710632,0.00040924549102783203,103492234326740,7.577,1447622,12063.516666666666,34,True,0.5241215229034424,1.1931275129318237,-5.21332311630249,0.7248530387878418,0.0046639349311590195,-0.6886659860610962,-0.01747812144458294,1441164,0.5235210657119751,1.1527634859085083,-5.209558010101318,0.7171733245109677,0.09203942692836133,-0.688115643494409,-0.06072913369100718,0.012397936477769775,-0.03854846364565426,-0.0020244438092189487,0.040543695577534955,0.028690241404665483,0.006215280060688056,0.09316532828550983,0.9952177962372671,11.211272019130037
103492343442931,53.926971015,59364685,-0.28670698404312134,-8.480156123638153,-1.0348358154296875,0.01886788010597229,-0.010979115962982178,0.08163440227508545,30.648488998413086,0,-0.1037607192993164,-0.05578213930130005,-0.014617919921875,-0.0012224987149238586,0.0020004436373710632,0.00040924549102783203,103492343189213,0.254,1447635,12063.625,34,True,0.5241388082504272,1.1938880681991577,-5.213372707366943,0.7247776389122009,0.004295535385608673,-0.6886959075927734,-0.019411640241742134,1441164,0.5235210657119751,1.1527634859085083,-5.209558010101318,0.7171733245109677,0.09203942692836133,-0.688115643494409,-0.06072913369100718,0.012610922442933258,-0.03927908472294125,-0.002069523645407875,0.04130574765880139,0.030337744877031933,0.006342270048549371,0.09209393032349418,0.995267855827756,11.15239185318965
103492443706280,54.027234364,59466281,-0.2770598530769348,-8.622926890850067,-1.0514984130859375,0.02046586573123932,-0.006865181028842926,0.07949090003967285,30.648488998413086,0,-0.1037607192993164,-0.05578213930130005,-0.014617919921875,-0.0012224987149238586,0.0020004436373710632,0.00040924549102783203,103492442299562,1.407,1447647,12063.725,34,True,0.5240786671638489,1.194421648979187,-5.213414669036865,0.7258033752441406,0.003976726438850164,-0.6876745223999023,-0.017248492687940598,1441164,0.5235210657119751,1.1527634859085083,-5.209558010101318,0.7171733245109677,0.09203942692836133,-0.688115643494409,-0.06072913369100718,0.012764737908303587,-0.03979363244231724,-0.002028687044765702,0.041840020171452184,0.02884946828585343,0.007600870996393117,0.09384343965266424,0.9951398614133978,11.302330528708712
103492544052722,54.127580806,59566686,-0.13551276922225952,-8.74942034482956,-1.0738067626953125,0.019138693809509277,-0.01601681113243103,0.07911956310272217,30.648488998413086,0,-0.1037607192993164,-0.05578213930130005,-0.014617919921875,-0.0012224987149238586,0.0020004436373710632,0.00040924549102783203,103492542589525,1.463,1447659,12063.825,34,True,0.5241811275482178,1.195159673690796,-5.213480472564697,0.7258960008621216,0.003866760525852442,-0.6874437928199768,-0.02193342335522175,1441164,0.5235210657119751,1.1527634859085083,-5.209558010101318,0.7171733245109677,0.09203942692836133,-0.688115643494409,-0.06072913369100718,0.012991757493177193,-0.04049467926585885,-0.0021571555968381353,0.04258236879126471,0.032258185204646295,0.00826795813448611,0.09069304873457659,0.995321968644728,11.088393742789492
103492644327623,54.227855707,59666904,-0.09265422821044922,-8.8250772356987,-1.1789093017578125,0.017982572317123413,-0.011963564902544022,0.07761192321777344,30.648488998413086,0,-0.1037607192993164,-0.05578213930130005,-0.014617919921875,-0.0012224987149238586,0.0020004436373710632,0.00040924549102783203,103492642517389,1.810,1447671,12063.925,34,True,0.5241733193397522,1.195164442062378,-5.213490009307861,0.7254629135131836,0.0034941888879984617,-0.6879254579544067,-0.02121279202401638,1441164,0.5235210657119751,1.1527634859085083,-5.209558010101318,0.7171733245109677,0.09203942692836133,-0.688115643494409,-0.06072913369100718,0.013001810149145523,-0.04049767119080236,-0.002149115233023091,0.042587875449681435,0.03206837213375893,0.007580805771871702,0.09144551178796426,0.9952647232100499,11.156085528815197
103492744595637,54.328123721,59767187,-0.11710000038146973,-8.760263621807098,-1.266387939453125,0.018346719443798065,-0.014488089829683304,0.07917308807373047,30.648488998413086,0,-0.1037607192993164,-0.05578213930130005,-0.014617919921875,-0.0012224987149238586,0.0020004436373710632,0.00040924549102783203,103492742438569,2.157,1447683,12064.025,34,True,0.5242487788200378,1.1946704387664795,-5.21362829208374,0.7258726954460144,0.0011116989189758897,-0.6874803304672241,-0.02187277004122734,1441164,0.5235210657119751,1.1527634859085083,-5.209558010101318,0.7171733245109677,0.09203942692836133,-0.688115643494409,-0.06072913369100718,0.013032965259430878,-0.0399824648719738,-0.0021985856663192193,0.04211044359329756,0.034115264976212235,0.008387447372001533,0.09271071443798272,0.9950731243735726,11.37972838548793
103492844905741,54.428433825,59867451,-0.022928595542907715,-8.695825755596161,-1.4391632080078125,0.015753939747810364,-0.011420823633670807,0.0769968032836914,30.648488998413086,0,-0.1037607192993164,-0.05578213930130005,-0.014617919921875,-0.0012224987149238586,0.0020004436373710632,0.00040924549102783203,103492842941194,1.965,1447695,12064.125,34,True,0.5241525173187256,1.1938556432724,-5.213699817657471,0.7250584363937378,0.002201654016971588,-0.6884586811065674,-0.017609013244509697,1441164,0.5235210657119751,1.1527634859085083,-5.209558010101318,0.7171733245109677,0.09203942692836133,-0.688115643494409,-0.06072913369100718,0.012923625978116646,-0.039176856538564724,-0.0020670029310980173,0.04130518971972772,0.030446893504903948,0.006666870304470773,0.09484745647212034,0.9950037685943776,11.459611218072595
103492945132908,54.528660992,59967749,-0.24130970239639282,-8.62326830625534,-1.4231719970703125,0.013315357267856598,-0.010865036398172379,0.077400803565979,30.648488998413086,0,-0.1037607192993164,-0.05578213930130005,-0.014617919921875,-0.0012224987149238586,0.0020004436373710632,0.00040924549102783203,103492944340810,0.792,1447707,12064.225,34,True,0.5241804122924805,1.193331003189087,-5.21376371383667,0.7248419523239136,0.004804979078471661,-0.6885751485824585,-0.021104514598846436,1441164,0.5235210657119751,1.1527634859085083,-5.209558010101318,0.7171733245109677,0.09203942692836133,-0.688115643494409,-0.06072913369100718,0.012873873492945286,-0.03864996439030397,-0.002071176971843745,0.040790270164989345,0.031186250632652523,0.006598002920917835,0.09056225709857223,0.9953805110198537,11.018739613600848
103493045257354,54.628785438,60068085,0.029666781425476074,-8.318515956401825,-1.32122802734375,0.017291635274887085,-0.02300417423248291,0.06955420970916748,30.648488998413086,0,-0.1037607192993164,-0.05578213930130005,-0.014617919921875,-0.0012224987149238586,0.0020004436373710632,0.00040924549102783203,103493042943078,2.314,1447719,12064.325,34,True,0.524162769317627,1.1923149824142456,-5.213377952575684,0.7251878976821899,0.005874137859791517,-0.6882165670394897,-0.020638927817344666,1441164,0.5235210657119751,1.1527634859085083,-5.209558010101318,0.7171733245109677,0.09203942692836133,-0.688115643494409,-0.06072913369100718,0.01227775712789309,-0.03774197218809202,-0.002030969012583999,0.039740717405053444,0.030062627953248502,0.006985437282773067,0.09012593031066925,0.9954520373941426,10.93303660480123
103493145377906,54.728905990,60168278,-0.02289891242980957,-8.092466533184052,-1.04925537109375,0.015480272471904755,-0.030806299299001694,0.07782280445098877,30.648488998413086,0,-0.1037607192993164,-0.05578213930130005,-0.014617919921875,-0.0012224987149238586,0.0020004436373710632,0.00040924549102783203,103493142807353,2.571,1447731,12064.425,34,True,0.524138331413269,1.190308690071106,-5.213466167449951,0.7253527641296387,0.006524786353111267,-0.6880258917808533,-0.02100493758916855,1441164,0.5235210657119751,1.1527634859085083,-5.209558010101318,0.7171733245109677,0.09203942692836133,-0.688115643494409,-0.06072913369100718,0.011930413577864042,-0.035766795689823175,-0.001923180792949921,0.03775310671214765,0.02984983656391306,0.007229805540890867,0.08941103842240566,0.9955211616922945,10.849570489796125
103493245496806,54.829024890,60268305,-0.10592073202133179,-7.452729880809784,-1.082366943359375,0.014096707105636597,-0.024850759655237198,0.07211947441101074,30.648488998413086,0,-0.1037607192993164,-0.05578213930130005,-0.014617919921875,-0.0012224987149238586,0.0020004436373710632,0.00040924549102783203,103493243498577,1.998,1447743,12064.525,34,True,0.5242519974708557,1.1873971223831177,-5.213064193725586,0.7238492369651794,0.005911371670663357,-0.6896047592163086,-0.02127869427204132,1441164,0.5235210657119751,1.1527634859085083,-5.209558010101318,0.7171733245109677,0.09203942692836133,-0.688115643494409,-0.06072913369100718,0.010914542538915556,-0.03300645887340511,-0.0019397922834766567,0.03481833368067196,0.030704891759239926,0.0051253316346626665,0.0896200805240823,0.9954894182082223,10.887979278736225
103493345596957,54.929125041,60368336,-0.2470930814743042,-6.952598750591278,-1.22564697265625,0.00827508419752121,-0.02560066059231758,0.07259500026702881,30.804157257080078,0,-0.1037607192993164,-0.05578213930130005,-0.014617919921875,-0.0012224987149238586,0.0020004436373710632,0.00040924549102783203,103493343217092,2.380,1447755,12064.625,34,True,0.5239657759666443,1.1843276023864746,-5.212380409240723,0.723898708820343,0.015060555189847946,-0.6894240379333496,-0.020940424874424934,1441164,0.5235210657119751,1.1527634859085083,-5.209558010101318,0.7171733245109677,0.09203942692836133,-0.688115643494409,-0.06072913369100718,0.009575205685880845,-0.030171624980694707,-0.0015638526927870525,0.03169317202722604,0.024146960383969747,0.004702226406447186,0.08328487758096421,0.9962220849476091,9.963927118930773
103493445675244,55.029203328,60468522,-0.35197293758392334,-6.337619483470917,-1.3650360107421875,0.005714714527130127,-0.01937476173043251,0.0734708309173584,30.804157257080078,0,-0.1037607192993164,-0.05578213930130005,-0.014617919921875,-0.0012224987149238586,0.0020004436373710632,0.00040924549102783203,103493442552373,3.123,1447767,12064.725,34,True,0.5239301919937134,1.181525707244873,-5.211954116821289,0.7243335843086243,0.018754657357931137,-0.6888895630836487,-0.020502053201198578,1441164,0.5235210657119751,1.1527634859085083,-5.209558010101318,0.7171733245109677,0.09203942692836133,-0.688115643494409,-0.06072913369100718,0.008553868115040546,-0.0275307218788594,-0.0014369345946558597,0.028864755116403355,0.021215001607581416,0.005120095317331653,0.08094478914674784,0.9964796282115959,9.618102049835954
103493545793379,55.129321463,60568440,-0.34456467628479004,-5.705471694469452,-1.2430877685546875,0.005278825759887695,-0.004990432411432266,0.06643855571746826,30.804157257080078,0,-0.1037607192993164,-0.05578213930130005,-0.014617919921875,-0.0012224987149238586,0.0020004436373710632,0.00040924549102783203,103493542994052,2.799,1447779,12064.825,34,True,0.5241584777832031,1.1793780326843262,-5.211827278137207,0.7239060401916504,0.017970973625779152,-0.6891617178916931,-0.026330001652240753,1441164,0.5235210657119751,1.1527634859085083,-5.209558010101318,0.7171733245109677,0.09203942692836133,-0.688115643494409,-0.06072913369100718,0.007975301425642449,-0.025451332561036332,-0.0015856259606630112,0.02671871949868577,0.0259849289271097,0.005214706794102354,0.07747370019455306,0.9966420701936424,9.393447989181087
103493645994795,55.229522879,60668674,-0.5230916142463684,-5.100876986980438,-1.147430419921875,0.0041130781173706055,0.0010851174592971802,0.06278336048126221,30.804157257080078,0,-0.1037607192993164,-0.05578213930130005,-0.014617919921875,-0.0012224987149238586,0.0020004436373710632,0.00040924549102783203,103493641991944,4.003,1447791,12064.925,34,True,0.524212658405304,1.1766732931137085,-5.2123236656188965,0.7225450873374939,0.019802866503596306,-0.6904911994934082,-0.02753964625298977,1441164,0.5235210657119751,1.1527634859085083,-5.209558010101318,0.7171733245109677,0.09203942692836133,-0.688115643494409,-0.06072913369100718,0.007878513232435373,-0.02270362910024753,-0.0015100617238888287,0.024079161768741447,0.025796913423523027,0.0033248308302281093,0.07528301591022898,0.9968229192154592,9.136856503628644
103493746184491,55.329712575,60768857,-0.14512312412261963,-4.569232165813446,-0.9642181396484375,0.00310700386762619,-0.0070706941187381744,0.05557048320770264,30.804157257080078,0,-0.1037607192993164,-0.05578213930130005,-0.014617919921875,-0.0012224987149238586,0.0020004436373710632,0.00040924549102783203,103493742869678,3.315,1447803,12065.025,34,True,0.5238234400749207,1.1743484735488892,-5.213211536407471,0.7253166437149048,0.01917901448905468,-0.6879842877388,-0.015023073181509972,1441164,0.5235210657119751,1.1527634859085083,-5.209558010101318,0.7171733245109677,0.09203942692836133,-0.688115643494409,-0.06072913369100718,0.00822966458931897,-0.02026439536709096,-0.0009890790231525776,0.021894094549912507,0.01685059440672167,0.005915739871999671,0.08444612280522558,0.996267992978331,9.903164892972741
103493846299544,55.429827628,60869209,-0.24302011728286743,-4.009535491466522,-1.0164031982421875,0.0009245872497558594,-0.0012777000665664673,0.057724595069885254,30.804157257080078,0,-0.1037607192993164,-0.05578213930130005,-0.014617919921875,-0.0012224987149238586,0.0020004436373710632,0.00040924549102783203,103493843923190,2.376,1447815,12065.125,34,True,0.5238787531852722,1.1726995706558228,-5.213625431060791,0.7238451838493347,0.01381730753928423,-0.6896651387214661,-0.014810395427048206,1441164,0.5235210657119751,1.1527634859085083,-5.209558010101318,0.7171733245109677,0.09203942692836133,-0.688115643494409,-0.06072913369100718,0.008280051102537322,-0.018564432127320316,-0.0009601781978898702,0.02034992207951213,0.020631607022544695,0.004003781090181402,0.08840438786999275,0.9958629276833139,10.427111593353825
103493946423703,55.529951787,60969231,-0.24900764226913452,-3.6242915987968445,-1.1978607177734375,-0.0040251724421978,-0.0019178539514541626,0.06003308296203613,30.804157257080078,0,-0.1037607192993164,-0.05578213930130005,-0.014617919921875,-0.0012224987149238586,0.0020004436373710632,0.00040924549102783203,103493942485677,3.938,1447827,12065.225,34,True,0.5238467454910278,1.1692936420440674,-5.213565349578857,0.7251339554786682,0.019681498408317566,-0.6882402300834656,-0.010897227562963963,1441164,0.5235210657119751,1.1527634859085083,-5.209558010101318,0.7171733245109677,0.09203942692836133,-0.688115643494409,-0.06072913369100718,0.007485971614855669,-0.015255725113720784,-0.0007962280507824647,0.017012080968320385,0.013580533561911605,0.0051962188101140625,0.08692354917944883,0.996108862030802,10.112228311419022
103494046581850,55.630109934,61069372,-0.29563599824905396,-3.040859878063202,-1.4280548095703125,-0.007358137518167496,-0.007008302956819534,0.05583608150482178,30.804157257080078,0,-0.1037607192993164,-0.05578213930130005,-0.014617919921875,-0.0012224987149238586,0.0020004436373710632,0.00040924549102783203,103494041757002,4.825,1447839,12065.325,34,True,0.5239157676696777,1.166635513305664,-5.212945938110352,0.7230192422866821,0.02339416742324829,-0.6902900338172913,-0.013985042460262775,1441164,0.5235210657119751,1.1527634859085083,-5.209558010101318,0.7171733245109677,0.09203942692836133,-0.688115643494409,-0.06072913369100718,0.00631095143245393,-0.01279130905734709,-0.0007882224012828997,0.014285201781467638,0.013557373562497472,0.0023297204800396547,0.08206599216633603,0.9965319578188784,9.5463071584342
103494146749901,55.730277985,61169263,-0.4932456612586975,-2.319246232509613,-1.3337860107421875,-0.005837984383106232,-0.00633520632982254,0.05560946464538574,30.804157257080078,0,-0.1037607192993164,-0.05578213930130005,-0.014617919921875,-0.0012224987149238586,0.0020004436373710632,0.00040924549102783203,103494142207692,4.542,1447851,12065.425,34,True,0.5240445137023926,1.1643277406692505,-5.212848663330078,0.7231607437133789,0.023936623707413673,-0.6901232004165649,-0.013985257595777512,1441164,0.5235210657119751,1.1527634859085083,-5.209558010101318,0.7171733245109677,0.09203942692836133,-0.688115643494409,-0.06072913369100718,0.005723129037717385,-0.010554216637788712,-0.0008298733772254542,0.012034715810602574,0.01316030657093966,0.0025138151653774092,0.08167970026703233,0.9965685694564931,9.495754938398095
103494246867607,55.830395691,61269483,-0.4355452060699463,-1.7123634219169617,-1.067901611328125,-0.0073770396411418915,-0.012318488210439682,0.05519402027130127,30.804157257080078,0,-0.1037607192993164,-0.05578213930130005,-0.014617919921875,-0.0012224987149238586,0.0020004436373710632,0.00040924549102783203,103494243113918,3.754,1447863,12065.525,34,True,0.5237060785293579,1.160379409790039,-5.213065147399902,0.7244523763656616,0.027775339782238007,-0.688727080821991,-0.007239977363497019,1441164,0.5235210657119751,1.1527634859085083,-5.209558010101318,0.7171733245109677,0.09203942692836133,-0.688115643494409,-0.06072913369100718,0.005070941397529994,-0.006672018306380674,-0.0003259806821319604,0.00838668816297503,0.005474353099355103,0.00354991373409036,0.08360230087816084,0.996477839622388,9.620546501597863
103494347124768,55.930652852,61369866,-0.5400091409683228,-0.9658829569816589,-1.2090911865234375,-0.007690094411373138,-0.00786127895116806,0.05330181121826172,30.804157257080078,0,-0.1037607192993164,-0.05578213930130005,-0.014617919921875,-0.0012224987149238586,0.0020004436373710632,0.00040924549102783203,103494345523795,1.601,1447875,12065.625,34,True,0.5241281986236572,1.1574339866638184,-5.212749004364014,0.7237159609794617,0.024904539808630943,-0.6895104050636292,-0.013800280168652534,1441164,0.5235210657119751,1.1527634859085083,-5.209558010101318,0.7171733245109677,0.09203942692836133,-0.688115643494409,-0.06072913369100718,0.00414264655888207,-0.003845359744496895,-0.0006452286307497407,0.005688992183361994,0.012271488107588362,0.003259543341043004,0.08112670856906629,0.9966229192194925,9.420211354707968
103494447301084,56.030829168,61470082,-0.6186428070068359,-0.32377713918685913,-0.9682769775390625,-0.00919128954410553,-0.01570829376578331,0.050262451171875,30.804157257080078,0,-0.1037607192993164,-0.05578213930130005,-0.014617919921875,-0.0012224987149238586,0.0020004436373710632,0.00040924549102783203,103494442641700,4.659,1447887,12065.725,34,True,0.5241405963897705,1.1538658142089844,-5.21289587020874,0.7240252494812012,0.029922759160399437,-0.6890463829040527,-0.010351138189435005,1441164,0.5235210657119751,1.1527634859085083,-5.209558010101318,0.7171733245109677,0.09203942692836133,-0.688115643494409,-0.06072913369100718,0.0035171319847682077,-0.0003319634720557403,-0.0005097439498607417,0.0035693495261011473,0.0062832495597608925,0.003182944873321492,0.07990147427845383,0.9967778809970819,9.201425101007164
103494547412797,56.130940881,61570026,-0.5154016017913818,0.3424232006072998,-0.8251953125,-0.004378020763397217,-0.014839433133602142,0.04452848434448242,30.804157257080078,0,-0.1037607192993164,-0.05578213930130005,-0.014617919921875,-0.0012224987149238586,0.0020004436373710632,0.00040924549102783203,103494543371511,4.041,1447899,12065.825,34,True,0.5238320827484131,1.1505004167556763,-5.213165283203125,0.7253994345664978,0.031781792640686035,-0.6875775456428528,0.004765666089951992,1441164,0.5235210657119751,1.1527634859085083,-5.209558010101318,0.7171733245109677,0.09203942692836133,-0.688115643494409,-0.06072913369100718,0.0030433488377813217,0.0029942417485482034,-5.6365071616572434e-05,0.004269734513816083,-0.006055993213992961,0.0036777145020400193,0.08900761178381053,0.9960057451675548,10.245429598937754
103494647679339,56.231207423,61670271,-0.708442211151123,0.9345057606697083,-0.583465576171875,-0.007774733006954193,-0.021274302154779434,0.05140852928161621,30.804157257080078,0,-0.1037607192993164,-0.05578213930130005,-0.014617919921875,-0.0012224987149238586,0.0020004436373710632,0.00040924549102783203,103494642832597,4.847,1447911,12065.925,34,True,0.5242467522621155,1.1481459140777588,-5.213852405548096,0.7239775657653809,0.02617395482957363,-0.6893155574798584,0.00393993966281414,1441164,0.5235210657119751,1.1527634859085083,-5.209558010101318,0.7171733245109677,0.09203942692836133,-0.688115643494409,-0.06072913369100718,0.0032211880018644867,0.00545846152395233,-0.00034578675894882485,0.006347473736415776,-0.00135864885840499,0.0018694071073145913,0.09243588639438939,0.995715956634637,10.610838920099026
103494747838809,56.331366893,61770546,-0.451668381690979,1.568609893321991,-0.700439453125,-0.007168591022491455,-0.028651151806116104,0.051084160804748535,30.804157257080078,0,-0.1037607192993164,-0.05578213930130005,-0.014617919921875,-0.0012224987149238586,0.0020004436373710632,0.00040924549102783203,103494747584546,0.254,1447923,12066.025,34,True,0.5242646932601929,1.1450084447860718,-5.214339733123779,0.7244045734405518,0.025928957387804985,-0.6888313293457031,0.008782383054494858,1441164,0.5235210657119751,1.1527634859085083,-5.209558010101318,0.7171733245109677,0.09203942692836133,-0.688115643494409,-0.06072913369100718,0.003020958677107054,0.008624679149848043,-0.0002173431344003138,0.009141034941661854,-0.004733433369106179,0.0020796960576127126,0.09595364897595114,0.9953723759081564,11.02844506375979
103494847973582,56.431501666,61870553,-0.35375064611434937,2.0548582673072815,-0.9503173828125,-0.012121818959712982,-0.034810829907655716,0.04709148406982422,30.804157257080078,0,-0.1037607192993164,-0.05578213930130005,-0.014617919921875,-0.0012224987149238586,0.0020004436373710632,0.00040924549102783203,103494847720650,0.253,1447935,12066.125,34,True,0.5245218276977539,1.1422309875488281,-5.214670658111572,0.7240442037582397,0.02786538377404213,-0.6891530156135559,0.007187426555901766,1441164,0.5235210657119751,1.1527634859085083,-5.209558010101318,0.7171733245109677,0.09203942692836133,-0.688115643494409,-0.06072913369100718,0.002754348554537234,0.011417791182888076,-0.0003490336225649007,0.011750498539449244,-0.004870565645005044,0.0016302166235922513,0.0934537486883105,0.9956103740119224,10.740892722013932
103494948163520,56.531691604,61971030,-0.21525096893310547,2.5786402821540833,-1.068084716796875,-0.014725875109434128,-0.03475511446595192,0.040125250816345215,30.804157257080078,0,-0.1037607192993164,-0.05578213930130005,-0.014617919921875,-0.0012224987149238586,0.0020004436373710632,0.00040924549102783203,103494942734588,5.429,1447947,12066.225,34,True,0.5244212746620178,1.1395443677902222,-5.214772701263428,0.7243999242782593,0.03122502565383911,-0.6886193752288818,0.008558676578104496,1441164,0.5235210657119751,1.1527634859085083,-5.209558010101318,0.7171733245109677,0.09203942692836133,-0.688115643494409,-0.06072913369100718,0.0022710804786683423,0.01405601968773332,-0.00013772397243907525,0.014238976925858104,-0.008236529728211385,0.0019274687994608188,0.0919882090030666,0.9957241655430843,10.600660754948665
103495048225289,56.631753373,62071136,-0.18816912174224854,3.1673813462257385,-1.2505035400390625,-0.01592031866312027,-0.03368297591805458,0.036023855209350586,30.804157257080078,0,-0.1037607192993164,-0.05578213930130005,-0.014617919921875,-0.0012224987149238586,0.0020004436373710632,0.00040924549102783203,103495041404284,6.821,1447959,12066.325,34,True,0.5245079398155212,1.1370751857757568,-5.215333938598633,0.72479248046875,0.0332387275993824,-0.688089907169342,0.010168245993554592,1441164,0.5235210657119751,1.1527634859085083,-5.209558010101318,0.7171733245109677,0.09203942692836133,-0.688115643494409,-0.06072913369100718,0.002289529752076622,0.016589330760004857,-0.000100945565240206,0.016746881248687142,-0.01084910156837724,0.0023068790678580924,0.09165558582852953,0.9957289936978608,10.594669807637038
103495148483472,56.732011556,62171054,-0.09640711545944214,3.6380894780158997,-1.21142578125,-0.014989756047725677,-0.024569887667894363,0.029802441596984863,30.804157257080078,0,-0.1037607192993164,-0.05578213930130005,-0.014617919921875,-0.0012224987149238586,0.0020004436373710632,0.00040924549102783203,103495142359331,6.124,1447971,12066.425,34,True,0.5244485139846802,1.1352646350860596,-5.215790748596191,0.7241700887680054,0.037246398627758026,-0.6884358525276184,0.015703875571489334,1441164,0.5235210657119751,1.1527634859085083,-5.209558010101318,0.7171733245109677,0.09203942692836133,-0.688115643494409,-0.06072913369100718,0.002342807068939167,0.018450627093397905,5.0837470733496916e-05,0.01859884323151122,-0.0175072097213477,0.0008776202680419455,0.09255426503262314,0.9955533312759839,10.810507327014891
103495248608799,56.832136883,62271383,0.08742499351501465,3.7841492295265198,-1.1113739013671875,-0.01987702026963234,-0.031063202768564224,0.026817679405212402,30.804157257080078,0,-0.1037607192993164,-0.05578213930130005,-0.014617919921875,-0.0012224987149238586,0.0020004436373710632,0.00040924549102783203,103495242861003,5.748,1447983,12066.525,34,True,0.5246881246566772,1.1333701610565186,-5.2160258293151855,0.7250337600708008,0.03469806909561157,-0.6877511143684387,0.010977765545248985,1441164,0.5235210657119751,1.1527634859085083,-5.209558010101318,0.7171733245109677,0.09203942692836133,-0.688115643494409,-0.06072913369100718,0.0021724043716375586,0.020360890941079998,-0.00010266503795677617,0.02047671264579552,-0.012479698366380238,0.0025527482916031245,0.09116766306168735,0.9957540850113117,10.563481053488173
103495348830676,56.932358760,62371531,0.19100189208984375,4.270105183124542,-1.03253173828125,-0.018529105931520462,-0.03161928430199623,0.022548675537109375,30.804157257080078,0,-0.1037607192993164,-0.05578213930130005,-0.014617919921875,-0.0012224987149238586,0.0020004436373710632,0.00040924549102783203,103495341652378,7.178,1447995,12066.625,34,True,0.524886429309845,1.131489872932434,-5.216395378112793,0.725314199924469,0.03558749333024025,-0.687379002571106,0.012765226885676384,1441164,0.5235210657119751,1.1527634859085083,-5.209558010101318,0.7171733245109677,0.09203942692836133,-0.688115643494409,-0.06072913369100718,0.002134787228598458,0.022284058839105187,-0.00020936398551073086,0.022387059390069925,-0.014424924595059178,0.0027940611328831633,0.09176298594361872,0.9956724708374356,10.664595077077797
103495448998637,57.032526721,62471809,0.296977162361145,4.5294888615608215,-1.1248931884765625,-0.02079933136701584,-0.032930124551057816,0.0168992280960083,30.804157257080078,0,-0.1037607192993164,-0.05578213930130005,-0.014617919921875,-0.0012224987149238586,0.0020004436373710632,0.00040924549102783203,103495442254766,6.744,1448007,12066.725,34,True,0.5247181057929993,1.1299742460250854,-5.216826438903809,0.7251681089401245,0.04009011760354042,-0.6871370077133179,0.019149839878082275,1441164,0.5235210657119751,1.1527634859085083,-5.209558010101318,0.7171733245109677,0.09203942692836133,-0.688115643494409,-0.06072913369100718,0.0022225958601380076,0.023846824091898616,3.8275960867384135e-05,0.023950207027845068,-0.022115526165155115,0.002006009321444402,0.09289903442887934,0.995427872239482,10.962066046454622
103495549226245,57.132754329,62571664,0.3551684617996216,4.868537724018097,-1.041717529296875,-0.01748552918434143,-0.03222024813294411,0.014597535133361816,30.804157257080078,0,-0.1037607192993164,-0.05578213930130005,-0.014617919921875,-0.0012224987149238586,0.0020004436373710632,0.00040924549102783203,103495543453663,5.773,1448019,12066.825,34,True,0.5247684717178345,1.1294119358062744,-5.217059135437012,0.7249744534492493,0.03764113038778305,-0.6874633431434631,0.019734367728233337,1441164,0.5235210657119751,1.1527634859085083,-5.209558010101318,0.7171733245109677,0.09203942692836133,-0.688115643494409,-0.06072913369100718,0.002330250358750223,0.024447643920087775,2.0862514572324872e-05,0.02455845669463728,-0.020807750032538173,0.0017336380423843,0.09505959398453144,0.9952525838344844,11.17038758950703
103495649289918,57.232818002,62672169,0.43170857429504395,5.112053215503693,-1.0228729248046875,-0.01724427193403244,-0.03279717639088631,0.01662886142730713,30.804157257080078,0,-0.1037607192993164,-0.05578213930130005,-0.014617919921875,-0.0012224987149238586,0.0020004436373710632,0.00040924549102783203,103495642639968,6.650,1448031,12066.925,34,True,0.525123119354248,1.1278634071350098,-5.2177252769470215,0.7259063720703125,0.03418127819895744,-0.6867044568061829,0.01812877133488655,1441164,0.5235210657119751,1.1527634859085083,-5.209558010101318,0.7171733245109677,0.09203942692836133,-0.688115643494409,-0.06072913369100718,0.0026592151779105096,0.026118097255335947,-0.000241488977921212,0.026254232925912616,-0.017401923161804212,0.0032770508137500718,0.09647575942478266,0.995177804139364,11.258090213778956
103495749386890,57.332914974,62771924,0.6355218887329102,5.217770874500275,-1.155914306640625,-0.02035181224346161,-0.035666655749082565,0.009904742240905762,30.804157257080078,0,-0.1037607192993164,-0.05578213930130005,-0.014617919921875,-0.0012224987149238586,0.0020004436373710632,0.00040924549102783203,103495743410515,5.976,1448043,12067.025,34,True,0.525151789188385,1.1265872716903687,-5.2173027992248535,0.7250223755836487,0.03591703623533249,-0.6875849962234497,0.016715383157134056,1441164,0.5235210657119751,1.1527634859085083,-5.209558010101318,0.7171733245109677,0.09203942692836133,-0.688115643494409,-0.06072913369100718,0.0019728607790948658,0.0272742728314562,-0.00023889386781372356,0.027346575807923004,-0.017447953085383203,0.0020619361052104383,0.09423046101761766,0.9953953674641226,11.000993368910796
103495849599114,57.433127198,62872300,0.5063109397888184,5.496189892292023,-1.1137542724609375,-0.019899383187294006,-0.023486141115427017,0.01123499870300293,30.804157257080078,0,-0.1037607192993164,-0.05578213930130005,-0.014617919921875,-0.0012224987149238586,0.0020004436373710632,0.00040924549102783203,103495844241565,5.358,1448055,12067.125,34,True,0.5251186490058899,1.126091480255127,-5.217264175415039,0.7246913909912109,0.03859466314315796,-0.6878387331962585,0.014516094699501991,1441164,0.5235210657119751,1.1527634859085083,-5.209558010101318,0.7171733245109677,0.09203942692836133,-0.688115643494409,-0.06072913369100718,0.0018270867007117112,0.02774814527541549,-0.00018796212361612793,0.027808868042360067,-0.017669744903678,0.0016920183377656108,0.0907817196791934,0.9957126074129382,10.614988800261191
103495949689446,57.533217530,62972560,0.657406210899353,5.664225399494171,-0.861236572265625,-0.01904437318444252,-0.03238740190863609,0.00676119327545166,30.804157257080078,0,-0.1037607192993164,-0.05578213930130005,-0.014617919921875,-0.0012224987149238586,0.0020004436373710632,0.00040924549102783203,103495943391223,6.298,1448067,12067.225,34,True,0.5251168012619019,1.1253522634506226,-5.217299461364746,0.7251522541046143,0.04054873436689377,-0.687262773513794,0.013411236926913261,1441164,0.5235210657119751,1.1527634859085083,-5.209558010101318,0.7171733245109677,0.09203942692836133,-0.688115643494409,-0.06072913369100718,0.001702082188433868,0.02847683910758634,-0.00015526399931832324,0.02852808364130032,-0.01830299642740347,0.0024052298325011327,0.08862748326763596,0.9958937616035539,10.388155153473814
103496049927264,57.633455348,63072599,0.5528972148895264,5.767206013202667,-0.776123046875,-0.019870977848768234,-0.023341212421655655,0.00440824031829834,30.804157257080078,0,-0.1037607192993164,-0.05578213930130005,-0.014617919921875,-0.0012224987149238586,0.0020004436373710632,0.00040924549102783203,103496043515810,6.411,1448079,12067.325,34,True,0.5248439908027649,1.1246604919433594,-5.217392444610596,0.7250247001647949,0.04609066620469093,-0.6868793368339539,0.020287450402975082,1441164,0.5235210657119751,1.1527634859085083,-5.209558010101318,0.7171733245109677,0.09203942692836133,-0.688115643494409,-0.06072913369100718,0.0016338400797761155,0.029158450442979843,0.0001486574559188185,0.029204567531144757,-0.027075468514952926,0.0016230090542171394,0.08934956203444488,0.9956309259010382,10.7157008262849
103496150216327,57.733744411,63172956,0.5436224937438965,5.821068584918976,-0.69000244140625,-0.020045295357704163,-0.018988821655511856,0.003474116325378418,30.804157257080078,0,-0.1037607192993164,-0.05578213930130005,-0.014617919921875,-0.0012224987149238586,0.0020004436373710632,0.00040924549102783203,103496143251361,6.965,1448091,12067.425,34,True,0.5251402258872986,1.1255311965942383,-5.217496871948242,0.7250933051109314,0.04131968691945076,-0.6872857809066772,0.013062946498394012,1441164,0.5235210657119751,1.1527634859085083,-5.209558010101318,0.7171733245109677,0.09203942692836133,-0.688115643494409,-0.06072913369100718,0.0019341402327473075,0.02834559331303321,-0.000176719229845811,0.028412053575797756,-0.018578018549113708,0.0023334029539013317,0.08783088281928554,0.9959594110608265,10.304722558991017
103496250452057,57.833980141,63273250,0.7169365882873535,5.591972172260284,-0.6694183349609375,-0.02303158864378929,-0.029240500181913376,0.0015091896057128906,30.804157257080078,0,-0.1037607192993164,-0.05578213930130005,-0.014617919921875,-0.0012224987149238586,0.0020004436373710632,0.00040924549102783203,103496243060527,7.392,1448103,12067.525,34,True,0.5251936912536621,1.12577223777771,-5.2177228927612305,0.7252340316772461,0.038860201835632324,-0.6872416734695435,0.01497782114893198,1441164,0.5235210657119751,1.1527634859085083,-5.209558010101318,0.7171733245109677,0.09203942692836133,-0.688115643494409,-0.06072913369100718,0.0022085897493192876,0.02816132113195475,-0.00022931230512850375,0.02824872493956431,-0.01827151154373386,0.0024349902571823012,0.09092269044234741,0.9956873440247594,10.6462396341949
103496350944927,57.934473011,63373324,0.753172755241394,5.615162193775177,-0.7536468505859375,-0.02130027860403061,-0.028626587241888046,0.0012189149856567383,30.804157257080078,0,-0.1037607192993164,-0.05578213930130005,-0.014617919921875,-0.0012224987149238586,0.0020004436373710632,0.00040924549102783203,103496350870964,0.074,1448116,12067.633333333333,34,True,0.5251891613006592,1.1261004209518433,-5.217982769012451,0.7253286838531494,0.03667491674423218,-0.6872432827949524,0.015808505937457085,1441164,0.5235210657119751,1.1527634859085083,-5.209558010101318,0.7171733245109677,0.09203942692836133,-0.688115643494409,-0.06072913369100718,0.0025327724617067856,0.027896454305115437,-0.00022591889443953202,0.02801210699835053,-0.017369127503534185,0.002555222431188387,0.09307033443414629,0.9955047448889479,10.869451288796682
103496451074233,58.034602317,63473604,0.7621445655822754,5.5250967144966125,-1.0751953125,-0.023073550313711166,-0.029812496155500412,0.002551555633544922,30.804157257080078,0,-0.1037607192993164,-0.05578213930130005,-0.014617919921875,-0.0012224987149238586,0.0020004436373710632,0.00040924549102783203,103496450439283,0.635,1448128,12067.733333333334,34,True,0.525160551071167,1.1261980533599854,-5.218022346496582,0.7256055474281311,0.03626806288957596,-0.6869526505470276,0.01665262132883072,1441164,0.5235210657119751,1.1527634859085083,-5.209558010101318,0.7171733245109677,0.09203942692836133,-0.688115643494409,-0.06072913369100718,0.0025914103663581397,0.027808270966998092,-0.0001994178639326302,0.027929466685658585,-0.017738104921404,0.0029011862000054567,0.09395079839561547,0.9954145820879141,10.977998799816481
103496551214770,58.134742854,63573800,0.8332791328430176,5.517957031726837,-1.095703125,-0.021696344017982483,-0.03174378350377083,0.0011136531829833984,30.804157257080078,0,-0.1037607192993164,-0.05578213930130005,-0.014617919921875,-0.0012224987149238586,0.0020004436373710632,0.00040924549102783203,103496542504728,8.710,1448139,12067.825,34,True,0.525250256061554,1.1261887550354004,-5.217807292938232,0.7252678275108337,0.03680190443992615,-0.6873213052749634,0.014886625111103058,1441164,0.5235210657119751,1.1527634859085083,-5.209558010101318,0.7171733245109677,0.09203942692836133,-0.688115643494409,-0.06072913369100718,0.002382786670842767,0.027775715503931032,-0.00029840156255639367,0.027879330830681656,-0.016784484465919628,0.0025345281157722055,0.09234403857047178,0.995582460567149,10.775014147909088
103496651655048,58.235183132,63674181,0.727035641670227,5.4663971066474915,-0.7315673828125,-0.02269141748547554,-0.030425820499658585,0.0023382902145385742,30.804157257080078,0,-0.1037607192993164,-0.05578213930130005,-0.014617919921875,-0.0012224987149238586,0.0020004436373710632,0.00040924549102783203,103496651430645,0.224,1448152,12067.933333333332,34,True,0.5252369046211243,1.1262621879577637,-5.217711925506592,0.725213885307312,0.03629770874977112,-0.6874011158943176,0.0150717468932271,1441164,0.5235210657119751,1.1527634859085083,-5.209558010101318,0.7171733245109677,0.09203942692836133,-0.688115643494409,-0.06072913369100718,0.0023050758154661505,0.02768303453977414,-0.0002923299972169543,0.027780374955580566,-0.01655968097626042,0.0024537522567323333,0.09283289384167277,0.9955409634398816,10.82554207995245
103496753107219,58.336635303,63774687,0.7258628606796265,5.473439514636993,-0.533233642578125,-0.022621165961027145,-0.018397256731987,0.005180716514587402,30.804157257080078,0,-0.1037607192993164,-0.05578213930130005,-0.014617919921875,-0.0012224987149238586,0.0020004436373710632,0.00040924549102783203,103496752844441,0.263,1448164,12068.033333333333,34,True,0.5252020359039307,1.126551866531372,-5.217835426330566,0.7252312898635864,0.036114104092121124,-0.6873851418495178,0.01539660431444645,1441164,0.5235210657119751,1.1527634859085083,-5.209558010101318,0.7171733245109677,0.09203942692836133,-0.688115643494409,-0.06072913369100718,0.002486785909113518,0.027425112810453373,-0.00026335103278095855,0.027538886516893273,-0.01666884696159919,0.00245843536345164,0.09318874676909439,0.9955058830123207,10.868074187631187
103496853237956,58.436766040,63876107,0.782081127166748,5.357118904590607,-0.509857177734375,-0.02362445741891861,-0.017677530646324158,0.0044252872467041016,30.804157257080078,0,-0.1037607192993164,-0.05578213930130005,-0.014617919921875,-0.0012224987149238586,0.0020004436373710632,0.00040924549102783203,103496851614753,1.623,1448176,12068.133333333333,34,True,0.5252445936203003,1.1263056993484497,-5.2178802490234375,0.7251730561256409,0.03634747117757797,-0.6874456405639648,0.014885119162499905,1441164,0.5235210657119751,1.1527634859085083,-5.209558010101318,0.7171733245109677,0.09203942692836133,-0.688115643494409,-0.06072913369100718,0.0024789868178767462,0.027676936951890985,-0.0002940477904572295,0.02778929072116142,-0.016453501143178922,0.002407880211637292,0.09266772919846838,0.9955582234998701,10.804554419569401
103496953353805,58.536881889,63976246,0.7639904022216797,5.3907583355903625,-0.8148956298828125,-0.024691905826330185,-0.02488585188984871,0.0027626752853393555,30.804157257080078,0,-0.1037607192993164,-0.05578213930130005,-0.014617919921875,-0.0012224987149238586,0.0020004436373710632,0.00040924549102783203,103496951469960,1.884,1448188,12068.233333333334,34,True,0.5251960158348083,1.1258846521377563,-5.217719554901123,0.7252482771873474,0.03887287899851799,-0.687234103679657,0.014599953778088093,1441164,0.5235210657119751,1.1527634859085083,-5.209558010101318,0.7171733245109677,0.09203942692836133,-0.688115643494409,-0.06072913369100718,0.0022296522477683193,0.02805103958049238,-0.00023623212437314054,0.028140504194291087,-0.018010799725509355,0.002484230407198196,0.09065443065616058,0.9957164324720864,10.61024919856427
103497053566815,58.637094899,64076226,0.7577046155929565,5.442402184009552,-0.861602783203125,-0.026143096387386322,-0.0283450148999691,0.0011061429977416992,30.804157257080078,0,-0.1037607192993164,-0.05578213930130005,-0.014617919921875,-0.0012224987149238586,0.0020004436373710632,0.00040924549102783203,103497051193419,2.373,1448200,12068.333333333334,34,True,0.5251771211624146,1.1257877349853516,-5.217573642730713,0.7251706123352051,0.039099548012018204,-0.6872966885566711,0.014900915324687958,1441164,0.5235210657119751,1.1527634859085083,-5.209558010101318,0.7171733245109677,0.09203942692836133,-0.688115643494409,-0.06072913369100718,0.0020656926995874037,0.028113492352580458,-0.0002201939708713129,0.028190140545455544,-0.018372139645955677,0.002344438145685635,0.09069562166722914,0.9957064187324522,10.622652681428786
103497153814653,58.737342737,64176727,0.7611891031265259,5.570545494556427,-0.83587646484375,-0.024196404963731766,-0.017788253724575043,0.003933906555175781,30.804157257080078,0,-0.1037607192993164,-0.05578213930130005,-0.014617919921875,-0.0012224987149238586,0.0020004436373710632,0.00040924549102783203,103497151137266,2.677,1448212,12068.433333333332,34,True,0.5251945853233337,1.1259324550628662,-5.2175822257995605,0.7249464392662048,0.040040966123342514,-0.6875014305114746,0.01382839772850275,1441164,0.5235210657119751,1.1527634859085083,-5.209558010101318,0.7171733245109677,0.09203942692836133,-0.688115643494409,-0.06072913369100718,0.0021058985599829716,0.02797497244686348,-0.00024295998355057958,0.028055176379793375,-0.018218304144633837,0.002084887978722527,0.0892742424280947,0.995838268131477,10.458163016616632
103497254110046,58.837638130,64276861,0.6381357908248901,5.5075162053108215,-0.7936553955078125,-0.024740204215049744,-0.017339013516902924,0.004235982894897461,30.804157257080078,0,-0.1037607192993164,-0.05578213930130005,-0.014617919921875,-0.0012224987149238586,0.0020004436373710632,0.00040924549102783203,103497251769776,2.340,1448224,12068.533333333333,34,True,0.525079071521759,1.1265944242477417,-5.217470645904541,0.7248578667640686,0.039272844791412354,-0.6876256465911865,0.01448237244039774,1441164,0.5235210657119751,1.1527634859085083,-5.209558010101318,0.7171733245109677,0.09203942692836133,-0.688115643494409,-0.06072913369100718,0.002135568979679427,0.027299653119362725,-0.0001589350756333992,0.02738351649556292,-0.018141949425085926,0.0019213112935443923,0.09027452049067566,0.9957498125453751,10.568798254727495
103497354230244,58.937758328,64377110,0.6774066686630249,5.2178409695625305,-0.7228851318359375,-0.024515900760889053,-0.01570066437125206,0.0057680606842041016,30.804157257080078,0,-0.1037607192993164,-0.05578213930130005,-0.014617919921875,-0.0012224987149238586,0.0020004436373710632,0.00040924549102783203,103497353173380,1.057,1448236,12068.633333333333,34,True,0.5249148607254028,1.1288995742797852,-5.217901706695557,0.7246877551078796,0.038656458258628845,-0.6878787279129028,0.01249682530760765,1441164,0.5235210657119751,1.1527634859085083,-5.209558010101318,0.7171733245109677,0.09203942692836133,-0.688115643494409,-0.06072913369100718,0.0030472616127737015,0.025134756471477983,-6.655375630981741e-05,0.025318890489507383,-0.01626019922211519,0.001842932938794673,0.08935000615030911,0.9958658473511279,10.423429026465994
103497454294017,59.037822101,64477225,0.8543051481246948,4.689090073108673,-0.6884765625,-0.021783534437417984,-0.016455624252557755,0.006896376609802246,30.804157257080078,0,-0.1037607192993164,-0.05578213930130005,-0.014617919921875,-0.0012224987149238586,0.0020004436373710632,0.00040924549102783203,103497450976989,3.317,1448248,12068.733333333334,34,True,0.5247095227241516,1.131546974182129,-5.21826696395874,0.7249218821525574,0.034056760370731354,-0.6876298785209656,0.022215919569134712,1441164,0.5235210657119751,1.1527634859085083,-5.209558010101318,0.7171733245109677,0.09203942692836133,-0.688115643494409,-0.06072913369100718,0.003967046274089696,0.022619873720260218,5.033820419682929e-05,0.022965162250593606,-0.02010247246077269,0.0015673033530302918,0.09934308340176475,0.9948489261899988,11.635983915878004
103497554397414,59.137925498,64576894,0.926277756690979,3.964710772037506,-0.5906829833984375,-0.022046983242034912,-0.019809886813163757,0.009914159774780273,30.804157257080078,0,-0.1037607192993164,-0.05578213930130005,-0.014617919921875,-0.0012224987149238586,0.0020004436373710632,0.00040924549102783203,103497552869402,1.528,1448260,12068.833333333334,34,True,0.5245993733406067,1.1347752809524536,-5.218501567840576,0.7259637117385864,0.03384749963879585,-0.6865772604942322,0.021039947867393494,1441164,0.5235210657119751,1.1527634859085083,-5.209558010101318,0.7171733245109677,0.09203942692836133,-0.688115643494409,-0.06072913369100718,0.004888008661009215,0.019514891457944446,4.3273929563178524e-05,0.02011779038359914,-0.01927525327304854,0.00316005617403542,0.09871592074902456,0.9949239396290096,11.550875295137065
103497654618992,59.238147076,64677278,1.0691075325012207,3.3242111802101135,-0.7082061767578125,-0.018580060452222824,-0.03074292466044426,0.011757493019104004,30.804157257080078,0,-0.1037607192993164,-0.05578213930130005,-0.014617919921875,-0.0012224987149238586,0.0020004436373710632,0.00040924549102783203,103497651916284,2.703,1448272,12068.933333333332,34,True,0.5244013071060181,1.1370288133621216,-5.218505859375,0.7262127995491028,0.031241055577993393,-0.6863368153572083,0.02409851737320423,1441164,0.5235210657119751,1.1527634859085083,-5.209558010101318,0.7171733245109677,0.09203942692836133,-0.688115643494409,-0.06072913369100718,0.005370903452321724,0.017307484995588943,0.00015202273392515885,0.01812232743546832,-0.01971249994456525,0.003380676307933817,0.1026981653978159,0.994511475649004,12.011417427977614
103497754721023,59.338249107,64777540,0.9550284147262573,2.9096813797950745,-0.698577880859375,-0.017381340265274048,-0.024402793496847153,0.015114784240722656,30.804157257080078,0,-0.1037607192993164,-0.05578213930130005,-0.014617919921875,-0.0012224987149238586,0.0020004436373710632,0.00040924549102783203,103497753835305,0.886,1448284,12069.033333333333,34,True,0.524431049823761,1.1377469301223755,-5.2187299728393555,0.7267605066299438,0.03018353320658207,-0.6858399510383606,0.023057980462908745,1441164,0.5235210657119751,1.1527634859085083,-5.209558010101318,0.7171733245109677,0.09203942692836133,-0.688115643494409,-0.06072913369100718,0.005745491040393523,0.016656182186532757,0.00010414846839778126,0.01761958907664089,-0.018317549895422253,0.004273892810475189,0.10276081941720179,0.9945282375069994,11.993045287081431
103497854818277,59.438346361,64877572,1.0017225742340088,2.6827486157417297,-0.8055572509765625,-0.018471095710992813,-0.03134110942482948,0.013025164604187012,30.804157257080078,0,-0.1037607192993164,-0.05578213930130005,-0.014617919921875,-0.0012224987149238586,0.0020004436373710632,0.00040924549102783203,103497850647704,4.171,1448296,12069.133333333333,34,True,0.5244494080543518,1.1375938653945923,-5.218615531921387,0.7264200448989868,0.03065260499715805,-0.686177670955658,0.02312178909778595,1441164,0.5235210657119751,1.1527634859085083,-5.209558010101318,0.7171733245109677,0.09203942692836133,-0.688115643494409,-0.06072913369100718,0.005601479632878608,0.01678194934366892,8.665858793041609e-05,0.01769231210333702,-0.01863432706689631,0.0037630526484573323,0.10245749036168694,0.9945557118423853,11.962870736989935
103497954941969,59.538470053,64977639,0.9910867214202881,2.8040407299995422,-0.847808837890625,-0.015953369438648224,-0.028737347573041916,0.01224052906036377,30.804157257080078,0,-0.1037607192993164,-0.05578213930130005,-0.014617919921875,-0.0012224987149238586,0.0020004436373710632,0.00040924549102783203,103497951597767,3.344,1448308,12069.233333333334,34,True,0.5246334075927734,1.138710856437683,-5.217994213104248,0.7262496948242188,0.035547446459531784,-0.6864761710166931,0.00695412652567029,1441164,0.5235210657119751,1.1527634859085083,-5.209558010101318,0.7171733245109677,0.09203942692836133,-0.688115643494409,-0.06072913369100718,0.005242635633283997,0.015568212783147312,-0.00016953750615224256,0.01642812285718374,-0.010369708772426487,0.0046225585689616,0.0878242659185137,0.9960712822926509,10.160973661245194
103498055178512,59.638706596,65077843,0.9792280197143555,2.531377613544464,-0.760772705078125,-0.01692618429660797,-0.02755151316523552,0.0007776021957397461,30.804157257080078,0,-0.1037607192993164,-0.05578213930130005,-0.014617919921875,-0.0012224987149238586,0.0020004436373710632,0.00040924549102783203,103498051228036,3.950,1448320,12069.333333333334,34,True,0.5244752168655396,1.1393681764602661,-5.216799736022949,0.7262031435966492,0.04943043366074562,-0.6856977939605713,-0.0020529022440314293,1441164,0.5235210657119751,1.1527634859085083,-5.209558010101318,0.7171733245109677,0.09203942692836133,-0.688115643494409,-0.06072913369100718,0.004213055231365298,0.014663866879243592,-9.212886259758621e-05,0.015257369169094495,-0.01353202337572654,0.00513465735600438,0.07161832969883183,0.9973270950336929,8.380234432705882
103498155383266,59.738911350,65178031,0.7150181531906128,2.5853260159492493,-0.890472412109375,-0.015620183199644089,-0.015509732067584991,-0.00984954833984375,30.804157257080078,0,-0.1037607192993164,-0.05578213930130005,-0.014617919921875,-0.0012224987149238586,0.0020004436373710632,0.00040924549102783203,103498153617226,1.766,1448332,12069.433333333332,34,True,0.5246418714523315,1.1397864818572998,-5.215064525604248,0.7230073809623718,0.06520987302064896,-0.6873473525047302,-0.023701395839452744,1441164,0.5235210657119751,1.1527634859085083,-5.209558010101318,0.7171733245109677,0.09203942692836133,-0.688115643494409,-0.06072913369100718,0.002615998820983442,0.013892863505871962,-0.00035418415058699183,0.014141448038892722,-0.008518479764150719,0.002786826911765406,0.04521110843992384,0.9989372476646895,5.2835050842302245
103498255484375,59.839012459,65278276,0.4517512321472168,2.5318039059638977,-0.98260498046875,-0.015987344086170197,-0.01478515937924385,-0.026208162307739258,30.804157257080078,0,-0.1037607192993164,-0.05578213930130005,-0.014617919921875,-0.0012224987149238586,0.0020004436373710632,0.00040924549102783203,103498252240740,3.244,1448344,12069.533333333333,34,True,0.523966372013092,1.140561819076538,-5.212933540344238,0.7230982780456543,0.088224396109581,-0.6839346289634705,-0.03973329812288284,1441164,0.5235210657119751,1.1527634859085083,-5.209558010101318,0.7171733245109677,0.09203942692836133,-0.688115643494409,-0.06072913369100718,0.0006793515942662802,0.012648111183908598,0.00019219909452897899,0.012667800740502815,-0.01317710644689446,0.005374804214191897,0.017475021390023594,0.9997460172327592,2.5827296221090776
103498355607260,59.939135344,65378390,0.20789968967437744,2.291008770465851,-0.7486419677734375,-0.01546495407819748,-0.013225018978118896,-0.04207181930541992,30.804157257080078,0,-0.1037607192993164,-0.05578213930130005,-0.014617919921875,-0.0012224987149238586,0.0020004436373710632,0.00040924549102783203,103498354782530,0.825,1448356,12069.633333333333,34,True,0.5236321091651917,1.141676902770996,-5.21079683303833,0.7206729650497437,0.11644095927476883,-0.6801726818084717,-0.06661241501569748,1441164,0.5235210657119751,1.1527634859085083,-5.209558010101318,0.7171733245109677,0.09203942692836133,-0.688115643494409,-0.06072913369100718,-0.0011773300864900782,0.011087180505445791,0.00038426669104510154,0.011156134571738488,-0.013515338739500256,0.007164247165865557,-0.021708769064106858,0.9996473070673598,3.0435382890119356
103498455670566,60.039198650,65478518,-0.08178836107254028,2.1213298439979553,-0.641845703125,-0.011567667126655579,-0.006170056760311127,-0.06410682201385498,30.804157257080078,0,-0.1037607192993164,-0.05578213930130005,-0.014617919921875,-0.0012224987149238586,0.0020004436373710632,0.00040924549102783203,103498450919807,4.751,1448368,12069.733333333334,34,True,0.5239310264587402,1.142493724822998,-5.207742214202881,0.7122820019721985,0.1435493528842926,-0.6803910732269287,-0.09547725319862366,1441164,0.5235210657119751,1.1527634859085083,-5.209558010101318,0.7171733245109677,0.09203942692836133,-0.688115643494409,-0.06072913369100718,-0.003971202269829889,0.009651703082033909,-8.576398128922362e-05,0.01043710569612723,-0.010938280777600883,0.002244104025694416,-0.0617715708915208,0.9980278508340066,7.197951338820053
103498555796078,60.139324162,65578212,-0.26958203315734863,1.7457488179206848,-0.5357513427734375,-0.00955377146601677,-0.012714724987745285,-0.0803225040435791,30.804157257080078,0,-0.1037607192993164,-0.05578213930130005,-0.014617919921875,-0.0012224987149238586,0.0020004436373710632,0.00040924549102783203,103498552912607,2.883,1448380,12069.833333333334,34,True,0.52398681640625,1.1435935497283936,-5.205070972442627,0.7067325115203857,0.1671457290649414,-0.6765834093093872,-0.12176357954740524,1441164,0.5235210657119751,1.1527634859085083,-5.209558010101318,0.7171733245109677,0.09203942692836133,-0.688115643494409,-0.06072913369100718,-0.006338719806370564,0.00801028427246586,-0.00030681802052930443,0.010219499019380055,-0.008336903608956671,0.0021425587180877175,-0.09752430160523987,0.9951959184385579,11.236908144718633
103498655995062,60.239523146,65678713,-0.5498487949371338,1.4367607235908508,-0.448822021484375,-0.009693566709756851,-0.004714559763669968,-0.09463584423065186,30.804157257080078,0,-0.1037607192993164,-0.05578213930130005,-0.014617919921875,-0.0012224987149238586,0.0020004436373710632,0.00040924549102783203,103498651781825,4.213,1448392,12069.933333333332,34,True,0.5237650871276855,1.1444157361984253,-5.202470302581787,0.699217677116394,0.19168218970298767,-0.6728330850601196,-0.14713333547115326,1441164,0.5235210657119751,1.1527634859085083,-5.209558010101318,0.7171733245109677,0.09203942692836133,-0.688115643494409,-0.06072913369100718,-0.008707234077208168,0.006641395794061286,-0.00023665626394839826,0.010953541416178427,-0.006915122190922746,0.0005060559320904656,-0.13349793834168977,0.9910248359405514,15.364349640726882
103498756203773,60.339731857,65778895,-0.8028092384338379,1.058096468448639,-0.12786865234375,-0.011067211627960205,-0.0055060796439647675,-0.10459506511688232,30.804157257080078,0,-0.1037607192993164,-0.05578213930130005,-0.014617919921875,-0.0012224987149238586,0.0020004436373710632,0.00040924549102783203,103498752883725,3.320,1448404,12070.033333333333,34,True,0.5234507322311401,1.1448657512664795,-5.200254440307617,0.6943515539169312,0.21068912744522095,-0.6671838164329529,-0.16838011145591736,1441164,0.5235210657119751,1.1527634859085083,-5.209558010101318,0.7171733245109677,0.09203942692836133,-0.688115643494409,-0.06072913369100718,-0.010783823506385803,0.005713403261595747,-4.176043827914367e-05,0.012203916182139942,-0.004980912182567329,0.0020103713242389807,-0.16254038864328335,0.9866872711151486,18.719065059102284
103498856458490,60.439986574,65879086,-1.0098811388015747,0.9924647808074951,0.15106201171875,-0.008220739662647247,0.0009114071726799011,-0.11722803115844727,30.804157257080078,0,-0.1037607192993164,-0.05578213930130005,-0.014617919921875,-0.0012224987149238586,0.0020004436373710632,0.00040924549102783203,103498851797943,4.661,1448416,12070.133333333333,34,True,0.523564875125885,1.1453651189804077,-5.198727607727051,0.6878033876419067,0.23029309511184692,-0.6622391939163208,-0.18796488642692566,1441164,0.5235210657119751,1.1527634859085083,-5.209558010101318,0.7171733245109677,0.09203942692836133,-0.688115643494409,-0.06072913369100718,-0.012161957771717821,0.004905311070202036,-0.0002451010395864075,0.013116225373791824,-0.004482466922449664,0.0016626666653922764,-0.1909794052224082,0.9815824009275758,22.02687821145323
103498956707839,60.540235923,65979372,-0.9696763753890991,0.9077088832855225,0.342193603515625,-0.007278110831975937,0.0014587752521038055,-0.13642477989196777,30.804157257080078,0,-0.1037607192993164,-0.05578213930130005,-0.014617919921875,-0.0012224987149238586,0.0020004436373710632,0.00040924549102783203,103498952122741,4.585,1448428,12070.233333333334,34,True,0.5236422419548035,1.1455061435699463,-5.197197437286377,0.6816498041152954,0.24563109874725342,-0.6570725440979004,-0.2080255150794983,1441164,0.5235210657119751,1.1527634859085083,-5.209558010101318,0.7171733245109677,0.09203942692836133,-0.688115643494409,-0.06072913369100718,-0.01362193154855489,0.004444352663553679,-0.00039770856519269986,0.01433413624235445,-0.0007516730062206712,0.0020485780248570844,-0.21666357533313782,0.9762438903468894,25.02757768068494
103499056945104,60.640473188,66079569,-1.1013743877410889,0.7807872295379639,0.3839569091796875,-0.007299244403839111,0.006932390853762627,-0.15157055854797363,30.804157257080078,0,-0.1037607192993164,-0.05578213930130005,-0.014617919921875,-0.0012224987149238586,0.0020004436373710632,0.00040924549102783203,103499053586683,3.358,1448440,12070.333333333334,34,True,0.5235929489135742,1.1450413465499878,-5.195680141448975,0.6771272420883179,0.2645791471004486,-0.6503886580467224,-0.2202071100473404,1441164,0.5235210657119751,1.1527634859085083,-5.209558010101318,0.7171733245109677,0.09203942692836133,-0.688115643494409,-0.06072913369100718,-0.015204519674091777,0.004571100118906055,-0.0003993331715274798,0.015881808517885773,-0.005394336298713137,0.003700525610747185,-0.2394571200841074,0.9708849030071103,27.719546898231474
103499157211099,60.740739183,66179830,-1.2424668073654175,0.5734528303146362,0.4511566162109375,-0.006654106080532074,0.013944240286946297,-0.15995806455612183,30.804157257080078,0,-0.1037607192993164,-0.05578213930130005,-0.014617919921875,-0.0012224987149238586,0.0020004436373710632,0.00040924549102783203,103499154668161,2.543,1448452,12070.433333333332,34,True,0.5234402418136597,1.1459012031555176,-5.194383144378662,0.6710118651390076,0.27698591351509094,-0.6464931964874268,-0.23466672003269196,1441164,0.5235210657119751,1.1527634859085083,-5.209558010101318,0.7171733245109677,0.09203942692836133,-0.688115643494409,-0.06072913369100718,-0.016290277548607367,0.003447492528266279,-0.0003400874035706723,0.016654549131849248,-0.0035487342332931335,0.0028635621722951092,-0.2591042247648236,0.9658386030833758,30.038593627169778
103499257434963,60.840963047,66280098,-1.3616416454315186,0.4397738575935364,0.646392822265625,-0.0038273371756076813,0.018577640876173973,-0.17016130685806274,30.804157257080078,0,-0.1037607192993164,-0.05578213930130005,-0.014617919921875,-0.0012224987149238586,0.0020004436373710632,0.00040924549102783203,103499252044796,5.390,1448464,12070.533333333333,34,True,0.523396372795105,1.1461008787155151,-5.193284034729004,0.6650065183639526,0.28827616572380066,-0.6430765390396118,-0.24721595644950867,1441164,0.5235210657119751,1.1527634859085083,-5.209558010101318,0.7171733245109677,0.09203942692836133,-0.688115643494409,-0.06072913369100718,-0.017321340612072068,0.003015586564344906,-0.00035433659684627034,0.017585453003842105,-0.0022675235780307006,0.0016509020603021622,-0.2765968457125025,0.9609819549820405,32.116092498437006
103499357702378,60.941230462,66380341,-1.3789217472076416,0.3490833044052124,0.646820068359375,-0.004913844168186188,0.023715563118457794,-0.1784055233001709,30.804157257080078,0,-0.1037607192993164,-0.05578213930130005,-0.014617919921875,-0.0012224987149238586,0.0020004436373710632,0.00040924549102783203,103499353571942,4.130,1448476,12070.633333333333,34,True,0.5234121680259705,1.1458436250686646,-5.192290782928467,0.6614236831665039,0.2961040139198303,-0.6392688155174255,-0.2572479248046875,1441164,0.5235210657119751,1.1527634859085083,-5.209558010101318,0.7171733245109677,0.09203942692836133,-0.688115643494409,-0.06072913369100718,-0.018345465867845738,0.0030550177002673486,-0.00040523564804183926,0.018602512383753,-0.0005922064752676427,0.0023642530264698096,-0.28967492485094004,0.9571219867455348,33.6782180894815
103499457799658,61.041327742,66480601,-1.339231014251709,0.3237614631652832,0.431549072265625,-0.004389714449644089,0.022503774613142014,-0.18525338172912598,30.804157257080078,0,-0.1037607192993164,-0.05578213930130005,-0.014617919921875,-0.0012224987149238586,0.0020004436373710632,0.00040924549102783203,103499451025693,6.774,1448488,12070.733333333334,34,True,0.52342689037323,1.145682692527771,-5.191310882568359,0.6563913226127625,0.30743685364723206,-0.6342690587043762,-0.26895326375961304,1441164,0.5235210657119751,1.1527634859085083,-5.209558010101318,0.7171733245109677,0.09203942692836133,-0.688115643494409,-0.06072913369100718,-0.01933583500316668,0.0030032723451048097,-0.0004582652623029817,0.019573046954912025,-0.00015031776949442355,0.0028762182373989753,-0.3066239540091166,0.9518263789163621,35.7134116111263
103499558080012,61.141608096,66580340,-1.4158473014831543,0.2994180917739868,0.4296722412109375,-0.003387242555618286,0.023428646847605705,-0.19533592462539673,30.804157257080078,0,-0.1037607192993164,-0.05578213930130005,-0.014617919921875,-0.0012224987149238586,0.0020004436373710632,0.00040924549102783203,103499553954085,4.126,1448500,12070.833333333334,34,True,0.5234163403511047,1.145763635635376,-5.191184043884277,0.6566007733345032,0.3069045841693878,-0.6344029903411865,-0.2687337100505829,1441164,0.5235210657119751,1.1527634859085083,-5.209558010101318,0.7171733245109677,0.09203942692836133,-0.688115643494409,-0.06072913369100718,-0.01944253591111851,0.0028966717900436676,-0.00045672275843991223,0.01966243895839081,5.80943463827921e-05,0.0029364092044348315,-0.3060637539038905,0.952006487725945,35.64604280924829
103499658431766,61.241959850,66680914,-1.453140139579773,0.13938665390014648,0.562347412109375,-0.006622914224863052,0.02883892133831978,-0.18630415201187134,30.804157257080078,0,-0.1037607192993164,-0.05578213930130005,-0.014617919921875,-0.0012224987149238586,0.0020004436373710632,0.00040924549102783203,103499651277632,7.154,1448512,12070.933333333332,34,True,0.5233675241470337,1.1464749574661255,-5.192068099975586,0.6583933234214783,0.30110418796539307,-0.637355387210846,-0.2638799250125885,1441164,0.5235210657119751,1.1527634859085083,-5.209558010101318,0.7171733245109677,0.09203942692836133,-0.688115643494409,-0.06072913369100718,-0.018428261901463044,0.00238927202955939,-0.00039580759071881195,0.01858671894630733,0.0007313094598323245,0.001958024063133113,-0.29821961050192863,0.9544949948744206,34.70227962466098
103499758537834,61.342065918,66781263,-1.1570916175842285,0.17948788404464722,0.5041046142578125,-0.005562357604503632,0.03403729572892189,-0.18536043167114258,30.804157257080078,0,-0.1037607192993164,-0.05578213930130005,-0.014617919921875,-0.0012224987149238586,0.0020004436373710632,0.00040924549102783203,103499755495519,3.042,1448524,12071.033333333333,34,True,0.5233335494995117,1.1472245454788208,-5.191647529602051,0.6573531031608582,0.302922785282135,-0.6361293792724609,-0.26732775568962097,1441164,0.5235210657119751,1.1527634859085083,-5.209558010101318,0.7171733245109677,0.09203942692836133,-0.688115643494409,-0.06072913369100718,-0.01867828011347777,0.0015663601400752957,-0.0004107347590011308,0.01874834219679723,0.0019029269642731883,0.0023283869054149253,-0.30206655773269764,0.9532820947562721,35.16533465582335
103499858660667,61.442188751,66881522,-1.1202993392944336,0.11461067199707031,0.5218505859375,-0.002757132053375244,0.013476438820362091,-0.18254923820495605,30.804157257080078,0,-0.1037607192993164,-0.05578213930130005,-0.014617919921875,-0.0012224987149238586,0.0020004436373710632,0.00040924549102783203,103499852637294,6.023,1448536,12071.133333333333,34,True,0.5232330560684204,1.1474546194076538,-5.191585063934326,0.656649112701416,0.30365923047065735,-0.6358933448791504,-0.2687801122665405,1441164,0.5235210657119751,1.1527634859085083,-5.209558010101318,0.7171733245109677,0.09203942692836133,-0.688115643494409,-0.06072913369100718,-0.018693255602475322,0.0013236599211175152,-0.0003223761685157085,0.01874283348376853,0.0024587870965155083,0.002102187969805436,-0.3036732275770205,0.9527707520829494,35.35879206850396
103499958829199,61.542357283,66981699,-1.131626009941101,0.058652400970458984,0.5677642822265625,-0.0026117004454135895,0.018559057265520096,-0.18199998140335083,30.804157257080078,0,-0.1037607192993164,-0.05578213930130005,-0.014617919921875,-0.0012224987149238586,0.0020004436373710632,0.00040924549102783203,103499953420156,5.409,1448548,12071.233333333334,34,True,0.5232515931129456,1.147566795349121,-5.191526889801025,0.6566667556762695,0.3030119240283966,-0.6363013386726379,-0.26850178837776184,1441164,0.5235210657119751,1.1527634859085083,-5.209558010101318,0.7171733245109677,0.09203942692836133,-0.688115643494409,-0.06072913369100718,-0.01872517021718783,0.0012026737288301243,-0.00034797093932240037,0.01876697917980646,0.0027410824084246055,0.001835419730872978,-0.3029910800737907,0.9529876825528016,35.27684573467725
103500058954390,61.642482474,67081709,-1.2064554691314697,-0.05660897493362427,0.6337738037109375,-0.0027592554688453674,0.01877550221979618,-0.1789570450782776,30.804157257080078,0,-0.1037607192993164,-0.05578213930130005,-0.014617919921875,-0.0012224987149238586,0.0020004436373710632,0.00040924549102783203,103500051662899,7.291,1448560,12071.333333333334,34,True,0.5232465863227844,1.1475011110305786,-5.191356182098389,0.6568493843078613,0.30301883816719055,-0.6362115144729614,-0.26825985312461853,1441164,0.5235210657119751,1.1527634859085083,-5.209558010101318,0.7171733245109677,0.09203942692836133,-0.688115643494409,-0.06072913369100718,-0.01890609139801317,0.001230025277207445,-0.00034816204071475097,0.018949260432512705,0.002543457042974207,0.0020028214808524574,-0.30281821854423313,0.9530428353699971,35.25598214127142
103500159165524,61.742693608,67182003,-1.1113181114196777,0.024189472198486328,0.6351470947265625,0.0007280036807060242,0.014091530814766884,-0.176119863986969,30.804157257080078,0,-0.1037607192993164,-0.05578213930130005,-0.014617919921875,-0.0012224987149238586,0.0020004436373710632,0.00040924549102783203,103500151742214,7.423,1448572,12071.433333333332,34,True,0.5232670307159424,1.1476123332977295,-5.191293716430664,0.6568856239318848,0.30263808369636536,-0.6364249587059021,-0.26809462904930115,1441164,0.5235210657119751,1.1527634859085083,-5.209558010101318,0.7171733245109677,0.09203942692836133,-0.688115643494409,-0.06072913369100718,-0.018942330610788576,0.0011091445383104156,-0.0003758187214119513,0.018978496523345715,0.0027044103093322174,0.001882597761371008,-0.302415157396074,0.9531706114687211,35.20760011263638
103500259454488,61.842982572,67282282,-1.1431801319122314,-0.0757642388343811,0.67864990234375,-0.0009120292961597443,0.013778181746602058,-0.17307811975479126,30.804157257080078,0,-0.1037607192993164,-0.05578213930130005,-0.014617919921875,-0.0012224987149238586,0.0020004436373710632,0.00040924549102783203,103500252142004,7.312,1448584,12071.533333333333,34,True,0.5233024954795837,1.147544264793396,-5.191388130187988,0.6570701599121094,0.301969051361084,-0.6367701888084412,-0.2675766944885254,1441164,0.5235210657119751,1.1527634859085083,-5.209558010101318,0.7171733245109677,0.09203942692836133,-0.688115643494409,-0.06072913369100718,-0.01886359662021246,0.0011974588181565397,-0.0004042189858056899,0.01890588739149151,0.0028139010427970517,0.0017549493251278196,-0.30154098525802103,0.9534474481183584,35.10255526525206
103500360297093,61.943825177,67382339,-1.2115228176116943,-0.03700453042984009,0.6354827880859375,-0.0031733177602291107,0.022020643576979637,-0.1742812991142273,30.804157257080078,0,-0.1037607192993164,-0.05578213930130005,-0.014617919921875,-0.0012224987149238586,0.0020004436373710632,0.00040924549102783203,103500360070443,0.227,1448597,12071.641666666666,34,True,0.5233222246170044,1.1472185850143433,-5.1912336349487305,0.658412754535675,0.30061209201812744,-0.6369044184684753,-0.26547664403915405,1441164,0.5235210657119751,1.1527634859085083,-5.209558010101318,0.7171733245109677,0.09203942692836133,-0.688115643494409,-0.06072913369100718,-0.019083859040200622,0.0014831471020559529,-0.00041807564788924915,0.019145970553616286,0.0021723656560363185,0.002471663249430323,-0.298991008215887,0.9542502547624944,34.79619608994481
103500460367558,62.043895642,67483232,-1.2428773641586304,0.043633341789245605,0.5501861572265625,-0.001369927078485489,0.023113366216421127,-0.17267531156539917,30.804157257080078,0,-0.1037607192993164,-0.05578213930130005,-0.014617919921875,-0.0012224987149238586,0.0020004436373710632,0.00040924549102783203,103500458351784,2.016,1448609,12071.741666666667,34,True,0.5233920812606812,1.1468453407287598,-5.191229820251465,0.6577600836753845,0.3012428879737854,-0.6376069188117981,-0.26469191908836365,1441164,0.5235210657119751,1.1527634859085083,-5.209558010101318,0.7171733245109677,0.09203942692836133,-0.688115643494409,-0.06072913369100718,-0.01916553221712192,0.0018498829311540104,-0.00047321295947664856,0.0192604159490269,0.0012798152323455216,0.0014082024758818592,-0.2989208366853157,0.954276014806046,34.786322513158815
103500561103939,62.144632023,67582923,-1.3240636587142944,0.005344033241271973,0.59136962890625,-0.0022475235164165497,0.018467077985405922,-0.16795265674591064,30.804157257080078,0,-0.1037607192993164,-0.05578213930130005,-0.014617919921875,-0.0012224987149238586,0.0020004436373710632,0.00040924549102783203,103500560853610,0.250,1448621,12071.841666666667,34,True,0.5233612060546875,1.1470094919204712,-5.191616058349609,0.659757673740387,0.2983294725418091,-0.6378970742225647,-0.26231032609939575,1441164,0.5235210657119751,1.1527634859085083,-5.209558010101318,0.7171733245109677,0.09203942692836133,-0.688115643494409,-0.06072913369100718,-0.018754357466485964,0.0017707958220271832,-0.00043126878046270266,0.018842707729650975,0.0014819607946571227,0.0025324124106798633,-0.29499111666536004,0.9554954901872166,34.31575939456784
103500661217886,62.244745970,67684135,-1.2064841985702515,-0.0060266852378845215,0.50897216796875,-0.0028508007526397705,0.021968409419059753,-0.1645035743713379,30.804157257080078,0,-0.1037607192993164,-0.05578213930130005,-0.014617919921875,-0.0012224987149238586,0.0020004436373710632,0.00040924549102783203,103500659577958,1.640,1448633,12071.941666666666,34,True,0.5233524441719055,1.1471797227859497,-5.191824913024902,0.660595715045929,0.2963526248931885,-0.6391435861587524,-0.25939133763313293,1441164,0.5235210657119751,1.1527634859085083,-5.209558010101318,0.7171733245109677,0.09203942692836133,-0.688115643494409,-0.06072913369100718,-0.01851416859764888,0.0016489280440761317,-0.00041972991018796144,0.01859219125746653,0.0008126746938222907,0.0020665069465787837,-0.29141195193836483,0.9565950780640438,33.886026349210184
103500761316820,62.344844904,67784232,-1.1503268480300903,0.010972321033477783,0.3561248779296875,-0.00243961438536644,0.012451693415641785,-0.16346973180770874,30.804157257080078,0,-0.1037607192993164,-0.05578213930130005,-0.014617919921875,-0.0012224987149238586,0.0020004436373710632,0.00040924549102783203,103500759768901,1.548,1448645,12072.041666666666,34,True,0.5232875943183899,1.1476768255233765,-5.19122838973999,0.6563729047775269,0.3034529685974121,-0.6361128091812134,-0.26916825771331787,1441164,0.5235210657119751,1.1527634859085083,-5.209558010101318,0.7171733245109677,0.09203942692836133,-0.688115643494409,-0.06072913369100718,-0.018991432068118496,0.0010332515948353032,-0.0004018762241256497,0.019023764226769286,0.0029160597933133303,0.001802981770791967,-0.30380447437411895,0.9527282336544254,35.37483203067439
103500861557708,62.445085792,67884256,-0.979212760925293,-0.015489518642425537,0.4354705810546875,-0.001634061336517334,-0.004834167659282684,-0.1750149130821228,30.804157257080078,0,-0.1037607192993164,-0.05578213930130005,-0.014617919921875,-0.0012224987149238586,0.0020004436373710632,0.00040924549102783203,103500860029962,1.528,1448657,12072.141666666666,34,True,0.5234522223472595,1.1470458507537842,-5.190184593200684,0.6506721377372742,0.31282445788383484,-0.633227527141571,-0.278907835483551,1441164,0.5235210657119751,1.1527634859085083,-5.209558010101318,0.7171733245109677,0.09203942692836133,-0.688115643494409,-0.06072913369100718,-0.02014008610644826,0.001433719659865447,-0.0005888574861274787,0.020199637956587326,0.00353299984451394,0.0002767449625927787,-0.3179273427098608,0.9481084569192341,37.07763821598179
103500961677041,62.545205125,67984547,-1.2470197677612305,-0.10335665941238403,0.5604400634765625,-0.003248516470193863,0.0037191808223724365,-0.19114363193511963,30.804157257080078,0,-0.1037607192993164,-0.05578213930130005,-0.014617919921875,-0.0012224987149238586,0.0020004436373710632,0.00040924549102783203,103500960641848,1.035,1448669,12072.241666666667,34,True,0.5233772993087769,1.1468303203582764,-5.188596248626709,0.6437442898750305,0.3289455771446228,-0.6244236826896667,-0.29577571153640747,1441164,0.5235210657119751,1.1527634859085083,-5.209558010101318,0.7171733245109677,0.09203942692836133,-0.688115643494409,-0.06072913369100718,-0.021739188485932825,0.0013008324191924646,-0.0005780011538302807,0.021785742272035755,0.0041474175040990555,0.0023969547804942874,-0.34226830347174003,0.9395900499549811,40.03435152433217
103501061916176,62.645444260,68084679,-1.3627681732177734,-0.06073123216629028,0.7314300537109375,-0.000563010573387146,0.012186432257294655,-0.20677942037582397,30.804157257080078,0,-0.1037607192993164,-0.05578213930130005,-0.014617919921875,-0.0012224987149238586,0.0020004436373710632,0.00040924549102783203,103501060724008,1.192,1448681,12072.341666666667,34,True,0.5236779451370239,1.1466208696365356,-5.186444282531738,0.631638765335083,0.3473028540611267,-0.61757493019104,-0.31466585397720337,1441164,0.5235210657119751,1.1527634859085083,-5.209558010101318,0.7171733245109677,0.09203942692836133,-0.688115643494409,-0.06072913369100718,-0.02387343211083036,0.001059717853339727,-0.0009679800103102279,0.023916537123494137,0.005167796825438665,-0.0003974868977058011,-0.36996234224219116,0.929032292874047,43.43106768315263
103501162171419,62.745699503,68184933,-1.5725489854812622,-0.2534562945365906,0.73138427734375,-0.0009749382734298706,0.020731037482619286,-0.2217245101928711,30.804157257080078,0,-0.1037607192993164,-0.05578213930130005,-0.014617919921875,-0.0012224987149238586,0.0020004436373710632,0.00040924549102783203,103501160874264,1.297,1448693,12072.441666666666,34,True,0.523723840713501,1.1460329294204712,-5.18462610244751,0.6224111914634705,0.3615575134754181,-0.6100448966026306,-0.3312489688396454,1441164,0.5235210657119751,1.1527634859085083,-5.209558010101318,0.7171733245109677,0.09203942692836133,-0.688115643494409,-0.06072913369100718,-0.025772745567191297,0.001246903410919608,-0.0010734735258032,0.025825211085254308,0.007119232756911564,-0.0006861583132222737,-0.3929030980700468,0.9195520655398917,46.27863083680039
103501262453353,62.845981437,68285174,-1.582702398300171,-0.5083999037742615,0.774383544921875,-0.002570323646068573,0.02118642069399357,-0.2336762547492981,30.804157257080078,0,-0.1037607192993164,-0.05578213930130005,-0.014617919921875,-0.0012224987149238586,0.0020004436373710632,0.00040924549102783203,103501260396774,2.057,1448705,12072.541666666666,34,True,0.5234897136688232,1.1464359760284424,-5.18337345123291,0.6172309517860413,0.3703742027282715,-0.6030795574188232,-0.34372085332870483,1441164,0.5235210657119751,1.1527634859085083,-5.209558010101318,0.7171733245109677,0.09203942692836133,-0.688115643494409,-0.06072913369100718,-0.0269166506637538,0.0005745329418272308,-0.0009128616052140886,0.026938253235242935,0.009670339744244085,0.0013570682735588038,-0.40870809687642895,0.9126129159959218,48.26205594622992
103501362667423,62.946195507,68385262,-1.6473439931869507,-0.5434687733650208,0.8566131591796875,-0.0012531913816928864,0.017026150599122047,-0.24479001760482788,30.804157257080078,0,-0.1037607192993164,-0.05578213930130005,-0.014617919921875,-0.0012224987149238586,0.0020004436373710632,0.00040924549102783203,103501361152398,1.515,1448717,12072.641666666666,34,True,0.5234090089797974,1.1466964483261108,-5.18289041519165,0.6125286221504211,0.38227546215057373,-0.5954176187515259,-0.3523523211479187,1441164,0.5235210657119751,1.1527634859085083,-5.209558010101318,0.7171733245109677,0.09203942692836133,-0.688115643494409,-0.06072913369100718,-0.02733475894150415,0.00021322506602093876,-0.0008646436749771486,0.027349261781693463,0.0072515232450400275,0.0036879416852129707,-0.42408089887511363,0.9055877680854733,50.19487552446518
103501462840729,63.046368813,68485588,-1.4031062126159668,-0.5081045031547546,0.68060302734375,-0.00352274626493454,0.012942325323820114,-0.25933653116226196,30.804157257080078,0,-0.1037607192993164,-0.05578213930130005,-0.014617919921875,-0.0012224987149238586,0.0020004436373710632,0.00040924549102783203,103501459398183,3.443,1448729,12072.741666666667,34,True,0.5235466361045837,1.1469342708587646,-5.182101249694824,0.6034637689590454,0.3875747323036194,-0.5926982164382935,-0.36650529503822327,1441164,0.5235210657119751,1.1527634859085083,-5.209558010101318,0.7171733245109677,0.09203942692836133,-0.688115643494409,-0.06072913369100718,-0.028048605696474906,-0.00018085062569636687,-0.0010474280383975052,0.028068738731207014,0.014055356847402724,0.00038136897612855997,-0.4386197773730137,0.8985627370411284,52.06043227873889
103501563057579,63.146585663,68585529,-1.3167798519134521,-0.5282315611839294,0.35272216796875,-0.00689176470041275,0.009370900690555573,-0.27420341968536377,30.804157257080078,0,-0.1037607192993164,-0.05578213930130005,-0.014617919921875,-0.0012224987149238586,0.0020004436373710632,0.00040924549102783203,103501560783429,2.274,1448741,12072.841666666667,34,True,0.5236198902130127,1.1463291645050049,-5.181580066680908,0.598335325717926,0.3952398896217346,-0.5867130756378174,-0.3762287497520447,1441164,0.5235210657119751,1.1527634859085083,-5.209558010101318,0.7171733245109677,0.09203942692836133,-0.688115643494409,-0.06072913369100718,-0.02868500142473663,0.0003016733067330527,-0.0011203850767133624,0.02870845827001617,0.01551482122827297,0.001574233087286825,-0.451643368063168,0.8920622625114233,53.73291038039742
103501663152050,63.246680134,68686064,-1.4385100603103638,-0.44302648305892944,0.153228759765625,-0.010224800556898117,0.014007935300469398,-0.2858618497848511,30.804157257080078,0,-0.1037607192993164,-0.05578213930130005,-0.014617919921875,-0.0012224987149238586,0.0020004436373710632,0.00040924549102783203,103501659347484,3.805,1448753,12072.941666666666,34,True,0.5233361124992371,1.1466236114501953,-5.181106090545654,0.5936105847358704,0.4004950523376465,-0.5865769386291504,-0.37836185097694397,1441164,0.5235210657119751,1.1527634859085083,-5.209558010101318,0.7171733245109677,0.09203942692836133,-0.688115643494409,-0.06072913369100718,-0.029094265194093645,-0.00010068290449979228,-0.0008703954418642999,0.029107455959886386,0.013702864539621497,-0.0017021132908426886,-0.4573231873948394,0.889193362877152,54.455880790684965
103501763418281,63.346946365,68786080,-1.3163596391677856,-0.5166348814964294,0.26361083984375,-0.009658586233854294,0.013576695695519447,-0.2851932644844055,30.804157257080078,0,-0.1037607192993164,-0.05578213930130005,-0.014617919921875,-0.0012224987149238586,0.0020004436373710632,0.00040924549102783203,103501760075381,3.343,1448765,12073.041666666666,34,True,0.5235713124275208,1.146918773651123,-5.181091785430908,0.5936242341995239,0.40231847763061523,-0.5823980569839478,-0.3828352093696594,1441164,0.5235210657119751,1.1527634859085083,-5.209558010101318,0.7171733245109677,0.09203942692836133,-0.688115643494409,-0.06072913369100718,-0.029036109998344623,-0.0003803323723614825,-0.001117495655868908,0.029060095200985157,0.01527085824839153,0.0016052517111378453,-0.46196157045985686,0.8867670108171392,55.06047842648448
103501863626839,63.447154923,68886332,-1.2545075416564941,-0.5305736660957336,0.216400146484375,-0.010005369782447815,0.003984283655881882,-0.2904127836227417,30.804157257080078,0,-0.1037607192993164,-0.05578213930130005,-0.014617919921875,-0.0012224987149238586,0.0020004436373710632,0.00040924549102783203,103501859530998,4.096,1448777,12073.141666666666,34,True,0.5234161019325256,1.1473476886749268,-5.180540084838867,0.5923627018928528,0.40469837188720703,-0.5805124044418335,-0.3851377069950104,1441164,0.5235210657119751,1.1527634859085083,-5.209558010101318,0.7171733245109677,0.09203942692836133,-0.688115643494409,-0.06072913369100718,-0.02948759316161338,-0.0009242743906396666,-0.001004703933229916,0.029519177895183126,0.01518756407719674,0.0021569030395177107,-0.465483407699244,0.8849236593194797,55.51574349127631
103501963745372,63.547273456,68986576,-1.1384514570236206,-0.6517580151557922,0.2199249267578125,-0.008354373276233673,9.505823254585266e-05,-0.2889578938484192,30.804157257080078,0,-0.1037607192993164,-0.05578213930130005,-0.014617919921875,-0.0012224987149238586,0.0020004436373710632,0.00040924549102783203,103501960197924,3.547,1448789,12073.241666666667,34,True,0.5234438180923462,1.1474875211715698,-5.179515838623047,0.5879402160644531,0.4075157344341278,-0.5801893472671509,-0.389406681060791,1441164,0.5235210657119751,1.1527634859085083,-5.209558010101318,0.7171733245109677,0.09203942692836133,-0.688115643494409,-0.06072913369100718,-0.03045592424213527,-0.0012783211981621107,-0.0010846251433892374,0.03050203006735823,0.01654932714662444,-0.00043277265982394347,-0.47086816282462746,0.8820482445518381,56.21912467383054
103502063984174,63.647512258,69086788,-1.3478034734725952,-1.0035859942436218,0.1593475341796875,-0.007631421089172363,-0.004395768046379089,-0.28176701068878174,30.804157257080078,0,-0.1037607192993164,-0.05578213930130005,-0.014617919921875,-0.0012224987149238586,0.0020004436373710632,0.00040924549102783203,103502059685484,4.299,1448801,12073.341666666667,34,True,0.5235814452171326,1.1473641395568848,-5.178486347198486,0.5890880823135376,0.4085462987422943,-0.5772169232368469,-0.3910060524940491,1441164,0.5235210657119751,1.1527634859085083,-5.209558010101318,0.7171733245109677,0.09203942692836133,-0.688115643494409,-0.06072913369100718,-0.03148215858994161,-0.0013713521853487547,-0.00126408305034384,0.03153735598075181,0.016643917598250683,0.0025734552920673175,-0.47278268578491517,0.8810180982005107,56.46915818695698
103502164168704,63.747696788,69187038,-1.3734042644500732,-1.2798835635185242,0.185638427734375,-0.004311315715312958,-0.014655742794275284,-0.2731858491897583,30.804157257080078,0,-0.1037607192993164,-0.05578213930130005,-0.014617919921875,-0.0012224987149238586,0.0020004436373710632,0.00040924549102783203,103502163795579,0.373,1448813,12073.441666666666,34,True,0.5235584378242493,1.1475909948349,-5.177606582641602,0.5863285660743713,0.4130791425704956,-0.5740259289741516,-0.39506796002388,1441164,0.5235210657119751,1.1527634859085083,-5.209558010101318,0.7171733245109677,0.09203942692836133,-0.688115643494409,-0.06072913369100718,-0.032292569026384714,-0.001781876062105862,-0.0012902250463976885,0.032367418452741624,0.01631177375415183,0.0030616648305760172,-0.4792763367700686,0.8775071197760862,57.31380897566641
103502264389059,63.847917143,69287148,-1.4136990308761597,-1.3493382334709167,0.1197509765625,-0.001998722553253174,-0.02439909428358078,-0.2737656831741333,30.804157257080078,0,-0.1037607192993164,-0.05578213930130005,-0.014617919921875,-0.0012224987149238586,0.0020004436373710632,0.00040924549102783203,103502260295178,4.094,1448825,12073.541666666666,34,True,0.523552656173706,1.1468523740768433,-5.176914215087891,0.5821543335914612,0.4171856641769409,-0.5723846554756165,-0.399284690618515,1441164,0.5235210657119751,1.1527634859085083,-5.209558010101318,0.7171733245109677,0.09203942692836133,-0.688115643494409,-0.06072913369100718,-0.03312764381979706,-0.0012095078588825912,-0.0012868176290273296,0.03317468302670597,0.016612574517162644,0.001505107734470768,-0.4856068949331412,0.8740181351734143,58.1420312212024
103502364639927,63.948168011,69387221,-1.5418378114700317,-1.4356502890586853,-0.0715484619140625,-0.003086242824792862,-0.01860346645116806,-0.27207690477371216,30.959089279174805,0,-0.1037607192993164,-0.05578213930130005,-0.014617919921875,-0.0012224987149238586,0.0020004436373710632,0.00040924549102783203,103502360395934,4.244,1448837,12073.641666666666,34,True,0.5233636498451233,1.1472793817520142,-5.176586627960205,0.5818917751312256,0.41936051845550537,-0.5709306597709656,-0.3994707763195038,1441164,0.5235210657119751,1.1527634859085083,-5.209558010101318,0.7171733245109677,0.09203942692836133,-0.688115643494409,-0.06072913369100718,-0.03336206275412097,-0.00170531628314165,-0.0011299927496597664,0.033424724657799915,0.01513159900673372,0.0022522542903718468,-0.48740715717100114,0.8730407924035359,58.37210936591519
103502464810646,64.048338730,69487567,-1.5698567628860474,-1.518204152584076,-0.0689544677734375,-0.004103992134332657,-0.01191120594739914,-0.2731027603149414,30.959089279174805,0,-0.1037607192993164,-0.05578213930130005,-0.014617919921875,-0.0012224987149238586,0.0020004436373710632,0.00040924549102783203,103502459285572,5.525,1448849,12073.741666666667,34,True,0.5233924984931946,1.14724600315094,-5.176628589630127,0.5809087753295898,0.42015540599823,-0.5708182454109192,-0.4002261161804199,1441164,0.5235210657119751,1.1527634859085083,-5.209558010101318,0.7171733245109677,0.09203942692836133,-0.688115643494409,-0.06072913369100718,-0.03332727201573674,-0.0016623816779109514,-0.0011555540767812168,0.033388708841138634,0.015175684362538801,0.00167770556132707,-0.4885942964467935,0.8723774970664024,58.52778697678476
103502564969232,64.148497316,69587594,-1.5135891437530518,-1.569114625453949,0.01708984375,-0.005551457405090332,-0.011190030723810196,-0.2748457193374634,30.959089279174805,0,-0.1037607192993164,-0.05578213930130005,-0.014617919921875,-0.0012224987149238586,0.0020004436373710632,0.00040924549102783203,103502559571001,5.398,1448861,12073.841666666667,34,True,0.5235385894775391,1.146966576576233,-5.1764044761657715,0.5771583914756775,0.4214881360530853,-0.5708304047584534,-0.4042135179042816,1441164,0.5235210657119751,1.1527634859085083,-5.209558010101318,0.7171733245109677,0.09203942692836133,-0.688115643494409,-0.06072913369100718,-0.03360094171185055,-0.0014305835094817398,-0.001300547655282085,0.033656519090726526,0.017347146894467484,-0.0006256499902887459,-0.4926383349231691,0.8700610070683774,59.068540625041834
103502665103115,64.248631199,69687672,-1.58074951171875,-1.5927497744560242,0.2740936279296875,-0.007054474204778671,-0.006127331405878067,-0.2778777480125427,30.959089279174805,0,-0.1037607192993164,-0.05578213930130005,-0.014617919921875,-0.0012224987149238586,0.0020004436373710632,0.00040924549102783203,103502658697887,6.405,1448873,12073.941666666666,34,True,0.5234683156013489,1.1470013856887817,-5.176220417022705,0.5775296092033386,0.4229922592639923,-0.5693657994270325,-0.40417781472206116,1441164,0.5235210657119751,1.1527634859085083,-5.209558010101318,0.7171733245109677,0.09203942692836133,-0.688115643494409,-0.06072913369100718,-0.03377557865982305,-0.001507297208520205,-0.0012401754355095807,0.033831933048401895,0.01612918528093821,0.0005855364112068996,-0.4937472508347433,0.8694556681179423,59.20910776991809
103502765305070,64.348833154,69787828,-1.5871028900146484,-1.5603782534599304,0.362701416015625,-0.0030983947217464447,-0.006388101726770401,-0.2758098840713501,30.959089279174805,0,-0.1037607192993164,-0.05578213930130005,-0.014617919921875,-0.0012224987149238586,0.0020004436373710632,0.00040924549102783203,103502761253909,4.051,1448885,12074.041666666666,34,True,0.5233622193336487,1.1476505994796753,-5.176228046417236,0.5797320008277893,0.4225141704082489,-0.5687519311904907,-0.40238526463508606,1441164,0.5235210657119751,1.1527634859085083,-5.209558010101318,0.7171733245109677,0.09203942692836133,-0.688115643494409,-0.06072913369100718,-0.03363199220906658,-0.00214423129125513,-0.0011596082127885176,0.033720221217961775,0.014982346764661153,0.002405335017264921,-0.49200545531464995,0.8704598644334512,58.97575448544849
103502865419560,64.448947644,69888235,-1.525446891784668,-1.5021459460258484,0.4093170166015625,-0.002206578850746155,0.00027728453278541565,-0.2731666564941406,30.959089279174805,0,-0.1037607192993164,-0.05578213930130005,-0.014617919921875,-0.0012224987149238586,0.0020004436373710632,0.00040924549102783203,103502859600010,5.820,1448897,12074.141666666666,34,True,0.5234639644622803,1.1475423574447632,-5.176507949829102,0.5800791382789612,0.42109668254852295,-0.5694839358329773,-0.4023354947566986,1441164,0.5235210657119751,1.1527634859085083,-5.209558010101318,0.7171733245109677,0.09203942692836133,-0.688115643494409,-0.06072913369100718,-0.03337852585856242,-0.0019738569850296763,-0.0012441169947953127,0.03345997499976366,0.015968341007809587,0.00220073360773343,-0.4908782316660881,0.871079061011927,58.83144703175069
103502965686017,64.549214101,69988334,-1.4969768524169922,-1.5130767226219177,0.386993408203125,-0.004025127738714218,-0.0014837123453617096,-0.27046072483062744,30.959089279174805,0,-0.1037607192993164,-0.05578213930130005,-0.014617919921875,-0.0012224987149238586,0.0020004436373710632,0.00040924549102783203,103502962957554,2.728,1448909,12074.241666666667,34,True,0.5235334634780884,1.147662878036499,-5.17706298828125,0.5829863548278809,0.416250079870224,-0.5720212459564209,-0.3995678722858429,1441164,0.5235210657119751,1.1527634859085083,-5.209558010101318,0.7171733245109677,0.09203942692836133,-0.688115643494409,-0.06072913369100718,-0.03280842065601151,-0.0019694273346264083,-0.0012929375418597394,0.03289289889102702,0.01737547907605264,0.0024211432709636,-0.48507627018630856,0.8742958554712922,58.07650082553321
103503065954601,64.649482685,70088634,-1.366565465927124,-1.419871747493744,0.213958740234375,-0.004393301904201508,-0.008374348282814026,-0.26459062099456787,30.959089279174805,0,-0.1037607192993164,-0.05578213930130005,-0.014617919921875,-0.0012224987149238586,0.0020004436373710632,0.00040924549102783203,103503059585919,6.369,1448921,12074.341666666667,34,True,0.522858202457428,1.1482598781585693,-5.178045749664307,0.5856035947799683,0.41297486424446106,-0.5811635255813599,-0.3857060372829437,1441164,0.5235210657119751,1.1527634859085083,-5.209558010101318,0.7171733245109677,0.09203942692836133,-0.688115643494409,-0.06072913369100718,-0.03174505944615037,-0.0023745293142099404,-0.0005976952450287279,0.031839353453071144,0.010370375437630643,-0.003411426379495875,-0.4723927378087246,0.8813205539126598,56.39585273440878
103503166211146,64.749739230,70188973,-1.2820394039154053,-1.2591466307640076,0.1330718994140625,-0.002297021448612213,-0.0019812211394309998,-0.25490355491638184,30.959089279174805,0,-0.1037607192993164,-0.05578213930130005,-0.014617919921875,-0.0012224987149238586,0.0020004436373710632,0.00040924549102783203,103503163675371,2.536,1448933,12074.441666666666,34,True,0.5235904455184937,1.1494276523590088,-5.180131435394287,0.596009373664856,0.397665798664093,-0.5872386693954468,-0.37654417753219604,1441164,0.5235210657119751,1.1527634859085083,-5.209558010101318,0.7171733245109677,0.09203942692836133,-0.688115643494409,-0.06072913369100718,-0.02943164788273469,-0.0030325699843900215,-0.0012796562868621674,0.02961512954582523,0.014261360111401224,-0.0005215242530691723,-0.4537823774646315,0.8909982578674176,54.002086461459164
103503266332897,64.849860981,70289259,-0.6657060980796814,-1.1584073901176453,0.2239532470703125,-0.0032261833548545837,-0.006693173199892044,-0.24796676635742188,30.959089279174805,0,-0.1037607192993164,-0.05578213930130005,-0.014617919921875,-0.0012224987149238586,0.0020004436373710632,0.00040924549102783203,103503259458802,6.874,1448945,12074.541666666666,34,True,0.5232900977134705,1.1509093046188354,-5.1820244789123535,0.6100254654884338,0.37729039788246155,-0.6011040210723877,-0.35241299867630005,1441164,0.5235210657119751,1.1527634859085083,-5.209558010101318,0.7171733245109677,0.09203942692836133,-0.688115643494409,-0.06072913369100718,-0.027275775938988923,-0.004088055360122228,-0.0009521158036998187,0.027596859861314042,0.011400728065265878,-0.0018043319389422503,-0.4204325690657231,0.9072503638217139,49.74380902812312
103503366447859,64.949975943,70389262,-0.5793987512588501,-1.214702069759369,0.3844451904296875,-0.00047035515308380127,-0.013685349375009537,-0.21105897426605225,30.959089279174805,0,-0.1037607192993164,-0.05578213930130005,-0.014617919921875,-0.0012224987149238586,0.0020004436373710632,0.00040924549102783203,103503363187838,3.260,1448957,12074.641666666666,34,True,0.5232194066047668,1.1528735160827637,-5.184384822845459,0.6227869391441345,0.3549633026123047,-0.6152329444885254,-0.32806411385536194,1441164,0.5235210657119751,1.1527634859085083,-5.209558010101318,0.7171733245109677,0.09203942692836133,-0.688115643494409,-0.06072913369100718,-0.024551587947326498,-0.005503343667807798,-0.0008515862924339675,0.025175235082810436,0.00982740537304458,-0.004041001266846978,-0.3856327137265058,0.9225911892687498,45.38422986235138
103503466505371,65.050033455,70489374,-0.12592202425003052,-1.1866347193717957,0.5003509521484375,0.0024923011660575867,-0.026603523641824722,-0.18519222736358643,30.959089279174805,0,-0.1037607192993164,-0.05578213930130005,-0.014617919921875,-0.0012224987149238586,0.0020004436373710632,0.00040924549102783203,103503459059891,7.445,1448969,12074.741666666667,34,True,0.523225724697113,1.1534805297851562,-5.186490535736084,0.6348254084587097,0.33035632967948914,-0.6310321092605591,-0.29943281412124634,1441164,0.5235210657119751,1.1527634859085083,-5.209558010101318,0.7171733245109677,0.09203942692836133,-0.688115643494409,-0.06072913369100718,-0.022365700479307454,-0.005645142601643469,-0.0007858491610096283,0.02308050588325228,0.006949304524564687,-0.008228729755755837,-0.3462161269870848,0.9380929530634448,40.5325598097293
103503566609045,65.150137129,70589134,-0.30754321813583374,-1.2078296542167664,0.2516326904296875,0.0007991865277290344,-0.020102139562368393,-0.1471806764602661,30.959089279174805,0,-0.1037607192993164,-0.05578213930130005,-0.014617919921875,-0.0012224987149238586,0.0020004436373710632,0.00040924549102783203,103503559450675,7.158,1448981,12074.841666666667,34,True,0.523068904876709,1.1533446311950684,-5.188787460327148,0.6516994833946228,0.29990819096565247,-0.6415022015571594,-0.2716945707798004,1441164,0.5235210657119751,1.1527634859085083,-5.209558010101318,0.7171733245109677,0.09203942692836133,-0.688115643494409,-0.06072913369100718,-0.020159273890056808,-0.00502912193880431,-0.0005191588741617604,0.020783597311012113,0.007946930101178504,-0.004830208848780939,-0.30310349547848503,0.9529122658530366,35.30535556902033
103503666711594,65.250239678,70689543,-0.48056864738464355,-1.0726355910301208,0.0633087158203125,-0.00020595639944076538,-0.01511991024017334,-0.11499404907226562,30.959089279174805,0,-0.1037607192993164,-0.05578213930130005,-0.014617919921875,-0.0012224987149238586,0.0020004436373710632,0.00040924549102783203,103503659529258,7.182,1448993,12074.941666666666,34,True,0.5230640172958374,1.1525601148605347,-5.190817832946777,0.6604906916618347,0.2800559103488922,-0.6512994170188904,-0.24724440276622772,1441164,0.5235210657119751,1.1527634859085083,-5.209558010101318,0.7171733245109677,0.09203942692836133,-0.688115643494409,-0.06072913369100718,-0.018347313965877292,-0.003829879449564229,-0.00039062316976672584,0.018746852877788017,0.004440434937798971,-0.0068519105466301475,-0.2706373365449727,0.9626467503333024,31.41904892750361
103503768229649,65.351757733,70789673,-0.7473819255828857,-0.757146418094635,-0.001800537109375,0.002316094934940338,-0.015340141952037811,-0.09095191955566406,30.959089279174805,0,-0.1037607192993164,-0.05578213930130005,-0.014617919921875,-0.0012224987149238586,0.0020004436373710632,0.00040924549102783203,103503768038669,0.191,1449006,12075.05,34,True,0.5232186317443848,1.1521120071411133,-5.192508220672607,0.6683223843574524,0.2656572461128235,-0.6549786925315857,-0.23189294338226318,1441164,0.5235210657119751,1.1527634859085083,-5.209558010101318,0.7171733245109677,0.09203942692836133,-0.688115643494409,-0.06072913369100718,-0.016788839377678732,-0.0030238184514188174,-0.0004501164025732245,0.017064911674324668,0.003201750350035254,-0.004639999614855395,-0.24880315365501177,0.9685376657258048,28.8209559514661
103503868907489,65.452435573,70891208,-0.6912352442741394,-0.6723515391349792,-0.1116180419921875,-0.0019235014915466309,-0.016381394118070602,-0.08376586437225342,30.959089279174805,0,-0.1037607192993164,-0.05578213930130005,-0.014617919921875,-0.0012224987149238586,0.0020004436373710632,0.00040924549102783203,103503868667348,0.240,1449018,12075.15,34,True,0.5232219696044922,1.152783751487732,-5.192500591278076,0.6688015460968018,0.26193472743034363,-0.6558921933174133,-0.23216407001018524,1441164,0.5235210657119751,1.1527634859085083,-5.209558010101318,0.7171733245109677,0.09203942692836133,-0.688115643494409,-0.06072913369100718,-0.016651340038714185,-0.0036806962222492375,-0.0004803710246713654,0.017060052933291554,0.006012697393315254,-0.004714399582617047,-0.24622044777632604,0.969183735420409,28.521952730765644
103503969615314,65.553143398,70991919,-0.6186861395835876,-0.8185796141624451,-0.1707763671875,3.3952295780181885e-05,-0.016563039273023605,-0.08193790912628174,30.959089279174805,0,-0.1037607192993164,-0.05578213930130005,-0.014617919921875,-0.0012224987149238586,0.0020004436373710632,0.00040924549102783203,103503969366386,0.249,1449030,12075.25,34,True,0.523127019405365,1.1531906127929688,-5.192573547363281,0.6683530211448669,0.2648598849773407,-0.6549009680747986,-0.23293396830558777,1441164,0.5235210657119751,1.1527634859085083,-5.209558010101318,0.7171733245109677,0.09203942692836133,-0.688115643494409,-0.06072913369100718,-0.016495854523921036,-0.004066666420015973,-0.0003983617964883897,0.016994401559541693,0.0044880080069186765,-0.004418937613542507,-0.2489495503608984,0.968495974255755,28.8401466595411
103504069850131,65.653378215,71092563,-0.4819515347480774,-0.693747341632843,0.0644683837890625,0.004962027072906494,-0.023167233914136887,-0.0879601240158081,30.959089279174805,0,-0.1037607192993164,-0.05578213930130005,-0.014617919921875,-0.0012224987149238586,0.0020004436373710632,0.00040924549102783203,103504068659666,1.190,1449042,12075.35,34,True,0.5232137441635132,1.1535708904266357,-5.192434310913086,0.6691198348999023,0.26175907254219055,-0.6554762125015259,-0.23261934518814087,1441164,0.5235210657119751,1.1527634859085083,-5.209558010101318,0.7171733245109677,0.09203942692836133,-0.688115643494409,-0.06072913369100718,-0.016546611853263574,-0.004463260532619803,-0.0005063240805148777,0.017145478193363796,0.006402463576796081,-0.004144479198079532,-0.24640372716807754,0.9691372632346794,28.54356256976197
103504170099890,65.753627974,71192893,-0.5099564790725708,-0.9348801970481873,0.131591796875,0.000749640166759491,-0.020000990480184555,-0.08325004577636719,30.959089279174805,0,-0.1037607192993164,-0.05578213930130005,-0.014617919921875,-0.0012224987149238586,0.0020004436373710632,0.00040924549102783203,103504167763369,2.337,1449054,12075.45,34,True,0.5230967402458191,1.153725266456604,-5.192899227142334,0.6711240410804749,0.2601621150970459,-0.655578076839447,-0.22831055521965027,1441164,0.5235210657119751,1.1527634859085083,-5.209558010101318,0.7171733245109677,0.09203942692836133,-0.688115643494409,-0.06072913369100718,-0.0160638741202058,-0.004520162844009165,-0.00037443252034690603,0.016691917912524973,0.004298867272523017,-0.003138004453178523,-0.24210281717695784,0.9702360014878884,28.028275951028018
103504270198649,65.853726733,71293117,-0.44816678762435913,-0.8641752600669861,0.13287353515625,0.002230927348136902,-0.018284305930137634,-0.08370542526245117,30.959089279174805,0,-0.1037607192993164,-0.05578213930130005,-0.014617919921875,-0.0012224987149238586,0.0020004436373710632,0.00040924549102783203,103504268387684,1.811,1449066,12075.55,34,True,0.5231242775917053,1.1537688970565796,-5.193270683288574,0.6695408821105957,0.25015193223953247,-0.6630488634109497,-0.22249796986579895,1441164,0.5235210657119751,1.1527634859085083,-5.209558010101318,0.7171733245109677,0.09203942692836133,-0.688115643494409,-0.06072913369100718,-0.015691001502156472,-0.004481990797017272,-0.00038670072273444333,0.01632315248639758,0.007802150110489516,-0.009512326653949023,-0.230616070138149,0.9729670448115488,26.705310303860706
103504371199255,65.954727339,71393189,-0.5313687920570374,-0.8668027520179749,0.2215576171875,0.0019527077674865723,-0.016182791441679,-0.07026731967926025,30.959089279174805,0,-0.1037607192993164,-0.05578213930130005,-0.014617919921875,-0.0012224987149238586,0.0020004436373710632,0.00040924549102783203,103504370902962,0.296,1449078,12075.65,34,True,0.5234366655349731,1.1537374258041382,-5.1950225830078125,0.6803091168403625,0.23029358685016632,-0.6661210060119629,-0.2010650634765625,1441164,0.5235210657119751,1.1527634859085083,-5.209558010101318,0.7171733245109677,0.09203942692836133,-0.688115643494409,-0.06072913369100718,-0.01397699028423529,-0.00406164218090801,-0.0006173560475632321,0.014568264244610673,0.005724692701862988,-0.005072487542817972,-0.20044822145988883,0.979674439942762,23.143404691638562
103504471262722,66.054790806,71494103,-0.5158809423446655,-0.7752898335456848,0.179718017578125,0.0009124279022216797,-0.01846824213862419,-0.053664326667785645,30.959089279174805,0,-0.1037607192993164,-0.05578213930130005,-0.014617919921875,-0.0012224987149238586,0.0020004436373710632,0.00040924549102783203,103504466930031,4.333,1449090,12075.75,34,True,0.5234458446502686,1.153655767440796,-5.19696044921875,0.6872689723968506,0.21294397115707397,-0.6696960926055908,-0.18391144275665283,1441164,0.5235210657119751,1.1527634859085083,-5.209558010101318,0.7171733245109677,0.09203942692836133,-0.688115643494409,-0.06072913369100718,-0.012103260798527781,-0.0035672592661386577,-0.000534886999253901,0.012629345380145492,0.005267498216601081,-0.003372440962404467,-0.1753441661751209,0.9844873302855882,20.210354187815344
103504571369246,66.154897330,71593835,-0.4829689860343933,-0.6204258799552917,0.1358795166015625,-0.0006026364862918854,-0.021675530821084976,-0.038846492767333984,30.959089279174805,0,-0.1037607192993164,-0.05578213930130005,-0.014617919921875,-0.0012224987149238586,0.0020004436373710632,0.00040924549102783203,103504567597159,3.772,1449102,12075.85,34,True,0.5235276222229004,1.1531380414962769,-5.198997974395752,0.694970428943634,0.19311361014842987,-0.6735011339187622,-0.16161516308784485,1441164,0.5235210657119751,1.1527634859085083,-5.209558010101318,0.7171733245109677,0.09203942692836133,-0.688115643494409,-0.06072913369100718,-0.01022367855265947,-0.0026225921918964596,-0.0005030864994174256,0.010566678237696159,0.002805293996537006,-0.0016496786054746027,-0.14484003119545147,0.989449733058427,16.66026548131411
103504671488340,66.255016424,71694292,-0.39670050144195557,-0.4939813017845154,0.2208251953125,-0.0011902153491973877,-0.030467968434095383,-0.022174954414367676,30.959089279174805,0,-0.1037607192993164,-0.05578213930130005,-0.014617919921875,-0.0012224987149238586,0.0020004436373710632,0.00040924549102783203,103504667919245,3.569,1449114,12075.95,34,True,0.5237051844596863,1.153818130493164,-5.201758861541748,0.700727105140686,0.16144241392612457,-0.681747317314148,-0.1346791386604309,1441164,0.5235210657119751,1.1527634859085083,-5.209558010101318,0.7171733245109677,0.09203942692836133,-0.688115643494409,-0.06072913369100718,-0.007376532496973149,-0.0026873350882406105,-0.0005812844502135468,0.007872286400242953,0.005690317404615536,-0.004158174355761435,-0.1025605695076151,0.9947017942359084,11.801140237605965
103504771589847,66.355117931,71794407,-0.3423987627029419,-0.3803101181983948,0.2891845703125,-0.001778341829776764,-0.0321500338613987,0.0038690567016601562,30.959089279174805,0,-0.1037607192993164,-0.05578213930130005,-0.014617919921875,-0.0012224987149238586,0.0020004436373710632,0.00040924549102783203,103504768140407,3.449,1449126,12076.05,34,True,0.5235080122947693,1.1541184186935425,-5.205338954925537,0.7100306153297424,0.1318102777004242,-0.684291422367096,-0.1011328399181366,1441164,0.5235210657119751,1.1527634859085083,-5.209558010101318,0.7171733245109677,0.09203942692836133,-0.688115643494409,-0.06072913369100718,-0.003825383042509184,-0.0022245400680136955,-0.00023303622858386112,0.004431302271336022,0.0016913071438864756,-0.0008688958802903215,-0.057214667327564334,0.9983600885165084,6.563525814120807
103504871822360,66.455350444,71894207,-0.12117493152618408,-0.35054928064346313,0.08355712890625,-0.003235436975955963,-0.0249595008790493,0.02372431755065918,30.959089279174805,0,-0.1037607192993164,-0.05578213930130005,-0.014617919921875,-0.0012224987149238586,0.0020004436373710632,0.00040924549102783203,103504868435545,3.387,1449138,12076.15,34,True,0.5238271951675415,1.1538366079330444,-5.207996845245361,0.7139626741409302,0.1012892797589302,-0.6888551115989685,-0.07400381565093994,1441164,0.5235210657119751,1.1527634859085083,-5.209558010101318,0.7171733245109677,0.09203942692836133,-0.688115643494409,-0.06072913369100718,-0.0012810170906828269,-0.0013659333145522082,-0.0004192412481616966,0.0019189950053570366,0.0034183193438696033,-0.0020795668196058052,-0.016018862003989203,0.9998636839863739,1.8921083317637228
103504972043277,66.555571361,71994865,-0.03307783603668213,-0.18498772382736206,0.17791748046875,-0.0008875951170921326,-0.014002315700054169,0.04064679145812988,30.959089279174805,0,-0.1037607192993164,-0.05578213930130005,-0.014617919921875,-0.0012224987149238586,0.0020004436373710632,0.00040924549102783203,103504967935258,4.108,1449150,12076.25,34,True,0.5236130952835083,1.1544021368026733,-5.209647178649902,0.718864917755127,0.09012942761182785,-0.6868374943733215,-0.05800245329737663,1441164,0.5235210657119751,1.1527634859085083,-5.209558010101318,0.7171733245109677,0.09203942692836133,-0.688115643494409,-0.06072913369100718,0.0004436129364027771,-0.001575281488823751,-0.00015262050539287025,0.0016436536207610907,-0.0008615710906843544,0.0019456966221972352,0.0033241441911594162,0.9999922109823188,0.4522819465612399
103505072241911,66.655769995,72095005,0.09283328056335449,-0.4270481467247009,0.033355712890625,-0.0036940686404705048,-0.012373842298984528,0.04685378074645996,30.959089279174805,0,-0.1037607192993164,-0.05578213930130005,-0.014617919921875,-0.0012224987149238586,0.0020004436373710632,0.00040924549102783203,103505061546021,10.696,1449161,12076.341666666667,34,True,0.5241329073905945,1.154454231262207,-5.210005760192871,0.7168192267417908,0.0775991901755333,-0.6907855272293091,-0.05444333329796791,1441164,0.5235210657119751,1.1527634859085083,-5.209558010101318,0.7171733245109677,0.09203942692836133,-0.688115643494409,-0.06072913369100718,0.0008234941486444033,-0.0015242743788595916,-0.0006571873707975156,0.0018529571595790107,0.00569578260628001,-0.001860027858019309,0.014811057771814792,0.9998723573159474,1.8309235446969943
103505172486220,66.756014304,72195196,-0.12300097942352295,-0.44645363092422485,0.2523651123046875,0.00025197118520736694,-0.009696315973997116,0.05850327014923096,30.959089279174805,0,-0.1037607192993164,-0.05578213930130005,-0.014617919921875,-0.0012224987149238586,0.0020004436373710632,0.00040924549102783203,103505168619213,3.867,1449174,12076.45,34,True,0.5235545635223389,1.1551613807678223,-5.2107672691345215,0.7208249568939209,0.07450450956821442,-0.6878805160522461,-0.04099851846694946,1441164,0.5235210657119751,1.1527634859085083,-5.209558010101318,0.7171733245109677,0.09203942692836133,-0.688115643494409,-0.06072913369100718,0.0016981948746981074,-0.00207945054284071,-7.31360132590104e-05,0.002685764187155467,-0.002327621411066003,0.0019302582963443562,0.0264743347271245,0.9996449199001776,3.0538214705169735
103505272681791,66.856209875,72295395,0.15353167057037354,-0.5117855668067932,0.299072265625,0.00026722252368927,-0.013078637421131134,0.061100006103515625,30.959089279174805,0,-0.1037607192993164,-0.05578213930130005,-0.014617919921875,-0.0012224987149238586,0.0020004436373710632,0.00040924549102783203,103505268493952,4.188,1449186,12076.55,34,True,0.5240371823310852,1.1554089784622192,-5.211102485656738,0.7190230488777161,0.06382104009389877,-0.6909642219543457,-0.038745488971471786,1441164,0.5235210657119751,1.1527634859085083,-5.209558010101318,0.7171733245109677,0.09203942692836133,-0.688115643494409,-0.06072913369100718,0.002096084510202493,-0.00222598875725311,-0.0005493775898444322,0.003106511219608155,0.0038012791432874638,-0.0010797840654902526,0.03570800270901022,0.9993544530774755,4.117701867324939
103505372877233,66.956405317,72395671,-0.11727118492126465,-0.5523237586021423,0.4304656982421875,0.0016528591513633728,-0.0072703175246715546,0.06958413124084473,30.959089279174805,0,-0.1037607192993164,-0.05578213930130005,-0.014617919921875,-0.0012224987149238586,0.0020004436373710632,0.00040924549102783203,103505370842773,2.034,1449198,12076.65,34,True,0.5238152146339417,1.154676079750061,-5.21216344833374,0.7209001779556274,0.056379999965429306,-0.6904244422912598,-0.020940424874424934,1441164,0.5235210657119751,1.1527634859085083,-5.209558010101318,0.7171733245109677,0.09203942692836133,-0.688115643494409,-0.06072913369100718,0.0029653797644262187,-0.0012948585956401044,-0.00025042213167689317,0.0032454348204832523,-0.004011418744876331,-0.0005878665490496316,0.05343644667616841,0.9985630220968523,6.143907811298307
103505472974479,67.056502563,72495813,-0.04725688695907593,-0.5103748440742493,0.516845703125,0.0013056546449661255,-0.011638760566711426,0.07944595813751221,30.959089279174805,0,-0.1037607192993164,-0.05578213930130005,-0.014617919921875,-0.0012224987149238586,0.0020004436373710632,0.00040924549102783203,103505466394922,6.580,1449210,12076.75,34,True,0.524167001247406,1.154733657836914,-5.21321439743042,0.7217254042625427,0.03619832918047905,-0.6910701990127563,-0.014970089308917522,1441164,0.5235210657119751,1.1527634859085083,-5.209558010101318,0.7171733245109677,0.09203942692836133,-0.688115643494409,-0.06072913369100718,0.004016010008827318,-0.0011093304663543986,-0.000555902841548497,0.00420332944745293,0.0056034586563518994,0.00019297415264729614,0.0721336583331741,0.997379215417855,8.298090814594621
103505573152590,67.156680674,72595610,-0.03589904308319092,-0.5785762667655945,0.58251953125,-0.00144302099943161,-0.013527657836675644,0.09142780303955078,30.959089279174805,0,-0.1037607192993164,-0.05578213930130005,-0.014617919921875,-0.0012224987149238586,0.0020004436373710632,0.00040924549102783203,103505570889116,2.263,1449222,12076.85,34,True,0.5240626335144043,1.1547410488128662,-5.214727878570557,0.7236276865005493,0.023211302235722542,-0.6897882223129272,0.00404940964654088,1441164,0.5235210657119751,1.1527634859085083,-5.209558010101318,0.7171733245109677,0.09203942692836133,-0.688115643494409,-0.06072913369100718,0.005490722132628582,-0.0007980540123381369,-0.00038297646167656497,0.005561617634694483,0.0006662414206172821,0.0014595109348531923,0.09463245490457724,0.9955109865937863,10.861896839755547
103505673274438,67.256802522,72695942,-0.11555212736129761,-0.3859325051307678,0.5423583984375,0.0012770220637321472,-0.006885908544063568,0.10042440891265869,30.959089279174805,0,-0.1037607192993164,-0.05578213930130005,-0.014617919921875,-0.0012224987149238586,0.0020004436373710632,0.00040924549102783203,103505667958371,5.316,1449234,12076.95,34,True,0.5240640044212341,1.1539632081985474,-5.216429233551025,0.7241711616516113,0.00826616957783699,-0.6892685890197754,0.020411361008882523,1441164,0.5235210657119751,1.1527634859085083,-5.209558010101318,0.7171733245109677,0.09203942692836133,-0.688115643494409,-0.06072913369100718,0.00698328578345988,0.0003246427840182505,-0.00027596093988869276,0.00699627241543897,-0.0008649655834727968,0.0016078121342412157,0.11662808278337339,0.9931739812746582,13.396727240540729
103505773386521,67.356914605,72796171,0.030472993850708008,-0.4084410071372986,0.58636474609375,-0.0013355724513530731,-0.01042807474732399,0.11001062393188477,30.959089279174805,0,-0.1037607192993164,-0.05578213930130005,-0.014617919921875,-0.0012224987149238586,0.0020004436373710632,0.00040924549102783203,103505767629375,5.757,1449246,12077.05,34,True,0.5242816805839539,1.1540316343307495,-5.217615127563477,0.7242664098739624,-0.0093467328697443,-0.6888574957847595,0.028742605820298195,1441164,0.5235210657119751,1.1527634859085083,-5.209558010101318,0.7171733245109677,0.09203942692836133,-0.688115643494409,-0.06072913369100718,0.008163101554182305,0.000521938223179662,-0.0004418491944241707,0.008191695624431049,0.005236180496508714,0.002270992369273584,0.13497624974651984,0.990832396024591,15.528442338696996
103505873507750,67.457035834,72896282,0.14734125137329102,-0.24771887063980103,0.526947021484375,0.001185782253742218,-0.005136914551258087,0.11856937408447266,30.959089279174805,0,-0.1037607192993164,-0.05578213930130005,-0.014617919921875,-0.0012224987149238586,0.0020004436373710632,0.00040924549102783203,103505867864730,5.643,1449258,12077.15,34,True,0.5242927670478821,1.15350341796875,-5.21910285949707,0.7240842580795288,-0.02568545565009117,-0.6876763701438904,0.04629777371883392,1441164,0.5235210657119751,1.1527634859085083,-5.209558010101318,0.7171733245109677,0.09203942692836133,-0.688115643494409,-0.06072913369100718,0.009501375808055088,0.0013558847952090942,-0.00036415184940752175,0.009604539155690948,0.0037913647998588694,0.0023691915030348847,0.15868543402754284,0.9873190697601595,18.268512701807264
103505973613873,67.557141957,72996411,0.20214855670928955,-0.2060571312904358,0.54913330078125,0.0008206292986869812,-0.010025031864643097,0.13067173957824707,30.959089279174805,0,-0.1037607192993164,-0.05578213930130005,-0.014617919921875,-0.0012224987149238586,0.0020004436373710632,0.00040924549102783203,103505970872857,2.741,1449270,12077.25,34,True,0.5238727331161499,1.1532602310180664,-5.2207818031311035,0.7236729860305786,-0.03668953850865364,-0.6856241226196289,0.06979277729988098,1441164,0.5235210657119751,1.1527634859085083,-5.209558010101318,0.7171733245109677,0.09203942692836133,-0.688115643494409,-0.06072913369100718,0.011072145925233408,0.0019317264969977179,0.00014132584199990473,0.011240282720754082,-0.005650454390830108,0.0020638075526097093,0.18258204945639153,0.9831722169995788,21.05193317781045
103506073856580,67.657384664,73096542,0.29086852073669434,-0.24791425466537476,0.5295867919921875,-0.0007845945656299591,-0.014274541288614273,0.14297330379486084,30.959089279174805,0,-0.1037607192993164,-0.05578213930130005,-0.014617919921875,-0.0012224987149238586,0.0020004436373710632,0.00040924549102783203,103506068369186,5.487,1449282,12077.35,34,True,0.5239509344100952,1.1518549919128418,-5.2227606773376465,0.7216441035270691,-0.05860976502299309,-0.6833666563034058,0.09383366256952286,1441164,0.5235210657119751,1.1527634859085083,-5.209558010101318,0.7171733245109677,0.09203942692836133,-0.688115643494409,-0.06072913369100718,0.012703024288549768,0.0037296123889813777,0.0002091314023981475,0.01324086744103262,-0.0078928491381274,0.0014051835955312122,0.21452173947245204,0.9766863118142176,24.79251004737117
103506173944071,67.757472155,73196909,0.2884179353713989,-0.01761835813522339,0.6150054931640625,-0.0013835243880748749,-0.017736006528139114,0.16462719440460205,30.959089279174805,0,-0.1037607192993164,-0.05578213930130005,-0.014617919921875,-0.0012224987149238586,0.0020004436373710632,0.00040924549102783203,103506168894357,5.050,1449294,12077.45,34,True,0.5243822932243347,1.150431513786316,-5.225525856018066,0.7167946100234985,-0.09112883359193802,-0.6797264814376831,0.125987708568573,1441164,0.5235210657119751,1.1527634859085083,-5.209558010101318,0.7171733245109677,0.09203942692836133,-0.688115643494409,-0.06072913369100718,0.015109991789851264,0.005730491976286674,-3.898522895093954e-05,0.0161601952348273,-0.008616527846378452,-0.00030577750417626337,0.25930185114448956,0.9657578433235898,30.074284232846143
103506274150789,67.857678873,73296840,0.5664858818054199,0.11537182331085205,0.530670166015625,-0.0059539154171943665,-0.025699477642774582,0.1925736665725708,30.959089279174805,0,-0.1037607192993164,-0.05578213930130005,-0.014617919921875,-0.0012224987149238586,0.0020004436373710632,0.00040924549102783203,103506267962861,6.188,1449306,12077.55,34,True,0.5245578289031982,1.1497578620910645,-5.228541374206543,0.7117959856987,-0.1262703686952591,-0.6732922792434692,0.15517689287662506,1441164,0.5235210657119751,1.1527634859085083,-5.209558010101318,0.7171733245109677,0.09203942692836133,-0.688115643494409,-0.06072913369100718,0.017913680122651696,0.0070409041122677036,-4.998943244791305e-05,0.019247772993211218,-0.005657429919907336,0.0003165882573470946,0.303739124985549,0.9527383886521996,35.371001725264605
103506374363038,67.957891122,73397164,0.7841147184371948,0.10246044397354126,0.56256103515625,-0.007074184715747833,-0.018449679017066956,0.2152855396270752,30.959089279174805,0,-0.1037607192993164,-0.05578213930130005,-0.014617919921875,-0.0012224987149238586,0.0020004436373710632,0.00040924549102783203,103506369786534,4.577,1449318,12077.65,34,True,0.5244377851486206,1.1484042406082153,-5.2307538986206055,0.70633864402771,-0.15602202713489532,-0.665170431137085,0.18517892062664032,1441164,0.5235210657119751,1.1527634859085083,-5.209558010101318,0.7171733245109677,0.09203942692836133,-0.688115643494409,-0.06072913369100718,0.019776539892484738,0.008828773213650939,0.00022431597931611865,0.021658926202277367,-0.007117612873127845,0.0014315018429886253,0.34472556089391054,0.9386754380806183,40.33941965107699
103506474530068,68.058058152,73497293,0.9303520917892456,0.18393796682357788,0.6113739013671875,-0.007867362350225449,-0.020902365446090698,0.24407422542572021,30.959089279174805,0,-0.1037607192993164,-0.05578213930130005,-0.014617919921875,-0.0012224987149238586,0.0020004436373710632,0.00040924549102783203,103506467278184,7.252,1449330,12077.75,34,True,0.5249857902526855,1.1482006311416626,-5.232437610626221,0.6996945142745972,-0.17717349529266357,-0.6625115275382996,0.20028901100158691,1441164,0.5235210657119751,1.1527634859085083,-5.209558010101318,0.7171733245109677,0.09203942692836133,-0.688115643494409,-0.06072913369100718,0.021395394707714,0.009413910202822288,-0.00023782719970583512,0.023376081403490144,-0.0032407424137992917,-0.0013397466536529958,0.36951932612241456,0.929216428120784,43.3740038373086
103506574732402,68.158260486,73597172,1.1348755359649658,0.19402742385864258,0.678924560546875,-0.008427727967500687,-0.027265053242444992,0.2595571279525757,30.959089279174805,0,-0.1037607192993164,-0.05578213930130005,-0.014617919921875,-0.0012224987149238586,0.0020004436373710632,0.00040924549102783203,103506570246407,4.486,1449342,12077.85,34,True,0.525261402130127,1.1475807428359985,-5.233127117156982,0.6948146224021912,-0.18683378398418427,-0.6609834432601929,0.2131355106830597,1441164,0.5235210657119751,1.1527634859085083,-5.209558010101318,0.7171733245109677,0.09203942692836133,-0.688115643494409,-0.06072913369100718,0.021944519270617392,0.010179472792030304,-0.0004569591482441004,0.02419488383946795,-0.005650805815165195,-0.004197498692799507,0.3847453611468749,0.9229959135740115,45.26385961263235
103506674974025,68.258502109,73697707,1.0027108192443848,0.20282280445098877,0.530609130859375,-0.008792512118816376,-0.023521367460489273,0.26935505867004395,30.959089279174805,0,-0.1037607192993164,-0.05578213930130005,-0.014617919921875,-0.0012224987149238586,0.0020004436373710632,0.00040924549102783203,103506668790593,6.183,1449354,12077.95,34,True,0.5254809260368347,1.1472854614257812,-5.233678340911865,0.693760871887207,-0.20066043734550476,-0.6562455892562866,0.21857020258903503,1441164,0.5235210657119751,1.1527634859085083,-5.209558010101318,0.7171733245109677,0.09203942692836133,-0.688115643494409,-0.06072913369100718,0.022426666279743962,0.010596044323727556,-0.0006392553504891338,0.024812097112830524,-0.0004061616479925368,-0.0011852638370732362,0.39801647464459033,0.917377412025086,46.90872064368734
103506775139206,68.358667290,73797983,1.0434820652008057,0.18285423517227173,0.4251556396484375,-0.008653949946165085,-0.024723805487155914,0.2746537923812866,30.959089279174805,0,-0.1037607192993164,-0.05578213930130005,-0.014617919921875,-0.0012224987149238586,0.0020004436373710632,0.00040924549102783203,103506769979900,5.159,1449366,12078.05,34,True,0.5259344577789307,1.1476435661315918,-5.2337541580200195,0.6925005316734314,-0.20401780307292938,-0.6557407975196838,0.22096125781536102,1441164,0.5235210657119751,1.1527634859085083,-5.209558010101318,0.7171733245109677,0.09203942692836133,-0.688115643494409,-0.06072913369100718,0.022594205448840367,0.010284824624491522,-0.0011026678890841148,0.024849378541415723,0.00021937182513812053,-0.0017066818029834456,0.4019229224584099,0.9156718863849195,47.39735056974359
103506875389265,68.458917349,73897930,1.0279347896575928,0.1306600570678711,0.339630126953125,-0.009730421006679535,-0.025946352630853653,0.27833807468414307,30.959089279174805,0,-0.1037607192993164,-0.05578213930130005,-0.014617919921875,-0.0012224987149238586,0.0020004436373710632,0.00040924549102783203,103506867723958,7.665,1449378,12078.15,34,True,0.5257213115692139,1.1472489833831787,-5.234353542327881,0.6918540000915527,-0.20895704627037048,-0.6537459492683411,0.22425712645053864,1441164,0.5235210657119751,1.1527634859085083,-5.209558010101318,0.7171733245109677,0.09203942692836133,-0.688115643494409,-0.06072913369100718,0.023086341332535662,0.010787619954977106,-0.0008469580375069711,0.02549645540722597,0.0011100918799786532,-0.0007243123389406026,0.4075525212418665,0.9131808065750461,48.10263140604218
103506976792287,68.560320371,73998308,1.0473477840423584,0.2433437705039978,0.3184814453125,-0.00816420465707779,-0.02652813121676445,0.2821582555770874,30.959089279174805,0,-0.1037607192993164,-0.05578213930130005,-0.014617919921875,-0.0012224987149238586,0.0020004436373710632,0.00040924549102783203,103506976473827,0.318,1449391,12078.258333333333,34,True,0.5257443785667419,1.147007942199707,-5.234780311584473,0.6903799772262573,-0.21336966753005981,-0.6524585485458374,0.22835658490657806,1441164,0.5235210657119751,1.1527634859085083,-5.209558010101318,0.7171733245109677,0.09203942692836133,-0.688115643494409,-0.06072913369100718,0.02345165482052968,0.011115148949884662,-0.0008409789187761973,0.02596601424056494,0.0011774878622379805,-0.0009246582194696319,0.4133241888844856,0.9105827109123551,48.82799508013818
103507076997029,68.660525113,74099709,0.9843354225158691,0.2523800730705261,0.298126220703125,-0.007226001471281052,-0.024340994656085968,0.28393495082855225,30.959089279174805,0,-0.1037607192993164,-0.05578213930130005,-0.014617919921875,-0.0012224987149238586,0.0020004436373710632,0.00040924549102783203,103507076727821,0.269,1449403,12078.358333333334,34,True,0.5257893204689026,1.1470227241516113,-5.234978199005127,0.6898241639137268,-0.21533048152923584,-0.6516997814178467,0.2303537279367447,1441164,0.5235210657119751,1.1527634859085083,-5.209558010101318,0.7171733245109677,0.09203942692836133,-0.688115643494409,-0.06072913369100718,0.023649563919226485,0.011145206638392764,-0.0008773964412028623,0.02615888623579163,0.0010583745006364225,-0.0008276918666725866,0.41600745691571894,0.9093602094660326,49.16582716788056
103507177167788,68.760695872,74199884,1.0023467540740967,0.18496578931808472,0.383880615234375,-0.009509105235338211,-0.024207398295402527,0.28537774085998535,30.959089279174805,0,-0.1037607192993164,-0.05578213930130005,-0.014617919921875,-0.0012224987149238586,0.0020004436373710632,0.00040924549102783203,103507176844541,0.323,1449415,12078.458333333334,34,True,0.525836169719696,1.1467419862747192,-5.23508882522583,0.6890555024147034,-0.21788346767425537,-0.6505751013755798,0.23341244459152222,1441164,0.5235210657119751,1.1527634859085083,-5.209558010101318,0.7171733245109677,0.09203942692836133,-0.688115643494409,-0.06072913369100718,0.02369867854512673,0.011445035736588664,-0.0009080074510939987,0.0263332619576133,0.000564659466918971,-0.0006765112431459387,0.419804096481516,0.9076143146015064,49.644556570225305
103507277362106,68.860890190,74300047,1.1141908168792725,0.24044883251190186,0.2550506591796875,-0.009489595890045166,-0.02734394744038582,0.28777313232421875,30.959089279174805,0,-0.1037607192993164,-0.05578213930130005,-0.014617919921875,-0.0012224987149238586,0.0020004436373710632,0.00040924549102783203,103507268348372,9.014,1449426,12078.55,34,True,0.5258485674858093,1.1464177370071411,-5.235086917877197,0.688441812992096,-0.21911369264125824,-0.6503148078918457,0.23479297757148743,1441164,0.5235210657119751,1.1527634859085083,-5.209558010101318,0.7171733245109677,0.09203942692836133,-0.688115643494409,-0.06072913369100718,0.023627358151160353,0.011761592521327552,-0.0009076420080533902,0.02640853888150071,0.00043442664829917993,-0.0009644779521710279,0.42156405438268835,0.9067980089899828,49.86691215345002
103507377634776,68.961162860,74400225,0.9758298397064209,0.3101154565811157,0.5125579833984375,-0.00923696905374527,-0.02034096047282219,0.2880922555923462,30.959089279174805,0,-0.1037607192993164,-0.05578213930130005,-0.014617919921875,-0.0012224987149238586,0.0020004436373710632,0.00040924549102783203,103507376625997,1.009,1449439,12078.658333333333,34,True,0.5257861018180847,1.1461637020111084,-5.23480749130249,0.6888013482093811,-0.21793459355831146,-0.6507255434989929,0.2336956113576889,1441164,0.5235210657119751,1.1527634859085083,-5.209558010101318,0.7171733245109677,0.09203942692836133,-0.688115643494409,-0.06072913369100718,0.023297668505189783,0.011946689785174278,-0.0008479872533193389,0.026195874426762154,0.00042604148114208656,-0.000982249412739278,0.42002133008186837,0.9075136009730134,49.67204061589057
103507477856010,69.061384094,74500503,0.9961979389190674,0.3581104874610901,0.489227294921875,-0.010959256440401077,-0.0209452286362648,0.28903627395629883,30.959089279174805,0,-0.1037607192993164,-0.05578213930130005,-0.014617919921875,-0.0012224987149238586,0.0020004436373710632,0.00040924549102783203,103507475988716,1.867,1449451,12078.758333333333,34,True,0.5258287191390991,1.1462470293045044,-5.2349419593811035,0.6882886290550232,-0.21965345740318298,-0.6502975821495056,0.23478534817695618,1441164,0.5235210657119751,1.1527634859085083,-5.209558010101318,0.7171733245109677,0.09203942692836133,-0.688115643494409,-0.06072913369100718,0.023448386050413706,0.01189619903896425,-0.0008876891947066814,0.02630844640130407,0.0008190361171246386,-0.001024050745125127,0.42193077453718697,0.9066271019544694,49.91334853832007
103507578103273,69.161631357,74600652,1.0374469757080078,0.2948785424232483,0.61834716796875,-0.011084899306297302,-0.023915309458971024,0.2896444797515869,30.959089279174805,0,-0.1037607192993164,-0.05578213930130005,-0.014617919921875,-0.0012224987149238586,0.0020004436373710632,0.00040924549102783203,103507576486562,1.617,1449463,12078.858333333334,34,True,0.5256125926971436,1.1466221809387207,-5.23561429977417,0.6870734691619873,-0.2262677699327469,-0.6482163071632385,0.23779961466789246,1441164,0.5235210657119751,1.1527634859085083,-5.209558010101318,0.7171733245109677,0.09203942692836133,-0.688115643494409,-0.06072913369100718,0.024177556254980238,0.01166343059106686,-0.0006561278547726054,0.026851821975001564,0.00309093261889637,-0.00024333624639444337,0.4285102868003455,0.9035315827514291,50.747535157020316
103507679169088,69.262697172,74700823,1.122851848602295,0.22993570566177368,0.4726409912109375,-0.010460611432790756,-0.02108149230480194,0.29246342182159424,30.959089279174805,0,-0.1037607192993164,-0.05578213930130005,-0.014617919921875,-0.0012224987149238586,0.0020004436373710632,0.00040924549102783203,103507678859906,0.309,1449475,12078.958333333334,34,True,0.5253584384918213,1.146721363067627,-5.235820293426514,0.6855674386024475,-0.23165911436080933,-0.6464378833770752,0.24176308512687683,1441164,0.5235210657119751,1.1527634859085083,-5.209558010101318,0.7171733245109677,0.09203942692836133,-0.688115643494409,-0.06072913369100718,0.02439078893210605,0.011598385547735287,-0.0003969641857774313,0.02701093690728353,0.0038860807730344564,-4.160521970753007e-05,0.4348575482698067,0.9004908713351868,51.55466943320803
103507779277580,69.362805664,74802001,1.0167522430419922,0.3525390625,0.383758544921875,-0.010013103485107422,-0.02225213497877121,0.29384756088256836,30.959089279174805,0,-0.1037607192993164,-0.05578213930130005,-0.014617919921875,-0.0012224987149238586,0.0020004436373710632,0.00040924549102783203,103507777204306,2.073,1449487,12079.058333333332,34,True,0.5253375172615051,1.1467481851577759,-5.235920429229736,0.6855787634849548,-0.23311395943164825,-0.6456239223480225,0.2425064593553543,1441164,0.5235210657119751,1.1527634859085083,-5.209558010101318,0.7171733245109677,0.09203942692836133,-0.688115643494409,-0.06072913369100718,0.024493531633124933,0.01159260877468556,-0.00037257427463733054,0.027100931379860912,0.004278449990671841,0.0005698704920562015,0.43636406157840585,0.8997598434449589,51.74696467241764
103507879426482,69.462954566,74902007,1.178976058959961,0.1985321044921875,0.5333404541015625,-0.0133400559425354,-0.029532458633184433,0.2952401638031006,30.959089279174805,0,-0.1037607192993164,-0.05578213930130005,-0.014617919921875,-0.0012224987149238586,0.0020004436373710632,0.00040924549102783203,103507877349249,2.077,1449499,12079.158333333333,34,True,0.5253448486328125,1.1468358039855957,-5.235727787017822,0.6853497624397278,-0.23173630237579346,-0.6464123725891113,0.24237382411956787,1441164,0.5235210657119751,1.1527634859085083,-5.209558010101318,0.7171733245109677,0.09203942692836133,-0.688115643494409,-0.06072913369100718,0.024324702386155046,0.011466293907703193,-0.0003921464373108114,0.02689462438817735,0.003512060531700362,-0.00022462043703336268,0.4353115691067691,0.9002729879199329,51.6120529758432
103507979567559,69.563095643,75002276,1.0243175029754639,0.23578691482543945,0.639312744140625,-0.01264941319823265,-0.027279023081064224,0.29472672939300537,30.959089279174805,0,-0.1037607192993164,-0.05578213930130005,-0.014617919921875,-0.0012224987149238586,0.0020004436373710632,0.00040924549102783203,103507977143039,2.425,1449511,12079.258333333333,34,True,0.5254005193710327,1.1467359066009521,-5.235444068908691,0.686566174030304,-0.2323918640613556,-0.6460309624671936,0.2393009066581726,1441164,0.5235210657119751,1.1527634859085083,-5.209558010101318,0.7171733245109677,0.09203942692836133,-0.688115643494409,-0.06072913369100718,0.024028315056419478,0.011505806969212861,-0.0004567061208892709,0.026644926326492253,0.0060580008328406385,0.001208589812771388,0.4337559970596179,0.9010091980392823,51.41791894509388
103508079704514,69.663232598,75102388,1.0680339336395264,0.31253862380981445,0.725250244140625,-0.011283989995718002,-0.02710271254181862,0.2937523126602173,30.959089279174805,0,-0.1037607192993164,-0.05578213930130005,-0.014617919921875,-0.0012224987149238586,0.0020004436373710632,0.00040924549102783203,103508078609788,1.095,1449523,12079.358333333334,34,True,0.5254035592079163,1.1468175649642944,-5.235551357269287,0.6869409680366516,-0.23150210082530975,-0.6464018225669861,0.23808321356773376,1441164,0.5235210657119751,1.1527634859085083,-5.209558010101318,0.7171733245109677,0.09203942692836133,-0.688115643494409,-0.06072913369100718,0.024150723532252238,0.011449217147353714,-0.00045807664545437395,0.026731102757493023,0.0063304105686082255,0.0012585616647621813,0.4323369801180279,0.9016890137663832,51.238047172633664
103508179997001,69.763525085,75202593,0.9198033809661865,0.23672831058502197,0.7434234619140625,-0.013638414442539215,-0.026357274502515793,0.28893017768859863,30.959089279174805,0,-0.1037607192993164,-0.05578213930130005,-0.014617919921875,-0.0012224987149238586,0.0020004436373710632,0.00040924549102783203,103508177188908,2.808,1449535,12079.458333333334,34,True,0.5253174304962158,1.1470307111740112,-5.2357282638549805,0.6861843466758728,-0.22989369928836823,-0.647072970867157,0.2399928718805313,1441164,0.5235210657119751,1.1527634859085083,-5.209558010101318,0.7171733245109677,0.09203942692836133,-0.688115643494409,-0.06072913369100718,0.024366200012150407,0.011274900408258768,-0.00037246728358607847,0.026850955553305998,0.003961809373072806,-1.685164463716138e-05,0.4324686560277634,0.9016402638170357,51.25096546103456
103508280235763,69.863763847,75303167,1.1382408142089844,0.2725125551223755,0.6614990234375,-0.009241901338100433,-0.02797606959939003,0.2848210334777832,30.959089279174805,0,-0.1037607192993164,-0.05578213930130005,-0.014617919921875,-0.0012224987149238586,0.0020004436373710632,0.00040924549102783203,103508277343128,2.893,1449547,12079.558333333332,34,True,0.52544105052948,1.1470270156860352,-5.235714912414551,0.6883265376091003,-0.22838148474693298,-0.6470991373062134,0.23518338799476624,1441164,0.5235210657119751,1.1527634859085083,-5.209558010101318,0.7171733245109677,0.09203942692836133,-0.688115643494409,-0.06072913369100718,0.024356831371607254,0.011281639878547908,-0.0004963246141392434,0.02684728982479897,0.0062427794001299625,0.001789284196966057,0.4282734176069126,0.9036258661297378,50.72231685051767
103508380502442,69.964030526,75403286,1.1761202812194824,-0.004603087902069092,0.4874114990234375,-0.014065124094486237,-0.03094710037112236,0.27382588386535645,30.959089279174805,0,-0.1037607192993164,-0.05578213930130005,-0.014617919921875,-0.0012224987149238586,0.0020004436373710632,0.00040924549102783203,103508376849734,3.653,1449559,12079.658333333333,34,True,0.5257778167724609,1.1474542617797852,-5.234538555145264,0.6930207014083862,-0.205900639295578,-0.6544086337089539,0.22153225541114807,1441164,0.5235210657119751,1.1527634859085083,-5.209558010101318,0.7171733245109677,0.09203942692836133,-0.688115643494409,-0.06072913369100718,0.023313173888203382,0.01062962165784967,-0.0009030412836444053,0.02563802677451213,0.0009512756184572315,-0.000331563910149213,0.4036331609830182,0.9149203552741234,47.611162047941804
103508480616654,70.064144738,75503390,1.1779074668884277,0.0305478572845459,0.37646484375,-0.00934753566980362,-0.02748527005314827,0.2404392957687378,30.959089279174805,0,-0.1037607192993164,-0.05578213930130005,-0.014617919921875,-0.0012224987149238586,0.0020004436373710632,0.00040924549102783203,103508477447794,3.169,1449571,12079.758333333333,34,True,0.5249154567718506,1.148796558380127,-5.232310771942139,0.7022427916526794,-0.16861404478549957,-0.6629543304443359,0.19727149605751038,1441164,0.5235210657119751,1.1527634859085083,-5.209558010101318,0.7171733245109677,0.09203942692836133,-0.688115643494409,-0.06072913369100718,0.021397565907807573,0.008801953335769618,-0.00019698356364078787,0.023138042523696327,-0.007080552021400526,-0.00014588126589271114,0.361565741739213,0.9323197192499477,42.40129347403499
103508580841615,70.164369699,75603268,1.1152026653289795,-0.3210199475288391,0.5195770263671875,-0.009234420955181122,-0.026790019124746323,0.18975400924682617,30.959089279174805,0,-0.1037607192993164,-0.05578213930130005,-0.014617919921875,-0.0012224987149238586,0.0020004436373710632,0.00040924549102783203,103508578522163,2.319,1449583,12079.858333333334,34,True,0.5245346426963806,1.1512150764465332,-5.228241443634033,0.7143028378486633,-0.12193954735994339,-0.6730730533599854,0.14790165424346924,1441164,0.5235210657119751,1.1527634859085083,-5.209558010101318,0.7171733245109677,0.09203942692836133,-0.688115643494409,-0.06072913369100718,0.017934333102365026,0.005553886594647373,-9.817639143126528e-05,0.018774866144306443,-0.0035923453416386035,0.0026054171332047242,0.29584439513107946,0.9552258375515364,34.420348267962346
103508681194602,70.264722686,75703667,0.7726657390594482,-0.3113505244255066,0.423919677734375,-0.004953324794769287,-0.01948503777384758,0.14208555221557617,30.959089279174805,0,-0.1037607192993164,-0.05578213930130005,-0.014617919921875,-0.0012224987149238586,0.0020004436373710632,0.00040924549102783203,103508678343300,2.851,1449595,12079.958333333334,34,True,0.5242177844047546,1.1513303518295288,-5.224606037139893,0.7202404737472534,-0.07805825769901276,-0.6804975867271423,0.10992585867643356,1441164,0.5235210657119751,1.1527634859085083,-5.209558010101318,0.7171733245109677,0.09203942692836133,-0.688115643494409,-0.06072913369100718,0.014400269654060374,0.004648910210252556,4.770457230794949e-05,0.015132164682518547,-0.006229757116247729,0.0021969176982361005,0.23923954158132296,0.9709381058661042,27.694084843260306
103508781338717,70.364866801,75804040,0.6067564487457275,0.11759775876998901,0.45587158203125,8.396804332733154e-06,-0.010432466864585876,0.10444903373718262,30.959089279174805,0,-0.1037607192993164,-0.05578213930130005,-0.014617919921875,-0.0012224987149238586,0.0020004436373710632,0.00040924549102783203,103508778203430,3.135,1449607,12080.058333333332,34,True,0.5241743922233582,1.1513299942016602,-5.222349166870117,0.7243853211402893,-0.05312242731451988,-0.6830016374588013,0.07715412974357605,1441164,0.5235210657119751,1.1527634859085083,-5.209558010101318,0.7171733245109677,0.09203942692836133,-0.688115643494409,-0.06072913369100718,0.012196334891518288,0.004164696697416037,-1.192143162622296e-05,0.012887801421812273,9.32758152363822e-05,0.004755173319593798,0.19933905082515016,0.9799190387182255,23.003256387616204
103508881600442,70.465128526,75904152,0.589951753616333,0.25055116415023804,0.535003662109375,-0.00036114081740379333,-0.003907736390829086,0.07775020599365234,30.959089279174805,0,-0.1037607192993164,-0.05578213930130005,-0.014617919921875,-0.0012224987149238586,0.0020004436373710632,0.00040924549102783203,103508877161118,4.439,1449619,12080.158333333333,34,True,0.5239845514297485,1.1505602598190308,-5.220873832702637,0.7254108190536499,-0.03417399525642395,-0.6840572357177734,0.06838840991258621,1441164,0.5235210657119751,1.1527634859085083,-5.209558010101318,0.7171733245109677,0.09203942692836133,-0.688115643494409,-0.06072913369100718,0.010583884179934952,0.00459112818866394,0.00014072305219796593,0.011537628237919694,-0.006624017225481848,0.004359857736750683,0.17987641235463162,0.983657252458771,20.745476080812768
103508981911534,70.565439618,76004405,0.45596587657928467,0.4580801725387573,0.4217529296875,0.0013791471719741821,-0.0015792138874530792,0.06459248065948486,30.959089279174805,0,-0.1037607192993164,-0.05578213930130005,-0.014617919921875,-0.0012224987149238586,0.0020004436373710632,0.00040924549102783203,103508979271299,2.640,1449631,12080.258333333333,34,True,0.5239397287368774,1.1502500772476196,-5.219943523406982,0.7264592051506042,-0.018321657553315163,-0.6846979260444641,0.055767711251974106,1441164,0.5235210657119751,1.1527634859085083,-5.209558010101318,0.7171733245109677,0.09203942692836133,-0.688115643494409,-0.06072913369100718,0.009607582820475266,0.004692720296893304,0.00015529652285240143,0.01069352086298876,-0.008485729383287519,0.004820685850538242,0.15995844359442313,0.9870755035495582,18.443498601688685
103509082206137,70.665734221,76104831,0.5508036613464355,0.44117093086242676,0.4166107177734375,-0.0019213370978832245,-0.004529058933258057,0.052727341651916504,30.959089279174805,0,-0.1037607192993164,-0.05578213930130005,-0.014617919921875,-0.0012224987149238586,0.0020004436373710632,0.00040924549102783203,103509076901689,5.304,1449643,12080.358333333334,34,True,0.5241024494171143,1.1499195098876953,-5.219033241271973,0.7268428802490234,-0.01603664830327034,-0.6850612759590149,0.04618729650974274,1441164,0.5235210657119751,1.1527634859085083,-5.209558010101318,0.7171733245109677,0.09203942692836133,-0.688115643494409,-0.06072913369100718,0.008653911669406197,0.004828535970623833,-3.557464555634961e-05,0.009909904760233545,-0.0031771196741493105,0.005567123043156042,0.15178464028482055,0.9883928045191376,17.476411031081458
103509182311865,70.765839949,76205170,0.4511150121688843,0.60227370262146,0.2825927734375,-0.0018301978707313538,-0.007197331637144089,0.050728797912597656,30.959089279174805,0,-0.1037607192993164,-0.05578213930130005,-0.014617919921875,-0.0012224987149238586,0.0020004436373710632,0.00040924549102783203,103509177203047,5.109,1449655,12080.458333333334,34,True,0.524105429649353,1.150525689125061,-5.218149185180664,0.7273509502410889,-0.008824790827929974,-0.685173749923706,0.03767884522676468,1441164,0.5235210657119751,1.1527634859085083,-5.209558010101318,0.7171733245109677,0.09203942692836133,-0.688115643494409,-0.06072913369100718,0.007922030249514848,0.0040482541480784725,-0.00010285901818796037,0.008897050348249438,-0.0020581798378738175,0.0061812135127897756,0.1408112771542259,0.9900150204524476,16.207022965562906
103509282511014,70.866039098,76305223,0.29934167861938477,0.42864513397216797,0.3718719482421875,-0.0010089278221130371,-0.0032154545187950134,0.05205345153808594,30.959089279174805,0,-0.1037607192993164,-0.05578213930130005,-0.014617919921875,-0.0012224987149238586,0.0020004436373710632,0.00040924549102783203,103509279600914,2.910,1449667,12080.558333333332,34,True,0.5241318941116333,1.151711106300354,-5.217528343200684,0.7265514731407166,-0.0029785828664898872,-0.6862965822219849,0.03333505988121033,1441164,0.5235210657119751,1.1527634859085083,-5.209558010101318,0.7171733245109677,0.09203942692836133,-0.688115643494409,-0.06072913369100718,0.007572724474105729,0.002760226557494937,-0.00020449273557949246,0.008062680936780583,-0.0028139034699943047,0.004870579607298421,0.1336241051149676,0.9910161239524686,15.371815941610137
103509382755353,70.966283437,76405283,0.2315521240234375,0.22452247142791748,0.409942626953125,-0.002602033317089081,-0.016512736678123474,0.04838407039642334,30.959089279174805,0,-0.1037607192993164,-0.05578213930130005,-0.014617919921875,-0.0012224987149238586,0.0020004436373710632,0.00040924549102783203,103509378064598,4.691,1449679,12080.658333333333,34,True,0.5241034030914307,1.1520586013793945,-5.216964244842529,0.7262930870056152,0.002779904520139098,-0.6867662668228149,0.029029730707406998,1441164,0.5235210657119751,1.1527634859085083,-5.209558010101318,0.7171733245109677,0.09203942692836133,-0.688115643494409,-0.06072913369100718,0.007096158111684915,0.002299212323960621,-0.00021553377491928533,0.007462458848450353,-0.003629820604333934,0.0044024872051045,0.1265364579837214,0.9919455465446292,14.553839988721824
103509482825961,71.066354045,76505816,0.12126517295837402,0.0913192629814148,0.4510955810546875,-0.004618115723133087,-0.017991412431001663,0.04659616947174072,30.959089279174805,0,-0.1037607192993164,-0.05578213930130005,-0.014617919921875,-0.0012224987149238586,0.0020004436373710632,0.00040924549102783203,103509475488046,7.338,1449691,12080.758333333333,34,True,0.5240181088447571,1.1516449451446533,-5.216239929199219,0.7261751890182495,0.0077041639015078545,-0.686962366104126,0.026323867961764336,1441164,0.5235210657119751,1.1527634859085083,-5.209558010101318,0.7171733245109677,0.09203942692836133,-0.688115643494409,-0.06072913369100718,0.0062971016197615895,0.002543837479930553,-0.00014707213615612667,0.006793101511617281,-0.005052499245877075,0.004130722651496389,0.12114402225859844,0.9926134873417524,13.936542344006691
103509582902383,71.166430467,76605485,0.007902264595031738,0.269087016582489,0.3393402099609375,-0.004541471600532532,-0.018722888082265854,0.04669225215911865,30.959089279174805,0,-0.1037607192993164,-0.05578213930130005,-0.014617919921875,-0.0012224987149238586,0.0020004436373710632,0.00040924549102783203,103509577204997,5.697,1449703,12080.858333333334,34,True,0.524179220199585,1.1508185863494873,-5.215805530548096,0.7256219983100891,0.012202332727611065,-0.6877652406692505,0.017400966957211494,1441164,0.5235210657119751,1.1527634859085083,-5.209558010101318,0.7171733245109677,0.09203942692836133,-0.688115643494409,-0.06072913369100718,0.00570085829477664,0.0032650412931060505,-0.00029501426123293146,0.006576268954136689,-0.0016410020904169542,0.003722352042314192,0.11177591011433728,0.993725111449602,12.843931825750262
103509683131477,71.266659561,76705676,0.003198862075805664,0.4499785900115967,0.40277099609375,-0.0023080110549926758,-0.012315325438976288,0.03808236122131348,30.959089279174805,0,-0.1037607192993164,-0.05578213930130005,-0.014617919921875,-0.0012224987149238586,0.0020004436373710632,0.00040924549102783203,103509678757877,4.374,1449715,12080.958333333334,34,True,0.5241845846176147,1.1504716873168945,-5.215336799621582,0.724716305732727,0.017142871394753456,-0.6886919736862183,0.013997125439345837,1441164,0.5235210657119751,1.1527634859085083,-5.209558010101318,0.7171733245109677,0.09203942692836133,-0.688115643494409,-0.06072913369100718,0.00516886661324624,0.0035035615217555117,-0.00030802766095903696,0.006251960207980641,-0.0024592216049408888,0.0024477554138454542,0.10586336306010627,0.9943746321604027,12.160372765003176
103509783339348,71.366867432,76805964,-0.02152383327484131,0.4279794692993164,0.528167724609375,-0.0050568245351314545,-0.01483641192317009,0.03722095489501953,30.959089279174805,0,-0.1037607192993164,-0.05578213930130005,-0.014617919921875,-0.0012224987149238586,0.0020004436373710632,0.00040924549102783203,103509777426184,5.913,1449727,12081.058333333332,34,True,0.524182915687561,1.1503431797027588,-5.215032577514648,0.7248258590698242,0.01861250400543213,-0.6885808110237122,0.011732629500329494,1441164,0.5235210657119751,1.1527634859085083,-5.209558010101318,0.7171733245109677,0.09203942692836133,-0.688115643494409,-0.06072913369100718,0.00484423577343593,0.0035638283453932797,-0.000315155800840308,0.0060221936105432795,-0.0018633472027320965,0.0027220370698066714,0.10325448015898996,0.9946495014719956,11.859287062259288
103509883450666,71.466978750,76906291,-0.061129212379455566,0.5507967174053192,0.4432220458984375,-0.0021101273596286774,-0.012582492083311081,0.0380326509475708,30.959089279174805,0,-0.1037607192993164,-0.05578213930130005,-0.014617919921875,-0.0012224987149238586,0.0020004436373710632,0.00040924549102783203,103509881369998,2.081,1449739,12081.158333333333,34,True,0.5241600275039673,1.1504554748535156,-5.215048789978027,0.7247207760810852,0.01868908852338791,-0.6886774897575378,0.012400643900036812,1441164,0.5235210657119751,1.1527634859085083,-5.209558010101318,0.7171733245109677,0.09203942692836133,-0.688115643494409,-0.06072913369100718,0.004883441166610794,0.0034566211744872285,-0.0002960123044809945,0.005990313084978665,-0.0023798486550337884,0.00251425809557726,0.10365543635697533,0.9946072417493516,11.906070931022406
103509983534636,71.567062720,77006221,-0.04313802719116211,0.49803394079208374,0.5974273681640625,-0.0010849684476852417,-0.009259629994630814,0.04175400733947754,30.959089279174805,0,-0.1037607192993164,-0.05578213930130005,-0.014617919921875,-0.0012224987149238586,0.0020004436373710632,0.00040924549102783203,103509976106305,7.428,1449751,12081.258333333333,34,True,0.5241029262542725,1.1504521369934082,-5.214858055114746,0.725170910358429,0.018239500001072884,-0.6882301568984985,0.011564698070287704,1441164,0.5235210657119751,1.1527634859085083,-5.209558010101318,0.7171733245109677,0.09203942692836133,-0.688115643494409,-0.06072913369100718,0.004694540573768702,0.003416337742136193,-0.00024758407717862294,0.005811314192364511,-0.001539470155359775,0.003249060724107245,0.10341690200577923,0.9946315991439136,11.879128350661642
103510083614281,71.667142365,77106460,-0.14151185750961304,0.450300395488739,0.6565093994140625,-0.004777148365974426,-0.0154682956635952,0.043561458587646484,30.959089279174805,0,-0.1037607192993164,-0.05578213930130005,-0.014617919921875,-0.0012224987149238586,0.0020004436373710632,0.00040924549102783203,103510076034424,7.580,1449763,12081.358333333334,34,True,0.5241382718086243,1.1501330137252808,-5.2149786949157715,0.7254722118377686,0.018678680062294006,-0.6879032254219055,0.011423032730817795,1441164,0.5235210657119751,1.1527634859085083,-5.209558010101318,0.7171733245109677,0.09203942692836133,-0.688115643494409,-0.06072913369100718,0.004744736252092995,0.0037552021698279135,-0.0002647370240667772,0.00605674426817886,-0.0017884664621408302,0.003677225035739918,0.10301232195492492,0.9946716749406335,11.834666085052048
103510183734296,71.767262380,77206355,-0.1198226809501648,0.6058363318443298,0.442230224609375,-0.003333020955324173,-0.010800924152135849,0.04154479503631592,30.959089279174805,0,-0.1037607192993164,-0.05578213930130005,-0.014617919921875,-0.0012224987149238586,0.0020004436373710632,0.00040924549102783203,103510176811031,6.923,1449775,12081.458333333334,34,True,0.5241804718971252,1.1494731903076172,-5.215077877044678,0.7253780364990234,0.019593125209212303,-0.6879773139953613,0.011404994875192642,1441164,0.5235210657119751,1.1527634859085083,-5.209558010101318,0.7171733245109677,0.09203942692836133,-0.688115643494409,-0.06072913369100718,0.0047007874422608075,0.004422226338965414,-0.0002762324388860116,0.006459860116956812,-0.0023922360336282086,0.003505414104723048,0.1023399314114892,0.9947404323326792,11.757992620474647
103510283792968,71.867321052,77306611,-0.01638615131378174,0.7431217432022095,0.358428955078125,-0.002109020948410034,-0.005009982734918594,0.04050743579864502,30.959089279174805,0,-0.1037607192993164,-0.05578213930130005,-0.014617919921875,-0.0012224987149238586,0.0020004436373710632,0.00040924549102783203,103510279228313,4.565,1449787,12081.558333333332,34,True,0.5242012143135071,1.1498366594314575,-5.214993953704834,0.725043535232544,0.019147304818034172,-0.6883605122566223,0.010248679667711258,1441164,0.5235210657119751,1.1527634859085083,-5.209558010101318,0.7171733245109677,0.09203942692836133,-0.688115643494409,-0.06072913369100718,0.004698003056051836,0.0040506603655762015,-0.00031514456303660416,0.006211151117750545,-0.001200598373397163,0.00313391996854745,0.10185647075428261,0.994793444125291,11.698535688247992
103510383905607,71.967433691,77406445,-0.0785030722618103,0.7102629542350769,0.5320281982421875,-0.00039359554648399353,-0.002121858298778534,0.03987562656402588,30.959089279174805,0,-0.1037607192993164,-0.05578213930130005,-0.014617919921875,-0.0012224987149238586,0.0020004436373710632,0.00040924549102783203,103510377127092,6.779,1449799,12081.658333333333,34,True,0.5241593718528748,1.150118112564087,-5.215206623077393,0.7248561382293701,0.0213021207600832,-0.6884793639183044,0.011224702000617981,1441164,0.5235210657119751,1.1527634859085083,-5.209558010101318,0.7171733245109677,0.09203942692836133,-0.688115643494409,-0.06072913369100718,0.004964700606768924,0.0038194881766876387,-0.0002748115129522023,0.006269949235389347,-0.003361018552945476,0.0026990392005454833,0.10097267766630663,0.9948798606397543,11.600961753905175
103510484007049,72.067535133,77506781,0.1252504587173462,0.5580644607543945,0.573760986328125,-0.0020125173032283783,-0.011334966868162155,0.034392595291137695,30.959089279174805,0,-0.1037607192993164,-0.05578213930130005,-0.014617919921875,-0.0012224987149238586,0.0020004436373710632,0.00040924549102783203,103510480268081,3.739,1449811,12081.758333333333,34,True,0.524204671382904,1.150089979171753,-5.214856147766113,0.7249504923820496,0.020928919315338135,-0.6884337663650513,0.008229933679103851,1441164,0.5235210657119751,1.1527634859085083,-5.209558010101318,0.7171733245109677,0.09203942692836133,-0.688115643494409,-0.06072913369100718,0.004618268411974105,0.0037742091059193407,-0.00033490326913736507,0.005973710547048726,-0.0009663717073599803,0.0030949680901357084,0.09918549665109715,0.9950636786418845,11.390640666267863
103510584263510,72.167791594,77606616,-0.031794190406799316,0.515510767698288,0.681488037109375,-0.00293833389878273,-0.005876820534467697,0.035694003105163574,30.959089279174805,0,-0.1037607192993164,-0.05578213930130005,-0.014617919921875,-0.0012224987149238586,0.0020004436373710632,0.00040924549102783203,103510576821397,7.442,1449823,12081.858333333334,34,True,0.5241680145263672,1.1498593091964722,-5.214773178100586,0.724768877029419,0.021728549152612686,-0.6886036396026611,0.007936003617942333,1441164,0.5235210657119751,1.1527634859085083,-5.209558010101318,0.7171733245109677,0.09203942692836133,-0.688115643494409,-0.06072913369100718,0.00448625263183806,0.003979757121071475,-0.00029297266829501873,0.006004228710147618,-0.001279146333896749,0.0028266595154068375,0.09840336661734428,0.9951417744316702,11.30010412772532
103510684374495,72.267902579,77707160,-0.042879462242126465,0.6170253157615662,0.61553955078125,-0.003598734736442566,-0.005387641489505768,0.03776144981384277,30.959089279174805,0,-0.1037607192993164,-0.05578213930130005,-0.014617919921875,-0.0012224987149238586,0.0020004436373710632,0.00040924549102783203,103510679310966,5.064,1449835,12081.958333333334,34,True,0.524196445941925,1.149613857269287,-5.214822769165039,0.7248428463935852,0.021701134741306305,-0.6885299682617188,0.007640087511390448,1441164,0.5235210657119751,1.1527634859085083,-5.209558010101318,0.7171733245109677,0.09203942692836133,-0.688115643494409,-0.06072913369100718,0.004482751535094,0.004231218490000516,-0.0003093796753651294,0.0061720326488960585,-0.001059331689904587,0.0029592949561274015,0.0982217384883939,0.9951595904567523,11.279348519547083
103510784669694,72.368197778,77807207,-0.17701905965805054,0.6706830859184265,0.572021484375,-0.002523377537727356,-0.002332862466573715,0.03728342056274414,30.959089279174805,0,-0.1037607192993164,-0.05578213930130005,-0.014617919921875,-0.0012224987149238586,0.0020004436373710632,0.00040924549102783203,103510777099138,7.571,1449847,12082.058333333332,34,True,0.5242117047309875,1.1495550870895386,-5.2147603034973145,0.7252457737922668,0.021472398191690445,-0.6881062984466553,0.008200068958103657,1441164,0.5235210657119751,1.1527634859085083,-5.209558010101318,0.7171733245109677,0.09203942692836133,-0.688115643494409,-0.06072913369100718,0.004409676061257461,0.004275945039149481,-0.0003251351582330374,0.006150988685908421,-0.0013670019850754464,0.0035027508356786368,0.09878246856583041,0.9951019475140207,11.346365491006678
