stamp_sec,state,message,requested_mode,tag_id,tag_margin,tag_x_camera_m,tag_y_camera_m,tag_z_camera_m,tag_range_m,tag_bearing_rad,tag_face_yaw_error_rad,tag_face_normal_x_camera,tag_face_normal_y_camera,tag_face_normal_z_camera,tag_pose_rel_x_m,tag_pose_rel_y_m,odom_x,odom_y,odom_yaw,odom_rel_x,odom_rel_y,odom_rel_yaw,odom_tagframe_rel_x_m,odom_tagframe_rel_y_m,imu_x,imu_y,imu_z,imu_w,cmd_heading,cmd_lateral,cmd_turning,range_error_m,lateral_error_m,yaw_error_rad,cmd_face_yaw_error_rad,cmd_face_blend,target_reached
1782600834.3338275,TRACKING,Tracking AprilTag,Walk,4,77.12995147705078,-0.9328728599165554,-0.06549972634470824,1.9592388483538368,2.170981080483889,-0.44437842699314656,-0.026353276863717884,-0.026348189938125714,-0.012432938350641513,0.9995755073684797,-0.009700343543217523,0.020589330336810572,0.017625952632185495,0.97042041265433,-1.0542163779491516,-2.0961907198844162e-07,2.5015901695535887e-06,1.4249863973470056e-05,8.862280315972275e-07,2.348721653955562e-06,-0.014770947642409474,0.708517191045823,-0.004211551187298569,0.7055263793331038,0.18,0.12,0.16,1.4592388483538368,-0.9328728599165554,-0.44437842699314656,-0.026353276863717884,-1.0,False
1782600834.3838391,TRACKING,Tracking AprilTag,Walk,4,77.52197265625,-0.9328235484364253,-0.06550067989416815,1.959174960897868,2.1709022638049102,-0.44437056620063475,-0.026780516682787886,-0.026775641010960267,-0.011183696731929711,0.99957890632799,-0.009564681579560728,0.021493915932157798,0.017632047792552348,0.9704261003546205,-1.0542139814107583,-2.1448104678851293e-06,1.0610594347239685e-05,1.664640236676007e-05,2.6252394527317884e-06,1.0502049426690243e-05,-0.014770947642409474,0.708517191045823,-0.004211551187298569,0.7055263793331038,0.18,0.12,0.16,1.459174960897868,-0.9328235484364253,-0.44437056620063475,-0.026780516682787886,-1.0,False
1782600834.433841,TRACKING,Tracking AprilTag,Walk,4,76.96865844726562,-0.9328093856446614,-0.06546970246807782,1.959246937830011,2.1709602012207188,-0.44435041412275006,-0.025899341653146956,-0.025895333452889687,-0.009270636189531873,0.9996216719389416,-0.009557854881396426,0.019573235081114873,0.0176402751232894,0.9704389064765492,-1.0542315350885225,-9.216543113797943e-06,2.4089330463560904e-05,-9.072753974770363e-07,2.035200102052734e-06,2.571183520668535e-05,-0.014770308875694447,0.7085475856939538,-0.00421136905959883,0.7054958689840996,0.18,0.12,0.16,1.459246937830011,-0.9328093856446614,-0.44435041412275006,-0.025899341653146956,-1.0,False
1782600834.4838545,TRACKING,Tracking AprilTag,Walk,4,76.65397644042969,-0.9329347050583221,-0.06547956762499284,1.9594611892627858,2.171207703078115,-0.4443601131756533,-0.026430141861020842,-0.026425749818883317,-0.00997584336526525,0.9996010015479484,-0.009833669773183722,0.020712004529735786,0.017640777853700187,0.9704501416265193,-1.0542462141423075,-1.8737439300578675e-05,3.0075470164414856e-05,-1.5586329182415426e-05,-3.987331344714379e-06,3.5209753278046935e-05,-0.014770308875694447,0.7085475856939538,-0.00421136905959883,0.7054958689840996,0.18,0.12,0.16,1.4594611892627858,-0.9329347050583221,-0.4443601131756533,-0.026430141861020842,-1.0,False
1782600834.5339193,TRACKING,Tracking AprilTag,Walk,4,76.69880676269531,-0.9329757219085418,-0.06542996710109782,1.9594943815335335,2.1712537874525633,-0.4443706025894175,-0.026660622632148856,-0.026654871542028682,-0.013947112506071254,0.9995473955124994,-0.010035560712285414,0.02129592653216327,0.01768372275995426,0.9704694676077127,-1.054157297137901,-1.4331421622391668e-05,7.696198774118754e-05,7.333067522408143e-05,2.014821167366162e-05,7.56477809928803e-05,-0.014770308875694447,0.7085475856939538,-0.00421136905959883,0.7054958689840996,0.18,0.12,0.16,1.4594943815335335,-0.9329757219085418,-0.4443706025894175,-0.026660622632148856,-1.0,False
1782600834.5839233,TRACKING,Tracking AprilTag,Walk,4,76.94219970703125,-0.9335222087946815,-0.06533537377682537,1.9600362169538186,2.1719747689948186,-0.4444905861761071,-0.017152842006677823,-0.01714872174229823,-0.019553209545646436,0.999661739459438,-0.01103881929127772,0.0005307087561263199,0.018144216757241694,0.9704872310401982,-1.0529313088314125,0.0001976594496416119,0.0004861442595616482,0.0012993189817125383,0.0003874637121266263,0.0003539454349506756,-0.015014404879153658,0.708728737628993,-0.003845152469051547,0.7053108243231694,0.18,0.12,0.16,1.4600362169538186,-0.9335222087946815,-0.4444905861761071,-0.017152842006677823,-1.0,False
1782600834.633915,TRACKING,Tracking AprilTag,Walk,4,76.76622772216797,-0.9293230946136258,-0.06273587772230602,1.959993281468675,2.170057802902535,-0.44275136854560204,-0.004555989397502349,-0.004555680583472611,-0.011342014042830608,0.9999252994558512,-0.008689530173338502,-0.023065139790052626,0.019582950768723243,0.9702980757667837,-1.0481376717374908,0.001072720048913226,0.0016437297729716468,0.006092956075634204,0.0016751969207910223,0.0010228837404446767,-0.016296527352439246,0.709112564721495,-0.002868677099493051,0.7049011025967074,0.18,0.12,0.16,1.459993281468675,-0.9293230946136258,-0.44275136854560204,-0.004555989397502349,-1.0,False
1782600834.6840045,TRACKING,Tracking AprilTag,Walk,4,77.3747787475586,-0.9267066260715863,-0.058425854477119156,1.9708583630356904,2.1786421088430483,-0.43952843785206275,0.014946785708339624,0.014939170657874758,-0.030729449961464775,0.9994160905674476,-0.017103431011219736,-0.05839262497356561,0.021927555065892307,0.9694119001774649,-1.0390803952732788,0.003001260588761329,0.003244731918994743,0.015150232539846265,0.004104716009912496,0.0016392549605730481,-0.020324364541141757,0.7087893255744121,-0.0003662047665070587,0.7051272779093415,0.18,0.12,0.16,1.4708583630356904,-0.9267066260715863,-0.43952843785206275,0.014946785708339624,-1.0,False
1782600834.7339246,TRACKING,Tracking AprilTag,Walk,4,78.03926086425781,-0.8941994060163156,-0.05041988781230551,1.969278176465517,2.1633749742266803,-0.4262372817695986,0.07657144227200893,0.0764582739399143,-0.03166693410872546,0.9965697856298287,0.0035112201016415656,-0.16241886288282198,0.02489426250431713,0.9680914522027058,-1.0307401084679855,0.0056146646567914165,0.005172179728003989,0.02349051934513957,0.007292921287991909,0.0022559258485492194,-0.02276645859457234,0.7081406236306388,0.002685587609011214,0.7056991803497195,0.18,0.12,0.16,1.469278176465517,-0.8941994060163156,-0.4262372817695986,0.07657144227200893,-1.0,False
1782600834.7839155,TRACKING,Tracking AprilTag,Walk,4,78.33282470703125,-0.8809062231254748,-0.051661418549611565,1.9755474675876212,2.1636664421300273,-0.419443193212733,0.06478838060320438,0.06472543048787512,-0.02333828643097101,0.9976301634546868,0.0005855085915188324,-0.12243641079018917,0.028615794296916804,0.9666346779286785,-1.0219901138426999,0.008719412615273453,0.007688631651466736,0.03224051397042516,0.011177969736884938,0.0031931497911326396,-0.02618421644696175,0.707828340641994,0.0057983696094670535,0.7058752056156471,0.18,0.12,0.16,1.4755474675876212,-0.8809062231254748,-0.419443193212733,0.06478838060320438,-1.0,False
1782600834.833923,TRACKING,Tracking AprilTag,Walk,4,77.01627349853516,-0.8485394375187648,-0.05156482435693723,1.976323542923917,2.1514025319430505,-0.40555146329362063,0.09850528050256455,0.09829329141186034,-0.032752124180113244,0.99461838271023,0.015646959518767448,-0.16420533071319407,0.032875160770524416,0.9647299651952599,-1.0117556295813037,0.01247928710530331,0.01045150645365419,0.042474998231821326,0.015760452362873607,0.004071208067018472,-0.03045632206557686,0.707758538421702,0.008666929325274377,0.705744392874279,0.18,0.12,0.16,1.476323542923917,-0.8485394375187648,-0.40555146329362063,0.09850528050256455,-1.0,False
1782600834.8838449,TRACKING,Tracking AprilTag,Walk,4,75.7511978149414,-0.832170682470596,-0.05169696472555025,1.981862697494371,2.15010706074025,-0.39753720795776537,0.12023206278477078,0.11986304146287322,-0.036416162691395776,0.9921223283376417,0.019428085236285794,-0.19344892859954216,0.0375422933248259,0.9621520627332962,-1.0009950869564244,0.0170259082484033,0.013236455926074666,0.05323554085670068,0.021062752567868027,0.004630957938778272,-0.03454574934704505,0.7081268267215843,0.012084908782181839,0.7051361169724585,0.18,0.12,0.16,1.481862697494371,-0.832170682470596,-0.39753720795776537,0.12023206278477078,-1.0,False
1782600834.9339154,TRACKING,Tracking AprilTag,Walk,4,75.60527038574219,-0.7951982285084876,-0.051590116055080536,1.9898209194536371,2.143452601340401,-0.38019001193974034,0.13190451986786567,0.13140860826835066,-0.041580728018460786,0.990455865109814,0.02509528415048172,-0.18071394998945664,0.04279551718699581,0.95875408480378,-0.9915246946024452,0.02257507047497702,0.01612599110300507,0.06270593321067985,0.027315177142947934,0.004854121306040097,-0.03649865659743311,0.7092213873949377,0.01635725747175932,0.7038503476280913,0.18,0.12,0.16,1.4898209194536371,-0.7951982285084876,-0.38019001193974034,0.13190451986786567,-1.0,False
1782600834.9839995,TRACKING,Tracking AprilTag,Walk,4,77.6552505493164,-0.7778827849652484,-0.05154544001041716,1.9933983686791221,2.140419495282115,-0.3720552320775788,0.13213081186901443,0.1316688237394537,-0.03437350354292613,0.9906976244592762,0.026659599568927113,-0.16353586074769083,0.047868740942242666,0.9548234863156475,-0.9841138357139023,0.028498455705275295,0.01859595287582558,0.07011679209922272,0.03372509173509384,0.004537579575607319,-0.03936716990105785,0.7105011237491696,0.019530999020679864,0.7023225179092599,0.18,0.12,0.16,1.4933983686791221,-0.7778827849652484,-0.3720552320775788,0.13213081186901443,-1.0,False
1782600835.0340052,TRACKING,Tracking AprilTag,Walk,4,77.3775634765625,-0.7509867397778577,-0.04376196743811266,1.9976320235513063,2.1345795592186105,-0.3595931903260199,0.08979944265012066,0.08965292818291203,-0.02401966435226249,0.9956833875246861,0.026684869483860577,-0.0465161413807218,0.05265736303425727,0.9505984657466563,-0.9775537976570887,0.03453728310077233,0.02067303352806892,0.07667683015603632,0.040070327360788485,0.0038166876260444516,-0.04162694639695985,0.7109540639762292,0.02148487555972121,0.7016765040754405,0.18,0.12,0.16,1.4976320235513063,-0.7509867397778577,-0.3595931903260199,0.08979944265012066,-1.0,False
1782600835.0839124,TRACKING,Tracking AprilTag,Walk,4,77.08999633789062,-0.7420343759105276,-0.04088619079783428,2.004428331037522,2.1377604238774626,-0.35455363422415814,0.08316215620049439,0.08304905266154114,-0.02039585035336814,0.9963367222683222,0.023103215597708497,-0.02169021558174882,0.057226460882699684,0.9462238532162347,-0.9714746538470053,0.040597761437698436,0.02248535035125746,0.08275597396611978,0.046321283374266574,0.002847441084897661,-0.04419073737022093,0.7112633460983212,0.023804402727052712,0.7011312157068065,0.18,0.12,0.16,1.5044283310375222,-0.7420343759105276,-0.35455363422415814,0.08316215620049439,-1.0,False
1782600835.1339087,TRACKING,Tracking AprilTag,Walk,4,76.71368408203125,-0.7151815287444419,-0.035179493743560566,1.9875568955621694,2.1126061225259236,-0.3454046004941067,0.09774898353625144,0.09758409460006119,-0.01380516906460829,0.995131529893503,0.048432401418935164,-0.033029181071718,0.061398087869640953,0.9422322315410987,-0.9659288755473489,0.04612891176580167,0.024141216095669032,0.08830175226577619,0.05202706524907521,0.0019645093136393087,-0.045655807475605624,0.7113272464180588,0.02612391122935723,0.7008898893614698,0.18,0.12,0.16,1.4875568955621694,-0.7151815287444419,-0.3454046004941067,0.09774898353625144,-1.0,False
1782600835.1838381,TRACKING,Tracking AprilTag,Walk,4,76.82865905761719,-0.7067017441229142,-0.033044485074312575,1.9897317561660224,2.1117650803618564,-0.34127705484325294,0.09943606085369013,0.09927029258310577,-0.006326073949189641,0.9950403960638251,0.04927769920694893,-0.028008485624233716,0.06494060199285491,0.9387851666344511,-0.9588708957903944,0.050875841954504106,0.02551901019037156,0.09535973202273063,0.05690525217954276,0.0011676686424714339,-0.04785168202442254,0.7111223817175345,0.02825934793023933,0.7008684498551582,0.18,0.12,0.16,1.4897317561660224,-0.7067017441229142,-0.34127705484325294,0.09943606085369013,-1.0,False
1782600835.2338421,TRACKING,Tracking AprilTag,Walk,4,76.60040283203125,-0.6831486386443621,-0.03472623781977762,1.987918413787821,2.102312439660539,-0.3310068556819673,0.12735589539393619,0.1269759711043654,-0.023783670148437523,0.9916206128335442,0.059476397503953775,-0.06465984610040809,0.06783486327779678,0.9356274974330835,-0.9517921582425082,0.05505096660433263,0.026476066787012146,0.10243846957061686,0.06108629115750845,0.00023678936162421435,-0.050415730783381636,0.7115576143736843,0.030701104823294145,0.7001438835546862,0.18,0.12,0.16,1.487918413787821,-0.6831486386443621,-0.3310068556819673,0.12735589539393619,-1.0,False
1782600835.2840035,TRACKING,Tracking AprilTag,Walk,4,76.94120025634766,-0.674225681487278,-0.03485916018308995,1.9970343924731626,2.108065889707034,-0.3255977052308674,0.12052344263425711,0.12019655247998655,-0.024236153039577175,0.9924542295026849,0.05308978507704195,-0.039054765557659056,0.07152335226089948,0.9317678865845105,-0.9448695557761123,0.06022871046960822,0.02777703386826111,0.10936107203701273,0.0663204157901083,-0.0008146316821560223,-0.053649108012015854,0.712025590521248,0.03283642788448752,0.6993304659859815,0.18,0.12,0.16,1.4970343924731626,-0.674225681487278,-0.3255977052308674,0.12052344263425711,-1.0,False
1782600835.3339934,TRACKING,Tracking AprilTag,Walk,4,76.0684814453125,-0.6500177375225279,-0.03344534318180662,1.9910669763929205,2.0947528146673777,-0.31555821172125054,0.1367370073095573,0.13629959285199522,-0.013111423234718075,0.9905808960247217,0.06667276368987683,-0.05190104896615159,0.07638202333229581,0.927034170852379,-0.9380674390013248,0.06674445570599573,0.02966378059931581,0.11616318881180021,0.0730144160245102,-0.0019124067385676256,-0.057128667039843956,0.7128876399843775,0.03405747458144543,0.6981171940189478,0.18,0.12,0.16,1.4910669763929205,-0.6500177375225279,-0.31555821172125054,0.1367370073095573,-1.0,False
1782600835.3839893,TRACKING,Tracking AprilTag,Walk,4,76.38935852050781,-0.6371004574318182,-0.030863547913785053,1.9851955262591408,2.085150073478877,-0.31054252050441983,0.1387088831901517,0.13821125045026494,-0.02775450985373347,0.9900138066874387,0.07622256570832828,-0.045124036429835084,0.08216825430790813,0.9219289301677275,-0.9308394513760775,0.07404136842811895,0.03217356466912609,0.12339117643704756,0.08068156304839258,-0.0027835025229270387,-0.05914331801911015,0.7129546932726787,0.03765885161794733,0.6976958392945801,0.18,0.12,0.16,1.4851955262591408,-0.6371004574318182,-0.31054252050441983,0.1387088831901517,-1.0,False
1782600835.433988,TRACKING,Tracking AprilTag,Walk,4,76.55196380615234,-0.6162534444114568,-0.03839324716700295,1.9963527496889968,2.089657065254447,-0.2994097675423808,0.14795868107259483,0.14735412536655654,-0.029760913979486037,0.9886359540986575,0.07163698307833317,-0.04112829305457966,0.08883751534588803,0.9171470101301809,-0.9228870155331333,0.08149327299741752,0.035610848528261636,0.1313436122799917,0.08888739863234754,-0.002883824042578434,-0.06219509333281664,0.7127716388033687,0.0395509523843623,0.6975127837168091,0.18,0.12,0.16,1.4963527496889968,-0.6162534444114568,-0.2994097675423808,0.14795868107259483,-1.0,False
1782600835.483904,TRACKING,Tracking AprilTag,Walk,4,77.43492889404297,-0.6009393840253308,-0.03919948636079457,1.987326272610296,2.076566988279171,-0.29364422619415204,0.18830106438916425,0.18712419881144857,-0.026565155810244972,0.9819769990768373,0.08730301235081687,-0.11269664701176413,0.09497017968221148,0.9131677376881948,-0.9142106483614827,0.08798223560577098,0.0389779756860853,0.14001997945164235,0.09619366431877868,-0.0026334987565167986,-0.06530662531744871,0.7136732428382503,0.043090165863662426,0.6960953848088809,0.18,0.12,0.16,1.487326272610296,-0.6009393840253308,-0.29364422619415204,0.18830106438916425,-1.0,False
1782600835.5338984,TRACKING,Tracking AprilTag,Walk,4,77.4048843383789,-0.5685984761700791,-0.03115525486781734,1.9806645477659084,2.0608995433512876,-0.27955685256774937,0.20262558699074543,0.20118734751412526,-0.023281246136927627,0.9792760768948369,0.1029937656518282,-0.11237517094726038,0.10070715667899663,0.9096066525432346,-0.9057267538690809,0.09391214705377157,0.042207585986132334,0.14850387394404418,0.10293606004673253,-0.0022669850201192596,-0.0679308181841732,0.7139144477091409,0.04583651793020132,0.6954211521926948,0.18,0.12,0.16,1.4806645477659084,-0.5685984761700791,-0.27955685256774937,0.20262558699074543,-1.0,False
1782600835.5840054,TRACKING,Tracking AprilTag,Walk,4,77.60298156738281,-0.5548465605009703,-0.028353464346570004,1.9843958556429235,2.0607002539265675,-0.2726421752289163,0.20566502483768462,0.2042129261866369,-0.0071966825597300004,0.9789000401156522,0.1027563589699531,-0.10472842576740703,0.10583250137287308,0.9062512843802106,-0.8980068686071019,0.09936110009527736,0.04500697243532921,0.15622375920602316,0.10905925227474386,-0.002082131891111713,-0.07134972673548443,0.7127038144484615,0.04815648793353054,0.6961633730923313,0.18,0.12,0.16,1.4843958556429235,-0.5548465605009703,-0.2726421752289163,0.20566502483768462,-1.0,False
1782600835.6338375,TRACKING,Tracking AprilTag,Walk,4,77.49899291992188,-0.5274460086166868,-0.03322900977903293,1.9794164232565086,2.048753971504182,-0.260414487027482,0.19450663489866016,0.1932459571347453,-0.019443748549050007,0.9809576650872542,0.11276835922423452,-0.0560595003130301,0.11062056024462302,0.9038107729369327,-0.8913241531686806,0.1038479820604841,0.047964926811991666,0.1629064746444444,0.11438199441228253,-0.0013404985575941261,-0.07452656847879122,0.7121224196904645,0.049745416306482264,0.6963137536495088,0.18,0.12,0.16,1.4794164232565086,-0.5274460086166868,-0.260414487027482,0.19450663489866016,-1.0,False
1782600835.6838808,TRACKING,Tracking AprilTag,Walk,4,77.49239349365234,-0.5148415712664574,-0.03338473714921404,1.9747648602332504,2.041046946395571,-0.2550332827085678,0.20299648442644988,0.2015611278408445,-0.020905809864891912,0.9792528064077323,0.1206628945961845,-0.06215815670390279,0.11587020188730834,0.9015406162724807,-0.8837776458622735,0.10841471133590377,0.05140837455848011,0.17045298195085157,0.1199855517940763,-0.000194857546318844,-0.07867373757041952,0.7112984776149489,0.05126915404123538,0.6965891131816897,0.18,0.12,0.16,1.4747648602332504,-0.5148415712664574,-0.2550332827085678,0.20299648442644988,-1.0,False
1782600835.7338102,TRACKING,Tracking AprilTag,Walk,4,77.23362731933594,-0.4899259731903776,-0.03500624779991452,1.9741652170609012,2.034350314189934,-0.24325432517627812,0.2411143250922944,0.23872587929387148,-0.022225820710873388,0.9708326155672232,0.1296866190986652,-0.11550055129674343,0.12183478144085308,0.8986683398481298,-0.8747485406988293,0.11385810167287633,0.05517609041132783,0.1794820871142957,0.12652002675969445,0.0008666593080721499,-0.08318885605709853,0.7106757446286539,0.05291616889325343,0.6965769729858147,0.18,0.12,0.16,1.4741652170609012,-0.4899259731903776,-0.24325432517627812,0.2411143250922944,-1.0,False
1782600835.783812,TRACKING,Tracking AprilTag,Walk,4,77.06722259521484,-0.47658472007681496,-0.035556742932073504,1.9815936312446512,2.0384088394549305,-0.23602315865574874,0.24359845882044534,0.2411388911331744,-0.021835823305660182,0.9702449340262628,0.1251100287148432,-0.1060968490476835,0.12829186694312839,0.8951449313941656,-0.8657553994328491,0.12011091179647683,0.05905045821464218,0.18847522838027597,0.13383115166401408,0.0016764820976977665,-0.08679437681035099,0.7106518489471987,0.055726628711568534,0.695941972146007,0.18,0.12,0.16,1.4815936312446512,-0.47658472007681496,-0.23602315865574874,0.24359845882044534,-1.0,False
1782600835.833827,TRACKING,Tracking AprilTag,Walk,4,77.0805892944336,-0.44410147368778463,-0.03635159335513856,1.9766412534461464,2.026242384833629,-0.2210048885412406,0.24890158655225816,0.24620303967807675,-0.033285924306203085,0.9686465353762214,0.1364245435461646,-0.0857964051909014,0.13504183283890972,0.8913135410642842,-0.8583815595997363,0.12677617118020731,0.06302738024074643,0.19584906821338877,0.14155875340887608,0.002401577075563349,-0.08850297818950041,0.7118691273269954,0.05877818482516475,0.6942295682257776,0.18,0.12,0.16,1.4766412534461464,-0.44410147368778463,-0.2210048885412406,0.24890158655225816,-1.0,False
1782600835.8838258,TRACKING,Tracking AprilTag,Walk,4,77.1058120727539,-0.4313661979282938,-0.03396619786376526,1.9794252465474846,2.0261675167621265,-0.21457021538544255,0.24447731983303925,0.2420320134234581,-0.011923518763367334,0.9701949980176597,0.1357074139496602,-0.0638028157323689,0.14133536254805557,0.8871351345495823,-0.8525750422298537,0.13351773584866966,0.06643603144363369,0.20165558558327135,0.14911093709685433,0.0025807941089057637,-0.09130970436333803,0.7132044755919819,0.06066968324676337,0.6923301982575824,0.18,0.12,0.16,1.4794252465474846,-0.4313661979282938,-0.21457021538544255,0.24447731983303925,-1.0,False
1782600835.9338317,TRACKING,Tracking AprilTag,Walk,4,75.85759735107422,-0.4105567413241502,-0.02262113734125305,1.9819077132630094,2.0241113451568635,-0.20426321726576582,0.2110871571229309,0.20950559395700177,-0.012908015749231271,0.9777222454409746,0.13680074704933923,0.02458928961808344,0.14726310728963124,0.882780549030062,-0.8472141609175831,0.14023183172517695,0.06943961086312002,0.20701646689554198,0.15646417127776294,0.002406094799201071,-0.0931405157066989,0.7136296917711163,0.06262265341747908,0.6914737237491427,0.18,0.12,0.16,1.4819077132630094,-0.4105567413241502,-0.20426321726576582,0.2110871571229309,-1.0,False
1782600835.9838195,TRACKING,Tracking AprilTag,Walk,4,75.23138427734375,-0.3991403361687636,-0.018257455777961496,1.9697630465258305,2.0098788028403898,-0.19992665776031285,0.22379854923692713,0.2219236660135827,-0.010121463883251112,0.9750115088715373,0.15090555663599237,0.007569194539895643,0.15275263659870983,0.878623268617567,-0.8420780823221328,0.14655793354079868,0.0721596013560693,0.21215254549099227,0.16334517778325638,0.0021421593246926107,-0.09478938621569705,0.713758584936485,0.06463745009814757,0.690931005770567,0.18,0.12,0.16,1.4697630465258305,-0.3991403361687636,-0.19992665776031285,0.22379854923692713,-1.0,False
1782600836.033841,TRACKING,Tracking AprilTag,Walk,4,74.76659393310547,-0.38092479798155837,-0.012870971258917414,1.964143202117063,2.000781817700548,-0.19156134768548563,0.22744610671707763,0.22548049924337457,-0.00924831989294803,0.9742037841438085,0.1600522917739626,0.016942787313205816,0.15736526132652978,0.8751054799870568,-0.8365277270090892,0.1518948837256101,0.07443294832771363,0.21770290080403587,0.1691410909785597,0.0019002213963885545,-0.09570190910515333,0.7133088084897494,0.06713781888754379,0.6910312594952462,0.18,0.12,0.16,1.464143202117063,-0.38092479798155837,-0.19156134768548563,0.22744610671707763,-1.0,False
1782600836.0838633,TRACKING,Tracking AprilTag,Walk,4,75.23765563964844,-0.37263099139913064,-0.015225916289744899,1.9670834541038933,2.002124621417774,-0.18721487654832397,0.22782473472793086,0.2257880325855992,-0.025066937336674467,0.9738538971497129,0.15899430472704293,0.024983204893028126,0.1601864343569086,0.8722735351210593,-0.8297676807628537,0.15575068633073175,0.07548732741595625,0.2244629470502714,0.17307566575229277,0.0011944945786400013,-0.09814406381217101,0.7130092994115559,0.06982388619472864,0.6907315734840419,0.18,0.12,0.16,1.4670834541038933,-0.37263099139913064,-0.18721487654832397,0.22782473472793086,-1.0,False
1782600836.1338322,TRACKING,Tracking AprilTag,Walk,4,75.60137176513672,-0.3506502223540857,-0.01640669844727392,1.9601296810331308,1.9913144213453464,-0.1770188628979243,0.25572139725650994,0.2529433730843858,-0.0005588596174778404,0.9674809236820233,0.16960509907036103,-0.010456817232544047,0.16282616902640434,0.8690049003544376,-0.8224669032352532,0.15989658791727912,0.07616826235966989,0.23176372457787187,0.17711160971561885,2.6877908752998003e-05,-0.10021989494268072,0.7128307874759854,0.07281506374337277,0.6903087769803403,0.18,0.12,0.16,1.4601296810331308,-0.3506502223540857,-0.1770188628979243,0.25572139725650994,-1.0,False
1782600836.1838531,TRACKING,Tracking AprilTag,Walk,4,75.77873229980469,-0.3389584048746966,-0.01667263112629163,1.9577608377508422,1.9869570389655515,-0.17143624870160057,0.26079964188191435,0.2578531290773328,0.0009086222288693397,0.9661836979739793,0.1739921961906255,-0.009439721758424863,0.16646163668168576,0.8649887031473734,-0.815262784773175,0.16518429976304622,0.07734578879876214,0.23896784303995,0.1823919510357187,-0.0011832710993749523,-0.10351846235813526,0.7130322389550331,0.07470907896601271,0.6894109860466614,0.18,0.12,0.16,1.4577608377508422,-0.3389584048746966,-0.17143624870160057,0.26079964188191435,-1.0,False
1782600836.2338445,TRACKING,Tracking AprilTag,Walk,4,75.4394302368164,-0.31888599245091054,-0.012271292172869822,1.9658486681070766,1.991582247031581,-0.16081216763242745,0.24515962331885813,0.2427109657996446,0.0013230791322865227,0.9700977458700817,0.16976816647386656,0.042847512020758524,0.1707740232284247,0.8606870082592053,-0.8085921118239039,0.1710545858094693,0.07897090367856516,0.24563851598922115,0.18839070675587533,-0.0022397683541157953,-0.1071770266791709,0.7139235085798757,0.07531688549094355,0.6878616689488929,0.18,0.12,0.16,1.4658486681070766,-0.31888599245091054,-0.16081216763242745,0.24515962331885813,-1.0,False
1782600836.2838256,TRACKING,Tracking AprilTag,Walk,4,75.13816833496094,-0.30869451506254,-0.006048309206862359,1.9622659496734167,1.9864079497730758,-0.1560365132376637,0.2549578083512983,0.25217262642904303,-0.0159181257322151,0.967551331843976,0.174672357690674,0.032639999846178894,0.17649395443783428,0.8566409684977819,-0.8015123804658372,0.17739775637454333,0.0819461747542447,0.25271824734728787,0.19539687453980678,-0.002280557749772913,-0.10809129287465206,0.7134269465905184,0.07977149620958231,0.6877316138405305,0.18,0.12,0.16,1.4622659496734167,-0.30869451506254,-0.1560365132376637,0.2549578083512983,-1.0,False
1782600836.333865,TRACKING,Tracking AprilTag,Walk,4,75.12364196777344,-0.2871910248597702,-0.014039183797763151,1.9696321925564626,1.990509170387439,-0.14478913115509026,0.27333582694884107,0.2699298471692141,-0.010567273856234329,0.9628220034515477,0.17033228547260965,0.018620421981608917,0.18351485749845045,0.8531058469295691,-0.7939532105401831,0.18393921901339544,0.0863050084093771,0.26027741727294196,0.203176896166355,-0.001157424730467288,-0.11029305219115092,0.712784871880609,0.08221623757691217,0.6877598849418309,0.18,0.12,0.16,1.4696321925564626,-0.2871910248597702,-0.14478913115509026,0.27333582694884107,-1.0,False
1782600836.38379,TRACKING,Tracking AprilTag,Walk,4,75.80252075195312,-0.2707882354576331,-0.01437455579094235,1.9438455438909321,1.9626686920672778,-0.13841465652646648,0.3155937397877993,0.31033901404422126,-0.01643636656848821,0.9504838463730391,0.198799695297063,-0.05205189969511057,0.19037903657907573,0.8503041698970798,-0.7857194408392426,0.18976553111500652,0.09088981330597765,0.26851118697388243,0.21040838208924645,0.00047718837124674507,-0.11261066768961595,0.7127736462218618,0.08630432743258372,0.6868945551105354,0.18,0.12,0.16,1.4438455438909321,-0.2707882354576331,-0.13841465652646648,0.3155937397877993,-1.0,False
1782600836.4337926,TRACKING,Tracking AprilTag,Walk,4,75.0281982421875,-0.24176348389594224,-0.010500801139680334,1.9393124995097093,1.9543522762605197,-0.12402467332818759,0.33778547311892,0.3313682892857969,-0.013506974629337663,0.9434048009694284,0.2075726726354769,-0.06707302404688635,0.19704981067038072,0.847746065974522,-0.7773438031747949,0.19528452928843726,0.09542674859507971,0.27688682463833014,0.21734182440612124,0.002200702309223909,-0.11505186636052822,0.711734649140647,0.08966110964648061,0.6871373535739134,0.18,0.12,0.16,1.4393124995097093,-0.24176348389594224,-0.12402467332818759,0.33778547311892,-1.0,False
1782600836.48383,TRACKING,Tracking AprilTag,Walk,4,74.98422241210938,-0.22689478873472207,-0.011615795339638274,1.9377771481787383,1.9510500885062048,-0.1165594906017074,0.3469456875630203,0.340025316128108,-0.003216198356879252,0.9404107828284985,0.21100422851521747,-0.07027845245958898,0.2033352757460603,0.8455841144024048,-0.7701709628762163,0.200268761960773,0.09982430820079156,0.28405966493690865,0.22373252432514565,0.004028285511912283,-0.11779862632661575,0.7097825002861216,0.09216369210009834,0.6883590195396748,0.18,0.12,0.16,1.4377771481787383,-0.22689478873472207,-0.1165594906017074,0.3469456875630203,-1.0,False
1782600836.5339255,TRACKING,Tracking AprilTag,Walk,4,74.9292984008789,-0.20045257691479043,-0.020473913124980873,1.9299604999622815,1.9404504497989865,-0.10349248252189554,0.32299861850170475,0.31724004202174977,-0.03286780250258639,0.9477755342361869,0.2206722140499507,0.0020828254582228034,0.2091387963636426,0.8442996880664511,-0.7634780456118371,0.2042519376006255,0.10423621418270913,0.29075258220128797,0.2292255711696478,0.006299196988676509,-0.12072482404273915,0.708846363211513,0.09344272275502206,0.6886441808262012,0.18,0.12,0.16,1.4299604999622815,-0.20045257691479043,-0.10349248252189554,0.32299861850170475,-1.0,False
1782600836.583827,TRACKING,Tracking AprilTag,Walk,4,75.6468734741211,-0.18964693164554958,-0.021890022260851523,1.9333012888240337,1.9427040446567825,-0.09778202797334447,0.3361885002816028,0.3298368422055094,-0.018181004408940618,0.9438628653584057,0.21809680509701174,-0.012566126174425221,0.21539228896726514,0.8428502792624559,-0.7556719465510271,0.20860080862922173,0.10895789570535516,0.29855868126209795,0.23518197113957112,0.008692574314331195,-0.12451266407136866,0.7072807604210882,0.09521556664281133,0.6893362882460969,0.18,0.12,0.16,1.4333012888240337,-0.18964693164554958,-0.09778202797334447,0.3361885002816028,-1.0,False
1782600836.6338205,TRACKING,Tracking AprilTag,Walk,4,76.73090362548828,-0.16283182566550866,-0.02675070155657259,1.9208265189164706,1.9279015325623086,-0.08456955754772259,0.37252239182971775,0.36383646202506803,-0.026674781996686592,0.9310808154540133,0.2337324204672224,-0.05708164275473869,0.22222542934018377,0.8409184987677563,-0.7468515692427754,0.2136553979427499,0.11394535097906731,0.30737905857034964,0.24188980223289752,0.011022506772390042,-0.12811459083501242,0.7062477039313619,0.09716933235318713,0.6894628004155791,0.18,0.12,0.16,1.4208265189164706,-0.16283182566550866,-0.08456955754772259,0.37252239182971775,-1.0,False
1782600836.683842,TRACKING,Tracking AprilTag,Walk,4,76.34791564941406,-0.14834780173754517,-0.029703933474205232,1.9247603950056071,1.9306972761482684,-0.07692131489902813,0.37908457801750717,0.3699194392060619,-0.02854068630053764,0.9286253484172005,0.23086975545485267,-0.055081315481731674,0.2293873518956389,0.8385026182011419,-0.7387785236875096,0.21929330667820973,0.11897959359271915,0.3154521041256154,0.24914440776326638,0.013143900701207495,-0.13092200477459068,0.7056970718898916,0.10083130624131646,0.6889732353825546,0.18,0.12,0.16,1.4247603950056071,-0.14834780173754517,-0.07692131489902813,0.37908457801750717,-1.0,False
1782600836.733816,TRACKING,Tracking AprilTag,Walk,4,75.51432037353516,-0.1184937492890568,-0.03368018160637046,1.9154226398063325,1.919379850976944,-0.06178424194393956,0.3730728825303457,0.36440534140587455,-0.02005590114214733,0.9310244400574265,0.24144219552018464,-0.014036665124278577,0.23660898890131568,0.8357449596056552,-0.7318877183633928,0.22525789119390366,0.12389695604897208,0.32234290944973226,0.25664370868882963,0.015019322680087918,-0.13250537566421738,0.7063494760764568,0.10345306851720334,0.687611958651807,0.18,0.1184937492890568,0.16,1.4154226398063325,-0.1184937492890568,-0.06178424194393956,0.3730728825303457,-1.0,False
1782600836.783809,TRACKING,Tracking AprilTag,Walk,4,75.71746063232422,-0.10579062355741493,-0.031527229287503684,1.9137380987216475,1.9169191774088858,-0.05522336695301956,0.37226706370067036,0.36372448667824786,-0.004485875553280677,0.931495772782231,0.24416405906354355,0.00018911343303606998,0.24311090164995683,0.8324935812409788,-0.7265490077569915,0.23129630561600312,0.1279446568689697,0.32768162005613355,0.2638357823903427,0.016077815255986325,-0.1349541184759137,0.7068153287883675,0.10535088579349934,0.6863677350798958,0.18,0.10579062355741493,0.16,1.4137380987216475,-0.10579062355741493,-0.05522336695301956,0.37226706370067036,-1.0,False
1782600836.8338313,TRACKING,Tracking AprilTag,Walk,4,75.04353332519531,-0.08520786292702803,-0.023076079925748807,1.8985864866463835,1.9006376647445429,-0.04484953650146013,0.3678358447828439,0.35955594832891,-0.015088784598030043,0.9330015265800226,0.2603342901624388,0.028156666200708946,0.24922562226279169,0.8290796581200514,-0.72103935947249,0.23728482305439097,0.13157540584662641,0.33319126834063506,0.27080354943479873,0.016781307731300446,-0.13659575178657704,0.7067212734301946,0.1072380410585415,0.6858473917898866,0.18,0.08520786292702803,0.16,1.3985864866463835,-0.08520786292702803,-0.04484953650146013,0.3678358447828439,-1.0,False
1782600836.8838034,TRACKING,Tracking AprilTag,Walk,4,74.9274673461914,-0.07642891485545797,-0.0208564503195517,1.90449551084052,1.9061425763456434,-0.04010927036991479,0.3672520815618437,0.3590025882298152,-0.016608144080880453,0.9331887864706061,0.25499686132195515,0.03835172422973401,0.2546975432497512,0.82580954251371,-0.7159176748653391,0.24283082019396798,0.13471825345574917,0.338312952947786,0.2771620206855596,0.017234539150790124,-0.13818546396191356,0.706369423335347,0.10974269620296846,0.6854951173835032,0.18,0.07642891485545797,0.16,1.40449551084052,-0.07642891485545797,-0.04010927036991479,0.3672520815618437,-1.0,False
1782600836.9338353,TRACKING,Tracking AprilTag,Walk,4,74.18583679199219,-0.058173569711670724,-0.0176643198029367,1.893191736281338,1.8941676648942791,-0.03071810946330853,0.36351303300105076,0.3555076359358155,-0.017143489231098742,0.9345161430217838,0.2676409933312015,0.062959318659879,0.25910288371085327,0.822939554023915,-0.7105142410787121,0.2475021178313276,0.13713130896546644,0.34371638673441296,0.28241700210996495,0.017404917373967835,-0.13861468357109558,0.7058301192497355,0.11145328586561891,0.6856879591535393,0.18,0.058173569711670724,0.16,1.393191736281338,-0.058173569711670724,-0.03071810946330853,0.36351303300105076,-1.0,False
1782600836.9838357,TRACKING,Tracking AprilTag,Walk,4,74.32713317871094,-0.050044190684175795,-0.020926532529146884,1.8958726074916066,1.8966484346398915,-0.02639026074704796,0.3705659246152732,0.3621109309856085,-0.013308069888694572,0.932040003935761,0.26499585136537085,0.05791360220682884,0.2619155950681553,0.8203490636121841,-0.7037162961386472,0.25114379164618417,0.13829758405263667,0.3505143316744779,0.2862063536037922,0.016892276165133543,-0.14135492876541436,0.7050656895932931,0.11486613814184363,0.6853516818250596,0.18,0.050044190684175795,0.16,1.3958726074916066,-0.050044190684175795,-0.02639026074704796,0.3705659246152732,-1.0,False
1782600837.033821,TRACKING,Tracking AprilTag,Walk,4,74.91844177246094,-0.029960353731178755,-0.02113822432941664,1.8771835458439785,1.8775416139491743,-0.0159589136879296,0.4086023687664313,0.39729102695756136,-0.013482714936731473,0.9175936226331028,0.2832235549855084,0.00551917713587545,0.2651086423952521,0.8171062696429626,-0.6961091501268942,0.25554050351465013,0.13947239838077102,0.3581214776862308,0.2906810748787805,0.016062738058072373,-0.14343514596228313,0.7046633021849186,0.11749474722442342,0.6848875629118208,0.18,0.029960353731178755,0.16,1.3771835458439785,-0.029960353731178755,-0.0159589136879296,0.4086023687664313,-1.0,False
1782600837.0838857,TRACKING,Tracking AprilTag,Walk,4,75.14236450195312,-0.018978732227200746,-0.02113916951875506,1.87670601869127,1.876921025871076,-0.010112444411839137,0.41300572740194075,0.4013191244790628,-0.014976388000301516,0.9158158483722713,0.2838506323636194,0.008234890704450284,0.2692746728192827,0.8133199081815804,-0.6885011674363866,0.26089041175531785,0.14122477517433588,0.3657294603767385,0.29626471146418537,0.015344862656406735,-0.14685276164769942,0.7046613188789235,0.11932549834632268,0.683848022236419,0.18,0.018978732227200746,0.16,1.37670601869127,-0.018978732227200746,-0.010112444411839137,0.41300572740194075,-1.0,False
1782600837.133902,TRACKING,Tracking AprilTag,Walk,4,74.94931030273438,0.0026044706034630467,-0.016036978910848675,1.8721491092099298,1.8722196065299725,0.0013911653246372036,0.4117412291019016,0.4001837531636451,-0.010458338395854302,0.9163752434793601,0.2888239277754501,0.03208271159977624,0.27400883690709943,0.8093843117109861,-0.6814828651092523,0.26665068232829314,0.14339744912959082,0.37274776270387283,0.30239954502563426,0.014830036119553566,-0.15057344663853872,0.7051378309748836,0.12066627645090841,0.6823107255663657,0.18,-0.0026044706034630467,0.16,1.3721491092099298,0.0026044706034630467,0.0013911653246372036,0.4117412291019016,-1.0,False
1782600837.1838412,TRACKING,Tracking AprilTag,Walk,4,74.54753112792969,0.012741065724755621,-0.012580342459694142,1.868510963982789,1.8685967521902893,0.006818728123209051,0.42012074651819065,0.4078706992543217,0.0001241402006335315,0.9130396909658426,0.29251672983577653,0.026601114535247494,0.2804838316607658,0.8059537126020337,-0.6740513259389727,0.2728316381473661,0.1473332276382241,0.3801793018741524,0.3096721968338941,0.015726196251543145,-0.15149180700722953,0.7035640851621011,0.12542935672838706,0.6828728190156664,0.18,-0.012741065724755621,0.16,1.368510963982789,0.012741065724755621,0.006818728123209051,0.42012074651819065,-1.0,False
1782600837.2338667,TRACKING,Tracking AprilTag,Walk,4,73.99559783935547,0.03618637121453928,-0.023372101471928024,1.861255186569818,1.8617536298130153,0.01943946921899325,0.4365479997090952,0.42277709042245853,-0.013164639429142543,0.9061380822383645,0.29912282275693064,0.01936376703754597,0.2871620790277396,0.8030500289094119,-0.666168983304023,0.2786548160407748,0.15170598032995114,0.3880616445091021,0.316809687295335,0.01717070197812541,-0.1539295564820293,0.7031809755073195,0.1289663571952926,0.6820629633967794,0.18,-0.03618637121453928,0.16,1.361255186569818,0.03618637121453928,0.01943946921899325,0.4365479997090952,-1.0,False
1782600837.2840555,TRACKING,Tracking AprilTag,Walk,4,74.48078155517578,0.048983674343885855,-0.02095496978291511,1.852690392621662,1.8534562854363301,0.02643305411742725,0.4625891670708761,0.44623433188163264,-0.012033877694999801,0.8948352400513598,0.3073809584249058,-0.01603988455791376,0.293576374797239,0.8004974271375265,-0.657980901964003,0.2840423561433247,0.15602261995677524,0.396249725849122,0.3235297307958005,0.018751834918868823,-0.15539506843428982,0.7028178370074027,0.13140831985036372,0.6816386976724859,0.18,-0.048983674343885855,0.16,1.352690392621662,0.048983674343885855,0.02643305411742725,0.4625891670708761,-1.0,False
1782600837.3338768,TRACKING,Tracking AprilTag,Walk,4,74.98006439208984,0.0758826512074165,-0.017858418741625765,1.8411428784342976,1.8427925001702032,0.04119165829483915,0.4805846032079238,0.4622848759625317,-0.007429998291912361,0.8867003375333117,0.3181335118957459,-0.021923195822293656,0.29971323768234076,0.7979398045015678,-0.6499313500904631,0.28929723875928753,0.16009554621573932,0.4042992777226619,0.3300252248048493,0.020169959453921527,-0.15862884972983873,0.7007989429003496,0.13513053993915466,0.6822444333513419,0.18,-0.0758826512074165,0.16,1.3411428784342976,0.0758826512074165,0.04119165829483915,0.4805846032079238,-1.0,False
1782600837.3839638,TRACKING,Tracking AprilTag,Walk,4,74.68724060058594,0.08994466478973401,-0.020709534238909463,1.847944873965888,1.8502484116327007,0.048634425884514734,0.4630150494936397,0.4465793982243545,-0.017491203151396337,0.8945730260263216,0.3106697488444964,0.02427952721506242,0.30532352398051765,0.7958590843623282,-0.6432910885853483,0.29387737035697115,0.16394614398663787,0.4109395392277767,0.33581592502852037,0.021677440652784236,-0.16137576431260073,0.6989084255459874,0.13702291636981415,0.683161471237118,0.18,-0.08994466478973401,0.16,1.347944873965888,0.08994466478973401,0.048634425884514734,0.4630150494936397,-1.0,False
1782600837.4339142,TRACKING,Tracking AprilTag,Walk,4,73.11299896240234,0.1107273192035375,-0.029192997646611474,1.8298310348173832,1.833410588578143,0.06043862065953311,0.45698685528437705,0.44119441679970234,-0.015313977005380647,0.8972808750291345,0.3282596678408234,0.05679667173291045,0.3104075708855747,0.7942971980464333,-0.6363214065813871,0.29774645732747174,0.1675954162170014,0.4179092212317379,0.34087809278991865,0.023308844757247288,-0.16461102197667815,0.6973843296646364,0.1384881011735568,0.6836514857844909,0.18,-0.1107273192035375,0.16,1.3298310348173832,0.1107273192035375,0.06043862065953311,0.45698685528437705,-1.0,False
1782600837.483942,TRACKING,Tracking AprilTag,Walk,4,73.04421997070312,0.12120580691974328,-0.031573826013437785,1.8254388342875378,1.8297307703171082,0.06630085523130762,0.4645106151008077,0.44796675779450834,-0.009104408557137178,0.8940038555039352,0.33195951310237165,0.05364558361777916,0.31589583963433665,0.7921423493337729,-0.6280990503836533,0.30233078115431056,0.17130330535824723,0.42613157742947166,0.34661122460434457,0.024685676784587107,-0.1680283457803495,0.6958558555182581,0.14056276074542132,0.6839541020031226,0.18,-0.12,0.16,1.3254388342875378,0.12120580691974328,0.06630085523130762,0.4645106151008077,-1.0,False
1782600837.5338633,TRACKING,Tracking AprilTag,Walk,4,73.31600952148438,0.1451746912109167,-0.036797022479138346,1.8125098563742488,1.8186868040664164,0.07992532063272384,0.49101418605847014,0.4713058051506276,-0.03017322268704142,0.8814535805497625,0.3423281938426369,0.029929383512514035,0.32175885615912375,0.7891731283542064,-0.6194817168564558,0.3078083051077629,0.17493482946456682,0.43474891095666923,0.35311796598171274,0.02560955591275757,-0.17120051278264664,0.6950557716822745,0.14336898557092226,0.6833982679598197,0.18,-0.12,0.16,1.3125098563742488,0.1451746912109167,0.07992532063272384,0.49101418605847014,-1.0,False
1782600837.5839336,TRACKING,Tracking AprilTag,Walk,4,72.6756591796875,0.15844699130248982,-0.038069423050349195,1.807934167384199,1.8152632546326153,0.08741645040335365,0.4971042700879899,0.4767618037496513,-0.02247764286732129,0.8787450927638276,0.34581088491722906,0.03246760216629091,0.3277058336713178,0.785385924550761,-0.6122953734786761,0.3140385499589349,0.178235360220948,0.4419352543344489,0.36016201287664795,0.025910981726727372,-0.1720002933203479,0.6950813840781128,0.1447781035329543,0.6828741240837659,0.18,-0.12,0.16,1.307934167384199,0.15844699130248982,0.08741645040335365,0.4971042700879899,-1.0,False
1782600837.63393,TRACKING,Tracking AprilTag,Walk,4,71.88614654541016,0.18138314005346132,-0.03443231362428327,1.794124735267908,1.8035989003703998,0.10075605851134287,0.4818669096747929,0.4633266358506345,-0.021555092649905513,0.8859253955566392,0.3591081212188668,0.0837160222668681,0.3332232404959878,0.7806791246118412,-0.6062464484735691,0.32085623888240267,0.18070818481576967,0.4479841793395559,0.36738059512220345,0.025212544830449934,-0.17487016196491098,0.6963677758665513,0.14886852531672526,0.6799489020206312,0.18,-0.12,0.15025300217718787,1.294124735267908,0.18138314005346132,0.10075605851134287,0.4818669096747929,-1.0,False
1782600837.683871,TRACKING,Tracking AprilTag,Walk,4,71.73316955566406,0.19086652369331733,-0.029680861953312078,1.7901453060441783,1.8005363645828063,0.10621940100142434,0.4655018644502069,0.4488256517720043,-0.014264635361797357,0.89350548654691,0.36446543943982723,0.1227980927716467,0.33804904185663165,0.775099593436619,-0.6016614512781941,0.32809120373421885,0.1821486050671727,0.4525691765349309,0.3745320695568092,0.02340258894180297,-0.1769433456913116,0.6962986159525638,0.15039268843856218,0.6791475017272246,0.18,-0.12,0.13715347132382155,1.2901453060441783,0.19086652369331733,0.10621940100142434,0.4655018644502069,-1.0,False
1782600837.7338724,TRACKING,Tracking AprilTag,Walk,4,71.80207061767578,0.20287242687493545,-0.024481636719762796,1.783638497397731,1.7953057849630631,0.11325406167794914,0.45352434551289,0.4381334116610631,-0.0036391578802905363,0.8989025921178333,0.37252209618941234,0.15653350343167854,0.3423621908944046,0.7692108125182623,-0.5965464239253893,0.3353418702024781,0.1829905261397836,0.4576842038877358,0.38144041310727034,0.02104551772623775,-0.17926079749506116,0.6956197851723568,0.15191696457787104,0.6788961016471111,0.18,-0.12,0.12483351724629077,1.283638497397731,0.20287242687493545,0.11325406167794914,0.45352434551289,-1.0,False
1782600837.7838485,TRACKING,Tracking AprilTag,Walk,4,71.80776977539062,0.2077761823998513,-0.023118310791815512,1.7737531521566994,1.7860306948796683,0.1166078768920637,0.46125595453394513,0.445072835027561,0.0012041859295579393,0.8954935630459755,0.3812433657359422,0.1479822677071522,0.34576316669638735,0.7636053980398797,-0.5913478216127903,0.34189562424567166,0.1831792476845434,0.46288280620033473,0.38743871358432724,0.018398311790336297,-0.18072898447381996,0.6947781257228952,0.15368982874200565,0.6789696802724665,0.18,-0.12,0.12568088806411523,1.2737531521566994,0.2077761823998513,0.1166078768920637,0.46125595453394513,-1.0,False
1782600837.8338423,TRACKING,Tracking AprilTag,Walk,4,72.00414276123047,0.21966385312722905,-0.024550227688214393,1.7721601200418782,1.785890929793051,0.12332357503722283,0.4623887638151772,0.4459964592752184,-0.020179662573930595,0.8948072080243715,0.3818377930701826,0.15768655619863733,0.34787148853021643,0.7583290244443436,-0.584847620178327,0.3475248327601804,0.182406492370842,0.469383007634798,0.39218891378987175,0.015280502097311882,-0.182247102327513,0.693893940509543,0.1560025430506106,0.6789406451075869,0.18,-0.12,0.12020316437408804,1.2721601200418782,0.21966385312722905,0.12332357503722283,0.4623887638151772,-1.0,False
1782600837.88393,TRACKING,Tracking AprilTag,Walk,4,71.9064712524414,0.22534164202306264,-0.026013971637574972,1.7592765763038622,1.773840368883697,0.12739400019207922,0.48776781461375496,0.4686023900698719,-0.01500996275291857,0.8832816657436967,0.3909440748592138,0.11902208125089142,0.3489980594483332,0.7529304049990351,-0.577012164785797,0.35277545285068745,0.18071970767385984,0.47721846302732807,0.39620433878145456,0.011500208975637138,-0.1847553953718076,0.693733010834478,0.15869310471314824,0.6778026645536582,0.18,-0.12,0.12922930713400618,1.2592765763038622,0.22534164202306264,0.12739400019207922,0.48776781461375496,-1.0,False
1782600837.9337971,TRACKING,Tracking AprilTag,Walk,4,71.93791961669922,0.2417588828103207,-0.02230085798705456,1.7489534202311365,1.7657244269202494,0.13736013628937074,0.4999383495109148,0.4793423279342815,-0.011019612254772285,0.8775588303904748,0.3987985209655943,0.11458170919174798,0.35066495616538745,0.7464654993193252,-0.5690304831906468,0.3592200958912167,0.1789761119084858,0.48520014462247835,0.4012733828529458,0.007155287536283944,-0.1878637443429969,0.6935944089388619,0.16168000609636088,0.6763827208606535,0.18,-0.12,0.12634505209502372,1.2489534202311365,0.2417588828103207,0.13736013628937074,0.4999383495109148,-1.0,False
1782600837.983799,TRACKING,Tracking AprilTag,Walk,4,71.80874633789062,0.2501857214819757,-0.02055736582707762,1.7451984745058804,1.7631600086041135,0.14238648938153373,0.5008150343402891,0.4801340422338644,0.0052420579852465714,0.8771794698442554,0.4023098596805703,0.12190954681854754,0.35266900750310176,0.7391938144938287,-0.56191405845812,0.3665327695424905,0.17712721330782738,0.49231656935500495,0.4070808708068706,0.002342107129258919,-0.19103729168265515,0.6939597464638304,0.16302255785443193,0.6747949830170721,0.18,-0.12,0.12225967672676419,1.2451984745058804,0.2501857214819757,0.14238648938153373,0.5008150343402891,-1.0,False
1782600838.0337856,TRACKING,Tracking AprilTag,Walk,4,71.9281005859375,0.2640274070439319,-0.015007171349708977,1.7411592538140197,1.761127830114684,0.15049235957830256,0.48185335535353785,0.4634083140134551,-0.007768611884110783,0.886110818787696,0.4078173333669694,0.1690779080157967,0.3556576127945704,0.7321638024499765,-0.5566355404415576,0.3741215718645895,0.17625376597626927,0.49759508737156743,0.4135570330504142,-0.0017090844880559009,-0.19238386638928354,0.6939124926966258,0.16485686012609607,0.6740149227591555,0.18,-0.12,0.10548355405629661,1.2411592538140197,0.2640274070439319,0.15049235957830256,0.48185335535353785,-1.0,False
1782600838.0838234,TRACKING,Tracking AprilTag,Walk,4,71.87510681152344,0.2694522576462,-0.017507754428568202,1.7414163211602118,1.7622263884696914,0.15351425604625255,0.47910966893721196,0.4609049639994397,0.019124406314578228,0.8872434114964113,0.4088404252472551,0.1796340782303536,0.36082982860873036,0.7262177270650421,-0.5515303844409918,0.38184634743018725,0.17781436565995268,0.5027002433721333,0.4212024088394309,-0.0036211142881077685,-0.1923172330342344,0.6920002501244524,0.1697347588283738,0.6747887427567425,0.18,-0.12,0.10139200402697868,1.2414163211602118,0.2694522576462,0.15351425604625255,0.47910966893721196,-1.0,False
1782600838.1338246,TRACKING,Tracking AprilTag,Walk,4,71.62442779541016,0.2789997037071982,-0.025617090244128515,1.719559769591839,1.7422350217981553,0.16084896753375322,0.5147421082219538,0.4923094211796074,0.001985240262870668,0.8704179988022414,0.42366718999105735,0.12822286282451248,0.3661803564499233,0.7213640369770731,-0.5461197675767063,0.3887093393425645,0.18006953697496922,0.5081108602364187,0.4283683199277166,-0.004535539749374012,-0.19409246208284464,0.6923851854930156,0.17187558906455677,0.6733421514773403,0.18,-0.12,0.11260698333059899,1.219559769591839,0.2789997037071982,0.16084896753375322,0.5147421082219538,-1.0,False
1782600838.1838257,TRACKING,Tracking AprilTag,Walk,4,71.67708587646484,0.2857342234681714,-0.020895553821685214,1.714459321577451,1.7382322733093778,0.16514357163844343,0.5113206662068182,0.48921018795695165,-0.02207463171397652,0.8718865193554814,0.428293006019134,0.141178416788233,0.3716784866446844,0.7170629395570906,-0.539983983071925,0.39516474094410775,0.18272597534570492,0.5142466447412001,0.43533874449130316,-0.004912442997004107,-0.19604118235669937,0.6920034014820229,0.173641707286678,0.6727166600048382,0.18,-0.12,0.10703111862880998,1.214459321577451,0.2857342234681714,0.16514357163844343,0.5113206662068182,-1.0,False
1782600838.2339487,TRACKING,Tracking AprilTag,Walk,4,71.8218994140625,0.3004218200781741,-0.01589520952987991,1.6998598132933167,1.7262761402842453,0.17492695692875024,0.5352915749297382,0.510088263822492,-0.0037500520401037444,0.8601138879359247,0.43848573600259655,0.11585798085092847,0.37722212947367206,0.7136651428281849,-0.5344930766471023,0.4008571826291827,0.1858681252607104,0.5197375511660227,0.44182913566637666,-0.004522801083350819,-0.19884976599772064,0.6899928190927661,0.1753515585363571,0.6735135567172644,0.18,-0.12,0.11021152622899388,1.1998598132933167,0.3004218200781741,0.17492695692875024,0.5352915749297382,-1.0,False
1782600838.2838233,TRACKING,Tracking AprilTag,Walk,4,71.6812973022461,0.31081355771579294,-0.019840453881873173,1.709956432277098,1.738087947014192,0.1798039026360927,0.4996934164915126,0.47907460675563657,-0.018483560512094807,0.8775795571643221,0.4327173632842972,0.18662359120565009,0.38194730919766495,0.7112030550117026,-0.5299299402165699,0.4053317698793769,0.18876074842671464,0.5243006875965551,0.44711269005980525,-0.0038348673570465786,-0.20074008074648567,0.6882778627479839,0.17620450383554395,0.6744842299572554,0.18,-0.12,0.08802319587327287,1.209956432277098,0.31081355771579294,0.1798039026360927,0.4996934164915126,-1.0,False
1782600838.3338277,TRACKING,Tracking AprilTag,Walk,4,71.63777160644531,0.3196670172316055,-0.030214757767220546,1.68545224347407,1.7157649018803418,0.18743614614724466,0.5229876974972658,0.49946891274054284,-0.0026733254793559424,0.8663276854266296,0.45265776736891383,0.15775965130123176,0.38639282710685374,0.7085639279248488,-0.5253358508994056,0.4098221723109734,0.19132276077324925,0.5288947769137194,0.4522683869266053,-0.0034522303500133245,-0.20239726987335516,0.6869666080894489,0.17743331228041118,0.6750034401475979,0.18,-0.12,0.0928013172161127,1.18545224347407,0.3196670172316055,0.18743614614724466,0.5229876974972658,-1.0,False
1782600838.3838348,TRACKING,Tracking AprilTag,Walk,4,71.82978057861328,0.3262969283078577,-0.03339432461491783,1.6860225597138558,1.717631199706064,0.1911672979622021,0.5180202540640184,0.4950672485978417,-0.01946929325742733,0.8686364981888679,0.4518506015553816,0.1726571255234908,0.3911937606261994,0.7050155845650926,-0.5202426430714621,0.41527869558014235,0.19374475521356488,0.533987984741663,0.45823616532090244,-0.0036113664315990113,-0.20434618537672308,0.6862198811799575,0.17883342985477857,0.6748062800254033,0.18,-0.12,0.0869595588660273,1.1860225597138558,0.3262969283078577,0.1911672979622021,0.5180202540640184,-1.0,False
1782600838.4339178,TRACKING,Tracking AprilTag,Walk,4,71.62723541259766,0.33661480771296914,-0.035482452184574985,1.6657631845822956,1.699804553557385,0.19939324830794544,0.5448997998493269,0.5182531466557809,-0.017486948248591348,0.8550484679960152,0.46675518425848084,0.139353839544555,0.3961797502339981,0.7004689447719052,-0.5150784989134012,0.4216946566790779,0.19583460424041263,0.5391521288997239,0.4649273917342328,-0.004482867931093093,-0.20539157520694662,0.686123832660115,0.1813427548112447,0.6739163096166115,0.18,-0.12,0.09299597644751256,1.1657631845822956,0.33661480771296914,0.19939324830794544,0.5448997998493269,-1.0,False
1782600838.4839056,TRACKING,Tracking AprilTag,Walk,4,71.52434539794922,0.3446705396005226,-0.036356314850475364,1.6674994265288854,1.7031364889439085,0.20382857325265014,0.5387145854604424,0.5129746291485385,-0.015091631254312777,0.8582710950020415,0.46505733614069655,0.15765101204688822,0.4013769613193354,0.6950172856541635,-0.5107120010695073,0.4290018722534783,0.19766112846714776,0.5435186267436177,0.47231009312346084,-0.005975285566710148,-0.2056858238587886,0.6863925148711978,0.18261483233990963,0.6732090911461242,0.18,-0.12,0.08591157680283606,1.1674994265288854,0.3446705396005226,0.20382857325265014,0.5387145854604424,-1.0,False
1782600838.533858,TRACKING,Tracking AprilTag,Walk,4,71.43075561523438,0.3536308424931994,-0.03557149612921469,1.6528058875895741,1.690587887733164,0.21077986988498257,0.5426749706745525,0.5163858220973659,-0.012855153138569018,0.8562595563114093,0.4780543982705977,0.16150282918890332,0.40614629331972235,0.6888761057724709,-0.5074935892766445,0.43669731212653873,0.19877505091926578,0.5467370385364806,0.4797369467887029,-0.008277993256431443,-0.2086158846801256,0.6866380054568206,0.18353070954743642,0.6718066245389533,0.18,-0.12,0.08163560244079193,1.1528058875895741,0.3536308424931994,0.21077986988498257,0.5426749706745525,-1.0,False
1782600838.58397,TRACKING,Tracking AprilTag,Walk,4,71.56486511230469,0.355849443751954,-0.032987920617285664,1.6449893255025938,1.6833617883695429,0.21304060466589878,0.5344468682612323,0.5093644171982125,-0.001660678889030757,0.8605493202820819,0.48730383555187123,0.17834085598920507,0.410559854034174,0.6826471837377189,-0.5049494469356859,0.44429333127849224,0.19953628737288925,0.5492811808774392,0.4869224097062648,-0.010856386274478241,-0.21014404766583553,0.6862182770569238,0.18377685957648296,0.6716919095447342,0.18,-0.12,0.07548688993130725,1.1449893255025938,0.355849443751954,0.21304060466589878,0.5344468682612323,-1.0,False
1782600838.633896,TRACKING,Tracking AprilTag,Walk,4,71.57823944091797,0.35869152137870736,-0.03157182182567492,1.6375462279152613,1.676667538900263,0.21563641835925862,0.5264012942775943,0.502410876141468,-0.007520835040818487,0.8645962922515059,0.4957933252354312,0.19548513670957723,0.4146512280691173,0.6766094253898606,-0.502323972569351,0.45156400269714125,0.20011179105053334,0.551906655243774,0.4937342766316402,-0.013462597384867742,-0.2118590789015888,0.6853223099703368,0.18396521573304198,0.6720162658330432,0.18,-0.12,0.06912787061546438,1.1375462279152613,0.35869152137870736,0.21563641835925862,0.5264012942775943,-1.0,False
1782600838.6838448,TRACKING,Tracking AprilTag,Walk,4,71.773681640625,0.35859117586299577,-0.031399776797334536,1.6283068450517684,1.6676200883391192,0.21676332665232872,0.5378891347533852,0.5123093657496276,-0.007645635846484397,0.8587669404545782,0.5028857503866287,0.17732622815347351,0.41777989322133613,0.671583774759422,-0.4989954875509794,0.4574791468173409,0.2003500764491715,0.5552351402621456,0.4991773061279786,-0.015790501978258042,-0.21257950118818913,0.6841239244382463,0.18505341590657176,0.6727106695653806,0.18,-0.12,0.07385757338959673,1.1283068450517684,0.35859117586299577,0.21676332665232872,0.5378891347533852,-1.0,False
1782600838.7339258,TRACKING,Tracking AprilTag,Walk,4,71.41831970214844,0.362785849745277,-0.035477140879186284,1.620306425127317,1.6608025504584312,0.22026675421721517,0.5441441019780261,0.5176185477178218,-0.01614219491368793,0.8554592150429274,0.5089994238647313,0.1719572000801585,0.41982522401446526,0.6668202473218835,-0.4946810383621317,0.4626313140096192,0.1997758422423229,0.5595495894509934,0.5035821500804568,-0.018523983541360173,-0.21411060787158565,0.6841407650035928,0.18670591490284505,0.6717506699642736,0.18,-0.12,0.07383197219351939,1.120306425127317,0.362785849745277,0.22026675421721517,0.5441441019780261,-1.0,False
1782600838.7838104,TRACKING,Tracking AprilTag,Walk,4,71.50483703613281,0.3674964169442752,-0.0343263719050568,1.6218230693739064,1.6632925132484797,0.22283172573705468,0.5394208878476409,0.5135666143620348,-0.01681062268869546,0.8578850363408463,0.5077922643091473,0.18424355812187618,0.421263332589284,0.6614416464514072,-0.48962948791503036,0.4680183950098298,0.19836983303395142,0.5646011398980947,0.5078414923297965,-0.022109441280596,-0.21575283745746793,0.6841836797448982,0.188226803597972,0.6707563461549003,0.18,-0.12,0.06916189076047122,1.1218230693739064,0.3674964169442752,0.22283172573705468,0.5394208878476409,-1.0,False
1782600838.8339689,TRACKING,Tracking AprilTag,Walk,4,71.33706665039062,0.37404234201265657,-0.030128203868560872,1.607414524495348,1.650635282503456,0.22862943590729548,0.5610622853847901,0.5320846246387438,-0.002210632522948901,0.8466882928958539,0.5180370735755591,0.15694513666027413,0.42342755824649586,0.6550682742565017,-0.484791645371199,0.4746290770119119,0.19710388307543134,0.569438982441926,0.513265797370231,-0.026094495942510426,-0.21746659043486363,0.6848091901990373,0.19000098120228193,0.6690622409056904,0.18,-0.12,0.0747646503758291,1.107414524495348,0.37404234201265657,0.22862943590729548,0.5610622853847901,-1.0,False
1782600838.883841,TRACKING,Tracking AprilTag,Walk,4,71.09947967529297,0.3784783908921497,-0.027139953634499493,1.6067451202361396,1.65094286723019,0.23133876002337975,0.5531485149761386,0.5253652280231246,-0.00369783909245248,0.850868793158062,0.5193852669008953,0.1744142739959949,0.42598713531053367,0.6480500730231676,-0.4815882137396906,0.4819957138973112,0.19586322022961272,0.5726424140734345,0.519383500227954,-0.03038172057424221,-0.2186287934195005,0.6857326895779141,0.191101829200574,0.6674220703635506,0.18,-0.12,0.06836937346702751,1.1067451202361396,0.3784783908921497,0.23133876002337975,0.5531485149761386,-1.0,False
1782600838.9338694,TRACKING,Tracking AprilTag,Walk,4,71.22167205810547,0.3810223373153128,-0.021679419473384233,1.5977374757334533,1.642684711113193,0.23410365943703873,0.5528174492222904,0.5250267282853367,-0.01516311151115712,0.8509506534666362,0.5277986102117114,0.17835219878622793,0.430205401616923,0.6417532611895823,-0.4789939804519661,0.48955430932557015,0.19642111363439782,0.575236647361159,0.5264477530772463,-0.03312761598020078,-0.21709494650604452,0.6851582427542467,0.19432957820501706,0.6675806929668583,0.18,-0.12,0.06571543111781034,1.0977374757334533,0.3810223373153128,0.23410365943703873,0.5528174492222904,-1.0,False
1782600838.9838083,TRACKING,Tracking AprilTag,Walk,4,71.15927124023438,0.38645908341046736,-0.025830766184573372,1.6096373400076642,1.655581534681723,0.2356308141791977,0.5200482188429824,0.49692176561106544,-0.0009343130010009259,0.8677948409164448,0.5224565459459428,0.23622170529461006,0.4358092541147797,0.6365739484750971,-0.47607518750881767,0.4968255530379938,0.19873573193699168,0.5781554403043074,0.5340078185554695,-0.03416388475669685,-0.21759684863410908,0.6848349626015999,0.1958066452786036,0.6673173481393309,0.18,-0.12,0.04795637666021324,1.1096373400076642,0.38645908341046736,0.2356308141791977,0.5200482188429824,-1.0,False
1782600839.0338395,TRACKING,Tracking AprilTag,Walk,4,70.96199035644531,0.38826509009661686,-0.02648873780616689,1.5876023482563024,1.6346047380352302,0.23985277591732398,0.5594332932470235,0.5306970231159099,-0.0058057770180690565,0.8475417173267212,0.5358621976462836,0.1761328830947611,0.44125243118800916,0.6322251006690393,-0.4723561130734852,0.5032953334046156,0.20132080367651062,0.5818745147396398,0.5409605432133133,-0.034611404279172836,-0.2188784768930136,0.685383830739445,0.19702725136939428,0.6659740829279619,0.18,-0.12,0.06384914829792016,1.0876023482563024,0.38826509009661686,0.23985277591732398,0.5594332932470235,-1.0,False
1782600839.0838394,TRACKING,Tracking AprilTag,Walk,4,71.046875,0.39059680968141586,-0.021020364522063247,1.5767311354304543,1.6245272533551878,0.24283699398964342,0.5735968407123588,0.5426140421144346,-0.012543616993219413,0.8398884800811128,0.5438432051955726,0.15691752412930127,0.4467011074256704,0.6283158710321592,-0.4679095084283041,0.5093855727834005,0.20412778308609184,0.586321119384821,0.5476659957799814,-0.03469539816513004,-0.22070814336638156,0.6851962437585728,0.19812462205953388,0.6652372938468453,0.18,-0.12,0.06824512576550032,1.0767311354304543,0.39059680968141586,0.24283699398964342,0.5735968407123588,-1.0,False
1782600839.1338634,TRACKING,Tracking AprilTag,Walk,4,71.17155456542969,0.3994468125847368,-0.0155678581918414,1.5622785443754483,1.6126110394353181,0.25031942309016686,0.5922747885239095,0.5581949912850307,-0.01401197856611288,0.8295914754630541,0.55403690859057,0.13774035091043146,0.4516816236733672,0.6254373089029411,-0.4642029437929829,0.5143484028915923,0.2070367312366381,0.5900276840201422,0.5533973867583227,-0.0342026310003051,-0.22204902774613758,0.684152708083138,0.1986111974397833,0.6657198311234531,0.18,-0.12,0.07084991348080455,1.0622785443754483,0.3994468125847368,0.25031942309016686,0.5922747885239095,-1.0,False
1782600839.183871,TRACKING,Tracking AprilTag,Walk,4,70.75019073486328,0.40771167339443903,-0.020883533459872188,1.5718849244378097,1.6240342195491824,0.25378494114264827,0.5535652340770741,0.5257233349867825,0.00023947751010416213,0.8506555811260499,0.5502644028769945,0.20699949631325268,0.4557321633812205,0.6232131331693562,-0.461395874376006,0.5182829181233843,0.2094602451131323,0.592834753437119,0.5579916482850081,-0.033706052060778396,-0.2239442874309549,0.6819649832286887,0.19946850131489796,0.6670719861904895,0.18,-0.12,0.048376170010153624,1.0718849244378097,0.40771167339443903,0.25378494114264827,0.5535652340770741,-1.0,False
1782600839.2338247,TRACKING,Tracking AprilTag,Walk,4,70.8748550415039,0.41069721373413937,-0.02885447708336686,1.5515019942221757,1.6051988102076729,0.2587742104363149,0.5753459790190317,0.5440486074676119,-0.016767290082300053,0.8388861488282234,0.5654680690418036,0.17776048364932895,0.45961049887252087,0.6208154077144706,-0.458981027687767,0.522283287272634,0.2116483082314675,0.595249600125358,0.5625441418906596,-0.03345036570879781,-0.22491980316582555,0.6812292871462087,0.20007791445795825,0.6673129465432757,0.18,-0.12,0.05477620011683246,1.0515019942221757,0.41069721373413937,0.2587742104363149,0.5753459790190317,-1.0,False
1782600839.2837994,TRACKING,Tracking AprilTag,Walk,4,70.82300567626953,0.41333491803054306,-0.030515738984925,1.5485444797251333,1.603049272628978,0.2608373393926368,0.5742763826265125,0.5432048564527938,-0.009109093375858579,0.8395507777043445,0.5683295984152883,0.1825678448627335,0.4639799046219156,0.6176865699976256,-0.45618857997733975,0.5271619115765988,0.2139022729521229,0.5980420478357853,0.5679179151552382,-0.03351275931501144,-0.22570855351175484,0.6809708846756757,0.2009282201624383,0.6670548354056162,0.18,-0.12,0.05238458585988309,1.0485444797251333,0.41333491803054306,0.2608373393926368,0.5742763826265125,-1.0,False
1782600839.3338225,TRACKING,Tracking AprilTag,Walk,4,70.94352722167969,0.4173085400331732,-0.031052684736466798,1.5339419853152036,1.5899964468912218,0.2656213273435656,0.5954629553980304,0.5608858291604638,-0.004724965299707887,0.8278796780631202,0.5787272023678324,0.15525764727346725,0.46873065481711995,0.6134701495823637,-0.45334375046322,0.5331745561512091,0.21595067080285404,0.600886877349905,0.5742271798505971,-0.03424829146207828,-0.22539910305613073,0.6816293482076544,0.20312163958050447,0.6658215042619361,0.18,-0.12,0.05867228308980618,1.0339419853152036,0.4173085400331732,0.2656213273435656,0.5954629553980304,-1.0,False
1782600839.3837981,TRACKING,Tracking AprilTag,Walk,4,70.7174072265625,0.4203612466679858,-0.02996008884767921,1.528075557483653,1.5851233687013138,0.26845167084668475,0.5974091015609444,0.562470891472954,-0.010553973010017027,0.8267497262771388,0.5834700868324505,0.15602714458238903,0.4737451473232301,0.6084145336242394,-0.45161840640522666,0.5400471599488206,0.21781392195364774,0.6026122214078984,0.5812332744907925,-0.03552070087044554,-0.2264341513588127,0.6821099934194315,0.20318040158315026,0.6649595900415807,0.18,-0.12,0.057098047018455916,1.028075557483653,0.4203612466679858,0.26845167084668475,0.5974091015609444,-1.0,False
1782600839.433796,TRACKING,Tracking AprilTag,Walk,4,70.96156311035156,0.42291359991639793,-0.029459638987053248,1.5223450640233642,1.5802715833931191,0.2709712255717241,0.5897829152364898,0.5561804400768777,-0.0008159975714272256,0.8310611603389092,0.5902361566373356,0.17151819871761553,0.4784709082293418,0.6026190650317764,-0.45094957478692416,0.5474204771439869,0.21906070416695614,0.6032810530262009,0.5884264135712957,-0.03756496663508979,-0.2272305439158618,0.6824850771064106,0.20299994334250776,0.6643579023701734,0.18,-0.12,0.05101735460369322,1.0223450640233642,0.42291359991639793,0.2709712255717241,0.5897829152364898,-1.0,False
1782600839.4837992,TRACKING,Tracking AprilTag,Walk,4,70.82096862792969,0.42304383730727146,-0.027594196790249423,1.521689194457377,1.579640950503785,0.2711618296589271,0.5824047973391805,0.550028157067865,0.004559080491779464,0.835133666677136,0.5923897474578869,0.1833643584902146,0.48286681938370846,0.5967750800375299,-0.4505880174917705,0.554673068587771,0.21999671316243274,0.6036426103213545,0.5953769454888589,-0.03983791660220248,-0.22784043072301174,0.6819344046258264,0.20257229830422607,0.6648448464681936,0.18,-0.12,0.04715675197655586,1.021689194457377,0.42304383730727146,0.2711618296589271,0.5824047973391805,-1.0,False
1782600839.5338237,TRACKING,Tracking AprilTag,Walk,4,70.91874694824219,0.417501262373521,-0.02855106819603801,1.5067388426817037,1.5637724922840976,0.27030760858118424,0.5866566268140696,0.553561334392758,0.008161957474710789,0.8327684140957139,0.6075181868398768,0.17374738459224828,0.4868749606434198,0.5911794823759285,-0.45032540767624357,0.5615181638213863,0.2207182260112828,0.6039052201368815,0.6018673463283045,-0.04212933679318512,-0.2285793901603709,0.6809773714337138,0.20208981597356157,0.665718400127948,0.18,-0.12,0.05005146568396898,1.0067388426817037,0.417501262373521,0.27030760858118424,0.5866566268140696,-1.0,False
1782600839.5838315,TRACKING,Tracking AprilTag,Walk,4,70.8715591430664,0.41538565866220006,-0.02925609779737193,1.5026141664484514,1.5592467726091765,0.26970632779619985,0.5886591273712071,0.5551903529097915,-0.014200230110378789,0.8316020836317772,0.6107859601452864,0.16902366318865103,0.49004846695339327,0.5867998946543027,-0.44980322095519476,0.5668936899086543,0.22131459015839308,0.6044274068579303,0.6069771183305381,-0.043901950963287334,-0.22845541282289517,0.6800561607461122,0.20233227184287936,0.6666283779993751,0.18,-0.12,0.05159386866902366,1.0026141664484514,0.41538565866220006,0.26970632779619985,0.5886591273712071,-1.0,False
1782600839.6338217,TRACKING,Tracking AprilTag,Walk,4,70.88438415527344,0.4128671502453562,-0.0317480892026056,1.4970290383352511,1.5532427905960822,0.26910145763500054,0.5838630459641032,0.5511471802069973,-0.019419520500305456,0.8341820352737248,0.6174176871408906,0.17482215317525143,0.49232512860999106,0.5826078829870597,-0.4477876689140351,0.5716631660130532,0.22122377272343724,0.60644295889909,0.6112442743189097,-0.046034444782230205,-0.22912963757241758,0.6796983601508902,0.20294513716789783,0.6665755918828908,0.18,-0.12,0.0497402111105511,0.9970290383352511,0.4128671502453562,0.26910145763500054,0.5838630459641032,-1.0,False
1782600839.6837907,TRACKING,Tracking AprilTag,Walk,4,70.9427261352539,0.41392226926483716,-0.03190311721331402,1.4959718636601498,1.5525080581897477,0.26993783713820557,0.5785579908434163,0.5467875759160459,-0.010405632695457644,0.8372067066334703,0.6194267588750747,0.18428127719238815,0.49402823037153965,0.5779606039222527,-0.4445790819885537,0.5765452270182692,0.22040937806620214,0.6096515458245713,0.6153019984233754,-0.04886863486202747,-0.230410929377935,0.6798800906863094,0.20349404994596962,0.6657807728886133,0.18,-0.12,0.04633494199732313,0.9959718636601498,0.41392226926483716,0.26993783713820557,0.5785579908434163,-1.0,False
1782600839.733804,TRACKING,Tracking AprilTag,Walk,4,70.81236267089844,0.4159365871148341,-0.02814689729810065,1.486304131021658,1.5436630015065762,0.2728660936751414,0.5940321441561431,0.5595421257780884,-0.024267848398300887,0.8284465468657921,0.6258096195223926,0.16383661158731805,0.49672428056830986,0.572106667222839,-0.44146224495741815,0.5829669156822096,0.21986240800516968,0.6127683828557069,0.6208647722412225,-0.05212329444418365,-0.2314503117032353,0.6803125459504907,0.20483840877533166,0.6645651355023275,0.18,-0.12,0.0514365877704443,0.986304131021658,0.4159365871148341,0.2728660936751414,0.5940321441561431,-1.0,False
1782600839.7838416,TRACKING,Tracking AprilTag,Walk,4,70.80621337890625,0.416521516736475,-0.02643092872189463,1.479668294080875,1.5374026890849912,0.2743959115402988,0.5994207751631506,0.5641572759452264,-0.004998501065441715,0.825652216726365,0.6317299244340486,0.1574881086513659,0.5000008819209619,0.5654342393285181,-0.4393054744097423,0.5903870316084129,0.21941598884023863,0.6149251534033827,0.627372221548953,-0.05571641480626874,-0.23266681563794628,0.6808495090349661,0.20507883015306913,0.6635154650577424,0.18,-0.12,0.0527540671953064,0.979668294080875,0.416521516736475,0.2743959115402988,0.5994207751631506,-1.0,False
1782600839.8339262,TRACKING,Tracking AprilTag,Walk,4,70.64155578613281,0.41804817666713195,-0.025285666296994205,1.477736814171415,1.535939365630128,0.27569360680129235,0.5885419224802428,0.5551388610269417,-0.006000664173894971,0.8317360380596611,0.6351428830332856,0.17587485931404648,0.5046798278924874,0.5591054914301844,-0.4374489072411087,0.5982009243401186,0.22035867953315655,0.6167817205720163,0.6348324062106975,-0.05822464728707907,-0.23198766554682726,0.6806436322489391,0.20659780265088404,0.6634932681293236,0.18,-0.12,0.04614671511895829,0.9777368141714149,0.41804817666713195,0.27569360680129235,0.5885419224802428,-1.0,False
1782600839.8839376,TRACKING,Tracking AprilTag,Walk,4,70.74227905273438,0.4223022486951155,-0.029812713353414164,1.486794749480419,1.5458934679378737,0.2767467365419405,0.5614871957113237,0.532440930120025,-0.004207990848587457,0.846456702227551,0.6309689137502673,0.22014379222046201,0.5108067744591431,0.5538155149396116,-0.43545457069800897,0.6058267469925529,0.2230734823575046,0.6187760571151161,0.6428846568618182,-0.05905204377788237,-0.23040555744745828,0.6796811358238133,0.20989793697001563,0.6639952475419598,0.18,-0.12,0.03167153496791539,0.986794749480419,0.4223022486951155,0.2767467365419405,0.5614871957113237,-1.0,False
1782600839.9339125,TRACKING,Tracking AprilTag,Walk,4,70.46302032470703,0.42268358712685006,-0.03220080446376905,1.469137413898466,1.529072610293837,0.28014256065170373,0.587493755966549,0.5542589064728971,-0.008021178771600343,0.8323056681812172,0.6429280701026463,0.18329954691018235,0.516604770731145,0.5494208656797376,-0.4329624449634661,0.6125115967505184,0.2259444554679475,0.6212681828496589,0.6501544754682367,-0.059333895365119405,-0.2305358819509552,0.6804379168623904,0.2106989315580348,0.6629203637461807,0.18,-0.12,0.04161857339674113,0.9691374138984661,0.42268358712685006,0.28014256065170373,0.587493755966549,-1.0,False
1782600839.9839208,TRACKING,Tracking AprilTag,Walk,4,70.79545593261719,0.42322796021944087,-0.025156132257698503,1.4583562311550071,1.518735537955938,0.282450107236542,0.5966132524671606,0.5618296088074008,-0.0071665879933770086,0.8272219355673882,0.6518984247876556,0.17177051755787182,0.5223493513882908,0.5453037137915095,-0.42956124078881286,0.6189287750521295,0.22890603768739118,0.6246693870243122,0.6572215772335875,-0.059418861448755245,-0.23230517674631765,0.6808018763605956,0.2116137802888816,0.6616363940961858,0.18,-0.12,0.04410152972069248,0.9583562311550071,0.42322796021944087,0.282450107236542,0.5966132524671606,-1.0,False
1782600840.033935,TRACKING,Tracking AprilTag,Walk,4,70.49562072753906,0.4289642415230262,-0.018622811666750436,1.446522058595495,1.5089013207042896,0.2882874677712408,0.6140773542240128,0.5761855691856759,-0.00814537051663666,0.8172783141631286,0.6597085337439721,0.1532145738655888,0.5276576765072106,0.5418701292470237,-0.42620468738369927,0.6245361122979192,0.23182589854097105,0.6280259404294257,0.6635395637303543,-0.05919332870399105,-0.2345020035160441,0.6787862522389189,0.21204059349680823,0.6627947048882673,0.18,-0.12,0.04757995611788962,0.946522058595495,0.4289642415230262,0.2882874677712408,0.6140773542240128,-1.0,False
1782600840.0839238,TRACKING,Tracking AprilTag,Walk,4,70.60803985595703,0.4357206282061509,-0.022664440489579205,1.4517824269080537,1.515928216567693,0.29157426701848993,0.5746889231708261,0.5435154335182277,-0.014642825081979142,0.8392714466733106,0.6606223710858022,0.21813285442130928,0.5318512678692077,0.5393294541732446,-0.42380372276374084,0.6288164829555023,0.23421748073183107,0.6304269050493843,0.668432358441588,-0.05887427031488063,-0.23584342796569818,0.6771953502275936,0.2124055717703493,0.6638284478661837,0.18,-0.12,0.024927621268772127,0.9517824269080537,0.4357206282061509,0.29157426701848993,0.5746889231708261,-1.0,False
1782600840.133804,TRACKING,Tracking AprilTag,Walk,4,70.34419250488281,0.4365788132851326,-0.03135107703161257,1.4325046450309786,1.497883008874801,0.2958235812933822,0.5969832697838131,0.5621219736826978,-0.010001971687342626,0.8269938616854626,0.6750187029649692,0.18884447289960493,0.5360352171128506,0.5368002835602732,-0.42156513116919025,0.6330820880366438,0.23660636092025383,0.6326654966439347,0.6733106601606446,-0.058551303442357844,-0.23699667106487127,0.6759562534234997,0.2126439356142188,0.6646038504314662,0.18,-0.12,0.03225041172786258,0.9325046450309786,0.4365788132851326,0.2958235812933822,0.5969832697838131,-1.0,False
1782600840.1839097,TRACKING,Tracking AprilTag,Walk,4,70.64942169189453,0.43830805245388504,-0.03408817749700683,1.4281490578668505,1.4942843384633855,0.29778081430649345,0.5991649454107166,0.5639317846016069,-0.008689498647236466,0.8257756565371169,0.6786327879423911,0.18807576457626804,0.5409379526723587,0.5333276834297144,-0.41894461155609114,0.6385230307238007,0.23915428366403865,0.635286016257034,0.6793185105875135,-0.05859004465546472,-0.23797196747501503,0.6754033834517867,0.21313108756674853,0.6646613813292931,0.18,-0.12,0.03157973982951423,0.9281490578668505,0.43830805245388504,0.29778081430649345,0.5991649454107166,-1.0,False
1782600840.233795,TRACKING,Tracking AprilTag,Walk,4,70.39643859863281,0.4417146812533746,-0.03676919751149846,1.4159764382328213,1.4837294588808692,0.3023842573815152,0.6121934277215805,0.5745875738952007,-0.016299901814688142,0.818280778905419,0.6874502927856609,0.174361286102128,0.5462366558473111,0.5286936164669903,-0.41621699575646776,0.6451694597877049,0.24147286354184094,0.6380136320566573,0.6863161550006024,-0.05935411573804031,-0.2380415676727467,0.6757328706935843,0.21496984649831127,0.6637087197111404,0.18,-0.12,0.03395088221742654,0.9159764382328213,0.4417146812533746,0.3023842573815152,0.6121934277215805,-1.0,False
1782600840.2839813,TRACKING,Tracking AprilTag,Walk,4,70.2291030883789,0.4430564086509582,-0.036279243565173355,1.4070817849773587,1.4756335298357162,0.30504809437299085,0.620009911110341,0.5810428095740867,-0.0011985973847347267,0.8138721132994795,0.6950731508402278,0.16584149162243045,0.5516945038991844,0.523246553614476,-0.4149937553811957,0.6526014065949778,0.24352828703359286,0.6392368724319293,0.6939098806386367,-0.060693492462804005,-0.23882430885445188,0.676068711776326,0.21502122159321085,0.6630685641182635,0.18,-0.12,0.03546167061947869,0.9070817849773587,0.4430564086509582,0.30504809437299085,0.620009911110341,-1.0,False
1782600840.334003,TRACKING,Tracking AprilTag,Walk,4,70.41783142089844,0.44251417523369524,-0.03852522733914923,1.3959799906014911,1.4649447506933597,0.3069717702594696,0.6139285035122489,0.5760777076211292,-0.004295086595501727,0.8173836473854379,0.7070028169995501,0.17630795095589868,0.5569147002039023,0.5171369287516026,-0.41506750973757855,0.6604920891972068,0.24504983016335052,0.6391631180755465,0.7016882571054206,-0.06271211203216687,-0.23992617195540003,0.6761389297689956,0.21410862661397695,0.6628944679744594,0.18,-0.12,0.027604660579937157,0.8959799906014911,0.44251417523369524,0.3069717702594696,0.6139285035122489,-0.9899499765037278,False
1782600840.3839462,TRACKING,Tracking AprilTag,Walk,4,70.42418670654297,0.43985169776538696,-0.03769326328000297,1.3899859879383687,1.4584071258701363,0.30647326090634336,0.624408546879562,0.5846174105659716,-0.000622843266601736,0.8113088778815398,0.7117993716206974,0.15963499036694778,0.5617107120933025,0.5111865584705575,-0.4155248745663242,0.6680347933253828,0.2462811915886063,0.6387057532468008,0.7090277002570462,-0.06484312370479306,-0.2404090481560812,0.6756354818704795,0.21331038926263107,0.6634899117808476,0.18,-0.12,0.028562295224274947,0.8899859879383687,0.43985169776538696,0.30647326090634336,0.624408546879562,-0.9749649698459217,False
1782600840.4338527,TRACKING,Tracking AprilTag,Walk,4,70.44886016845703,0.4345691285286337,-0.03967535918908856,1.3853768103782484,1.4524783538251882,0.30396223924124766,0.6123782785904992,0.5747790270378634,0.011216899992531917,0.8182317833181284,0.7200723420802467,0.17287268710617673,0.5661461655208172,0.5055189106342053,-0.41598579634099825,0.6751535858010149,0.24733867576978527,0.6382448314721267,0.7159096542951874,-0.06694887481104253,-0.24096063190531103,0.6744212215181578,0.21251897677160408,0.6647779135543687,0.18,-0.12,0.021429469368038412,0.8853768103782484,0.4345691285286337,0.30396223924124766,0.6123782785904992,-0.9634420259456211,False
1782600840.483844,TRACKING,Tracking AprilTag,Walk,4,70.561279296875,0.4313133207821506,-0.041272104178231774,1.3806905165710917,1.4470801186585258,0.3027842625897842,0.6102588744564768,0.5730669389991268,-0.006654247188370014,0.8194815461134725,0.724708310965199,0.17357211627652985,0.5699767494097367,0.5007734402829102,-0.41590473317234083,0.6811717828872005,0.24832567405595368,0.6383258946407842,0.7217676142361237,-0.06864509623392867,-0.24059897170478692,0.673213256698072,0.21270609243814875,0.6660721913278386,0.18,-0.12,0.017893871367855585,0.8806905165710917,0.4313133207821506,0.3027842625897842,0.6102588744564768,-0.9517262914277291,False
1782600840.5338418,TRACKING,Tracking AprilTag,Walk,4,70.19956970214844,0.42640562094272766,-0.04402536840252914,1.371901496127505,1.437314753876623,0.30134775262222047,0.6124243791211148,0.5748498160381829,-0.0032820431456833943,0.818252355446446,0.7340596605839459,0.1673371288215989,0.5722318227878128,0.49658090464264276,-0.4142814398162029,0.685931052213882,0.24821582638174852,0.6399491879969221,0.7260173733676503,-0.07079038371103408,-0.24096157394452636,0.6732031815116833,0.21331324745089147,0.6657570538467309,0.18,-0.12,0.013488951215127665,0.8719014961275049,0.42640562094272766,0.30134775262222047,0.6124243791211148,-0.9297537403187622,False
1782600840.583964,TRACKING,Tracking AprilTag,Walk,4,70.4061279296875,0.42640612920270754,-0.042670599767244695,1.3692731074527291,1.4347654198158617,0.30189206202333324,0.6117806467019536,0.574222774469171,-0.018963773349488407,0.8184794319842599,0.7361261505600284,0.16857225130992498,0.573686118407174,0.49185302631981537,-0.4120120264047196,0.6907603113531194,0.24714528196415272,0.6422186014084055,0.7299173002813039,-0.07383314220491999,-0.2413913047598522,0.6736984126268644,0.2144751061760103,0.6647263464322504,0.18,-0.12,0.010689819787838395,0.8692731074527291,0.42640612920270754,0.30189206202333324,0.6117806467019536,-0.9231827686318228,False
1782600840.6338532,TRACKING,Tracking AprilTag,Walk,4,70.63219451904297,0.4262934763469912,-0.03721003641230338,1.360307156599151,1.4260246404184869,0.30368665646744186,0.6236258286169545,0.583929026206147,-0.013509449014424735,0.8116922983133865,0.7432484853089104,0.1532989018360475,0.5761710105074694,0.48616355082641716,-0.4099567883521434,0.6969347073067994,0.24649593248408044,0.6442738394609817,0.7352127867303818,-0.07707392041512223,-0.24151967354264944,0.67414323838225,0.2153352055239998,0.6639502170323327,0.18,-0.12,0.007553070542757667,0.8603071565991509,0.4262934763469912,0.30368665646744186,0.6236258286169545,-0.9007678914978773,False
1782600840.6838367,TRACKING,Tracking AprilTag,Walk,4,70.34134674072266,0.42695717228272384,-0.03491703497994543,1.3591580756286163,1.4250692266840703,0.30437240589423187,0.6184209304187595,0.579727059075402,0.00875254975932403,0.8147637263946499,0.7460003556190871,0.16160956869529358,0.5794919212474926,0.47994507334375114,-0.4096352842717564,0.7039819883138911,0.24631224592303003,0.6445953435413687,0.7414965701270733,-0.08026953875420637,-0.24151854075602308,0.6749945772607681,0.2162497320946651,0.662787423318083,0.18,-0.12,0.0037034238172664047,0.8591580756286163,0.42695717228272384,0.30437240589423187,0.6184209304187595,-0.8978951890715409,False
1782600840.7339704,TRACKING,Tracking AprilTag,Walk,4,70.36807250976562,0.4245529192120419,-0.03374648071760926,1.3569994600462036,1.4222628240722524,0.3032141944604622,0.6114518926395309,0.5740539449331519,-0.003206903058180924,0.8188112017305708,0.7490749914168444,0.16933201900923345,0.5845594288908117,0.4746358534083821,-0.40971316901527927,0.7111012899770872,0.24809634061379943,0.6445174587978457,0.7486913689893244,-0.08171947646630559,-0.23833404459359808,0.6743541251510026,0.21923070119851581,0.6636123090566433,0.18,-0.12,-3.2780618738736944e-05,0.8569994600462036,0.4245529192120419,0.3032141944604622,0.6114518926395309,-0.8924986501155091,False
1782600840.7838326,TRACKING,Tracking AprilTag,Walk,4,70.32328033447266,0.42657764881553756,-0.03869552511225381,1.3635944394201547,1.4292850063406777,0.3031884200461194,0.5805621899344497,0.5484726693606213,0.00884001366272113,0.8361217525712852,0.7486404999156627,0.21359619467347263,0.5908711996505113,0.4705634835587592,-0.4093909069950689,0.7177596627897,0.25157322396004106,0.6448397208180561,0.7561977759649611,-0.08144288899148519,-0.2376121864327485,0.6740178203896332,0.2200338895684712,0.6639469211444743,0.18,-0.12,-0.00900809804431546,0.8635944394201547,0.42657764881553756,0.3031884200461194,0.5805621899344497,-0.9089860985503867,False
1782600840.8338318,TRACKING,Tracking AprilTag,Walk,4,70.48225402832031,0.42235604752914857,-0.038808408334771026,1.3449134224712262,1.410206664778319,0.30428686044526243,0.6050350664401024,0.5687843865405752,-0.004792331528310835,0.8224727078670662,0.7623316443817718,0.17821413951513077,0.5966894631781589,0.46719384036485584,-0.40827296523607554,0.7235632587001859,0.2549680671433361,0.6459576625770496,0.7628971627043049,-0.08087288631774009,-0.2379804400556793,0.6751222486421823,0.22009681119281344,0.6626708483417569,0.18,-0.12,-0.013002280049534298,0.8449134224712262,0.42235604752914857,0.30428686044526243,0.6050350664401024,-0.8622835561780656,False
1782600840.8838444,TRACKING,Tracking AprilTag,Walk,4,70.5393295288086,0.42278331262925717,-0.03207895962098073,1.3398183703876854,1.405307103346612,0.3056635594095997,0.6019768297752329,0.5662711966441348,0.0024650233276741164,0.8242152968194739,0.7680544173551703,0.1836643913068403,0.6024214129591886,0.46395098772223803,-0.4065805811764241,0.7292139775392767,0.25835048021029366,0.647650046636701,0.769453177886028,-0.08024838132096337,-0.2392549777554392,0.6756511744267122,0.22009016576176368,0.6616742892466113,0.18,-0.12,-0.01939372183693383,0.8398183703876854,0.42278331262925717,0.3056635594095997,0.6019768297752329,-0.8495459259692134,False
1782600840.9338791,TRACKING,Tracking AprilTag,Walk,4,70.15640258789062,0.42323429465506734,-0.02361903004413481,1.3240790739582493,1.3902771381442383,0.30938022822753847,0.6325524389591204,0.5911612374736941,-0.012205664053153844,0.8064610425021113,0.7780808548616693,0.1447879030814861,0.6079493983085258,0.46105239726534,-0.4043312500418971,0.7344646159597654,0.26172557203668817,0.649899377771228,0.7756448262963304,-0.07945848346522111,-0.24096452310585487,0.6738828013200971,0.21996862747555748,0.6628965768623835,0.18,-0.12,-0.022195944594904926,0.8240790739582493,0.42323429465506734,0.30938022822753847,0.6325524389591204,-0.8101976848956233,False
1782600840.9840317,TRACKING,Tracking AprilTag,Walk,4,70.36013793945312,0.43024575426059797,-0.02709452438885408,1.3340835396416777,1.4020072799575602,0.3119716642375307,0.5866128449125696,0.553490427031819,-0.013822743960276985,0.8327408233859699,0.775167785352864,0.2135156552348148,0.6122781563464994,0.4590012663246271,-0.40297832661964067,0.7383860763576515,0.2644764687332368,0.6512523011934843,0.7803680497903489,-0.07866070899030797,-0.24200419484113514,0.6721796211312537,0.21997052161600278,0.6642450573659706,0.18,-0.12,-0.035802378279195385,0.8340835396416777,0.43024575426059797,0.3119716642375307,0.5866128449125696,-0.8352088491041942,False
1782600841.033934,TRACKING,Tracking AprilTag,Walk,4,70.2903060913086,0.4290195851607594,-0.03603723862498147,1.3166262309875911,1.3852296268647353,0.3149983934003359,0.6198618300586077,0.5809088922706763,-0.006895046838710739,0.8139393817784885,0.7863036127967751,0.16948668103811076,0.6163828774162499,0.45689108049222515,-0.4024544235219489,0.7422482350387669,0.26700339366872816,0.6517762042911762,0.7849414415925688,-0.07803965606896393,-0.24249411212943564,0.6716958731398035,0.21978889951625918,0.6646157530776301,0.18,-0.12,-0.03816791032964273,0.8166262309875911,0.4290195851607594,0.3149983934003359,0.6198618300586077,-0.7915655774689778,False
1782600841.083983,TRACKING,Tracking AprilTag,Walk,4,70.33366394042969,0.4285300513107044,-0.03688300337111541,1.3109741318662258,1.3797287904644278,0.31593054566419004,0.6149997031278372,0.5769519477392777,-0.004685051977075801,0.8167646541616659,0.7928896922453023,0.17678906730430155,0.6211463413328763,0.4539347231737217,-0.40209197669817703,0.747171508193389,0.2696851875692078,0.6521386511149481,0.790539459546051,-0.07773497250825953,-0.24273968162097206,0.6720050024256733,0.2196681202297909,0.6642534460852499,0.18,-0.12,-0.04527624262506383,0.8109741318662258,0.4285300513107044,0.31593054566419004,0.6149997031278372,-0.7774353296655645,False
1782600841.1338181,TRACKING,Tracking AprilTag,Walk,4,70.24872589111328,0.427499261134182,-0.03511624559891458,1.301555151516335,1.3704140182492095,0.3173515422546736,0.6200832839475034,0.5810646626571729,-0.011477859256408486,0.8137764536763127,0.8012445123552212,0.17063009600473206,0.6262862001142664,0.4499923082999045,-0.4019646252210319,0.7531380788434704,0.2722072537871162,0.6522660025920932,0.7970107656016294,-0.07802303719710837,-0.2423185185591347,0.6733036720971826,0.22016193865057904,0.6629273123603934,0.18,-0.12,-0.05187975222478622,0.801555151516335,0.427499261134182,0.3173515422546736,0.6200832839475034,-0.7538878787908376,False
1782600841.1838226,TRACKING,Tracking AprilTag,Walk,4,70.3294448852539,0.42674116911868537,-0.03326103871546988,1.2961106793361252,1.3649605178196058,0.3180687859928041,0.6195454761346539,0.5806635655249061,-0.002353266589503805,0.814140212622041,0.80708146122583,0.1715647038615517,0.6315754624367539,0.44466544766612187,-0.40276463638923243,0.7603822433954746,0.2741754560306151,0.6514659914238926,0.8043974506839918,-0.0793604315375458,-0.24401920147199907,0.6724871340216323,0.21807919131051845,0.6638201188617964,0.18,-0.12,-0.05694436762120428,0.7961106793361252,0.42674116911868537,0.3180687859928041,0.6195454761346539,-0.7402766983403131,False
1782600841.233862,TRACKING,Tracking AprilTag,Walk,4,70.33971405029297,0.42056356439649795,-0.039175277015191724,1.2864762141419175,1.3540418987535152,0.3159595990182363,0.6305083694611804,0.5894719032126927,0.016835411557684962,0.8076134250001601,0.8171798530917254,0.15281823988894422,0.6365567749137886,0.4386960578937997,-0.4048840405634283,0.7680330047397246,0.27555854644743316,0.6493465872496967,0.8118996865539645,-0.08140090824632212,-0.24420271089202866,0.6726713513474252,0.21655366614469326,0.6640653572869962,0.18,-0.12,-0.05858157578137224,0.7864762141419175,0.42056356439649795,0.3159595990182363,0.6305083694611804,-0.7161905353547937,False
1782600841.2838588,TRACKING,Tracking AprilTag,Walk,4,70.4402847290039,0.4159928081510892,-0.03885345695187356,1.2832185456249647,1.3495219314210458,0.31348936739489813,0.6339794664767261,0.5923235707349813,0.010399473675024046,0.8056330669101436,0.8203727409071867,0.14439104337106867,0.6405221770762137,0.4334033343092952,-0.40680962684930827,0.7745936360500275,0.2763924853312916,0.6474210009638168,0.8181815887500928,-0.0834685257278733,-0.24470002093858034,0.6720857896120499,0.21473052473482804,0.6650664575073014,0.18,-0.12,-0.057697002590871516,0.7832185456249647,0.4159928081510892,0.31348936739489813,0.6339794664767261,-0.7080463640624118,False
1782600841.3338296,TRACKING,Tracking AprilTag,Walk,4,70.26319122314453,0.4073295940129725,-0.04081764786316842,1.2810129138181092,1.3448336565927466,0.30786461948220223,0.6190775161896648,0.5802822162416263,-0.0025640361770043994,0.8144114287214967,0.8258847381414273,0.15644556801192255,0.6429631659887536,0.4292104810572754,-0.4086557504082777,0.779445004645558,0.27644413815711566,0.6455748774048473,0.8225839336800439,-0.08550759521708876,-0.24506260227437968,0.6712212795046957,0.21326244890328333,0.6662773017253122,0.18,-0.12,-0.05961718665431279,0.7810129138181092,0.4073295940129725,0.30786461948220223,0.6190775161896648,-0.7025322845452731,False
1782600841.3837998,TRACKING,Tracking AprilTag,Walk,4,70.30303192138672,0.40186287554107114,-0.04153404430848419,1.2750586225099434,1.337532556019371,0.3053173616716775,0.6276993926086252,0.5872841193817884,0.0006577293778090142,0.8093805844681616,0.831727436698677,0.1408751492238252,0.6441098057521147,0.4261586727499761,-0.41185117060027593,0.7826649362943361,0.2759338863872806,0.6423794572128492,0.8252717342366694,-0.08735260059898489,-0.24389761420855577,0.6709015453905017,0.21240332768913264,0.6673004544900251,0.18,-0.12,-0.05896796265293902,0.7750586225099434,0.40186287554107114,0.3053173616716775,0.6276993926086252,-0.6876465562748585,False
1782600841.4338462,TRACKING,Tracking AprilTag,Walk,4,70.64678955078125,0.39237311614716464,-0.03963646941260211,1.2742810548843662,1.3339115108655992,0.2987044049960235,0.627380503854166,0.5869852231856348,-0.011802997699930026,0.8095116039977475,0.8338126695791426,0.13194260303592914,0.64418409408436,0.4238293397590204,-0.4143314090800328,0.7847270298427891,0.2748480313617406,0.6398992187330923,0.8266666976226399,-0.08921952001097455,-0.24334834965074037,0.670779624444855,0.21130473701802438,0.6679719936237027,0.18,-0.12,-0.05373573148266392,0.7742810548843662,0.39237311614716464,0.2987044049960235,0.627380503854166,-0.6857026372109154,False
1782600841.4838634,TRACKING,Tracking AprilTag,Walk,4,70.56122589111328,0.3878691574623783,-0.039355355957790016,1.2731054268249147,1.3314611354313681,0.29573001349185696,0.6263817011561621,0.5862063055603512,-0.006102942967756169,0.8101388284784382,0.8362372255710343,0.1291827842094857,0.6432609550934962,0.42079464214863604,-0.41621379118166235,0.7869098261598217,0.27254651546536407,0.6380168366314628,0.8276480013958265,-0.09223591157833694,-0.24286571085587152,0.6717107685269832,0.21039409533053258,0.6674992244080953,0.18,-0.12,-0.05232170983070905,0.7731054268249147,0.3878691574623783,0.29573001349185696,0.6263817011561621,-0.6827635670622867,False
1782600841.5339143,TRACKING,Tracking AprilTag,Walk,4,70.74266815185547,0.37936957601430893,-0.03505575410536086,1.2718401598607345,1.327677511045416,0.2898817441313403,0.629436209720259,0.5886890913416183,-0.00022527178946996594,0.8083595134517813,0.8390643825784576,0.11711939922569414,0.64307777487648,0.4164279878129076,-0.4180794429365614,0.7906162494632569,0.27023055964208187,0.6361511848765636,0.8299987289415858,-0.09592037966549022,-0.24261516003995423,0.6727916752504189,0.20941197838920325,0.6668102197324528,0.18,-0.12,-0.04701101987759379,0.7718401598607345,0.37936957601430893,0.2898817441313403,0.629436209720259,-0.6796003996518363,False
1782600841.5837836,TRACKING,Tracking AprilTag,Walk,4,70.69840240478516,0.37494178608405593,-0.03262463255747592,1.2721194732083125,1.3266249144792988,0.2866221895297376,0.6312404362696497,0.5901320900146074,0.007015058745614571,0.80727622613687,0.8398136565594433,0.11038049923454057,0.6441886782284254,0.4109706039847137,-0.42093157923369484,0.7959102282272794,0.2685011281309558,0.6332990485794302,0.8340349662682389,-0.09975781797099148,-0.24218315773796797,0.6741212140160928,0.20800408305720636,0.6660647178413419,0.18,-0.12,-0.04324395184491078,0.7721194732083125,0.37494178608405593,0.2866221895297376,0.6312404362696497,-0.6802986830207813,False
1782600841.6338935,TRACKING,Tracking AprilTag,Walk,4,70.61337280273438,0.3646317035382717,-0.029563758521500266,1.2762774787429363,1.32767258681859,0.2782858920708982,0.6224236899946899,0.5829990905166891,-0.004883011969187408,0.8124581322448697,0.8381991359330593,0.11096425267345511,0.6475729548169586,0.40594242979344036,-0.42348504903404577,0.8019538123214279,0.2689604265333425,0.6307455787790792,0.8396889780424441,-0.1019413963603853,-0.2390207846702519,0.6739702513608072,0.2091126681001744,0.6670120364853199,0.18,-0.12,-0.03550524313679854,0.7762774787429363,0.3646317035382717,0.2782858920708982,0.6224236899946899,-0.6906936968573407,False
1782600841.6838677,TRACKING,Tracking AprilTag,Walk,4,70.81675720214844,0.36190489258300246,-0.03353975169586023,1.2815230681107133,1.3320666050611847,0.27523484048035507,0.5855184861272505,0.552615332362494,0.007667235231027336,0.8334011686707683,0.8389862680551239,0.15625303226418075,0.6529091206923175,0.40190223901302297,-0.4251705938265411,0.8081023565837178,0.27160489457931647,0.6290600339865839,0.8463772050933577,-0.10219718280831477,-0.23724337173727905,0.673339047338735,0.20953344357449935,0.6681510651937211,0.18,-0.12,-0.04166515561971498,0.7815230681107133,0.36190489258300246,0.27523484048035507,0.5855184861272505,-0.7038076702767831,False
1782600841.7338955,TRACKING,Tracking AprilTag,Walk,4,70.78518676757812,0.35203181378666937,-0.037726091641663836,1.262158924888075,1.310875588140655,0.2719999159631455,0.6103287672993816,0.5731348487994872,0.002677100302988255,0.8194566969801129,0.8560984202359588,0.11709871421791795,0.658165366465094,0.398706559787372,-0.42569795952918554,0.8134771084534175,0.27459697206431705,0.6285326682839395,0.8525162454845427,-0.10180645475392655,-0.2370526782317713,0.6740498914499697,0.20928260392810089,0.6675803796341695,0.18,-0.12,-0.04479600753749355,0.7621589248880749,0.35203181378666937,0.2719999159631455,0.6103287672993816,-0.6553973122201873,False
1782600841.7839196,TRACKING,Tracking AprilTag,Walk,4,70.96601104736328,0.35131153587014396,-0.03510318855055837,1.2605339820799522,1.3090446703837866,0.2718033334068935,0.6051302457701343,0.5688678102070962,-0.00220955268610062,0.822426004201661,0.8581969520733905,0.123405053687554,0.6629643631099675,0.3966492452535564,-0.42462000872015576,0.817636194984202,0.27775369680968254,0.6296106190929694,0.857628487647749,-0.10074443217728674,-0.2374270718048,0.6741952275464834,0.2092898275626373,0.6672982457691203,0.18,-0.12,-0.04755175930681266,0.7605339820799522,0.35131153587014396,0.2718033334068935,0.6051302457701343,-0.6513349551998804,False
1782600841.833956,TRACKING,Tracking AprilTag,Walk,4,70.82142639160156,0.3495531598977431,-0.03264243719642311,1.251299595847192,1.2996167199863065,0.2724077972338829,0.6197696262922204,0.5808476440791676,0.00012914335895487707,0.8140122835004847,0.8659801188610229,0.10426816701568775,0.6664135788892994,0.39588025281870354,-0.42201877075779937,0.8200084065135144,0.2803730576701695,0.6322118570553257,0.8608963961877856,-0.09939936242771635,-0.23780015950306801,0.6742757602747413,0.20990624962295967,0.6668902830417149,0.18,-0.12,-0.050482196753494385,0.751299595847192,0.3495531598977431,0.2724077972338829,0.6197696262922204,-0.6282489896179799,False
1782600841.8838685,TRACKING,Tracking AprilTag,Walk,4,70.52571105957031,0.3557880669886148,-0.026194446750548814,1.2477760339055788,1.29777360446312,0.2777665662726164,0.6219458250540012,0.5826118819555344,-0.004478464214271963,0.8127381733144519,0.8678629725437672,0.1082657791842116,0.6688261133263889,0.39562669767553243,-0.4209081240806088,0.8214204210930357,0.2823455757177396,0.6333225037325163,0.8630192837560053,-0.0982254965948936,-0.23937845690171208,0.6721151370223492,0.2102648607920444,0.668392014668702,0.18,-0.12,-0.05736082235033807,0.7477760339055788,0.3557880669886148,0.2777665662726164,0.6219458250540012,-0.619440084763947,False
1782600841.9339483,TRACKING,Tracking AprilTag,Walk,4,70.7555923461914,0.3618682953257358,-0.034199050516184264,1.2511681298469817,1.302896744705027,0.28154179993726913,0.5921522057703195,0.5581412777978556,-0.0049400279329320515,0.8297312276527857,0.8673274776225713,0.15228590824327015,0.6703544618608613,0.3953073551405618,-0.42142277201188677,0.8224529425159871,0.2835167838156506,0.6328078558012382,0.8644550397058499,-0.09761195462407873,-0.23950008931107883,0.6715645980351173,0.21014240761927735,0.668940106740424,0.18,-0.12,-0.06747541730842199,0.7511681298469817,0.3618682953257358,0.28154179993726913,0.5921522057703195,-0.6279203246174542,False
1782600841.9839237,TRACKING,Tracking AprilTag,Walk,4,70.74178314208984,0.36024757149254605,-0.03698183705269814,1.2457537870805657,1.2973235783965544,0.28150123236458646,0.6019358718474461,0.5662174291275947,-0.00876058270494337,0.8242093636587776,0.8713522366372749,0.13892124787789256,0.6721679119852328,0.3944125006438229,-0.42231917684236653,0.8241266941649468,0.28465165003751186,0.6319114509707585,0.8664541168258302,-0.097306902837838,-0.23858497126730036,0.6716267648568364,0.21020379663458236,0.669185373490581,0.18,-0.12,-0.06844108402043783,0.7457537870805657,0.36024757149254605,0.28150123236458646,0.6019358718474461,-0.6143844677014143,False
1782600842.0339386,TRACKING,Tracking AprilTag,Walk,4,70.5972900390625,0.35758949216313085,-0.03768974978839222,1.2400660766544414,1.2911447001067449,0.280746990129259,0.6094317114231845,0.5723987561032624,-0.003136147636352855,0.8199694071058024,0.8766072562267895,0.12762096925304922,0.6745679021914935,0.3929047669605661,-0.42329219166411886,0.8266230471327002,0.2859938257749482,0.6309384361490062,0.8692850198467432,-0.09716833178761863,-0.23852431234494303,0.6716888580747437,0.21026516275034002,0.6691253931007192,0.18,-0.12,-0.0697924411786261,0.7400660766544414,0.35758949216313085,0.280746990129259,0.6094317114231845,-0.6001651916361034,False
1782600842.0839477,TRACKING,Tracking AprilTag,Walk,4,70.82936096191406,0.3574128646484866,-0.036240489873345626,1.2412941746588186,1.292233940493909,0.2803521805124931,0.6079314198284369,0.5711693132771272,-0.002225716742269704,0.8208292524974473,0.8756453263067682,0.12912230477368924,0.6782491699658219,0.38952605560692816,-0.42494476458762465,0.8313790724989496,0.28752602861827603,0.6292858632255004,0.8742378020676561,-0.09782967217631433,-0.23791400741299906,0.6732148542240585,0.2089834687999253,0.6682099931137798,0.18,-0.12,-0.06895407471541073,0.7412941746588186,0.3574128646484866,0.2803521805124931,0.6079314198284369,-0.6032354366470466,False
1782600842.1338618,TRACKING,Tracking AprilTag,Walk,4,70.59819030761719,0.35110261438532137,-0.03833762503957618,1.2330473717264065,1.2826334785289528,0.2774022028040495,0.6166140710545828,0.5782403830400674,-0.011114276234117952,0.8157907404999568,0.8835613195698109,0.11337096918880574,0.6822972290749486,0.38462013166747866,-0.42802150239904446,0.8376441975971143,0.2886228785419188,0.6262091254140806,0.880365932566896,-0.09953287176383613,-0.2375501316499113,0.6737097515806066,0.20758170548338856,0.6682775928661046,0.18,-0.12,-0.07003662173765679,0.7330473717264065,0.35110261438532137,0.2774022028040495,0.6166140710545828,-0.5826184293160164,False
1782600842.1838493,TRACKING,Tracking AprilTag,Walk,4,70.61652374267578,0.347036905081031,-0.03795088579272345,1.232235736691494,1.2807340840316157,0.2745213314091948,0.6210464074810689,0.5818786324574375,0.005197079021264401,0.813259028513738,0.8853641202077921,0.10393173401877132,0.6862162524730946,0.3791876108843695,-0.43219622603981295,0.8443034791105843,0.28934744474212737,0.6220344017733122,0.8866898811186392,-0.10174164997113355,-0.2366937676483761,0.6740706472172939,0.2056269477069054,0.6688216363823892,0.18,-0.12,-0.0667827358170606,0.732235736691494,0.347036905081031,0.2745213314091948,0.6210464074810689,-0.580589341728735,False
1782600842.233858,TRACKING,Tracking AprilTag,Walk,4,70.35574340820312,0.3343305232621138,-0.036481614401139825,1.2290934225021892,1.2742756562895554,0.2655879647714149,0.6158041404533381,0.5776146469540518,-0.001301600651581844,0.8163085357019673,0.8910840778934768,0.09874573484958626,0.6900301812808567,0.3737251293708823,-0.43659080109838927,0.8509369062048303,0.28996583153143457,0.6176398267147358,0.892944837825369,-0.10403517865698053,-0.23577397916485646,0.6740584586840991,0.20397531410016834,0.6696640174467525,0.18,-0.12,-0.06268332063493082,0.7290934225021892,0.3343305232621138,0.2655879647714149,0.6158041404533381,-0.5727335562554731,False
1782600842.2838383,TRACKING,Tracking AprilTag,Walk,4,70.57783508300781,0.3267185729171246,-0.036141562063274325,1.2240981105457485,1.2674649591365623,0.2608253973580999,0.6205340556661585,0.581467235153279,-0.0029317424336584965,0.8135645391298124,0.8969187419228919,0.08620378501511139,0.6936497668632288,0.3686307046334687,-0.44153066375278893,0.8571543148800954,0.2905970149897309,0.6126999640603361,0.8988296869848943,-0.10613829861621316,-0.23382490704000566,0.67370381725596,0.20233087100955854,0.6712013841605174,0.18,-0.12,-0.060917220867194394,0.7240981105457485,0.3267185729171246,0.2608253973580999,0.6205340556661585,-0.5602452763643712,False
1782600842.3339577,TRACKING,Tracking AprilTag,Walk,4,70.6001205444336,0.31290319869588246,-0.03619584923847998,1.2215784356347164,1.2615357409379928,0.2507553070732891,0.6053139320935598,0.5690099219332343,-0.0060273653425020396,0.8223085671501682,0.9031617975122505,0.09224884849689918,0.6966484083199541,0.3642138342059703,-0.44495507607793666,0.8624758938420585,0.29102291675175285,0.6092755517351884,0.9038174665795751,-0.10804162456680261,-0.23260960956252633,0.67317013483734,0.20099276942781402,0.6725597711281758,0.18,-0.12,-0.05802413368947282,0.7215784356347164,0.31290319869588246,0.2507553070732891,0.6053139320935598,-0.5539460890867909,False
1782600842.3838053,TRACKING,Tracking AprilTag,Walk,4,70.95562744140625,0.30588180051103186,-0.03758773729090758,1.214863046852647,1.2533430242701387,0.246656027472724,0.6040217460247439,0.5679260448257619,-0.010472122825918027,0.823012966029142,0.910999615443589,0.0882055108091443,0.6982379504477932,0.3595519621299283,-0.4472471349491418,0.8673145570229721,0.290102572223206,0.6069834928639832,0.9077904581697612,-0.11095281560379522,-0.23162796797652557,0.6743150962331106,0.200378028686939,0.6719347297637865,0.18,-0.12,-0.05976298383028644,0.7148630468526469,0.30588180051103186,0.246656027472724,0.6040217460247439,-0.5371576171316172,False
1782600842.4338007,TRACKING,Tracking AprilTag,Walk,4,71.22933959960938,0.29665266992482536,-0.03403600708803909,1.2110009353553541,1.2472708293644836,0.24023411871653896,0.5994527023569814,0.5641892470610522,0.002257428314702762,0.8256424150430299,0.9172914154027012,0.08549413824633417,0.7002159561075029,0.3539992087216768,-0.4493833601534682,0.8731197206995627,0.289080001203332,0.6048472676596568,0.9125921213898167,-0.11437182234901494,-0.23058353403983609,0.6751495642002824,0.20006692021772968,0.6715486037692738,0.18,-0.12,-0.05810435572161285,0.7110009353553541,0.29665266992482536,0.24023411871653896,0.5994527023569814,-0.5275023383883853,False
1782600842.483824,TRACKING,Tracking AprilTag,Walk,4,70.99213409423828,0.292047973746892,-0.033285816091162115,1.2092500227001401,1.2444619648357316,0.23697381501012543,0.5999888700183484,0.5646305955525971,-0.0030878460362413545,0.8253379645774063,0.9195144517776451,0.08052987755522756,0.7028136318859619,0.3476472060095281,-0.45197651346156786,0.8799259011528022,0.2882014993290729,0.6022541143515572,0.9183595074936864,-0.11809111199006572,-0.23077742913798197,0.6764018697982322,0.19836726916118524,0.6707255140960814,0.18,-0.12,-0.056341827670149336,0.7092500227001401,0.292047973746892,0.23697381501012543,0.5999888700183484,-0.5231250567503504,False
1782600842.5338132,TRACKING,Tracking AprilTag,Walk,4,71.08570098876953,0.2802149787467488,-0.030846726928124006,1.2046449491448052,1.2371909344867953,0.2285478205795139,0.6067715059201734,0.570214324554051,0.0037107280007749564,0.8214875863767338,0.925957691234231,0.061399619396447724,0.7066042887901888,0.3414541648257772,-0.45504604480833716,0.8871830709327444,0.28843882959324196,0.5991845830047879,0.9250137963992314,-0.12099684391691956,-0.22845989638565967,0.6771397516704537,0.19830782884237463,0.6707919479771305,0.18,-0.12,-0.05047713355712405,0.7046449491448052,0.2802149787467488,0.2285478205795139,0.6067715059201734,-0.5116123728620131,False
1782600842.583791,TRACKING,Tracking AprilTag,Walk,4,71.15204620361328,0.27650432343005965,-0.03307240273787409,1.2110354214478893,1.2426404213206,0.22447277238951838,0.5730690868119827,0.5422107906807243,0.0030847087614252035,0.8402368374697939,0.9228859126195043,0.09833717703722655,0.7126126977191748,0.33632408362877,-0.4572126390308924,0.894611315983257,0.2911295332958709,0.5970179887822327,0.9328773001300241,-0.1217610559435291,-0.22595661272381942,0.6765880745660557,0.19934475882117617,0.6718882746795797,0.18,-0.12,-0.050853149832911726,0.7110354214478893,0.27650432343005965,0.22447277238951838,0.5730690868119827,-0.5275885536197233,False
1782600842.6338115,TRACKING,Tracking AprilTag,Walk,4,71.15414428710938,0.26709451523486144,-0.0391776910986789,1.1939284296908916,1.2240667738209903,0.22008689022880662,0.5805107042993021,0.5484397252184113,-0.0064263736314035804,0.8361653960337649,0.9400234518330346,0.08218170160392607,0.718815489133461,0.3322234843714853,-0.45862401558802074,0.901240410287746,0.294497714451952,0.5956066122251042,0.9403105391696986,-0.12157002459257304,-0.22527624214801142,0.6776597443970119,0.19903165148866575,0.6711291136980585,0.18,-0.12,-0.05735628957652947,0.6939284296908916,0.26709451523486144,0.22008689022880662,0.5805107042993021,-0.4848210742272291,False
1782600842.683799,TRACKING,Tracking AprilTag,Walk,4,71.33780670166016,0.26465410789088256,-0.03537869022011946,1.1883066876923771,1.217935233318931,0.21913879290755178,0.5775818328649932,0.5459591256055241,0.012180405206230378,0.8377232662980441,0.9470571777074392,0.08415309974928042,0.7249931952223674,0.3286631302976553,-0.4593660715479595,0.9073873607696564,0.2981109088038917,0.5948645562651655,0.9474138030035992,-0.12095049528903135,-0.2249110058286549,0.6782119665584838,0.19878837068763336,0.6707657948594077,0.18,-0.12,-0.06127176134417281,0.6883066876923771,0.26465410789088256,0.21913879290755178,0.5775818328649932,-0.4707667192309428,False
1782600842.7338324,TRACKING,Tracking AprilTag,Walk,4,71.38416290283203,0.26173450439982626,-0.02946496729612445,1.1766668435504843,1.2057852195985173,0.2188738190901862,0.5846537990793645,0.5519080957293038,0.0030822310604653935,0.8338992467439597,0.9579379750922983,0.07451241664647762,0.730733509645762,0.3256546758511092,-0.4589405948044188,0.9128383968439797,0.3016163636321274,0.5952900330087063,0.9538424295352029,-0.12012905219694442,-0.22528094593132975,0.677490788360271,0.19873063125234616,0.6713872677444127,0.18,-0.12,-0.06787526061472957,0.6766668435504843,0.26173450439982626,0.2188738190901862,0.5846537990793645,-0.44166710887621086,False
1782600842.7838223,TRACKING,Tracking AprilTag,Walk,4,71.21464538574219,0.2631245698767235,-0.029245873262123294,1.1770050204611178,1.2064123169821963,0.21993800845847528,0.57198361633234,0.5412901411993173,-0.006332490039496486,0.8408120376221565,0.9581339827033787,0.09110412561094011,0.735639493064466,0.3234695565134106,-0.4587048119550647,0.9171614527028313,0.3048029931785025,0.5955258158580603,0.959115570816646,-0.1191105234292984,-0.22594841879166402,0.6754649245724866,0.19829994939333234,0.67332872936511,0.18,-0.12,-0.0713892429722153,0.6770050204611178,0.2631245698767235,0.21993800845847528,0.57198361633234,-0.4425125511527944,False
1782600842.8338225,TRACKING,Tracking AprilTag,Walk,4,71.42317199707031,0.26381632144187867,-0.03878099169082026,1.1712184398524865,1.2011892651144285,0.22155186954084405,0.5635721766771891,0.5342009679064635,-0.005600993971968383,0.8453389584979054,0.9646477435180776,0.10284578912546849,0.7396874984499767,0.32156444238170806,-0.45962777591036463,0.9208172856389035,0.30738188693348095,0.5946028519027604,0.9635250204961058,-0.11835384583596792,-0.22607319886227595,0.6747406083753943,0.19769197924268678,0.6741912944472732,0.18,-0.12,-0.0787792465430869,0.6712184398524865,0.26381632144187867,0.22155186954084405,0.5635721766771891,-0.4280460996312163,False
1782600842.883812,TRACKING,Tracking AprilTag,Walk,4,71.24547576904297,0.2623176998106108,-0.04139641320961927,1.1660120890448755,1.195871410503381,0.2212858551928828,0.5674835111041582,0.53751083340952,-0.0018037871933036876,0.8432549141980523,0.9697490747652888,0.09734199027373436,0.7442329244073449,0.3187669119482692,-0.4609414503321954,0.9254947672981706,0.3099525364597979,0.5932891774809297,0.9688533382394854,-0.11804383989163758,-0.22565230603506659,0.67500374694125,0.19720925096004874,0.6742102711558955,0.18,-0.12,-0.08139586570244187,0.6660120890448755,0.2623176998106108,0.2212858551928828,0.5674835111041582,-0.4150302226121888,False
1782600842.933783,TRACKING,Tracking AprilTag,Walk,4,71.51544952392578,0.2581956313886583,-0.041933507547587796,1.1561529989449901,1.1853746918560923,0.21971773945226872,0.5743974647724843,0.5432945755204195,-0.011264700475847492,0.8394665632014634,0.979099385634735,0.0865349583928976,0.7499564275578914,0.3145610719285368,-0.4622041598041229,0.9319786516333992,0.31285198856550284,0.5920264680090022,0.9759539556106724,-0.11821357949778838,-0.22497655562473767,0.6757231273254126,0.19702233357478383,0.6737699939070753,0.18,-0.12,-0.08562860711876341,0.6561529989449901,0.2581956313886583,0.21971773945226872,0.5743974647724843,-0.3903824973624753,False
1782600842.9838178,TRACKING,Tracking AprilTag,Walk,4,71.10128021240234,0.25647886081204924,-0.042110720096570874,1.1520273879804994,1.180983412858822,0.2190599844986291,0.5736328651042711,0.5426849349610753,-0.00275450634869721,0.8399318270318541,0.9838076752809477,0.08625685846158321,0.7555253711746749,0.3093642002658976,-0.46397137352118034,0.9392479218243157,0.31512758057118145,0.5902592542919447,0.9834954610389359,-0.11928423535301386,-0.2252171084809967,0.6758954632299614,0.19598160849118712,0.6738202920407057,0.18,-0.12,-0.08814410337180055,0.6520273879804994,0.25647886081204924,0.2190599844986291,0.5736328651042711,-0.38006846995124854,False
1782600843.0338132,TRACKING,Tracking AprilTag,Walk,4,71.33695983886719,0.25411678726469406,-0.04912847362028926,1.160596979183431,1.1891065118733875,0.21555191197648027,0.5391008796012301,0.5133627129489913,-0.0027118065980945346,0.8581674493119777,0.9793285059576284,0.12375631302140583,0.7609167594857021,0.3027950886637254,-0.4670647203440576,0.9476226887579315,0.3165710396006278,0.5871659074690673,0.9916773310507534,-0.1215814724482645,-0.22515769326291574,0.6755951495601015,0.1939078317962275,0.6747406611606217,0.18,-0.12,-0.08577425485497217,0.660596979183431,0.25411678726469406,0.21555191197648027,0.5391008796012301,-0.4014924479585774,False
1782600843.0838416,TRACKING,Tracking AprilTag,Walk,4,71.03780364990234,0.24518532646286215,-0.050667611621591946,1.138831747676229,1.1660277872741418,0.2120585666883971,0.5867645892004489,0.5536535765695155,-0.00762714178191956,0.8327121614699896,0.9974376456885541,0.06193469687452435,0.765707867196539,0.2962370363584962,-0.47158344911023525,0.9556913627019232,0.3174980044977583,0.5826471787028897,0.9993607882904356,-0.12421343900978032,-0.22461874994889747,0.6762367202945204,0.19153631449446745,0.6749549285149207,0.18,-0.12,-0.08902576827802872,0.6388317476762291,0.24518532646286215,0.2120585666883971,0.5867645892004489,-0.3470793691905727,False
1782600843.1338227,TRACKING,Tracking AprilTag,Walk,4,71.39899444580078,0.23098908735588336,-0.04777804373082024,1.1302913821659917,1.1546416364132015,0.20158665829240852,0.59014337046706,0.5564665074050323,-0.007002107753380596,0.8308405362182656,1.0080537348230607,0.045468732762953046,0.7702063365720527,0.2900446478594425,-0.47622711387551736,0.9632975513170352,0.3183511145709525,0.5780035139376076,1.0065949312715632,-0.12671325447781945,-0.22375156576649874,0.6766867456773518,0.18914514520195844,0.6754660606486201,0.18,-0.12,-0.08531474819535503,0.6302913821659917,0.23098908735588336,0.20158665829240852,0.59014337046706,-0.3257284554149792,False
1782600843.1838312,TRACKING,Tracking AprilTag,Walk,4,71.42317962646484,0.22370571274964907,-0.04596696543392439,1.1264613127524263,1.1493790919257023,0.19604092741788887,0.5876623765311406,0.5543697442141124,-0.013066933406553804,0.8321679169202141,1.0128503079703264,0.04172248785310945,0.7740288486474343,0.2850214187754802,-0.47952352288280425,0.9695532786704522,0.3191939100835845,0.5747071049303207,1.0126053535426487,-0.1286417910005852,-0.22259313225732572,0.676324238701241,0.1878644532733887,0.6765683770420772,0.18,-0.12,-0.08354114018692663,0.6264613127524263,0.22370571274964907,0.19604092741788887,0.5876623765311406,-0.31615328188106584,False
1782600843.2338254,TRACKING,Tracking AprilTag,Walk,4,71.44775390625,0.21309873675343668,-0.0456630813024649,1.1221249887945868,1.1430925942709966,0.18767162320771505,0.5570392857781467,0.528640042568476,-0.011564096264216958,0.8487673279944227,1.0204387421686336,0.06700348554922192,0.7759326532600983,0.2818962247523866,-0.48032644961090176,0.9732109820456085,0.3193057836933044,0.5739041782022233,1.0159558682830148,-0.13011330744961735,-0.222232645785135,0.6757923246726214,0.18750307274153657,0.6773182285849061,0.18,-0.12,-0.08386894021969257,0.6221249887945868,0.21309873675343668,0.18767162320771505,0.5570392857781467,-0.30531247198646694,False
1782600843.283803,TRACKING,Tracking AprilTag,Walk,4,71.4340591430664,0.2101872192604565,-0.046652415425113294,1.117662789014559,1.1382114148756561,0.1858884917915464,0.5571476844983547,0.5286940314781452,-0.016658158688940806,0.8486490009588653,1.0250223134012733,0.06455866752993972,0.7759125564248319,0.27971070102194506,-0.4802713889240586,0.9751014139567561,0.31820888577260914,0.5739592388890664,1.017191096551127,-0.1319163961841966,-0.22216711545789178,0.6766941783191336,0.18768238462445527,0.6763890037099881,0.18,-0.12,-0.08535520454854181,0.617662789014559,0.2101872192604565,0.1858884917915464,0.5571476844983547,-0.2941569725363974,False
1782600843.333841,TRACKING,Tracking AprilTag,Walk,4,71.64599609375,0.20789035312437062,-0.04262191079916735,1.1152550756808057,1.135266008490586,0.18429099571679566,0.5578821073872687,0.5293528227473593,-0.011948318749778693,0.848317644947019,1.0278536013591064,0.061700543934919194,0.7755270375108972,0.27702579214127404,-0.48145374499372223,0.9772455906730468,0.3165476011071094,0.5727768828194029,1.0184127808120014,-0.1343381410298069,-0.22168033701121986,0.6774311840549365,0.1875615847013983,0.6758442653428518,0.18,-0.12,-0.08548846551025728,0.6152550756808057,0.20789035312437062,0.18429099571679566,0.5578821073872687,-0.2881376892020143,False
1782600843.3838,TRACKING,Tracking AprilTag,Walk,4,71.48452758789062,0.20562840663773313,-0.04159739607320375,1.1153820059213766,1.1349407051073803,0.18230990920333393,0.5624724729417977,0.5332573033901165,-0.009100667752366488,0.8459041471866433,1.0278640918475805,0.05420972821032527,0.7756562877132192,0.2733424612005499,-0.4841761275854458,0.9805121586835571,0.3148408012165523,0.5700545002276792,1.0206282666486866,-0.1372835196032916,-0.2215610875222387,0.6787826044999494,0.18585496184716718,0.6749983655395145,0.18,-0.12,-0.08295491552852323,0.6153820059213766,0.20562840663773313,0.18230990920333393,0.5624724729417977,-0.2884550148034415,False
1782600843.433865,TRACKING,Tracking AprilTag,Walk,4,71.66161346435547,0.19629937134664988,-0.03809871565089351,1.114772545966703,1.1325646933250315,0.17430227510530172,0.574728882218211,0.5435971340566573,-0.006100838288978441,0.8393240945055492,1.0294165395396955,0.031216212538965227,0.7770848121247463,0.2692512140073119,-0.4879059000788273,0.9847751256894716,0.31406227832222466,0.5663247277342978,1.0241424535295631,-0.13981916077600942,-0.21923235777463856,0.67966913590712,0.18548082830654972,0.6749695558546013,0.18,-0.12,-0.0744181762787947,0.614772545966703,0.19629937134664988,0.17430227510530172,0.574728882218211,-0.28693136491675764,False
1782600843.4838443,TRACKING,Tracking AprilTag,Walk,4,71.66488647460938,0.19173913499378797,-0.039231595619698766,1.1202223418536772,1.1371900057471356,0.1695189878318037,0.5511604896092508,0.523667970067212,-0.005614038872803947,0.851903949804918,1.0256072563436072,0.05264865953015002,0.7811014330973018,0.2654146757248902,-0.4912419953887147,0.9900948708452679,0.31565995836123156,0.5629886324244103,1.0296323494964943,-0.14066373895589185,-0.21649395622869821,0.679206299665338,0.18585398836097716,0.676215545829644,0.18,-0.12,-0.06973983305106901,0.6202223418536772,0.19173913499378797,0.1695189878318037,0.5511604896092508,-0.300555854634193,False
1782600843.5338163,TRACKING,Tracking AprilTag,Walk,4,71.51396942138672,0.1814804883286686,-0.04496462053917464,1.1086907353470272,1.1243452011675845,0.16225010598431516,0.5545554032123761,0.5265619813875739,-0.003595559946985313,0.8501291382524538,1.0381943297578107,0.03996130901004313,0.7858101453522178,0.26181991929235604,-0.49394696246652425,0.9955462034393956,0.3179788412511258,0.5602836653466008,1.0355511115862017,-0.14091373942446195,-0.21533274759524856,0.680117008632045,0.18499817402528299,0.6759055688406413,0.18,-0.12,-0.07068130217860823,0.6086907353470272,0.1814804883286686,0.16225010598431516,0.5545554032123761,-0.27172683836756806,False
1782600843.5839224,TRACKING,Tracking AprilTag,Walk,4,71.82927703857422,0.17786635028940825,-0.04232974722079603,1.1053523811303605,1.1203714261509925,0.15954603590789124,0.5485901269056894,0.5214655965970961,-0.008572530819765268,0.8532292442720062,1.0419346312733615,0.043364609346358995,0.7907896227038546,0.25831802138973065,-0.4959679674544402,1.0010505236700653,0.32057902247829323,0.5582626603586849,1.0416386504933455,-0.14093254553740242,-0.21441883114224208,0.6805493786609733,0.18445024415367367,0.6759106564387102,0.18,-0.12,-0.07134733714945084,0.6053523811303605,0.17786635028940825,0.15954603590789124,0.5485901269056894,-0.26338095282590124,False
1782600843.6339028,TRACKING,Tracking AprilTag,Walk,4,72.11150360107422,0.17269496338157478,-0.03883751459117571,1.0971822180094024,1.111368850757036,0.15611778766550632,0.5473506586329034,0.5204261338901468,-0.0015619350947214455,0.8539052637868647,1.0510802844893556,0.04070521488932399,0.7958549938164393,0.2548621703910882,-0.49662027811369325,1.0065572278329395,0.32327663251230676,0.5576103496994318,1.0477702284602974,-0.14086441134468758,-0.213931471873948,0.6803081841674821,0.18432897148625477,0.6763408387546984,0.18,-0.12,-0.07401507010538969,0.5971822180094024,0.17269496338157478,0.15611778766550632,0.5473506586329034,-0.24295554502350603,False
1782600843.683903,TRACKING,Tracking AprilTag,Walk,4,71.94214630126953,0.17184294397609812,-0.03738060007075443,1.0947427260221754,1.1087781305718858,0.15570055585097853,0.5400293327009245,0.5141553107803359,-0.004766003314610855,0.8576838587782688,1.0537433514284036,0.04816053697865619,0.8002284337126386,0.25224140454837823,-0.4966875462388251,1.0109960656820696,0.325785040110189,0.5575430815742999,1.05285632358622,-0.14050800357534576,-0.21429377299612826,0.6782816004858938,0.18402042881894806,0.678342635453993,0.18,-0.12,-0.07617568637585333,0.5947427260221754,0.17184294397609812,0.15570055585097853,0.5400293327009245,-0.23685681505543843,False
1782600843.7338326,TRACKING,Tracking AprilTag,Walk,4,71.66572570800781,0.17184762201610662,-0.044424778318913345,1.0945765875658822,1.108874687315319,0.15572797943962932,0.5211388616005822,0.4978494724482529,-0.008659903433233493,0.8672202193534946,1.0549042613708637,0.06926285418352113,0.8040392525989762,0.24953518122475035,-0.4977845581788271,1.015231333811454,0.3277620300277243,0.5564460696342979,1.0575301548219789,-0.14054387614791436,-0.21441221068019242,0.6773546012322162,0.18328490426206032,0.6794297549934251,0.18,-0.12,-0.07854576252297688,0.5945765875658822,0.17184762201610662,0.15572797943962932,0.5211388616005822,-0.2364414689147054,False
1782600843.7839146,TRACKING,Tracking AprilTag,Walk,4,71.5411605834961,0.16940281960403625,-0.04739731078169708,1.0863993250492745,1.100548642190182,0.1546848677727803,0.533149818312654,0.5081478448342509,-0.01990236138845844,0.8610398735258833,1.0620401196618958,0.05431994448539884,0.8081311348914956,0.24590205185616212,-0.4980499185911045,1.0204113820775926,0.32952561435097233,0.5561807092220206,1.0629652488747807,-0.14117860628106443,-0.2146016343999827,0.6768252343178066,0.18267994646164623,0.6800601281241773,0.18,-0.12,-0.08163665043005647,0.5863993250492745,0.16940281960403625,0.1546848677727803,0.533149818312654,-0.21599831262318625,False
1782600843.8339338,TRACKING,Tracking AprilTag,Walk,4,71.64767456054688,0.1662640520197674,-0.052068787023833704,1.0800217599931854,1.0939844128848195,0.1527459800709764,0.5289105290408304,0.5045115373048963,-0.017972472131582345,0.8632178745668614,1.069024106112697,0.05669522516821984,0.812137608341718,0.24072304401608902,-0.49728983058648274,1.0268934201976847,0.33045142941055367,0.5569407972266422,1.0692156914051747,-0.14312948297863304,-0.21564090798120306,0.6756707759275171,0.18207099589808343,0.6810419618608162,0.18,-0.12,-0.08456594279791121,0.5800217599931854,0.1662640520197674,0.1527459800709764,0.5289105290408304,-0.20005439998296348,False
1782600843.8839173,TRACKING,Tracking AprilTag,Walk,4,71.63851165771484,0.16656037056254533,-0.05680765466531894,1.0860676597410852,1.1002328972567508,0.15217531085406866,0.5047036038396249,0.4834921886420204,-0.01519583473906471,0.8752167675089023,1.064782334850326,0.08309029125304279,0.815328276030167,0.23510337073871979,-0.49677126118232046,1.033355702041665,0.33045024136435575,0.5574593666308045,1.0750497585800365,-0.14590882610996686,-0.21533289880677756,0.6746853354337072,0.1829231002618799,0.681887512888129,0.18,-0.12,-0.08265945721195142,0.5860676597410852,0.16656037056254533,0.15217531085406866,0.5047036038396249,-0.21516914935271303,False
1782600843.933921,TRACKING,Tracking AprilTag,Walk,4,71.86122131347656,0.1616296303275627,-0.06682434024317856,1.0687784997544834,1.0829945112447268,0.15009107036715008,0.5335815699644239,0.508559976395031,-0.015400500867627597,0.8608888284686425,1.0804615680079372,0.04842480869622717,0.8175680157116267,0.230169480747684,-0.49920956883041717,1.0387520209054548,0.32996090813979956,0.5550210589827078,1.0797115396160542,-0.1486706193420128,-0.21605877355226547,0.6746648821600968,0.18084241413428323,0.6822330425896111,0.18,-0.12,-0.08920828848194134,0.5687784997544834,0.1616296303275627,0.15009107036715008,0.5335815699644239,-0.1719462493862084,False
1782600843.9839146,TRACKING,Tracking AprilTag,Walk,4,71.65298461914062,0.1558495530494295,-0.06774938244143575,1.0591674092757613,1.0727136910093162,0.1460950975985216,0.561009027064529,0.5319446005107561,-0.019018600502352986,0.8465655525843134,1.0896690890990746,0.014423173094387065,0.8195623493524155,0.22592884711853933,-0.5036831989122471,1.0434243338813753,0.3296005864745354,0.550547428900878,1.0837751047480875,-0.1510046670418544,-0.21502789121766744,0.675906576027377,0.1789559401221121,0.6818270147012668,0.18,-0.12,-0.08999377444901493,0.5591674092757613,0.1558495530494295,0.1460950975985216,0.561009027064529,-0.14791852318940313,False
1782600844.03392,TRACKING,Tracking AprilTag,Walk,4,71.6748046875,0.144004001830287,-0.061774163697809595,1.0574680886585517,1.069014479965015,0.13534556639924678,0.5566783683243165,0.5282880890094073,-0.017500175664631582,0.8488848207280512,1.09310845764408,0.0074752156333743325,0.8221020265444897,0.2220957189201176,-0.5086133143364516,1.048011656001889,0.32991571785685814,0.5456173134766734,1.0880523259119648,-0.15269233144592326,-0.21350062780101292,0.6771229173311712,0.1771237340990679,0.6815784764590941,0.18,-0.12,-0.08182195747787246,0.5574680886585517,0.144004001830287,0.13534556639924678,0.5566783683243165,-0.14367022164637921,False
1782600844.083911,TRACKING,Tracking AprilTag,Walk,4,71.5576400756836,0.1377050978560544,-0.05847037926861959,1.055246407250311,1.0657985078062602,0.12976241569871452,0.5560785456566154,0.5278055717011059,-0.014313835547140323,0.8492446011563444,1.0963390864249685,0.0021526581819631407,0.8252639804774374,0.2183067035948415,-0.5140654474597854,1.0528679616042462,0.3307937188282552,0.5401651803533396,1.0928143926970997,-0.15398744138070625,-0.21130522270922325,0.6775561170696381,0.1757214720334644,0.6821948221320012,0.18,-0.12,-0.07838449688321057,0.5552464072503109,0.1377050978560544,0.12976241569871452,0.5560785456566154,-0.13811601812577734,False
1782600844.1338196,TRACKING,Tracking AprilTag,Walk,4,71.79084777832031,0.1253663481566007,-0.05416988137173011,1.0507214859009524,1.0595596907356633,0.11875313938682254,0.5442545916819733,0.5176755455372327,-0.020136201976522418,0.8553400276630863,1.1020700064141002,0.00283126620331825,0.8282769168936254,0.21520137519946966,-0.5182986161929797,1.0570561881253842,0.33187981684350526,0.5359320116201454,1.0970627385280296,-0.15480744625380932,-0.2090441396293142,0.6770588732578051,0.17468155550922548,0.683650630069474,0.18,-0.12,-0.07237107344998303,0.5507214859009524,0.1253663481566007,0.11875313938682254,0.5442545916819733,-0.12680371475238095,False
1782600844.1839354,TRACKING,Tracking AprilTag,Walk,4,71.87446594238281,0.1203355715630091,-0.0550328060977517,1.048926407999046,1.0572397405168659,0.11422324531062826,0.5336847675161267,0.5086234751125719,-0.018351746507591873,0.8607934560418847,1.1045347115951016,0.00921356397683143,0.8293644886820406,0.2123787946861,-0.5197937864650325,1.06004762802199,0.33143141914680446,0.5344368413480926,1.0995708338939487,-0.15649837226782254,-0.20837746310293542,0.6779286709678688,0.17395306673795138,0.6831777810518911,0.18,-0.12,-0.07016182243160296,0.5489264079990459,0.1203355715630091,0.11422324531062826,0.5336847675161267,-0.12231601999761477,False
1782600844.2339642,TRACKING,Tracking AprilTag,Walk,4,71.94459533691406,0.11475879377912719,-0.050928257683894994,1.0456077246058864,1.0531185982290203,0.10931567087140139,0.5230925096566368,0.49946652103950034,-0.019498724839607663,0.866113730459417,1.1085341895290275,0.015136239605153368,0.8298198450280928,0.20977292334304262,-0.5196694149803466,1.0625383856310573,0.33054032914499193,0.5345612128327785,1.1014365572780611,-0.15837373652908837,-0.20794539574764193,0.678828497653441,0.17437628284444173,0.6823074784452272,0.18,-0.11475879377912719,-0.06856277987948395,0.5456077246058864,0.11475879377912719,0.10931567087140139,0.5230925096566368,-0.1140193115147159,False
1782600844.2839224,TRACKING,Tracking AprilTag,Walk,4,71.72627258300781,0.11355274569374703,-0.04881685915057141,1.043660837853032,1.0509544501356891,0.1083760358439395,0.5248978973676349,0.5010660285635405,-0.015295314668641227,0.8652738805538676,1.1107520362872934,0.012197832781666751,0.8306592487857402,0.20695398500073364,-0.519347991921479,1.0654040891738332,0.32987794311629415,0.5348826358916461,1.1037391314279097,-0.16020380874912288,-0.20843283672860494,0.6802295652533827,0.1740704100585597,0.680839910309689,0.18,-0.11355274569374703,-0.0688915797765883,0.5436608378530321,0.11355274569374703,0.1083760358439395,0.5248978973676349,-0.10915209463258024,False
1782600844.3338149,TRACKING,Tracking AprilTag,Walk,4,71.76217651367188,0.11123950352883015,-0.04417864487306823,1.043416009652401,1.0502585153223472,0.10620970778389661,0.5232256449487221,0.49960882474026164,-0.016497174227261137,0.8660940280848091,1.111234698494957,0.011618534755422072,0.8310393589903954,0.20467540165741596,-0.5191968901372142,1.0675730993264438,0.3290830715681807,0.5350337376759109,1.1053557261356683,-0.16185397461077888,-0.2080040237813745,0.6814451072532413,0.17461840141975132,0.6796140859171377,0.18,-0.11123950352883015,-0.06719327494116012,0.543416009652401,0.11123950352883015,0.10620970778389661,0.5232256449487221,-0.1085400241310025,False
1782600844.3838198,TRACKING,Tracking AprilTag,Walk,4,71.98521423339844,0.11044978926366121,-0.04354196123581822,1.044188599099519,1.050916213989519,0.10538384561573158,0.517668049794091,0.4947920602858226,-0.01595849469941779,0.8688648591841193,1.110634711357637,0.016579272155759883,0.8326321067351362,0.20387899197062823,-0.5181100957039008,1.0690522469830057,0.3300746541303879,0.5361205321092243,1.107117501175555,-0.16159462450683015,-0.2067888072297058,0.6805475798734415,0.176393049850605,0.680425508558666,0.18,-0.11044978926366121,-0.06625167865543226,0.544188599099519,0.11044978926366121,0.10538384561573158,0.517668049794091,-0.1104714977487975,False
1782600844.4338436,TRACKING,Tracking AprilTag,Walk,4,72.05060577392578,0.11149756019303551,-0.049038431670700044,1.0390300355074178,1.046145252054545,0.10690019923834558,0.5253895707983555,0.501498982189264,-0.014272896338027745,0.865040493441351,1.1155436718639635,0.00998511412476305,0.8341440406899994,0.20393633486453314,-0.5164489504191683,1.0697491255961937,0.33141763316590206,0.5377816773939568,1.1083240643969456,-0.16068169642415508,-0.2072744447342476,0.6811492353457607,0.17706218026326628,0.6795012936473435,0.18,-0.11149756019303551,-0.07057771231015252,0.5390300355074178,0.11149756019303551,0.10690019923834558,0.5253895707983555,-0.09757508876854448,False
1782600844.483917,TRACKING,Tracking AprilTag,Walk,4,71.72692108154297,0.1138064366043862,-0.046419259339894145,1.0411064770220706,1.0483364675272724,0.10888065560769895,0.5217616855714498,0.49835347730867013,-0.014816876718496096,0.8668473174779199,1.113286488467139,0.01582505237650167,0.8355544947323981,0.20444015906672236,-0.5148849378620844,1.070007658951141,0.332892889054489,0.5393456899510406,1.109191728952131,-0.1594608861800525,-0.20721648217863572,0.6816476209045667,0.1779803422777325,0.6787789391188831,0.18,-0.1138064366043862,-0.07118285912325453,0.5411064770220706,0.1138064366043862,0.10888065560769895,0.5217616855714498,-0.1027661925551765,False
1782600844.5338829,TRACKING,Tracking AprilTag,Walk,4,71.74826049804688,0.118604417442306,-0.04101277090193076,1.0384050720660591,1.0459608735064618,0.11372503886947118,0.5291720773455159,0.5047430339293618,-0.017328290396151445,0.8630957073533211,1.1153450232808833,0.013007111140669825,0.8369149663411218,0.20495746128537706,-0.5122271057786394,1.0702297867274377,0.33433134094265415,0.5420035220344857,1.1100107013175007,-0.15825765351413568,-0.20739954355462087,0.6820136844259369,0.1793841255170779,0.6779853236623686,0.18,-0.118604417442306,-0.07694892027527311,0.5384050720660591,0.118604417442306,0.11372503886947118,0.5291720773455159,-0.09601268016514786,False
1782600844.5839388,TRACKING,Tracking AprilTag,Walk,4,71.87080383300781,0.12206480666350125,-0.03741402541955261,1.0386923836158666,1.046509194467733,0.11698121319183462,0.5320179026459345,0.5072409912396434,-0.011298657359383502,0.8617301881378528,1.114884194123289,0.013407802477675035,0.8380402569444796,0.2056953046602868,-0.5088898500788099,1.0701439942881075,0.33567422271155894,0.5453407777343151,1.1105105752298885,-0.15700832655148056,-0.20911124751376753,0.6808628038575822,0.18011888249069702,0.67842134153985,0.18,-0.12,-0.07955179089804458,0.5386923836158666,0.12206480666350125,0.11698121319183462,0.5320179026459345,-0.09673095903966644,False
1782600844.6338773,TRACKING,Tracking AprilTag,Walk,4,71.82193756103516,0.13028432962860184,-0.03516140389276246,1.0403750742045694,1.0490903802326317,0.12457970752041786,0.5243450812866199,0.500524272095301,-0.022066818285198356,0.8654412219060501,1.112257859015864,0.02935266383081292,0.838905761947865,0.2068375072047123,-0.5072802150969795,1.0695782959712998,0.3369909273017152,0.5469504127161455,1.1105659040730822,-0.15557631248643494,-0.20990157532025155,0.6793267034935737,0.18066550245651194,0.6795708460644608,0.18,-0.12,-0.08565864731119073,0.5403750742045694,0.13028432962860184,0.12457970752041786,0.5243450812866199,-0.10093768551142357,False
1782600844.6838753,TRACKING,Tracking AprilTag,Walk,4,72.10692596435547,0.13212056265902758,-0.03786519585457276,1.0354717518692875,1.0445531891932045,0.12690881725442374,0.5292496940023184,0.5048494140147752,-0.012010318141006927,0.8631238737441398,1.1170866991929773,0.026649577671393754,0.8396868159083524,0.20764740061033074,-0.506691494697451,1.0692598371562076,0.3380700735386763,0.547539133115674,1.1107423258677673,-0.15446507535241838,-0.20995935402397306,0.6791940963891779,0.18090683875786515,0.6796213392607384,0.18,-0.12,-0.09075116825079813,0.5354717518692875,0.13212056265902758,0.12690881725442374,0.5292496940023184,-0.08867937967321882,False
1782600844.7339814,TRACKING,Tracking AprilTag,Walk,4,71.61296081542969,0.1344374468645992,-0.03857075769671582,1.0318743017882264,1.041309610615263,0.12955497478900302,0.5364617107207899,0.5110697152943938,-0.01051263497827775,0.8594749738152477,1.1202869698067681,0.021808045689114708,0.8404853613292954,0.20837455145790001,-0.5055932135853674,1.0690219636685299,0.3391235626692752,0.5486374142277577,1.110980474928765,-0.15341164848301747,-0.20971490313623098,0.679437224014122,0.1818831232089547,0.6791930855937073,0.18,-0.12,-0.0952252992284244,0.5318743017882264,0.1344374468645992,0.12955497478900302,0.5364617107207899,-0.07968575447056592,False
1782600844.7839162,TRACKING,Tracking AprilTag,Walk,4,71.78082275390625,0.1363319390870202,-0.03903261449751434,1.032603928270286,1.0422959346025313,0.13126812188636955,0.5363567367955798,0.5109274872077033,-0.01772073117853388,0.8594411431285566,1.119105967010946,0.023676956057978538,0.8408768411289089,0.20897253973718308,-0.5047375240307501,1.06869535124843,0.33975930691242795,0.5494931037823749,1.1109589072907953,-0.15269723875977892,-0.2091106686925104,0.6797012278341494,0.1831091669811825,0.6787856819992435,0.18,-0.12,-0.09628213898052296,0.5326039282702859,0.1363319390870202,0.13126812188636955,0.5363567367955798,-0.08150982067571477,False
1782600844.833868,TRACKING,Tracking AprilTag,Walk,4,71.54150390625,0.14042618473572435,-0.04297622035931912,1.0367483938100837,1.047097751379303,0.1346293350652492,0.5235550008837245,0.49994130451268204,-0.009118363314914488,0.866011286007645,1.1151480058653094,0.04053975206219407,0.8407674646788723,0.209020960866773,-0.5047931974109192,1.0685992273985183,0.33968811689141737,0.5494374304022058,1.1108415142016757,-0.15272018818766525,-0.20941887540795165,0.6790396353580478,0.18268455088778762,0.6794668962522057,0.18,-0.12,-0.09711664486658203,0.5367483938100837,0.14042618473572435,0.1346293350652492,0.5235550008837245,-0.09187098452520914,False
1782600844.8839252,TRACKING,Tracking AprilTag,Walk,4,71.60413360595703,0.14043348766088487,-0.04815847488069591,1.037592064398121,1.0481593844742263,0.13452809547384836,0.5199016243221121,0.4967946604054478,-0.0006431074768265153,0.8678678769290916,1.1148941272726804,0.04435895484130653,0.8401238700117603,0.20861382820758342,-0.5061908800366042,1.0686353682037204,0.33892741659569425,0.5480397477765209,1.1105471035151624,-0.15342253670897116,-0.20874211390301853,0.678900155831367,0.18267986751805101,0.6798156914186609,0.18,-0.12,-0.09664506674870792,0.5375920643981209,0.14043348766088487,0.13452809547384836,0.5199016243221121,-0.09398016099530226,False
1782600844.9338858,TRACKING,Tracking AprilTag,Walk,4,71.89215850830078,0.13672251071306765,-0.048802045197871756,1.029961922525186,1.0401424164040984,0.13197363646006172,0.5414463227727097,0.5153703615436285,-0.004668173798214486,0.8569548404646417,1.12195387752281,0.018952680447714698,0.8392571187615073,0.20827270237431245,-0.5076266796991696,1.068503898385034,0.33800527764156957,0.5466039481139554,1.1100319569426456,-0.1541985834683638,-0.20819194328198862,0.6787753155200807,0.18219083866805513,0.680240166484246,0.18,-0.12,-0.09849780684597713,0.5299619225251859,0.13672251071306765,0.13197363646006172,0.5414463227727097,-0.07490480631296481,False
1782600844.9839468,TRACKING,Tracking AprilTag,Walk,4,71.43122100830078,0.13519761646152972,-0.048976918989654526,1.0326812571562618,1.0426445765324037,0.1301786427008922,0.535028455119369,0.5098635399693967,-0.0027856898884522975,0.8602507835170631,1.1197069582049206,0.023917282388700223,0.8382905063993759,0.20792602427715037,-0.5081950743311432,1.0683279352838786,0.33699356515834655,0.5460355534819819,1.109438129336286,-0.15503637457335534,-0.2079455084588243,0.678279552539746,0.18206676012112502,0.6808430134599898,0.18,-0.12,-0.095304025271211,0.5326812571562618,0.13519761646152972,0.1301786427008922,0.535028455119369,-0.0817031428906545,False
1782600845.034021,TRACKING,Tracking AprilTag,Walk,4,71.82483673095703,0.1329191848534139,-0.05071171891652533,1.0333280831725244,1.0430753163652988,0.1279296253007665,0.5342041303156716,0.5091438286702977,-0.006975592609402956,0.8606531838288278,1.1191167421188313,0.02247631376354986,0.8372015275130856,0.20766842937253083,-0.50864998360047,1.0680140760788863,0.3359194503837003,0.5455806442126551,1.1086929719003724,-0.15587122219141158,-0.20782685549000274,0.678046560246238,0.18188664592076598,0.6811593853945463,0.18,-0.12,-0.09288166316285636,0.5333280831725244,0.1329191848534139,0.1279296253007665,0.5342041303156716,-0.08332020793131112,False
1782600845.0839648,TRACKING,Tracking AprilTag,Walk,4,71.82467651367188,0.13227187592037087,-0.05133056971364624,1.0352332147724002,1.044910754808572,0.12708156461800138,0.5291876177038122,0.5048239934089515,-0.005717626507124397,0.863203362149247,1.117430800619352,0.02677275965007153,0.836083354950771,0.20744418420913457,-0.5093496002942208,1.0676567999254563,0.33483642244195083,0.5448810275189041,1.1079047827977175,-0.15669545135303842,-0.20782327243985727,0.6778517661430411,0.1815173016846213,0.6814528155039666,0.18,-0.12,-0.09106718191938473,0.5352332147724002,0.13227187592037087,0.12708156461800138,0.5291876177038122,-0.08808303693100039,False
1782600845.1339684,TRACKING,Tracking AprilTag,Walk,4,71.72452545166016,0.12986833641810394,-0.05295432988286789,1.0361740088693767,1.045622552603847,0.12468432066818523,0.5313206137404975,0.5066483340363785,-0.00973329394803718,0.862097864866329,1.116523608108097,0.022169937863152078,0.834941888835729,0.20725716262622562,-0.5101142020758128,1.0672556524933325,0.33375152488827886,0.5441164257373122,1.1070761800008246,-0.15750250734195365,-0.20782432999328937,0.6777941804920642,0.18102994501030728,0.6816393883597814,0.18,-0.12,-0.0881908928589524,0.5361740088693767,0.12986833641810394,0.12468432066818523,0.5313206137404975,-0.09043502217344179,False
1782600845.1840003,TRACKING,Tracking AprilTag,Walk,4,71.57688903808594,0.12861486247505285,-0.05369313400893959,1.0370112524097088,1.0463350673247702,0.1233944445650056,0.5293653906562201,0.5049705578098357,-0.007742491327019019,0.8631018419475621,1.1159285704765534,0.022807998446754796,0.8338199268639,0.20714229253857866,-0.5107840287297498,1.0668014008924773,0.332719221983901,0.5434465990833752,1.1062222427704236,-0.1582392467869418,-0.20775609618622481,0.6778317286263845,0.1805964420138188,0.681737836192753,0.18,-0.12,-0.08656440499532819,0.5370112524097088,0.12861486247505285,0.1233944445650056,0.5293653906562201,-0.09252813102427204,False
1782600845.2339666,TRACKING,Tracking AprilTag,Walk,4,71.5827865600586,0.1261423327226299,-0.054405759913806626,1.0375992008777872,1.046653704182395,0.12097767791700921,0.5325349567281494,0.5077032207737984,-0.007857198203175073,0.8614962008345178,1.1155917960413928,0.017109509217385466,0.8328273722155921,0.20712899208776067,-0.5113166167381125,1.0663227462816767,0.3318496063242969,0.5429140110750126,1.1054162155374918,-0.15881860999913427,-0.20776351204831625,0.677916958966113,0.1801756426458959,0.6817621708518486,0.18,-0.12,-0.08385129910972651,0.5375992008777872,0.1261423327226299,0.12097767791700921,0.5325349567281494,-0.09399800219446808,False
1782600845.2839072,TRACKING,Tracking AprilTag,Walk,4,71.74441528320312,0.12512273736653923,-0.05480854296050367,1.0380059964776323,1.0469556459139382,0.11996264555731431,0.5338570264756815,0.5088515415874483,-0.00481581463588038,0.8608408195209324,1.1154045181151861,0.014585645801516112,0.8320319089404876,0.20721076733296503,-0.511713263681863,1.065858764215244,0.33119832324084,0.5425173641312621,1.104717301406784,-0.15920715607190444,-0.2077663293862874,0.6779871876682962,0.17987290619899793,0.6817714157593509,0.18,-0.12,-0.08260417066684042,0.5380059964776323,0.12512273736653923,0.11996264555731431,0.5338570264756815,-0.09501499119408063,False
1782600845.3338525,TRACKING,Tracking AprilTag,Walk,4,71.63240814208984,0.12390642904752393,-0.05551404412861881,1.0405360201991443,1.0493568609327797,0.11852131869942312,0.5292381699787065,0.5048471170926002,-0.010674555084938482,0.8631427704829769,1.1128290566824988,0.01809729768024826,0.831458523835431,0.20734465243402178,-0.5119360793842873,1.065459155272307,0.33076587857188144,0.5422945484288377,1.1041705908378963,-0.15942579562196868,-0.20776457085859454,0.6780424846263592,0.179688277499325,0.6817656452674797,0.18,-0.12,-0.07985267539396207,0.5405360201991443,0.12390642904752393,0.11852131869942312,0.5292381699787065,-0.10134005049786066,False
1782600845.3839774,TRACKING,Tracking AprilTag,Walk,4,71.50836944580078,0.12346986012358736,-0.055762719883569616,1.040413121460167,1.0491967168239902,0.11812142498724935,0.5293608606237057,0.5049745566915985,-0.005350129786437262,0.8631176473722408,1.1132606993565226,0.017484259940095725,0.8311453481301048,0.2075076042436229,-0.5120059038036556,1.065162788836364,0.3305740472649861,0.5422247240094694,1.1038205392025662,-0.15947157954121433,-0.20782538407889908,0.6782248657517552,0.1796270500276652,0.6815818102816641,0.18,-0.12,-0.07956787654271893,0.5404131214601671,0.12346986012358736,0.11812142498724935,0.5293608606237057,-0.10103280365041767,False
1782600845.4338124,TRACKING,Tracking AprilTag,Walk,4,71.55367279052734,0.12315429048650103,-0.055116232175594734,1.0408467584417496,1.0495555025215033,0.11777368056816591,0.5312631564703695,0.5065959019821457,-0.010304108059425108,0.862122043246776,1.1126218050468482,0.015265517510724413,0.8310825438308207,0.20768087580108718,-0.5119450225821198,1.0649811068197346,0.33060501591797886,0.5422856052310052,1.1036698186652323,-0.15936551007218341,-0.2078278201890142,0.6784769601236658,0.17956811952895146,0.6813456554390501,0.18,-0.12,-0.07887084023466609,0.5408467584417496,0.12315429048650103,0.11777368056816591,0.5312631564703695,-0.10211689610437391,False
1782600845.4839153,TRACKING,Tracking AprilTag,Walk,4,71.58008575439453,0.12336881839521693,-0.05467462658313718,1.0414142982531551,1.050120431545996,0.11791323955415686,0.5315944183425091,0.5068718572908937,-0.01200286942945904,0.8619378466060875,1.1119168222013371,0.015012479853785843,0.8312641339240219,0.20779645880643666,-0.5118790492652797,1.0649702918048163,0.3308199983091804,0.5423515785478453,1.1037524795886524,-0.1591667600663626,-0.2078256116984629,0.6785918211052894,0.17962724676316483,0.681216344248618,0.18,-0.12,-0.0786024033600547,0.5414142982531551,0.12336881839521693,0.11791323955415686,0.5315944183425091,-0.10353574563288781,False
1782600845.5338485,TRACKING,Tracking AprilTag,Walk,4,71.4981460571289,0.12382377874416282,-0.054192071813475774,1.041506260271867,1.0502401625416018,0.11833368725020936,0.5304803774256034,0.5058975213404295,-0.01409135241418754,0.862478481869982,1.111668573720412,0.016564559722550498,0.8316880410106756,0.20784288407350396,-0.5117709310882513,1.065139290463176,0.3312115235025078,0.5424596967248738,1.1040733877109852,-0.1588859211435646,-0.20782345360086588,0.6788289136413598,0.17968641627046963,0.680965131226097,0.18,-0.12,-0.07897749775700677,0.541506260271867,0.12382377874416282,0.11833368725020936,0.5304803774256034,-0.10376565067966748,False
1782600845.583826,TRACKING,Tracking AprilTag,Walk,4,71.35482788085938,0.12416151664016771,-0.05393850241778339,1.0416602863494668,1.0504197239271134,0.11863605310133941,0.5309090707290155,0.5062879787253335,-0.010795763761362483,0.8622968943948628,1.1116654862008306,0.016486447141133065,0.8322968781421499,0.2077951924756191,-0.5115772691767341,1.0654814620331767,0.33171736513568373,0.542653358636391,1.1045997948927773,-0.15857632040046404,-0.20787966701329427,0.6790573033440729,0.17974328225312733,0.6807052044037789,0.18,-0.12,-0.07912516790108032,0.5416602863494668,0.12416151664016771,0.11863605310133941,0.5309090707290155,-0.10415071587366709,False
1782600845.6338618,TRACKING,Tracking AprilTag,Walk,4,71.57030487060547,0.12502450450125965,-0.053327872489360016,1.0412498149229048,1.0500838851191892,0.11949948366659256,0.5301231502587559,0.5056251872666567,-0.007548284801025644,0.8627202289259949,1.1121957318810667,0.01825683963456165,0.8330276546141393,0.2076453692122629,-0.5113707955549504,1.0659726646369878,0.3322787930155269,0.5428598322581747,1.105284654899057,-0.15828060426283436,-0.20795081073938368,0.6792123926938249,0.1798740942908611,0.6804941558360401,0.18,-0.12,-0.08021518300678213,0.5412498149229048,0.12502450450125965,0.11949948366659256,0.5301231502587559,-0.10312453730726201,False
1782600845.6838553,TRACKING,Tracking AprilTag,Walk,4,71.3904800415039,0.12525212665640917,-0.05311423956825014,1.0402621724231935,1.0491208724696544,0.11982755101775434,0.5360457541170314,0.5107346482346866,-0.004741702238597649,0.8597253255269798,1.1131990560558829,0.01232993084065287,0.8338250813744281,0.20741172438089403,-0.5111898880010846,1.066569670180263,0.3328567754776732,0.5430407398120405,1.1060721579995374,-0.15801542844948846,-0.20794398784161452,0.6793121763067713,0.18005129560691602,0.680349760044167,0.18,-0.12,-0.08086683769225302,0.5402621724231935,0.12525212665640917,0.11982755101775434,0.5360457541170314,-0.1006554310579838,False
1782600845.7338238,TRACKING,Tracking AprilTag,Walk,4,71.4737319946289,0.12612350339952924,-0.05296044964833655,1.039564000900149,1.0485252783334553,0.12073339558190467,0.5309000870497249,0.5062875929974704,-0.009352719651700325,0.8623139798309803,1.1136382814074406,0.018679911214712963,0.8346243184384081,0.2071473206104029,-0.5110501744008114,1.0671943153548076,0.3334211402924937,0.5431804534123137,1.1068787614856475,-0.15777443041114764,-0.2079417255688797,0.6794268532529406,0.1801103704589856,0.6802202910082665,0.18,-0.12,-0.08240439162130858,0.539564000900149,0.12612350339952924,0.12073339558190467,0.5309000870497249,-0.0989100022503725,False
1782600845.7838814,TRACKING,Tracking AprilTag,Walk,4,71.52070617675781,0.12643732122588036,-0.052969086389931225,1.0390567169667029,1.0480605809710541,0.12108939376910088,0.5304788855402448,0.505936363194805,-0.006320437179554938,0.8625476499713357,1.1142811816530986,0.019487734961802727,0.8353665083168533,0.20690174110780035,-0.5107848807385762,1.0677744170167514,0.33394519865715855,0.5434457470745488,1.1076278195372198,-0.15755067352714214,-0.2080105056807123,0.6793300845734531,0.18030018596855169,0.6802456237709914,0.18,-0.12,-0.08308199978049416,0.5390567169667029,0.12643732122588036,0.12108939376910088,0.5304788855402448,-0.09764179241675719,False
1782600845.833906,TRACKING,Tracking AprilTag,Walk,4,71.55828094482422,0.1271433293555285,-0.0536750241030485,1.038287133161453,1.0474190208797527,0.12184825316395964,0.5300852819233894,0.5056048936648396,-0.0028320025034592458,0.862760494728396,1.1151557118298643,0.020630838713899313,0.8359733613192689,0.206737819133184,-0.5103482933694271,1.068216673326298,0.33439190923120954,0.5438823344436979,1.1082191681974922,-0.15733748876620235,-0.20800993960426628,0.6791451285142814,0.1805438384241255,0.6803658441222876,0.18,-0.12,-0.08429412062765476,0.5382871331614529,0.1271433293555285,0.12184825316395964,0.5300852819233894,-0.09571783290363234,False
1782600845.8838768,TRACKING,Tracking AprilTag,Walk,4,71.42634582519531,0.12762831407103742,-0.05418895758243128,1.0375687401593874,1.0467923959565355,0.1223922683338931,0.5306865268585128,0.5061189508455,-0.00511130008868147,0.8624485388743225,1.1157028999230933,0.020617614194517464,0.8363702522020288,0.2066843801272498,-0.51015479348827,1.068459162798404,0.3347106206305836,0.5440758343248551,1.108575124538337,-0.15715398622239019,-0.20794866018558558,0.6789612256837259,0.18084880543877022,0.6804871184059564,0.18,-0.12,-0.08523151120845977,0.5375687401593874,0.12762831407103742,0.1223922683338931,0.5306865268585128,-0.09392185039846845,False
1782600845.9339476,TRACKING,Tracking AprilTag,Walk,4,71.42306518554688,0.12849322107068809,-0.05563349600363446,1.0372913222040114,1.0466990402491316,0.12324597055026194,0.5288427449129981,0.5045334889901476,-0.002016758183732319,0.8633897678186006,1.1160821662103513,0.023366551467380647,0.8365538919566281,0.20673644359289764,-0.510422097043541,1.0685045916463936,0.33489601314309403,0.543808530769584,1.108695844853342,-0.15700613234361216,-0.20776249388747198,0.6788291589355062,0.18090717740377996,0.6806602032412126,0.18,-0.12,-0.0862698170004802,0.5372913222040114,0.12849322107068809,0.12324597055026194,0.5288427449129981,-0.09322830551002859,False
1782600845.9839253,TRACKING,Tracking AprilTag,Walk,4,71.36934661865234,0.12830299084549066,-0.056219159185985204,1.0359706586511115,1.0453982288608945,0.12322064920907216,0.5298316450336167,0.5053833643594531,0.004318134181310183,0.8628841224323881,1.1177710402188226,0.02218797843283593,0.8365648776676154,0.20686365935702794,-0.5108180178396841,1.0683994007404236,0.3349683969105448,0.543412609973441,1.108631990805365,-0.15689555568673513,-0.20752020189190667,0.6787131308935301,0.18090878776694452,0.6808493682659468,0.18,-0.12,-0.08707559273058857,0.5359706586511115,0.12830299084549066,0.12322064920907216,0.5298316450336167,-0.08992664662777872,False
1782600846.033849,TRACKING,Tracking AprilTag,Walk,4,71.53794860839844,0.12783357714398844,-0.05740290183998534,1.0363273180578567,1.045758493505106,0.12273252420143628,0.5299033196840374,0.5054244367137685,-0.01004195960685365,0.8628124349010183,1.1166258538774614,0.021747377685346625,0.8364525827511924,0.20703521803728417,-0.5111397549824546,1.0681947648451673,0.33495548647296913,0.5430908728306705,1.1084416814382232,-0.15681923482586596,-0.20727788320567472,0.6785970275267055,0.18091037862827442,0.681038463135724,0.18,-0.12,-0.08639681373869747,0.5363273180578567,0.12783357714398844,0.12273252420143628,0.5299033196840374,-0.09081829514464179,False
1782600846.0838504,TRACKING,Tracking AprilTag,Walk,4,71.71927642822266,0.12767733834560505,-0.05793992247627305,1.0367798374041457,1.046217457602071,0.12253104931429748,0.5286310567878838,0.5043215027841347,-0.010948876945240087,0.8634465495461721,1.1161411162975972,0.02282714730530966,0.836263477517523,0.207227270470789,-0.5113319562717159,1.0679343728368544,0.3348859096907565,0.542898671541409,1.108176669693235,-0.15677010538830993,-0.20708947934458388,0.6786407075839753,0.18102782072974824,0.6810210464270164,0.18,-0.12,-0.08597423898856764,0.5367798374041457,0.12767733834560505,0.12253104931429748,0.5286310567878838,-0.09194959351036425,False
1782600846.1338425,TRACKING,Tracking AprilTag,Walk,4,71.5216293334961,0.12740663462273905,-0.058716833804181426,1.0371296188471815,1.046574394588354,0.12223301285710937,0.5306647992146837,0.5060670008465802,-0.012544323815712733,0.8624029398107093,1.115675345339159,0.020384139866160278,0.8360370780495524,0.2074210227009036,-0.5114194048648134,1.0676540833152903,0.3347847443316996,0.5428112229483116,1.1078801125580118,-0.15674094186109,-0.2069119615491075,0.678720062662559,0.18109374333811265,0.6809783938063104,0.18,-0.12,-0.08538048440832682,0.5371296188471815,0.12740663462273905,0.12223301285710937,0.5306647992146837,-0.09282404711795367,False
1782600846.183916,TRACKING,Tracking AprilTag,Walk,4,71.56472778320312,0.12727957063151363,-0.05894320637281272,1.036948547367778,1.046392221189452,0.12213342920295289,0.5319660550280289,0.5072007283545932,-0.010499839928306137,0.8617639900332632,1.1159549990946305,0.018915066321766205,0.8358146316001589,0.2076032739788787,-0.5114561213740122,1.067385746490786,0.3346813359191484,0.5427745064391128,1.1075933827770905,-0.15671894222690397,-0.2067928528991547,0.6787908255878097,0.18115737526702808,0.6809271153904869,0.18,-0.12,-0.08535087005484122,0.536948547367778,0.12727957063151363,0.12213342920295289,0.5319660550280289,-0.09237136841944493,False
1782600846.2339168,TRACKING,Tracking AprilTag,Walk,4,71.5093002319336,0.12731424158083185,-0.059398292646189926,1.0371999359307336,1.0466712857307698,0.12213705223369033,0.5314386681459631,0.5067517938037139,-0.00938468043728544,0.8620409197073003,1.1157635042389147,0.019456033883395285,0.8355946150697156,0.20776856882435052,-0.5115322596043285,1.067133353761201,0.3345716656421338,0.5426983682087966,1.1073183562788667,-0.15670945092128208,-0.20673216493953395,0.6788530081067307,0.18121871795260594,0.6808672276056986,0.18,-0.12,-0.08521149150264104,0.5371999359307336,0.12731424158083185,0.12213705223369033,0.5314386681459631,-0.09299983982683391,False
1782600846.2839134,TRACKING,Tracking AprilTag,Walk,4,71.5128173828125,0.12727382975134197,-0.05961762435231508,1.0371615685151627,1.0466408209494888,0.12210313996015601,0.5321423345513685,0.5073717299305315,-0.00591338865322412,0.86170700328008,1.1159845879255856,0.018646773776699488,0.8353994012682173,0.2079210506978734,-0.5116348871507219,1.0669043521632973,0.3344772335596304,0.5425957406624031,1.1070710000697566,-0.15669625789800234,-0.20660676627099978,0.6789641559818616,0.181215801789837,0.6807952351511761,0.18,-0.12,-0.08517377118257875,0.5371615685151627,0.12727382975134197,0.12210313996015601,0.5321423345513685,-0.09290392128790681,False
1782600846.333814,TRACKING,Tracking AprilTag,Walk,4,71.52666473388672,0.12717946543074646,-0.05999047405400286,1.0375126052541803,1.0469985097724788,0.12197263118722548,0.5315276222548591,0.5068337680192084,-0.008196506187756653,0.8620048427252398,1.115504898104882,0.01914038825110298,0.8352432571133951,0.20806554816639877,-0.5117334779928612,1.0667015895450374,0.3344128298630606,0.5424971498202639,1.1068602439898054,-0.15666723393791782,-0.2065397964528161,0.6790667184793239,0.18121059564669356,0.680714642387192,0.18,-0.12,-0.08485163572432844,0.5375126052541803,0.12717946543074646,0.12197263118722548,0.5315276222548591,-0.0937815131354508,False
1782600846.383854,TRACKING,Tracking AprilTag,Walk,4,71.48451232910156,0.12711489924009325,-0.060158748740685594,1.0377328988664254,1.047218621897347,0.12188569608381632,0.5299105890149373,0.5054441991638221,-0.006889401133635187,0.8628317899125313,1.115376846376087,0.020687985607128645,0.8351362072847024,0.20820000970085517,-0.5116599983583974,1.0665318009107114,0.33438615797289206,0.5425706294547277,1.1066954807109262,-0.15661831940015652,-0.20648140322884664,0.6791974741739892,0.18121291344559434,0.6806012791619477,0.18,-0.12,-0.08470329814599901,0.5377328988664254,0.12711489924009325,0.12188569608381632,0.5299105890149373,-0.09433224716606348,False
1782600846.433908,TRACKING,Tracking AprilTag,Walk,4,71.39366149902344,0.12719589700194728,-0.060416061902218134,1.0373972024226512,1.0469106229016143,0.12200167021792876,0.5312511848414323,0.5065724443051263,-0.012571074108214274,0.8621057514983272,1.1153399620885502,0.019411272797418555,0.835042286480953,0.20826689746252047,-0.5114994398141736,1.0664272534409331,0.33433752756470436,0.5427311879989515,1.1065801810680709,-0.15661727901801614,-0.20666531968697968,0.67938324673236,0.18121362497065643,0.680359810558406,0.18,-0.12,-0.08496736807515047,0.5373972024226512,0.12719589700194728,0.12200167021792876,0.5312511848414323,-0.09349300605662803,False
1782600846.4839394,TRACKING,Tracking AprilTag,Walk,4,71.4542236328125,0.12740401510816213,-0.060407567899323035,1.0377570511846796,1.047292010190431,0.12215735679018538,0.5290706899351877,0.5046461663695117,-0.018366942143569095,0.8631308720031104,1.1147445921448433,0.02196446315823608,0.8350525770928394,0.2080060951737589,-0.5119564242427815,1.0666591088769548,0.33421766603082675,0.5422742035703435,1.1067379845924812,-0.15682517749853003,-0.20660521305255403,0.6797525133726128,0.18103133291399565,0.6800576909398987,0.18,-0.12,-0.08497143471092103,0.5377570511846796,0.12740401510816213,0.12215735679018538,0.5290706899351877,-0.09439262796169912,False
1782600846.5338569,TRACKING,Tracking AprilTag,Walk,4,71.54399871826172,0.1266557122622219,-0.05866537808931266,1.0372341982062863,1.046584004255583,0.12150754343970932,0.5318004325598513,0.5070493512447359,-0.01201382882492184,0.8618332920694454,1.115640460783967,0.01840511440761705,0.835508567531791,0.20735930981500222,-0.5133567922202482,1.0674467142485247,0.33429471380426334,0.5408738355928768,1.1074822115695724,-0.15709422170918458,-0.20647680857069156,0.6804640670276796,0.18041544372892823,0.6795485624079455,0.18,-0.12,-0.08460533570558554,0.5372341982062863,0.1266557122622219,0.12150754343970932,0.5318004325598513,-0.09308549551571565,False
1782600846.5839188,TRACKING,Tracking AprilTag,Walk,4,71.64837646484375,0.1257010426858482,-0.05546316195918723,1.0406389567711434,1.0496696398470111,0.120209782021111,0.5247475770609149,0.5009910084035356,-0.0037659669226705198,0.8654442945631717,1.112959737000391,0.024423774616852134,0.8368010373011012,0.20596574105148102,-0.5162329782804312,1.0692967976112755,0.3347302635191242,0.5379976495326938,1.109339841859312,-0.1574963680878642,-0.2055137813653151,0.6813633327534935,0.1793286277550626,0.6792270148598831,0.18,-0.12,-0.08153231119407398,0.5406389567711434,0.1257010426858482,0.120209782021111,0.5247475770609149,-0.10159739192785844,False
1782600846.6338644,TRACKING,Tracking AprilTag,Walk,4,71.49556732177734,0.12064869517800281,-0.043441628256724166,1.0414812226362637,1.0493457103441537,0.1153293094471186,0.5258825355020452,0.5019755921252551,0.0018897925036109112,0.8648797220393092,1.1128534537693158,0.01805010255690015,0.8385922087841786,0.20365234670319557,-0.5206128163862451,1.0721929953825236,0.3351451456256154,0.5336178114268799,1.1121330883897342,-0.15836692108036554,-0.20384948707433087,0.6814309949655403,0.1783988175803201,0.6799051754515107,0.18,-0.12,-0.07652856533280272,0.5414812226362637,0.12064869517800281,0.1153293094471186,0.5258825355020452,-0.10370305659065937,False
1782600846.683931,TRACKING,Tracking AprilTag,Walk,4,71.40355682373047,0.11579862443141362,-0.03783858111920569,1.0375087673428307,1.0446365501716672,0.1111521609076295,0.5328244005795688,0.5079466411076307,-0.009220432611811706,0.8613391860410896,1.1166732006333802,0.006251908205785861,0.8401906926862618,0.20057165194801646,-0.5239464966995171,1.0756612087916175,0.33501351466881507,0.5302841311136078,1.1152078312636058,-0.15997682394059748,-0.2024483736907116,0.6814398831042493,0.17736357369466624,0.6805854130313913,0.18,-0.11579862443141362,-0.0750549617219637,0.5375087673428307,0.11579862443141362,0.1111521609076295,0.5328244005795688,-0.09377191835707677,False
1782600846.7339222,TRACKING,Tracking AprilTag,Walk,4,71.8087387084961,0.10683995088059067,-0.03494755995846262,1.0312915251811343,1.0373997864669375,0.10322994793666626,0.5317154753596849,0.5069951720771408,-0.008320045829858349,0.8619087378184882,1.1238450196314904,-0.0008566100989406689,0.8418883091355914,0.19674133411068687,-0.5259182419568869,1.0798301960877785,0.334597845006164,0.5283123858562382,1.1187931652243142,-0.16214445322951954,-0.20171935559010779,0.6821226983585611,0.17669516926879336,0.6802916603350503,0.18,-0.10683995088059067,-0.07210921790997916,0.5312915251811343,0.10683995088059067,0.10322994793666626,0.5317154753596849,-0.07822881295283579,False
1782600846.7839031,TRACKING,Tracking AprilTag,Walk,4,71.61504364013672,0.10341637038149182,-0.0345134793623265,1.030197192179726,1.035949989476117,0.10004985032171744,0.5295842636181057,0.5051723704565615,-0.0029691529359835898,0.8630133604169413,1.1254938884361043,-0.0019043498329386344,0.8438443928389936,0.19254903736778492,-0.5269274690860698,1.0844415876264504,0.33422813767282167,0.5273031587270552,1.1227976913345743,-0.16446078353142063,-0.20214907082779288,0.6826803614761061,0.1756597300248756,0.6798727354923868,0.18,-0.10341637038149182,-0.07005491805975246,0.5301971921797259,0.10341637038149182,0.10004985032171744,0.5295842636181057,-0.07549298044931485,False
1782600846.8338223,TRACKING,Tracking AprilTag,Walk,4,71.61475372314453,0.09746084341722983,-0.03486966679628535,1.025641551834088,1.0308516394276714,0.09473980240455553,0.5256944352725805,0.5018136375609209,-0.0007927404014210424,0.8649754012227936,1.130707119956003,-0.0033374938735907245,0.8454673605578119,0.18878162517381752,-0.5268589238369565,1.0885190084027907,0.3337786283089053,0.5273717039761685,1.1262858045526636,-0.16661959918667485,-0.2037434271393491,0.6834987708527355,0.1738350151266825,0.6790430278386035,0.18,-0.09746084341722983,-0.06841629577543311,0.525641551834088,0.09746084341722983,0.09473980240455553,0.5256944352725805,-0.06410387958522001,False
1782600846.883923,TRACKING,Tracking AprilTag,Walk,4,71.42753601074219,0.09548350615215598,-0.03599541575609517,1.0283668805075175,1.0334172491435034,0.09258420218120852,0.5111389814777314,0.48915527708230716,-0.008009970095498484,0.8721599367556392,1.1280052036023576,0.009592305719454797,0.8468207108327456,0.18625135396504053,-0.5256288162546072,1.0913875465285645,0.3337057011012898,0.5286018115585178,1.1288443586612371,-0.16791868741698496,-0.20385795841305385,0.6830462313175107,0.17462204162267878,0.6792620416703222,0.18,-0.09548350615215598,-0.06520150895019645,0.5283668805075175,0.09548350615215598,0.09258420218120852,0.5111389814777314,-0.07091720126879364,False
1782600846.9338636,TRACKING,Tracking AprilTag,Walk,4,71.40799713134766,0.09479026859441428,-0.041123840900862664,1.0215539775442477,1.026766231596615,0.09252532744296495,0.519001863706833,0.4959781347582036,-0.011973027474314588,0.8682524612431988,1.134693131029693,0.0015309102862609558,0.848056400913448,0.18464704651286679,-0.522721752643153,1.0933928281901157,0.3339877965363704,0.531508875169972,1.1307761390864888,-0.16852610553102265,-0.20447162090194987,0.6829962501172594,0.17547937614719578,0.6789068176992203,0.18,-0.09479026859441428,-0.06928960155396872,0.5215539775442477,0.09479026859441428,0.09252532744296495,0.519001863706833,-0.05388494386061926,False
1782600846.9839368,TRACKING,Tracking AprilTag,Walk,4,71.48226928710938,0.096650935651242,-0.040373488586592565,1.0192848496357456,1.024652637062862,0.09453963424435943,0.5259734300774931,0.5020167186472918,-0.012364822825457181,0.8647695215229898,1.1367762621095205,-0.0035546999238088017,0.8490560585601997,0.18408755831164522,-0.5203449244221264,1.0943730424215632,0.33458068988131795,0.5338857033909986,1.1319160389841545,-0.16841221663201583,-0.2047705364026472,0.6829753509226892,0.17693883309426953,0.6784588025787858,0.18,-0.096650935651242,-0.07240652268062123,0.5192848496357456,0.096650935651242,0.09453963424435943,0.5259734300774931,-0.04821212408936404,False
1782600847.033848,TRACKING,Tracking AprilTag,Walk,4,71.44486999511719,0.10165107537116183,-0.03924539026540233,1.0184682049040457,1.0242805407610096,0.09947835618779288,0.5255538276771586,0.5016479761623227,-0.013272674553420065,0.8649700249849382,1.13703626180604,0.001843720135901672,0.8500555186370056,0.184059409649855,-0.5177604123789216,1.0948911484547192,0.33543583836590807,0.5364702154342035,1.1327514658436988,-0.16786287634162966,-0.20489518402118193,0.6831060171477713,0.17858901055882584,0.6778569894963499,0.18,-0.10165107537116183,-0.07739797584695451,0.5184682049040457,0.10165107537116183,0.09947835618779288,0.5255538276771586,-0.04617051226011415,False
1782600847.0839179,TRACKING,Tracking AprilTag,Walk,4,71.6922378540039,0.10427472136083063,-0.03716079169314756,1.0164537424491826,1.0224638636612493,0.10222916419628549,0.5308766792801362,0.5062486655476125,-0.012708551246572618,0.8622939065982519,1.138797111480755,-0.0008287948801142253,0.8510578030306206,0.18452490968229215,-0.514636776011506,1.09498141175233,0.3365372541924639,0.539593851801619,1.1333064833148403,-0.16690725094817743,-0.20586732952836048,0.6823589517127394,0.17968378835798793,0.678025545132095,0.18,-0.10427472136083063,-0.08108761258521607,0.5164537424491826,0.10427472136083063,0.10222916419628549,0.5308766792801362,-0.04113435612295657,False
1782600847.133927,TRACKING,Tracking AprilTag,Walk,4,71.6091537475586,0.11145305921860192,-0.03565594464408395,1.0179299984195178,1.0246338919243334,0.10905550261648489,0.5267918667272278,0.5026642981986053,-0.019788443237392324,0.8642551827040115,1.1364126053231047,0.010258218065200775,0.8515655485462217,0.1856768376025508,-0.512814023703897,1.0942305607338347,0.3375476829084598,0.5414166041092281,1.1330629695608248,-0.16567216208753227,-0.2064886817766748,0.6809914935212417,0.18079204121268422,0.6789162303878077,0.18,-0.11145305921860192,-0.08634323068254388,0.5179299984195178,0.11145305921860192,0.10905550261648489,0.5267918667272278,-0.04482499604879453,False
1782600847.1838117,TRACKING,Tracking AprilTag,Walk,4,71.50120544433594,0.11396210127434843,-0.03836468259564387,1.015820957232381,1.0229132057755634,0.11172005369114245,0.5278935458035678,0.5036579999329112,-0.015011426812728965,0.8637726993651894,1.138369228698326,0.011917622994084498,0.8519512435226303,0.18676073471706944,-0.5124971794396378,1.0934785835169776,0.3384183859778332,0.5417334483734872,1.132758368014363,-0.1645627426593711,-0.2067264554265506,0.6808484234671308,0.18090853672403187,0.6789563301343221,0.18,-0.11396210127434843,-0.0901083218077679,0.5158209572323811,0.11396210127434843,0.11172005369114245,0.5278935458035678,-0.03955239308095271,False
1782600847.2338228,TRACKING,Tracking AprilTag,Walk,4,71.61714172363281,0.11609506803627265,-0.04021911166501901,1.013706164998087,1.021124787046421,0.11402856118327719,0.5288622458627107,0.5045187889643351,-0.011361013579355497,0.8633259633257941,1.1403482193611318,0.013271129091961542,0.8523380429008207,0.18776405852763345,-0.5120346065452004,1.0927972118997984,0.3392502544452701,0.5421960212679247,1.1325008180904388,-0.16351874052120285,-0.20611842896480898,0.681344395183347,0.18176508186473236,0.6784146692164205,0.18,-0.11609506803627265,-0.09356486356113304,0.513706164998087,0.11609506803627265,0.11402856118327719,0.5288622458627107,-0.03426541249521742,False
1782600847.2838197,TRACKING,Tracking AprilTag,Walk,4,71.56512451171875,0.11749664328564836,-0.040472531965360506,1.0143877203170588,1.0219715916585557,0.11531622649171094,0.5302356100693768,0.5056155170815384,-0.02188224727954284,0.8624813714744021,1.1391423344864722,0.01311326653354683,0.852242449262117,0.18894871278358616,-0.5116426640272208,1.0917199173471515,0.3397522308358946,0.5425879637859042,1.1317439750803524,-0.16260237132268573,-0.20507979430695727,0.6822565299890383,0.18316799485570798,0.677434713396702,0.18,-0.11749664328564836,-0.09424850176776078,0.5143877203170588,0.11749664328564836,0.11531622649171094,0.5302356100693768,-0.03596930079264704,False
1782600847.3338652,TRACKING,Tracking AprilTag,Walk,4,71.69428253173828,0.12055036256353624,-0.04154414389999012,1.0132513579852485,1.0212426843143276,0.11841716924708472,0.5301096502611516,0.5056234267104681,-0.004227605658090668,0.8627439236018782,1.1404873120940238,0.016231704712549644,0.8518318348399742,0.18988503281093608,-0.5117719984016732,1.0907029667196246,0.339857638703064,0.5424586294114518,1.130871121455532,-0.16206999368704894,-0.20458790256486925,0.6832210564770723,0.18377511176098488,0.6764462184148109,0.18,-0.12,-0.09779461138856953,0.5132513579852485,0.12055036256353624,0.11841716924708472,0.5301096502611516,-0.033128394963121144,False
1782600847.3838112,TRACKING,Tracking AprilTag,Walk,4,71.58000183105469,0.12171624782629338,-0.041691179337182235,1.0167203517543417,1.02482841153576,0.11914754622985763,0.5290364069731767,0.5046870373691242,-0.007625608335387559,0.8632686976886694,1.1367712275873947,0.01809987439386468,0.8512000379013538,0.19000123438424077,-0.5138185561859548,1.0902898845452302,0.33936566990884415,0.5404120716271702,1.1302866556872806,-0.1623365831523898,-0.20403772563527084,0.6831571232532415,0.18328605745818677,0.6768095541637805,0.18,-0.12,-0.09617569808756612,0.5167203517543417,0.12171624782629338,0.11914754622985763,0.5290364069731767,-0.041800879385854306,False
1782600847.4338322,TRACKING,Tracking AprilTag,Walk,4,71.58533477783203,0.11882464139592766,-0.042528343749229,1.0164879892336711,1.024292823210841,0.11636909888924925,0.5288854700347944,0.5045599348307653,0.006742173747870251,0.8633503432887065,1.1379392231327694,0.015256828207004691,0.8505754660799846,0.18977065175756172,-0.5154928722329442,1.0901819068026497,0.3387087078742623,0.5387377555801809,1.1299067244425356,-0.162883310284551,-0.20324144261804244,0.6827813869573697,0.18267316449123155,0.6775935423259781,0.18,-0.11882464139592766,-0.09383186658060086,0.5164879892336711,0.11882464139592766,0.11636909888924925,0.5288854700347944,-0.0412199730841778,False
1782600847.4837978,TRACKING,Tracking AprilTag,Walk,4,71.6467514038086,0.11733388249030181,-0.043783082262014314,1.0193315441355837,1.0269961027883425,0.11460426170139593,0.5200734299644911,0.4969174902146456,-0.010301784396121741,0.8677366427419286,1.1346624542139951,0.022687015793353082,0.8498401450548095,0.18923406137962331,-0.5163484169491587,1.0902853103871484,0.3378043108693615,0.5378822108639664,1.129611264838995,-0.1637443154334534,-0.20288062319100708,0.6824943226600003,0.18249490473559302,0.6780387614407033,0.18,-0.11733388249030181,-0.09057655744987764,0.5193315441355837,0.11733388249030181,0.11460426170139593,0.5200734299644911,-0.04832886033895922,False
1782600847.5338674,TRACKING,Tracking AprilTag,Walk,4,71.57625579833984,0.11455316364050398,-0.045827650897916204,1.018274064798969,1.0257215372259103,0.11202637442216042,0.5234272242632545,0.4998142475640459,-0.012196217867197148,0.8660467482773216,1.1358111061165364,0.016573805536729713,0.8490003397289169,0.18851300975784657,-0.5171753612757678,1.09049750233545,0.3367179577942794,0.5370552665373572,1.129335799876911,-0.16481637302580943,-0.20269125802460614,0.6823511787760002,0.18218410274117713,0.6783229875596123,0.18,-0.11455316364050398,-0.0888673082127804,0.518274064798969,0.11455316364050398,0.11202637442216042,0.5234272242632545,-0.04568516199742245,False
1782600847.5838382,TRACKING,Tracking AprilTag,Walk,4,71.58120727539062,0.1133143817098349,-0.04705775851129923,1.0204347359418853,1.0277848179726996,0.11059211568037826,0.5236107280658217,0.5000056813899494,-0.004321849775687594,0.8660113395286975,1.1341086449758202,0.0148964527102885,0.8481955321596522,0.18768093187882928,-0.5181976558009777,1.0908235191720064,0.33560720046588705,0.5360329720121474,1.1291526116956705,-0.16595940010796867,-0.20257335741524013,0.6821210733572534,0.1817606081297334,0.6787031438558212,0.18,-0.1133143817098349,-0.08615809540688624,0.5204347359418853,0.1133143817098349,0.11059211568037826,0.5236107280658217,-0.051086839854713184,False
1782600847.6338694,TRACKING,Tracking AprilTag,Walk,4,71.49927520751953,0.10985785978173486,-0.050104687262940824,1.019378487184867,1.0265046172213979,0.10735511376805563,0.5236523702960317,0.5000421043162881,0.004151586098211519,0.8659911421277976,1.1359410658204296,0.011428408987059602,0.8474641220152375,0.18680565488005718,-0.5192901767831326,1.0912233492862913,0.3345389277929973,0.5349404510299924,1.1290543320962032,-0.16709580309294386,-0.2025144364441676,0.6819450869170237,0.18109111902647537,0.6790764375761931,0.18,-0.10985785978173486,-0.08393511395736647,0.519378487184867,0.10985785978173486,0.10735511376805563,0.5236523702960317,-0.048446217962167526,False
1782600847.6839173,TRACKING,Tracking AprilTag,Walk,4,71.48248291015625,0.10822101187507567,-0.051765740540803254,1.0217174669683065,1.0287361477138515,0.10552721341757777,0.5179708464498459,0.4950928240387602,-0.010119887568504831,0.8687811481960955,1.1331475647823168,0.01564329800092301,0.8468960662672398,0.18597392673641847,-0.5202844706213543,1.0916659930021768,0.3336342037585309,0.5339461571917707,1.1290650204537718,-0.16810294995252623,-0.20251163042433273,0.681874603707247,0.18047826737937067,0.6793111653474452,0.18,-0.10822101187507567,-0.08091322364041967,0.5217174669683065,0.10822101187507567,0.10552721341757777,0.5179708464498459,-0.054293667420766134,False
1782600847.7339244,TRACKING,Tracking AprilTag,Walk,4,71.40560913085938,0.10447873356856432,-0.05467309016651775,1.0211840110726675,1.0279697160067067,0.1019566084746316,0.5186734008883929,0.49572708654233055,-0.0023477956686967904,0.8684751830212253,1.1343931415529789,0.011166510911676364,0.8465449342772001,0.18524932649365655,-0.5210399899731754,1.0921226247758855,0.3329710095113607,0.5331906378399497,1.129192176881115,-0.1688980414121869,-0.202575666991381,0.6818236745889477,0.17987059072720693,0.6795043388415319,0.18,-0.10447873356856432,-0.07802646879277113,0.5211840110726675,0.10447873356856432,0.1019566084746316,0.5186734008883929,-0.05296002768166885,False
1782600847.7839236,TRACKING,Tracking AprilTag,Walk,4,71.72660064697266,0.10278901243789348,-0.05557711063447324,1.0195681914919772,1.0262425119856686,0.1004767269261237,0.523135578105607,0.49958426528116917,-0.007629354924060386,0.8662316981194564,1.1358615425175054,0.00516468941391679,0.846452542092675,0.18464742484094102,-0.5215053491111491,1.092600358388705,0.3325933952763467,0.532725278701976,1.1294611622886488,-0.16944436436231491,-0.20264137312670966,0.6817783547666708,0.1794474810218453,0.6796420752306964,0.18,-0.10278901243789348,-0.07763303277271544,0.5195681914919772,0.10278901243789348,0.1004767269261237,0.523135578105607,-0.048920478729942984,False
1782600847.8338404,TRACKING,Tracking AprilTag,Walk,4,71.54071807861328,0.10065532869299909,-0.05734660281604743,1.019202877757166,1.025765389393367,0.09843966456848982,0.5227545333701658,0.4992513355789536,-0.008336958337788889,0.8664171045450944,1.1364342708026314,0.0035790115163234493,0.8466051637479289,0.18420481423001103,-0.5217904827287345,1.0930605967425084,0.3325074989420319,0.5324401450843905,1.129839767455581,-0.16971978340692312,-0.20269417516677618,0.681750658420021,0.1791350208113484,0.6797365338248679,0.18,-0.10065532869299909,-0.07604770886000127,0.519202877757166,0.10065532869299909,0.09843966456848982,0.5227545333701658,-0.04800719439291501,False
1782600847.8838482,TRACKING,Tracking AprilTag,Walk,4,71.58086395263672,0.10006932661616179,-0.058060562182102204,1.018693522114483,1.025242113360705,0.09791884889205288,0.5211731339487529,0.49789496015437845,-0.0034152211526037417,0.8672306180695817,1.1372446577379678,0.004548520929158972,0.8469920122608829,0.18391327994136664,-0.5219275410007934,1.0935051550476669,0.33269988378224724,0.5323030868123316,1.130323854544228,-0.16973721051325674,-0.20269639095010014,0.6817581110847993,0.17907594430821855,0.6797439644719256,0.18,-0.10006932661616179,-0.07594876212166579,0.518693522114483,0.10006932661616179,0.09791884889205288,0.5211731339487529,-0.04673380528620763,False
1782600847.9338357,TRACKING,Tracking AprilTag,Walk,4,71.53520202636719,0.09956711851674925,-0.05910287524234368,1.0181006511397688,1.024663699368169,0.09748692302819349,0.5190301194426832,0.49600069835917165,-0.012300120701349306,0.8682349994430921,1.1374363218187495,0.006464137814608362,0.8475481107362951,0.1837385520349142,-0.5220121976973771,1.0939317398348292,0.33309712523905993,0.532218430115748,1.1308797861006612,-0.16956195224608894,-0.2026378627812413,0.681766544357369,0.1790781594578801,0.6797523728297242,0.18,-0.09956711851674925,-0.0759947518215435,0.5181006511397688,0.09956711851674925,0.09748692302819349,0.5190301194426832,-0.04525162784942194,False
1782600847.9838505,TRACKING,Tracking AprilTag,Walk,4,71.56990814208984,0.09938958939022705,-0.059542018404362844,1.0169956476303148,1.0235739786326277,0.09741926731894875,0.5207859990127331,0.4975594230114194,-0.003273745594585334,0.867423716047887,1.1390310335003417,0.004472997505096388,0.84819641372178,0.18363767276987214,-0.5220997256525164,1.0943396512329024,0.3336110140192703,0.5321309021606087,1.1314690072097309,-0.16927334893403084,-0.20257711782744273,0.6817675221851567,0.17913945189019112,0.6797533477686741,0.18,-0.09938958939022705,-0.07661347142452651,0.5169956476303148,0.09938958939022705,0.09741926731894875,0.5207859990127331,-0.04248911907578701,False
1782600848.033918,TRACKING,Tracking AprilTag,Walk,4,71.64276885986328,0.09957663283755236,-0.06019762389920802,1.0170537160948954,1.0236881952786265,0.09759590454880841,0.5269444116915825,0.5028622928300053,-0.011335306848146837,0.8642922105795056,1.138481984482369,-0.0015659635756825607,0.848869387419879,0.18357032586419902,-0.5222418091875206,1.0947305903447966,0.33416291601675563,0.5319888186256044,1.1320592472890616,-0.16894312801890204,-0.20245160035552415,0.6818779858823985,0.17913640248521656,0.6796807421040448,0.18,-0.09957663283755236,-0.07660336360045268,0.5170537160948954,0.09957663283755236,0.09759590454880841,0.5269444116915825,-0.042634290237238415,False
1782600848.0839024,TRACKING,Tracking AprilTag,Walk,4,71.52393341064453,0.099731232224351,-0.06046336476215517,1.0174272009325107,1.0240899600897924,0.09771081263895923,0.5240467521511909,0.5003216993279186,-0.016267004618381584,0.8656867688386888,1.1378166222619837,0.0015144953169241582,0.8495233347145456,0.18351946587985746,-0.5223561866103266,1.0950977966597648,0.33470641700521486,0.5318744412027985,1.132624448050588,-0.1686102888664895,-0.20233228955605087,0.6819483171070154,0.17919987998086437,0.6796289726113504,0.18,-0.099731232224351,-0.07652389631535275,0.5174272009325107,0.099731232224351,0.09771081263895923,0.5240467521511909,-0.04356800233127678,False
1782600848.1338325,TRACKING,Tracking AprilTag,Walk,4,71.46373748779297,0.09998265097694409,-0.06062474202212578,1.015113297043413,1.0218252764910325,0.09817742202346375,0.5236559902296242,0.49996941438157044,-0.017901928806607105,0.8658580170143098,1.140023205072756,0.002418868910293581,0.8501332384301049,0.18345089707310103,-0.5224970960926973,1.0954586481732806,0.3352028748671794,0.5317335317204277,1.1331636864480072,-0.16831719131572886,-0.20263203487826556,0.6819300378598979,0.17876784040916863,0.6796717892784233,0.18,-0.09998265097694409,-0.07846696915998883,0.5151132970434129,0.09998265097694409,0.09817742202346375,0.5236559902296242,-0.037783242608532275,False
1782600848.183916,TRACKING,Tracking AprilTag,Walk,4,71.48512268066406,0.10010318583585835,-0.06085029663397663,1.015024621366067,1.0217623933157156,0.09830355226186271,0.5227249398902296,0.49914820653531317,-0.01949087121219829,0.8662973934232804,1.1400262585849519,0.0035158980482902225,0.8506659167960817,0.18336389609665152,-0.5226102527100747,1.0957973854783398,0.3356230801142245,0.5316203751030504,1.1336501760686872,-0.1680834323363215,-0.2028186901286142,0.6818809527887083,0.1784657989575889,0.6797447342649342,0.18,-0.10010318583585835,-0.07865601666011293,0.515024621366067,0.10010318583585835,0.09830355226186271,0.5227249398902296,-0.037561553415167426,False
1782600848.2338243,TRACKING,Tracking AprilTag,Walk,4,71.55422973632812,0.10029844085870215,-0.061197665680272344,1.0142392103282039,1.0210220895213675,0.09856983991227584,0.522757062759601,0.49923195583166297,-0.01248643346683835,0.8663784065036308,1.1411542422992622,0.003730937176372795,0.8511000971085183,0.18324728972959373,-0.5226785526362385,1.0961132173978045,0.33594301727554404,0.5315520751768866,1.1340728778307523,-0.16793035454925537,-0.20300090827522346,0.6818169411733378,0.17828191613707992,0.6798028010731927,0.18,-0.10029844085870215,-0.07940829621206323,0.5142392103282039,0.10029844085870215,0.09856983991227584,0.522757062759601,-0.03559802582050964,False
1782600848.2837918,TRACKING,Tracking AprilTag,Walk,4,71.83082580566406,0.10037028524386579,-0.06138877249294798,1.0138313977142528,1.0206355267867964,0.09867940995646746,0.5220759915541847,0.4986544271711163,-0.010255270450420274,0.8667402100344915,1.1416771176782723,0.004515983007106705,0.8514432133533318,0.18312295783680244,-0.5227042587462644,1.096390790563058,0.3361799567508348,0.5315263690668607,1.1344253545986636,-0.16783576435365966,-0.20306165991214584,0.6817549567834893,0.17822063328628368,0.679862888416409,0.18,-0.10037028524386579,-0.0797851681155097,0.5138313977142528,0.10037028524386579,0.09867940995646746,0.5220759915541847,-0.03457849428563198,False
1782600848.3338897,TRACKING,Tracking AprilTag,Walk,4,71.7281723022461,0.10027186963474806,-0.061442909818525196,1.012516603137365,1.0193230845202337,0.09871046332741527,0.5268611859083496,0.5027947641760413,-0.010534286695979972,0.8643416303296781,1.1429710129761148,-0.00032367397894916827,0.8517103867052764,0.18299977073644402,-0.5227703650535905,1.0966298603514106,0.3363514277337477,0.5314602627595345,1.1347149216787358,-0.16778373005898278,-0.20306389108774892,0.6817014125515682,0.17816155638266878,0.679931393663217,0.18,-0.10027186963474806,-0.08059627652905343,0.5125166031373649,0.10027186963474806,0.09871046332741527,0.5268611859083496,-0.03129150784341228,False
1782600848.383797,TRACKING,Tracking AprilTag,Walk,4,71.51271057128906,0.1003126213478319,-0.061426534516997755,1.0124927809796405,1.0193024441647962,0.09875262856541023,0.5268617102473632,0.502791409957204,-0.011230071151149039,0.8643348214524201,1.142950531344194,-0.00027834266788479,0.8519084561661442,0.1829142644320026,-0.5228342385156404,1.0968020357205615,0.33648142189394536,0.5313963892974847,1.1349262602712282,-0.16774038448538003,-0.20312242954027931,0.6816319991303604,0.1781593665348784,0.6799840707657007,0.18,-0.1003126213478319,-0.08064990576802034,0.5124927809796405,0.1003126213478319,0.09875262856541023,0.5268617102473632,-0.031231952449101152,False
1782600848.433828,TRACKING,Tracking AprilTag,Walk,4,71.62339782714844,0.10022063716083694,-0.06135655226315439,1.0122801826765735,1.0190780003798838,0.09868324843447303,0.5259492655345145,0.5019953023886289,-0.012448199632308851,0.8647807575944687,1.1430924191454785,0.0005640154555649479,0.8520816554235803,0.18285669560677323,-0.5228960130827172,1.0969376355635578,0.3366035891358477,0.5313346147304079,1.135101211089273,-0.1676883809885732,-0.20300541248487206,0.6815879258023351,0.17816380007316343,0.6800620282340483,0.18,-0.10022063716083694,-0.08074148226680886,0.5122801826765735,0.10022063716083694,0.09868324843447303,0.5259492655345145,-0.03070045669143373,False
1782600848.4838057,TRACKING,Tracking AprilTag,Walk,4,71.55844116210938,0.10021549208610842,-0.0613895643481053,1.0121943455612363,1.0189942181637002,0.09868652909397936,0.5260028079997812,0.5020525416807837,-0.010554231062866038,0.864772717885189,1.1432860810265177,0.0005042090562152879,0.8522272674791209,0.1828287441110141,-0.522914853945909,1.0970338572991598,0.33671639664637654,0.5313157738672161,1.1352365847876031,-0.16762789860572952,-0.20294470168236217,0.6815279816497011,0.17822512147744288,0.6801241536380637,0.18,-0.10021549208610842,-0.08080005117591896,0.5121943455612363,0.10021549208610842,0.09868652909397936,0.5260028079997812,-0.030485863903090826,False
1782600848.5338435,TRACKING,Tracking AprilTag,Walk,4,71.64533233642578,0.10027652437040861,-0.06158146252640059,1.0124440119807703,1.019259797726967,0.09872204773695847,0.5245137418248093,0.5007662560457378,-0.010173864547808682,0.8655227606978904,1.1430558815534695,0.002058258075470998,0.8523550130414462,0.18282699309921088,-0.5229428097563216,1.0970984729720743,0.3368266092116762,0.5312878180568035,1.135342306808628,-0.16755617100290798,-0.2028170422940394,0.6814481724986308,0.17828124602494408,0.6802274861170837,0.18,-0.10027652437040861,-0.08069102385407942,0.5124440119807703,0.10027652437040861,0.09872204773695847,0.5245137418248093,-0.03111002995192569,False
1782600848.5838354,TRACKING,Tracking AprilTag,Walk,4,71.52753448486328,0.10023429682987653,-0.061607991160836845,1.0116834743369343,1.018501797289678,0.09875444672439662,0.5262258290166374,0.5022479067211408,-0.010068650009671117,0.8646650579740197,1.143816601835131,0.000338997945611097,0.8524662886139758,0.1828481160755381,-0.5229810824110998,1.0971350647672524,0.33693379817424385,0.5312495454020253,1.1354214270983707,-0.16747512525704977,-0.20275632520349962,0.6813882042660656,0.17834255937526367,0.680289584803795,0.18,-0.10023429682987653,-0.08119381959102215,0.5116834743369343,0.10023429682987653,0.09875444672439662,0.5262258290166374,-0.029208685842335713,False
1782600848.6338425,TRACKING,Tracking AprilTag,Walk,4,71.58709716796875,0.10033851253824964,-0.061869958438186975,1.0120971603722146,1.0189388455098922,0.0988163123526761,0.5254614558214696,0.5015902031191386,-0.00937775419513288,0.8650545219008782,1.1434351407185466,0.0011786154858313136,0.8525679076255405,0.182893880462116,-0.5230268530503576,1.0971454610060518,0.337044760874324,0.5312037747627675,1.1354785187060958,-0.16737941031089398,-0.20263488139560346,0.6812682367884716,0.17846517867492304,0.6804137523488516,0.18,-0.10033851253824964,-0.08098894174179637,0.5120971603722146,0.10033851253824964,0.0988163123526761,0.5254614558214696,-0.03024290093053661,False
1782600848.6838138,TRACKING,Tracking AprilTag,Walk,4,71.50220489501953,0.10049383929070183,-0.06201636198113254,1.0117950601615384,1.0186629887534207,0.09899764368301175,0.5214960821962212,0.4981723752405258,-0.004713844400415078,0.867065201826357,1.143972059727905,0.005269343674295046,0.8526486487259763,0.1829579515849411,-0.5230526023558333,1.0971296276277203,0.3371466114423651,0.5311780254572918,1.1355080109739426,-0.16728064574125012,-0.20257636165308046,0.6812156590569542,0.17846739423730257,0.680483234730399,0.18,-0.10049383929070183,-0.08140903223532181,0.5117950601615384,0.10049383929070183,0.09899764368301175,0.5214960821962212,-0.029487650403846044,False
1782600848.7338235,TRACKING,Tracking AprilTag,Walk,4,71.62619018554688,0.10050544863222853,-0.062156334103068665,1.012288127565062,1.0191624052539796,0.09896109439610838,0.5253346152023868,0.501478723827215,-0.009742986832147894,0.8651151158985816,1.143182070064199,0.0014094175843221701,0.8527147781289468,0.1830285343266943,-0.5230898345653822,1.0971009155917628,0.3372389729081492,0.5311407932477429,1.1355217959689,-0.16718491175938038,-0.20250941858285448,0.6811957868605302,0.17846218804589106,0.6805244174800565,0.18,-0.10050544863222853,-0.08099576149906049,0.5122881275650619,0.10050544863222853,0.09896109439610838,0.5253346152023868,-0.03072031891265481,False
1782600848.7837849,TRACKING,Tracking AprilTag,Walk,4,71.45307922363281,0.1006531497310481,-0.062250984135590125,1.0119902824179612,1.0188869286064157,0.09913455389590416,0.5206431924121213,0.4974344526395963,-0.0038866093235863956,0.8674928585268648,1.143785538824426,0.006199114763039026,0.8527571179836724,0.18309330877498003,-0.5231479596100227,1.0970655044028064,0.3373077801762652,0.5310826682031025,1.1355194060793512,-0.16710756396770637,-0.20244868892193696,0.6811357758121244,0.17852348962817774,0.6805864727671146,0.18,-0.1006531497310481,-0.08141777486130095,0.5119902824179612,0.1006531497310481,0.09913455389590416,0.5206431924121213,-0.02997570604490296,False
1782600848.8338912,TRACKING,Tracking AprilTag,Walk,4,71.53417205810547,0.1007165555599772,-0.062408468077893665,1.0122548193724217,1.0191655708443008,0.09917084054194059,0.5198729337895306,0.4967648899179858,-0.004474699434269624,0.8678736205287867,1.1434743762144206,0.007007068098118574,0.8527746869613746,0.18315459633585462,-0.5232274966144009,1.0970208908755048,0.337353326496393,0.5310031311987241,1.1354987073372333,-0.1670472614290351,-0.20232941518375386,0.6811451805281126,0.1785869890882847,0.6805958698986544,0.18,-0.1007165555599772,-0.08129007036249448,0.5122548193724217,0.1007165555599772,0.09917084054194059,0.5198729337895306,-0.030637048431054192,False
1782600848.8837988,TRACKING,Tracking AprilTag,Walk,4,71.34620666503906,0.10086033121456595,-0.0626374006858554,1.0132378728741258,1.0201702002136093,0.09921575967937048,0.5197120387625371,0.4966246441362943,-0.004738193862166422,0.8679524827750789,1.1424829095824012,0.0072603276239116,0.8527743446105265,0.1832137457350112,-0.5232830029703616,1.096969290174687,0.3373822425178998,0.5309476248427635,1.1354645503959269,-0.16699896989783908,-0.20232720945837662,0.6811377549186978,0.17864607604364052,0.6805884502776343,0.18,-0.10086033121456595,-0.0806943313360694,0.5132378728741258,0.10086033121456595,0.09921575967937048,0.5197120387625371,-0.03309468218531453,False
1782600848.9342222,TRACKING,Tracking AprilTag,Walk,4,71.68647003173828,0.10085674833290074,-0.06265629547652303,1.013423376474082,1.0203552494260304,0.09919421674733196,0.5189450671294555,0.49596094941448854,-0.0037142760222051473,0.8683368820967529,1.1423787711587177,0.008030821020607481,0.8527677080676922,0.1832803081497517,-0.5233336106912327,1.0969081350232264,0.33740934687560686,0.5308970171218923,1.1354209881887272,-0.16694820639854296,-0.20232720945837662,0.6811377549186978,0.17864607604364052,0.6805884502776343,0.18,-0.10085674833290074,-0.08056730131579065,0.5134233764740821,0.10085674833290074,0.09919421674733196,0.5189450671294555,-0.033558441185205234,False
1782600848.98396,TRACKING,Tracking AprilTag,Walk,4,71.56527709960938,0.10083829784164945,-0.06274101715462123,1.0135303166875789,1.0204648452494685,0.09916579329808016,0.5178824611888551,0.4950371769879463,-0.004122893915414166,0.8688620115677558,1.1422472263094148,0.009069190042347075,0.852754778110613,0.1833434113655153,-0.5233528397663721,1.0968468794186292,0.33742927049313004,0.5308777880467529,1.135374248134962,-0.16690388296226127,-0.20227706711470667,0.6812354695435248,0.17865569566830006,0.6805030239172796,0.18,-0.10083829784164945,-0.08049032183473717,0.5135303166875789,0.10083829784164945,0.09916579329808016,0.5178824611888551,-0.033825791718947174,False
1782600849.0340245,TRACKING,Tracking AprilTag,Walk,4,71.40252685546875,0.10083980164057235,-0.06276913338582803,1.01351239564449,1.0204489236732779,0.09916900449180992,0.5179770113118601,0.49511894208527524,-0.004306757035258374,0.8688145285572734,1.142251738376564,0.008976473203076762,0.8527223752131246,0.18340484508693206,-0.5233472283442953,1.0967774578494356,0.33743143743186005,0.5308833994688298,1.1353125013365473,-0.16687208071739912,-0.20232719287708198,0.681259766785517,0.17864606140308265,0.6804663268134501,0.18,-0.10083980164057235,-0.0805032161531335,0.51351239564449,0.10083980164057235,0.09916900449180992,0.5179770113118601,-0.03378098911122507,False
1782600849.083988,TRACKING,Tracking AprilTag,Walk,4,71.578125,0.10086106082062071,-0.06286008187415902,1.0136411796584683,1.0205845308363724,0.0991772549170797,0.5157146758521884,0.49315086437370836,-0.004864963353920618,0.869930202429499,1.1421099294526345,0.011298457392310113,0.8526829291208484,0.1834488035945388,-0.5233566725201652,1.0967197527249986,0.3374188492151251,0.5308739552929599,1.1352549893731123,-0.16685863755375646,-0.20226864589928228,0.6813291774814991,0.1786482578597463,0.680413658565238,0.18,-0.10086106082062071,-0.08046583374311114,0.5136411796584683,0.10086106082062071,0.0991772549170797,0.5157146758521884,-0.03410294914617085,False
1782600849.1339886,TRACKING,Tracking AprilTag,Walk,4,71.61894989013672,0.10089521852762272,-0.06291526469923109,1.013487690137263,1.0204388632905332,0.09922554917554763,0.5171396034551295,0.49439190998680554,-0.003967696197435141,0.8692300597232491,1.1422921020145145,0.009865911689756979,0.8526475866976017,0.18349815133810787,-0.5233485387895852,1.096659388338695,0.33741249094944037,0.5308820890235398,1.1351977548377654,-0.1668384263034256,-0.20226863384335453,0.6813901714626464,0.17864824721167732,0.6803525834193943,0.18,-0.10089521852762272,-0.08058422084660562,0.5134876901372629,0.10089521852762272,0.09922554917554763,0.5171396034551295,-0.0337192253431573,False
1782600849.1839857,TRACKING,Tracking AprilTag,Walk,4,71.5501480102539,0.10092019930525108,-0.06294921904349216,1.013565756598947,1.0205209619385547,0.09924236126550486,0.517995950100952,0.49513704500553607,-0.00344798778042328,0.8688080444168618,1.142231534416147,0.008994082349208565,0.8526040233309273,0.18354747808305458,-0.5233511576151655,1.0965949819129688,0.337398974033807,0.5308794701979596,1.1351337932266021,-0.1668229406009723,-0.20226862028043838,0.6814511603594129,0.17864823523260204,0.6802915032123615,0.18,-0.10092019930525108,-0.08053436641606705,0.5135657565989471,0.10092019930525108,0.09924236126550486,0.517995950100952,-0.033914391497367746,False
1782600849.2339945,TRACKING,Tracking AprilTag,Walk,4,71.67443084716797,0.10093920758284383,-0.0629772716681864,1.0135676230738315,1.020526426369135,0.09926074940649801,0.518294917470996,0.49539744038182565,-0.003028969380360802,0.8686611545404965,1.1422503745165542,0.008699870837811985,0.8525579145172395,0.1835956139813822,-0.5233845122714047,1.096530353764494,0.33738265564442,0.5308461155417203,1.1350684270170759,-0.16680988893212767,-0.20221227118293103,0.6815279867276208,0.1785913388111247,0.6802462307074453,0.18,-0.10093920758284383,-0.08054463686418685,0.5135676230738315,0.10093920758284383,0.09926074940649801,0.518294917470996,-0.03391905768457881,False
1782600849.2839613,TRACKING,Tracking AprilTag,Walk,4,71.82897186279297,0.10093034817841545,-0.06299354972152765,1.013639477114678,1.0205979188961989,0.09924510483386857,0.5181463155905521,0.49526771342979864,-0.0034272689070125356,0.8687336449464,1.1421581108072232,0.00884608739957271,0.8525194640281418,0.18364397507943808,-0.5233988997715299,1.096469312222717,0.3373731075506573,0.5308317280415952,1.1350092097267366,-0.16679226654744478,-0.20221005005473142,0.6815815360583114,0.1786504124691213,0.6801777234560601,0.18,-0.10093034817841545,-0.08048653833354168,0.513639477114678,0.10093034817841545,0.09924510483386857,0.5181463155905521,-0.03409869278669486,False
1782600849.3338764,TRACKING,Tracking AprilTag,Walk,4,71.73155975341797,0.10094400814926345,-0.06304701673253096,1.0134850395478152,1.0204491876067847,0.09927347477606584,0.5183472584594567,0.4954438198070909,-0.0023424333468168627,0.8686368253884788,1.14238716570383,0.008674088077727515,0.8524799312660062,0.18370891535087172,-0.5234015889774258,1.0963933202186482,0.3373708067999999,0.5308290388356992,1.1349396099492708,-0.16676167326202657,-0.20220784481840662,0.6815741029541644,0.17870949883135967,0.6801703056614318,0.18,-0.10094400814926345,-0.08060871069867505,0.5134850395478152,0.10094400814926345,0.09927347477606584,0.5183472584594567,-0.033712598869538035,False
1782600849.383959,TRACKING,Tracking AprilTag,Walk,4,71.64942932128906,0.10097728102073719,-0.063017487362363,1.0136180472828633,1.02058275547519,0.09929303681861779,0.5191955310965066,0.4961804352204742,-0.0023826096323921377,0.8682161590731656,1.142239027202391,0.007825026384761846,0.8524241501251536,0.1837824359751207,-0.5234287272294549,1.096301842398708,0.337358615560368,0.53080190058367,1.1348517764184474,-0.16673335209100848,-0.2021576970287011,0.6816108099998506,0.17871912346015606,0.6801458991518166,0.18,-0.10097728102073719,-0.08052569652235156,0.5136180472828633,0.10097728102073719,0.09929303681861779,0.5191955310965066,-0.034045118207158276,False
1782600849.4338827,TRACKING,Tracking AprilTag,Walk,4,71.60338592529297,0.1010296583715543,-0.06304400277586827,1.0139517660931496,1.0209210165924167,0.09931172017998638,0.5177285395401106,0.49490138419225294,-0.005028278640061874,0.8689345984241335,1.141755734733403,0.009391552867707542,0.8523642671959728,0.18386072488322067,-0.5234756612904311,1.0962041925978547,0.3373452127721478,0.5307549665226939,1.1347578495425297,-0.16670347132262592,-0.20214930465602718,0.6815825136152945,0.17871170411619794,0.6801786989996277,0.18,-0.1010296583715543,-0.08035151380772326,0.5139517660931496,0.1010296583715543,0.09931172017998638,0.5177285395401106,-0.03487941523287408,False
1782600849.4838717,TRACKING,Tracking AprilTag,Walk,4,71.7041015625,0.10101391369364794,-0.06305549704165714,1.0139248479621754,1.0208934340968203,0.09929896363868662,0.5178421937435917,0.4950016542438113,-0.004377419318146192,0.8688810047964011,1.141821380276705,0.009250407776382419,0.8523234382433459,0.18394130149379478,-0.5235024287279113,1.0961139642920283,0.33734950769611566,0.5307281990852137,1.1346782319036302,-0.1666608025387174,-0.20214930465602718,0.6815825136152945,0.17871170411619794,0.6801786989996277,0.18,-0.10101391369364794,-0.08035547500446934,0.5139248479621754,0.10101391369364794,0.09929896363868662,0.5178421937435917,-0.03481211990543853,False
1782600849.5338387,TRACKING,Tracking AprilTag,Walk,4,71.50409698486328,0.10107171385781825,-0.06304685379030049,1.0141481785853264,1.0211204264154876,0.09933367353509338,0.518237204606195,0.49534513817528797,-0.00423436637063896,0.8686859410785603,1.141592084869944,0.008868714585957393,0.8522831854451379,0.18401258207798546,-0.5235136554919623,1.0960321036325191,0.33734971231990635,0.5307169723211628,1.1346044106266455,-0.1666254241765373,-0.2021493212235979,0.6815215340527458,0.1787117187628909,0.6802397901681759,0.18,-0.10107171385781825,-0.0802351655311731,0.5141481785853264,0.10107171385781825,0.09933367353509338,0.518237204606195,-0.035370446463315885,False
1782600849.5838418,TRACKING,Tracking AprilTag,Walk,4,71.67111206054688,0.10108872923801986,-0.06304679463404395,1.0143400729085275,1.0213126910993822,0.09933161467081611,0.517327718611764,0.49455613237350693,-0.0035844093469526834,0.8691382996631731,1.1414571321460347,0.009804874436968647,0.8522431175522803,0.18406933935285733,-0.5235115228081595,1.0959629626122842,0.3373429047058019,0.5307191050049656,1.1345390587780262,-0.16660184536887135,-0.2021493212235979,0.6815215340527458,0.1787117187628909,0.6802397901681759,0.18,-0.10108872923801986,-0.08012530670061592,0.5143400729085275,0.10108872923801986,0.09933161467081611,0.517327718611764,-0.03585018227131864,False
1782600849.6338618,TRACKING,Tracking AprilTag,Walk,4,71.65416717529297,0.10106910771716748,-0.06301317609124518,1.0142075045738923,1.021177010723338,0.09932535679880454,0.5179207537095526,0.49507257518164705,-0.0028988065702924746,0.8688467886937722,1.1416194739830121,0.009164499109609314,0.8522013302973775,0.18411187736831547,-0.5235522793672656,1.09590533634201,0.33732757922356854,0.5306783484458595,1.1344804412015344,-0.16659090749167071,-0.2021493212235979,0.6815215340527458,0.1787117187628909,0.6802397901681759,0.18,-0.10106910771716748,-0.08019486927237132,0.5142075045738923,0.10106910771716748,0.09932535679880454,0.5179207537095526,-0.03551876143473076,False
1782600849.6838465,TRACKING,Tracking AprilTag,Walk,4,71.6085433959961,0.10104427658769942,-0.06298000936338742,1.0141754443222533,1.021140665763921,0.09930423272834814,0.5175251206787552,0.49472791193699434,-0.0034584144180595995,0.8690410419077884,1.1416242202613107,0.009558033631192564,0.8521636948180131,0.18415003646941785,-0.5235685391430027,1.0958535681764185,0.33731370106319875,0.5306620886701223,1.1344277349456715,-0.16658118139806355,-0.2021493212235979,0.6815215340527458,0.1787117187628909,0.6802397901681759,0.18,-0.10104427658769942,-0.08020362378857696,0.5141754443222533,0.10104427658769942,0.09930423272834814,0.5175251206787552,-0.03543861080563315,False
1782600849.733813,TRACKING,Tracking AprilTag,Walk,4,71.66181945800781,0.10114499691859524,-0.06300811006947751,1.0147589537799355,1.021731895661841,0.09934578487586827,0.5139794175941801,0.49163064155193564,-0.008003241577073154,0.8707670528973241,1.1408273301922771,0.013341226295679132,0.8521215656211959,0.18419985229551256,-0.5235931984995493,1.0957894448166017,0.33730167274329265,0.5306374293135757,1.1343646688837619,-0.16656447338833197,-0.20220786139036614,0.6815131241427191,0.17870951347751043,0.6802313960747451,0.18,-0.10114499691859524,-0.07992895830314309,0.5147589537799355,0.10114499691859524,0.09934578487586827,0.5139794175941801,-0.03689738444983881,False
1782600849.7839098,TRACKING,Tracking AprilTag,Walk,4,71.66883850097656,0.10102492576500505,-0.06301460403179757,1.014424024981143,1.0213877708324353,0.09926116990984414,0.5178271927011145,0.49499181098832995,-0.002503816801721623,0.8688940314882574,1.1414304901907226,0.009184107840020883,0.8520799404432803,0.18425520800879328,-0.5236169643254006,1.0957207533446924,0.3372928188110436,0.5306136634877244,1.1342988431621932,-0.16654293540306736,-0.20226860521053472,0.6815121441704377,0.17864822192252117,0.6802304179455068,0.18,-0.10102492576500505,-0.07999861246456474,0.5144240249811429,0.10102492576500505,0.09926116990984414,0.5178271927011145,-0.03606006245285731,False
1782600849.8339298,TRACKING,Tracking AprilTag,Walk,4,71.69905853271484,0.10097564999636838,-0.06295279076541219,1.0145840951807483,1.0215380668144876,0.09919752130501104,0.5165573300706288,0.49388485898501866,-0.004374334943817792,0.8695163087942327,1.1411757387339565,0.010451704401226891,0.8520428283108226,0.18430048928141304,-0.5236435804635783,1.0956630507843956,0.3372829133296924,0.5305870473495468,1.1342424868780352,-0.16652707118983356,-0.20226860521053472,0.6815121441704377,0.17864822192252117,0.6802304179455068,0.18,-0.10097564999636838,-0.07986086758943084,0.5145840951807483,0.10097564999636838,0.09919752130501104,0.5165573300706288,-0.03646023795187081,False
1782600849.8839276,TRACKING,Tracking AprilTag,Walk,4,71.6438980102539,0.10098275165313848,-0.06295509892296318,1.0147508512502355,1.0217045320076235,0.09918825647840121,0.5162792607463724,0.49364176662671655,-0.004934656636479141,0.8696513412888721,1.1409724090369693,0.010724567720113432,0.852007457640052,0.1843292879613091,-0.5236539554520627,1.095620540278737,0.337266381384158,0.5305766723610623,1.1341969981355149,-0.1665237211721574,-0.2022685886336446,0.6815731228943601,0.17864820728143566,0.6801693276201978,0.18,-0.10098275165313848,-0.079749982606997,0.5147508512502355,0.10098275165313848,0.09918825647840121,0.5162792607463724,-0.03687712812558863,False
1782600849.9338238,TRACKING,Tracking AprilTag,Walk,4,71.46556091308594,0.10094472813617919,-0.06297119794913426,1.0144809321244963,1.0214336843641993,0.09917736113930468,0.516707709102724,0.4940155540735905,-0.00440033205990627,0.8694419298671567,1.1412766408343369,0.010274153299014155,0.851970267295428,0.1843552991619403,-0.5236853677547896,1.0955795548122225,0.3372468904676548,0.5305452600583355,1.134151614176113,-0.16652369835662173,-0.2022685886336446,0.6815731228943601,0.17864820728143566,0.6801693276201978,0.18,-0.10094472813617919,-0.07990661344572356,0.5144809321244963,0.10094472813617919,0.09917736113930468,0.516707709102724,-0.03620233031124076,False
1782600849.98391,TRACKING,Tracking AprilTag,Walk,4,71.60238647460938,0.10092507641948256,-0.06294631934214567,1.0147298273508423,1.0216774112627096,0.0991340171258995,0.5150115843796168,0.4925396246431947,-0.004641743293153701,0.8702776409718576,1.1410415779713032,0.011980455305031001,0.851934437288003,0.18438137005223829,-0.523722559695247,1.0955391893105924,0.337228611872765,0.5305080681178781,1.1341073111647357,-0.16652284751239094,-0.20226857054976918,0.6816340965298195,0.17864819130934653,0.6801082322378026,0.18,-0.10092507641948256,-0.0797380757613152,0.5147298273508423,0.10092507641948256,0.0991340171258995,0.5150115843796168,-0.03682456837710568,False
1782600850.0338671,TRACKING,Tracking AprilTag,Walk,4,71.3532485961914,0.10096519834189224,-0.06291190793632132,1.0149340829953293,1.021882122488683,0.099153341134186,0.5179699052130559,0.4951099479163937,-0.005471779008374044,0.8688130979150288,1.1407509380720635,0.008991427254423923,0.8519094573587436,0.18441404872223954,-0.5237661251133496,1.0954984370286363,0.3372230312048627,0.5304645026997754,1.1340681180474483,-0.16651036584999496,-0.20227077568809826,0.6816415277262166,0.17858910370047543,0.6801156467991789,0.18,-0.10096519834189224,-0.07956875007884914,0.5149340829953293,0.10096519834189224,0.099153341134186,0.5179699052130559,-0.0373352074883232,False
1782600850.0838625,TRACKING,Tracking AprilTag,Walk,4,71.59603118896484,0.10087746656652632,-0.06289202830793833,1.0146491222793268,1.0215892089425063,0.09909538767083302,0.5174399401155243,0.49465177760785706,-0.004525496643915133,0.8690794778324437,1.1411070466490196,0.009461011984583045,0.8518909884263562,0.18444277456477573,-0.5237784702349471,1.0954643375720912,0.3372211596931031,0.530452157578178,1.1340365261875198,-0.16649739550384762,-0.20227075609659792,0.6817024969350942,0.17858908640272947,0.6800545456935105,0.18,-0.10087746656652632,-0.07971079771004991,0.5146491222793268,0.10087746656652632,0.09909538767083302,0.5174399401155243,-0.036622805698316996,False
1782600850.1338692,TRACKING,Tracking AprilTag,Walk,4,71.70189666748047,0.10091183763708446,-0.06285498742084732,1.0150071929203504,1.0219459624163194,0.0990941890020315,0.5168653977310046,0.49415251713700253,-0.004460577550554581,0.8693637863720112,1.140758675493029,0.010051873843070713,0.8518699112216579,0.18447057084332455,-0.5237863907859348,1.0954297581729764,0.3372165611263779,0.5304442370271902,1.1340033285853934,-0.1664866809869604,-0.20227075609659792,0.6817024969350942,0.17858908640272947,0.6800545456935105,0.18,-0.10091183763708446,-0.07948889667982484,0.5150071929203504,0.10091183763708446,0.0990941890020315,0.5168653977310046,-0.037517982300875885,False
1782600850.1839297,TRACKING,Tracking AprilTag,Walk,4,71.57284545898438,0.1009559218700417,-0.0628486834507109,1.015091283531525,1.0220334481188942,0.09912903728293182,0.5179773927103934,0.4951177567691786,-0.004967349346674166,0.8688116783125815,1.1406313648569129,0.008964677837333013,0.8518520045699586,0.18449860701300996,-0.5238028636484181,1.0953965361097766,0.3372148379019439,0.5304277641647069,1.1339725926463748,-0.16647395396694986,-0.20227073499806542,0.6817634610526224,0.1785890677743933,0.6799934395333274,0.18,-0.1009559218700417,-0.07944495393424794,0.5150912835315249,0.1009559218700417,0.09912903728293182,0.5179773927103934,-0.037728208828812226,False
1782600850.2338562,TRACKING,Tracking AprilTag,Walk,4,71.73844909667969,0.10093031707267415,-0.06281904783435076,1.0152806755777748,1.0222172038646522,0.09908569389456146,0.515712522253115,0.4931418749948381,-0.007247481723371996,0.8699187117973983,1.1403445105193486,0.011291429629134153,0.8518373339712549,0.18453768335874163,-0.523819168597459,1.095355312663658,0.33722138120020767,0.530411459215666,1.1339381864780427,-0.16645032341801913,-0.20227073499806542,0.6817634610526224,0.1785890677743933,0.6799934395333274,0.18,-0.10093031707267415,-0.07932657982517305,0.5152806755777748,0.10093031707267415,0.09908569389456146,0.515712522253115,-0.038201688944436984,False
1782600850.2839003,TRACKING,Tracking AprilTag,Walk,4,71.59686279296875,0.10096504376371901,-0.0628196463288811,1.0150763768305966,1.0220177585671526,0.09913938188849382,0.5183944443873683,0.4954820550308033,-0.0040735536698061825,0.8686086226275624,1.140695633239002,0.008535138578631085,0.8518245979060066,0.18457438009823157,-0.5238093085537361,1.095317113793937,0.33722843133490454,0.530421319259389,1.1339067289980986,-0.16642753559226148,-0.20227073499806542,0.6817634610526224,0.1785890677743933,0.6799934395333274,0.18,-0.10096504376371901,-0.0794560562115548,0.5150763768305966,0.10096504376371901,0.09913938188849382,0.5183944443873683,-0.037690942076491485,False
1782600850.33387,TRACKING,Tracking AprilTag,Walk,4,71.60347747802734,0.1009040124674638,-0.06279729806926646,1.0151169845068646,1.022050689844268,0.0990759081152457,0.5147300112502257,0.4922964354914536,-0.0037309152076182585,0.8704196113795475,1.140726447816799,0.012218806541402671,0.8518111077299771,0.18460222222316716,-0.5238063913114328,1.0952862417400948,0.3372304524884863,0.5304242365016922,1.1338797245904901,-0.16641243821699453,-0.20227913009798426,0.6817917571498141,0.17859647998391728,0.6799606244090358,0.18,-0.1009040124674638,-0.07944186029711126,0.5151169845068646,0.1009040124674638,0.0990759081152457,0.5147300112502257,-0.037792461267161515,False
1782600850.383905,TRACKING,Tracking AprilTag,Walk,4,71.47074127197266,0.10094308927747317,-0.06280248857721564,1.015182984841538,1.0221204197921816,0.09910762461136136,0.5155991466988727,0.49305029449308724,-0.004891691657603959,0.8699870564859037,1.1405702682607004,0.011369972147419971,0.8518070944265447,0.18462242724488548,-0.5238163081598258,1.0952666909016489,0.33723694203570814,0.5304143196532992,1.1338648627853973,-0.16639817370661136,-0.20227071239250222,0.6818244200774419,0.17858904781546817,0.6799323283199984,0.18,-0.10094308927747317,-0.07941144461442665,0.5151829848415379,0.10094308927747317,0.09910762461136136,0.5155991466988727,-0.037957462103844763,False
1782600850.4338953,TRACKING,Tracking AprilTag,Walk,4,71.4827651977539,0.1009352200544974,-0.06279221809246192,1.0152779405555117,1.0222133230784376,0.09909074101544751,0.5143873692574187,0.491998463825923,-0.0035640016980590383,0.8705887717429097,1.1405773727931547,0.012581894123194604,0.8517972743212282,0.18464256073306756,-0.5238395519759295,1.0952443343018547,0.33723834711949474,0.5303910758371956,1.1338452818348548,-0.16638729353240994,-0.20227071239250222,0.6818244200774419,0.17858904781546817,0.6799323283199984,0.18,-0.1009352200544974,-0.07935819235137667,0.5152779405555117,0.1009352200544974,0.09909074101544751,0.5143873692574187,-0.038194851388779205,False
1782600850.4839835,TRACKING,Tracking AprilTag,Walk,4,71.60662078857422,0.10090797631218114,-0.06278889480953417,1.0151406139948038,1.0220740340976135,0.09907748350255978,0.5147197662929592,0.4922865988634977,-0.004201670720252565,0.8704230296485544,1.1406646981328439,0.012219164706507302,0.8517844095447629,0.1846700152329331,-0.5238446671178331,1.095214108178837,0.3372407206240096,0.530385960695292,1.1338190120996192,-0.16637215573048814,-0.20227071239250222,0.6818244200774419,0.17858904781546817,0.6799323283199984,0.18,-0.10090797631218114,-0.07942826853113215,0.5151406139948038,0.10090797631218114,0.09907748350255978,0.5147197662929592,-0.03785153498700955,False
1782600850.5338762,TRACKING,Tracking AprilTag,Walk,4,71.80049896240234,0.1009699463900569,-0.06277215120838892,1.0155283251327882,1.022464205822554,0.09910032987935673,0.5151808615049548,0.49268179896876146,-0.00651130259391541,0.8701851802366181,1.1401474545919514,0.011848804572474003,0.8517720614851841,0.18471175722539704,-0.5238803051453428,1.0951717139930373,0.33725059997219603,0.5303503226677823,1.1337849831474431,-0.1663450098482221,-0.20227071239250222,0.6818244200774419,0.17858904781546817,0.6799323283199984,0.18,-0.1009699463900569,-0.07919042699187244,0.5155283251327882,0.1009699463900569,0.09910032987935673,0.5151808615049548,-0.038820812831970586,False
1782600850.5838292,TRACKING,Tracking AprilTag,Walk,4,71.55406188964844,0.10095147339130392,-0.06275251596297861,1.0153582696978949,1.0222922742951068,0.09909880357796413,0.5161184762568218,0.49349851968410036,-0.006179541361914626,0.8697246830682444,1.140315019547154,0.010857481020335846,0.8517611394466709,0.18475990938663256,-0.5239334377783904,1.0951244503414448,0.33726488523716064,0.5302971900347346,1.1337484519136354,-0.16631179252573158,-0.20227071239250222,0.6818244200774419,0.17858904781546817,0.6799323283199984,0.18,-0.10095147339130392,-0.07928056477714418,0.5153582696978949,0.10095147339130392,0.09909880357796413,0.5161184762568218,-0.03839567424473722,False
1782600850.6338193,TRACKING,Tracking AprilTag,Walk,4,71.64551544189453,0.10092485764008705,-0.06271076928110274,1.0156781035839129,1.0226047513938672,0.09904185285313347,0.5159220056358655,0.4933219194463951,-0.007833031405837226,0.869811547067938,1.1399182377395376,0.011055435462121677,0.8517603182443965,0.18479763827708257,-0.5239694115363221,1.0950912387087353,0.33728280536552285,0.5302612162768029,1.133726170481262,-0.16628133466436307,-0.20227071239250222,0.6818244200774419,0.17858904781546817,0.6799323283199984,0.18,-0.10092485764008705,-0.07902681926084616,0.5156781035839129,0.10092485764008705,0.09904185285313347,0.5159220056358655,-0.03919525895978215,False
1782600850.6838355,TRACKING,Tracking AprilTag,Walk,4,71.52741241455078,0.10091893428815434,-0.06271235230687991,1.0154638206773081,1.022391432639317,0.09905684009261694,0.5177773505408997,0.49494493057827227,-0.00455013730190256,0.8689124305391212,1.1402925313946837,0.009095269185927402,0.8517636859408123,0.1848213637940145,-0.5239655955321396,1.0950722721802078,0.3372974516049191,0.5302650322809854,1.1337153429630522,-0.16625995695676254,-0.2022791067359938,0.6818527161580528,0.1785964593571267,0.679899508126806,0.18,-0.10091893428815434,-0.07914263595893503,0.5154638206773081,0.10091893428815434,0.09905684009261694,0.5177773505408997,-0.03865955169327029,False
1782600850.7338212,TRACKING,Tracking AprilTag,Walk,4,71.45826721191406,0.10097081941527072,-0.06266580477928418,1.0156249288309267,1.0225537176720112,0.09909181647128182,0.5177133707024385,0.4948890176470268,-0.004689676587051875,0.8689435350734072,1.140119356705211,0.0091992520058099,0.8517706610942982,0.18485060371975506,-0.523917671592639,1.0950502924719294,0.3373179581513731,0.530312956220486,1.1337043144146166,-0.16623199274493966,-0.2022791067359938,0.6818527161580528,0.1785964593571267,0.679899508126806,0.18,-0.10097081941527072,-0.07907109160909767,0.5156249288309267,0.10097081941527072,0.09909181647128182,0.5177133707024385,-0.03906232207731675,False
1782600850.7838244,TRACKING,Tracking AprilTag,Walk,4,71.43275451660156,0.10098160731178273,-0.06266504874973822,1.0158573658392884,1.0227855987840346,0.0990798070815169,0.5152303994066023,0.4927216707255207,-0.0074516209499317825,0.8701550600569247,1.1397633934941807,0.011794004202088926,0.851783378425591,0.18488125826636315,-0.523885006741463,1.0950299187654102,0.3373441563159199,0.530345621071662,1.1336971828173819,-0.16619958021551307,-0.20227068827990985,0.6818853740081934,0.1785890265259554,0.6798712120548931,0.18,-0.10098160731178273,-0.07895908020472373,0.5158573658392884,0.10098160731178273,0.0990798070815169,0.5152303994066023,-0.03964341459822107,False
1782600850.8338425,TRACKING,Tracking AprilTag,Walk,4,71.62710571289062,0.10101076434765635,-0.06263938698035626,1.0161574153543431,1.0230849232077421,0.09907915469646392,0.5198326855321823,0.4967143348659735,-0.009106542024063344,0.8678663148383036,1.1393272507197385,0.007124943687229046,0.8517894370079331,0.1849075893108034,-0.523939355650781,1.0950100156974276,0.3373624291976358,0.5302912721623441,1.1336870688986371,-0.1661745254960184,-0.20227068827990985,0.6818853740081934,0.1785890265259554,0.6798712120548931,0.18,-0.10101076434765635,-0.07867229845818365,0.5161574153543431,0.10101076434765635,0.09907915469646392,0.5198326855321823,-0.0403935383858578,False
1782600850.8838475,TRACKING,Tracking AprilTag,Walk,4,71.85689544677734,0.10098979983998535,-0.06262351827444461,1.0161842817815379,1.0231085666988864,0.0990561234916456,0.5192528314581344,0.4962128255533287,-0.008696808896691952,0.8681573574366551,1.1393302821984017,0.007688902697356725,0.8517881782078848,0.18492557521109954,-0.5239882297998887,1.0949937548711142,0.3373702178248974,0.5302423980132364,1.133675736037112,-0.16616050253496645,-0.20227068827990985,0.6818853740081934,0.1785890265259554,0.6798712120548931,0.18,-0.10098979983998535,-0.07864584346725625,0.5161842817815379,0.10098979983998535,0.0990561234916456,0.5192528314581344,-0.04046070445384464,False
1782600850.9339786,TRACKING,Tracking AprilTag,Walk,4,71.77497863769531,0.1009140745611962,-0.06245950637118734,1.0147595619646315,1.0216759804259499,0.09912039562676477,0.5173834002819844,0.4945949308910773,-0.0071867221939532775,0.8690938990471383,1.1408142408912008,0.009535662550485324,0.8517835678157957,0.18492927593182956,-0.5239875906736071,1.094988259960413,0.33736803676884064,0.5302430371395179,1.1336698371844542,-0.16616010936012215,-0.20227068827990985,0.6818853740081934,0.1785890265259554,0.6798712120548931,0.18,-0.1009140745611962,-0.0796629156191712,0.5147595619646315,0.1009140745611962,0.09912039562676477,0.5173834002819844,-0.036898904911578656,False
1782600850.98404,TRACKING,Tracking AprilTag,Walk,4,72.02496337890625,0.10099279247452679,-0.06258860134032827,1.015525848691773,1.0224527502582637,0.09912284650044187,0.5161391710315697,0.4935245824480738,-0.0023468055462373925,0.8697286812697294,1.1403907233449555,0.010832264797568936,0.8517748078105144,0.18492723470680827,-0.5239600858153115,1.0949857083082906,0.33735941161008487,0.5302705419978135,1.133663825246548,-0.16616679971846282,-0.20227068827990985,0.6818853740081934,0.1785890265259554,0.6798712120548931,0.18,-0.10099279247452679,-0.07919368850873101,0.5155258486917731,0.10099279247452679,0.09912284650044187,0.5161391710315697,-0.03881462172943273,False
1782600851.033842,TRACKING,Tracking AprilTag,Walk,4,71.85508728027344,0.1009390911627067,-0.06241781382311761,1.0148473262077005,1.0217630738669945,0.09913628889048795,0.5174771405964464,0.49467357198806094,-0.007941880099574663,0.8690425672641454,1.1406743125777508,0.009455199102766487,0.8517666783527502,0.18492952411373464,-0.5239486381090739,1.0949797025083745,0.33735347361084417,0.5302819897040512,1.1336558499404599,-0.16616957891986184,-0.20227068827990985,0.6818853740081934,0.1785890265259554,0.6798712120548931,0.18,-0.1009390911627067,-0.07961872011210977,0.5148473262077005,0.1009390911627067,0.09913628889048795,0.5174771405964464,-0.037118315519251155,False
1782600851.0839145,TRACKING,Tracking AprilTag,Walk,4,71.74186706542969,0.10091115516498078,-0.0623722223961257,1.0146322245137511,1.0215438837294684,0.09912990489811344,0.5182837992570866,0.4953781084224146,-0.006944786515935794,0.868649699036429,1.1409501392849861,0.00862769364563859,0.8517568928245618,0.1849319511928757,-0.5239584253984481,1.0949727590716618,0.3373461636203037,0.530272202414677,1.1336464382256657,-0.16617319373655381,-0.20227068827990985,0.6818853740081934,0.1785890265259554,0.6798712120548931,0.18,-0.10091115516498078,-0.07973735826759008,0.5146322245137511,0.10091115516498078,0.09912990489811344,0.5182837992570866,-0.03658056128437781,False
1782600851.1338618,TRACKING,Tracking AprilTag,Walk,4,71.85926055908203,0.10078089370984758,-0.06231973493983824,1.0150372426357155,1.021930106141043,0.09896353140735879,0.5217687603549227,0.4983794347467064,-0.011831987501891822,0.866878274669119,1.1402862291424043,0.005021612167478817,0.8517520848723197,0.18494439165161772,-0.5239483400780085,1.0949595672053025,0.3373481273108168,0.5302822877351167,1.1336353719628822,-0.1661657493261351,-0.20227068827990985,0.6818853740081934,0.1785890265259554,0.6798712120548931,0.18,-0.10078089370984758,-0.07925972395513109,0.5150372426357155,0.10078089370984758,0.09896353140735879,0.5217687603549227,-0.037593106589288716,False
1782600851.1838238,TRACKING,Tracking AprilTag,Walk,4,71.88788604736328,0.10076638414626625,-0.06230071838369826,1.0147999620849883,1.0216918355026292,0.09897236188743462,0.5226927170310147,0.49918471298892464,-0.011037940576109552,0.8664252917511142,1.1405630693424385,0.004077172262471673,0.8517454372753679,0.1849520241076255,-0.5239356989988309,1.0949496474011107,0.337346116735093,0.5302949288142942,1.133625551315093,-0.16616329987579992,-0.20227068827990985,0.6818853740081934,0.1785890265259554,0.6798712120548931,0.18,-0.10076638414626625,-0.07940533520599297,0.5147999620849883,0.10076638414626625,0.09897236188743462,0.5226927170310147,-0.036999905212470874,False
1782600851.2338972,TRACKING,Tracking AprilTag,Walk,4,71.89704895019531,0.10078262998527002,-0.062255291784287306,1.0146972957723985,1.0215886950772866,0.09899816471154406,0.5233802177653037,0.4997839993627454,-0.01033856153266744,0.8660883720073919,1.1407109935815096,0.003415615450050258,0.8517367120778664,0.18496715149706427,-0.5239298472542496,1.0949321844783049,0.3373460013672083,0.5303007805588754,1.1336097350276202,-0.16615589636087452,-0.20227068827990985,0.6818853740081934,0.1785890265259554,0.6798712120548931,0.18,-0.10078262998527002,-0.07948300591299089,0.5146972957723985,0.10078262998527002,0.09899816471154406,0.5233802177653037,-0.03674323943099633,False
1782600851.28392,TRACKING,Tracking AprilTag,Walk,4,71.7685546875,0.10077302770857896,-0.062256611038899186,1.0146452015404657,1.0215360853835243,0.09899384312804452,0.52328078212792,0.4996988446619546,-0.010149514647585591,0.8661397416098203,1.1407690343823618,0.0034986326654280475,0.8517249525338835,0.18498391065756398,-0.523934383065886,1.094911804042916,0.3373440534994755,0.530296244747239,1.1335904967855912,-0.16614889304887376,-0.20232919962019136,0.6819379026716132,0.1785867988201146,0.6798016969441,0.18,-0.10077302770857896,-0.0795150181695952,0.5146452015404657,0.10077302770857896,0.09899384312804452,0.52328078212792,-0.03661300385116417,False
1782600851.3338468,TRACKING,Tracking AprilTag,Walk,4,71.91854095458984,0.10077711451406647,-0.06224638159043217,1.0146632367139745,1.0215537786968252,0.09899608343393461,0.5232659132958276,0.499686420324808,-0.010059566308726285,0.8661479587626237,1.1407549971499167,0.0035132972637479387,0.8517067493475146,0.18499323117994088,-0.5239499907196215,1.0948947091610775,0.33733282883260785,0.5302806370935036,1.133570236669383,-0.16615167797662694,-0.20232919962019136,0.6819379026716132,0.1785867988201146,0.6798016969441,0.18,-0.10077711451406647,-0.07950551015177768,0.5146632367139745,0.10077711451406647,0.09899608343393461,0.5232659132958276,-0.036658091784936286,False
1782600851.3839324,TRACKING,Tracking AprilTag,Walk,4,71.91057586669922,0.10081101296740759,-0.062243626237302854,1.0148513145932514,1.0217437643921956,0.0990109326412875,0.5233015346617934,0.49971637092366683,-0.010237498621797795,0.8661285945244209,1.1405573861931395,0.0035007901906305983,0.8516883589636387,0.18499844352715275,-0.5239389403480631,1.0948810939654794,0.33731941237885216,0.530291687465062,1.133552175950246,-0.16615793778547422,-0.2023375946718165,0.6819661976676338,0.1785942087510513,0.6797688663227814,0.18,-0.10081101296740759,-0.07939519472916683,0.5148513145932514,0.10081101296740759,0.0990109326412875,0.5233015346617934,-0.03712828648312849,False
1782600851.433925,TRACKING,Tracking AprilTag,Walk,4,72.0103988647461,0.10081794110585138,-0.06224507152253706,1.0148324281542205,1.0217257770121393,0.0990195234209704,0.5233657027950231,0.499771308956238,-0.010361585253942561,0.8660954198557996,1.1405684346884555,0.003445622105452739,0.8516699554669726,0.18499954834282908,-0.5239420806781416,1.0948710438763676,0.3373039558263237,0.5302885471349834,1.1335364569651623,-0.1661675722452493,-0.2023291724863652,0.681998845659923,0.1785867748703181,0.6797405713365458,0.18,-0.10081794110585138,-0.0794140908475105,0.5148324281542205,0.10081794110585138,0.0990195234209704,0.5233657027950231,-0.037081070385551196,False
1782600851.483912,TRACKING,Tracking AprilTag,Walk,4,71.67564392089844,0.10080886236749667,-0.06225529484930241,1.0147162988538985,1.0216101583423869,0.09902192215746046,0.523896550801409,0.5002305455204037,-0.010449569350669086,0.8658292024578201,1.1406771701339071,0.0029049761441267696,0.8516616860292353,0.18501144838114042,-0.523934336790488,1.0948566122998271,0.33730264277230276,0.5302962910226371,1.1335228626683664,-0.16616255332037105,-0.2023291724863652,0.681998845659923,0.1785867748703181,0.6797405713365458,0.18,-0.10080886236749667,-0.07948245717906424,0.5147162988538985,0.10080886236749667,0.09902192215746046,0.523896550801409,-0.03679074713474617,False
1782600851.533799,TRACKING,Tracking AprilTag,Walk,4,71.58279418945312,0.1008295685025752,-0.06225508169543168,1.0147211310074107,1.0216169883054407,0.0990416599551446,0.5236704064006843,0.5000293643243015,-0.0114303749655204,0.865933012040529,1.1406268644051882,0.0031878002906290948,0.851658508364723,0.18502705318442694,-0.5239267947645392,1.094841474165027,0.3373075868912474,0.530303833048586,1.1335113205336473,-0.16615158123927898,-0.2023291724863652,0.681998845659923,0.1785867748703181,0.6797405713365458,0.18,-0.1008295685025752,-0.07950121813796956,0.5147211310074107,0.1008295685025752,0.0990416599551446,0.5236704064006843,-0.036802827518526704,False
1782600851.5839329,TRACKING,Tracking AprilTag,Walk,4,71.79088592529297,0.10083133302394101,-0.06225615170891984,1.0147679425363156,1.021663723220305,0.0990388427953295,0.5231081859781034,0.49954180320705877,-0.011541361961027709,0.8662128975100317,1.140570930626844,0.003749572336533946,0.8516538012966185,0.1850396286354712,-0.5239321849539386,1.0948282147464532,0.3373097049748601,0.5302984428591865,1.1335002596570622,-0.16614396839038553,-0.20227685008123136,0.6819671834512969,0.17865550397940985,0.6797698489301973,0.18,-0.10083133302394101,-0.07947841897729536,0.5147679425363156,0.10083133302394101,0.0990388427953295,0.5231081859781034,-0.03691985634078909,False
1782600851.6339097,TRACKING,Tracking AprilTag,Walk,4,71.80150604248047,0.10084415514905182,-0.06225060536695507,1.0147706728475838,1.0216673626811303,0.09905109000605294,0.5233400189937474,0.49974675555425335,-0.010798172555566431,0.8661042545689621,1.140605600523078,0.0035139133263600852,0.8516494080003072,0.185054314634303,-0.523939945249513,1.0948132751342272,0.33731313828240533,0.530290682563612,1.1334882472322259,-0.16613444571934677,-0.20226845752565742,0.68193888833258,0.1786480914838863,0.6798026795174328,0.18,-0.10084415514905182,-0.07948337574469147,0.5147706728475838,0.10084415514905182,0.09905109000605294,0.5233400189937474,-0.03692668211895955,False
1782600851.6839037,TRACKING,Tracking AprilTag,Walk,4,71.77043914794922,0.10082937198441935,-0.06224828566218153,1.0147426479098007,1.0216379264737812,0.09903938178323889,0.5230854297374079,0.49952673853576435,-0.010705083575786768,0.866232323729297,1.1406462437512612,0.0037713629741367716,0.8516373008730052,0.18506590297327066,-0.5239421979753938,1.094797219163824,0.33730833433132845,0.5302884298377313,1.1334716855147393,-0.16613188024756997,-0.20226845752565742,0.68193888833258,0.1786480914838863,0.6798026795174328,0.18,-0.10082937198441935,-0.07949586320820823,0.5147426479098007,0.10082937198441935,0.09903938178323889,0.5230854297374079,-0.03685661977450183,False
1782600851.7339208,TRACKING,Tracking AprilTag,Walk,4,71.80229187011719,0.10082098675657114,-0.062216341657505045,1.0144447035522342,1.0213392194099824,0.09906009494017456,0.5244583716098812,0.5007237250105671,-0.009053448590752095,0.8655598109201678,1.1410345235981034,0.0023759711822681218,0.8516211498829235,0.1850743012509151,-0.5239387930693998,1.0947819397659864,0.3372984385974128,0.5302918347437252,1.133453635874404,-0.16613424584089342,-0.20226843039989875,0.6819998314087111,0.17864806752580073,0.679741553821265,0.18,-0.10082098675657114,-0.07968452831691687,0.5144447035522342,0.10082098675657114,0.09906009494017456,0.5244583716098812,-0.036111758880585376,False
1782600851.783917,TRACKING,Tracking AprilTag,Walk,4,71.74707794189453,0.10084746196293005,-0.06221229150545816,1.014594131247935,1.021490005316487,0.09907143993747265,0.5243519858632931,0.500626730533104,-0.01007829975586214,0.865604589029983,1.140821530219711,0.002499947187930618,0.8516099117391382,0.1850787590781824,-0.5239431510735129,1.094772513109875,0.33729086850796575,0.5302874767396122,1.1334418703219702,-0.16613702790408608,-0.20227063553364408,0.6820072665820576,0.17858897995517276,0.6797489643748322,0.18,-0.10084746196293005,-0.0795987188164701,0.514594131247935,0.10084746196293005,0.09907143993747265,0.5243519858632931,-0.0364853281198374,False
1782600851.8339021,TRACKING,Tracking AprilTag,Walk,4,71.49807739257812,0.10088730493065155,-0.06217899838339356,1.0150179868333582,1.021912907116539,0.09906920887354105,0.5236101562806177,0.4999843529282916,-0.010099870543703957,0.865975542057556,1.1403943323502141,0.003250383443183069,0.8515968566696147,0.18508679045465734,-0.5239522179123038,1.0947590818055697,0.337283483529089,0.5302784099008212,1.133426568689661,-0.1661379211549024,-0.2023291724863652,0.681998845659923,0.1785867748703181,0.6797405713365458,0.18,-0.10088730493065155,-0.07933282494514327,0.5150179868333582,0.10088730493065155,0.09906920887354105,0.5236101562806177,-0.0375449670833955,False
1782600851.8839362,TRACKING,Tracking AprilTag,Walk,4,71.73396301269531,0.10090363324816398,-0.062197820419692136,1.0153243902733815,1.0222200005633102,0.09905543164745073,0.5225753040815552,0.49908048157382184,-0.011482462795973338,0.8664795588819053,1.1400162957474211,0.0043121883149024876,0.8515868402906783,0.18509119358260648,-0.5239565054254821,1.0947503061374602,0.33727694877339587,0.5302741223876429,1.1334158360041937,-0.16614004832330204,-0.20233756678080161,0.6820271406361017,0.1785941841329187,0.6797077356473625,0.18,-0.10090363324816398,-0.0791397035989847,0.5153243902733815,0.10090363324816398,0.09905543164745073,0.5225753040815552,-0.03831097568345376,False
1782600851.9339018,TRACKING,Tracking AprilTag,Walk,4,71.61174774169922,0.10087909703561034,-0.06216357430520956,1.0151680036378377,1.022060163492909,0.099046658277193,0.5230188493691446,0.4994668425735554,-0.011112622108183217,0.8662617288091884,1.1401960864979612,0.0038518386892422707,0.8515826706989444,0.18510246392854013,-0.523967763424497,1.09473844699242,0.33727888961641056,0.5302628643886279,1.1334059631882556,-0.16613319750596817,-0.20232914384511605,0.6820597835502781,0.1785867495899878,0.679679440681512,0.18,-0.10087909703561034,-0.07922555268711264,0.5151680036378377,0.10087909703561034,0.099046658277193,0.5230188493691446,-0.03792000909459414,False
1782600851.9840224,TRACKING,Tracking AprilTag,Walk,4,71.37384033203125,0.10087713122907165,-0.06214840390614366,1.0150230251878232,1.0219150460652435,0.09905879524468045,0.5236875767146694,0.5000502251293522,-0.010329009240028015,0.8659348035020903,1.1403820570576222,0.0031728482894591847,0.8515849931930063,0.18512375304492418,-0.5239703484383132,1.09472108274194,0.33729142370035586,0.5302602793748118,1.133395674253334,-0.16611441564574997,-0.20233756678080161,0.6820271406361017,0.1785941841329187,0.6797077356473625,0.18,-0.10087713122907165,-0.0793187011507942,0.5150230251878232,0.10087713122907165,0.09905879524468045,0.5236875767146694,-0.03755756296955792,False
1782600852.0339382,TRACKING,Tracking AprilTag,Walk,4,71.67986297607422,0.10094650516066374,-0.06217414446706434,1.0155087250020023,1.0224058840301906,0.09907937277152815,0.5224606118016428,0.4989845824310201,-0.010857701199917351,0.8665428418842278,1.1398669169530398,0.004453777012178306,0.8515823399613921,0.18514448969972896,-0.5239615819922268,1.094701741372832,0.33729935842981046,0.5302690458208983,1.1333816228852425,-0.16609893638396994,-0.2023291724863652,0.681998845659923,0.1785867748703181,0.6797405713365458,0.18,-0.10094650516066374,-0.07904306305336341,0.5155087250020023,0.10094650516066374,0.09907937277152815,0.5224606118016428,-0.03877181250500572,False
1782600852.083855,TRACKING,Tracking AprilTag,Walk,4,71.48533630371094,0.1009769064706063,-0.0621809227364148,1.0155018824976307,1.022402502025967,0.09910968022317279,0.523176423259267,0.49961056784383084,-0.00972346675559059,0.866195552224218,1.1399255075269785,0.003729062726721799,0.8515738436485405,0.18515596767730694,-0.5239614520179057,1.0946875647338423,0.3372976396487563,0.5302691757952194,1.133368084332467,-0.16609439337944693,-0.2023291724863652,0.681998845659923,0.1785867748703181,0.6797405713365458,0.18,-0.1009769064706063,-0.07906093790223566,0.5155018824976307,0.1009769064706063,0.09910968022317279,0.523176423259267,-0.03875470624407684,False
1782600852.1338477,TRACKING,Tracking AprilTag,Walk,4,71.705810546875,0.10095328470605312,-0.06216006004358295,1.0153472487181443,1.0222453102054656,0.09910163868036102,0.522756546812286,0.49924136128901264,-0.010791027179432163,0.8663957622880587,1.1400304480856214,0.004174818183208584,0.8515681828943903,0.18517121034113487,-0.5239892219760783,1.0946715150965451,0.33730024581082907,0.5302414058370467,1.1333547140959692,-0.1660851402873088,-0.20233756678080161,0.6820271406361017,0.1785941841329187,0.6797077356473625,0.18,-0.10095328470605312,-0.07916288138361692,0.5153472487181443,0.10095328470605312,0.09910163868036102,0.522756546812286,-0.038368121795360755,False
1782600852.183803,TRACKING,Tracking AprilTag,Walk,4,71.5894546508789,0.10093710530374433,-0.06215535796810159,1.0152362320068937,1.0221331589038667,0.09909662410435721,0.5234429722224705,0.49984281368300576,-0.009435269675916302,0.8660647419769487,1.1402095617761516,0.003440032179800434,0.8515691662833492,0.18519826061867573,-0.5240081690348816,1.0946484800185596,0.33731446093485506,0.5302224587782435,1.1333400278751173,-0.1660624026646108,-0.20232914384511605,0.6820597835502781,0.1785867495899878,0.679679440681512,0.18,-0.10093710530374433,-0.07921783848497202,0.5152362320068937,0.10093710530374433,0.09909662410435721,0.5234429722224705,-0.03809058001723431,False
1782600852.233859,TRACKING,Tracking AprilTag,Walk,4,71.72623443603516,0.10088440600965162,-0.06210846708335622,1.0150171779778896,1.0219075284239585,0.09906645921241172,0.5234847059266249,0.4998856549580302,-0.007888570869872543,0.8660554846063918,1.1405354310086206,0.0033767120625100566,0.8515747878275948,0.1852278265269582,-0.5240024439110583,1.094625548318425,0.3373339514920873,0.5302281839020667,1.1333277030100315,-0.1660349464741812,-0.20232914384511605,0.6820597835502781,0.1785867495899878,0.679679440681512,0.18,-0.10088440600965162,-0.0793332345441664,0.5150171779778896,0.10088440600965162,0.09906645921241172,0.5234847059266249,-0.03754294494472399,False
1782600852.283796,TRACKING,Tracking AprilTag,Walk,4,71.5621337890625,0.10088163535586628,-0.06209464303202159,1.0149233986859991,1.0218132677968552,0.09907285000172741,0.523703881045918,0.5000721060804191,-0.008697435243498999,0.8659400922352997,1.140582664832969,0.003170644831756664,0.8515736514965454,0.1852521691115827,-0.5240023712555876,1.0946038207118645,0.33734498615509084,0.5302282565575375,1.1333128299144686,-0.16601564249265327,-0.20232914384511605,0.6820597835502781,0.1785867495899878,0.679679440681512,0.18,-0.10088163535586628,-0.07939626273873805,0.5149233986859991,0.10088163535586628,0.09907285000172741,0.523703881045918,-0.03730849671499781,False
1782600852.3338206,TRACKING,Tracking AprilTag,Walk,4,71.5367202758789,0.1009557719975593,-0.062083693538850175,1.0152103204801002,1.0221049103259199,0.09911734385784467,0.5236504657357617,0.5000207331662802,-0.009803756265094157,0.8659579393752045,1.14022185661652,0.003272689025408504,0.8515775400137912,0.1852699175824681,-0.5240146857057962,1.0945903085791446,0.33735713321459104,0.5302159421073288,1.1333058525377913,-0.16599886617005744,-0.20233753738217677,0.6820880785055281,0.17859415818408725,0.6796465999247476,0.18,-0.1009557719975593,-0.07924949521781688,0.5152103204801002,0.1009557719975593,0.09911734385784467,0.5236504657357617,-0.03802580120025045,False
1782600852.3838003,TRACKING,Tracking AprilTag,Walk,4,71.72645568847656,0.10096714135453748,-0.06209952056426046,1.0153666194149646,1.0222622393054492,0.0991132737567203,0.5231872249311024,0.49961799096027654,-0.010113545360551375,0.8661868039338034,1.1400458041021102,0.0037382155465842115,0.8515847086291831,0.18527951336078846,-0.5240091775329622,1.094585505409875,0.3373681057973853,0.5302214502801629,1.1333062332604995,-0.16598689440918318,-0.2023397426915176,0.682095512693125,0.17853506708075081,0.6796540075022771,0.18,-0.10096714135453748,-0.07915242267068857,0.5153666194149646,0.10096714135453748,0.0991132737567203,0.5231872249311024,-0.03841654853741161,False
1782600852.4338534,TRACKING,Tracking AprilTag,Walk,4,71.6597900390625,0.10097659481495941,-0.06208685694697412,1.0154063324029607,1.0223018489614555,0.09911864159610538,0.5226983729890261,0.49919400429670335,-0.010210106897483438,0.8664300893848071,1.1400013238676154,0.004242572588874671,0.8515866525192564,0.18528661541848862,-0.5239873952282185,1.0945802901063566,0.33737330373364943,0.5302432325849066,1.1333037592393491,-0.16597995919818842,-0.2023313187303619,0.6821281502656182,0.17852763417384873,0.6796257116327541,0.18,-0.10097659481495941,-0.07914069633555022,0.5154063324029607,0.10097659481495941,0.09911864159610538,0.5226983729890261,-0.03851583100740186,False
1782600852.4838302,TRACKING,Tracking AprilTag,Walk,4,71.56298828125,0.1010058039738552,-0.06209175438668942,1.0154128098970607,1.0223114657002854,0.09914649746885468,0.5226884850012599,0.4991854939584315,-0.01019893082490489,0.8664351241907876,1.139991831674608,0.004279152329003333,0.8515823469965781,0.185282374712916,-0.5239653918660603,1.094581851002627,0.33736746552226915,0.5302652359470648,1.1333026585508335,-0.1659859013858394,-0.2023313187303619,0.6821281502656182,0.17852763417384873,0.6796257116327541,0.18,-0.1010058039738552,-0.07916172490358533,0.5154128098970607,0.1010058039738552,0.09914649746885468,0.5226884850012599,-0.03853202474265183,False
1782600852.5338125,TRACKING,Tracking AprilTag,Walk,4,71.8247299194336,0.1010175653018035,-0.062088309040446696,1.0151756947086357,1.0220769040273667,0.09918097559080938,0.5238542633247669,0.5002111568668254,-0.006350153173673488,0.8658801730612747,1.1404552301744983,0.003100695356783978,0.8515778762212776,0.18528276127491813,-0.5239657464909998,1.0945793067771556,0.3373637690132782,0.5302648813221252,1.1332987722480936,-0.16598814502417564,-0.2023313187303619,0.6821281502656182,0.17852763417384873,0.6796257116327541,0.18,-0.1010175653018035,-0.07932556256668606,0.5151756947086357,0.1010175653018035,0.09918097559080938,0.5238542633247669,-0.03793923677158917,False
1782600852.583831,TRACKING,Tracking AprilTag,Walk,4,71.72621154785156,0.10102135748238154,-0.06209314222602303,1.0153983144162706,1.022298689179678,0.09916307112843693,0.5234828917836731,0.4998776481588782,-0.009379570947918223,0.8660452416126894,1.1400476965890567,0.0034753970212095253,0.8515739634131726,0.1852785093126477,-0.5239531222713386,1.0945810714218505,0.33735826671562025,0.5302775055417864,1.133297999933563,-0.16599387152229234,-0.20238985408238377,0.6821197253391801,0.17852542918907496,0.6796173176137947,0.18,-0.10102135748238154,-0.07917082131656379,0.5153983144162706,0.10102135748238154,0.09916307112843693,0.5234828917836731,-0.038495786040676494,False
1782600852.6338153,TRACKING,Tracking AprilTag,Walk,4,71.6658935546875,0.1010249721286812,-0.06210443946473991,1.0153715158843313,1.0222731150060023,0.09916919622935372,0.5233128959178973,0.4997319315531082,-0.009050673929870464,0.8661328315493039,1.1400974156571941,0.0036599632613183997,0.8515632739510063,0.18527144069747703,-0.5239591836120356,1.0945819382357977,0.3373454808423448,0.5302714442010894,1.1332932856358064,-0.16600578812073724,-0.2023313187303619,0.6821281502656182,0.17852763417384873,0.6796257116327541,0.18,-0.1010249721286812,-0.07919713599132165,0.5153715158843313,0.1010249721286812,0.09916919622935372,0.5233128959178973,-0.03842878971082819,False
1782600852.6839132,TRACKING,Tracking AprilTag,Walk,4,71.8056869506836,0.10101140484951313,-0.062072348030537766,1.0152605813173485,1.0221596393306365,0.09916672889867731,0.5235344363473232,0.49992634046322754,-0.008471305355982593,0.8660264956088878,1.1402403151095108,0.003421277849935511,0.8515512326622537,0.1852679232007614,-0.5239668764264584,1.0945790496165617,0.3373332734144062,0.5302637513866666,1.1332854293689287,-0.16601556792077182,-0.20238985408238377,0.6821197253391801,0.17852542918907496,0.6796173176137947,0.18,-0.10101140484951313,-0.0792632562109214,0.5152605813173485,0.10101140484951313,0.09916672889867731,0.5235344363473232,-0.03815145329337133,False
1782600852.733951,TRACKING,Tracking AprilTag,Walk,4,71.81604766845703,0.10100755662160353,-0.06215740092861769,1.0154074575093766,1.0223103118674504,0.09914872581047696,0.5234079933395728,0.499811710172253,-0.009605318748894238,0.866080823148983,1.140028896575496,0.0035439080678093537,0.851524954737966,0.1852773553021922,-0.5239706941903719,1.094557869626736,0.3373150827059742,0.5302599336227531,1.1332584860981227,-0.16602288598066134,-0.20239828027246934,0.6820870874682886,0.17853286182055875,0.679645612434845,0.18,-0.10100755662160353,-0.07915337020761988,0.5154074575093766,0.10100755662160353,0.09914872581047696,0.5234079933395728,-0.038518643773441386,False
1782600852.7839286,TRACKING,Tracking AprilTag,Walk,4,72.06831359863281,0.10100174996777334,-0.06216965976218795,1.015544951861039,1.0224470496519313,0.09912972811045448,0.5231177627858559,0.49955575752079323,-0.01051429554975571,0.8662179256497287,1.139840907107127,0.0038282255123003317,0.8515001075767941,0.18529610106483735,-0.5239362919060842,1.094529297867017,0.3373027360634345,0.5302943359070409,1.1332273815322145,-0.16602174975220818,-0.20239828027246934,0.6820870874682886,0.17853286182055875,0.679645612434845,0.18,-0.10100174996777334,-0.07905195474920829,0.5155449518610391,0.10100174996777334,0.09912972811045448,0.5231177627858559,-0.038862379652597756,False
1782600852.8338308,TRACKING,Tracking AprilTag,Walk,4,72.07168579101562,0.10104020239274135,-0.06216301480309553,1.0155361300891272,1.0224416826525495,0.09916807675499942,0.5233924829566666,0.49979363015391254,-0.010528755871878969,0.8660805231370605,1.1398410571990132,0.003580406895999033,0.8514787893049942,0.1853188387283022,-0.5239213615690945,1.0944989979751072,0.337295429449812,0.5303092662440305,1.1331968835077284,-0.16601532009010028,-0.20244838726523165,0.6821112981839702,0.1785232236209836,0.6796089213742401,0.18,-0.10104020239274135,-0.07908690195089188,0.5155361300891272,0.10104020239274135,0.09916807675499942,0.5233924829566666,-0.038840325222818106,False
1782600852.8839467,TRACKING,Tracking AprilTag,Walk,4,71.50255584716797,0.10104642307046337,-0.062154399425205765,1.0154901622143906,1.0223961162570272,0.09917860212377767,0.5231915269373824,0.49963085778467053,-0.008105403961592029,0.8662005012559008,1.1400272660959756,0.0037736699563004628,0.8514500811790021,0.18532878511706158,-0.5239220944173916,1.0944761705329151,0.3372753796360895,0.5303085333957334,1.1331676535389807,-0.16602360839959907,-0.20239604346520895,0.6821405855751433,0.17859192496357099,0.6795770651211208,0.18,-0.10104642307046337,-0.07913033988458146,0.5154901622143906,0.10104642307046337,0.09917860212377767,0.5231915269373824,-0.038725405535976476,False
1782600852.9339154,TRACKING,Tracking AprilTag,Walk,4,71.86917877197266,0.10105220032656274,-0.062167071610070006,1.0152820792509887,1.0221907808386956,0.09920443027515145,0.5240290748378222,0.5003525467846143,-0.008953580292168925,0.865775468771264,1.1401776276635422,0.0029448992039327604,0.8514139184783872,0.1853403865922815,-0.523918469150179,1.0944482221681178,0.337249665358962,0.5303121586629461,1.1331313647890382,-0.16603480937146042,-0.20238761680055947,0.6821732186308364,0.1785844893722669,0.6795487712477168,0.18,-0.10105220032656274,-0.07927366993326897,0.5152820792509887,0.10105220032656274,0.09920443027515145,0.5240290748378222,-0.038205198127471696,False
1782600852.98391,TRACKING,Tracking AprilTag,Walk,4,71.73126220703125,0.10104902050606629,-0.062166346882411606,1.0153350442979607,1.022243029523548,0.09919618807293286,0.5240695365253206,0.5003857675882047,-0.009348716169502627,0.8657520921725487,1.1400981596551343,0.0028907088445449536,0.8513783097165124,0.1853438923357636,-0.5239131513855719,1.09442758679659,0.33722043428642734,0.5303174764275531,1.133100166751808,-0.16605232954933036,-0.2023875836282785,0.6822341404695106,0.17858446010143028,0.6794876262164127,0.18,-0.10104902050606629,-0.07923078231835515,0.5153350442979607,0.10104902050606629,0.09919618807293286,0.5240695365253206,-0.03833761074490183,False
1782600853.0338387,TRACKING,Tracking AprilTag,Walk,4,71.90599060058594,0.10104936818888663,-0.06217145074462191,1.0154065249746458,1.0223143719326995,0.09918958980946824,0.523830231682915,0.5001823463108175,-0.008504015295478597,0.8658783414330559,1.1400835151609778,0.003134311327588124,0.851348035832304,0.18533243031208513,-0.5239315195487083,1.0944226010847007,0.3371884494661398,0.5302991082644167,1.1330819143744582,-0.16607906411072482,-0.20239601104279378,0.6822015124925531,0.17859189635440728,0.679515920066171,0.18,-0.10104936818888663,-0.07918262639489977,0.5154065249746458,0.10104936818888663,0.09918958980946824,0.523830231682915,-0.038516312436614464,False
1782600853.083905,TRACKING,Tracking AprilTag,Walk,4,71.67603302001953,0.10100301875546108,-0.062170215588727026,1.01517217816703,1.0220769524984197,0.09916712823479168,0.5239527426350616,0.5002851824856741,-0.009234090758611108,0.8658114504631697,1.1402778811550867,0.0029916653164618334,0.8513300400270897,0.1853200184288694,-0.5239374315411466,1.0944245053998227,0.33716667155452756,0.5302931962719785,1.1330742709359285,-0.1660995453630722,-0.20239601104279378,0.6822015124925531,0.17859189635440728,0.679515920066171,0.18,-0.10100301875546108,-0.07931353495835856,0.51517217816703,0.10100301875546108,0.09916712823479168,0.5239527426350616,-0.037930445417574954,False
1782600853.1338382,TRACKING,Tracking AprilTag,Walk,4,71.98738098144531,0.10098572436359089,-0.062151647770636455,1.015489551265272,1.0223893449047616,0.09911947422622601,0.523380832732353,0.49978898604992555,-0.009437357333157093,0.8660957832190118,1.1399614762567667,0.0035454114321404884,0.8513173222029434,0.185309210390492,-0.5239517219383806,1.094427621917271,0.3371502750895556,0.5302789058747445,1.1330700355510628,-0.16611568903860235,-0.2024545458541159,0.6821930838141252,0.17858968983091442,0.6795075245685476,0.18,-0.10098572436359089,-0.07907385900376777,0.515489551265272,0.10098572436359089,0.09911947422622601,0.523380832732353,-0.0387238781631799,False
1782600853.1839104,TRACKING,Tracking AprilTag,Walk,4,71.70116424560547,0.1009668591198214,-0.06217924622403289,1.0155413732238026,1.0224406320323922,0.09909605465009673,0.5228270350844462,0.4993019606603489,-0.010877922100147267,0.8663597537348527,1.1398314890194137,0.00410060675222651,0.851317712605309,0.18530753354971546,-0.5239409825742725,1.0944292727831952,0.33714978636601733,0.5302896452388526,1.133071315950142,-0.16611684003260496,-0.20245233869785303,0.6821856465558949,0.1786487776209273,0.6795001165882417,0.18,-0.1009668591198214,-0.07902963658041019,0.5155413732238026,0.1009668591198214,0.09909605465009673,0.5228270350844462,-0.03885343305950639,False
1782600853.2338018,TRACKING,Tracking AprilTag,Walk,4,71.90205383300781,0.10097885048942502,-0.06217021372188425,1.015740422424092,1.0226389731800092,0.09908845219852197,0.5224554866308143,0.49897473201939163,-0.011813895426549977,0.866536005415255,1.1395817464742,0.004481947503154227,0.8513047172525439,0.1853114727233158,-0.5239439138147669,1.0944194292270772,0.33714043218593076,0.5302867139983583,1.133058406974669,-0.166121053657455,-0.20245237112778303,0.6821247210503778,0.17864880623787183,0.6795612602160797,0.18,-0.10097885048942502,-0.07890001940697781,0.515740422424092,0.10097885048942502,0.09908845219852197,0.5224554866308143,-0.03935105606023004,False
1782600853.2837934,TRACKING,Tracking AprilTag,Walk,4,71.78022766113281,0.10097775783058836,-0.062175589884355016,1.0157896733138627,1.0226881107967591,0.09908261409825599,0.522218891145322,0.4987706031079949,-0.011659565833273993,0.8666556063396039,1.1395415882755944,0.004714709833236741,0.8512849349259937,0.1853265688917387,-0.5239295513206073,1.0943965323702534,0.33713068699776516,0.5303010764925178,1.1330335445083974,-0.16612000842269775,-0.20245237112778303,0.6821247210503778,0.17864880623787183,0.6795612602160797,0.18,-0.10097775783058836,-0.07886727057654006,0.5157896733138627,0.10097775783058836,0.09908261409825599,0.522218891145322,-0.039474183284656794,False
1782600853.3337896,TRACKING,Tracking AprilTag,Walk,4,72.02769470214844,0.10095347274554563,-0.06217288864683388,1.0155229850090646,1.022420659427321,0.0990847845273547,0.5228462415514222,0.49931761070723996,-0.011058589513801384,0.8663484467785341,1.139843845378711,0.004077199808241894,0.8512681960907162,0.18533159670891233,-0.5239450839260742,1.0943838933219743,0.3371186154605568,0.5302855438870508,1.1330169433278243,-0.16612547361762092,-0.20239383689150753,0.6821331487031026,0.17865101344434337,0.6795696561972391,0.18,-0.10095347274554563,-0.07903113811255863,0.5155229850090646,0.10095347274554563,0.0990847845273547,0.5228462415514222,-0.03880746252266143,False
1782600853.3837996,TRACKING,Tracking AprilTag,Walk,4,71.70409393310547,0.10098184262097672,-0.0621549926607662,1.0156993913298233,1.0225975890835854,0.09909534596210892,0.5225587313302671,0.4990672055529029,-0.011291740999235637,0.8664897119567102,1.1396525313053594,0.004381649676033328,0.8512626674476584,0.18532769045504754,-0.5239594906834197,1.0943845593103134,0.33711187890558797,0.5302711371297053,1.1330146484401482,-0.16613184214993776,-0.20239162963601395,0.6821257095332002,0.17871009999223428,0.6795622449841313,0.18,-0.10098184262097672,-0.07893099384593569,0.5156993913298233,0.10098184262097672,0.09909534596210892,0.5225587313302671,-0.039248478324558356,False
1782600853.4338167,TRACKING,Tracking AprilTag,Walk,4,71.68252563476562,0.10098585265026688,-0.062148898860806656,1.0158284308370757,1.0227257838550994,0.09908674914259219,0.5221932570691907,0.49875296643781214,-0.010843628608579129,0.866676349156986,1.139551242308688,0.004743967495769941,0.8512596453009763,0.18533048954688733,-0.5239510044748396,1.0943806328138321,0.33711063354978416,0.5302796233382855,1.1330105679333453,-0.16613127845682335,-0.20245016328848514,0.6821172821561984,0.17870789210391452,0.6795538492776586,0.18,-0.10098585265026688,-0.07884619941194922,0.5158284308370757,0.10098585265026688,0.09908674914259219,0.5221932570691907,-0.039571077092689366,False
1782600853.4837918,TRACKING,Tracking AprilTag,Walk,4,71.71334838867188,0.10098856018125606,-0.06215160038812169,1.01582750700722,1.0227252977758943,0.09908947792811182,0.5221415102000732,0.49870769562662526,-0.010921441353462149,0.86670142289115,1.1395479167946645,0.004800667870300812,0.8512566187624055,0.18533589315660814,-0.5239516268987664,1.094374439466535,0.3371106707383496,0.5302790009143586,1.1330049921555478,-0.16612858223062982,-0.20245859192906898,0.6820846441987778,0.17871533227865963,0.6795821412536189,0.18,-0.10098856018125606,-0.07885028212098551,0.51582750700722,0.10098856018125606,0.09908947792811182,0.5221415102000732,-0.03956876751805005,False
1782600853.533779,TRACKING,Tracking AprilTag,Walk,4,71.71735382080078,0.10096589689883666,-0.06214013783586911,1.0158047190293247,1.022699729279857,0.09906959396052682,0.5225416583259045,0.4990610916052372,-0.009629267545719954,0.8665133028709496,1.1396452462339288,0.004361123911205356,0.8512459381297683,0.1853417633208232,-0.5239993125761144,1.0943640601075082,0.33710428296505696,0.5302313152370106,1.1329928747420543,-0.1661298872331845,-0.20245016328848514,0.6821172821561984,0.17870789210391452,0.6795538492776586,0.18,-0.10096589689883666,-0.07883935445077626,0.5158047190293247,0.10096589689883666,0.09906959396052682,0.5225416583259045,-0.03951179757331169,False
1782600853.5839045,TRACKING,Tracking AprilTag,Walk,4,71.81444549560547,0.10089556436919958,-0.062135085125918754,1.0156251897104127,1.0225141611182196,0.0990184185831971,0.522695754707302,0.4991860008675039,-0.011279201022480893,0.8664214425798815,1.1397337344223364,0.0041603727964359405,0.8512360332449839,0.1853560957644318,-0.5240023644369236,1.0943467057625473,0.3371027492136522,0.5302282633762014,1.132976546693063,-0.16612381100914908,-0.2025086947712067,0.6821088525506347,0.17870568363173395,0.6795454513509992,0.18,-0.10089556436919958,-0.07890755131471622,0.5156251897104127,0.10089556436919958,0.0990184185831971,0.522695754707302,-0.03906297427603178,False
1782600853.633801,TRACKING,Tracking AprilTag,Walk,4,71.80268096923828,0.10086715376190125,-0.06211729219006485,1.0155520369776145,1.0224376169265463,0.09899780241742552,0.5226680938761741,0.49916658553724774,-0.010439773088070054,0.8664431493300384,1.1398536486362372,0.004153086082886059,0.8512352411611103,0.18537943957156064,-0.5239914808164757,1.0943260166360884,0.3371135899135602,0.5302391469966493,1.1329625278176167,-0.16610512861478033,-0.20251491625920987,0.6820687731153315,0.17877220907872987,0.6795663283996511,0.18,-0.10086715376190125,-0.07893733027195601,0.5155520369776145,0.10086715376190125,0.09899780241742552,0.5226680938761741,-0.03888009244403634,False
1782600853.6838303,TRACKING,Tracking AprilTag,Walk,4,71.80125427246094,0.10088450667528802,-0.06210569117580702,1.015579024755631,1.0224654302650724,0.09901210861153716,0.5227539177042425,0.4992427472541943,-0.010088127979744593,0.8664034331579884,1.1398462213734704,0.004079695129141081,0.8512506550117577,0.18539150419310493,-0.5239948674400208,1.0943231390528503,0.3371329512513108,0.5302357603731043,1.1329682535891654,-0.16608641077770026,-0.20251491625920987,0.6820687731153315,0.17877220907872987,0.6795663283996511,0.18,-0.10088450667528802,-0.07893090246911151,0.5155790247556311,0.10088450667528802,0.09901210861153716,0.5227539177042425,-0.038947561889077775,False
1782600853.733795,TRACKING,Tracking AprilTag,Walk,4,71.69998168945312,0.10088966496867392,-0.06208374738286552,1.0154977577774356,1.0223838869219282,0.09902501046432036,0.5228549803325931,0.49933340234729406,-0.009453486066016429,0.8663583467027227,1.139965112107064,0.0039883204772628855,0.8512625578721279,0.18539173646046372,-0.5240102005950195,1.094328815876998,0.3371434157484663,0.5302204272181056,1.1329778779104231,-0.1660794033192846,-0.20251270619607734,0.6820613296386872,0.17883129269273856,0.6795589122324065,0.18,-0.10088966496867392,-0.07899365962048788,0.5154977577774356,0.10088966496867392,0.09902501046432036,0.5228549803325931,-0.0387443944435889,False
1782600853.783918,TRACKING,Tracking AprilTag,Walk,4,71.98703002929688,0.10088646808173835,-0.0620892964629897,1.0155641877542434,1.0224498910099276,0.09901545817839946,0.5226884668785491,0.4991883944834727,-0.009609132570668335,0.8664401949264889,1.1398925359507182,0.004153534679336546,0.8512676425360468,0.18537678817374142,-0.5239970181295941,1.0943443250182114,0.33714045405605925,0.530233609683531,1.1329906073011546,-0.1660887450372585,-0.20245414197645648,0.6821306875878437,0.17883347482394257,0.6795061690153421,0.18,-0.10088646808173835,-0.0789448855662153,0.5155641877542434,0.10088646808173835,0.09901545817839946,0.5226884668785491,-0.03891046938560849,False
1782600853.8338332,TRACKING,Tracking AprilTag,Walk,4,71.89753723144531,0.100882975129787,-0.06208943255024958,1.0153803696987713,1.0222669746573363,0.09902985993519772,0.5233442432184949,0.4997610302586064,-0.008609266312653423,0.8661205419388308,1.140139688325744,0.0035060654710639128,0.8512708365122368,0.18536225683715438,-0.5239949731921267,1.0943585378080025,0.3371360543022862,0.5302356546209983,1.1330015480068456,-0.16609882780403612,-0.20245414197645648,0.6821306875878437,0.17883347482394257,0.6795061690153421,0.18,-0.100882975129787,-0.07906533901614776,0.5153803696987713,0.100882975129787,0.09902985993519772,0.5233442432184949,-0.03845092424692831,False
1782600853.8838034,TRACKING,Tracking AprilTag,Walk,4,71.80661010742188,0.10090952592809925,-0.0621109182286474,1.01555112893244,1.0224405088131987,0.09903920593128265,0.522874926519307,0.49935313043414625,-0.008919975147412853,0.8663526332671865,1.1399446930076045,0.003985896191730676,0.8512754303132789,0.18535730016087712,-0.5240030465896265,1.0943651166035262,0.337137600619585,0.5302275812234986,1.1330081525753217,-0.1661002600480712,-0.20245193181668378,0.6821232408752662,0.17889255717657526,0.6794987509542179,0.18,-0.10090952592809925,-0.07897116609085214,0.5155511289324399,0.10090952592809925,0.09903920593128265,0.522874926519307,-0.03887782233109982,False
1782600853.9338403,TRACKING,Tracking AprilTag,Walk,4,71.73725891113281,0.10085843490940287,-0.06208256868698957,1.0152928107037158,1.0221771669792865,0.0990144102144093,0.5234128308968353,0.4998242183572944,-0.007679764653133048,0.8660928194820645,1.1402810413168827,0.0034056204993450634,0.851278836558534,0.18536277137881405,-0.5240200054615992,1.0943620416012396,0.3371432646370099,0.5302106223515258,1.1330078113385682,-0.1660938241883827,-0.2023933976965723,0.6821316684731278,0.17889476738499802,0.6795071461266403,0.18,-0.10085843490940287,-0.07910740251446674,0.5152928107037158,0.10085843490940287,0.0990144102144093,0.5234128308968353,-0.038232026759289495,False
1782600853.9838119,TRACKING,Tracking AprilTag,Walk,4,71.5355224609375,0.10087608602414873,-0.06210040573281415,1.0155060992961946,1.022391844075208,0.0990109614357089,0.5229437134310697,0.4994161950606467,-0.008103230201443228,0.8663243051949128,1.1400493274634134,0.003897627773818857,0.8512829187083021,0.18537120153800393,-0.5240082098885142,1.094356727566009,0.3371509777790585,0.5302224179246109,1.133006329515573,-0.16608457563545242,-0.2023933976965723,0.6821316684731278,0.17889476738499802,0.6795071461266403,0.18,-0.10087608602414873,-0.07897384385865937,0.5155060992961946,0.10087608602414873,0.0990109614357089,0.5229437134310697,-0.03876524824048655,False
1782600854.0338173,TRACKING,Tracking AprilTag,Walk,4,71.7413101196289,0.10086156416616562,-0.06205873168668413,1.0152680792019175,1.0221514633120456,0.09901985850604364,0.5233370969489327,0.499757969416802,-0.007848529082169951,0.8661295356906155,1.1402961659595476,0.0034908778866862833,0.8512902487428066,0.18537619501924754,-0.5240137355484018,1.0943560059127628,0.3371598176589988,0.5302168922647232,1.1330094784087814,-0.16607628414992043,-0.2023933976965723,0.6821316684731278,0.17889476738499802,0.6795071461266403,0.18,-0.10086156416616562,-0.0791299323485419,0.5152680792019175,0.10086156416616562,0.09901985850604364,0.5233370969489327,-0.03817019800479382,False
1782600854.0837994,TRACKING,Tracking AprilTag,Walk,4,71.7424087524414,0.10093828839368707,-0.06210327330446469,1.0158433603842838,1.0227331457696138,0.09903893795684875,0.5226041065043424,0.4991163061936503,-0.009396905751737496,0.8664840512403558,1.1396263826195299,0.004271461064589699,0.851299303051146,0.1853783761815044,-0.5240104167254652,1.0943585812419476,0.33716876783485666,0.5302202110876598,1.1330156514555827,-0.16606931052378437,-0.2023911874396254,0.6821242191873502,0.17895384848401136,0.6794997255022164,0.18,-0.10093828839368707,-0.0787852876640952,0.5158433603842838,0.10093828839368707,0.09903893795684875,0.5226041065043424,-0.0396084009607095,False
1782600854.1338234,TRACKING,Tracking AprilTag,Walk,4,71.84033203125,0.10093574630935376,-0.06209716203859529,1.0158476130991823,1.0227367478758058,0.09903604808678644,0.5225495931941002,0.4990695280938643,-0.00929883659256508,0.8665120528683906,1.1396285194142006,0.004323682029936382,0.8512978022882233,0.1853774138985207,-0.5240254451128301,1.0943586767446265,0.3371669876221926,0.530205182700295,1.1330149723309977,-0.16607095887680745,-0.2023911874396254,0.6821242191873502,0.17895384848401136,0.6794997255022164,0.18,-0.10093574630935376,-0.07878098855551381,0.5158476130991823,0.10093574630935376,0.09903604808678644,0.5225495931941002,-0.03961903274795564,False
1782600854.1838226,TRACKING,Tracking AprilTag,Walk,4,71.65943908691406,0.10090168446395205,-0.062098164965297395,1.01562468007977,1.0225120159718688,0.09902443499390881,0.5231260272753617,0.49957259677690746,-0.008473413961658707,0.8662305823540357,1.1399073516822429,0.003731064481663049,0.8512862100930039,0.18538115977038477,-0.5240147537057388,1.0943496942834374,0.33715875804522827,0.5302158741073862,1.1330033242997755,-0.16607452733791422,-0.2023911874396254,0.6821242191873502,0.17895384848401136,0.6794997255022164,0.18,-0.10090168446395205,-0.07890489547254478,0.5156246800797699,0.10090168446395205,0.09902443499390881,0.5231260272753617,-0.03906170019942479,False
1782600854.2338254,TRACKING,Tracking AprilTag,Walk,4,71.88642883300781,0.10094325582663875,-0.062091179349731164,1.015910605853646,1.0227996942392212,0.09903726695606814,0.5224627129376578,0.49899119849455315,-0.009933354142298921,0.8665501210550104,1.1395317159838676,0.004425325754140341,0.8512753362695343,0.1853904331552732,-0.524007224892877,1.0943362603379418,0.3371538831285562,0.5302234029202482,1.1329890994112035,-0.16607315320209148,-0.20233265173489676,0.6821326442803035,0.17895605878935666,0.6795081181793682,0.18,-0.10094325582663875,-0.07874266738698923,0.515910605853646,0.10094325582663875,0.09903726695606814,0.5224627129376578,-0.03977651463411502,False
1782600854.2837842,TRACKING,Tracking AprilTag,Walk,4,71.65899658203125,0.10093013854271471,-0.06208007851267081,1.0157266569092849,1.022615015815093,0.0990422977014259,0.5228759676057506,0.49935514695348615,-0.008666155609752861,0.866354047118157,1.1397805704047537,0.003981227342847171,0.8512729947729064,0.1854011341921684,-0.5239905013958989,1.0943257991092132,0.33715713235778455,0.5302401264172262,1.1329810512297767,-0.16606572208018366,-0.20233265173489676,0.6821326442803035,0.17895605878935666,0.6795081181793682,0.18,-0.10093013854271471,-0.07885920424547582,0.5157266569092849,0.10093013854271471,0.0990422977014259,0.5228759676057506,-0.03931664227321219,False
1782600854.3337853,TRACKING,Tracking AprilTag,Walk,4,71.74512481689453,0.1009597197508713,-0.06207346539862391,1.0157632737597984,1.0226539045239067,0.09906758801431839,0.5230602252949925,0.4995107441130216,-0.009551107469436496,0.8662550391551916,1.1396948654948469,0.0038387100205826696,0.8512672672515744,0.18541003870675532,-0.5239868754989677,1.0943152276464772,0.33715655007240825,0.5302437523141573,1.132971256273276,-0.16606170291263422,-0.20233265173489676,0.6821326442803035,0.17895605878935666,0.6795081181793682,0.18,-0.1009597197508713,-0.07885440230765309,0.5157632737597984,0.1009597197508713,0.09906758801431839,0.5230602252949925,-0.039408184399495894,False
1782600854.3837905,TRACKING,Tracking AprilTag,Walk,4,71.64885711669922,0.10094626658117645,-0.06206190758851875,1.0156743091755007,1.0225635097290215,0.09906309285804513,0.5230251117334711,0.49948303765234936,-0.008964861641146547,0.8662772802938657,1.1398089316641318,0.003843750513679467,0.8512565133588259,0.18541204187285765,-0.5239895027562741,1.094308174538623,0.33714818869971735,0.530241125056851,1.1329612935288447,-0.1660662198371493,-0.2023326185696354,0.682193567949567,0.1789560294558585,0.6794469713174001,0.18,-0.10094626658117645,-0.07890921193741407,0.5156743091755007,0.10094626658117645,0.09906309285804513,0.5230251117334711,-0.039185772938751806,False
1782600854.433829,TRACKING,Tracking AprilTag,Walk,4,71.78404998779297,0.10095819998616148,-0.06205830863891325,1.015752492212342,1.0226421256975249,0.09906715112559865,0.523050041834626,0.4995102459776676,-0.007609189201531006,0.8662745606348056,1.1398213057491948,0.0038343533977073796,0.8512463466768868,0.185419170084565,-0.5239955810667382,1.0942969551201551,0.3371428691627977,0.5302350467463869,1.1329488769110228,-0.1660661992056734,-0.2023326185696354,0.682193567949567,0.1789560294558585,0.6794469713174001,0.18,-0.10095819998616148,-0.07886125887470742,0.515752492212342,0.10095819998616148,0.09906715112559865,0.523050041834626,-0.03938123053085496,False
1782600854.4838202,TRACKING,Tracking AprilTag,Walk,4,71.79750061035156,0.10098417302562009,-0.062075598250370734,1.0160322048524983,1.022923567231315,0.09906536927247324,0.5224680011005011,0.4990000141793983,-0.009039143479352713,0.8665548336568898,1.13945616277196,0.004436224180243642,0.8512473469884162,0.1854343778573974,-0.5239877855167006,1.0942842257007253,0.3371512500254412,0.5302428422964245,1.132940987052963,-0.166053159760997,-0.2023326185696354,0.682193567949567,0.1789560294558585,0.6794469713174001,0.18,-0.10098417302562009,-0.07868843981707771,0.5160322048524983,0.10098417302562009,0.09906536927247324,0.5224680011005011,-0.04008051213124586,False
1782600854.5337887,TRACKING,Tracking AprilTag,Walk,4,71.76536560058594,0.10097537609332666,-0.06207983883369477,1.015907568946966,1.022799159957878,0.09906886919218502,0.5228752238316164,0.4993538526364035,-0.008815055153090431,0.8663532909037912,1.1395891340557642,0.004014573970090918,0.8512554626744859,0.18545509057502135,-0.524003550499357,1.094270223880129,0.33716853672702807,0.5302270773137681,1.1329357771934108,-0.1660315325005322,-0.2023326185696354,0.682193567949567,0.1789560294558585,0.6794469713174001,0.18,-0.10097537609332666,-0.07876489018076431,0.5159075689469661,0.10097537609332666,0.09906886919218502,0.5228752238316164,-0.03976892236741525,False
1782600854.5838215,TRACKING,Tracking AprilTag,Walk,4,71.7092514038086,0.10095686924656123,-0.06207459961375705,1.0158378730079647,1.0227277886136765,0.09905758175453026,0.5226464615433988,0.4991562784748174,-0.008671198692277064,0.8664685914517672,1.139668267815445,0.004232255911993554,0.8512610915890761,0.18546493816590068,-0.5240144448422092,1.0942644413012852,0.3371782948778521,0.5302161829709159,1.1329347515302304,-0.16602023614091377,-0.20239115426558868,0.6821851421069013,0.1789538191516001,0.6794385793982307,0.18,-0.10095686924656123,-0.07880481322159417,0.5158378730079647,0.10095686924656123,0.09905758175453026,0.5226464615433988,-0.03959468251991172,False
1782600854.6338348,TRACKING,Tracking AprilTag,Walk,4,71.78053283691406,0.10097326829491253,-0.06208821581022194,1.0159945706963849,1.0228858759104968,0.09905838678445499,0.5225778147665306,0.4990917178411551,-0.009774535572910675,0.8664940367000219,1.1394525853901287,0.004325473053981399,0.8512642540813342,0.185469511995852,-0.524019827320688,1.0942620262074036,0.3371833037299411,0.5302108004924371,1.1329347244333672,-0.16601467551653643,-0.20239115426558868,0.6821851421069013,0.1789538191516001,0.6794385793982307,0.18,-0.10097326829491253,-0.0787045383527025,0.5159945706963849,0.10097326829491253,0.09905838678445499,0.5225778147665306,-0.0399864267409622,False
1782600854.6837876,TRACKING,Tracking AprilTag,Walk,4,71.66345977783203,0.10095669282414912,-0.06208218290358802,1.0158677925956836,1.0227579495136134,0.0990545113646843,0.5228837787177748,0.4993589561639412,-0.009324607139458475,0.8663450147606055,1.1396060803689412,0.0040065032604870154,0.8512708356600377,0.18546455280932422,-0.5240210412503663,1.0942695889427896,0.33718657722085027,0.5302095865627587,1.132942959916361,-0.1660149713697196,-0.2023326185696354,0.682193567949567,0.1789560294558585,0.6794469713174001,0.18,-0.10095669282414912,-0.07877779603778964,0.5158677925956836,0.10095669282414912,0.0990545113646843,0.5228837787177748,-0.03966948148920901,False
1782600854.7338102,TRACKING,Tracking AprilTag,Walk,4,71.71904754638672,0.10093033595150339,-0.062071399107066064,1.0157382390376035,1.0226260125508269,0.09904136817548272,0.5229024330485602,0.4993799477985682,-0.008222114564222446,0.8663440797793865,1.1397947456823558,0.0039486008452354615,0.8512763210283207,0.18545455325186389,-0.5240158043850104,1.0942809929691157,0.3371864081109496,0.5302148234281147,1.1329531835260687,-0.1660200268834573,-0.2023326185696354,0.682193567949567,0.1789560294558585,0.6794469713174001,0.18,-0.10093033595150339,-0.07885027700210606,0.5157382390376035,0.10093033595150339,0.09904136817548272,0.5229024330485602,-0.039345597594008797,False
1782600854.7838225,TRACKING,Tracking AprilTag,Walk,4,71.7347640991211,0.10095760790851577,-0.062094708975523986,1.0158937379040291,1.022784570762575,0.09905289004637746,0.5226653966256829,0.49917105490971436,-0.009039939751737065,0.8664563101678053,1.1395928542789953,0.0042158253771037435,0.8512790788904523,0.18544759339389708,-0.5240157463366405,1.0942884068077074,0.3371853686765899,0.5302148814764845,1.132959430358113,-0.1660241527186288,-0.2023326185696354,0.682193567949567,0.1789560294558585,0.6794469713174001,0.18,-0.10095760790851577,-0.07876371750989716,0.5158937379040291,0.10095760790851577,0.09905289004637746,0.5226653966256829,-0.03973434476007287,False
1782600854.8338616,TRACKING,Tracking AprilTag,Walk,4,71.82838439941406,0.1009400585113455,-0.06208673512171264,1.0158269809611606,1.022716047267771,0.09904224996213848,0.5228933724816712,0.49937043656970387,-0.008617286332822027,0.866345721670305,1.1396813354786042,0.00396089162468638,0.8512798914936897,0.18544836000682077,-0.5240132051804035,1.0942881415642471,0.3371864538794756,0.5302174226327215,1.1329596574301504,-0.1660230588915464,-0.2023326185696354,0.682193567949567,0.1789560294558585,0.6794469713174001,0.18,-0.1009400585113455,-0.07879324565219402,0.5158269809611606,0.1009400585113455,0.09904224996213848,0.5228933724816712,-0.039567452402901604,False
1782600854.8839412,TRACKING,Tracking AprilTag,Walk,4,71.648193359375,0.1009381459784523,-0.062084962488330786,1.0158360378797169,1.0227247468091825,0.09903950838077433,0.5227941539320903,0.49928437826806443,-0.008640096600976938,0.8663950936773581,1.1396775784746642,0.004072110032734888,0.8512789110535162,0.18544565242128228,-0.524005064448998,1.0942900116290395,0.33718426409865215,0.5302255633641271,1.1329604044163502,-0.16602583995141623,-0.2023326185696354,0.682193567949567,0.1789560294558585,0.6794469713174001,0.18,-0.1009381459784523,-0.078786822511493,0.5158360378797169,0.1009381459784523,0.09903950838077433,0.5227941539320903,-0.0395900946992922,False
1782600854.9338582,TRACKING,Tracking AprilTag,Walk,4,71.95624542236328,0.1009487597158236,-0.06208870689985487,1.0158933856215777,1.0227829831212147,0.09904429957497622,0.5225932382637247,0.49910943383587936,-0.008837713598715297,0.8664938937317302,1.1396063440068698,0.004279268308992279,0.8512766681712078,0.18543957058501634,-0.5240186863262236,1.0942941921577853,0.337179310066676,0.5302119414869014,1.1329620490335675,-0.1660321100780197,-0.20239115426558868,0.6821851421069013,0.1789538191516001,0.6794385793982307,0.18,-0.1009487597158236,-0.07875764979378558,0.5158933856215777,0.1009487597158236,0.09904429957497622,0.5225932382637247,-0.03973346405394429,False
1782600854.9838228,TRACKING,Tracking AprilTag,Walk,4,72.0159912109375,0.10094812960326226,-0.062087105139800744,1.0159103286859892,1.0227996526328664,0.0990420443436021,0.5224083040933325,0.4989454479727426,-0.009647144843309195,0.8665796977449053,1.1395461964550964,0.004478975781461669,0.8512748616935665,0.1854362817929661,-0.5239998577685413,1.0942961596162384,0.3371761149732731,0.5302307700445837,1.132962451748283,-0.16603584067254012,-0.2023933645214487,0.6821925920555585,0.1788947380616303,0.6794459993524629,0.18,-0.10094812960326226,-0.078748230126223,0.5159103286859892,0.10094812960326226,0.0990420443436021,0.5224083040933325,-0.03977582171497296,False
1782600855.0338762,TRACKING,Tracking AprilTag,Walk,4,71.74162292480469,0.10096155182997385,-0.06209252987694038,1.0159315109037341,1.0228223462857953,0.09905307534690229,0.5225075842899922,0.4990337632795188,-0.009160581559011997,0.8665341233053561,1.1395510879449133,0.004383692802368999,0.8512663758642527,0.1854376813591498,-0.5240025204280229,1.0942907515402953,0.3371694276121164,0.5302281073851022,1.132954693940758,-0.16603955342179771,-0.20245193181668378,0.6821232408752662,0.17889255717657526,0.6794987509542179,0.18,-0.10096155182997385,-0.07874234871671233,0.5159315109037341,0.10096155182997385,0.09905307534690229,0.5225075842899922,-0.03982877725933531,False
1782600855.083828,TRACKING,Tracking AprilTag,Walk,4,71.6832504272461,0.10096605826210593,-0.062097177121177814,1.0159725534193622,1.0228638392419906,0.09905349220247864,0.5223725571891575,0.4989131030376947,-0.0099270883616145,0.8665951583836361,1.1394671901419449,0.004531269041346986,0.8512638921199821,0.1854347875719411,-0.5239949958081536,1.094292041034081,0.3371658387131504,0.5302356320049715,1.1329543152386012,-0.16604334809894972,-0.20245193181668378,0.6821232408752662,0.17889255717657526,0.6794987509542179,0.18,-0.10096605826210593,-0.07871861351408996,0.5159725534193622,0.10096605826210593,0.09905349220247864,0.5223725571891575,-0.03993138354840553,False
1782600855.1338594,TRACKING,Tracking AprilTag,Walk,4,71.71582794189453,0.10095127836033714,-0.0620807737028644,1.0158112190792814,1.0227011371233867,0.09905471392810396,0.5227571042195741,0.4992503179963219,-0.009083136606739407,0.8664101895810983,1.1396715406784301,0.004121482014942224,0.8512587837096391,0.1854313341864982,-0.5239958763384245,1.0942925207956653,0.3371596912294317,0.5302347514747006,1.1329521054671063,-0.16604910471576778,-0.20245414197645648,0.6821306875878437,0.17883347482394257,0.6795061690153421,0.18,-0.10095127836033714,-0.07881745866021053,0.5158112190792814,0.10095127836033714,0.09905471392810396,0.5227571042195741,-0.039528047698203506,False
1782600855.183822,TRACKING,Tracking AprilTag,Walk,4,71.84956359863281,0.10091510116688263,-0.062082945350606655,1.0155455904542905,1.0224338590041324,0.0990451787543658,0.5231461048998872,0.4995931986161022,-0.007677808119949341,0.8662261178000841,1.140023760966564,0.003707439347727992,0.8512464024551893,0.185426303423118,-0.5239857655511994,1.0942907800848172,0.33714644079669615,0.5302448622619257,1.1329448371986492,-0.16606031971980562,-0.20245193181668378,0.6821232408752662,0.17889255717657526,0.6794987509542179,0.18,-0.10091510116688263,-0.07897489201076556,0.5155455904542905,0.10091510116688263,0.0990451787543658,0.5231461048998872,-0.03886397613572623,False
1782600855.2338042,TRACKING,Tracking AprilTag,Walk,4,71.89337158203125,0.10093829768211873,-0.06210215970860331,1.0157264320528043,1.0226169385210462,0.09905027374986153,0.5228993731516283,0.4993747002727763,-0.008831862131471888,0.8663411031105274,1.1397805909075025,0.003988723207708433,0.8512366575009249,0.18543157189318374,-0.5239957086851094,1.0942813860397962,0.3371405694400733,0.5302349191280157,1.1329338314105422,-0.16606158207419108,-0.20245193181668378,0.6821232408752662,0.17889255717657526,0.6794987509542179,0.18,-0.10093829768211873,-0.07886606954697156,0.5157264320528043,0.10093829768211873,0.09905027374986153,0.5228993731516283,-0.03931608013201082,False
1782600855.2839398,TRACKING,Tracking AprilTag,Walk,4,71.79051971435547,0.10090622093587419,-0.06208751605482465,1.0155250812153371,1.0224128890281239,0.0990385070107144,0.5233216494667967,0.4997443414952243,-0.00791158774576513,0.8661368251742018,1.1400326090739423,0.003527869821130847,0.8512313510749094,0.18544201038942495,-0.5240055478522331,1.0942696887262284,0.3371411109344291,0.530225079960892,1.132923503097489,-0.16605606425665942,-0.2023933976965723,0.6821316684731278,0.17889476738499802,0.6795071461266403,0.18,-0.10090622093587419,-0.0789788924224977,0.5155250812153371,0.10090622093587419,0.0990385070107144,0.5233216494667967,-0.03881270303834283,False
1782600855.3339412,TRACKING,Tracking AprilTag,Walk,4,71.8934326171875,0.10090726607696772,-0.06209159136004473,1.0155153127453862,1.0224035370073357,0.09904047257791504,0.5233258957217283,0.4997482390578107,-0.007855820456087514,0.8661350839468281,1.1400450419061476,0.0035240440933057005,0.8512268627513703,0.1854514256123493,-0.5240130981348532,1.0942592852280266,0.3371418583941754,0.5302175296782718,1.1329144314758575,-0.16605091671823002,-0.2023933976965723,0.6821316684731278,0.17889476738499802,0.6795071461266403,0.18,-0.10090726607696772,-0.07898696914527106,0.5155153127453862,0.10090726607696772,0.09904047257791504,0.5233258957217283,-0.0387882818634655,False
1782600855.383834,TRACKING,Tracking AprilTag,Walk,4,71.90274047851562,0.10093631423279228,-0.06208903792367936,1.0158010719599297,1.0226900830437984,0.09904110964824953,0.5229149106263843,0.49938558287737655,-0.009398188321008395,0.8663288715438876,1.1396640066002401,0.003949017876667127,0.8512245602419173,0.18545346120716927,-0.5240030277278052,1.0942563780344203,0.3371408616889093,0.5302276000853199,1.132911378163578,-0.16605056674655067,-0.2023995813721248,0.6821525094737234,0.17896127038090168,0.6794668696726458,0.18,-0.10093631423279228,-0.07880872851876491,0.5158010719599297,0.10093631423279228,0.09904110964824953,0.5229149106263843,-0.03950267989982437,False
1782600855.4338312,TRACKING,Tracking AprilTag,Walk,4,71.7840576171875,0.10094874986357676,-0.062088505703947895,1.0157624355367587,1.022652902057749,0.09905697520875284,0.5229818293270951,0.4994430725641795,-0.009500479646170758,0.8662946139473248,1.1396948866682728,0.0038971898011534445,0.8512112703282182,0.1854483122394324,-0.5240078790714444,1.0942542913207318,0.3371267627775731,0.5302227487416806,1.1329034327219956,-0.16606239905963582,-0.20239115426558868,0.6821851421069013,0.1789538191516001,0.6794385793982307,0.18,-0.10094874986357676,-0.07884694347329696,0.5157624355367587,0.10094874986357676,0.09905697520875284,0.5229818293270951,-0.03940608884189678,False
1782600855.4838293,TRACKING,Tracking AprilTag,Walk,4,71.7929458618164,0.10096410251855137,-0.06209625717549159,1.0158152335880621,1.0227073305409278,0.09906682603815326,0.5229741267962533,0.4994373497095032,-0.009298165481714898,0.8663001084115263,1.13965641044656,0.003921491488558193,0.8512093339945699,0.18544572198031625,-0.5240132075046136,1.0942555872550084,0.33712379977493445,0.5302174203085115,1.1329033289206993,-0.16606563140484887,-0.20239115426558868,0.6821851421069013,0.1789538191516001,0.6794385793982307,0.18,-0.10096410251855137,-0.07882144596459348,0.5158152335880621,0.10096410251855137,0.09906682603815326,0.5229741267962533,-0.03953808397015535,False
1782600855.5338445,TRACKING,Tracking AprilTag,Walk,4,71.83306884765625,0.10096790311768661,-0.06209863437629109,1.0158878916454916,1.0227800185002172,0.09906349143760274,0.5228558306982889,0.49933328704026325,-0.00963227640229742,0.8663564437948597,1.1395642849218186,0.00404097221772165,0.8512198714127239,0.18545024835324567,-0.5240187330372792,1.0942568558787316,0.33713519783736173,0.5302118947758458,1.132909374584654,-0.16605588588379588,-0.20239115426558868,0.6821851421069013,0.1789538191516001,0.6794385793982307,0.18,-0.10096790311768661,-0.07877329631340754,0.5158878916454916,0.10096790311768661,0.09906349143760274,0.5228558306982889,-0.03971972911372912,False
1782600855.5838091,TRACKING,Tracking AprilTag,Walk,4,71.79094696044922,0.1009133767512764,-0.06209246129235681,1.015556025595795,1.02244463149875,0.0990424862791031,0.5231437037199114,0.49958855826206516,-0.008318535941369581,0.8662228780247166,1.1399795024673938,0.0037211993920884257,0.8512279490397158,0.18545265793100135,-0.5240136008735139,1.0942587502161072,0.33714341158246913,0.5302170269396111,1.132914616179725,-0.1660492843836714,-0.2023326185696354,0.682193567949567,0.1789560294558585,0.6794469713174001,0.18,-0.1009133767512764,-0.0789656915945104,0.5155560255957949,0.1009133767512764,0.0990424862791031,0.5231437037199114,-0.038890063989487356,False
1782600855.6338415,TRACKING,Tracking AprilTag,Walk,4,71.78842163085938,0.1009231438250036,-0.062092512006887,1.0155405000273288,1.022430177666233,0.09905351412069656,0.5231669383316518,0.4996114655117395,-0.007620100890889859,0.8662160917413302,1.140033370139559,0.003698283175114503,0.8512328279889632,0.18545772389763193,-0.5240123586674096,1.0942567549520164,0.33715015599384957,0.5302182691457155,1.1329157142864608,-0.16604233727454187,-0.2023326185696354,0.682193567949567,0.1789560294558585,0.6794469713174001,0.18,-0.1009231438250036,-0.07898531793432623,0.5155405000273288,0.1009231438250036,0.09905351412069656,0.5231669383316518,-0.03885125006832191,False
1782600855.6838472,TRACKING,Tracking AprilTag,Walk,4,71.83349609375,0.10091662997261447,-0.06209481876904009,1.015561200299522,1.0224502355991685,0.09904515696225992,0.5231078791786243,0.4995596499938996,-0.007790682024213427,0.8662444582054019,1.140003737263771,0.003752293680151453,0.8512369405786354,0.18545427945436932,-0.5240114124037418,1.0942617811611561,0.3371520307751393,0.5302192154093832,1.132921058290224,-0.16604280546998995,-0.2023326185696354,0.682193567949567,0.1789560294558585,0.6794469713174001,0.18,-0.10091662997261447,-0.07896540815833801,0.515561200299522,0.10091662997261447,0.09904515696225992,0.5231078791786243,-0.03890300074880504,False
1782600855.733875,TRACKING,Tracking AprilTag,Walk,4,71.61429595947266,0.100944609379349,-0.062092602727262795,1.0157312305608341,1.0226217473791672,0.09905596204745681,0.5228324664505704,0.4993160927293915,-0.008976341381263374,0.8663733980431652,1.1397539647749468,0.004036940853392013,0.8512416941372252,0.1854494150397171,-0.5240148344754819,1.0942683586370574,0.33715376157262694,0.5302157933376431,1.1329277409791592,-0.16604407058570492,-0.2023326185696354,0.682193567949567,0.1789560294558585,0.6794469713174001,0.18,-0.100944609379349,-0.07886936824968176,0.5157312305608341,0.100944609379349,0.09905596204745681,0.5228324664505704,-0.039328076402085355,False
1782600855.7837946,TRACKING,Tracking AprilTag,Walk,4,71.8659439086914,0.10092082160907641,-0.062096654491834026,1.0155816214168791,1.0224710443298952,0.09904726534985392,0.5229507607183483,0.49942046164091547,-0.008545462205609103,0.8663175962486664,1.1399407779247428,0.003925444619747975,0.8512465780999998,0.1854370238536447,-0.5240160472247084,1.094281545201184,0.33715188831044646,0.5302145805884166,1.1329388413317707,-0.16605143107186837,-0.2023326185696354,0.682193567949567,0.1789560294558585,0.6794469713174001,0.18,-0.10092082160907641,-0.07895701284839071,0.5155816214168791,0.10092082160907641,0.09904726534985392,0.5229507607183483,-0.03895405354219783,False
1782600855.8338752,TRACKING,Tracking AprilTag,Walk,4,71.79168701171875,0.10090090716030295,-0.062071192224704363,1.0153461819210343,1.0222336793080096,0.09905066094157844,0.5237087113427966,0.5000781769793061,-0.008251936802661102,0.8659409462821691,1.140190028389842,0.0031479684253712947,0.8512494051449165,0.18543210138921434,-0.5240239263184454,1.094287221653501,0.3371519152942091,0.5302067014946796,1.132943978011424,-0.16605384713502336,-0.2023326185696354,0.682193567949567,0.1789560294558585,0.6794469713174001,0.18,-0.10090090716030295,-0.07909943340004934,0.5153461819210343,0.10090090716030295,0.09905066094157844,0.5237087113427966,-0.0383654548025858,False
1782600855.8838155,TRACKING,Tracking AprilTag,Walk,4,71.80681610107422,0.10092737207963828,-0.06207302595217761,1.015639758041905,1.0225280011330649,0.09904801928926636,0.523292580827223,0.4997124312013413,-0.009462406747350424,0.8661396821306552,1.1398168127118824,0.0035629281908404753,0.8512521437752841,0.1854341607635888,-0.5240206038442061,1.094286783586219,0.33715531370798035,0.5302100239689189,1.1329450435444879,-0.1660505904866859,-0.2023326185696354,0.682193567949567,0.1789560294558585,0.6794469713174001,0.18,-0.10092737207963828,-0.07891300567376251,0.515639758041905,0.10092737207963828,0.09904801928926636,0.523292580827223,-0.03909939510476246,False
1782600855.9338615,TRACKING,Tracking AprilTag,Walk,4,71.82907104492188,0.10089286565493465,-0.06207151754038357,1.015376990971787,1.022263506843882,0.09903983282992407,0.523671807514245,0.5000455264943597,-0.008418339893305263,0.8659581993297478,1.140149793645789,0.0031748226574071503,0.8512516755287538,0.18543710635000576,-0.5240309723414365,1.0942839910729691,0.3371563613739115,0.5301996554716886,1.1329429726913132,-0.16604844402418173,-0.20233040821710457,0.6821861154276253,0.17901510929133266,0.6794395488002438,0.18,-0.10089286565493465,-0.07907022872652432,0.5153769909717869,0.10089286565493465,0.09903983282992407,0.523671807514245,-0.03844247742946727,False
1782600855.9837923,TRACKING,Tracking AprilTag,Walk,4,71.66705322265625,0.10090991083674523,-0.06209158183877982,1.015561918709829,1.0224500894292645,0.09903853586736856,0.5232641581126252,0.4996915648230004,-0.00863258915773029,0.8661603884091994,1.139955624993408,0.00359815644947703,0.8512448581729946,0.18543509495988506,-0.5240201416174102,1.0942823729472904,0.3371494401240928,0.5302104861957149,1.132938536149366,-0.16605399732277942,-0.20233040821710457,0.6821861154276253,0.17901510929133266,0.6794395488002438,0.18,-0.10090991083674523,-0.07895593941523696,0.515561918709829,0.10090991083674523,0.09903853586736856,0.5232641581126252,-0.03890479677457259,False
1782600856.0339074,TRACKING,Tracking AprilTag,Walk,4,71.67940521240234,0.10091540541964254,-0.06206494576462454,1.0155226124182113,1.0224099729934588,0.09904770187490193,0.5235658800953668,0.4999500782654802,-0.00925934870823096,0.8660047249893267,1.1399442967375801,0.0032789830098046147,0.8512379816926662,0.1854363792047561,-0.5240328668527846,1.0942778599980048,0.3371440951680275,0.5301977609603404,1.1329321636498342,-0.16605688289314086,-0.20233040821710457,0.6821861154276253,0.17901510929133266,0.6794395488002438,0.18,-0.10091540541964254,-0.07898404389726166,0.5155226124182113,0.10091540541964254,0.09904770187490193,0.5235658800953668,-0.038806531045528225,False
1782600856.0838327,TRACKING,Tracking AprilTag,Walk,4,71.93473052978516,0.10093861530314928,-0.062097672811655014,1.015776070175728,1.0226660010822624,0.09904577466617025,0.5229563886307227,0.49942226200803547,-0.009237904463982254,0.8663094512539335,1.1396976874543985,0.003909788379607926,0.851234954393586,0.18543643176038802,-0.524031966122468,1.094276319126292,0.33714148882649575,0.530198661690657,1.1329296519274665,-0.16605857361859544,-0.20233040821710457,0.6821861154276253,0.17901510929133266,0.6794395488002438,0.18,-0.10093861530314928,-0.07882845134219883,0.5157760701757279,0.10093861530314928,0.09904577466617025,0.5229563886307227,-0.03944017543931977,False
1782600856.1338673,TRACKING,Tracking AprilTag,Walk,4,71.525634765625,0.10091214105452598,-0.06206192283882445,1.0155411627001985,1.0224278926247716,0.09904272145956418,0.523434488250989,0.4998299662475984,-0.010537004823200604,0.86605945313834,1.1398625849830955,0.003438632331828395,0.8512258825228441,0.18543501934263887,-0.524042191979421,1.0942730666839873,0.3371329030602685,0.530188435833704,1.1329230242052386,-0.16606492712634535,-0.20233040821710457,0.6821861154276253,0.17901510929133266,0.6794395488002438,0.18,-0.10091214105452598,-0.0789699736326031,0.5155411627001985,0.10091214105452598,0.09904272145956418,0.523434488250989,-0.03885290675049613,False
1782600856.1837933,TRACKING,Tracking AprilTag,Walk,4,71.76200866699219,0.1008759358321048,-0.06207823584152915,1.0153662700186599,1.022251595296777,0.0990243611175644,0.5234545172456366,0.4998573925448857,-0.008408319446197902,0.8660669069317444,1.1401656217417708,0.003385458684610765,0.8512222240219631,0.18542944976130019,-0.5240421480895348,1.0942761026270056,0.33712697112003154,0.5301884797235904,1.1329232149910509,-0.16607158809217315,-0.20233040821710457,0.6821861154276253,0.17901510929133266,0.6794395488002438,0.18,-0.1008759358321048,-0.07906749568770333,0.5153662700186599,0.1008759358321048,0.0990243611175644,0.5234545172456366,-0.03841567504664967,False
1782600856.233857,TRACKING,Tracking AprilTag,Walk,4,71.85599517822266,0.1008645737764884,-0.0620696310065196,1.0152018115030832,1.0220866007416105,0.09902921546221721,0.5237546396533621,0.5001168844333931,-0.008505648514414807,0.8659161367291787,1.1403227739925705,0.0030823634250840004,0.8512175231814888,0.18542333211504453,-0.5240463384217063,1.0942791003154482,0.3371198621566138,0.5301842893914187,1.1329228652111387,-0.16607929530638366,-0.20233040821710457,0.6821861154276253,0.17901510929133266,0.6794395488002438,0.18,-0.1008645737764884,-0.0791737697836509,0.5152018115030832,0.1008645737764884,0.09902921546221721,0.5237546396533621,-0.03800452875770799,False
1782600856.2838213,TRACKING,Tracking AprilTag,Walk,4,71.58146667480469,0.10089451699641831,-0.06207438521989791,1.0155006183349773,1.0223866385566127,0.09902946460610326,0.5234794475382379,0.49987331815897496,-0.009662593806487235,0.8660446293775322,1.1399494655054867,0.0033611802608932706,0.8512168180644988,0.1854110753295742,-0.5240436140529225,1.094289409586544,0.3371131954550677,0.5301870137602025,1.1329293069520894,-0.16608974661986842,-0.20233040821710457,0.6821861154276253,0.17901510929133266,0.6794395488002438,0.18,-0.10089451699641831,-0.0789836992423742,0.5155006183349773,0.10089451699641831,0.09902946460610326,0.5234794475382379,-0.038751545837443224,False
1782600856.3339255,TRACKING,Tracking AprilTag,Walk,4,71.7676773071289,0.10089755388091945,-0.06209343895047811,1.0155042339610576,1.0223916865529983,0.0990320756061774,0.523572128326521,0.4999615053298706,-0.007853089127525303,0.866012021960114,1.1400553966361722,0.003262084973855106,0.8512159724256048,0.185403205082144,-0.5240430855535114,1.0942958352695864,0.3371085730642156,0.5301875422596136,1.1329331212234348,-0.1660966825577181,-0.20233040821710457,0.6821861154276253,0.17901510929133266,0.6794395488002438,0.18,-0.10089755388091945,-0.07898188707923058,0.5155042339610576,0.10089755388091945,0.0990320756061774,0.523572128326521,-0.038760584902644,False
1782600856.3839183,TRACKING,Tracking AprilTag,Walk,4,71.87120819091797,0.10090785564294902,-0.06206991315051952,1.0156032109112851,1.0224895850140887,0.09903253161845069,0.5232425850361635,0.4996678745098146,-0.009723729638663414,0.8661624929912161,1.1398434075545196,0.0036070382232846754,0.8512181550690794,0.1854011813082658,-0.5240405745049237,1.0942986729832112,0.3371094713818829,0.5301900533082013,1.1329360695056727,-0.16609709148936552,-0.20233040821710457,0.6821861154276253,0.17901510929133266,0.6794395488002438,0.18,-0.10090785564294902,-0.07892394794149898,0.5156032109112851,0.10090785564294902,0.09903253161845069,0.5232425850361635,-0.03900802727821284,False
1782600856.4338386,TRACKING,Tracking AprilTag,Walk,4,71.73677825927734,0.100908871770363,-0.062095089979995036,1.0155443916129054,1.0224327909148931,0.09903922084131214,0.5233659553008466,0.49978103570471655,-0.00832565722182681,0.8661117709520784,1.1399911812271908,0.0034928193844080413,0.8512137346853217,0.18540626828583173,-0.5240446574654879,1.094292066538299,0.33710814020986457,0.5301859703476371,1.1329295324689572,-0.16609545311080715,-0.20233040821710457,0.6821861154276253,0.17901510929133266,0.6794395488002438,0.18,-0.100908871770363,-0.07896604204960753,0.5155443916129054,0.100908871770363,0.09903922084131214,0.5233659553008466,-0.0388609790322636,False
1782600856.4838343,TRACKING,Tracking AprilTag,Walk,4,71.68104553222656,0.10091186416341878,-0.06206929283578119,1.0155997544379116,1.0224865097674476,0.09903677482870007,0.5232225695050904,0.4996516045810937,-0.009501622909983309,0.8661743434214701,1.1398592086724797,0.0036295358123457078,0.8512039448983717,0.18540860605555015,-0.5240493698085117,1.0942851986545707,0.33710078240660013,0.5301812580046134,1.1329201684127308,-0.16609914357781935,-0.20233040821710457,0.6821861154276253,0.17901510929133266,0.6794395488002438,0.18,-0.10091186416341878,-0.07893041784501438,0.5155997544379116,0.10091186416341878,0.09903677482870007,0.5232225695050904,-0.03899938609477904,False
1782600856.5339272,TRACKING,Tracking AprilTag,Walk,4,71.59397888183594,0.10094933369767585,-0.06208482646098808,1.0158153163523773,1.0227052608580716,0.09905242133672204,0.5229082944363433,0.49938218510714283,-0.008887013274627702,0.8663362246799287,1.1396769993423452,0.00395999960275939,0.851200765815621,0.18541266054246205,-0.5240685368005203,1.0942801030561138,0.337100020627354,0.5301620910126047,1.1329152402625948,-0.16609764065816313,-0.20233040821710457,0.6821861154276253,0.17901510929133266,0.6794395488002438,0.18,-0.10094933369767585,-0.0788097290783088,0.5158153163523773,0.10094933369767585,0.09905242133672204,0.5229082944363433,-0.039538290880943294,False
1782600856.5839016,TRACKING,Tracking AprilTag,Walk,4,71.7427978515625,0.10094848814276641,-0.06209629039663931,1.0158635800534115,1.022753811930451,0.09904692186111164,0.5229312144296837,0.4994016331134548,-0.008978527865732937,0.8663240703576107,1.1396257219709236,0.003936506624085123,0.8512089418272493,0.18541960970105043,-0.5240624141470286,1.0942780987267815,0.33711056200464357,0.5301682136660965,1.1329179625798975,-0.1660872614982869,-0.20233040821710457,0.6821861154276253,0.17901510929133266,0.6794395488002438,0.18,-0.10094848814276641,-0.07877277819683426,0.5158635800534115,0.10094848814276641,0.09904692186111164,0.5229312144296837,-0.039658950133528714,False
1782600856.6339047,TRACKING,Tracking AprilTag,Walk,4,71.91946411132812,0.1009397704556494,-0.06206717990693322,1.0158144277955128,1.0227023632507963,0.09904318511298495,0.5229508366249476,0.4994189998281555,-0.008896170291821937,0.8663149085435293,1.1396759525017042,0.0039025168108058894,0.8512063971071608,0.18543419173982756,-0.5240618335941327,1.0942641625159477,0.3371155513415557,0.5301687942189923,1.1329075250622436,-0.16607676532372417,-0.20233040821710457,0.6821861154276253,0.17901510929133266,0.6794395488002438,0.18,-0.1009397704556494,-0.07880115629367615,0.5158144277955128,0.1009397704556494,0.09904318511298495,0.5229508366249476,-0.039536069488781966,False
1782600856.6839097,TRACKING,Tracking AprilTag,Walk,4,71.8072738647461,0.10095110691156427,-0.062076401338509474,1.0159881252140557,1.0228765693698245,0.09903741176804409,0.5225994602354712,0.4991136585203767,-0.009098324702693832,0.8664887629773448,1.1394955010098438,0.004266147633732231,0.8512070444919583,0.18544814548181646,-0.5240488669990973,1.0942523491926317,0.3371230059652753,0.5301817608140277,1.1329000641071598,-0.1660649559980954,-0.20233040821710457,0.6821861154276253,0.17901510929133266,0.6794395488002438,0.18,-0.10095110691156427,-0.07868943858243639,0.5159881252140557,0.10095110691156427,0.09903741176804409,0.5225994602354712,-0.039970313035139204,False
1782600856.7339091,TRACKING,Tracking AprilTag,Walk,4,71.81453704833984,0.10093723533876889,-0.06207280744703087,1.0157850460469897,1.022673270734537,0.09904355993498334,0.5228914588404904,0.4993675663568424,-0.008894534020617191,0.8663445740208688,1.139708077914913,0.003968280402979751,0.8512107097587897,0.18546224281485635,-0.5240463495335212,1.0942419015364182,0.33713315561844304,0.5301842782796038,1.1328949948168616,-0.16605130054952516,-0.20233040821710457,0.6821861154276253,0.17901510929133266,0.6794395488002438,0.18,-0.10093723533876889,-0.07882187174726656,0.5157850460469897,0.10093723533876889,0.09904355993498334,0.5228914588404904,-0.03946261511747429,False
1782600856.7839005,TRACKING,Tracking AprilTag,Walk,4,71.78582000732422,0.10095147550320012,-0.06207816434863946,1.015826595209558,1.0227162707370079,0.09905341654107865,0.5229125547802326,0.4993827768688622,-0.009559797425715671,0.8663287207751591,1.1396311793249034,0.00397230228222073,0.8512175058836162,0.18546812494086318,-0.5240345938201552,1.0942401434920237,0.3371419701518354,0.5301960339929699,1.1328971970901849,-0.16604258638225416,-0.2023326185696354,0.682193567949567,0.1789560294558585,0.6794469713174001,0.18,-0.10095147550320012,-0.07880316821884259,0.515826595209558,0.10095147550320012,0.09905341654107865,0.5229125547802326,-0.03956648802389495,False
1782600856.8339012,TRACKING,Tracking AprilTag,Walk,4,71.8140640258789,0.10094586317066369,-0.06205516408401027,1.015743806556456,1.0226320898732655,0.09905596592113025,0.5231325223973865,0.49957567379965734,-0.009055581401292043,0.8662229173792985,1.1397373560890838,0.003734477027300176,0.8512207919447038,0.1854614640042969,-0.5240324331914612,1.0942475582881381,0.3371415376336347,0.5301981946216638,1.1329037057127287,-0.16604616466480232,-0.20239115426558868,0.6821851421069013,0.1789538191516001,0.6794385793982307,0.18,-0.10094586317066369,-0.0788552477839981,0.5157438065564559,0.10094586317066369,0.09905596592113025,0.5231325223973865,-0.03935951639113977,False
1782600856.8839126,TRACKING,Tracking AprilTag,Walk,4,71.94894409179688,0.1009781972903941,-0.06206837836755472,1.015966535763285,1.022857312488915,0.09906590646677449,0.5228969538289214,0.4993691518151643,-0.009582692866621324,0.8663363216516016,1.139488915213098,0.004003297154655749,0.8512297317879145,0.1854409576280369,-0.5240278744858606,1.094269804363067,0.33713918297565526,0.5302027533272644,1.1329227786322116,-0.16605785466079648,-0.2023933976965723,0.6821316684731278,0.17889476738499802,0.6795071461266403,0.18,-0.1009781972903941,-0.07872324967781923,0.515966535763285,0.1009781972903941,0.09906590646677449,0.5228969538289214,-0.03991633940821249,False
1782600856.9339354,TRACKING,Tracking AprilTag,Walk,4,71.69580841064453,0.10097277991971863,-0.062086245010735785,1.0159643138337973,1.022855655059905,0.09906084162305225,0.5228190935638667,0.4993025091498382,-0.009411464309288554,0.8663766090426442,1.1395015167258866,0.004075714501105943,0.8512312434610936,0.1854225065224201,-0.5240317172804126,1.094286594588187,0.33713138446331564,0.5301989105327124,1.1329345852203945,-0.16607211414640333,-0.2023933976965723,0.6821316684731278,0.17889476738499802,0.6795071461266403,0.18,-0.10097277991971863,-0.0787216973508033,0.5159643138337973,0.10097277991971863,0.09906084162305225,0.5228190935638667,-0.03991078458449315,False
1782600856.9839919,TRACKING,Tracking AprilTag,Walk,4,71.85421752929688,0.10095156133963178,-0.062071446586132305,1.015842102684773,1.0227312744828065,0.09905199797041384,0.5230067004704733,0.49946731138149797,-0.00891490735982169,0.8662868631626036,1.1396485439463033,0.003860115200439884,0.8512288478672254,0.18541530169646167,-0.524025142593881,1.0942916761557253,0.33712574300442416,0.5302054852192439,1.1329367478161267,-0.16607939230322827,-0.2023933976965723,0.6821316684731278,0.17889476738499802,0.6795071461266403,0.18,-0.10095156133963178,-0.07878989085627548,0.515842102684773,0.10095156133963178,0.09905199797041384,0.5230067004704733,-0.0396052567119326,False
1782600857.0338058,TRACKING,Tracking AprilTag,Walk,4,71.89814758300781,0.10097468670628981,-0.06208641711767055,1.0159482748347113,1.0228399228058946,0.09906425380270718,0.5227093642965966,0.49920667524766965,-0.009572687330320954,0.8664300658711259,1.1395086505637133,0.004193106775742528,0.8512204244888886,0.18542093048359837,-0.5240342948758434,1.0942826215298291,0.3371211987446259,0.5301963329372816,1.1329266190249403,-0.1660796023897173,-0.2023933976965723,0.6821316684731278,0.17889476738499802,0.6795071461266403,0.18,-0.10097468670628981,-0.07873743767183729,0.5159482748347113,0.10097468670628981,0.09906425380270718,0.5227093642965966,-0.03987068708677821,False
1782600857.083922,TRACKING,Tracking AprilTag,Walk,4,71.87397766113281,0.10096929037195136,-0.06208800760684396,1.0159577852378747,1.0228489329672543,0.09905807289412213,0.5226053596714856,0.49911641316265876,-0.009603329174438856,0.8664817263972792,1.1394986109922176,0.004293871236550784,0.8512157540921053,0.18542482098795893,-0.524035499089988,1.0942769319622414,0.33711905924679725,0.530195128723137,1.13292056228985,-0.16607908800626242,-0.2023933976965723,0.6821316684731278,0.17889476738499802,0.6795071461266403,0.18,-0.10096929037195136,-0.07872773548746012,0.5159577852378747,0.10096929037195136,0.09905807289412213,0.5226053596714856,-0.039894463094686805,False
1782600857.1339135,TRACKING,Tracking AprilTag,Walk,4,71.99237823486328,0.1009715972750904,-0.06208229016936636,1.015889600253385,1.022781088069162,0.09906692671864886,0.5225941542669201,0.4991071272370656,-0.009514595092098,0.8664880541712027,1.1395733718628784,0.0043172198958943975,0.8512147635897305,0.18542489527411862,-0.5240444882316306,1.0942763781628893,0.33711823467438357,0.5301861395814944,1.1329197077819817,-0.16607959439513564,-0.2023911874396254,0.6821242191873502,0.17895384848401136,0.6794997255022164,0.18,-0.1009715972750904,-0.0787804687892125,0.515889600253385,0.1009715972750904,0.09906692671864886,0.5225941542669201,-0.0397240006334626,False
1782600857.1839144,TRACKING,Tracking AprilTag,Walk,4,71.93767547607422,0.10097579490719907,-0.06208659785671611,1.0159218244901889,1.0228137710580731,0.09906789634047404,0.5225130019950548,0.4990364942664421,-0.009580461413045357,0.8665280100200873,1.1395348535482963,0.004396519095413165,0.8512142337522907,0.18542821857155464,-0.524045352362029,1.0942732268026105,0.33711941533604334,0.5301852754510961,1.1329173701154902,-0.16607717357937724,-0.2023911874396254,0.6821242191873502,0.17895384848401136,0.6794997255022164,0.18,-0.10097579490719907,-0.07876190631691793,0.5159218244901889,0.10097579490719907,0.09906789634047404,0.5225130019950548,-0.03980456122547216,False
1782600857.2338057,TRACKING,Tracking AprilTag,Walk,4,71.86199188232422,0.10094876609040403,-0.06207933378599931,1.0157837057885428,1.0226734737950298,0.09905493034099204,0.5227262044751324,0.49922372366027634,-0.009043854291755481,0.8664259243780265,1.1397003968271933,0.004150332537119494,0.8512105354214785,0.1854367557079055,-0.5240451521425392,1.0942639769936087,0.3371204160264538,0.5301854756705858,1.1329094489903886,-0.1660722934026393,-0.2023326185696354,0.682193567949567,0.1789560294558585,0.6794469713174001,0.18,-0.10094876609040403,-0.07883624153264639,0.5157837057885428,0.10094876609040403,0.09905493034099204,0.5227262044751324,-0.03945926447135706,False
1782600857.2838628,TRACKING,Tracking AprilTag,Walk,4,71.93641662597656,0.10095474208361152,-0.062077716362123836,1.0157873887301403,1.0226776236532713,0.09906039911741783,0.522703718586048,0.4992043427682978,-0.009021325849271325,0.8664373259741256,1.1396973135952864,0.004178145901493513,0.8512028721449914,0.18543995385806408,-0.5240455149609836,1.0942574112682975,0.3371153322068176,0.5301851128521414,1.1329013353761306,-0.1660740606701991,-0.2023326185696354,0.682193567949567,0.1789560294558585,0.6794469713174001,0.18,-0.10095474208361152,-0.0788392007106663,0.5157873887301403,0.10095474208361152,0.09906039911741783,0.522703718586048,-0.03946847182535074,False
1782600857.33419,TRACKING,Tracking AprilTag,Walk,4,71.65340423583984,0.10095901099729215,-0.06208321264254698,1.0158561733058418,1.0227466998417347,0.09905789661765568,0.5228517121834148,0.4993313700663077,-0.009282669711294322,0.8663613650843018,1.1396129488943811,0.004027743851111654,0.8511946635574312,0.18544932278269902,-0.5240509815527019,1.0942452106006844,0.3371128219541726,0.5301796462604231,1.132889240591527,-0.16607108177041213,-0.2023326185696354,0.682193567949567,0.1789560294558585,0.6794469713174001,0.18,-0.10095901099729215,-0.07878907275384471,0.5158561733058418,0.10095901099729215,0.09905789661765568,0.5228517121834148,-0.039640433264604424,False
1782600857.3839211,TRACKING,Tracking AprilTag,Walk,4,71.75983428955078,0.1009433034357421,-0.062049363419808184,1.015680659472064,1.0225687634750686,0.09905958867072039,0.5233646360031936,0.4997717138729072,-0.010101738901326039,0.8660982559061682,1.1397416827695197,0.003515094632598692,0.8511915262117768,0.18544979086106914,-0.5240405932314266,1.0942432540717772,0.3371103251502654,0.5301900345816984,1.1328864006787152,-0.16607249489826792,-0.20233040821710457,0.6821861154276253,0.17901510929133266,0.6794395488002438,0.18,-0.1009433034357421,-0.07889525150753986,0.515680659472064,0.1009433034357421,0.09905958867072039,0.5233646360031936,-0.03920164868015996,False
1782600857.4338138,TRACKING,Tracking AprilTag,Walk,4,71.83013916015625,0.10096085803426318,-0.06208208703892921,1.015892699761317,1.0227830942161984,0.09905615860026637,0.5228341292646641,0.49931587745473216,-0.009338457031129482,0.8663696946118837,1.1395736094657283,0.00404528721581765,0.8511872612862343,0.18544862936986253,-0.5240471596277538,1.094242157578847,0.33710604305323705,0.5301834681853713,1.132883569728644,-0.16607588965501907,-0.20233040821710457,0.6821861154276253,0.17901510929133266,0.6794395488002438,0.18,-0.10096085803426318,-0.07876398543852366,0.5158926997613169,0.10096085803426318,0.09905615860026637,0.5228341292646641,-0.03973174940329227,False
1782600857.4839149,TRACKING,Tracking AprilTag,Walk,4,71.71094512939453,0.10096426724741334,-0.062081971439405706,1.015984943436774,1.022875045999674,0.0990505465261406,0.5226699277374722,0.4991746741649622,-0.00910765820410599,0.8664535159108888,1.1394972676393538,0.004209159679897212,0.8511921164269884,0.1854478820477321,-0.5240387005125161,1.0942452053295346,0.33710989559757226,0.5301919273006089,1.1328879777303118,-0.16607372161364387,-0.20233040821710457,0.6821861154276253,0.17901510929133266,0.6794395488002438,0.18,-0.10096426724741334,-0.07870193033479372,0.515984943436774,0.10096426724741334,0.0990505465261406,0.5226699277374722,-0.03996235859193509,False
1782600857.5338905,TRACKING,Tracking AprilTag,Walk,4,71.54246520996094,0.1009300577910628,-0.062064926339508907,1.015616457457134,1.0225046309455104,0.09905289540061687,0.5234567610973706,0.49985604851601256,-0.009157072483264916,0.866060089592803,1.1398590260195063,0.0034017924819412237,0.8511995773514878,0.1854479886433554,-0.5240480867263781,1.0942487975696473,0.33711643567157673,0.5301825410867469,1.1328940327586183,-0.1660693611791223,-0.20233040821710457,0.6821861154276253,0.17901510929133266,0.6794395488002438,0.18,-0.1009300577910628,-0.07892943056014737,0.515616457457134,0.1009300577910628,0.09905289540061687,0.5234567610973706,-0.03904114364283506,False
1782600857.5839128,TRACKING,Tracking AprilTag,Walk,4,71.83851623535156,0.1009452635157767,-0.06210777501751219,1.0157389192401944,1.0226303701744506,0.09905585483647805,0.5232216347532743,0.4996543250223703,-0.00872649969006066,0.8661809301119479,1.1397729932371377,0.003665637037790992,0.8512030243985724,0.18545172015978384,-0.5240333217304234,1.0942472554253726,0.33712127593391406,0.5301973060827017,1.132894721338462,-0.16606432806813032,-0.20233040821710457,0.6821861154276253,0.17901510929133266,0.6794395488002438,0.18,-0.1009452635157767,-0.07885659053519989,0.5157389192401944,0.1009452635157767,0.09905585483647805,0.5232216347532743,-0.039347298100486094,False
1782600857.6338882,TRACKING,Tracking AprilTag,Walk,4,71.69942474365234,0.10094518358043783,-0.06208390680310535,1.0157307429764069,1.0226207917891306,0.09905656906676498,0.5230380761219872,0.4994941381845173,-0.008993884246200266,0.8662705789564091,1.1397546806413712,0.003831993482771301,0.8511968145720795,0.1854460676061603,-0.5240304258200629,1.0942491034227815,0.3371130845840183,0.5302002019930622,1.1328928682003578,-0.1660725182565717,-0.20233040821710457,0.6821861154276253,0.17901510929133266,0.6794395488002438,0.18,-0.10094518358043783,-0.07886619023215184,0.5157307429764069,0.10094518358043783,0.09905656906676498,0.5230380761219872,-0.03932685744101716,False
1782600857.6839085,TRACKING,Tracking AprilTag,Walk,4,71.97810363769531,0.1009493931598015,-0.06210363253922826,1.0157695090781793,1.022660909943675,0.09905691702190275,0.5231156771009058,0.49956269104232487,-0.008692642620164651,0.8662341229037498,1.1397447773058376,0.0037752052918121892,0.8511838414653775,0.18543311361142506,-0.5240362071812125,1.0942539598100103,0.3370954062645227,0.5301944206319126,1.1328896525895304,-0.16609056728214405,-0.20233040821710457,0.6821861154276253,0.17901510929133266,0.6794395488002438,0.18,-0.1009493931598015,-0.07883962854598667,0.5157695090781793,0.1009493931598015,0.09905691702190275,0.5231156771009058,-0.03942377269544828,False
1782600857.7338939,TRACKING,Tracking AprilTag,Walk,4,71.8324966430664,0.1009688392586492,-0.0621047874280675,1.0159288242034625,1.0228211412412993,0.09906043860353413,0.52270387826302,0.4992020935045939,-0.009536728642626745,0.8664331022343431,1.1395278642813813,0.004188899542650282,0.8511726967836124,0.18542607348608028,-0.5240382802256663,1.094254577019939,0.3370822386395121,0.5301923475874587,1.1328845488095847,-0.16610272124144881,-0.20233040821710457,0.6821861154276253,0.17901510929133266,0.6794395488002438,0.18,-0.1009688392586492,-0.07874682200903105,0.5159288242034625,0.1009688392586492,0.09906043860353413,0.52270387826302,-0.03982206050865633,False
1782600857.7839282,TRACKING,Tracking AprilTag,Walk,4,71.87646484375,0.10090089782245498,-0.06206585236954349,1.0154200792744488,1.0223067536730173,0.09904349045882602,0.5235033261625107,0.4999006925098666,-0.008159914568635369,0.8660442906817112,1.140122320014673,0.0033491341346484904,0.8511659345090223,0.18541885237699163,-0.5240335087408017,1.0942575160560906,0.33707279222005276,0.5301971190723234,1.1328831411531115,-0.16611251365061896,-0.20233040821710457,0.6821861154276253,0.17901510929133266,0.6794395488002438,0.18,-0.10090089782245498,-0.07904856292561402,0.5154200792744488,0.10090089782245498,0.09904349045882602,0.5235033261625107,-0.03855019818612193,False
1782600857.8339055,TRACKING,Tracking AprilTag,Walk,4,71.90628814697266,0.1009413407814668,-0.06207623413600603,1.015748552964112,1.0226376366885563,0.0990510973412242,0.5231912003356994,0.49962529455064586,-0.009318423467038144,0.8661915100191581,1.1397234253058393,0.00368434097315512,0.8511603432660763,0.18541751593377112,-0.5240449507441739,1.0942559166235193,0.33706727045460916,0.5301856770689511,1.1328793231562266,-0.16611681143818352,-0.20233040821710457,0.6821861154276253,0.17901510929133266,0.6794395488002438,0.18,-0.1009413407814668,-0.0788466071960467,0.5157485529641119,0.1009413407814668,0.0990510973412242,0.5231912003356994,-0.03937138241027982,False
1782600857.8839207,TRACKING,Tracking AprilTag,Walk,4,71.9541015625,0.10094331645600373,-0.06208155657325401,1.0158565901425758,1.0227454641990823,0.09904255775243644,0.5230574323809543,0.4995073106676913,-0.009761328912172965,0.8662546756280158,1.1395922513481915,0.003819997452312207,0.8511617456898593,0.18541763903472025,-0.5240379958702414,1.0942565022374258,0.337068550690003,0.5301926319428837,1.1328804022874617,-0.16611590732420367,-0.20233040821710457,0.6821861154276253,0.17901510929133266,0.6794395488002438,0.18,-0.10094331645600373,-0.07877091781932674,0.5158565901425758,0.10094331645600373,0.09904255775243644,0.5230574323809543,-0.03964147535643947,False
1782600857.9339051,TRACKING,Tracking AprilTag,Walk,4,71.89598846435547,0.10095297155952485,-0.062102228085911274,1.0160479445961537,1.0229377375568864,0.09903343628946737,0.522774488540102,0.4992664753333488,-0.008838293970452812,0.8664034113321037,1.1394485547026842,0.004078127635701256,0.8511651176914223,0.18542592051748785,-0.5240418084007513,1.0942509667394218,0.3370755729128148,0.5301888194123737,1.132878423472473,-0.16610718736763208,-0.20233040821710457,0.6821861154276253,0.17901510929133266,0.6794395488002438,0.18,-0.10095297155952485,-0.07864327262505298,0.5160479445961537,0.10095297155952485,0.09903343628946737,0.522774488540102,-0.04011986149038416,False
1782600857.9839165,TRACKING,Tracking AprilTag,Walk,4,71.90782165527344,0.10087211158817734,-0.06207860875316662,1.0153896354936527,1.0222744486824071,0.0990183678266496,0.523940547506689,0.5002815566239123,-0.0075864614666665,0.8658295500295483,1.1401877142555301,0.002871248356773437,0.851180518858825,0.18543148978496263,-0.5240601164231822,1.0942537307354516,0.33709171518723685,0.5301705113899429,1.13288785889425,-0.1660938013483036,-0.20233040821710457,0.6821861154276253,0.17901510929133266,0.6794395488002438,0.18,-0.10087211158817734,-0.07903746348589369,0.5153896354936527,0.10087211158817734,0.0990183678266496,0.523940547506689,-0.03847408873413172,False
1782600858.0339,TRACKING,Tracking AprilTag,Walk,4,71.82593536376953,0.10089070112047784,-0.06206935758343094,1.0156985754840444,1.0225825809995583,0.0990065697183723,0.5232298773342842,0.49966006295170323,-0.00904221438660906,0.8661743818943658,1.1397865829211586,0.003581463478938729,0.8511923691358869,0.18543793271991918,-0.5240483459222879,1.094253981286107,0.33710520139136063,0.5301822818908372,1.1328938831100186,-0.16608173282305527,-0.20233040821710457,0.6821861154276253,0.17901510929133266,0.6794395488002438,0.18,-0.10089070112047784,-0.07883845809048562,0.5156985754840444,0.10089070112047784,0.0990065697183723,0.5232298773342842,-0.03924643871011102,False
1782600858.0839117,TRACKING,Tracking AprilTag,Walk,4,71.72441101074219,0.10087416202459004,-0.062077616869606646,1.0153867747516867,1.0222717493020168,0.09902064461009856,0.5235079638640439,0.49990591054995737,-0.007859849983908419,0.8660440539345838,1.1401760487431387,0.0033189487920664007,0.8511965872101234,0.18543330544373782,-0.5240483988617178,1.0942600880912063,0.3371065836961751,0.5301822289514072,1.1328999910217348,-0.16608311022989042,-0.20233040821710457,0.6821861154276253,0.17901510929133266,0.6794395488002438,0.18,-0.10087416202459004,-0.07904970624822596,0.5153867747516867,0.10087416202459004,0.09902064461009856,0.5235079638640439,-0.03846693687921676,False
1782600858.133901,TRACKING,Tracking AprilTag,Walk,4,71.77703094482422,0.10087177706939979,-0.06207599617095759,1.0153138327972953,1.0221989648690168,0.0990253859909413,0.5233960263836427,0.499807006662406,-0.008343356758352474,0.8660966138307946,1.140221903788943,0.0034447489909882334,0.8511978206909918,0.18543551504727426,-0.5240747874390923,1.094258776007976,0.33710874754932096,0.5301558403740327,1.1328997366715556,-0.16608059246722756,-0.20233040821710457,0.6821861154276253,0.17901510929133266,0.6794395488002438,0.18,-0.10087177706939979,-0.07910384834833736,0.5153138327972953,0.10087177706939979,0.0990253859909413,0.5233960263836427,-0.03828458199323814,False
1782600858.183867,TRACKING,Tracking AprilTag,Walk,4,71.67193603515625,0.10085774398192063,-0.06208004861718231,1.0153255286943157,1.0222094433998477,0.09901056652306217,0.5235804420144667,0.49996663147403897,-0.008364530370077417,0.8660042736870243,1.1402088721650008,0.003239825839093824,0.8512056047021218,0.18544078688286558,-0.524060849361993,1.0942580365375498,0.3371181196495799,0.530169778451132,1.132903098290905,-0.16607181279780753,-0.20233040821710457,0.6821861154276253,0.17901510929133266,0.6794395488002438,0.18,-0.10085774398192063,-0.07907932601091196,0.5153255286943157,0.10085774398192063,0.09901056652306217,0.5235804420144667,-0.03831382173578923,False
1782600858.2338006,TRACKING,Tracking AprilTag,Walk,4,71.73377990722656,0.10087848491710436,-0.06205599711597184,1.0154329179364496,1.0223166957093874,0.09902038986676977,0.5236757303085986,0.50004730184807,-0.00879510177831755,0.8659534295209957,1.1400626948645811,0.0031321239948076673,0.8512125876509616,0.18544404682834414,-0.5240650413199144,1.094258650804659,0.3371258015435482,0.5301655864932107,1.1329069554994269,-0.16606514115922016,-0.20233040821710457,0.6821861154276253,0.17901510929133266,0.6794395488002438,0.18,-0.10087848491710436,-0.07901604516613912,0.5154329179364496,0.10087848491710436,0.09902038986676977,0.5236757303085986,-0.038582294841124076,False
1782600858.28386,TRACKING,Tracking AprilTag,Walk,4,71.9382095336914,0.10089161532114038,-0.062053092862501845,1.015732279699848,1.0226151614366772,0.09900419713749446,0.5232439488340398,0.4996717811775355,-0.009145660659127568,0.8661665359421231,1.1397477746867548,0.003567323818290391,0.8512226577642139,0.18544025836485256,-0.5240634073147351,1.0942669185486351,0.3371326866031766,0.5301672204983899,1.1329173802002057,-0.16606247934588791,-0.20233040821710457,0.6821861154276253,0.17901510929133266,0.6794395488002438,0.18,-0.10089161532114038,-0.07881400223085741,0.515732279699848,0.10089161532114038,0.09900419713749446,0.5232439488340398,-0.03933069924962007,False
1782600858.3339067,TRACKING,Tracking AprilTag,Walk,4,71.7424087524414,0.10091100739475091,-0.06207282944901601,1.0159282920269035,1.0228129653606917,0.09900412147704875,0.52304871448549,0.49950003218927425,-0.009705087202856014,0.8662595044934854,1.1395195745586246,0.0037734168358604103,0.8512279982132714,0.18543499858506132,-0.5240615497031681,1.0942741296659877,0.3371347324443528,0.530169078109957,1.1329247704266834,-0.16606373243495104,-0.20233040821710457,0.6821861154276253,0.17901510929133266,0.6794395488002438,0.18,-0.10091100739475091,-0.07868961849356719,0.5159282920269035,0.10091100739475091,0.09900412147704875,0.52304871448549,-0.039820730067258725,False
1782600858.383921,TRACKING,Tracking AprilTag,Walk,4,71.83573150634766,0.10088063190818661,-0.0621003987328437,1.015668502739208,1.022553601956141,0.0989996650470105,0.5232772799744712,0.4997049650279374,-0.008147324934192481,0.8661573581185146,1.139879121033459,0.0035375709045574744,0.8512297463737049,0.18542942191416278,-0.5240543831996086,1.0942798421065763,0.3371334982054247,0.5301762446135164,1.1329293973728587,-0.1660673026859646,-0.20233040821710457,0.6821861154276253,0.17901510929133266,0.6794395488002438,0.18,-0.10088063190818661,-0.07885098417400277,0.5156685027392081,0.10088063190818661,0.0989996650470105,0.5232772799744712,-0.03917125684802014,False
1782600858.4338124,TRACKING,Tracking AprilTag,Walk,4,71.96376037597656,0.10088419353366339,-0.06207736648145794,1.0156440958022968,1.0225283122106086,0.09900550109759405,0.5233676721383723,0.49977889204941456,-0.009156655433177457,0.8661046211186831,1.1398356271289583,0.003443379107096356,0.8512243680087962,0.1854291176714458,-0.5240700316633735,1.0942774502943073,0.3371286713423864,0.5301605961497515,1.1329251627159875,-0.16607063240876158,-0.20233037354548505,0.6822470333307488,0.1790150786150551,0.6793783975670571,0.18,-0.10088419353366339,-0.07887043348438748,0.5156440958022968,0.10088419353366339,0.09900550109759405,0.5233676721383723,-0.039110239505741884,False
1782600858.4839156,TRACKING,Tracking AprilTag,Walk,4,71.92514038085938,0.10085320257643424,-0.06208005187620772,1.0154355917598152,1.022318317513426,0.09899547607206101,0.5237740405440238,0.500133510717426,-0.008546255661446036,0.8659061340420401,1.1400885412323245,0.003028870465412503,0.8512195871824401,0.1854266711159721,-0.5240627436534967,1.0942772163893015,0.3371233059698195,0.5301678841596283,1.1329226448448053,-0.16607537606336992,-0.20233037354548505,0.6822470333307488,0.1790150786150551,0.6793783975670571,0.18,-0.10085320257643424,-0.07898997563457183,0.5154355917598152,0.10085320257643424,0.09899547607206101,0.5237740405440238,-0.03858897939953809,False
1782600858.5339115,TRACKING,Tracking AprilTag,Walk,4,72.0082015991211,0.10084116926345003,-0.06207051785393221,1.0153608525970397,1.0222423154965081,0.09899097995823307,0.5235463489010637,0.4999378342718779,-0.008188633732859295,0.8660225794637998,1.140185406075965,0.0032522570994699684,0.8512107070280552,0.18543025635350302,-0.5240580306294446,1.0942697130714127,0.33711735523115005,0.5301725971836806,1.1329133120029242,-0.16607752295239198,-0.20233258389687955,0.6822544865156319,0.17895599878903495,0.6793858194136249,0.18,-0.10084116926345003,-0.07903923409592534,0.5153608525970397,0.10084116926345003,0.09899097995823307,0.5235463489010637,-0.03840213149259919,False
1782600858.5838351,TRACKING,Tracking AprilTag,Walk,4,71.74009704589844,0.10083409201334759,-0.062068429463380606,1.0152959825433139,1.0221770571759081,0.09899036098274998,0.5238862031885847,0.500230835215537,-0.008498095959657562,0.8658503876909837,1.1402296310896187,0.0029036207201570963,0.8512033362143043,0.185435571881589,-0.52405135363406,1.0942614506890265,0.3371135714801692,0.5301792741790651,1.1329042254605701,-0.16607738700302804,-0.20233254771663164,0.6823153999771417,0.17895596678888806,0.6793246624694148,0.18,-0.10083409201334759,-0.07907463211115551,0.5152959825433139,0.10083409201334759,0.09899036098274998,0.5238862031885847,-0.0382399563582847,False
1782600858.6338353,TRACKING,Tracking AprilTag,Walk,4,71.8714370727539,0.10085174093041645,-0.06208833719520449,1.0155288283252724,1.0224112853563685,0.09898502123102816,0.5231551146866991,0.4995945887537493,-0.009199183047397658,0.8662104951564791,1.139952487368363,0.0036412150905151264,0.8512017659892559,0.18543262597333937,-0.524064783633322,1.0942632366874019,0.3371107511624706,0.5301658441798031,1.1329046254649908,-0.16608070121161855,-0.20233254771663164,0.6823153999771417,0.17895596678888806,0.6793246624694148,0.18,-0.10085174093041645,-0.07893153665360295,0.5155288283252724,0.10085174093041645,0.09898502123102816,0.5231551146866991,-0.0388220708131809,False
1782600858.6839175,TRACKING,Tracking AprilTag,Walk,4,71.86864471435547,0.10082257193491975,-0.0620837206457732,1.01538527983349,1.0222655456794625,0.09897047736006587,0.5235042306946411,0.49989963680610017,-0.0085989200455438,0.8660406524495138,1.1401390790459915,0.0032787021862005217,0.8512087136160776,0.1854284501040715,-0.5240698340100796,1.094270299102393,0.33711472981765656,0.5301607938030455,1.1329127123903597,-0.16608014529735293,-0.20233254771663164,0.6823153999771417,0.17895596678888806,0.6793246624694148,0.18,-0.10082257193491975,-0.07900560576999315,0.5153852798334899,0.10082257193491975,0.09897047736006587,0.5235042306946411,-0.038463199583724794,False
1782600858.7339115,TRACKING,Tracking AprilTag,Walk,4,71.8841552734375,0.10082047608565758,-0.06207891903345679,1.0154088501779708,1.0222884590986294,0.09896615106946711,0.5233055799091975,0.4997264164572129,-0.008867183853131233,0.8661379115044827,1.1401011177638851,0.0034801942210521686,0.8512220498256722,0.18542810027624104,-0.5240706356908073,1.0942771899969204,0.3371261531463515,0.5301599921223178,1.1329238450769068,-0.16607279409635517,-0.20233254771663164,0.6823153999771417,0.17895596678888806,0.6793246624694148,0.18,-0.10082047608565758,-0.07899011436487423,0.5154088501779708,0.10082047608565758,0.09896615106946711,0.5233055799091975,-0.03852212544492695,False
1782600858.7839274,TRACKING,Tracking AprilTag,Walk,4,71.91606140136719,0.10082446809667044,-0.06207710589545235,1.0154092037450417,1.0222890938934406,0.09897000988312221,0.523311527994245,0.49973297901221675,-0.00854292378838366,0.8661373841029616,1.1401200397692197,0.003476562606031741,0.8512311587213167,0.18543322981472835,-0.5240645287763576,1.0942772286130458,0.33713660698075576,0.5301660990367675,1.1329283742647496,-0.16606337228111395,-0.20233254771663164,0.6823153999771417,0.17895596678888806,0.6793246624694148,0.18,-0.10082446809667044,-0.07899324144856947,0.5154092037450417,0.10082446809667044,0.09897000988312221,0.523311527994245,-0.03852300936260433,False
1782600858.8338325,TRACKING,Tracking AprilTag,Walk,4,71.74939727783203,0.10085181186695917,-0.06209444824700867,1.0155823508866018,1.0224648257482043,0.0989799077586743,0.5228961333466516,0.4993753670082841,-0.008005703730609949,0.8663487470603967,1.1399775286098208,0.0039051876544096698,0.8512268023922631,0.18544427874330155,-0.524072594983658,1.0942654697659622,0.33713827609450453,0.530158032829467,1.132918475182369,-0.1660568099192325,-0.20233254771663164,0.6823153999771417,0.17895596678888806,0.6793246624694148,0.18,-0.10085181186695917,-0.07889697819898833,0.5155823508866018,0.10085181186695917,0.0989799077586743,0.5228961333466516,-0.0389558772165044,False
1782600858.8838263,TRACKING,Tracking AprilTag,Walk,4,71.75248718261719,0.10083409786786511,-0.06206476595964649,1.015373284604816,1.0222536170420844,0.09898287952169088,0.5233309215441632,0.49975035191417966,-0.008407050112435813,0.8661286897857964,1.1401603407462706,0.003463331026464289,0.851223690889222,0.18544973828930014,-0.5240652762837729,1.0942591858172397,0.3371382670314737,0.5301653515293522,1.1329127977190465,-0.1660541165006042,-0.20233254771663164,0.6823153999771417,0.17895596678888806,0.6793246624694148,0.18,-0.10083409786786511,-0.07902794757027297,0.515373284604816,0.10083409786786511,0.09898287952169088,0.5233309215441632,-0.038433211512040044,False
1782600858.9338346,TRACKING,Tracking AprilTag,Walk,4,71.81684112548828,0.10086414603431623,-0.062051644065096716,1.015496674699032,1.0223783442596996,0.09900023143328436,0.5233965949228774,0.49980754330424065,-0.008332743733533833,0.8660964063186333,1.1400306012810513,0.0033965693102445127,0.8512201973885136,0.18545635299352364,-0.5240717586788651,1.0942517087673174,0.33713849634266363,0.5301588691342599,1.1329061455266682,-0.1660506949226458,-0.20233254771663164,0.6823153999771417,0.17895596678888806,0.6793246624694148,0.18,-0.10086414603431623,-0.07896157482732989,0.5154966746990319,0.10086414603431623,0.09900023143328436,0.5233965949228774,-0.03874168674757983,False
1782600858.9838364,TRACKING,Tracking AprilTag,Walk,4,71.7123031616211,0.10090791571845403,-0.06207099246910005,1.015810003545795,1.0226950566344055,0.09901256123677268,0.523000762343831,0.49946106883340285,-0.009158254352892116,0.8662879239011718,1.1396723941963012,0.0038318569985321127,0.8512201549503918,0.18545945025724134,-0.5240648589731052,1.0942489946729825,0.3371399891706755,0.53016576884002,1.1329043368598204,-0.16604818025213752,-0.20233258389687955,0.6822544865156319,0.17895599878903495,0.6793858194136249,0.18,-0.10090791571845403,-0.07877550022920854,0.5158100035457951,0.10090791571845403,0.09901256123677268,0.523000762343831,-0.03952500886448773,False
1782600859.0337963,TRACKING,Tracking AprilTag,Walk,4,71.77345275878906,0.10088598853763757,-0.06206815348128871,1.0155554154334452,1.0224398467274203,0.09901584030558203,0.5232595161604896,0.49968885559168086,-0.00832303449010785,0.8661649812214489,1.139979702697776,0.0035706252836624763,0.8512199949316435,0.18546021328859874,-0.5240698263790999,1.0942482521688217,0.33714022688988676,0.5301608014340251,1.1329037686781445,-0.16604764640531006,-0.20239108339383757,0.6823069726356182,0.17895375648695167,0.6793162720667708,0.18,-0.10088598853763757,-0.0789398573332989,0.5155554154334452,0.10088598853763757,0.09901584030558203,0.5232595161604896,-0.038888538583612964,False
1782600859.083819,TRACKING,Tracking AprilTag,Walk,4,72.0327377319336,0.1008885384780486,-0.062051943468437336,1.0155057141962425,1.0223897478210877,0.09902314122360022,0.5232167345766008,0.49964884163921947,-0.009006144233090041,0.8661812306986563,1.1399798313669924,0.003608365346001563,0.8512148602332567,0.1854577933773343,-0.5240549994734726,1.0942478203198447,0.33713456697782795,0.5301756283396525,1.1329009454612728,-0.16605257088950115,-0.20239111958365863,0.6822460599234428,0.1789537884859129,0.6793774282526249,0.18,-0.1008885384780486,-0.07897976566494516,0.5155057141962425,0.1008885384780486,0.09902314122360022,0.5232167345766008,-0.038764285490606176,False
1782600859.1338346,TRACKING,Tracking AprilTag,Walk,4,71.94790649414062,0.10092796083626304,-0.06208053466580089,1.0157363657465346,1.0226244720145006,0.09903923418531736,0.5227233923999421,0.4992222130892111,-0.008836417848420739,0.866428935157361,1.1397630408966248,0.004138120907719978,0.8512157704936127,0.18545738715912194,-0.5240691757968094,1.0942486231096384,0.337135157837963,0.5301614520163157,1.1329019242964657,-0.16605238255783278,-0.20233258389687955,0.6822544865156319,0.17895599878903495,0.6793858194136249,0.18,-0.10092796083626304,-0.07885310265794213,0.5157363657465346,0.10092796083626304,0.09903923418531736,0.5227233923999421,-0.039340914366336466,False
1782600859.1837974,TRACKING,Tracking AprilTag,Walk,4,71.9649429321289,0.1009331589424361,-0.06206306841721077,1.0157417264464799,1.0226292494740867,0.09904378241719905,0.5230097015908547,0.49946819779367113,-0.00929171442523784,0.8662823924308874,1.1397261700742878,0.0038471584262724234,0.8512146815794933,0.18545712273390672,-0.524060916855973,1.0942483152215166,0.3371340804060355,0.5301697109571519,1.1329011831040072,-0.16605322296749098,-0.20233258389687955,0.6822544865156319,0.17895599878903495,0.6793858194136249,0.18,-0.1009331589424361,-0.07884805961135627,0.5157417264464799,0.1009331589424361,0.09904378241719905,0.5230097015908547,-0.03935431611619966,False
1782600859.233837,TRACKING,Tracking AprilTag,Walk,4,71.67019653320312,0.10094412952144723,-0.06208525097828531,1.0157626960039747,1.0226525070947328,0.09905244581537716,0.52310843732174,0.49955520107570783,-0.0089688588153202,0.8662356265184202,1.1397231764031412,0.0037537790910349145,0.8512090352454208,0.1854584554197653,-0.524058857013342,1.0942443677171738,0.33712982901220273,0.5301717707997831,1.1328957912711217,-0.16605536429376033,-0.20233258389687955,0.6822544865156319,0.17895599878903495,0.6793858194136249,0.18,-0.10094412952144723,-0.07884020214056837,0.5157626960039747,0.10094412952144723,0.09905244581537716,0.52310843732174,-0.039406740009936825,False
1782600859.2838018,TRACKING,Tracking AprilTag,Walk,4,71.78590393066406,0.10091619806361996,-0.062081473084341705,1.015515782839746,1.022404271082902,0.09904913654633847,0.5232529302258826,0.49968364915810576,-0.008202404778299435,0.866169135515629,1.1400240818677205,0.0036117004711696543,0.8512085851732509,0.18545734062113722,-0.5240425226690388,1.0942451147681964,0.33712888706968375,0.5301881051440862,1.132896060797639,-0.16605653591502845,-0.20233258389687955,0.6822544865156319,0.17895599878903495,0.6793858194136249,0.18,-0.10091619806361996,-0.07899587434714761,0.5155157828397461,0.10091619806361996,0.09904913654633847,0.5232529302258826,-0.03878945709936521,False
1782600859.333909,TRACKING,Tracking AprilTag,Walk,4,71.79484558105469,0.1009556910180403,-0.06207787483531263,1.0158144084811027,1.0227045646572677,0.09905870642752772,0.5228349462558205,0.4993182929278491,-0.008964785988411307,0.8663722496478061,1.1396720487838947,0.004039847212113479,0.8512093256407517,0.1854469890142148,-0.5240296659561352,1.0942544814171418,0.3371244182951838,0.5302009618569898,1.1329025964115353,-0.1660645975407326,-0.20233258389687955,0.6822544865156319,0.17895599878903495,0.6793858194136249,0.18,-0.1009556910180403,-0.0788174290244188,0.5158144084811027,0.1009556910180403,0.09905870642752772,0.5228349462558205,-0.03953602120275679,False
1782600859.3839235,TRACKING,Tracking AprilTag,Walk,4,71.84768676757812,0.10096705944576749,-0.06209153199525759,1.015867586963312,1.022759336149666,0.09906463617257798,0.5229347613148297,0.4994025979818411,-0.009436887015712835,0.8663186424707945,1.1395943586198565,0.003957138446472441,0.8512138438511558,0.1854286897835395,-0.5240332691768608,1.0942726245031857,0.33711930903913606,0.5301973586362643,1.132916780620233,-0.1660770106101429,-0.20233258389687955,0.6822544865156319,0.17895599878903495,0.6793858194136249,0.18,-0.10096705944576749,-0.07878603155369283,0.515867586963312,0.10096705944576749,0.09906463617257798,0.5229347613148297,-0.039668967408280076,False
1782600859.433935,TRACKING,Tracking AprilTag,Walk,4,71.84479522705078,0.10095133021392187,-0.06208067925026587,1.0157372257950388,1.0226276417513542,0.09906193319257134,0.5229104360298492,0.4993833075610385,-0.009050631293806857,0.8663338837899514,1.1397442435581266,0.0039670896388793175,0.8512204313244746,0.18542104107291524,-0.5240439562799987,1.0942825287462261,0.3371212593080245,0.5301866715331264,1.1329265612912063,-0.16607950781943553,-0.2023326185696354,0.682193567949567,0.1789560294558585,0.6794469713174001,0.18,-0.10095133021392187,-0.07886929037033431,0.5157372257950388,0.10095133021392187,0.09906193319257134,0.5229104360298492,-0.039343064487596946,False
1782600859.483914,TRACKING,Tracking AprilTag,Walk,4,71.75735473632812,0.10093049816476672,-0.062070062903963844,1.0156265456118103,1.0225150064033626,0.09905234729508884,0.5230374604688861,0.4994931025855835,-0.009104994985831704,0.866270015373807,1.1398527631040702,0.0038275571842033007,0.8512224104022476,0.1854159263444123,-0.5240402893088463,1.0942879535677839,0.337120454008355,0.5301903385042788,1.1329311129657698,-0.166082567142099,-0.20233040821710457,0.6821861154276253,0.17901510929133266,0.6794395488002438,0.18,-0.10093049816476672,-0.07893052664970185,0.5156265456118103,0.10093049816476672,0.09905234729508884,0.5230374604688861,-0.03906636402952579,False
1782600859.5339139,TRACKING,Tracking AprilTag,Walk,4,71.92764282226562,0.1009231826088623,-0.06210059512405166,1.0155548725201844,1.0224449480544913,0.09905215924793555,0.5233690929815745,0.49978469165630746,-0.00809701880472901,0.8661118289646468,1.1399908501467013,0.003496680035441402,0.8512209896071505,0.18541178635211944,-0.5240419633332744,1.094290851649691,0.33711717386870066,0.5301886644798507,1.1329323193460807,-0.16608677461657162,-0.20233040821710457,0.6821861154276253,0.17901510929133266,0.6794395488002438,0.18,-0.1009231826088623,-0.07897076892022584,0.5155548725201844,0.1009231826088623,0.09905215924793555,0.5233690929815745,-0.03888718130046098,False
1782600859.5839217,TRACKING,Tracking AprilTag,Walk,4,71.88002014160156,0.10092227002067046,-0.0620917997712014,1.0155510976535118,1.0224405743759413,0.09905163520146856,0.5231756756542334,0.49961732218551946,-0.008057146832272585,0.8662087587626288,1.1399976586253429,0.0036929811134475687,0.8512141258891519,0.18541273602720568,-0.5240466571256346,1.0942866359189647,0.3371116747667761,0.5301839706874905,1.1329261489246987,-0.1660899271405607,-0.20233040821710457,0.6821861154276253,0.17901510929133266,0.6794395488002438,0.18,-0.10092227002067046,-0.07897652665377046,0.5155510976535118,0.10092227002067046,0.09905163520146856,0.5231756756542334,-0.038877744133779535,False
1782600859.6339042,TRACKING,Tracking AprilTag,Walk,4,71.8923568725586,0.10095290503125322,-0.06208582226272649,1.0157680758239438,1.0226587515996552,0.09906047941987568,0.5230399437582013,0.4994954790313394,-0.00905533571445186,0.866269165630609,1.139713633925742,0.003835694076839924,0.8512129040635785,0.185419029350321,-0.5240414581082572,1.0942805602897212,0.33711372061693257,0.5301891697048677,1.1329215429963324,-0.16608546797051998,-0.20233040821710457,0.6821861154276253,0.17901510929133266,0.6794395488002438,0.18,-0.10095290503125322,-0.07884526461272484,0.5157680758239438,0.10095290503125322,0.09906047941987568,0.5230399437582013,-0.039420189559859486,False
1782600859.6839104,TRACKING,Tracking AprilTag,Walk,4,71.78411102294922,0.10095531883370637,-0.06209239162983748,1.015828810002389,1.0227197136703672,0.09905694842816566,0.52295408818803,0.4994215461290879,-0.008956858199232974,0.8663128153001259,1.139656238307239,0.003913446231005202,0.8512163125890714,0.18542030083965091,-0.524032500738365,1.0942811381637325,0.33711731238429393,0.53019812707476,1.132923608915543,-0.166082473524166,-0.20233040821710457,0.6821861154276253,0.17901510929133266,0.6794395488002438,0.18,-0.10095531883370637,-0.07880407745797303,0.5158288100023889,0.10095531883370637,0.09905694842816566,0.52295408818803,-0.03957202500597223,False
1782600859.733877,TRACKING,Tracking AprilTag,Walk,4,72.00283813476562,0.10092823798306055,-0.06207720376294997,1.0155924218028665,1.0224813228968066,0.09905345000060656,0.5231279669000702,0.4995720162468407,-0.008991581915144032,0.8662256934758571,1.1398919230534919,0.003732574841100289,0.851215557386799,0.18542227308020295,-0.5240301266353442,1.0942790502681203,0.33711762980385873,0.5302005011777808,1.1329218602898181,-0.16608128930655858,-0.20233040821710457,0.6821861154276253,0.17901510929133266,0.6794395488002438,0.18,-0.10092823798306055,-0.07895206510456858,0.5155924218028665,0.10092823798306055,0.09905345000060656,0.5231279669000702,-0.03898105450716616,False
1782600859.7839136,TRACKING,Tracking AprilTag,Walk,4,71.65099334716797,0.10089511136965386,-0.062067094952707305,1.01536210273202,1.0222486720160378,0.09904346568434334,0.5236619128253646,0.500037577718916,-0.008269840376365172,0.8659642201668314,1.140173400448087,0.003187666334313277,0.8512210484111742,0.18542075622142984,-0.5240288698242167,1.0942830812076147,0.33712165519030224,0.5302017579889082,1.1329272302881928,-0.16607938790531634,-0.20233040821710457,0.6821861154276253,0.17901510929133266,0.6794395488002438,0.18,-0.10089511136965386,-0.07908343398882225,0.5153621027320201,0.10089511136965386,0.09904346568434334,0.5236619128253646,-0.03840525683005025,False
1782600859.833909,TRACKING,Tracking AprilTag,Walk,4,71.60782623291016,0.1008855987641369,-0.062083624137356186,1.0153746826151078,1.022261232034042,0.09903296962847373,0.5234305774501428,0.4998365319214494,-0.008438484947027697,0.8660786530844278,1.1401533037752638,0.003416306118589174,0.8512223966646557,0.18542500651446683,-0.5240535169266624,1.0942800513888735,0.33712492673072647,0.5301771108864627,1.132925901270115,-0.16607513155837306,-0.20233040821710457,0.6821861154276253,0.17901510929133266,0.6794395488002438,0.18,-0.1008855987641369,-0.07907019891645319,0.5153746826151078,0.1008855987641369,0.09903296962847373,0.5234305774501428,-0.03843670653776943,False
1782600859.8837998,TRACKING,Tracking AprilTag,Walk,4,71.78421783447266,0.10086999823270407,-0.0620722528905728,1.0153108022847344,1.0221955519167787,0.09902394474669658,0.5234972023169436,0.4998936743647478,-0.008569925875041618,0.8660443814843485,1.140207620616408,0.0033340785114082117,0.8512293894366446,0.18543850839315026,-0.5240711483536362,1.0942717649367795,0.3371376756247869,0.5301594794594888,1.1329239007268341,-0.16606005848918814,-0.20233040821710457,0.6821861154276253,0.17901510929133266,0.6794395488002438,0.18,-0.10086999823270407,-0.07910259757041904,0.5153108022847344,0.10086999823270407,0.09902394474669658,0.5234972023169436,-0.0382770057118359,False
1782600859.9338071,TRACKING,Tracking AprilTag,Walk,4,71.7503890991211,0.1008853647880976,-0.06207953993146704,1.0154788323000439,1.0223644090812194,0.09902265070725652,0.5231907837803077,0.4996281792928401,-0.00859314379119579,0.8661973449141399,1.1400409245931664,0.003651246435707911,0.8512403247058428,0.18545417555172705,-0.524069926012348,1.0942635429164387,0.33715492202591346,0.530160701800777,1.1329238919294307,-0.16604095247199702,-0.20233040821710457,0.6821861154276253,0.17901510929133266,0.6794395488002438,0.18,-0.1008853647880976,-0.078997407632701,0.5154788323000439,0.1008853647880976,0.09902265070725652,0.5231907837803077,-0.03869708075010969,False
1782600859.9838362,TRACKING,Tracking AprilTag,Walk,4,71.91981506347656,0.10087408373705466,-0.06207860394361252,1.0153888042289194,1.0222738173262647,0.09902037163926483,0.523560018070817,0.49994929200388516,-0.008280935735753399,0.8660150873559619,1.1401467723903662,0.003264831322451145,0.851248240228592,0.18545828953405424,-0.5240768759810764,1.0942638751763316,0.33716383661812765,0.5301537518320486,1.1329280244859044,-0.16603304663061402,-0.20233040821710457,0.6821861154276253,0.17901510929133266,0.6794395488002438,0.18,-0.10087408373705466,-0.0790471312001117,0.5153888042289194,0.10087408373705466,0.09902037163926483,0.523560018070817,-0.03847201057229854,False
1782600860.0338054,TRACKING,Tracking AprilTag,Walk,4,71.74274444580078,0.1009081423640854,-0.06209337612415308,1.0155794584163857,1.0224674454040996,0.09903511225124202,0.5231779397161406,0.4996182630095562,-0.008306729531576774,0.8662058586224197,1.1399571915988285,0.0036785813093801467,0.8512466568936278,0.18546093567848324,-0.5240868948580285,1.0942607922953498,0.3371637667983543,0.5301437329550965,1.1329252110388859,-0.16603178427336535,-0.20233040821710457,0.6821861154276253,0.17901510929133266,0.6794395488002438,0.18,-0.1009081423640854,-0.07894306483089535,0.5155794584163857,0.1009081423640854,0.09903511225124202,0.5231779397161406,-0.038948646040964374,False
1782600860.0837939,TRACKING,Tracking AprilTag,Walk,4,72.12533569335938,0.10089931747449557,-0.06208345679577531,1.0155724800749153,1.0224590408226855,0.09902718368508116,0.5231149820732321,0.49956421913163457,-0.008187466544093185,0.8662381637604001,1.1399736207778102,0.003736394303645474,0.8512464673400593,0.18546190516991,-0.5240828259047272,1.0942598556827723,0.33716408080641436,0.5301478019083978,1.1329245004013946,-0.16603109809661126,-0.20233040821710457,0.6821861154276253,0.17901510929133266,0.6794395488002438,0.18,-0.10089931747449557,-0.07894171827254169,0.5155724800749153,0.10089931747449557,0.09902718368508116,0.5231149820732321,-0.03893120018728824,False
1782600860.1338224,TRACKING,Tracking AprilTag,Walk,4,71.70321655273438,0.10092966444463815,-0.062074971412483824,1.0157761485137828,1.022663817258762,0.09903704139075019,0.522970610669306,0.4994366147720054,-0.008786457888942861,0.8663058732242587,1.1397216099176564,0.003875569598533024,0.851242269730911,0.18546893194562222,-0.5240779038613449,1.0942516725712967,0.33716390140170027,0.5301527239517801,1.1329170350141382,-0.1660277419838917,-0.20233040821710457,0.6821861154276253,0.17901510929133266,0.6794395488002438,0.18,-0.10092966444463815,-0.07882025972384683,0.5157761485137828,0.10092966444463815,0.09903704139075019,0.522970610669306,-0.0394403712844571,False
1782600860.1837919,TRACKING,Tracking AprilTag,Walk,4,71.7538833618164,0.10091269361738518,-0.06205369714894396,1.0156492385815103,1.0225347959332098,0.09903278976778171,0.5232373173051321,0.49966536385145377,-0.009291819435638223,0.8661686823354732,1.139820706081396,0.0036058741481559964,0.851232835242259,0.1854686358355797,-0.5240805407417092,1.0942472703807151,0.33715555167264094,0.5301500870714159,1.1329094707000096,-0.16603338808068901,-0.20233040821710457,0.6821861154276253,0.17901510929133266,0.6794395488002438,0.18,-0.10091269361738518,-0.07889417877443172,0.5156492385815103,0.10091269361738518,0.09903278976778171,0.5232373173051321,-0.039123096453775874,False
1782600860.2338424,TRACKING,Tracking AprilTag,Walk,4,71.7697525024414,0.10090545145043826,-0.06204776474216394,1.0155492814566023,1.0224344371689251,0.09903541205766407,0.5233350503861584,0.49975111797780625,-0.009051152530883788,0.8661217562893773,1.1399343752381301,0.0035058878228669266,0.85123062665083,0.18547356529449532,-0.5240724839392994,1.0942418932987863,0.3371560659014152,0.5301581438738256,1.132904836990477,-0.16603061208046033,-0.20233040821710457,0.6821861154276253,0.17901510929133266,0.6794395488002438,0.18,-0.10090545145043826,-0.07896001585869827,0.5155492814566023,0.10090545145043826,0.09903541205766407,0.5233350503861584,-0.038873203641505705,False
1782600860.2837908,TRACKING,Tracking AprilTag,Walk,4,71.679443359375,0.10093593973987608,-0.06207557155792376,1.0157873441691943,1.02267559327957,0.09904207432889853,0.5229179293141025,0.49939031107804566,-0.008936677911290082,0.8663310296816585,1.1397027817117433,0.003938974520207084,0.8512332794336744,0.18547160074313349,-0.5240659897417679,1.0942449117175783,0.3371574022647148,0.5301646380713572,1.1329081367503646,-0.16603070320431168,-0.20233040821710457,0.6821861154276253,0.17901510929133266,0.6794395488002438,0.18,-0.10093593973987608,-0.07881851024310352,0.5157873441691943,0.10093593973987608,0.09904207432889853,0.5229179293141025,-0.03946836042298563,False
1782600860.333832,TRACKING,Tracking AprilTag,Walk,4,71.55987548828125,0.10094624715103866,-0.06207697790729679,1.0157428456116098,1.0226324972399188,0.09905643335331271,0.5229085606631075,0.4993833912860644,-0.008664429336522929,0.8663377841072741,1.1397624053296747,0.003961367144305616,0.8512384654199975,0.18547368651543394,-0.5240647834195914,1.0942456594381833,0.33716294174249967,0.5301658443935336,1.132911193379935,-0.16602602325603177,-0.20233040821710457,0.6821861154276253,0.17901510929133266,0.6794395488002438,0.18,-0.10094624715103866,-0.07886070409359597,0.5157428456116098,0.10094624715103866,0.09905643335331271,0.5229085606631075,-0.03935711402902442,False
1782600860.383825,TRACKING,Tracking AprilTag,Walk,4,71.62882232666016,0.10095047683540029,-0.0620757981900342,1.0157379958116253,1.0226280260337293,0.09906102664697365,0.522946061006596,0.4994154875312188,-0.008754400103794031,0.8663183775568758,1.1397622190344554,0.00393019889716989,0.851243173975217,0.18547963402182263,-0.524048904765589,1.0942428135001305,0.3371699733825002,0.5301817230475361,1.1329116469272353,-0.166018451095221,-0.20233040821710457,0.6821861154276253,0.17901510929133266,0.6794395488002438,0.18,-0.10095047683540029,-0.07886727033499161,0.5157379958116253,0.10095047683540029,0.09906102664697365,0.522946061006596,-0.03934498952906318,False
1782600860.4338574,TRACKING,Tracking AprilTag,Walk,4,71.71742248535156,0.10097905860466475,-0.062088950592153885,1.0159085735000732,1.022801074389968,0.09907236125408053,0.5227720195129202,0.4992630459364444,-0.009125980587035083,0.8664024050293194,1.1395689284554535,0.0041240927734678134,0.8512454048908917,0.18548653099792253,-0.5240494810097952,1.0942379182803104,0.3371753196042487,0.5301811468033298,1.1329095256499802,-0.16601151961292082,-0.20233040821710457,0.6821861154276253,0.17901510929133266,0.6794395488002438,0.18,-0.10097905860466475,-0.07876942875841872,0.5159085735000732,0.10097905860466475,0.09907236125408053,0.5227720195129202,-0.039771433750183105,False
1782600860.4838383,TRACKING,Tracking AprilTag,Walk,4,71.6105728149414,0.10098401532951476,-0.06209056280130571,1.015934976526842,1.022827886729556,0.09907463453373926,0.5228575169549137,0.4993374334879349,-0.009056777011220875,0.8663602612700164,1.139548488614469,0.004044045404046848,0.8512467399870606,0.18549212569481333,-0.5240367105090769,1.09423371297651,0.3371792437009634,0.5301939173040482,1.132907415873428,-0.16600616872907054,-0.20233040821710457,0.6821861154276253,0.17901510929133266,0.6794395488002438,0.18,-0.10098401532951476,-0.07875251825591606,0.515934976526842,0.10098401532951476,0.09907463453373926,0.5228575169549137,-0.03983744131710487,False
1782600860.5338297,TRACKING,Tracking AprilTag,Walk,4,71.58242797851562,0.1009857144816217,-0.06209564130758502,1.0159329083769664,1.022826308579343,0.09907649104484667,0.5226276071300815,0.49913688296292025,-0.009351175002442424,0.8664726929292889,1.1395341466211688,0.004283283060008358,0.8512457764359961,0.18548656162353222,-0.52403363548729,1.094238075155676,0.337175657796224,0.5301969923258351,1.1329098126833186,-0.16601128171471735,-0.20233040821710457,0.6821861154276253,0.17901510929133266,0.6794395488002438,0.18,-0.1009857144816217,-0.07876011971576605,0.5159329083769664,0.1009857144816217,0.09907649104484667,0.5226276071300815,-0.039832270942415926,False
1782600860.5838244,TRACKING,Tracking AprilTag,Walk,4,71.78474426269531,0.10098509364089173,-0.06209875010274239,1.0158986017712488,1.0227923606396172,0.09907920983130564,0.522755706806908,0.4992495287729191,-0.00898971271564791,0.8664116187386387,1.1395868411061398,0.004147792199455935,0.8512477542130108,0.18547591905205305,-0.5240261668948041,1.0942483059075518,0.3371721211812234,0.530204460918321,1.1329175292217404,-0.16601887322078596,-0.20233040821710457,0.6821861154276253,0.17901510929133266,0.6794395488002438,0.18,-0.10098509364089173,-0.07878243284046167,0.5158986017712488,0.10098509364089173,0.09907920983130564,0.522755706806908,-0.039746504428122,False
1782600860.633904,TRACKING,Tracking AprilTag,Walk,4,71.85778045654297,0.10096115809439762,-0.06209129974299927,1.0157553772154193,1.0226472858662343,0.09906975532342682,0.5228457377413431,0.4993298017429406,-0.00846869713534598,0.8663706079156802,1.1397576095790964,0.00403213565408328,0.8512512261813573,0.18547071014986902,-0.5240305927278648,1.0942545499490237,0.33717256746841817,0.5302000350852603,1.1329233586259795,-0.16602115472738954,-0.20233040821710457,0.6821861154276253,0.17901510929133266,0.6794395488002438,0.18,-0.10096115809439762,-0.07886574001159782,0.5157553772154193,0.10096115809439762,0.09906975532342682,0.5228457377413431,-0.03938844303854827,False
1782600860.6838114,TRACKING,Tracking AprilTag,Walk,4,71.7480697631836,0.10094125235181092,-0.0620616011119015,1.0155909440157311,1.0224801926324483,0.09906628243279168,0.5233618842340861,0.49977601397658505,-0.008677655695728082,0.8661112134970328,1.1399084242433508,0.003501260903112924,0.8512599454337688,0.18547237130372488,-0.5240286647389085,1.0942574119530994,0.3371809694757627,0.5302019630742165,1.1329295548328033,-0.16601479927180074,-0.20233040821710457,0.6821861154276253,0.17901510929133266,0.6794395488002438,0.18,-0.10094125235181092,-0.07896002189318603,0.5155909440157311,0.10094125235181092,0.09906628243279168,0.5233618842340861,-0.038977360039327835,False
1782600860.733886,TRACKING,Tracking AprilTag,Walk,4,71.80189514160156,0.10096555984829834,-0.062079912101646574,1.015783687632815,1.022675148726588,0.09907130319439285,0.5229017522783693,0.49937840750168916,-0.008450425693001914,0.8663427707476319,1.1397305882015139,0.0039778125224242955,0.8512628256640705,0.18547843546613785,-0.5240362294940252,1.0942535615763045,0.3371864689658207,0.5301943983190999,1.132928442802598,-0.1660081786086025,-0.20233040821710457,0.6821861154276253,0.17901510929133266,0.6794395488002438,0.18,-0.10096555984829834,-0.07884752547418682,0.515783687632815,0.10096555984829834,0.09907130319439285,0.5229017522783693,-0.03945921908203753,False
1782600860.7839212,TRACKING,Tracking AprilTag,Walk,4,71.92342376708984,0.10096858946574153,-0.062086909598717537,1.0158344663935632,1.0227263091928926,0.09906933645039663,0.5229019326885173,0.49937575548108215,-0.00909154051900222,0.8663378086685872,1.1396470098633986,0.003991503218986503,0.8512577152273044,0.18547811275062898,-0.5240394242213331,1.0942513181553752,0.3371818659481395,0.530191203591792,1.1329244383591133,-0.166011370025469,-0.20233040821710457,0.6821861154276253,0.17901510929133266,0.6794395488002438,0.18,-0.10096858946574153,-0.07881256145499999,0.5158344663935632,0.10096858946574153,0.09906933645039663,0.5229019326885173,-0.03958616598390807,False
1782600860.8339403,TRACKING,Tracking AprilTag,Walk,4,71.7367172241211,0.10093951633642857,-0.062095817824777605,1.015648178367961,1.0225389473128725,0.09905904369708066,0.5232647631329153,0.49969265112456795,-0.008501255669109493,0.8661610606949203,1.139875716998455,0.003619871190740198,0.8512447872432084,0.18548851505185143,-0.5240469917591901,1.0942358880505048,0.3371757624649376,0.5301836360539349,1.1329078830185515,-0.1660102469304613,-0.20233040821710457,0.6821861154276253,0.17901510929133266,0.6794395488002438,0.18,-0.10093951633642857,-0.07891796389340672,0.515648178367961,0.10093951633642857,0.09905904369708066,0.5232647631329153,-0.03912044591990238,False
1782600860.883912,TRACKING,Tracking AprilTag,Walk,4,71.43867492675781,0.10093044384197386,-0.062097161821137434,1.015641435739494,1.0225314361873472,0.09905085162394728,0.5231598959158823,0.49960199287416823,-0.008459624616275477,0.8662137631482839,1.1398869517380865,0.0037199295955492873,0.8512367464695422,0.185497459115895,-0.524046523700439,1.0942241396906387,0.3371731882926,0.530184104112686,1.1328961691270547,-0.16600752019821063,-0.20233040821710457,0.6821861154276253,0.17901510929133266,0.6794395488002438,0.18,-0.10093044384197386,-0.0789170515947417,0.5156414357394941,0.10093044384197386,0.09905085162394728,0.5231598959158823,-0.039103589348735146,False
1782600860.933937,TRACKING,Tracking AprilTag,Walk,4,71.97584533691406,0.10093151850844458,-0.06210255249768985,1.0156710672986915,1.0225613015378647,0.09904902847989534,0.5231353608845742,0.499581134235283,-0.008365863068021964,0.8662267039587935,1.1398648816946062,0.003746427455051049,0.8512301759287354,0.18550274657895177,-0.5240514891289896,1.0942162969636655,0.33717008653411557,0.5301791386841355,1.1328877546804006,-0.1660069489193151,-0.20233040821710457,0.6821861154276253,0.17901510929133266,0.6794395488002438,0.18,-0.10093151850844458,-0.07889651382347153,0.5156710672986915,0.10093151850844458,0.09904902847989534,0.5231353608845742,-0.03917766824672875,False
1782600860.9839132,TRACKING,Tracking AprilTag,Walk,4,71.68620300292969,0.10091714074531617,-0.06206820761146934,1.0155675657831962,1.0224549928300595,0.09904503823382527,0.5233094847321952,0.49972880342908477,-0.009088968195409147,0.8661342353702906,1.1399121906153422,0.0035409427251438808,0.8512277957452892,0.18549718110081856,-0.5240470909452933,1.0942199606958314,0.3371652681436471,0.5301835368678317,1.1328889910144153,-0.1660128743980548,-0.20233040821710457,0.6821861154276253,0.17901510929133266,0.6794395488002438,0.18,-0.10091714074531617,-0.07895721587476906,0.5155675657831962,0.10091714074531617,0.09904503823382527,0.5233094847321952,-0.03891891445799045,False
1782600861.0339615,TRACKING,Tracking AprilTag,Walk,4,71.72052764892578,0.10093187827091149,-0.06209309081129666,1.015580598280621,1.0224709030489905,0.09905814504928792,0.5231254945258712,0.49957456910161663,-0.007877553390591494,0.8662350685925342,1.1399760529946334,0.003744890572331405,0.8512296445277202,0.18548931253604045,-0.5240369571320087,1.0942277156820086,0.3371629894384147,0.5301936706811163,1.1328950130686573,-0.16601826579591167,-0.20233040821710457,0.6821861154276253,0.17901510929133266,0.6794395488002438,0.18,-0.10093187827091149,-0.07896407031866065,0.515580598280621,0.10093187827091149,0.09905814504928792,0.5231254945258712,-0.03895149570155243,False
1782600861.08393,TRACKING,Tracking AprilTag,Walk,4,71.5474624633789,0.1009173874646643,-0.062067562572185944,1.015477819411052,1.0223658362504933,0.09905397512283236,0.5235232027659971,0.499916926404339,-0.008396706948334031,0.8660326564321132,1.1400477051166455,0.0033386904594929767,0.8512380254146569,0.18548318869340616,-0.5240195757472285,1.0942371797824366,0.3371672522447134,0.5302110520658966,1.132905390557929,-0.16601848586605356,-0.20233040821710457,0.6821861154276253,0.17901510929133266,0.6794395488002438,0.18,-0.1009173874646643,-0.07901983062316449,0.5154778194110521,0.1009173874646643,0.09905397512283236,0.5235232027659971,-0.03869454852763021,False
1782600861.1338496,TRACKING,Tracking AprilTag,Walk,4,71.54895782470703,0.10092100743019272,-0.06209028008002494,1.0155391580106738,1.0224284982697662,0.09905156103150217,0.5232637830928389,0.49969442714807627,-0.00785913599300066,0.8661661003864094,1.1400204427958256,0.003599763495474251,0.8512398073091433,0.18546777983227244,-0.5240265835477651,1.0942514581750844,0.3371611912503397,0.5302040442653599,1.1329156762920713,-0.16603009671540037,-0.20233040821710457,0.6821861154276253,0.17901510929133266,0.6794395488002438,0.18,-0.10092100743019272,-0.07898255666992372,0.5155391580106738,0.10092100743019272,0.09905156103150217,0.5232637830928389,-0.03884789502668462,False
1782600861.1839192,TRACKING,Tracking AprilTag,Walk,4,71.7743148803711,0.10094334206698218,-0.062084714233182736,1.0157213088198387,1.0226112884374754,0.0990556878317464,0.523009971290458,0.4994699911244975,-0.008949361282750572,0.8662849628723364,1.1397668322365178,0.0038591303574932456,0.8512456578576091,0.1854600819616545,-0.5240229549390236,1.094261041198875,0.3371624764679992,0.5302076728741014,1.1329248810254673,-0.16603305627829212,-0.20233040821710457,0.6821861154276253,0.17901510929133266,0.6794395488002438,0.18,-0.10094334206698218,-0.07887211745543143,0.5157213088198387,0.10094334206698218,0.0990556878317464,0.523009971290458,-0.039303272049596716,False
1782600861.2339113,TRACKING,Tracking AprilTag,Walk,4,71.84123992919922,0.10094233305910061,-0.062105763075238136,1.015665591649226,1.022557125284815,0.09906010260104313,0.5233135309441205,0.4997365080015548,-0.008111818905620327,0.8661394927864994,1.13987822156869,0.0035622716908721985,0.8512522323515942,0.18545638211092025,-0.5240280415325298,1.0942675054168585,0.33716636578059617,0.5302025862805952,1.1329323894485315,-0.166032323851021,-0.20233040821710457,0.6821861154276253,0.17901510929133266,0.6794395488002438,0.18,-0.10094233305910061,-0.07890657224058228,0.5156655916492261,0.10094233305910061,0.09906010260104313,0.5233135309441205,-0.03916397912306524,False
1782600861.2839153,TRACKING,Tracking AprilTag,Walk,4,71.54814147949219,0.10093037673408584,-0.062092809162630054,1.0155542827781707,1.0224445995585658,0.0990592310517575,0.5232714069204301,0.49970148928475583,-0.007741474841083689,0.8661630857834348,1.140009377883905,0.0035945073783104076,0.8512571368210018,0.1854556398203081,-0.5240320137210115,1.094270573155805,0.3371702637022576,0.5301986140921136,1.132936835005593,-0.16603012343334872,-0.20233040821710457,0.6821861154276253,0.17901510929133266,0.6794395488002438,0.18,-0.10093037673408584,-0.07897941865536723,0.5155542827781707,0.10093037673408584,0.0990592310517575,0.5232714069204301,-0.03888570694542681,False
1782600861.333999,TRACKING,Tracking AprilTag,Walk,4,71.62735748291016,0.10096000120870019,-0.06208946968499588,1.0158295594354905,1.022720742877902,0.09906144015252444,0.5230033679085891,0.4994633517941553,-0.009152614268164775,0.8662866672566341,1.1396506141244165,0.0038842333994509315,0.85125490026852,0.18546212741522342,-0.5240464292177738,1.094263827432815,0.33717152317680293,0.5301841985953513,1.1329312859926495,-0.16602608616816794,-0.20233040821710457,0.6821861154276253,0.17901510929133266,0.6794395488002438,0.18,-0.10096000120870019,-0.07880665501568362,0.5158295594354905,0.10096000120870019,0.09906144015252444,0.5230033679085891,-0.039573898588726175,False
1782600861.3839104,TRACKING,Tracking AprilTag,Walk,4,71.69784545898438,0.1009425749885716,-0.06207744284332314,1.0158031335310103,1.022692044775312,0.09904701304850691,0.5226900520249897,0.49919315073484527,-0.008876001471617857,0.8664452751658894,1.139691577149562,0.004177706112545365,0.851248061133886,0.1854668372729368,-0.524047528293605,1.0942563542878774,0.3371679025930148,0.53018309951952,1.1329229821753648,-0.16602614221033812,-0.20233040821710457,0.6821861154276253,0.17901510929133266,0.6794395488002438,0.18,-0.1009425749885716,-0.07881713588430421,0.5158031335310103,0.1009425749885716,0.09904701304850691,0.5226900520249897,-0.03950783382752565,False
1782600861.4338956,TRACKING,Tracking AprilTag,Walk,4,71.67337799072266,0.10090121713074914,-0.06207650529642284,1.0154937247331806,1.0223805813398217,0.09903666588321941,0.5232615989691977,0.49969003801498707,-0.008471174348368051,0.8661628629269096,1.1400321703616485,0.0035935700399639114,0.8512419328255277,0.18547237429577834,-0.5240709662207549,1.0942485129807753,0.3371653086215021,0.5301596615923702,1.1329147873189325,-0.16602511307801726,-0.20233040821710457,0.6821861154276253,0.17901510929133266,0.6794395488002438,0.18,-0.10090121713074914,-0.07899891032255664,0.5154937247331806,0.10090121713074914,0.09903666588321941,0.5232615989691977,-0.038734311832951396,False
1782600861.483816,TRACKING,Tracking AprilTag,Walk,4,71.50160217285156,0.10093048748453955,-0.06210921602288959,1.0157115318608474,1.0226017963870169,0.09904410310782345,0.5230460712228194,0.4995038269249678,-0.008356341070512835,0.8662713769086597,1.1398208404906305,0.0038228609371648847,0.8512508377534875,0.1854783962782735,-0.5240599022154274,1.0942476748595462,0.33717602587711853,0.5301707255976976,1.1329186381802718,-0.1660150765008075,-0.20233040821710457,0.6821861154276253,0.17901510929133266,0.6794395488002438,0.18,-0.10093048748453955,-0.07886737403115562,0.5157115318608474,0.10093048748453955,0.09904410310782345,0.5230460712228194,-0.039278829652118485,False
1782600861.533847,TRACKING,Tracking AprilTag,Walk,4,71.47889709472656,0.10091772064527677,-0.06209014826437575,1.0155498264106426,1.0224387623591042,0.09904732247224537,0.5232487578886127,0.49968094160972987,-0.007978204080819704,0.8661727915673977,1.140003022472246,0.003611670240541598,0.8512542480236746,0.18548651969408184,-0.5240555942177586,1.0942422957047562,0.3371830033065081,0.5301750335953664,1.1329167812647054,-0.1660064642019436,-0.20233040821710457,0.6821861154276253,0.17901510929133266,0.6794395488002438,0.18,-0.10091772064527677,-0.07897205603158047,0.5155498264106426,0.10091772064527677,0.09904732247224537,0.5232487578886127,-0.03887456602660655,False
1782600861.583912,TRACKING,Tracking AprilTag,Walk,4,71.49461364746094,0.10093743257054909,-0.062085144025705766,1.0157521666947786,1.0226413812025035,0.09904693727002854,0.522915887613986,0.49938885118087056,-0.008867199644803972,0.8663325851465531,1.139742148955011,0.003946299630281647,0.851251330121914,0.18549144497768272,-0.5240464775537697,1.0942365719272027,0.33718289871323726,0.5301841502593554,1.1329115684907252,-0.16600409786370374,-0.20233040821710457,0.6821861154276253,0.17901510929133266,0.6794395488002438,0.18,-0.10093743257054909,-0.07884592075672114,0.5157521666947786,0.10093743257054909,0.09904693727002854,0.522915887613986,-0.03938041673694659,False
1782600861.6339884,TRACKING,Tracking AprilTag,Walk,4,71.6036605834961,0.10095730938910764,-0.06209229974129411,1.0158262845350803,1.022717396135705,0.09905913346580675,0.5229558268074028,0.49942155529793236,-0.009285462349157456,0.8663093502281715,1.1396463996467587,0.003931229185298035,0.8512549047283597,0.18549897683137873,-0.5240357705213305,1.0942317883129555,0.33718972686570137,0.5301948572917945,1.1329101850914978,-0.16599587637734686,-0.20233040821710457,0.6821861154276253,0.17901510929133266,0.6794395488002438,0.18,-0.10095730938910764,-0.07880766047631092,0.5158262845350803,0.10095730938910764,0.09905913346580675,0.5229558268074028,-0.039565711337700704,False
1782600861.683854,TRACKING,Tracking AprilTag,Walk,4,71.31444549560547,0.10095089829556125,-0.062074960996146955,1.0156780069770461,1.0225684321874104,0.09906725016379632,0.5230096328724192,0.49947175696103563,-0.008476258265660504,0.8662887030569371,1.1398366532801851,0.003866211863007396,0.8512622531484949,0.1855044124109001,-0.5240242184096189,1.0942306913268014,0.33719880108327605,0.5302064094035062,1.132913095855852,-0.16598721195272143,-0.20233040821710457,0.6821861154276253,0.17901510929133266,0.6794395488002438,0.18,-0.10095089829556125,-0.07891083930587153,0.5156780069770461,0.10095089829556125,0.09906725016379632,0.5230096328724192,-0.03919501744261533,False
1782600861.7338712,TRACKING,Tracking AprilTag,Walk,4,71.6688003540039,0.10094336460355918,-0.06207444936232388,1.0156937509974504,1.022583295353681,0.09905837983726361,0.5229224981700861,0.49939409752762104,-0.008975061989777641,0.8663284501947587,1.139793823246906,0.003952686266191219,0.8512660873538723,0.18551004605586538,-0.5240299270655139,1.0942276864590461,0.33720491744299763,0.5302007007476112,1.1329130124126583,-0.16598039784062202,-0.20233040821710457,0.6821861154276253,0.17901510929133266,0.6794395488002438,0.18,-0.10094336460355918,-0.07889427250697968,0.5156937509974504,0.10094336460355918,0.09905837983726361,0.5229224981700861,-0.039234377493626016,False
1782600861.7839255,TRACKING,Tracking AprilTag,Walk,4,71.4578628540039,0.10093461692925676,-0.06207725092564954,1.0156830103189376,1.022571933620164,0.09905089215124738,0.5227041003835002,0.49920494560655626,-0.008960721842917931,0.8664376075321345,1.1398060869486073,0.0041659112154736055,0.8512707179612112,0.18551679694263823,-0.5240170989388472,1.0942241034670706,0.33721227809276866,0.5302135288742779,1.132912941946846,-0.16597221175296567,-0.20233040821710457,0.6821861154276253,0.17901510929133266,0.6794395488002438,0.18,-0.10093461692925676,-0.07889883568604086,0.5156830103189376,0.10093461692925676,0.09905089215124738,0.5227041003835002,-0.03920752579734399,False
1782600861.83388,TRACKING,Tracking AprilTag,Walk,4,71.4900894165039,0.10096050404478667,-0.06209305989817489,1.0158118440340014,1.022703414458099,0.09906364663610566,0.5228535444638327,0.4993325377308462,-0.009372782973696585,0.8663597218838148,1.1396516841564341,0.0040324893063632405,0.8512728147555277,0.18552158065384194,-0.5240283618022309,1.0942209795322704,0.33721646395834826,0.5302022660108942,1.132911921042088,-0.16596708942998079,-0.20233040821710457,0.6821861154276253,0.17901510929133266,0.6794395488002438,0.18,-0.10096050404478667,-0.07882318360038643,0.5158118440340014,0.10096050404478667,0.09906364663610566,0.5228535444638327,-0.03952961008500344,False
1782600861.8838072,TRACKING,Tracking AprilTag,Walk,4,71.67151641845703,0.10093569834735058,-0.06209773286340684,1.0155419256178506,1.022433150047109,0.09906561745366121,0.5234151022313671,0.49982630597670363,-0.007648327221587618,0.866091892898435,1.1400311559323975,0.0034637295403565638,0.851278669922769,0.18552032150973125,-0.5240406630703608,1.0942249662326027,0.3372209332589396,0.5301899647427643,1.1329174419464054,-0.16596476821417178,-0.20233040821710457,0.6821861154276253,0.17901510929133266,0.6794395488002438,0.18,-0.10093569834735058,-0.07899045747562061,0.5155419256178506,0.10093569834735058,0.09906561745366121,0.5234151022313671,-0.03885481404462654,False
1782600861.9338295,TRACKING,Tracking AprilTag,Walk,4,71.51273345947266,0.10088846874455187,-0.062068169967920035,1.015328349318663,1.0222145556481514,0.09904025840445171,0.5235113930577895,0.4999085996484495,-0.007930971090340598,0.8660418533160452,1.1402284143610135,0.003335437849932177,0.8512851855169538,0.18552164834271448,-0.524055047872237,1.0942270305556474,0.3372272540202634,0.530175579940888,1.1329220231824204,-0.16595994890613852,-0.20233040821710457,0.6821861154276253,0.17901510929133266,0.6794395488002438,0.18,-0.10088846874455187,-0.0791055256826445,0.5153283493186629,0.10088846874455187,0.09904025840445171,0.5235113930577895,-0.03832087329665723,False
1782600861.9838169,TRACKING,Tracking AprilTag,Walk,4,71.60694122314453,0.10090903242734023,-0.06209693670198926,1.0155973601411734,1.0224855306061367,0.0990342457979103,0.5229664577356613,0.4994375119398659,-0.00769436206898527,0.8663157440908411,1.1399734663646484,0.0038822027601950193,0.8512836480990114,0.1855149800952181,-0.5240397099556122,1.0942320694076124,0.33722262377734546,0.5301909178575128,1.1329245819546447,-0.16596629570559235,-0.20233040821710457,0.6821861154276253,0.17901510929133266,0.6794395488002438,0.18,-0.10090903242734023,-0.07893470098929821,0.5155973601411734,0.10090903242734023,0.0990342457979103,0.5229664577356613,-0.03899340035293353,False
1782600862.0338874,TRACKING,Tracking AprilTag,Walk,4,71.6480712890625,0.10090471644271568,-0.062085619018370196,1.0153729872996928,1.0222615561719912,0.09905177804137388,0.5236828475215208,0.5000577906918218,-0.007749464679987126,0.8659573614015807,1.1401899289606368,0.003165209278876757,0.85127721862115,0.18551330529562834,-0.5240262940816057,1.0942303501812451,0.33721620603631514,0.5302043337315193,1.1329202706012576,-0.16597135093765475,-0.20233040821710457,0.6821861154276253,0.17901510929133266,0.6794395488002438,0.18,-0.10090471644271568,-0.07908338803221736,0.5153729872996928,0.10090471644271568,0.09905177804137388,0.5236828475215208,-0.03843246824923208,False
1782600862.083824,TRACKING,Tracking AprilTag,Walk,4,71.66547393798828,0.10092151098290346,-0.06208891978112471,1.015437664130981,1.0223276554385303,0.09906188772958206,0.5233934177958209,0.49980506337684627,-0.008267235024002178,0.8660984652150843,1.1400924573347584,0.0034722652071269566,0.8512774092652512,0.18550590753303797,-0.5240302539147652,1.0942368768459545,0.3372127180735449,0.5302003738983598,1.1329246637599917,-0.16597730605250255,-0.20233040821710457,0.6821861154276253,0.17901510929133266,0.6794395488002438,0.18,-0.10092151098290346,-0.07905573421625121,0.515437664130981,0.10092151098290346,0.09906188772958206,0.5233934177958209,-0.038594160327452554,False
1782600862.1338494,TRACKING,Tracking AprilTag,Walk,4,71.47921752929688,0.10091759431100605,-0.06209098248686566,1.0154025988370476,1.0222925651068462,0.09906146680441678,0.5234444453205351,0.4998498579878138,-0.008120653301382029,0.8660740005678043,1.1401398448393607,0.0034258504443796522,0.8512706568619298,0.18549915262094935,-0.5240481801883641,1.0942394153896486,0.337203510490591,0.530182447624761,1.1329229971931085,-0.16598671064408133,-0.20233040821710457,0.6821861154276253,0.17901510929133266,0.6794395488002438,0.18,-0.10091759431100605,-0.0790773141180337,0.5154025988370476,0.10091759431100605,0.09906146680441678,0.5234444453205351,-0.03850649709261911,False
1782600862.1839347,TRACKING,Tracking AprilTag,Walk,4,71.60130310058594,0.10092294886172092,-0.06211194639660673,1.0155510828476522,1.022441850358816,0.099052298545222,0.5233956047185199,0.49980923330365074,-0.007696811689724163,0.8661013158945261,1.1400143500911473,0.0034580355485063774,0.8512646479183703,0.18548245138883798,-0.5240430692180484,1.094250969654891,0.3371900369048972,0.5301875585950766,1.1329276365753544,-0.16600384291448295,-0.20233040821710457,0.6821861154276253,0.17901510929133266,0.6794395488002438,0.18,-0.10092294886172092,-0.07897285817685641,0.5155510828476522,0.10092294886172092,0.099052298545222,0.5233956047185199,-0.03887770711913041,False
1782600862.2338371,TRACKING,Tracking AprilTag,Walk,4,71.5151596069336,0.1008913877035383,-0.06208332660519289,1.0153395880016807,1.0222269271147848,0.09904201604559872,0.5236434955965007,0.5000226021337625,-0.008031067620532191,0.8659751147165,1.1402126792802247,0.0032078274063084833,0.8512582860548938,0.18546603717218715,-0.5240427192175321,1.0942621000482688,0.33717639820413764,0.530187908595593,1.1329318222714546,-0.16602094203034634,-0.20233040821710457,0.6821861154276253,0.17901510929133266,0.6794395488002438,0.18,-0.1008913877035383,-0.07909722008827608,0.5153395880016807,0.1008913877035383,0.09904201604559872,0.5236434955965007,-0.03834897000420168,False
1782600862.2839186,TRACKING,Tracking AprilTag,Walk,4,71.49032592773438,0.10088868919049648,-0.06208503974515814,1.015357236515724,1.022244294438263,0.0990376740596502,0.5237729684162579,0.5001366554952199,-0.007533350375666886,0.8659137222969578,1.1402188794348616,0.0030549996618347564,0.8512515261733478,0.18545142974367498,-0.5240343138882888,1.0942714628224555,0.3371633057855001,0.5301963139248363,1.1329346469015014,-0.16603678798981086,-0.20233040821710457,0.6821861154276253,0.17901510929133266,0.6794395488002438,0.18,-0.10088868919049648,-0.07907927495804606,0.515357236515724,0.10088868919049648,0.0990376740596502,0.5237729684162579,-0.0383930912893099,False
1782600862.3338482,TRACKING,Tracking AprilTag,Walk,4,71.37429809570312,0.1009240246411562,-0.06207545225920749,1.0155704821794331,1.0224590088590937,0.09905146773592871,0.5231752855514646,0.4996120001364089,-0.009212386152562986,0.8662003124341812,1.1399019400686932,0.0036857510016113926,0.8512464155844619,0.1854438294202012,-0.5240294428552114,1.094275547355672,0.3371551082478165,0.5302011849579137,1.1329348103964463,-0.16604594529864442,-0.20233040821710457,0.6821861154276253,0.17901510929133266,0.6794395488002438,0.18,-0.1009240246411562,-0.07896370663683719,0.5155704821794331,0.1009240246411562,0.09905146773592871,0.5231752855514646,-0.03892620544858283,False
1782600862.3838391,TRACKING,Tracking AprilTag,Walk,4,71.67510986328125,0.10089689506896467,-0.06207925761724316,1.0152455779039127,1.0221338469663919,0.09905649892249584,0.5236638627653549,0.5000367507308036,-0.008857257926907215,0.8659588886896401,1.1402509224562405,0.003196180089186762,0.8512419505109294,0.18543751346831785,-0.5240314583993393,1.0942788339194744,0.3371481063460596,0.5301991694137858,1.132934767460479,-0.16605368004404064,-0.20233040821710457,0.6821861154276253,0.17901510929133266,0.6794395488002438,0.18,-0.10089689506896467,-0.07917140126117994,0.5152455779039127,0.10089689506896467,0.09905649892249584,0.5236638627653549,-0.03811394475978169,False
1782600862.4338377,TRACKING,Tracking AprilTag,Walk,4,71.7051010131836,0.10091711603107291,-0.06209075174439676,1.0153760252507635,1.0222661093933676,0.09906357600169252,0.5235975818808215,0.49997884388655045,-0.008971501575098914,0.8659911476599264,1.1401135792142665,0.0032744786838280193,0.8512408528614,0.1854371582424629,-0.524036957443597,1.0942786006699783,0.3371469764723631,0.530193670369528,1.1329340711109208,-0.1660545998903269,-0.2023326185696354,0.682193567949567,0.1789560294558585,0.6794469713174001,0.18,-0.10091711603107291,-0.07909365635122546,0.5153760252507635,0.10091711603107291,0.09906357600169252,0.5235975818808215,-0.03844006312690884,False
1782600862.4838452,TRACKING,Tracking AprilTag,Walk,4,71.44271850585938,0.10090521142229389,-0.062092837452627996,1.0153903297917581,1.0222792690794975,0.09905058002730746,0.5234473933103099,0.4998481149608259,-0.00911776755082205,0.866065083169272,1.1400946412302213,0.0034204312081353994,0.851244406299268,0.18543725920246085,-0.5240306642335557,1.0942802679150003,0.3371501161232417,0.5301999635795692,1.1329369262123914,-0.16605248198825234,-0.2023911874396254,0.6821242191873502,0.17895384848401136,0.6794997255022164,0.18,-0.10090521142229389,-0.07907548700997447,0.5153903297917581,0.10090521142229389,0.09905058002730746,0.5234473933103099,-0.03847582447939535,False
1782600862.5338345,TRACKING,Tracking AprilTag,Walk,4,71.53284454345703,0.10088939121779036,-0.06209122726468558,1.0153248044621201,1.0222125260040467,0.09904150159901473,0.523977660433071,0.5003127208492114,-0.007837559250267793,0.8658093058066872,1.1402330838854116,0.0028541595434189992,0.8512485299979454,0.18544233289172987,-0.5240563037958872,1.0942778929200312,0.33715620764295984,0.5301743240172379,1.1329374007810118,-0.16604596109888015,-0.2023933976965723,0.6821316684731278,0.17889476738499802,0.6795071461266403,0.18,-0.10088939121779036,-0.07910003245329326,0.5153248044621201,0.10088939121779036,0.09904150159901473,0.523977660433071,-0.03831201115530036,False
1782600862.5838711,TRACKING,Tracking AprilTag,Walk,4,71.425537109375,0.10088691491438545,-0.062091945582956755,1.015340112219407,1.0222275298527903,0.09903760310058782,0.5239307422573101,0.5002720579638058,-0.007847789755973727,0.865832709139938,1.1402180608858645,0.002899147092255583,0.8512561014753274,0.18545547690756764,-0.5240456273651899,1.094270203457793,0.33716928298588356,0.5301850004479352,1.1329360795870986,-0.1660308499484034,-0.2023933976965723,0.6821316684731278,0.17889476738499802,0.6795071461266403,0.18,-0.10088691491438545,-0.0790873973137486,0.515340112219407,0.10088691491438545,0.09903760310058782,0.5239307422573101,-0.038350280548517524,False
1782600862.633881,TRACKING,Tracking AprilTag,Walk,4,71.49124145507812,0.10090369318922628,-0.0621056250283561,1.0155402679945786,1.0224288238688741,0.09903457088379367,0.5233285869547952,0.4997499328593433,-0.008016464323777854,0.8661326347083497,1.1400107243979136,0.0035163866944571964,0.8512587062249221,0.18546570283355546,-0.524055276055852,1.0942625982832195,0.33717659842178765,0.530175351757273,1.1329323581888788,-0.16602097546218647,-0.2023933976965723,0.6821316684731278,0.17889476738499802,0.6795071461266403,0.18,-0.10090369318922628,-0.07896528068228721,0.5155402679945786,0.10090369318922628,0.09903457088379367,0.5233285869547952,-0.038850669986446595,False
1782600862.6839106,TRACKING,Tracking AprilTag,Walk,4,71.51939392089844,0.10087444827066908,-0.06207479733198438,1.0153552662721643,1.022240310066247,0.09902397653041942,0.5235314144388371,0.499926880163822,-0.007689924024076609,0.8660334748485023,1.14021493459315,0.003291610957440405,0.8512601339793276,0.18546474119735812,-0.5240543686943226,1.094264139609021,0.33717736493440503,0.5301762591188024,1.132934079340195,-0.16602094605188955,-0.2023933976965723,0.6821316684731278,0.17889476738499802,0.6795071461266403,0.18,-0.10087444827066908,-0.07907287353918853,0.5153552662721643,0.10087444827066908,0.09902397653041942,0.5235314144388371,-0.03838816568041081,False
1782600862.7339814,TRACKING,Tracking AprilTag,Walk,4,71.406005859375,0.10087393189160332,-0.062073868862662106,1.01540198573789,1.0222866075476587,0.09901894650480156,0.5236890423428654,0.5000637198151894,-0.007602361158022696,0.8659552414700304,1.1401730968042625,0.0031246830196220987,0.8512604261582328,0.18547191241446007,-0.5240638932476892,1.094258048395024,0.33718116083156885,0.5301667345654358,1.132930211722785,-0.16601490012277942,-0.20245193181668378,0.6821232408752662,0.17889255717657526,0.6794987509542179,0.18,-0.10087393189160332,-0.07903473790275381,0.51540198573789,0.10087393189160332,0.09901894650480156,0.5236890423428654,-0.038504964344724946,False
1782600862.7840009,TRACKING,Tracking AprilTag,Walk,4,71.5000991821289,0.1009179418176278,-0.06209581609931055,1.0157908129046105,1.0226784914816363,0.09902419339151791,0.5229789086384911,0.4994444894257145,-0.008628709659465668,0.8663029189330369,1.139718075575499,0.003854424680020452,0.8512549682363292,0.18548773534624946,-0.5240633257195512,1.0942415943810517,0.33718422995296166,0.5301673020935738,1.132916675424045,-0.1660050551901569,-0.20245193181668378,0.6821232408752662,0.17889255717657526,0.6794987509542179,0.18,-0.1009179418176278,-0.07879894642815638,0.5157908129046105,0.1009179418176278,0.09902419339151791,0.5229789086384911,-0.03947703226152621,False
1782600862.8338497,TRACKING,Tracking AprilTag,Walk,4,71.74768829345703,0.10093063596869051,-0.0620971508277831,1.0158383074947908,1.022726999932951,0.09903196790295973,0.5231722901893708,0.49961092160132475,-0.008876915034519553,0.8662044374142543,1.1396559781360083,0.0036706664416411017,0.8512560937161299,0.18550248424805518,-0.5240648773087258,1.0942293257796,0.3371924930170227,0.5301657505043993,1.13290915097903,-0.16599232021718963,-0.20245414197645648,0.6821306875878437,0.17883347482394257,0.6795061690153421,0.18,-0.10093063596869051,-0.07877106660669732,0.5158383074947908,0.10093063596869051,0.09903196790295973,0.5231722901893708,-0.0395957687369769,False
1782600862.8839178,TRACKING,Tracking AprilTag,Walk,4,71.65250396728516,0.10093403190908863,-0.06209958059952307,1.0158978917183237,1.0227866654908033,0.09902950752306745,0.5227675397411973,0.49925881389731164,-0.009202634543332505,0.8664040329218876,1.1395825197451346,0.004092142081057182,0.8512561061645837,0.18550782626100765,-0.5240553952936111,1.0942246869381078,0.33719514224463826,0.5301752325195139,1.1329061016828486,-0.16598793398302514,-0.20245414197645648,0.6821306875878437,0.17883347482394257,0.6795061690153421,0.18,-0.10093403190908863,-0.07873792959493568,0.5158978917183237,0.10093403190908863,0.09902950752306745,0.5227675397411973,-0.03974472929580919,False
1782600862.9338343,TRACKING,Tracking AprilTag,Walk,4,71.60282135009766,0.10091717299408645,-0.062063063987177175,1.0155488407787883,1.0224360849088492,0.0990468839811409,0.5233563494744944,0.4997698456134552,-0.00898901307982368,0.8661115973472205,1.1399351432507006,0.0034911782659906576,0.8512550555306246,0.18550901392430041,-0.5240612764260342,1.0942231353357195,0.3371948152800509,0.5301693513870909,1.132904560224062,-0.16598756212200022,-0.20245414197645648,0.6821306875878437,0.17883347482394257,0.6795061690153421,0.18,-0.10091717299408645,-0.07897021489734334,0.5155488407787883,0.10091717299408645,0.0990468839811409,0.5233563494744944,-0.03887210194697066,False
1782600862.9838402,TRACKING,Tracking AprilTag,Walk,4,71.42513275146484,0.10088632464781482,-0.06206129387687879,1.0152816142503318,1.0221675062989315,0.0990426964567967,0.5236588505496307,0.5000365198769404,-0.007874973314365395,0.8659685118898124,1.1402774940636462,0.003185660884141517,0.8512688350340065,0.18551039985340353,-0.5240837085456895,1.0942287358954295,0.3372074813466805,0.5301469192674356,1.1329150621895976,-0.16597853415252667,-0.20245414197645648,0.6821306875878437,0.17883347482394257,0.6795061690153421,0.18,-0.10088632464781482,-0.07913548612002752,0.5152816142503318,0.10088632464781482,0.0990426964567967,0.5236588505496307,-0.038204035625829524,False
1782600863.0338478,TRACKING,Tracking AprilTag,Walk,4,71.5693130493164,0.10088975214545953,-0.062097533429961015,1.0155024413522213,1.0223893847934744,0.09902464174011591,0.5236253908119843,0.5000075298305139,-0.007878702265744298,0.8659852170582334,1.140058571548251,0.003205227794341625,0.8512813709068339,0.18551783593279647,-0.5240912680229398,1.09422846150024,0.33722205420129314,0.5301393597901852,1.13292107962317,-0.1659652588417022,-0.20245193181668378,0.6821232408752662,0.17889255717657526,0.6794987509542179,0.18,-0.10088975214545953,-0.07897533767660837,0.5155024413522213,0.10088975214545953,0.09902464174011591,0.5236253908119843,-0.03875610338055335,False
1782600863.0838513,TRACKING,Tracking AprilTag,Walk,4,71.48008728027344,0.10091394544422745,-0.06208954696199228,1.0157430110408268,1.0226302365495317,0.09902492718321113,0.5230433578077949,0.4994967600530037,-0.009418658187406509,0.8662645528789118,1.139723977857376,0.003804863513726997,0.8512860379122841,0.1855149746984675,-0.5240530946687196,1.094233254421472,0.3372246991035262,0.5301775331444054,1.1329265440902345,-0.16596493142536783,-0.2023933976965723,0.6821316684731278,0.17889476738499802,0.6795071461266403,0.18,-0.10091394544422745,-0.078829587768891,0.5157430110408268,0.10091394544422745,0.09902492718321113,0.5230433578077949,-0.0393575276020669,False
1782600863.1339526,TRACKING,Tracking AprilTag,Walk,4,71.68972778320312,0.10097817220033292,-0.0620686636954206,1.0157062663062262,1.0225988116986984,0.09909110130577485,0.5231125994153841,0.4995595066140915,-0.008811210063553955,0.8662347614409742,1.1397901800633259,0.003797306747825302,0.8512758487054537,0.185504834355683,-0.5240448943448928,1.0942370392400733,0.33721083109589084,0.5301857334682323,1.1329239991289404,-0.16597907955809377,-0.2023933976965723,0.6821316684731278,0.17889476738499802,0.6795071461266403,0.18,-0.10097817220033292,-0.07891180893199708,0.5157062663062262,0.10097817220033292,0.09909110130577485,0.5231125994153841,-0.03926566576556545,False
1782600863.1838138,TRACKING,Tracking AprilTag,Walk,4,71.5554428100586,0.10097876531266933,-0.06207933881729778,1.015699022409723,1.0225923232041845,0.09909238162947709,0.522771770407431,0.499269962022669,-0.007397021572087218,0.866414905858472,1.139882185374348,0.004133777198103428,0.8512574937521667,0.18549210067198224,-0.5240386605511763,1.0942390459852065,0.3371885819614195,0.5301919672619487,1.1329162455824495,-0.1660000302985955,-0.2023933976965723,0.6821316684731278,0.17889476738499802,0.6795071461266403,0.18,-0.10097876531266933,-0.07892438629303328,0.5156990224097231,0.10097876531266933,0.09909238162947709,0.522771770407431,-0.03924755602430774,False
1782600863.2338943,TRACKING,Tracking AprilTag,Walk,4,71.47616577148438,0.10098480918629349,-0.06206691331866974,1.0157025413839351,1.0225956610455003,0.09909793275526042,0.5231054517279711,0.49955498279533195,-0.008423828568308138,0.8662412240690276,1.1398140949572912,0.003804139666826467,0.8512388254957626,0.18548623014759244,-0.5240423528154166,1.0942349303332353,0.3371694500963082,0.5301882749977085,1.1329043045080407,-0.166015534414041,-0.2023933976965723,0.6821316684731278,0.17889476738499802,0.6795071461266403,0.18,-0.10098480918629349,-0.0789205332248337,0.5157025413839351,0.10098480918629349,0.09909793275526042,0.5231054517279711,-0.0392563534598378,False
1782600863.2839186,TRACKING,Tracking AprilTag,Walk,4,71.40768432617188,0.10097402934842027,-0.0620735108457597,1.0156945834315418,1.0225870927034761,0.09908819472216522,0.5228761668648332,0.4993572561789915,-0.008206487271832878,0.8663573075054232,1.1398311171306221,0.004014778925969187,0.8512304195335566,0.1854909443998126,-0.5240239652831261,1.0942266795159643,0.3371644692942679,0.5302066625299989,1.1328947137700884,-0.16601648421409082,-0.2023911874396254,0.6821242191873502,0.17895384848401136,0.6794997255022164,0.18,-0.10097402934842027,-0.07892147071841756,0.5156945834315418,0.10097402934842027,0.09908819472216522,0.5228761668648332,-0.039236458578854605,False
1782600863.3339403,TRACKING,Tracking AprilTag,Walk,4,71.72502899169922,0.10097327308909076,-0.062076827120382705,1.0156487936366878,1.0225417381991393,0.0990918955364941,0.522905239865364,0.4993868873335722,-0.007039214072513686,0.8663504984846072,1.1399570998330826,0.004000700161759019,0.8512208836614996,0.18549205028227467,-0.5240277364996332,1.0942210081912211,0.33715672384995754,0.5302028913134919,1.1328862633918977,-0.16602103909502697,-0.20239115426558868,0.6821851421069013,0.1789538191516001,0.6794385793982307,0.18,-0.10097327308909076,-0.07895416074509992,0.5156487936366878,0.10097327308909076,0.0990918955364941,0.522905239865364,-0.03912198409171952,False
1782600863.384001,TRACKING,Tracking AprilTag,Walk,4,71.53298950195312,0.1009938661312845,-0.06207507924672383,1.0157570383824772,1.02265118074697,0.09910147990209697,0.5231273542086395,0.49957372145603723,-0.008479258457363421,0.8662298765377346,1.1397550701081953,0.0037850020917892246,0.8512206204288988,0.18548738858063388,-0.5240220639737897,1.0942249316265822,0.337154192564008,0.5302085638393353,1.1328887174774285,-0.16602501127551106,-0.20239115426558868,0.6821851421069013,0.1789538191516001,0.6794385793982307,0.18,-0.1009938661312845,-0.07888765966290066,0.5157570383824772,0.1009938661312845,0.09910147990209697,0.5231273542086395,-0.039392595956193044,False
1782600863.433922,TRACKING,Tracking AprilTag,Walk,4,71.50299072265625,0.10098628340422963,-0.06207878323573933,1.015745992029688,1.0226396848784054,0.09909515849162358,0.523155992780485,0.4995995566995935,-0.00823306529770345,0.8662173512354583,1.1397817612626915,0.0037482949083259554,0.8512234741128539,0.18548308892374102,-0.5240262773095368,1.0942300796919184,0.3371545503136484,0.5302043505035883,1.132893519297353,-0.16602690153658434,-0.20239115426558868,0.6821851421069013,0.1789538191516001,0.6794385793982307,0.18,-0.10098628340422963,-0.07888863002670489,0.5157459920296881,0.10098628340422963,0.09909515849162358,0.523155992780485,-0.03936498007422018,False
1782600863.4839153,TRACKING,Tracking AprilTag,Walk,4,71.2232894897461,0.10096709501116659,-0.062075868397461084,1.0156298745257781,1.0225222783595187,0.0990877058883801,0.5233259248298602,0.49974750156741143,-0.008047736886767055,0.8661337475287124,1.1399036689706357,0.0035529386285370057,0.8512287021684227,0.18548526134689536,-0.5240278568933285,1.0942307728456986,0.3371601691680895,0.5302027709197965,1.1328965607860528,-0.16602212646235648,-0.2023326185696354,0.682193567949567,0.1789560294558585,0.6794469713174001,0.18,-0.10096709501116659,-0.07895453712307021,0.5156298745257781,0.10096709501116659,0.0990877058883801,0.5233259248298602,-0.03907468631444533,False
1782600863.5338836,TRACKING,Tracking AprilTag,Walk,4,71.58673858642578,0.10096565839464915,-0.06207779226441955,1.0156212419257804,1.0225136788905829,0.09908714193710828,0.5233421664714338,0.49975993035788996,-0.008445298721619504,0.8661227909125699,1.1398891005297052,0.003539804918773981,0.8512288199637285,0.18549851533563233,-0.5240343639788673,1.0942193064095884,0.3371668176969576,0.5301962638342578,1.1328890664667335,-0.16601119406686798,-0.2023326185696354,0.682193567949567,0.1789560294558585,0.6794469713174001,0.18,-0.10096565839464915,-0.07895935950288208,0.5156212419257804,0.10096565839464915,0.09908714193710828,0.5233421664714338,-0.03905310481445101,False
1782600863.5838404,TRACKING,Tracking AprilTag,Walk,4,71.28633880615234,0.10095815286700412,-0.06208629252293942,1.0156033371312063,1.0224956697911263,0.09908155950633234,0.5230360372511799,0.49949860555863185,-0.007478778029610268,0.8662824082966051,1.139975917065939,0.0038584315688909854,0.8512255874261492,0.18551218758060417,-0.524019473446784,1.0942058215722144,0.33717075961816007,0.530211154366341,1.132878586173087,-0.16600183762380144,-0.2023326185696354,0.682193567949567,0.1789560294558585,0.6794469713174001,0.18,-0.10095815286700412,-0.07897201902944867,0.5156033371312063,0.10095815286700412,0.09908155950633234,0.5230360372511799,-0.039008342828015796,False
1782600863.6339478,TRACKING,Tracking AprilTag,Walk,4,71.52288055419922,0.10096663086514863,-0.06208254140557837,1.0154661412709165,1.022360008296138,0.0991031257407294,0.5238144367771453,0.5001692901996946,-0.008356890485193967,0.8658873157187097,1.1400569582805717,0.0030932698576007778,0.8512214940436523,0.18551605690072612,-0.5240147928564289,1.0942004354103014,0.33716911138325023,0.5302158349566961,1.1328730145770545,-0.16600101013596535,-0.2023326185696354,0.682193567949567,0.1789560294558585,0.6794469713174001,0.18,-0.10096663086514863,-0.07906607806798036,0.5154661412709165,0.10096663086514863,0.0991031257407294,0.5238144367771453,-0.03866535317729125,False
1782600863.6838627,TRACKING,Tracking AprilTag,Walk,4,71.52426147460938,0.10097217732174113,-0.06208979958329119,1.0155011026110685,1.022395722413627,0.09910514447176533,0.5235621337608203,0.4999508466053277,-0.00834771803319509,0.8660135487290337,1.140023988468918,0.0033551474431292583,0.8512217502565318,0.18551341897188015,-0.5240071526367616,1.0942028556862333,0.3371680313008228,0.5302234751763635,1.1328747354130846,-0.16600302583360976,-0.20239115426558868,0.6821851421069013,0.1789538191516001,0.6794385793982307,0.18,-0.10097217732174113,-0.07904989207621824,0.5155011026110685,0.10097217732174113,0.09910514447176533,0.5235621337608203,-0.038752756527671295,False
1782600863.7338648,TRACKING,Tracking AprilTag,Walk,4,71.73644256591797,0.10099747053090823,-0.06208868308442488,1.015715916381322,1.022611517836147,0.0991089797665741,0.5233360014200342,0.4997548847578082,-0.008375331196595604,0.8661263816488082,1.1398002695849692,0.0035771503717620945,0.8512160990345704,0.18551266423006407,-0.5240186331978728,1.0942007208289217,0.3371627446828939,0.5302119946152523,1.1328705350939736,-0.166006881124031,-0.2023933976965723,0.6821316684731278,0.17889476738499802,0.6795071461266403,0.18,-0.10099747053090823,-0.0789172007428508,0.5157159163813221,0.10099747053090823,0.0991089797665741,0.5233360014200342,-0.039289790953305204,False
1782600863.783821,TRACKING,Tracking AprilTag,Walk,4,71.46733856201172,0.10095098275295467,-0.06207842891254517,1.0154736955315957,1.022365716645288,0.09908713447249673,0.5233886959159344,0.4998046243053165,-0.0073307651307567695,0.8661071512264629,1.1401178146841662,0.003511724486850998,0.8512137069330502,0.18550971784183315,-0.5240198805491365,1.094202101322441,0.3371592094896979,0.5302107472639885,1.1328702616416668,-0.166010666434735,-0.2023933976965723,0.6821316684731278,0.17889476738499802,0.6795071461266403,0.18,-0.10095098275295467,-0.07905497436864443,0.5154736955315957,0.10095098275295467,0.09908713447249673,0.5233886959159344,-0.038684238828989304,False
1782600863.8338637,TRACKING,Tracking AprilTag,Walk,4,71.44068145751953,0.10094671984411102,-0.06206998383212698,1.0156857849273047,1.0225754431060825,0.09906242279722638,0.5227063194451208,0.49920787846244247,-0.008731994176471039,0.8664382530559979,1.1398182361184215,0.004178897930815495,0.8512048259716194,0.1855110393457013,-0.5240304743393119,1.094196565968769,0.3371521399983349,0.5302001534738131,1.1328622246335516,-0.16601466947719856,-0.2023911874396254,0.6821242191873502,0.17895384848401136,0.6794997255022164,0.18,-0.10094671984411102,-0.07890735688380479,0.5156857849273047,0.10094671984411102,0.09906242279722638,0.5227063194451208,-0.039214462318261645,False
1782600863.883821,TRACKING,Tracking AprilTag,Walk,4,71.59849548339844,0.1009558508356742,-0.062082602718949144,1.015892096145946,1.022782031710627,0.09905133640632548,0.522759602391623,0.4992533096905277,-0.00889885782568086,0.8664103779921223,1.1396041836012,0.004120085105096372,0.8511931361445609,0.18550221167192704,-0.5240419608579412,1.094198468243143,0.33713761549376053,0.5301886669551839,1.1328576977442943,-0.1660286009937914,-0.2023995813721248,0.6821525094737234,0.17896127038090168,0.6794668696726458,0.18,-0.1009558508356742,-0.07876152043766264,0.5158920961459461,0.1009558508356742,0.09905133640632548,0.522759602391623,-0.03973024036486528,False
1782600863.9338887,TRACKING,Tracking AprilTag,Walk,4,71.38681030273438,0.10091215709361723,-0.06209050010455961,1.0155290563235315,1.0224176044502968,0.0990439101056553,0.5234707166885458,0.4998757605057419,-0.007303671960099132,0.8660663256556655,1.1400621067558803,0.0033721519438411063,0.8511860907031306,0.18550458999518554,-0.5240430513810226,1.0941929205209184,0.33713266398443575,0.5301875764321025,1.1328505601339216,-0.1660306864636757,-0.20239115426558868,0.6821851421069013,0.1789538191516001,0.6794385793982307,0.18,-0.10091215709361723,-0.07897826129111997,0.5155290563235315,0.10091215709361723,0.0990439101056553,0.5234707166885458,-0.0388226408088288,False
1782600863.9839158,TRACKING,Tracking AprilTag,Walk,4,71.35041046142578,0.10094039248835249,-0.0620999108060095,1.015716468376745,1.0226071121841194,0.09905328126524073,0.5231627087562813,0.49960406148068065,-0.00854622479355345,0.8662117199586867,1.139793738235269,0.0036947535479524007,0.8511827418015487,0.1855097664272945,-0.5240393810532559,1.0941867654951314,0.3371323086694469,0.5301912467598692,1.1328448502098236,-0.16602836109102248,-0.20239115426558868,0.6821851421069013,0.1789538191516001,0.6794385793982307,0.18,-0.10094039248835249,-0.07887011542864121,0.515716468376745,0.10094039248835249,0.09905328126524073,0.5231627087562813,-0.03929117094186252,False
1782600864.0339344,TRACKING,Tracking AprilTag,Walk,4,71.51172637939453,0.10090411261750445,-0.06208442811131382,1.0153348385378984,1.022223532553333,0.09905488648785903,0.5236087170824658,0.49998949389138686,-0.008744133393260954,0.8659873244623364,1.140168963985149,0.0032517814187724703,0.8511838953158055,0.18551525600743485,-0.5240476048444469,1.0941825619097634,0.3371360229601347,0.5301830229686781,1.1328426517847756,-0.16602320037280038,-0.2023326185696354,0.682193567949567,0.1789560294558585,0.6794469713174001,0.18,-0.10090411261750445,-0.07911257892220344,0.5153348385378984,0.10090411261750445,0.09905488648785903,0.5236087170824658,-0.038337096344746024,False
1782600864.0839505,TRACKING,Tracking AprilTag,Walk,4,71.37999725341797,0.10093504071718752,-0.062108810024729295,1.0155327392198794,1.022424633483906,0.0990658665016599,0.5235698959344737,0.49995822054101247,-0.008190063632661788,0.8660107970292041,1.1400089592630152,0.003313547067685163,0.8511944046414052,0.18552021164190377,-0.5240307549900228,1.0941834434069562,0.3371476086064372,0.5301998728231022,1.1328484285713876,-0.16601311905473237,-0.2023326185696354,0.682193567949567,0.1789560294558585,0.6794469713174001,0.18,-0.10093504071718752,-0.07899368653033194,0.5155327392198794,0.10093504071718752,0.0990658665016599,0.5235698959344737,-0.038831848049698525,False
1782600864.1339571,TRACKING,Tracking AprilTag,Walk,4,71.36278533935547,0.10091463165589383,-0.06208836694040303,1.0152819415646457,1.0221722697563496,0.09907027298910948,0.5242722769421297,0.5005653088987553,-0.008444127136530852,0.8656575929569357,1.1402371883105287,0.002589209400140624,0.8512061384376439,0.18552261435939846,-0.5240348924302121,1.0941871494799842,0.337158998077375,0.5301957353829129,1.13285667123306,-0.16600442920121916,-0.2023326185696354,0.682193567949567,0.1789560294558585,0.6794469713174001,0.18,-0.10091463165589383,-0.07914837281495682,0.5152819415646457,0.10091463165589383,0.09907027298910948,0.5242722769421297,-0.03820485391161421,False
1782600864.1838167,TRACKING,Tracking AprilTag,Walk,4,71.44183349609375,0.10092597829017011,-0.06209403780166306,1.0154780399843006,1.022368511014839,0.09906233088918438,0.5233680129330058,0.4997829880836441,-0.008284645868063052,0.8661110376072025,1.1400538371270796,0.0035050892206994755,0.851219217704742,0.18551271624480387,-0.5240271270073373,1.0942022159024483,0.3371654821204406,0.5302035008057877,1.1328730618276182,-0.1660050523467726,-0.20233258389687955,0.6822544865156319,0.17895599878903495,0.6793858194136249,0.18,-0.10092597829017011,-0.07903020901191464,0.5154780399843006,0.10092597829017011,0.09906233088918438,0.5233680129330058,-0.0386950999607516,False
1782600864.2338142,TRACKING,Tracking AprilTag,Walk,4,71.47437286376953,0.10094534920145488,-0.062080659084928845,1.01565097275771,1.0225413782441792,0.09906445974133818,0.5231780473878226,0.49961589025297026,-0.008881028914325094,0.866201529398416,1.1398372618023251,0.00368984653290505,0.8512207544009349,0.18550830847829833,-0.5240356731662678,1.0942068075151865,0.33716464132723245,0.5301949546468573,1.132876845966415,-0.16600778550141937,-0.20233258389687955,0.6822544865156319,0.17895599878903495,0.6793858194136249,0.18,-0.10094534920145488,-0.07892270705833089,0.5156509727577101,0.10094534920145488,0.09906445974133818,0.5231780473878226,-0.039127431894275255,False
1782600864.2838256,TRACKING,Tracking AprilTag,Walk,4,71.54474639892578,0.10093700959088006,-0.06210312249891185,1.0155571597001263,1.0224487382492347,0.09906541962916461,0.5233057639362656,0.499729414220098,-0.008201714338138114,0.8661427390708493,1.139985827757861,0.003585284565470692,0.8512182730061671,0.18550205131316197,-0.5240289352576888,1.0942110226954234,0.33715939330940575,0.5302016925554363,1.1328783954786212,-0.16601433595540827,-0.20233258389687955,0.6822544865156319,0.17895599878903495,0.6793858194136249,0.18,-0.10093700959088006,-0.07898243848930682,0.5155571597001263,0.10093700959088006,0.09906541962916461,0.5233057639362656,-0.03889289925031569,False
1782600864.333841,TRACKING,Tracking AprilTag,Walk,4,71.49110412597656,0.10092628586136622,-0.06207338832805693,1.0155950633622244,1.0224835223327644,0.09905129069635901,0.5231545704195159,0.49959644089441146,-0.008678929691091285,0.8662147957781915,1.1399103642033945,0.003705987561378743,0.8512117839527915,0.18549151098581645,-0.5240373633620713,1.0942169828029755,0.33714854510991316,0.5301932644510537,1.1328791127917475,-0.16602669280679294,-0.20239111958365863,0.6822460599234428,0.1789537884859129,0.6793774282526249,0.18,-0.10092628586136622,-0.07894787578431109,0.5155950633622244,0.10092628586136622,0.09905129069635901,0.5231545704195159,-0.038987658405560954,False
1782600864.3838437,TRACKING,Tracking AprilTag,Walk,4,71.41487121582031,0.10093404995713061,-0.062070879342361204,1.0157219272387192,1.0226101456452603,0.09904656909625556,0.5230252895330243,0.4994850890532362,-0.008530649384525349,0.8662804821964761,1.13979132921902,0.0038297865313575707,0.8512031781505047,0.18547754653909712,-0.5240334662180283,1.0942248747968557,0.3371341651920495,0.5301971615950968,1.1328800559805752,-0.16604306888691023,-0.20239332983838237,0.6822535105348125,0.1788947074053977,0.6793848475365001,0.18,-0.10093404995713061,-0.07886320525406967,0.5157219272387192,0.10093404995713061,0.09904656909625556,0.5230252895330243,-0.03930481809679809,False
1782600864.4338453,TRACKING,Tracking AprilTag,Walk,4,71.45166778564453,0.10088010295286129,-0.062081325450559825,1.0153135311497758,1.0221998105445458,0.09903353537047507,0.5238296678864517,0.5001834707428109,-0.00811607247800936,0.8658814150697584,1.1402285583589797,0.002998309305331015,0.8511938909385559,0.18547355018878145,-0.5240485672856938,1.0942237627805278,0.33712411598604525,0.5301820605274312,1.1328747316138579,-0.16605166389945758,-0.20245186394054585,0.682245081437269,0.17889249719919803,0.67937645388068,0.18,-0.10088010295286129,-0.07910307941298267,0.5153135311497758,0.10088010295286129,0.09903353537047507,0.5238296678864517,-0.038283827874439624,False
1782600864.4839134,TRACKING,Tracking AprilTag,Walk,4,71.36209869384766,0.10087529179840223,-0.06210059735679177,1.0154447272913942,1.0223308187037,0.09901613197653239,0.5226525130846017,0.49916668067434117,-0.007383868832754408,0.8664745255260659,1.1401504528361084,0.004185144233107951,0.8511866481306708,0.18547770575549338,-0.5240541850910915,1.0942165722300246,0.3371198706375065,0.5301764427220336,1.1328664143421594,-0.16605240551407957,-0.20245186394054585,0.682245081437269,0.17889249719919803,0.67937645388068,0.18,-0.10087529179840223,-0.07902423686293725,0.5154447272913942,0.10087529179840223,0.09901613197653239,0.5226525130846017,-0.038611818228485584,False
1782600864.5338054,TRACKING,Tracking AprilTag,Walk,4,71.40042877197266,0.10088995496308927,-0.062071689083397524,1.0155712156627754,1.0224561465808144,0.09901817731250848,0.5231835038331898,0.4996216514549261,-0.008644682849683512,0.8662005973536849,1.1399375063331232,0.0036381508936689233,0.8511891108793809,0.18547968684639185,-0.5240647895525413,1.0942160659747446,0.33712299050255934,0.5301658382605837,1.1328672985566275,-0.1660493710426048,-0.20245186394054585,0.682245081437269,0.17889249719919803,0.67937645388068,0.18,-0.10088995496308927,-0.07893310561951628,0.5155712156627754,0.10088995496308927,0.09901817731250848,0.5231835038331898,-0.03892803915693854,False
1782600864.5839114,TRACKING,Tracking AprilTag,Walk,4,71.70502471923828,0.10085485287041236,-0.06207723464738973,1.0153140502416464,1.0221975860992218,0.09900885888668227,0.523450589986488,0.49985637675743516,-0.007820214726439522,0.8660730031911638,1.140249713763569,0.003358440492628789,0.8511982024305924,0.1854789998333801,-0.5240593873418516,1.094221153635245,0.3371305564790951,0.5301712404712734,1.1328751448069525,-0.1660447272676165,-0.20239332983838237,0.6822535105348125,0.1788947074053977,0.6793848475365001,0.18,-0.10085485287041236,-0.07908778720542337,0.5153140502416464,0.10085485287041236,0.09900885888668227,0.523450589986488,-0.03828512560411612,False
1782600864.6339011,TRACKING,Tracking AprilTag,Walk,4,71.46607971191406,0.10088110112601434,-0.062061760342947754,1.0152967984953383,1.0221821010446945,0.0990361303703668,0.5239485515785327,0.5002837255550596,-0.008751404943909639,0.8658173057038405,1.1402128426537765,0.0028962832371525193,0.8512055876238365,0.18547674049678947,-0.5240590031487597,1.0942267656984774,0.3371358621767267,0.5301716246643653,1.1328824927816483,-0.1660423496745156,-0.20245186394054585,0.682245081437269,0.17889249719919803,0.67937645388068,0.18,-0.10088110112601434,-0.07911409806405366,0.5152967984953383,0.10088110112601434,0.0990361303703668,0.5239485515785327,-0.03824199623834568,False
1782600864.6838415,TRACKING,Tracking AprilTag,Walk,4,71.43456268310547,0.10092760603396658,-0.06210825734751536,1.0155840534007372,1.022474834317385,0.09905364470511827,0.523468580377617,0.4998709933324999,-0.008063116718613567,0.8660623396578112,1.1399633232224553,0.003397062228897574,0.8512122455662826,0.18548087256107623,-0.5240515893393277,1.0942264611207713,0.33714369220771695,0.5301790384737973,1.1328855840831586,-0.16603514925731527,-0.20245186394054585,0.682245081437269,0.17889249719919803,0.67937645388068,0.18,-0.10092760603396658,-0.07895107734684034,0.5155840534007372,0.10092760603396658,0.09905364470511827,0.523468580377617,-0.03896013350184302,False
1782600864.7338514,TRACKING,Tracking AprilTag,Walk,4,71.5127182006836,0.10091165987623583,-0.06207894151984151,1.015385932236641,1.022274693741009,0.09905729484075061,0.5238043528198164,0.5001642522953276,-0.007420820118677217,0.8658987539860664,1.1402007042807658,0.0030543558321389774,0.8512090780914864,0.18548448102960235,-0.5240658339873508,1.0942217590775742,0.3371427202347444,0.5301647938257742,1.132880920894201,-0.16603400531219753,-0.20245186394054585,0.682245081437269,0.17889249719919803,0.67937645388068,0.18,-0.10091165987623583,-0.07907754250949646,0.515385932236641,0.10091165987623583,0.09905729484075061,0.5238043528198164,-0.03846483059160244,False
1782600864.7839162,TRACKING,Tracking AprilTag,Walk,4,71.41289520263672,0.10094321298024102,-0.06207694352599447,1.0157159668817612,1.02260549800148,0.09905607954607029,0.5229912802733415,0.4994527065767668,-0.009190557423248459,0.8662924030299424,1.139762125479527,0.0038887786548391645,0.8512075547044197,0.18549442858333148,-0.524039858434435,1.0942123570796451,0.33714630868403217,0.53019076937869,1.1328739748946206,-0.16602672330538765,-0.20245186394054585,0.682245081437269,0.17889249719919803,0.67937645388068,0.18,-0.10094321298024102,-0.07887632954118108,0.5157159668817612,0.10094321298024102,0.09905607954607029,0.5229912802733415,-0.03928991720440311,False
1782600864.833798,TRACKING,Tracking AprilTag,Walk,4,71.41055297851562,0.10094572263086854,-0.062058132438127876,1.0155811543469193,1.0224706997189688,0.09907158977907266,0.5232889885707948,0.4997150957387962,-0.008149962712451466,0.8661514885968572,1.1399508459459344,0.003580036722030666,0.8512003257637075,0.1854976169834571,-0.5240377854460404,1.0942060143492633,0.33714159771274316,0.5301928423670846,1.1328662229103428,-0.16602824981085307,-0.20239332983838237,0.6822535105348125,0.1788947074053977,0.6793848475365001,0.18,-0.10094572263086854,-0.07897262267745933,0.5155811543469193,0.10094572263086854,0.09907158977907266,0.5232889885707948,-0.03895288586729828,False
1782600864.883914,TRACKING,Tracking AprilTag,Walk,4,71.46405792236328,0.1009824127202607,-0.06208301314647893,1.0158602711179492,1.0227530682603618,0.09908031064829177,0.5228624745301718,0.4993385181519508,-0.009740767250978936,0.8663522157547565,1.1395816028008767,0.004046766812864255,0.8511958531279152,0.18549904141753873,-0.5240273260660715,1.094202566753857,0.33713841218777896,0.5302033017470535,1.1328617406678794,-0.16602964372113815,-0.20239332983838237,0.6822535105348125,0.1788947074053977,0.6793848475365001,0.18,-0.1009824127202607,-0.07880635382914969,0.5158602711179492,0.1009824127202607,0.09908031064829177,0.5228624745301718,-0.03965067779487297,False
1782600864.9338343,TRACKING,Tracking AprilTag,Walk,4,71.31639099121094,0.10094176649521519,-0.06209184711379546,1.0155778938380604,1.022469117457211,0.09906804842652533,0.5236768398047951,0.5000512702006162,-0.008082422128752023,0.8659580830636566,1.1399695411358737,0.0032058501736747513,0.8511895813717344,0.18549526187794368,-0.5240225428868224,1.0942027555403029,0.3371310920644999,0.5302080849263028,1.1328587640423347,-0.16603633397864503,-0.20239332983838237,0.6822535105348125,0.1788947074053977,0.6793848475365001,0.18,-0.10094176649521519,-0.07896401581396022,0.5155778938380604,0.10094176649521519,0.09906804842652533,0.5236768398047951,-0.03894473459515102,False
1782600864.983909,TRACKING,Tracking AprilTag,Walk,4,71.65380859375,0.10092741543460076,-0.06209254188079702,1.0154939036685107,1.0223843188016126,0.09906219485162293,0.5233302133739873,0.49975509602686086,-0.007017067997447264,0.8661383288781892,1.1401133160211123,0.0035315334950457022,0.8511819388863155,0.18549431574546987,-0.524016917516496,1.0941998036223195,0.33712397947493955,0.530213710296629,1.1328530410029989,-0.16604148660620754,-0.20245186394054585,0.682245081437269,0.17889249719919803,0.67937645388068,0.18,-0.10092741543460076,-0.07902044047541353,0.5154939036685107,0.10092741543460076,0.09906219485162293,0.5233302133739873,-0.03873475917127667,False
1782600865.0339215,TRACKING,Tracking AprilTag,Walk,4,71.3766098022461,0.1009236328469297,-0.062070896701753905,1.0153493254656094,1.0222390271398611,0.09907251949410906,0.5237828437083147,0.500144190824861,-0.0077982780839756065,0.8659070245950602,1.140213089856544,0.003094125989810126,0.8511881224806674,0.1854972801875805,-0.5240156655130582,1.0942002800369905,0.33713082036561237,0.5302149623000668,1.1328564121842162,-0.16603551501568764,-0.20245407409809552,0.6822525294749808,0.17883341486506477,0.6793838706017188,0.18,-0.1009236328469297,-0.07911562586797147,0.5153493254656094,0.1009236328469297,0.09907251949410906,0.5237828437083147,-0.03837331366402352,False
1782600865.083944,TRACKING,Tracking AprilTag,Walk,4,71.56676483154297,0.1009778512187786,-0.06208077198485092,1.0157930970644735,1.022685760500669,0.09908237335641118,0.5233186138886757,0.49973736327256985,-0.008944105539396608,0.8661308046279613,1.1396946571726925,0.003578385839409337,0.8511987871992901,0.1854954216836388,-0.5240264503162988,1.0942071633153105,0.3371391756477604,0.5302041774968262,1.1328662189767942,-0.16603093057684165,-0.20245407409809552,0.6822525294749808,0.17883341486506477,0.6793838706017188,0.18,-0.1009778512187786,-0.07884310893978308,0.5157930970644735,0.1009778512187786,0.09908237335641118,0.5233186138886757,-0.03948274266118379,False
1782600865.133953,TRACKING,Tracking AprilTag,Walk,4,71.58397674560547,0.10094371002478951,-0.062077836202046766,1.0155062932624852,1.022397340566186,0.09907688295379725,0.5236610283484968,0.5000374704317325,-0.008109012202398421,0.8659658030692294,1.1400376932440053,0.0032279599026235894,0.8512079697026496,0.18549863843466385,-0.5240344699427771,1.0942089014939556,0.33714874876585754,0.5301961578703479,1.1328719040043307,-0.16602303460843904,-0.20245407409809552,0.6822525294749808,0.17883341486506477,0.6793838706017188,0.18,-0.10094371002478951,-0.07901914281378457,0.5155062932624852,0.10094371002478951,0.09907688295379725,0.5236610283484968,-0.03876573315621301,False
1782600865.1839314,TRACKING,Tracking AprilTag,Walk,4,71.59200286865234,0.10096845847688943,-0.06208038185032384,1.0157738490403345,1.022665691128874,0.09907508221114052,0.5230950441134566,0.49954676526899533,-0.008232022162895048,0.8662478069931219,1.1397521262641892,0.003782066733644729,0.851212336589085,0.18549391168042625,-0.5240305229492723,1.0942151682951415,0.33715021133402895,0.5302001048638527,1.1328781908780576,-0.16602440833384896,-0.20245186394054585,0.682245081437269,0.17889249719919803,0.67937645388068,0.18,-0.10096845847688943,-0.07885354616553547,0.5157738490403345,0.10096845847688943,0.09907508221114052,0.5230950441134566,-0.0394346226008363,False
1782600865.23398,TRACKING,Tracking AprilTag,Walk,4,71.50775909423828,0.10096980256621266,-0.06209627207536023,1.0157916512446898,1.0226844707798837,0.09907466746405452,0.5228332553751691,0.4993178016189624,-0.008744591089936745,0.8663747832855458,1.1397100609268882,0.0040640098219569265,0.8512107197056833,0.1854800742974174,-0.5240360554791798,1.0942264016096221,0.3371419711807384,0.5301945723339453,1.1328847904469448,-0.16603667752986878,-0.20245186394054585,0.682245081437269,0.17889249719919803,0.67937645388068,0.18,-0.10096980256621266,-0.0788467001826359,0.5157916512446898,0.10096980256621266,0.09907466746405452,0.5228332553751691,-0.039479128111724604,False
1782600865.2838018,TRACKING,Tracking AprilTag,Walk,4,71.43883514404297,0.10094653598871055,-0.06208538221592122,1.0157196011906986,1.0226099481503244,0.09905896701453143,0.5231705118732186,0.49960811574671926,-0.00915778611020725,0.866203131853939,1.1397595129687907,0.003708728713338605,0.8512053924676725,0.1854628282345104,-0.5240423839460927,1.0942387663086381,0.33712882126177063,0.5301882438670323,1.1328903006938276,-0.16605386599489358,-0.20239332983838237,0.6822535105348125,0.1788947074053977,0.6793848475365001,0.18,-0.10094653598871055,-0.07887303056135249,0.5157196011906986,0.10094653598871055,0.09905896701453143,0.5231705118732186,-0.03929900297674649,False
1782600865.3339763,TRACKING,Tracking AprilTag,Walk,4,71.53485107421875,0.10094210451698711,-0.06208461138445005,1.0157541709821354,1.0226438007941385,0.09905129761471944,0.52325108805564,0.49967877992777526,-0.0089655588515515,0.8661643814221232,1.1397335269949713,0.0036110000154361277,0.851199250947343,0.18545616905976287,-0.5240549895689101,1.0942415233199443,0.33712019213847016,0.530175638244215,1.1328890800659734,-0.16606284223842405,-0.20239332983838237,0.6822535105348125,0.1788947074053977,0.6793848475365001,0.18,-0.10094210451698711,-0.07884193396847633,0.5157541709821354,0.10094210451698711,0.09905129761471944,0.52325108805564,-0.03938542745533846,False
1782600865.3839288,TRACKING,Tracking AprilTag,Walk,4,71.44163513183594,0.1009371597990243,-0.062085598614853424,1.0156526685118095,1.0225425540479076,0.09905631109454822,0.5232915670320246,0.49971771189774844,-0.00805542282440772,0.866150863636814,1.1398843867217525,0.003558044259031279,0.8511961821909062,0.18545388198904736,-0.5240535140304543,1.0942419963256322,0.3371163942148078,0.5301771137826707,1.1328878743199462,-0.16606647461162127,-0.20239954743991131,0.6822134323690859,0.17896124037811217,0.6794057185023079,0.18,-0.1009371597990243,-0.0789120431928714,0.5156526685118095,0.1009371597990243,0.09905631109454822,0.5232915670320246,-0.03913167127952366,False
1782600865.4338772,TRACKING,Tracking AprilTag,Walk,4,71.52389526367188,0.1009054932970135,-0.062092924694238265,1.0154663521779408,1.0223548123230854,0.09904348792319699,0.5234515492236334,0.4998595636449476,-0.007192297757414135,0.8660766060145322,1.1401319674429145,0.0033902377955855045,0.8511966437512914,0.1854522367143648,-0.5240589371240582,1.0942436548889134,0.3371159829550208,0.5301716906890669,1.1328891949720026,-0.16606755897545133,-0.20239115426558868,0.6821851421069013,0.1789538191516001,0.6794385793982307,0.18,-0.1009054932970135,-0.0790192816204005,0.5154663521779408,0.1009054932970135,0.09904348792319699,0.5234515492236334,-0.038665880444851974,False
1782600865.483849,TRACKING,Tracking AprilTag,Walk,4,71.5142593383789,0.10094945179594067,-0.06210090678145618,1.0157786750507924,1.0226698544148662,0.09905608616901045,0.5231127602420774,0.49955818076155767,-0.009137986083283863,0.866232140505387,1.1396981073666088,0.003757374470171493,0.8512018231838854,0.1854501851006285,-0.5240451877328477,1.094247996914605,0.33711947329222675,0.5301854400802773,1.132894615810803,-0.16606627439473398,-0.20239115426558868,0.6821851421069013,0.1789538191516001,0.6794385793982307,0.18,-0.10094945179594067,-0.07883294472863087,0.5157786750507924,0.10094945179594067,0.09905608616901045,0.5231127602420774,-0.039446687626981114,False
1782600865.5339825,TRACKING,Tracking AprilTag,Walk,4,71.61971282958984,0.10093786812100365,-0.062088508296033476,1.0156615227459604,1.0225515952116464,0.09905614376791437,0.52309843690159,0.49954964908395516,-0.00824542798385535,0.8662460164511352,1.139865126471674,0.0037571747389762433,0.8511946740731526,0.1854530775114542,-0.5240549617921361,1.094241950980762,0.33711468554655477,0.530175666020989,1.1328870987872666,-0.16606799781627563,-0.20239115426558868,0.6821851421069013,0.1789538191516001,0.6794385793982307,0.18,-0.10093786812100365,-0.07890988180623468,0.5156615227459604,0.10093786812100365,0.09905614376791437,0.52309843690159,-0.03915380686490111,False
1782600865.5839648,TRACKING,Tracking AprilTag,Walk,4,71.58301544189453,0.10091202501970802,-0.062092499402109154,1.015507958852425,1.0223967575106043,0.09904582555544672,0.5233411203848972,0.4997629094403399,-0.007468342330770891,0.8661300469390014,1.1400737897130486,0.0035080522703888617,0.8511845342428812,0.18544918837632712,-0.5240532284621046,1.094240324633117,0.3371039479246902,0.5301773993510205,1.1328810140836063,-0.1660769932546382,-0.2023326185696354,0.682193567949567,0.1789560294558585,0.6794469713174001,0.18,-0.10091202501970802,-0.07899630229901335,0.515507958852425,0.10091202501970802,0.09904582555544672,0.5233411203848972,-0.03876989713106238,False
1782600865.63397,TRACKING,Tracking AprilTag,Walk,4,71.4142074584961,0.10093200895939029,-0.06208752687635036,1.0157182243477518,1.0226072768655374,0.0990449380572287,0.5231304047286157,0.49957478253869386,-0.008844670088591522,0.866225610601788,1.1397787339760215,0.003728590334217463,0.8511786779459473,0.18544922365105318,-0.5240629802317642,1.0942374015543457,0.33709887317656023,0.5301676475813608,1.132876193192996,-0.16608031838197557,-0.2023326185696354,0.682193567949567,0.1789560294558585,0.6794469713174001,0.18,-0.10093200895939029,-0.0788620929206876,0.5157182243477518,0.10093200895939029,0.0990449380572287,0.5231304047286157,-0.039295560869379575,False
1782600865.683939,TRACKING,Tracking AprilTag,Walk,4,71.5121841430664,0.10093476040419351,-0.062095180844122834,1.0157281966687766,1.0226179183106079,0.09904665434336062,0.5231090322325456,0.4995563109554268,-0.00883517492496091,0.8662363602785617,1.1397673035744658,0.00374833864766283,0.8511805823518118,0.18545250840732447,-0.5240584783331235,1.0942354859715273,0.3371021514273016,0.5301721494800016,1.1328758730661381,-0.16607653500990133,-0.2023326185696354,0.682193567949567,0.1789560294558585,0.6794469713174001,0.18,-0.10093476040419351,-0.07885753673631599,0.5157281966687766,0.10093476040419351,0.09904665434336062,0.5231090322325456,-0.039320491671941404,False
1782600865.7339444,TRACKING,Tracking AprilTag,Walk,4,71.59356689453125,0.10091246313481192,-0.06209572674063968,1.0155228225488642,1.0224117603064797,0.09904481253371741,0.523315133316277,0.49973946663027996,-0.00771464245167433,0.8661414144260313,1.1400486549811837,0.003544795639612963,0.8511870747361421,0.1854568115721652,-0.5240692059190197,1.094234950849749,0.3371099220081435,0.5301614218941053,1.1328787306582582,-0.16606928915251845,-0.2023326185696354,0.682193567949567,0.1789560294558585,0.6794469713174001,0.18,-0.10091246313481192,-0.07898617134084097,0.5155228225488642,0.10091246313481192,0.09904481253371741,0.523315133316277,-0.03880705637216042,False
1782600865.7838488,TRACKING,Tracking AprilTag,Walk,4,71.3160171508789,0.10089103690102094,-0.06207467447466792,1.015370007702993,1.022256581823211,0.09903872607414502,0.5236456648906138,0.5000251568000359,-0.00786090969305447,0.8659752009531781,1.1401878436104416,0.0031910148392131354,0.8511925672527316,0.18545914836095667,-0.5240593056973422,1.094235631700707,0.3371158519965343,0.5301713221157829,1.1328818948021615,-0.16606422787662178,-0.2023326185696354,0.682193567949567,0.1789560294558585,0.6794469713174001,0.18,-0.10089103690102094,-0.07907430608797097,0.515370007702993,0.10089103690102094,0.09903872607414502,0.5236456648906138,-0.03842501925748254,False
1782600865.8339524,TRACKING,Tracking AprilTag,Walk,4,71.56304931640625,0.10091367844996413,-0.0621026726326007,1.0155763787395273,1.0224654974619467,0.09904080849244093,0.5232815425589663,0.49970942459853324,-0.007956587860554417,0.8661565584102102,1.1399782633593945,0.003571831713910678,0.8511959060491928,0.185454215736039,-0.5240732623891903,1.0942415697402574,0.3371163189405203,0.5301573654239348,1.1328874568082972,-0.166066359176257,-0.2023326185696354,0.682193567949567,0.1789560294558585,0.6794469713174001,0.18,-0.10091367844996413,-0.07894818827531866,0.5155763787395273,0.10091367844996413,0.09904080849244093,0.5232815425589663,-0.038940946848818325,False
1782600865.8839571,TRACKING,Tracking AprilTag,Walk,4,71.34176635742188,0.10087236856782128,-0.062073785876984346,1.015319306757538,1.0222043261052027,0.09902543247166902,0.5237735783912448,0.5001344532591252,-0.008226141838632073,0.8659086899053772,1.1402175780936068,0.0030489561555047673,0.8512001213191248,0.18544713389790057,-0.5240777412483769,1.0942498094522466,0.3371164865064881,0.5301528865647481,1.1328949682085372,-0.16606975031153204,-0.2023326185696354,0.682193567949567,0.1789560294558585,0.6794469713174001,0.18,-0.10087236856782128,-0.07909307907591612,0.5153193067575379,0.10087236856782128,0.09902543247166902,0.5237735783912448,-0.038298266893844746,False
1782600865.9339116,TRACKING,Tracking AprilTag,Walk,4,71.36241912841797,0.10087091586618417,-0.06208722252262916,1.015422504469739,1.02230750141621,0.09901401748094672,0.5234083437869473,0.4998182649821483,-0.008200592554779089,0.8660914803137053,1.1401194401535324,0.003414054432186453,0.8512030049794257,0.1854534780945197,-0.5240728753869518,1.094245717274036,0.33712212728701624,0.5301577524261732,1.1328936986076645,-0.16606289812639902,-0.20233040821710457,0.6821861154276253,0.17901510929133266,0.6794395488002438,0.18,-0.10087091586618417,-0.07902228133091099,0.5154225044697389,0.10087091586618417,0.09901401748094672,0.5234083437869473,-0.038556261174347295,False
1782600865.9839125,TRACKING,Tracking AprilTag,Walk,4,71.81085968017578,0.10086314106637402,-0.06207994264107291,1.0152711644377832,1.0221559713874133,0.09902109756666956,0.5236850520456579,0.5000602048165879,-0.0076180152288385415,0.8659571336981787,1.1403021104964723,0.0031280614913542504,0.8511997741394464,0.18545785335283418,-0.524077040439767,1.0942403171955377,0.33712147893178795,0.530153587373358,1.1328885443160561,-0.1660611618976392,-0.20233040821710457,0.6821861154276253,0.17901510929133266,0.6794395488002438,0.18,-0.10086314106637402,-0.07912238713075473,0.5152711644377832,0.10086314106637402,0.09902109756666956,0.5236850520456579,-0.038177911094458006,False
1782600866.033859,TRACKING,Tracking AprilTag,Walk,4,71.4863052368164,0.10093392492968958,-0.06208116817816876,1.0157256699854535,1.0226144754067765,0.09904608462348935,0.5225884604620613,0.49910820546167906,-0.008151006790648018,0.8665013331375325,1.1398089589191127,0.004266352976881049,0.8512100441819018,0.1854647297611519,-0.524079523316784,1.0942394103593096,0.3371338051806677,0.5301511044963412,1.132893024876869,-0.16604964307225667,-0.20233040821710457,0.6821861154276253,0.17901510929133266,0.6794395488002438,0.18,-0.10093392492968958,-0.07886890907684965,0.5157256699854535,0.10093392492968958,0.09904608462348935,0.5225884604620613,-0.039314174963633874,False
1782600866.0838072,TRACKING,Tracking AprilTag,Walk,4,71.51127624511719,0.10090105487787,-0.06208999113208562,1.0155413401689617,1.02242867891429,0.09903189446904231,0.5229956691578922,0.49946446011592516,-0.007254531352022272,0.8663040025625934,1.140057590799898,0.0038486657284595993,0.851223921942082,0.1854638741972341,-0.5240687841679124,1.094247008471864,0.3371454496172296,0.5301618436452127,1.132904891145806,-0.1660423962882286,-0.20233040821710457,0.6821861154276253,0.17901510929133266,0.6794395488002438,0.18,-0.10090105487787,-0.0789686380205424,0.5155413401689617,0.10090105487787,0.09903189446904231,0.5229956691578922,-0.03885335042240423,False
1782600866.133808,TRACKING,Tracking AprilTag,Walk,4,71.49124908447266,0.10091729268434145,-0.062076679328774406,1.0157491713975935,1.0226359045496702,0.09902759366332047,0.5224275578262219,0.49896869360893636,-0.008171398419125946,0.8665814855200099,1.1397901559018944,0.004419315238007815,0.8512390396544536,0.18546563578361655,-0.5240629952027878,1.0942529433270904,0.3371594648199529,0.5301676326103373,1.1329162749574715,-0.16603229394959362,-0.20233040821710457,0.6821861154276253,0.17901510929133266,0.6794395488002438,0.18,-0.10091729268434145,-0.07884008285819924,0.5157491713975935,0.10091729268434145,0.09902759366332047,0.5224275578262219,-0.03937292849398366,False
1782600866.1838017,TRACKING,Tracking AprilTag,Walk,4,71.46614074707031,0.10094542626406959,-0.06209384693393425,1.015902835911064,1.022792352788596,0.09904013505475057,0.5224616385088537,0.49899533031737225,-0.008853302541328014,0.866559449406426,1.1395963138906438,0.004408443771947712,0.8512528316166512,0.18547677728909995,-0.5240661352280873,1.0942500673665714,0.3371769599683316,0.5301644925850377,1.1329211998801725,-0.16601526173006453,-0.20233040821710457,0.6821861154276253,0.17901510929133266,0.6794395488002438,0.18,-0.10094542626406959,-0.07875034441548559,0.515902835911064,0.10094542626406959,0.09904013505475057,0.5224616385088537,-0.039757089777660015,False
1782600866.2339525,TRACKING,Tracking AprilTag,Walk,4,71.4943618774414,0.10093894003763579,-0.06207910417894485,1.015748095236053,1.022637119298557,0.09904880127508564,0.5228195600271537,0.4993064175578176,-0.008633665753055651,0.8663824566559754,1.1397591980815276,0.004042507317992272,0.8512607770115167,0.1854937264253767,-0.5240637359893854,1.0942392539507986,0.33719223977721186,0.5301668918237397,1.1329180059193371,-0.16599681718793752,-0.20233040821710457,0.6821861154276253,0.17901510929133266,0.6794395488002438,0.18,-0.10093894003763579,-0.07885215586935346,0.5157480952360529,0.10093894003763579,0.09904880127508564,0.5228195600271537,-0.03937023809013229,False
1782600866.283833,TRACKING,Tracking AprilTag,Walk,4,71.36425018310547,0.10091102027814541,-0.062062686994900126,1.0154665542210546,1.022353722481698,0.09904885792505944,0.5232509715918003,0.4996822900394397,-0.008119674428300343,0.8661706990588631,1.140073125504165,0.003601192933035069,0.8512584462283059,0.1854945033541386,-0.5240232447306796,1.0942374272288051,0.3371905968361185,0.5302073830824454,1.1329156502983722,-0.16599751519835754,-0.20233040821710457,0.6821861154276253,0.17901510929133266,0.6794395488002438,0.18,-0.10091102027814541,-0.07902786022837341,0.5154665542210546,0.10091102027814541,0.09904885792505944,0.5232509715918003,-0.03866638555263646,False
1782600866.3338668,TRACKING,Tracking AprilTag,Walk,4,71.69349670410156,0.10099124048671616,-0.062082755247342025,1.0157136250861283,1.0226082668058922,0.09910312826606195,0.522814141574043,0.49930753694879465,-0.0071591799607762276,0.8663952502688466,1.1398834126183113,0.004105356146071881,0.8512490096681187,0.18548485680043864,-0.5239958539394777,1.0942411544174924,0.3371776271510435,0.5302347738736474,1.1329134395126648,-0.16601082748940799,-0.20233040821710457,0.6821861154276253,0.17901510929133266,0.6794395488002438,0.18,-0.10099124048671616,-0.07892368367643013,0.5157136250861283,0.10099124048671616,0.09910312826606195,0.522814141574043,-0.0392840627153207,False
1782600866.383856,TRACKING,Tracking AprilTag,Walk,4,71.56044006347656,0.10100138302611368,-0.06207845800435867,1.0156643029956869,1.022560018141283,0.09911779773976608,0.5231285421666877,0.4995788008384879,-0.007462156587064315,0.8662363060804185,1.1399150609775435,0.0038078286070785117,0.8512387457326476,0.18547716924598173,-0.524005370441844,1.094242769578133,0.3371649055897798,0.530225257371281,1.1329094285211678,-0.1660230077526273,-0.20233040821710457,0.6821861154276253,0.17901510929133266,0.6794395488002438,0.18,-0.10100138302611368,-0.07896296297805078,0.5156643029956869,0.10100138302611368,0.09911779773976608,0.5231285421666877,-0.03916075748921721,False
1782600866.4338126,TRACKING,Tracking AprilTag,Walk,4,71.53778839111328,0.10100628411617124,-0.0620781616617472,1.015910499005941,1.0228050203126493,0.09909871157582546,0.5227680385428537,0.4992592402800245,-0.0092038925924392,0.8664037738584474,1.1395617455381997,0.0041594165797366744,0.851233532915965,0.18548543991399324,-0.5240088160080324,1.0942330034689955,0.33716445779581083,0.5302218118050926,1.1329004185121472,-0.16601921339568954,-0.20233037354548505,0.6822470333307488,0.1790150786150551,0.6793783975670571,0.18,-0.10100628411617124,-0.07879196497127561,0.5159104990059411,0.10100628411617124,0.09909871157582546,0.5227680385428537,-0.03977624751485276,False
1782600866.483847,TRACKING,Tracking AprilTag,Walk,4,71.60196685791016,0.1009882534551306,-0.062087570310624535,1.0159041970307978,1.02279755145766,0.09908174761303183,0.5226296402367199,0.4991418603083147,-0.008634842312097109,0.8664772603976403,1.139603105433251,0.004277622304730666,0.8512247951944031,0.18549488835992634,-0.5240140522954825,1.0942204723183613,0.3371615267256264,0.5302165755176426,1.1328878444272021,-0.16601647235639005,-0.20233258389687955,0.6822544865156319,0.17895599878903495,0.6793858194136249,0.18,-0.1009882534551306,-0.07878356688615394,0.5159041970307978,0.1009882534551306,0.09908174761303183,0.5226296402367199,-0.039760492576994544,False
1782600866.5338032,TRACKING,Tracking AprilTag,Walk,4,71.71161651611328,0.10096168956485792,-0.06207195396089318,1.0156114534829508,1.0225032101045286,0.09908422111708154,0.523208305168174,0.4996438278594851,-0.00848258553114118,0.8661894082847169,1.139899354736076,0.0036775557276716997,0.851217677699516,0.1854995712738741,-0.5240278528729666,1.094212885120325,0.337157650794452,0.5302027749401584,1.1328793278559965,-0.16601670990934814,-0.20233258389687955,0.6822544865156319,0.17895599878903495,0.6793858194136249,0.18,-0.10096168956485792,-0.0789657463578403,0.5156114534829508,0.10096168956485792,0.09908422111708154,0.523208305168174,-0.03902863370737697,False
1782600866.5839245,TRACKING,Tracking AprilTag,Walk,4,71.68643188476562,0.1009666499637841,-0.062068732961013375,1.0156751037107155,1.0225667256047732,0.09908288833104828,0.5230057097637575,0.4994669687779857,-0.008798352187459236,0.8662882523147338,1.1398153291684399,0.003881012521920413,0.8512105819023568,0.1854987235459532,-0.5240426604661658,1.0942101176451815,0.3371510621632374,0.5301879673469593,1.1328739966046073,-0.16602146876830548,-0.20233254771663164,0.6823153999771417,0.17895596678888806,0.6793246624694148,0.18,-0.1009666499637841,-0.0789268885706394,0.5156751037107155,0.1009666499637841,0.09908288833104828,0.5230057097637575,-0.039187759276788636,False
1782600866.6339636,TRACKING,Tracking AprilTag,Walk,4,71.70966339111328,0.10097129333771131,-0.06207128515088834,1.0158118052139378,1.0227031192533695,0.09907416784316138,0.522802080055459,0.4992949222734187,-0.007741057448248466,0.8663975165139636,1.1397478179508362,0.0040832012216027724,0.851208307605949,0.185497554375577,-0.5240546177583968,1.094210010994928,0.3371485071663212,0.5301760100547283,1.132872801866909,-0.1660237297383076,-0.20233254771663164,0.6823153999771417,0.17895596678888806,0.6793246624694148,0.18,-0.10097129333771131,-0.07883369523974722,0.5158118052139378,0.10097129333771131,0.09907416784316138,0.522802080055459,-0.03952951303484442,False
1782600866.6838095,TRACKING,Tracking AprilTag,Walk,4,71.70690155029297,0.10097465473711971,-0.062072966938120554,1.0158512973788028,1.0227427792509602,0.09907361797207578,0.522791959093748,0.49928097304795827,-0.008981867343370118,0.8663935803151533,1.139636637223963,0.00410735241295368,0.8512151733160238,0.185496955952981,-0.5240545210065446,1.0942139222882954,0.3371541814828992,0.5301761068065804,1.132878772750445,-0.1660202881348687,-0.20233254771663164,0.6823153999771417,0.17895596678888806,0.6793246624694148,0.18,-0.10097465473711971,-0.07880759266131585,0.5158512973788028,0.10097465473711971,0.09907361797207578,0.522791959093748,-0.03962824344700688,False
1782600866.7338278,TRACKING,Tracking AprilTag,Walk,4,71.52433013916016,0.10098639348689321,-0.062087323420536474,1.015966832623286,1.0228595663088889,0.09907386617377925,0.5224277473455411,0.4989644444351168,-0.00919024513887809,0.8665737259944145,1.1395096114449064,0.004481454438130694,0.8512154552793982,0.18550318305699104,-0.5240690912811756,1.0942086469545624,0.3371575022029569,0.5301615365319494,1.1328754374754095,-0.16601502199129547,-0.20233254771663164,0.6823153999771417,0.17895596678888806,0.6793246624694148,0.18,-0.10098639348689321,-0.07873958405686807,0.515966832623286,0.10098639348689321,0.09907386617377925,0.5224277473455411,-0.03991708155821505,False
1782600866.7839189,TRACKING,Tracking AprilTag,Walk,4,71.61274719238281,0.10095557908861871,-0.062066841978979624,1.0157363844407263,1.022626385587171,0.09906615684333407,0.5230642553655299,0.49951837738865074,-0.008639452656306387,0.8662602094687306,1.1397662829328434,0.0038066793691078904,0.8512172204152794,0.1855146420981967,-0.5240832402522636,1.094199554878457,0.3371646966092652,0.5301473875608614,1.132870321570412,-0.16600461752849882,-0.20233254771663164,0.6823153999771417,0.17895596678888806,0.6793246624694148,0.18,-0.10095557908861871,-0.07887061589695787,0.5157363844407263,0.10095557908861871,0.09906615684333407,0.5230642553655299,-0.03934096110181584,False
1782600866.833933,TRACKING,Tracking AprilTag,Walk,4,71.6342544555664,0.10093341846434503,-0.062069520182804476,1.0156719938715322,1.0225604038068343,0.09905079105629946,0.522879303361271,0.49935758892044785,-0.008769054872004106,0.8663516041793937,1.1398271986225597,0.003984098607768605,0.8512218090284742,0.18552793982856539,-0.5241010788108241,1.0941902585310244,0.33717525420977007,0.5301295490023009,1.1328664671433848,-0.16599108872972346,-0.20233254771663164,0.6823153999771417,0.17895596678888806,0.6793246624694148,0.18,-0.10093341846434503,-0.07890251040338345,0.5156719938715322,0.10093341846434503,0.09905079105629946,0.522879303361271,-0.03917998467883044,False
1782600866.8838353,TRACKING,Tracking AprilTag,Walk,4,71.60211944580078,0.10094113973738454,-0.06208284237327771,1.015803041490046,1.0226921394579387,0.09904562285752345,0.5226430828930728,0.49914972011503056,-0.009472941698650133,0.8664639751799614,1.1396626138010173,0.004240615213210508,0.8512245841957273,0.1855299528071288,-0.5240875206461241,1.094189878851304,0.3371786614783667,0.530143107167001,1.1328675891994988,-0.16598784918869774,-0.20233254771663164,0.6823153999771417,0.17895596678888806,0.6793246624694148,0.18,-0.10094113973738454,-0.07881687266746508,0.5158030414900461,0.10094113973738454,0.09904562285752345,0.5226430828930728,-0.03950760372511519,False
1782600866.9338596,TRACKING,Tracking AprilTag,Walk,4,71.80155944824219,0.1009547528800072,-0.062075933290447076,1.015835459251462,1.022725263155053,0.099055752591924,0.522751515112236,0.4992437333838318,-0.009459487038877721,0.8664099565343965,1.1396239350561859,0.004128851020032964,0.8512175563072438,0.18552390987163858,-0.5240819155316357,1.0941916622554972,0.3371695659984256,0.5301487122814893,1.1328652890378759,-0.16599682791591175,-0.20233258389687955,0.6822544865156319,0.17895599878903495,0.6793858194136249,0.18,-0.1009547528800072,-0.0788026644374818,0.515835459251462,0.1009547528800072,0.099055752591924,0.522751515112236,-0.039588648128655035,False
1782600866.9839122,TRACKING,Tracking AprilTag,Walk,4,71.50650787353516,0.10096501461226057,-0.062076351215729186,1.0158498728075478,1.0227406179667569,0.0990643591201066,0.52270715968304,0.499205115459946,-0.00949909524872379,0.8664317745143456,1.1396102885634862,0.004191187164235333,0.8512202665879364,0.18551193719237125,-0.5240929222529022,1.0942034113446224,0.3371660093743234,0.5301377055602229,1.132874367829839,-0.16600509025255267,-0.20233258389687955,0.6822544865156319,0.17895599878903495,0.6793858194136249,0.18,-0.10096501461226057,-0.0788018707123825,0.5158498728075478,0.10096501461226057,0.0990643591201066,0.52270715968304,-0.039624682018869484,False
1782600867.0338976,TRACKING,Tracking AprilTag,Walk,4,71.62850952148438,0.10093320467375805,-0.06206201240572735,1.0157478773842878,1.022635299410425,0.09904323114684264,0.523030772308598,0.49948678028865445,-0.00922046958215473,0.8662724393962664,1.1397267587642217,0.0038299634811441163,0.8512354423921457,0.18551147999095843,-0.524097976025495,1.0942113041726862,0.3371789792367623,0.5301326517876299,1.132887070015923,-0.16599677349024905,-0.20233037354548505,0.6822470333307488,0.1790150786150551,0.6793783975670571,0.18,-0.10093320467375805,-0.0788431274440019,0.5157478773842878,0.10093320467375805,0.09904323114684264,0.523030772308598,-0.03936969346071961,False
1782600867.083852,TRACKING,Tracking AprilTag,Walk,4,71.57466888427734,0.10092950601609268,-0.06207131009318973,1.0158312968060095,1.0227183562897053,0.09903154543601304,0.5227030749576234,0.49920475539441417,-0.008803254096907107,0.8664393313492345,1.1396673837510831,0.00414467530724838,0.8512454462799424,0.18551308263120864,-0.5240938065484961,1.0942148515329257,0.33718846936121627,0.5301368212646288,1.1328943528122477,-0.16598973025913605,-0.20233037354548505,0.6822470333307488,0.1790150786150551,0.6793783975670571,0.18,-0.10092950601609268,-0.0787845564910768,0.5158312968060095,0.10092950601609268,0.09903154543601304,0.5227030749576234,-0.03957824201502369,False
1782600867.1339772,TRACKING,Tracking AprilTag,Walk,4,71.56214141845703,0.10094560304245656,-0.06206645176724053,1.0157645202992427,1.0226533234226205,0.09905370554584081,0.5226839918693259,0.499182095883735,-0.01010125728911933,0.8664382261594307,1.1396649866479223,0.004213784564541079,0.8512544355292675,0.18551624808792627,-0.5240993094458354,1.0942165388654614,0.3371978491068725,0.5301313183672897,1.1328999087976666,-0.16598198702042816,-0.20233037354548505,0.6822470333307488,0.1790150786150551,0.6793783975670571,0.18,-0.10094560304245656,-0.07884850699136524,0.5157645202992427,0.10094560304245656,0.09905370554584081,0.5226839918693259,-0.039411300748106726,False
1782600867.1838162,TRACKING,Tracking AprilTag,Walk,4,71.68123626708984,0.10095760385961121,-0.06207185435793249,1.015915164078418,1.0228044649320738,0.09905081066077344,0.5226296290091459,0.4991375621888277,-0.009578214981129356,0.8664698216383359,1.139545274391691,0.004264708945216744,0.8512531447693953,0.1855170940319943,-0.5241014205499782,1.0942151657975074,0.33719714457383,0.5301292072631469,1.1328983662070473,-0.16598203280901896,-0.20233037354548505,0.6822470333307488,0.1790150786150551,0.6793783975670571,0.18,-0.10095760385961121,-0.07874855922229193,0.5159151640784181,0.10095760385961121,0.09905081066077344,0.5226296290091459,-0.03978791019604522,False
1782600867.233963,TRACKING,Tracking AprilTag,Walk,4,71.62151336669922,0.10091698133198389,-0.06205863591218437,1.0156824261680042,1.0225684829090735,0.09903375521516224,0.5230116065305658,0.4994695593722874,-0.009353695908105072,0.866280940361331,1.1397856792369092,0.003840501504995375,0.8512543036248951,0.18551700328721712,-0.5240990023897012,1.0942158170570448,0.3371981074038767,0.5301316254234238,1.13289936814831,-0.16598144349213478,-0.20233037354548505,0.6822470333307488,0.1790150786150551,0.6793783975670571,0.18,-0.10091698133198389,-0.07887776606311495,0.5156824261680042,0.10091698133198389,0.09903375521516224,0.5230116065305658,-0.03920606542001048,False
1782600867.2839456,TRACKING,Tracking AprilTag,Walk,4,71.5795669555664,0.10090836559270701,-0.06207035248500413,1.015643473122455,1.0225296530665735,0.09902912856774772,0.5232660020064289,0.4996927533505891,-0.00872678600222808,0.8661587588052081,1.1398744328577062,0.0035986069575317248,0.8512582325888939,0.18551647428406354,-0.5240914905746105,1.0942182175391155,0.337201262445599,0.5301391372385146,1.1329028918818116,-0.16597962692816653,-0.20233040821710457,0.6821861154276253,0.17901510929133266,0.6794395488002438,0.18,-0.10090836559270701,-0.07889409366312033,0.5156434731224551,0.10090836559270701,0.09902912856774772,0.5232660020064289,-0.03910868280613766,False
1782600867.333843,TRACKING,Tracking AprilTag,Walk,4,71.59579467773438,0.10092123267941562,-0.06206217389073465,1.0157242226848862,1.0226106322459163,0.09903385123831436,0.522683759799675,0.49918697769312914,-0.009037284891040049,0.8664471644499724,1.1397640270669858,0.004174196336568403,0.8512650619367094,0.18551799784328182,-0.524091246159189,1.0942202657666007,0.33720795318460495,0.530139381653936,1.1329076176468489,-0.1659744666598511,-0.20233040821710457,0.6821861154276253,0.17901510929133266,0.6794395488002438,0.18,-0.10092123267941562,-0.07885697132340339,0.5157242226848862,0.10092123267941562,0.09903385123831436,0.522683759799675,-0.039310556712215394,False
1782600867.3838322,TRACKING,Tracking AprilTag,Walk,4,71.6489028930664,0.10090332019850527,-0.062057046272440505,1.015707053358956,1.0225914997017505,0.09901805125865855,0.5221055797370171,0.4986865849009275,-0.008891202121920275,0.8667367746696094,1.1397939462690143,0.004747166746537523,0.8512644595928553,0.18551293248909484,-0.5240822316334647,1.0942243727001397,0.3372049276717452,0.5301483961796603,1.1329100249282287,-0.16597896395098205,-0.20233040821710457,0.6821861154276253,0.17901510929133266,0.6794395488002438,0.18,-0.10090332019850527,-0.07886532088287017,0.5157070533589561,0.10090332019850527,0.09901805125865855,0.5221055797370171,-0.039267633397390145,False
1782600867.4337947,TRACKING,Tracking AprilTag,Walk,4,71.63591003417969,0.10095415880935435,-0.062054942397354096,1.015809872557897,1.0226985163003486,0.09905765225995508,0.5224691433866334,0.4990021097093891,-0.008790614927624466,0.8665561837496593,1.1396890498469654,0.00441179201758074,0.8512650930579254,0.18550562665602952,-0.5240627943513672,1.0942310381381297,0.3372018701545868,0.5301678334617579,1.1329147284383076,-0.1659845900924405,-0.20233040821710457,0.6821861154276253,0.17901510929133266,0.6794395488002438,0.18,-0.10095415880935435,-0.0788266738184892,0.515809872557897,0.10095415880935435,0.09905765225995508,0.5224691433866334,-0.03952468139474252,False
1782600867.4839125,TRACKING,Tracking AprilTag,Walk,4,71.7099609375,0.10095623671568914,-0.06205478300802986,1.015739878818465,1.022629189515006,0.09906645936177157,0.5230480162675291,0.49950504748779245,-0.008466855105557655,0.8662696000084729,1.139772912860783,0.0038218360565573928,0.8512716338569722,0.18548689543824617,-0.524053169757736,1.0942505557959996,0.33719830622373914,0.5301774580553891,1.132930818069601,-0.1659961988967139,-0.20233040821710457,0.6821861154276253,0.17901510929133266,0.6794395488002438,0.18,-0.10095623671568914,-0.0788689229352326,0.5157398788184651,0.10095623671568914,0.09906645936177157,0.5230480162675291,-0.039349697046162646,False
1782600867.5338376,TRACKING,Tracking AprilTag,Walk,4,71.61003112792969,0.10095374836142025,-0.06204161904018295,1.015737283182435,1.0226255669834303,0.09906428502782146,0.5230288943625804,0.49948825250611517,-0.008521101663218782,0.8662787521547741,1.1397736942904422,0.003841675147776169,0.8512754755830532,0.18547145985306698,-0.5240600927410535,1.094265874770112,0.33719402309623026,0.5301705350720715,1.1329428076521608,-0.16600665193737918,-0.20233040821710457,0.6821861154276253,0.17901510929133266,0.6794395488002438,0.18,-0.10095374836142025,-0.07886903924606459,0.515737283182435,0.10095374836142025,0.09906428502782146,0.5230288943625804,-0.03934320795608737,False
1782600867.583917,TRACKING,Tracking AprilTag,Walk,4,71.51724243164062,0.10095755641224755,-0.0620662077207782,1.015884072102154,1.022773235027406,0.09905377615401915,0.5231269421691795,0.4995707906585201,-0.009066496306883555,0.8662256194349937,1.1395982450895816,0.0037433152214478294,0.8512750336284716,0.18546260202161624,-0.5240436764507423,1.094273358556115,0.33718926395251325,0.5301869513623827,1.1329475184563231,-0.16601416624546472,-0.20233040821710457,0.6821861154276253,0.17901510929133266,0.6794395488002438,0.18,-0.10095755641224755,-0.07876166595362397,0.515884072102154,0.10095755641224755,0.09905377615401915,0.5231269421691795,-0.039710180255385086,False
1782600867.633851,TRACKING,Tracking AprilTag,Walk,4,71.8861312866211,0.1009668882365333,-0.062075671225109104,1.0158950661460235,1.0227856505143442,0.09906180716455537,0.5225545934940118,0.49907453007147884,-0.009153522277981108,0.8665107191857693,1.1395837983677026,0.004337371368019094,0.8512770592771927,0.18546688277644724,-0.5240407752207383,1.0942706368136026,0.33719313954696567,0.5301898525923867,1.1329467272854532,-0.16600949696679257,-0.20233040821710457,0.6821861154276253,0.17901510929133266,0.6794395488002438,0.18,-0.1009668882365333,-0.07877307666248014,0.5158950661460235,0.1009668882365333,0.09906180716455537,0.5225545934940118,-0.03973766536505885,False
1782600867.6838539,TRACKING,Tracking AprilTag,Walk,4,71.57512664794922,0.1009612337997003,-0.062077167039152205,1.0156690878240677,1.0225607274677324,0.09907819094528152,0.5232019188486584,0.49964218675998723,-0.007508752153059059,0.8661993441759247,1.1399098657884974,0.0036903695914196066,0.8512862759616431,0.1854662781389401,-0.5240531718917255,1.0942757146498276,0.33720085501442043,0.5301774559213995,1.13295462893505,-0.16600471399779587,-0.20233040821710457,0.6821861154276253,0.17901510929133266,0.6794395488002438,0.18,-0.1009612337997003,-0.07892275083055289,0.5156690878240677,0.1009612337997003,0.09907819094528152,0.5232019188486584,-0.03917271956016932,False
1782600867.7338643,TRACKING,Tracking AprilTag,Walk,4,71.59001159667969,0.10097625331728462,-0.06209110015689974,1.0158159256963295,1.0227089045036137,0.09907860357184466,0.5230054183056257,0.49946887261535095,-0.008293198727424607,0.8662921378745265,1.1397065661157328,0.003878723213083357,0.8512856183286595,0.18547053135001268,-0.5240500366065359,1.0942716915927657,0.33720238383666207,0.5301805912065891,1.1329516539242501,-0.16600160407877612,-0.20233040821710457,0.6821861154276253,0.17901510929133266,0.6794395488002438,0.18,-0.10097625331728462,-0.0788309746712858,0.5158159256963295,0.10097625331728462,0.09907860357184466,0.5230054183056257,-0.039539814240823756,False
1782600867.7839189,TRACKING,Tracking AprilTag,Walk,4,71.67216491699219,0.10096002819090524,-0.062079203313794865,1.0157671759418907,1.022658159160405,0.09906751060229535,0.5231187727495704,0.4995661076846624,-0.00852169847435284,0.8662338510517287,1.139743143327863,0.0037541496185384826,0.8512868567856016,0.18547003842444093,-0.5240470346108234,1.0942727318716492,0.33720321724596214,0.5301835932023017,1.1329529514573642,-0.16600129885912646,-0.20233040821710457,0.6821861154276253,0.17901510929133266,0.6794395488002438,0.18,-0.10096002819090524,-0.07885062738150529,0.5157671759418907,0.10096002819090524,0.09906751060229535,0.5231187727495704,-0.03941793985472675,False
1782600867.8338928,TRACKING,Tracking AprilTag,Walk,4,71.94451141357422,0.10095286766231354,-0.06209849731358549,1.01579832625223,1.0226895640783094,0.099057512235586,0.5230115594964747,0.499471222038086,-0.008981722186708,0.8662839182521754,1.1396865144315902,0.0038583631246916217,0.8512887160273566,0.18547637770836486,-0.5240683496698968,1.0942681380080235,0.33720796484720483,0.5301622781432282,1.1329508449050194,-0.16599503741058869,-0.20233040821710457,0.6821861154276253,0.17901510929133266,0.6794395488002438,0.18,-0.10095286766231354,-0.07882337694876121,0.5157983262522301,0.10095286766231354,0.099057512235586,0.5230115594964747,-0.03949581563057525,False
1782600867.8838997,TRACKING,Tracking AprilTag,Walk,4,71.70032501220703,0.10088286078311395,-0.06206845873648839,1.0153453816962474,1.0222309373627894,0.09903313864052711,0.5238342760437069,0.5001865449297255,-0.008338627991930431,0.8658775245694255,1.14018745697124,0.0030034520417541177,0.8512982987113064,0.1854801015470672,-0.5240621870020667,1.094269632911478,0.337218136379539,0.5301684408110583,1.1329565675583602,-0.16598649656489833,-0.20233040821710457,0.6821861154276253,0.17901510929133266,0.6794395488002438,0.18,-0.10088286078311395,-0.07908177863713924,0.5153453816962474,0.10088286078311395,0.09903313864052711,0.5238342760437069,-0.0383634542406186,False
1782600867.9338548,TRACKING,Tracking AprilTag,Walk,4,71.75887298583984,0.10092087754593083,-0.062062987914645235,1.0156175203715978,1.0225046629132246,0.09904384172332391,0.5235080071429885,0.4999011116851179,-0.009006940530743471,0.8660356537454211,1.13986631990516,0.0033365983598984683,0.851304305701032,0.18548894713169312,-0.5240518358908771,1.0942649083277298,0.3372277283866984,0.5301787919222479,1.1329564256948879,-0.1659758050651114,-0.20233040821710457,0.6821861154276253,0.17901510929133266,0.6794395488002438,0.18,-0.10092087754593083,-0.07891958634317878,0.5156175203715978,0.10092087754593083,0.09904384172332391,0.5235080071429885,-0.03904380092899451,False
1782600867.9839153,TRACKING,Tracking AprilTag,Walk,4,71.67491912841797,0.10092363275273282,-0.062062801337701444,1.0155949510037323,1.0224825061888174,0.09904871476030631,0.5234785899341904,0.4998757107328693,-0.008990131489097386,0.8660504900726733,1.139890012900459,0.0033722491444700964,0.8513025223071876,0.18548302053347707,-0.5240536025990021,1.09426918081372,0.3372232505609443,0.5301770252141229,1.1329583580682638,-0.16598168477540653,-0.20233040821710457,0.6821861154276253,0.17901510929133266,0.6794395488002438,0.18,-0.10092363275273282,-0.07893931458236746,0.5155949510037323,0.10092363275273282,0.09904871476030631,0.5234785899341904,-0.03898737750933079,False
1782600868.033938,TRACKING,Tracking AprilTag,Walk,4,71.58514404296875,0.10093742328766914,-0.06208433761347181,1.0157578622562458,1.0226469885215699,0.09904637646926463,0.5230377938566831,0.49949433681130845,-0.008894701837237,0.8662714884911416,1.1397338033650688,0.003820241298876592,0.8513035722478878,0.18547747370039,-0.5240543709018239,1.0942745224611854,0.33722142394244986,0.5301762569113011,1.132962395561343,-0.1659856304543602,-0.20233040821710457,0.6821861154276253,0.17901510929133266,0.6794395488002438,0.18,-0.10093742328766914,-0.07883929193433283,0.5157578622562458,0.10093742328766914,0.09904637646926463,0.5230377938566831,-0.039394655640614396,False
1782600868.0838916,TRACKING,Tracking AprilTag,Walk,4,71.58226776123047,0.10090242065170534,-0.06208903677756055,1.0155590640012955,1.0224463601854752,0.09903150911658835,0.5234191982108388,0.49982952584580465,-0.0077335479280006844,0.8660892779207022,1.1400075759349162,0.003415875437607907,0.8513078454593697,0.1854670415854758,-0.5240483534961253,1.0942857039246432,0.33721998719859914,0.5301822743169997,1.132971873244069,-0.16599173478791068,-0.20233040821710457,0.6821861154276253,0.17901510929133266,0.6794395488002438,0.18,-0.10090242065170534,-0.07894846719934302,0.5155590640012955,0.10090242065170534,0.09903150911658835,0.5234191982108388,-0.03889766000323869,False
1782600868.1339507,TRACKING,Tracking AprilTag,Walk,4,71.79582214355469,0.10092478166601698,-0.06208348923251345,1.0157451949078395,1.0226331073107215,0.09903527963409342,0.5231056077979638,0.49955290294236904,-0.00893466944958362,0.8662373051558554,1.139746334757658,0.003742655390197247,0.8513038030408643,0.18546715426698873,-0.5240641582792425,1.0942836094079469,0.33721652788590667,0.5301664695338826,1.1329684949439904,-0.1659939576088827,-0.20233040821710457,0.6821861154276253,0.17901510929133266,0.6794395488002438,0.18,-0.10092478166601698,-0.07883625198048058,0.5157451949078395,0.10092478166601698,0.09903527963409342,0.5231056077979638,-0.03936298726959886,False
1782600868.1840014,TRACKING,Tracking AprilTag,Walk,4,71.93946838378906,0.10093045418522581,-0.062089186532756156,1.0158505472500556,1.0227386557740805,0.09903060527723397,0.5230209319514729,0.49947504885780925,-0.00989228143958203,0.86627179241645,1.1395911665520653,0.0038443854801588073,0.8512969106448763,0.18547671653879502,-0.5240675309789365,1.094271890683892,0.33721525758236953,0.5301630968341885,1.1329573683702159,-0.16599006639819808,-0.20233040821710457,0.6821861154276253,0.17901510929133266,0.6794395488002438,0.18,-0.10093045418522581,-0.07876483475617937,0.5158505472500556,0.10093045418522581,0.09903060527723397,0.5230209319514729,-0.03962636812513909,False
1782600868.2338417,TRACKING,Tracking AprilTag,Walk,4,71.74713897705078,0.10090821520584724,-0.06209403470456354,1.0156135893008342,1.022501393551346,0.09903187679919292,0.5234399260795901,0.49984434077774326,-0.008506431962649079,0.8660734816444434,1.1399118173438778,0.003412328163474865,0.8512842517883357,0.18550006593409313,-0.5240978807487728,1.0942453357366324,0.3372157826402182,0.5301327470643522,1.1329336185306882,-0.16597817581233737,-0.20233040821710457,0.6821861154276253,0.17901510929133266,0.6794395488002438,0.18,-0.10090821520584724,-0.07891271908244145,0.5156135893008342,0.10090821520584724,0.09903187679919292,0.5234399260795901,-0.039033973252085574,False
1782600868.2839162,TRACKING,Tracking AprilTag,Walk,4,71.66317749023438,0.10087689858618482,-0.06207497879564973,1.0154642372432294,1.0223487999605718,0.09901580886098926,0.5235683575974716,0.4999586404788676,-0.007750379102040553,0.8660146011669186,1.1401040436397254,0.003249599847686968,0.8512794254268689,0.1855196495299056,-0.5240847642230464,1.0942259236739362,0.33722125829651145,0.5301458635900786,1.132918446128602,-0.16596488637273699,-0.20233040821710457,0.6821861154276253,0.17901510929133266,0.6794395488002438,0.18,-0.10087689858618482,-0.07899349635622123,0.5154642372432294,0.10087689858618482,0.09901580886098926,0.5235683575974716,-0.03866059310807357,False
1782600868.3339186,TRACKING,Tracking AprilTag,Walk,4,71.66407775878906,0.10092939697270051,-0.062069677500993646,1.0157423622531794,1.0226299108250352,0.0990400533715391,0.5229975591948961,0.4994581899621935,-0.009180964911759747,0.8662893433276081,1.1397337549999076,0.003857732902334987,0.8512818848362601,0.18552698557725636,-0.5240791579438431,1.0942207595249944,0.33722702005414185,0.530151469869282,1.1329162606918353,-0.1659574640987307,-0.20233040821710457,0.6821861154276253,0.17901510929133266,0.6794395488002438,0.18,-0.10092939697270051,-0.07884452674141684,0.5157423622531794,0.10092939697270051,0.0990400533715391,0.5229975591948961,-0.03935590563294844,False
1782600868.3838131,TRACKING,Tracking AprilTag,Walk,4,71.68669128417969,0.10095722112651909,-0.06207123168546489,1.015825279669883,1.0227151104373768,0.0990591447786296,0.5230052847537492,0.4994634225972164,-0.00949397437578289,0.8662829525842156,1.139634986563836,0.0038819317914378093,0.8512824425296103,0.1855302732787204,-0.524064331712426,1.0942181762441867,0.33722912876537325,0.5301662961006991,1.1329148349132536,-0.16595444960735983,-0.20233040821710457,0.6821861154276253,0.17901510929133266,0.6794395488002438,0.18,-0.10095722112651909,-0.07880734917569804,0.515825279669883,0.10095722112651909,0.0990591447786296,0.5230052847537492,-0.03956319917470752,False
1782600868.4340146,TRACKING,Tracking AprilTag,Walk,4,71.6530990600586,0.10094101368406752,-0.06207105262264395,1.0157831915422098,1.022671695138243,0.0990474228445237,0.5229365723590806,0.49940542750207656,-0.009165530273553168,0.866319924760058,1.1396930905779472,0.003927471991763132,0.8512745616364054,0.18553188226008474,-0.5240626059507987,1.0942128848534973,0.33722307083806163,0.5301680218623264,1.1329074530637477,-0.16595764422730763,-0.20233040821710457,0.6821861154276253,0.17901510929133266,0.6794395488002438,0.18,-0.10094101368406752,-0.07882567045260883,0.5157831915422098,0.10094101368406752,0.0990474228445237,0.5229365723590806,-0.03945797885552438,False
1782600868.4838743,TRACKING,Tracking AprilTag,Walk,4,71.77666473388672,0.10093616465524696,-0.062068294583641895,1.0158042702191488,1.0226919858507206,0.09904065404186728,0.5230044422874682,0.49946322263309684,-0.009381580817354372,0.8662842923534566,1.139664472803059,0.0038629204925953453,0.8512729903621988,0.18552998706836288,-0.5240596310775407,1.0942137567141421,0.33722076855369354,0.5301709967355843,1.132907250437206,-0.16596009771396542,-0.20233040821710457,0.6821861154276253,0.17901510929133266,0.6794395488002438,0.18,-0.10093616465524696,-0.07880445922302262,0.5158042702191488,0.10093616465524696,0.09904065404186728,0.5230044422874682,-0.03951067554787191,False
1782600868.5338223,TRACKING,Tracking AprilTag,Walk,4,71.65904998779297,0.10094599093295087,-0.06205681500582659,1.015803814302414,1.0226918062277786,0.09905027701836103,0.5229701003988483,0.499433692410946,-0.009334532336143602,0.8663018258037057,1.1396665304131144,0.003906575934752743,0.8512711988751483,0.18552221692871645,-0.5240689859297455,1.0942196281999792,0.337215373171405,0.5301616418833796,1.1329102320172186,-0.1659674932989053,-0.20233040821710457,0.6821861154276253,0.17901510929133266,0.6794395488002438,0.18,-0.10094599093295087,-0.0788140963760022,0.515803814302414,0.10094599093295087,0.09905027701836103,0.5229701003988483,-0.039509535756034886,False
1782600868.5839794,TRACKING,Tracking AprilTag,Walk,4,71.79486846923828,0.1009561748336506,-0.06206190571334612,1.0158774397117372,1.022766249879751,0.09905307194222025,0.5226535874029952,0.4991604517642509,-0.009121766479160008,0.8664615610463101,1.139602088876354,0.004223271872404177,0.8512726572166591,0.18550710006257973,-0.5240633541034,1.0942334928951938,0.3372091750565005,0.530167273709725,1.1329200852868062,-0.165979050092587,-0.20233040821710457,0.6821861154276253,0.17901510929133266,0.6794395488002438,0.18,-0.1009561748336506,-0.07877476371785547,0.5158774397117372,0.1009561748336506,0.09905307194222025,0.5226535874029952,-0.039693599279342906,False
1782600868.633889,TRACKING,Tracking AprilTag,Walk,4,71.56998443603516,0.10094991012583655,-0.062056354736261934,1.0157938457076887,1.0226822637042177,0.09905506323723526,0.5225624943457956,0.4990826059961788,-0.008880273232748275,0.8665089111713594,1.1397028757672254,0.004321007768186835,0.8512701700467021,0.1854990142547834,-0.5240641970233891,1.0942392952653528,0.3372030188561585,0.5301664307897359,1.1329226773729506,-0.1659871028803982,-0.20233040821710457,0.6821861154276253,0.17901510929133266,0.6794395488002438,0.18,-0.10094991012583655,-0.07883296765310867,0.5157938457076887,0.10094991012583655,0.09905506323723526,0.5225624943457956,-0.039484614269221785,False
1782600868.6839106,TRACKING,Tracking AprilTag,Walk,4,71.69718933105469,0.10095566220781807,-0.06204895626194739,1.0157760403631761,1.022664697191073,0.0990623955791759,0.5230492149286435,0.49950188642055876,-0.00940748059963914,0.8662617184033187,1.139682575516136,0.0038258476591610524,0.8512676079387849,0.18548887840493913,-0.524051568821418,1.094246843177464,0.3371957849863913,0.530179058991707,1.132926382137803,-0.16599687910494726,-0.20233040821710457,0.6821861154276253,0.17901510929133266,0.6794395488002438,0.18,-0.10095566220781807,-0.07884159911295596,0.5157760403631761,0.10095566220781807,0.0990623955791759,0.5230492149286435,-0.03944010090794037,False
1782600868.7338357,TRACKING,Tracking AprilTag,Walk,4,71.63500213623047,0.10095337047707229,-0.06205365709181342,1.0158683174963246,1.0227564117921542,0.09905122204978291,0.5228612791931418,0.4993432970965979,-0.008461421306292363,0.8663629008643988,1.1396603851935934,0.004026409287543442,0.8512650390514006,0.1854815440775477,-0.5240650735074982,1.0942519517600289,0.33718992888488475,0.5301655543056268,1.1329284768451373,-0.16600436266973034,-0.20233040821710457,0.6821861154276253,0.17901510929133266,0.6794395488002438,0.18,-0.10095337047707229,-0.07877493886384065,0.5158683174963246,0.10095337047707229,0.09905122204978291,0.5228612791931418,-0.039670793740811394,False
1782600868.783911,TRACKING,Tracking AprilTag,Walk,4,71.71525573730469,0.10095593492892321,-0.062058611015486015,1.0158914875695448,1.02277997952385,0.09905147732461177,0.5227580279052685,0.4992482288655976,-0.009699350680601779,0.8664047140747437,1.1395607160109196,0.004133422538459441,0.8512606107238766,0.18548633068872467,-0.5240592802600246,1.0942456025664464,0.337188442455582,0.5301713475531005,1.1329221053236729,-0.16600297506551803,-0.20233040821710457,0.6821861154276253,0.17901510929133266,0.6794395488002438,0.18,-0.10095593492892321,-0.07876207621423015,0.5158914875695448,0.10095593492892321,0.09905147732461177,0.5227580279052685,-0.039728718923862094,False
1782600868.833822,TRACKING,Tracking AprilTag,Walk,4,71.70882415771484,0.10096545724908251,-0.062060619888891534,1.0158647510573728,1.0227544849764132,0.09906334916952883,0.5229963501474933,0.49945520841812785,-0.009593460953955902,0.8662865924686411,1.1395886502500667,0.003895068043935024,0.8512542142324356,0.18549547705565284,-0.5240768943368334,1.094234490405906,0.337187397937098,0.5301537334762917,1.1329116234655192,-0.16599914077544253,-0.20233040821710457,0.6821861154276253,0.17901510929133266,0.6794395488002438,0.18,-0.10096545724908251,-0.07878550562882022,0.5158647510573728,0.10096545724908251,0.09906334916952883,0.5229963501474933,-0.0396618776434321,False
1782600868.8839278,TRACKING,Tracking AprilTag,Walk,4,71.77243041992188,0.10095691541368979,-0.06205726436267606,1.0158502071105688,1.022738992175722,0.09905643188604223,0.5228834356883052,0.49935847911844283,-0.009363151923809414,0.8663448740072093,1.1396122934038821,0.00399000773416458,0.8512565360989901,0.18550667293733208,-0.5240732836635836,1.0942259021199345,0.33719494645847253,0.5301573441495414,1.1329071146572611,-0.16598863318395057,-0.20233037354548505,0.6822470333307488,0.1790150786150551,0.6793783975670571,0.18,-0.10095691541368979,-0.07879102525950621,0.5158502071105688,0.10095691541368979,0.09905643188604223,0.5228834356883052,-0.03962551777642209,False
1782600868.9338698,TRACKING,Tracking AprilTag,Walk,4,71.68596649169922,0.10094561614533039,-0.06205144808492814,1.0157795892938346,1.022667381729929,0.09905225845939047,0.5229253065361129,0.49939698725042087,-0.008872578369798588,0.8663278400688014,1.1397119899597645,0.003938210956293264,0.8512522821069479,0.18551448321716746,-0.5240752222831366,1.094217009888232,0.33719510499790395,0.5301554055299884,1.1328991543183662,-0.16598466708711884,-0.20233037354548505,0.6822470333307488,0.1790150786150551,0.6793783975670571,0.18,-0.10094561614533039,-0.07883259940283589,0.5157795892938346,0.10094561614533039,0.09905225845939047,0.5229253065361129,-0.039448973234586515,False
1782600868.9838288,TRACKING,Tracking AprilTag,Walk,4,71.57075500488281,0.10095592557038542,-0.06205318042750421,1.0158295459919264,1.0227181247142856,0.09905746856830837,0.5229662013433012,0.49943086694544636,-0.009215312068773842,0.8663047311227123,1.1396424798964828,0.00390773576899367,0.8512417840604402,0.18551706820392808,-0.5240497484608378,1.0942095772370464,0.33718725344815975,0.5301808793522872,1.1328890680805428,-0.16598856053592503,-0.20233258389687955,0.6822544865156319,0.17895599878903495,0.6793858194136249,0.18,-0.10095592557038542,-0.07880382479099397,0.5158295459919264,0.10095592557038542,0.09905746856830837,0.5229662013433012,-0.039573864979816076,False
1782600869.0338657,TRACKING,Tracking AprilTag,Walk,4,71.70067596435547,0.1009543481447036,-0.06204579192910846,1.01571318432034,1.022601942843645,0.09906720481229905,0.5231188474914392,0.49957053200655205,-0.007427454530283305,0.8662413730998372,1.1398691646654073,0.003757610459973859,0.8512305485235417,0.18550765965797344,-0.5240393368806714,1.0942122089641702,0.3371728370672435,0.5301912909324537,1.1328852462743817,-0.16600270803832096,-0.20233254771663164,0.6823153999771417,0.17895596678888806,0.6793246624694148,0.18,-0.1009543481447036,-0.07888565574097316,0.51571318432034,0.1009543481447036,0.09906720481229905,0.5231188474914392,-0.03928296080084992,False
1782600869.083824,TRACKING,Tracking AprilTag,Walk,4,71.91304016113281,0.10097388897237047,-0.06204825800755268,1.015829685941868,1.0227197384507305,0.09907496550775509,0.5229769552817012,0.49944291156295445,-0.008602139655868916,0.8663040928466514,1.1396752114845863,0.003906709608243963,0.8512238153442382,0.18549906717806147,-0.5240410791210033,1.094216354805429,0.3371627386309869,0.5301895486921218,1.1328846478861456,-0.1660136079624533,-0.20233254771663164,0.6823153999771417,0.17895596678888806,0.6793246624694148,0.18,-0.10097388897237047,-0.07881926776079995,0.5158296859418681,0.10097388897237047,0.09907496550775509,0.5229769552817012,-0.039574214854670164,False
1782600869.133981,TRACKING,Tracking AprilTag,Walk,4,71.59764099121094,0.10095502811376686,-0.0620441263675978,1.0157833395577913,1.0226715915881057,0.0990610702508716,0.5231265710931484,0.4995722428009122,-0.00866611300909723,0.8662288800935812,1.1397196530781013,0.003741782792121451,0.8512165058215346,0.18550344319843456,-0.5240526931834663,1.0942089396157095,0.33715854415391744,0.5301779346296588,1.1328761496659305,-0.16601420706981884,-0.20233254771663164,0.6823153999771417,0.17895596678888806,0.6793246624694148,0.18,-0.10095502811376686,-0.07883410784670167,0.5157833395577913,0.10095502811376686,0.0990610702508716,0.5231265710931484,-0.0394583488944783,False
1782600869.1839209,TRACKING,Tracking AprilTag,Walk,4,71.63945770263672,0.10096190927086612,-0.06205598166051908,1.0158538407050275,1.0227430164311193,0.09906094772615122,0.523028250989669,0.49948442557474815,-0.009257427180984608,0.8662734029451975,1.1396217726563178,0.0038623494874685527,0.851214033386368,0.18550826833326806,-0.5240436920565267,1.0942035229341145,0.33715877743981765,0.5301869357565984,1.1328713594199518,-0.16601166769877912,-0.20233254771663164,0.6823153999771417,0.17895596678888806,0.6793246624694148,0.18,-0.10096190927086612,-0.07878984473426191,0.5158538407050275,0.10096190927086612,0.09906094772615122,0.523028250989669,-0.03963460176256872,False
1782600869.2340088,TRACKING,Tracking AprilTag,Walk,4,71.66687774658203,0.10096200760075445,-0.06206137482874418,1.015797201249474,1.0226870954943517,0.09906653101505901,0.5228667253955316,0.49934576018734594,-0.008979305110448484,0.8663562684384842,1.139689181504345,0.004018486009705946,0.8512172669255759,0.1855107293786637,-0.5240532526172377,1.09420298003957,0.33716280457102515,0.5301773751958874,1.1328726006068004,-0.16600779833507745,-0.20233254771663164,0.6823153999771417,0.17895596678888806,0.6793246624694148,0.18,-0.10096200760075445,-0.07883508930389474,0.515797201249474,0.10096200760075445,0.09906653101505901,0.5228667253955316,-0.03949300312368509,False
1782600869.2838666,TRACKING,Tracking AprilTag,Walk,4,71.71041107177734,0.10097575466778926,-0.06206221128409666,1.0158256874228724,1.0227167977149652,0.09907717160201224,0.5231261431607269,0.4995676776281729,-0.009586057723284462,0.8662218208787631,1.1396274950461536,0.0037785317031863164,0.8512290986913527,0.18551218702407424,-0.5240523637575591,1.0942075562589917,0.3371738124603481,0.5301782640555659,1.132881464844584,-0.16599982709301248,-0.20233254771663164,0.6823153999771417,0.17895596678888806,0.6793246624694148,0.18,-0.10097575466778926,-0.07882091591131794,0.5158256874228724,0.10097575466778926,0.09907717160201224,0.5231261431607269,-0.03956421855718095,False
1782600869.3338218,TRACKING,Tracking AprilTag,Walk,4,71.74307250976562,0.10096823008420203,-0.062061241066544495,1.0158231475314303,1.0227134731632894,0.09907008280421206,0.52318203213291,0.4996169851526494,-0.009397118975127485,0.8661954527137306,1.1396417571500332,0.0037131474076894655,0.8512327420209153,0.18551094176371838,-0.5240617769308474,1.0942104384674274,0.3371763653798902,0.5301688508822776,1.1328851646477416,-0.16599876126927016,-0.20233254771663164,0.6823153999771417,0.17895596678888806,0.6793246624694148,0.18,-0.10096823008420203,-0.07881509142350016,0.5158231475314303,0.10096823008420203,0.09907008280421206,0.52318203213291,-0.039557868828575815,False
1782600869.3838263,TRACKING,Tracking AprilTag,Walk,4,71.6575927734375,0.10096307006787382,-0.06206618749425633,1.0158304318813707,1.0227204991999987,0.09906434711408721,0.5229413274482045,0.49941081941855336,-0.008883207429202278,0.8663197574068473,1.1396634996769648,0.003943926897773897,0.8512395332011892,0.1855095605055499,-0.524061844655845,1.0942149936423342,0.3371815882512468,0.53016878315728,1.1328915227845968,-0.16599600407878523,-0.20233258389687955,0.6822544865156319,0.17895599878903495,0.6793858194136249,0.18,-0.10096307006787382,-0.07880992857502554,0.5158304318813707,0.10096307006787382,0.09906434711408721,0.5229413274482045,-0.03957607970342669,False
1782600869.4338207,TRACKING,Tracking AprilTag,Walk,4,71.59593200683594,0.1009473988734856,-0.06206123259562045,1.015775733066548,1.022664321181439,0.09905436991795306,0.5230116033267331,0.49947190852056295,-0.008835991345675472,0.8662850211424445,1.1397194900455394,0.0038562318371762605,0.851247947160116,0.18551794218574197,-0.5240687251156387,1.0942118612275324,0.3371930440465127,0.5301619026974863,1.1328936197187578,-0.16598431433392963,-0.20233258389687955,0.6822544865156319,0.17895599878903495,0.6793858194136249,0.18,-0.1009473988734856,-0.07883531862017047,0.515775733066548,0.1009473988734856,0.09905436991795306,0.5230116033267331,-0.03943933266637001,False
1782600869.4838245,TRACKING,Tracking AprilTag,Walk,4,71.65461730957031,0.10096225996224967,-0.06206922392399834,1.0158803374446639,1.0227701728648018,0.09905872266730809,0.5229825030164061,0.49944571038700214,-0.009057253891027447,0.8662978405421408,1.1396043382006384,0.0038994428606096143,0.851254812753442,0.18552252237292916,-0.5240678422207816,1.0942112695558983,0.3372012759606925,0.5301627855923434,1.1328966245907826,-0.16597662764215093,-0.20233258389687955,0.6822544865156319,0.17895599878903495,0.6793858194136249,0.18,-0.10096225996224967,-0.07877142711863294,0.5158803374446639,0.10096225996224967,0.09905872266730809,0.5229825030164061,-0.03970084361165971,False
1782600869.5339336,TRACKING,Tracking AprilTag,Walk,4,71.59817504882812,0.10094591667064681,-0.0620612419067338,1.015811535026244,1.022699736252952,0.09904945670485643,0.5229301894452287,0.4994014159945275,-0.008827658653920007,0.8663257459785845,1.1396853026655402,0.003935466521418185,0.8512488753629373,0.1855168566681552,-0.5240771861520378,1.0942132635437813,0.33719331500415994,0.5301534416610872,1.1328950023135287,-0.1659846725805038,-0.20233258389687955,0.6822544865156319,0.17895599878903495,0.6793858194136249,0.18,-0.10094591667064681,-0.07880909977600374,0.515811535026244,0.10094591667064681,0.09904945670485643,0.5229301894452287,-0.03952883756560999,False
1782600869.5839784,TRACKING,Tracking AprilTag,Walk,4,71.59026336669922,0.10094076625199311,-0.06206000319788467,1.0157996136280805,1.0226873116135833,0.09904559082875523,0.5229912183332314,0.49945326794042894,-0.009055593223043843,0.8662935007115111,1.1396825601621214,0.003867907805574833,0.8512466026838683,0.18550814074278363,-0.5240809320225378,1.0942197197504626,0.3371870340949484,0.5301496957905872,1.1328981311118225,-0.16599311906181102,-0.20239115426558868,0.6821851421069013,0.1789538191516001,0.6794385793982307,0.18,-0.10094076625199311,-0.07881220777019955,0.5157996136280805,0.10094076625199311,0.09904559082875523,0.5229912183332314,-0.03949903407020117,False
1782600869.6338217,TRACKING,Tracking AprilTag,Walk,4,71.56587982177734,0.10093769544492094,-0.06205683963884306,1.0157729163193503,1.0226602990414806,0.09904518346448021,0.5231801379638343,0.4996165678061107,-0.009132853003405654,0.8661985200689621,1.1397098752576977,0.0036867991893254626,0.8512413809540488,0.18550553920681204,-0.5240961276484547,1.0942194028433394,0.33718120880340247,0.5301345001646703,1.132895340571993,-0.16599824227751797,-0.2023933645214487,0.6821925920555585,0.1788947380616303,0.6794459993524629,0.18,-0.10093769544492094,-0.07882556944797006,0.5157729163193503,0.10093769544492094,0.09904518346448021,0.5231801379638343,-0.039432290798375735,False
1782600869.6838326,TRACKING,Tracking AprilTag,Walk,4,71.6883544921875,0.10093181048286132,-0.062059859081889344,1.0158445920453045,1.0227310945034884,0.09903250412939331,0.5228997652285652,0.49937196939754747,-0.009502544547028962,0.8663355803769961,1.1396205965531399,0.003967636724749257,0.8512456250791948,0.18549948252877474,-0.5240808814334666,1.0942267654091098,0.33718190778292656,0.5301497463796584,1.1329022884921083,-0.16600077651372908,-0.2023933645214487,0.6821925920555585,0.1788947380616303,0.6794459993524629,0.18,-0.10093181048286132,-0.07877283689066382,0.5158445920453045,0.10093181048286132,0.09903250412939331,0.5228997652285652,-0.03961148011326132,False
1782600869.7338686,TRACKING,Tracking AprilTag,Walk,4,72.00228118896484,0.10094460269345851,-0.06205193441998138,1.0158451841836411,1.0227324643362494,0.09904491634315395,0.5227186870697424,0.4992153180102676,-0.009453675428086613,0.8664263928833239,1.139614213000328,0.004147876223511704,0.8512481756189246,0.18549496664606302,-0.5240805240966409,1.094231951765246,0.337181895149197,0.5301501037164842,1.1329069656479358,-0.16600301764356573,-0.20239115426558868,0.6821851421069013,0.1789538191516001,0.6794385793982307,0.18,-0.10094460269345851,-0.07878720736777464,0.5158451841836411,0.10094460269345851,0.09904491634315395,0.5227186870697424,-0.039612960459102786,False
1782600869.7838688,TRACKING,Tracking AprilTag,Walk,4,71.84283447265625,0.10093435107750139,-0.06204909317012011,1.015700390865979,1.0225874618808763,0.0990489490852479,0.5231055811281587,0.49955626784503065,-0.008140344292880148,0.8662431933651988,1.139838818152227,0.0037533983835990603,0.8512510554949881,0.18548353203819495,-0.5240691132306389,1.094243316752883,0.33717875174352085,0.5301615145824862,1.132915875298791,-0.16601074176583835,-0.20239115426558868,0.6821851421069013,0.1789538191516001,0.6794385793982307,0.18,-0.10093435107750139,-0.07887785156686415,0.515700390865979,0.10093435107750139,0.0990489490852479,0.5231055811281587,-0.03925097716494741,False
1782600869.833813,TRACKING,Tracking AprilTag,Walk,4,71.73207092285156,0.10094557037652421,-0.062031142935663766,1.0157988892006966,1.0226853153213433,0.09905034416193263,0.5230748111072632,0.4995273083815007,-0.008688663745794321,0.8662545672626758,1.1397041857847283,0.003784259539363677,0.8512509698400864,0.1854703580089627,-0.5240712395594548,1.0942547295366096,0.3371721706531411,0.5301593882536703,1.1329233501703895,-0.16602159020708845,-0.20239115426558868,0.6821851421069013,0.1789538191516001,0.6794385793982307,0.18,-0.10094557037652421,-0.07881530851529067,0.5157988892006966,0.10094557037652421,0.09905034416193263,0.5230748111072632,-0.03949722300174152,False
1782600869.8838508,TRACKING,Tracking AprilTag,Walk,4,71.75786590576172,0.10095987281241113,-0.06203662580989553,1.0158356830329487,1.022723605762179,0.09906072173700406,0.5228772121802281,0.49935468177704445,-0.009015731316172698,0.86635074789382,1.1396468495394485,0.003997682741857411,0.8512553159475224,0.18546647494907,-0.5240662712217752,1.0942602524655891,0.33717403185153544,0.5301643565913499,1.1329291368062961,-0.16602228421635373,-0.20239115426558868,0.6821851421069013,0.1789538191516001,0.6794385793982307,0.18,-0.10095987281241113,-0.07880450231675622,0.5158356830329487,0.10095987281241113,0.09906072173700406,0.5228772121802281,-0.03958920758237172,False
1782600869.9338741,TRACKING,Tracking AprilTag,Walk,4,71.84493255615234,0.10095011472320574,-0.06203492841439874,1.0158100934998808,1.022697122349645,0.09905368864685135,0.522802650921118,0.49929087341807926,-0.008838679227019867,0.8663893475054579,1.1396858894346187,0.004069129858164322,0.8512599984730366,0.18548152697109482,-0.5240631393376894,1.0942494771086078,0.33718553754986924,0.5301674884754356,1.1329243546381993,-0.1660072635545668,-0.2023326185696354,0.682193567949567,0.1789560294558585,0.6794469713174001,0.18,-0.10095011472320574,-0.07881637129085568,0.5158100934998808,0.10095011472320574,0.09905368864685135,0.522802650921118,-0.03952523374970207,False
1782600869.9839272,TRACKING,Tracking AprilTag,Walk,4,71.643798828125,0.10094317790957098,-0.06203340004735327,1.015837792201175,1.0227238571345032,0.09904424350634385,0.522756099192148,0.49924869751949386,-0.009246970921041632,0.8664093902733709,1.1396332864576744,0.004106353479615965,0.8512680316861584,0.1854929272369655,-0.5240550605297729,1.0942435319225357,0.3371981531488465,0.5301755672833521,1.1329244106392802,-0.1659933173924114,-0.2023326185696354,0.682193567949567,0.1789560294558585,0.6794469713174001,0.18,-0.10094317790957098,-0.07879069106708189,0.515837792201175,0.10094317790957098,0.09904424350634385,0.522756099192148,-0.03959448050293746,False
1782600870.033821,TRACKING,Tracking AprilTag,Walk,4,71.58352661132812,0.10092360820740279,-0.06201733901312714,1.0156479358241766,1.0225323733632012,0.09904355733442595,0.5232626311378169,0.49969397526293885,-0.007718886856830727,0.8661676222715861,1.1399190690309555,0.003588569631963634,0.8512690908010874,0.18549311212286868,-0.5240589135874378,1.0942438942539927,0.3371991653855506,0.5301717142256872,1.1329251729580097,-0.16599255925166945,-0.2023326185696354,0.682193567949567,0.1789560294558585,0.6794469713174001,0.18,-0.10092360820740279,-0.07890422651194044,0.5156479358241766,0.10092360820740279,0.09904355733442595,0.5232626311378169,-0.039119839560441405,False
1782600870.0838282,TRACKING,Tracking AprilTag,Walk,4,71.73139190673828,0.1009333056100671,-0.06202279072963807,1.0157385269309915,1.0226236423255666,0.09904423534608621,0.5230331570125774,0.4994914701273958,-0.008631977548461602,0.8662757991734363,1.1397706681991346,0.003823357721752463,0.8512671603668507,0.1854918111336528,-0.5240596312468035,1.094244072055369,0.3371968442789282,0.5301709965663215,1.1329243355965075,-0.16599473134167603,-0.2023326185696354,0.682193567949567,0.1789560294558585,0.6794469713174001,0.18,-0.1009333056100671,-0.07885009752717262,0.5157385269309915,0.1009333056100671,0.09904423534608621,0.5230331570125774,-0.03934631732747884,False
1782600870.1338227,TRACKING,Tracking AprilTag,Walk,4,71.92332458496094,0.10091848450297715,-0.06202751550626122,1.0157236747874232,1.0226077139929681,0.09903122512494239,0.5230213929555864,0.4994824189436209,-0.008363465903629283,0.8662836519318069,1.1398062944890255,0.003827191289791365,0.8512672552867916,0.1854996828025356,-0.524074279384721,1.0942372743586097,0.33720081460631574,0.5301563484284041,1.1329199051106733,-0.1659882241936012,-0.2023326185696354,0.682193567949567,0.1789560294558585,0.6794469713174001,0.18,-0.10091848450297715,-0.07884832975032476,0.5157236747874232,0.10091848450297715,0.09903122512494239,0.5230213929555864,-0.03930918696855801,False
1782600870.183845,TRACKING,Tracking AprilTag,Walk,4,71.74433898925781,0.10090036468559622,-0.06202288722542826,1.0156164862090278,1.0224991780891743,0.09902394191453529,0.5231742165818178,0.49961839026805893,-0.007455417737239825,0.8662135307488084,1.1399704110647408,0.003660127543805236,0.8512708571239322,0.18550067914389587,-0.5240783275361444,1.0942381869554356,0.33720443856739835,0.5301523002769807,1.1329222870806634,-0.1659853445849715,-0.2023326185696354,0.682193567949567,0.1789560294558585,0.6794469713174001,0.18,-0.10090036468559622,-0.07890886905037067,0.5156164862090278,0.10090036468559622,0.09902394191453529,0.5231742165818178,-0.03904121552256945,False
1782600870.2338204,TRACKING,Tracking AprilTag,Walk,4,71.67375183105469,0.1009258881113416,-0.06202716160197368,1.0158054953920186,1.022689692984184,0.09903051762272053,0.522966372946184,0.499433515137795,-0.008655245988477583,0.8663089810650614,1.139699922562029,0.003870425406699407,0.8512723639221742,0.18549886395035187,-0.5240829356122397,1.0942405095063459,0.3372048522409569,0.5301476922008853,1.132924561881067,-0.16598596960630607,-0.2023326185696354,0.682193567949567,0.1789560294558585,0.6794469713174001,0.18,-0.1009258881113416,-0.07879528761322149,0.5158054953920186,0.1009258881113416,0.09903051762272053,0.522966372946184,-0.03951373848004647,False
1782600870.2838497,TRACKING,Tracking AprilTag,Walk,4,71.69831085205078,0.10092228203690504,-0.06202413766805941,1.015865932532847,1.022749184084658,0.09902114935802941,0.5221645593687599,0.4987394695567124,-0.008483708913788416,0.866710429260751,1.1396550546013207,0.004681502670232707,0.8512642579172061,0.1854932024589071,-0.5240643599831866,1.0942414287587765,0.3371950077106537,0.5301662678299385,1.1329211594732875,-0.1659952531090515,-0.20233040821710457,0.6821861154276253,0.17901510929133266,0.6794395488002438,0.18,-0.10092228203690504,-0.07876324983474084,0.515865932532847,0.10092228203690504,0.09902114935802941,0.5221645593687599,-0.0396648313321174,False
1782600870.3339221,TRACKING,Tracking AprilTag,Walk,4,71.7501220703125,0.10088404185260458,-0.0619989696460134,1.0153546208285023,1.022236013929991,0.0990333952153035,0.5236188884393016,0.5000066558455136,-0.006561034638181855,0.8659967072308432,1.1402840416869222,0.003204792040572335,0.8512550995781292,0.18548003442353656,-0.5240608124910392,1.0942483553604805,0.33718054069579234,0.5301698153220858,1.1329211935970118,-0.16601129278379062,-0.20233040821710457,0.6821861154276253,0.17901510929133266,0.6794395488002438,0.18,-0.10088404185260458,-0.07908009383048903,0.5153546208285023,0.10088404185260458,0.0990333952153035,0.5236188884393016,-0.03838655207125563,False
1782600870.3839173,TRACKING,Tracking AprilTag,Walk,4,71.74771118164062,0.10091521643749468,-0.06201774791349887,1.015617724450914,1.0225015619468467,0.09903830239494911,0.5228433051967445,0.4993319180182057,-0.007402849285552598,0.8663791511057474,1.1399737579525753,0.004015472886958915,0.8512445103615418,0.18547130109457194,-0.5240488121461588,1.094250719188166,0.3371670197911845,0.5301818156669662,1.1329175148974602,-0.16602451661501877,-0.20233040821710457,0.6821861154276253,0.17901510929133266,0.6794395488002438,0.18,-0.10091521643749468,-0.0789274438159944,0.5156177244509139,0.10091521643749468,0.09903830239494911,0.5228433051967445,-0.03904431112728479,False
1782600870.433939,TRACKING,Tracking AprilTag,Walk,4,71.71539306640625,0.10094199271757091,-0.062022912879738906,1.0156640953173202,1.0225505768091043,0.09905991577382142,0.5230534875641191,0.4995107228625984,-0.008242643361014036,0.8662684898896574,1.139868203901783,0.003817907921227881,0.8512333773726086,0.18547995584946,-0.524061544919124,1.0942376951531254,0.33716161398541494,0.530169082894001,1.1329034318629594,-0.1660237980302905,-0.20233040821710457,0.6821861154276253,0.17901510929133266,0.6794395488002438,0.18,-0.10094199271757091,-0.0789124745898629,0.5156640953173202,0.10094199271757091,0.09905991577382142,0.5230534875641191,-0.0391602382933004,False
1782600870.4838464,TRACKING,Tracking AprilTag,Walk,4,71.95870971679688,0.10093916454820094,-0.06203215186990635,1.0157032911416402,1.0225897899163963,0.09905336081202754,0.5232344717041723,0.499668132427295,-0.00808653765541803,0.8661791762362835,1.1398394899498085,0.003628318378428086,0.8512221028148823,0.18548771413808826,-0.524058854542447,1.0942253806934876,0.3371556423208064,0.530171773270678,1.1328897462057546,-0.16602389540191081,-0.20233040821710457,0.6821861154276253,0.17901510929133266,0.6794395488002438,0.18,-0.10093916454820094,-0.07887739567518366,0.5157032911416402,0.10093916454820094,0.09905336081202754,0.5232344717041723,-0.03925822785410038,False
1782600870.5338583,TRACKING,Tracking AprilTag,Walk,4,71.93769836425781,0.10094300282976662,-0.06202878223267417,1.0156829990325162,1.0225698089466777,0.09905906891346886,0.5231526109012833,0.49959643117345354,-0.008280595839086968,0.8662187008436717,1.139849616336416,0.0037223803624860663,0.851211572553434,0.18549452923465976,-0.524061314999716,1.0942142539642694,0.3371498519974694,0.5301693128134091,1.1328772108729994,-0.16602433967678298,-0.20233040821710457,0.6821861154276253,0.17901510929133266,0.6794395488002438,0.18,-0.10094300282976662,-0.07889740965884301,0.5156829990325162,0.10094300282976662,0.09905906891346886,0.5231526109012833,-0.03920749758129061,False
1782600870.5838382,TRACKING,Tracking AprilTag,Walk,4,71.73886108398438,0.10097572239732255,-0.062034561219242494,1.015884693705078,1.022773725808199,0.09907142296715186,0.5226593654307539,0.4991675090945873,-0.00865967530004932,0.8664622368505177,1.1396176257360127,0.00422682539276531,0.8512099318576558,0.1854963776413464,-0.5240509041371431,1.094211836402278,0.33714933830112565,0.530179723675982,1.1328748072883785,-0.16602376411541647,-0.20233040821710457,0.6821861154276253,0.17901510929133266,0.6794395488002438,0.18,-0.10097572239732255,-0.07878642575548919,0.5158846937050781,0.10097572239732255,0.09907142296715186,0.5226593654307539,-0.03971173426269514,False
1782600870.6339,TRACKING,Tracking AprilTag,Walk,4,71.87838745117188,0.10096205775230678,-0.06205194497026081,1.0157587137762636,1.022648300048742,0.09907030906036143,0.5230086171655975,0.49947544870825844,-0.00731725646328215,0.8662971394940274,1.139827470024544,0.003867080973649628,0.8512004620218631,0.1854880561705974,-0.5240681547157285,1.094214394969465,0.33713699413654,0.5301624730973965,1.1328718103178164,-0.16603600923006745,-0.20233040821710457,0.6821861154276253,0.17901510929133266,0.6794395488002438,0.18,-0.10096205775230678,-0.0788608492787852,0.5157587137762636,0.10096205775230678,0.09907030906036143,0.5230086171655975,-0.03939678444065897,False
1782600870.6839297,TRACKING,Tracking AprilTag,Walk,4,71.81473541259766,0.10096357933310207,-0.06204778273905926,1.015815280894222,1.0227043837750927,0.0990663114530072,0.5227828603923026,0.4992716884073201,-0.009289127855046592,0.8663956909279942,1.1396491454746853,0.004097804273524075,0.8511985166344008,0.18548097369844052,-0.5240664783474525,1.0942195925033964,0.3371318045715039,0.5301641494656725,1.132874271894368,-0.16604292924344272,-0.20233040821710457,0.6821861154276253,0.17901510929133266,0.6794395488002438,0.18,-0.10096357933310207,-0.0788247330779701,0.515815280894222,0.10096357933310207,0.0990663114530072,0.5227828603923026,-0.03953820223555504,False
1782600870.733799,TRACKING,Tracking AprilTag,Walk,4,71.90882873535156,0.1009615530616758,-0.06204855627075341,1.015797822012975,1.0226868893939212,0.0990660277770573,0.5231225519254745,0.4995673718045641,-0.008981301669592764,0.8662284786640302,1.139684106512141,0.003749504538870463,0.8512038092671741,0.18548220559240058,-0.5240806541039815,1.0942211353610651,0.3371370150527307,0.5301499737091436,1.132877904984055,-0.16603888818123974,-0.20233040821710457,0.6821861154276253,0.17901510929133266,0.6794395488002438,0.18,-0.1009615530616758,-0.07882917879148661,0.5157978220129751,0.1009615530616758,0.0990660277770573,0.5231225519254745,-0.039494555032437706,False
1782600870.783805,TRACKING,Tracking AprilTag,Walk,4,71.5306625366211,0.1009614671113505,-0.062053310686785136,1.0158105054439273,1.0226997673700302,0.09906471512862355,0.5231434895564363,0.4995841976961633,-0.009268807043291482,0.8662157460057368,1.1396616432680697,0.003743827577511516,0.8512075587760831,0.1854794765152629,-0.5240731821461245,1.094225360220249,0.33713892744493934,0.5301574456670005,1.1328825416454924,-0.16603897790189714,-0.20233040821710457,0.6821861154276253,0.17901510929133266,0.6794395488002438,0.18,-0.1009614671113505,-0.07881928987877729,0.5158105054439273,0.1009614671113505,0.09906471512862355,0.5231434895564363,-0.039526263609818146,False
1782600870.8338194,TRACKING,Tracking AprilTag,Walk,4,71.6540756225586,0.10095904400707878,-0.06205643733125124,1.0157806791533122,1.0226700925138246,0.09906524283833773,0.5230572722867902,0.49950976072381825,-0.009215168615195817,0.866259245035242,1.1396936527756643,0.003829097780309154,0.8512056745905031,0.1854798007001269,-0.5240877763206968,1.0942241477415215,0.33713744922084876,0.5301428514924282,1.1328808114195033,-0.16603979127091079,-0.20233040821710457,0.6821861154276253,0.17901510929133266,0.6794395488002438,0.18,-0.10095904400707878,-0.07884096981354836,0.5157806791533122,0.10095904400707878,0.09906524283833773,0.5230572722867902,-0.0394516978832804,False
1782600870.8838148,TRACKING,Tracking AprilTag,Walk,4,71.6829605102539,0.10094664553564513,-0.062055488477290116,1.0158130763485056,1.022700990014026,0.09905001789768114,0.5228821401907081,0.49935708827921416,-0.009420396273084716,0.8663450551133556,1.1396535338223877,0.003998806930561483,0.8512110159148667,0.18548127605290934,-0.5241167479199931,1.0942255029553785,0.33714282228395953,0.530113879893132,1.1328843449892354,-0.16603552274695776,-0.20233040821710457,0.6821861154276253,0.17901510929133266,0.6794395488002438,0.18,-0.10094664553564513,-0.07880954710278094,0.5158130763485056,0.10094664553564513,0.09905001789768114,0.5228821401907081,-0.03953269087126399,False
1782600870.9338,TRACKING,Tracking AprilTag,Walk,4,71.83841705322266,0.10091275124428929,-0.06207278605803123,1.0158338102269855,1.022719289019706,0.09901496959319564,0.5228567755349092,0.49933349687577566,-0.009758006269049756,0.8663549158465386,1.1396162716539904,0.003991266342852129,0.8512205037121846,0.18548962321564996,-0.524134151586939,1.094222930919619,0.3371551947556534,0.530096476226186,1.1328873419692937,-0.1660232462843445,-0.20227187093737525,0.6821945387649496,0.17901731969201015,0.6794479382241585,0.18,-0.10091275124428929,-0.07876495393423445,0.5158338102269855,0.10091275124428929,0.09901496959319564,0.5228567755349092,-0.039584525567463724,False
1782600870.983831,TRACKING,Tracking AprilTag,Walk,4,71.53018951416016,0.10089739560006761,-0.06207178435689445,1.015857329168734,1.022741073819742,0.09899772390770711,0.5228135627472162,0.49929591986646155,-0.009786477663025778,0.8663762515556709,1.1395947225486338,0.004021973962542169,0.8512228768292315,0.18549933400230842,-0.5240949556896934,1.0942156592666616,0.3371620543566122,0.5301356721234316,1.1328837257235735,-0.16601392674417692,-0.20226966048867695,0.6821870836698679,0.1790763982721117,0.679440513144222,0.18,-0.10089739560006761,-0.0787349180689849,0.5158573291687341,0.10089739560006761,0.09899772390770711,0.5228135627472162,-0.039643322921835145,False
1782600871.0338748,TRACKING,Tracking AprilTag,Walk,4,71.87947845458984,0.10090417228447908,-0.06204886340101211,1.0156821912656975,1.0225663925086048,0.09902128996283036,0.5231283892822457,0.49957436733774324,-0.008538238950350512,0.8662289246929592,1.1398344123115076,0.003701460196142703,0.8512183601419765,0.18550684204725468,-0.5240898239313476,1.0942069000900485,0.33716183520430903,0.5301408038817774,1.1328757231380673,-0.16601035885574167,-0.20227190409277357,0.6821336150093052,0.17901734903563818,0.6795090851734605,0.18,-0.10090417228447908,-0.07886441164499679,0.5156821912656975,0.10090417228447908,0.09902128996283036,0.5231283892822457,-0.03920547816424369,False
1782600871.083812,TRACKING,Tracking AprilTag,Walk,4,71.80250549316406,0.10094091070764481,-0.062069776657811625,1.0160174822415435,1.0229043204763995,0.09902463146817261,0.5225322206727256,0.4990531565431131,-0.009578611159228792,0.8665184343986083,1.1394413209273593,0.004329405258830021,0.8512246224837987,0.18551114675991223,-0.5241056987404223,1.0942062500051393,0.3371694065229375,0.5301249290727027,1.1328783912668208,-0.16600324348047973,-0.20227190409277357,0.6821336150093052,0.17901734903563818,0.6795090851734605,0.18,-0.10094091070764481,-0.07866010511478075,0.5160174822415435,0.10094091070764481,0.09902463146817261,0.5225322206727256,-0.04004370560385884,False
1782600871.133843,TRACKING,Tracking AprilTag,Walk,4,71.89025115966797,0.10091210956957986,-0.06207878048760377,1.0158339382499737,1.0227197167088655,0.09901433169579389,0.5230388845449736,0.4994885367006632,-0.010301477259085857,0.8662592459944718,1.1395846751304775,0.0038101230275063847,0.8512312632076408,0.18552111957080505,-0.5241096568376321,1.094200858274341,0.33718010630841433,0.5301209709754929,1.1328781233157406,-0.16599126498422723,-0.20227190409277357,0.6821336150093052,0.17901734903563818,0.6795090851734605,0.18,-0.10091210956957986,-0.07876069177593921,0.5158339382499737,0.10091210956957986,0.09901433169579389,0.5230388845449736,-0.03958484562493425,False
1782600871.1839485,TRACKING,Tracking AprilTag,Walk,4,71.67132568359375,0.10087303997639843,-0.06206559474681991,1.0155019688819313,1.02238532708976,0.09900839128202087,0.523564946705423,0.49995136598034723,-0.008794955845793904,0.866008822360405,1.1400116023183573,0.0032680184046818828,0.8512312063776889,0.1855192781300168,-0.5240998243478469,1.0942024313767111,0.33717914741178107,0.5301308034652782,1.1328791313674367,-0.1659928070495949,-0.20227187093737525,0.6821945387649496,0.17901731969201015,0.6794479382241585,0.18,-0.10087303997639843,-0.0789621927644469,0.5155019688819313,0.10087303997639843,0.09900839128202087,0.523564946705423,-0.038754922204828346,False
1782600871.2338357,TRACKING,Tracking AprilTag,Walk,4,71.75109100341797,0.1009195321242923,-0.06205754819715888,1.0158047174803908,1.022690136506579,0.09902439703036976,0.5228925950948041,0.4993699018511565,-0.008584980771185507,0.8663463506186915,1.1397056284531282,0.003939130708228045,0.8512370548103917,0.18551764691677014,-0.5241070382515275,1.094206738272615,0.33718342709277477,0.5301235895615976,1.1328848598441752,-0.1659907946937637,-0.20227187093737525,0.6821945387649496,0.17901731969201015,0.6794479382241585,0.18,-0.1009195321242923,-0.07879174515475558,0.5158047174803908,0.1009195321242923,0.09902439703036976,0.5228925950948041,-0.039511793700977016,False
1782600871.2839065,TRACKING,Tracking AprilTag,Walk,4,71.78450012207031,0.10091206921806146,-0.06205276358083371,1.0157915532074562,1.0226760341132015,0.09901839689219062,0.5228337128865483,0.4993194318156219,-0.008457317814301002,0.8663766956622924,1.1397251969714626,0.0039877922582199354,0.8512422340361195,0.18550812637874234,-0.524111473825188,1.09421757457888,0.33718322837184234,0.5301191539879371,1.1328945581480414,-0.16599563286755087,-0.20227187093737525,0.6821945387649496,0.17901731969201015,0.6794479382241585,0.18,-0.10091206921806146,-0.07879611170834681,0.5157915532074562,0.10091206921806146,0.09901839689219062,0.5228337128865483,-0.03947888301864044,False
1782600871.3338945,TRACKING,Tracking AprilTag,Walk,4,71.70072937011719,0.10092489154030598,-0.06207209943160952,1.0159115570345159,1.02279766864056,0.09901927486739137,0.5229943611277016,0.4994536939769055,-0.009549825804636404,0.8662879477401985,1.139549435527833,0.0038540784221356983,0.8512430203352831,0.18551010743357446,-0.5241199201360419,1.0942162403617917,0.33718489051184336,0.5301107076770831,1.1328940681169404,-0.165993558569081,-0.20227187093737525,0.6821945387649496,0.17901731969201015,0.6794479382241585,0.18,-0.10092489154030598,-0.07871527912338522,0.5159115570345159,0.10092489154030598,0.09901927486739137,0.5229943611277016,-0.03977889258628964,False
1782600871.383839,TRACKING,Tracking AprilTag,Walk,4,71.4405746459961,0.10089880557867809,-0.06207040381972031,1.0157784995930108,1.0226628301805907,0.0990067310453027,0.5229103341010514,0.49938402681614236,-0.008870172580070668,0.8663353356520177,1.1397179564071669,0.003907708346499339,0.8512486528027979,0.1855154054623737,-0.524114980764362,1.094214415475196,0.3371924047375771,0.530115647048763,1.1328956510111472,-0.16598598966920086,-0.20227187093737525,0.6821945387649496,0.17901731969201015,0.6794479382241585,0.18,-0.10089880557867809,-0.0787926323235292,0.5157784995930108,0.10089880557867809,0.0990067310453027,0.5229103341010514,-0.03944624898252702,False
1782600871.4338026,TRACKING,Tracking AprilTag,Walk,4,71.76824188232422,0.10089024810878591,-0.06206995886978976,1.0156529259092775,1.0225372305523286,0.0990105489747621,0.523092108044929,0.4995423903095743,-0.008665952941854961,0.8662460975631616,1.1398553065927755,0.0037242856883873965,0.8512545811611691,0.18551666045144782,-0.5241161363703951,1.0942162522340673,0.3371981794018446,0.5301144914427299,1.1328997920085113,-0.16598156557930777,-0.20227187093737525,0.6821945387649496,0.17901731969201015,0.6794479382241585,0.18,-0.10089024810878591,-0.07887459156359208,0.5156529259092775,0.10089024810878591,0.0990105489747621,0.523092108044929,-0.03913231477319368,False
1782600871.4839196,TRACKING,Tracking AprilTag,Walk,4,71.91658020019531,0.10090449322194167,-0.062077881111079265,1.015809413367749,1.0226945508616678,0.09900928207753647,0.5230928180451596,0.4995412911658085,-0.009053242523377025,0.8662427703711066,1.1396791593085547,0.0037338361273501763,0.8512575891177754,0.18551320527729323,-0.5241151008405316,1.0942207421991337,0.33719908838209073,0.5301155269725935,1.1329042366373303,-0.16598267522161364,-0.20227187093737525,0.6821945387649496,0.17901731969201015,0.6794479382241585,0.18,-0.10090449322194167,-0.07877111563206195,0.5158094133677491,0.10090449322194167,0.09900928207753647,0.5230928180451596,-0.03952353341937276,False
1782600871.5339315,TRACKING,Tracking AprilTag,Walk,4,71.65776824951172,0.10088453181880996,-0.06208393746302392,1.0156174561948006,1.0225022842902654,0.09900841089941943,0.5235375442494534,0.49993034475743725,-0.008155461658785342,0.8660272159902609,1.1399284161842476,0.0032808988087003055,0.8512488375470681,0.185508511245157,-0.5241286804240447,1.094220501382975,0.3371891603442625,0.5301019473890803,1.1328997509408207,-0.1659915353826938,-0.20227187093737525,0.6821945387649496,0.17901731969201015,0.6794479382241585,0.18,-0.10088453181880996,-0.07888716397991585,0.5156174561948006,0.10088453181880996,0.09900841089941943,0.5235375442494534,-0.039043640487001485,False
1782600871.584071,TRACKING,Tracking AprilTag,Walk,4,71.65079498291016,0.10089209139684162,-0.062076680305874515,1.0156944833522514,1.022579098092868,0.09900832142439775,0.522887693914953,0.4993654482219253,-0.008633244095317846,0.8663484381116563,1.1398117834870591,0.003921008469904841,0.8512481581161143,0.18550607433227095,-0.5241227776246388,1.0942222847598577,0.337187365981498,0.5301078501884863,1.132900589657925,-0.1659939221638852,-0.20233040821710457,0.6821861154276253,0.17901510929133266,0.6794395488002438,0.18,-0.10089209139684162,-0.07884942402290127,0.5156944833522514,0.10089209139684162,0.09900832142439775,0.522887693914953,-0.03923620838062858,False
1782600871.6338928,TRACKING,Tracking AprilTag,Walk,4,71.7743911743164,0.1008708567497813,-0.06207380870873634,1.0154475806074204,1.0223315882973132,0.09901153066376955,0.52362190896562,0.5000054439825188,-0.007639154416667581,0.8659885676541247,1.140124047709485,0.003182012003236312,0.8512490566733492,0.18550779567649192,-0.5241411730458776,1.0942212318103772,0.33718899746193715,0.5300894547672474,1.1329003403927425,-0.16599199646975038,-0.20233040821710457,0.6821861154276253,0.17901510929133266,0.6794395488002438,0.18,-0.1008708567497813,-0.07899951303919543,0.5154475806074204,0.1008708567497813,0.09901153066376955,0.52362190896562,-0.03861895151855088,False
1782600871.6839478,TRACKING,Tracking AprilTag,Walk,4,71.7123794555664,0.10090094911477077,-0.06208341323253771,1.0157236867395243,1.0226093875642817,0.09901412876052737,0.5230993002804655,0.4995474479121369,-0.008932700738326763,0.8662404713138209,1.1397703096383318,0.003727722302553027,0.8512547791925068,0.18551220484857514,-0.524146560959557,1.094220224279137,0.33719615098587763,0.530084066853568,1.132902506176472,-0.16598510463365224,-0.20233040821710457,0.6821861154276253,0.17901510929133266,0.6794395488002438,0.18,-0.10090094911477077,-0.07883140397038166,0.5157236867395243,0.10090094911477077,0.09901412876052737,0.5230993002804655,-0.039309216848810724,False
1782600871.733934,TRACKING,Tracking AprilTag,Walk,4,72.01168060302734,0.10086745769372757,-0.0620767346676963,1.0155730807591148,1.022456085791052,0.09899606079914454,0.5232113536828696,0.4996446111492486,-0.008910003444663722,0.8661846652926455,1.1399364953886155,0.0036192321232542124,0.851256173212442,0.18550862302631402,-0.5241536736054815,1.0942240272490713,0.33719559406400895,0.5300769542076436,1.1329057003183243,-0.16598724243628976,-0.20233040821710457,0.6821861154276253,0.17901510929133266,0.6794395488002438,0.18,-0.10086745769372757,-0.0789114388879937,0.5155730807591148,0.10086745769372757,0.09899606079914454,0.5232113536828696,-0.03893270189778697,False
1782600871.7839203,TRACKING,Tracking AprilTag,Walk,4,71.77066040039062,0.10089867120811932,-0.06207450598959202,1.0158031876522264,1.0226875877753874,0.09900420949330799,0.5229583722355737,0.49942152570291115,-0.0097554200164788,0.8663042026014179,1.1396477374214917,0.0038761807434571915,0.8512710285942945,0.1855028650067353,-0.5241544737810077,1.0942363709915721,0.3372056672551878,0.5300761540321174,1.1329211757463309,-0.1659834545229516,-0.20233040821710457,0.6821861154276253,0.17901510929133266,0.6794395488002438,0.18,-0.10089867120811932,-0.07877327693055011,0.5158031876522264,0.10089867120811932,0.09900420949330799,0.5229583722355737,-0.03950796913056609,False
1782600871.8338869,TRACKING,Tracking AprilTag,Walk,4,71.74390411376953,0.1008791089952163,-0.06207508658016,1.0155524520803825,1.0224366454368117,0.09900941935323196,0.5235129194987681,0.49990804700237634,-0.008390446760004722,0.8660378426751556,1.139982809133095,0.003314992232851144,0.8512858361822555,0.18551448601345624,-0.5241530142732557,1.0942335797092766,0.33722428233513874,0.5300776135398694,1.1329266586042341,-0.16596544755964165,-0.20233040821710457,0.6821861154276253,0.17901510929133266,0.6794395488002438,0.18,-0.1008791089952163,-0.07893109042545163,0.5155524520803825,0.1008791089952163,0.09900941935323196,0.5235129194987681,-0.03888113020095618,False
1782600871.8839602,TRACKING,Tracking AprilTag,Walk,4,71.75979614257812,0.10088455101242602,-0.06207051457901428,1.0155308866647046,1.022415484616251,0.09901681458977481,0.5236757235569959,0.500047954080609,-0.008644185888894255,0.8659545725210505,1.1399873472123017,0.0031564289573174364,0.851289775115909,0.1855210507832071,-0.5241187242393897,1.094229816934404,0.3372309496378517,0.5301119035737354,1.1329261277340223,-0.16595781017939532,-0.20233040821710457,0.6821861154276253,0.17901510929133266,0.6794395488002438,0.18,-0.10088455101242602,-0.07894869774127124,0.5155308866647046,0.10088455101242602,0.09901681458977481,0.5236757235569959,-0.03882721666176148,False
1782600871.933877,TRACKING,Tracking AprilTag,Walk,4,71.74907684326172,0.10093498078622756,-0.06204757775215162,1.0156828065572572,1.022569966206348,0.0990512666282092,0.5229538148143926,0.49942593607804736,-0.007854817667385784,0.8663209775897028,1.1398735440427006,0.003907671480396169,0.8512853519489101,0.18551579364591242,-0.5241210567641318,1.0942322035347272,0.3372245071198865,0.5301095710489931,1.1329255127419802,-0.16596465296271962,-0.20233040821710457,0.6821861154276253,0.17901510929133266,0.6794395488002438,0.18,-0.10093498078622756,-0.07889441057024602,0.5156828065572572,0.10093498078622756,0.0990512666282092,0.5229538148143926,-0.039207016393142946,False
1782600871.983844,TRACKING,Tracking AprilTag,Walk,4,71.96575927734375,0.10093425463498613,-0.062044414420664565,1.0157191942615398,1.0226058452360005,0.09904703339935815,0.5229991868508368,0.49946805933453403,-0.007100610259182467,0.8663032027174675,1.139885817944594,0.0038576605501748906,0.8512876962015085,0.18549910792746319,-0.5241200869652257,1.094247869927886,0.3372183044715961,0.5301105408478993,1.1329369907553288,-0.16597698843717296,-0.20233040821710457,0.6821861154276253,0.17901510929133266,0.6794395488002438,0.18,-0.10093425463498613,-0.07886592278850278,0.5157191942615398,0.10093425463498613,0.09904703339935815,0.5229991868508368,-0.039297985653849454,False
1782600872.03387,TRACKING,Tracking AprilTag,Walk,4,71.6670913696289,0.10095377562911705,-0.06205786112284241,1.0159055519180897,1.0227936905157924,0.09904801028448076,0.5228223210743849,0.499305442615591,-0.009382218842053498,0.8663752356479545,1.139561324718983,0.0040539067292266195,0.8512900516603686,0.18548601439293042,-0.5241312323101175,1.0942604183782463,0.33721388573574146,0.5300993955030076,1.1329464206238695,-0.1659863728078127,-0.20233037354548505,0.6822470333307488,0.1790150786150551,0.6793783975670571,0.18,-0.10095377562911705,-0.07874848729130168,0.5159055519180897,0.10095377562911705,0.09904801028448076,0.5228223210743849,-0.03976387979522433,False
1782600872.0838547,TRACKING,Tracking AprilTag,Walk,4,71.96428680419922,0.10091863275061834,-0.062051049453910205,1.015727983773458,1.022613436345856,0.09903095227514949,0.5227510682363311,0.49924617770308355,-0.008839667644253826,0.8664150935462749,1.139768808908444,0.004094447714731664,0.8512968970693593,0.18549536707619402,-0.5241326915326934,1.0942556669544834,0.3372244572200604,0.5300979362804317,1.1329466756252178,-0.16597478543180294,-0.20233037354548505,0.6822470333307488,0.1790150786150551,0.6793783975670571,0.18,-0.10091863275061834,-0.07885058164916092,0.5157279837734581,0.10091863275061834,0.09903095227514949,0.5227510682363311,-0.03931995943364519,False
1782600872.133971,TRACKING,Tracking AprilTag,Walk,4,71.84117889404297,0.10088832182704663,-0.062028178908467166,1.0155601100777012,1.0224423140895584,0.09901766065673191,0.5231987321504844,0.49963463686965887,-0.008692082585056,0.8661926329289915,1.1399443759565175,0.003618753666916774,0.8513027440631404,0.18552050289540317,-0.5241398507255197,1.094236698656409,0.337241955803196,0.5300907770876053,1.132937072791733,-0.16595083167776187,-0.20233258389687955,0.6822544865156319,0.17895599878903495,0.6793858194136249,0.18,-0.10088832182704663,-0.07893960726008967,0.5155601100777012,0.10088832182704663,0.09901766065673191,0.5231987321504844,-0.03890027519425299,False
1782600872.1838515,TRACKING,Tracking AprilTag,Walk,4,71.53951263427734,0.10091156442894299,-0.06203956758628104,1.0157978341110785,1.0226814223239549,0.09901729655127278,0.5229206621351333,0.49938943893436216,-0.009635225530708783,0.8663240448641577,1.1396547498117577,0.003917831554772322,0.851303784849473,0.1855356566993003,-0.5241266324541933,1.0942240361544524,0.33725034520442265,0.5301039953589317,1.1329292470221357,-0.1659378132931097,-0.20233254771663164,0.6823153999771417,0.17895596678888806,0.6793246624694148,0.18,-0.10091156442894299,-0.07878929955406282,0.5157978341110785,0.10091156442894299,0.09901729655127278,0.5229206621351333,-0.039494585277696226,False
1782600872.2339067,TRACKING,Tracking AprilTag,Walk,4,71.82711029052734,0.10093102420024418,-0.06202540998405744,1.015649664926838,1.0225353123466197,0.09905062014240369,0.5235482900444416,0.49993718951371324,-0.008738279424232985,0.8660175800835879,1.1398540513222832,0.0033102348809371795,0.8513038094633356,0.18553290513247975,-0.524123256178114,1.0942264408549047,0.33724900761646465,0.5301073716350111,1.1329308430885592,-0.1659400547876519,-0.20233254771663164,0.6823153999771417,0.17895596678888806,0.6793246624694148,0.18,-0.10093102420024418,-0.07890386398789516,0.5156496649268381,0.10093102420024418,0.09905062014240369,0.5235482900444416,-0.039124162317095146,False
1782600872.283844,TRACKING,Tracking AprilTag,Walk,4,71.7424087524414,0.10094823545585956,-0.062042819224641395,1.0157082225940979,1.022596230730514,0.09906172630835537,0.5234004682179781,0.49980549832984345,-0.009541469664492975,0.8660851137133684,1.1397490424876244,0.003482359459075657,0.8513044168087802,0.1855273722255572,-0.5241281771382484,1.0942315517968773,0.3372468030304136,0.5301024506748766,1.1329345097891932,-0.1659442425357298,-0.20233258389687955,0.6822544865156319,0.17895599878903495,0.6793858194136249,0.18,-0.10094823545585956,-0.07887843985174102,0.5157082225940979,0.10094823545585956,0.09906172630835537,0.5234004682179781,-0.03927055648524469,False
1782600872.3338375,TRACKING,Tracking AprilTag,Walk,4,71.71377563476562,0.10095911522859073,-0.0620658302115663,1.015951575344329,1.022840414567304,0.09904875698679953,0.5229914727422861,0.4994541033808126,-0.00891858100408999,0.8662944404352033,1.1395416665468014,0.0038788527391190875,0.8513011905224817,0.18553328637175998,-0.5241346007546976,1.0942248158728698,0.33724691868660195,0.5300960270584274,1.1329284778719244,-0.16594124219864037,-0.20233037354548505,0.6822470333307488,0.1790150786150551,0.6793783975670571,0.18,-0.10095911522859073,-0.07871570893575694,0.5159515753443289,0.10095911522859073,0.09904875698679953,0.5229914727422861,-0.039878938360822236,False
1782600872.383806,TRACKING,Tracking AprilTag,Walk,4,71.83527374267578,0.10092084038711985,-0.062061338143903896,1.0158027540814316,1.022688545411591,0.0990258625036326,0.5227967592261589,0.49928765930141833,-0.008399430684077353,0.8663955694909191,1.139720270041574,0.004040052092984581,0.8513002485322672,0.1855360875193192,-0.5241447793740787,1.0942219149716483,0.33724748308479197,0.5300858484390464,1.1329261013919418,-0.16593948546413934,-0.20233037354548505,0.6822470333307488,0.1790150786150551,0.6793783975670571,0.18,-0.10092084038711985,-0.07879624047749384,0.5158027540814316,0.10092084038711985,0.0990258625036326,0.5227967592261589,-0.039506885203579034,False
1782600872.4339466,TRACKING,Tracking AprilTag,Walk,4,71.68485260009766,0.10090189442592173,-0.06205003730039201,1.0157271844972606,1.0226109293149825,0.09901471159951535,0.5230023313249624,0.4994646623585113,-0.008656060804816325,0.8662910155752751,1.139781086112758,0.0038198944007417635,0.8512972397804791,0.18553918170941502,-0.5241604729833773,1.0942177384968816,0.3372463951242254,0.5300701548297477,1.1329218628556268,-0.16593867219322722,-0.20233037354548505,0.6822470333307488,0.1790150786150551,0.6793783975670571,0.18,-0.10090189442592173,-0.07883154774300742,0.5157271844972606,0.10090189442592173,0.09901471159951535,0.5230023313249624,-0.03931796124315157,False
1782600872.4838037,TRACKING,Tracking AprilTag,Walk,4,72.0182876586914,0.1009160120558297,-0.06205819864677364,1.0158426368183198,1.0227274926814724,0.09901729345982356,0.5228850829370493,0.49936368745160487,-0.008516190657706865,0.8663506115605953,1.1396695751692316,0.003933464812839627,0.851295767641446,0.18553954963311028,-0.524162349144812,1.0942166914948404,0.33724529678552345,0.5300682786683131,1.132920445353693,-0.1659392137183383,-0.20233037354548505,0.6822470333307488,0.1790150786150551,0.6793783975670571,0.18,-0.1009160120558297,-0.07876071603048036,0.5158426368183198,0.1009160120558297,0.09901729345982356,0.5228850829370493,-0.039606592045799416,False
1782600872.5339031,TRACKING,Tracking AprilTag,Walk,4,71.79292297363281,0.10091890295545294,-0.06205544841335699,1.0157610930690495,1.0226466163070922,0.09902800878080761,0.5229322661583138,0.4994032403105785,-0.008821939481967647,0.8663247525905462,1.1397404426965274,0.003915332990551801,0.8512904633575594,0.18554019502495092,-0.5241600075104745,1.0942135105442454,0.3372410033589794,0.5300706203026505,1.1329157275457806,-0.16594172255206707,-0.20233037354548505,0.6822470333307488,0.1790150786150551,0.6793783975670571,0.18,-0.10091890295545294,-0.07882272775806418,0.5157610930690495,0.10091890295545294,0.09902800878080761,0.5229322661583138,-0.03940273267262373,False
1782600872.58391,TRACKING,Tracking AprilTag,Walk,4,71.74223327636719,0.10090086014813125,-0.06205668231212706,1.0157096055916546,1.0225937699249763,0.09901540574016411,0.5227860114228378,0.49927834916102204,-0.008399016357882007,0.8664009387017447,1.1398141939940833,0.004038347234734174,0.8512834178831111,0.1855305469552031,-0.5241577962341355,1.0942184200009086,0.33723011202318753,0.5300728315789895,1.1329154777161918,-0.1659536666529221,-0.20233037354548505,0.6822470333307488,0.1790150786150551,0.6793783975670571,0.18,-0.10090086014813125,-0.07884791260578895,0.5157096055916546,0.10090086014813125,0.09901540574016411,0.5227860114228378,-0.039274013979136435,False
1782600872.6338048,TRACKING,Tracking AprilTag,Walk,4,71.73849487304688,0.10091773316355158,-0.06206079029638788,1.01585189033584,1.0227370109945084,0.09901807507691175,0.5228986959464305,0.49937400232060974,-0.008857051265053885,0.8663412482672078,1.1396472990300797,0.0039382139486942025,0.8512757129020545,0.18552717531363058,-0.524162360800115,1.0942175462463968,0.3372217471410587,0.53006826701301,1.1329110925942478,-0.16596084337957934,-0.20233040821710457,0.6821861154276253,0.17901510929133266,0.6794395488002438,0.18,-0.10091773316355158,-0.07875510158809987,0.51585189033584,0.10091773316355158,0.09901807507691175,0.5228986959464305,-0.039629725839600005,False
1782600872.6838083,TRACKING,Tracking AprilTag,Walk,4,71.79005432128906,0.10090418873459939,-0.062052542277691844,1.0157643493609556,1.0226482223814783,0.09901334910311298,0.5227652800280898,0.49926090641196536,-0.008274316479084224,0.8664121900201467,1.1397655282761352,0.004053792477700269,0.8512716480783152,0.18552982619177066,-0.5241469228757898,1.0942132336498394,0.33721952195390326,0.5300837049373353,1.1329062422405656,-0.16596099835087114,-0.20233040821710457,0.6821861154276253,0.17901510929133266,0.6794395488002438,0.18,-0.10090418873459939,-0.07881069605762593,0.5157643493609556,0.10090418873459939,0.09901334910311298,0.5227652800280898,-0.039410873402389024,False
1782600872.7338355,TRACKING,Tracking AprilTag,Walk,4,71.66104125976562,0.1009127761067948,-0.062041728306447316,1.0158094808401796,1.0226932412984973,0.0990173498410366,0.522849212886061,0.4993308211037488,-0.008927176720008912,0.8663654174836769,1.1396821737016625,0.00398010849301228,0.8512688142475305,0.18552111858625855,-0.5241505496316007,1.094219405471161,0.3372127572209268,0.5300800781815244,1.1329089062708557,-0.1659697593972288,-0.20233040821710457,0.6821861154276253,0.17901510929133266,0.6794395488002438,0.18,-0.1009127761067948,-0.07878314659015147,0.5158094808401796,0.1009127761067948,0.0990173498410366,0.522849212886061,-0.03952370210044909,False
1782600872.7839098,TRACKING,Tracking AprilTag,Walk,4,71.82709503173828,0.10090349178693475,-0.062042012967344094,1.0156996916671972,1.0225832922948994,0.09901893153515264,0.5230620637516344,0.4995193458587683,-0.007947449178464055,0.8662662761324511,1.1398579052872435,0.00377338636780028,0.8512801903557732,0.1855211190716261,-0.5241302915149746,1.0942250236732778,0.33722264921991385,0.5301003362981505,1.132918231535276,-0.1659632436254037,-0.20233040821710457,0.6821861154276253,0.17901510929133266,0.6794395488002438,0.18,-0.10090349178693475,-0.07885214697700174,0.5156996916671972,0.10090349178693475,0.09901893153515264,0.5230620637516344,-0.039249229167993005,False
1782600872.8338087,TRACKING,Tracking AprilTag,Walk,4,71.64231872558594,0.10095669386874045,-0.062038180751689695,1.0158218795665135,1.022709675770172,0.09905896021029098,0.5231061457724309,0.49955717453455284,-0.008037011379579913,0.8662436353700608,1.1397227470144722,0.003764237735154108,0.8512914150342029,0.18552919812049332,-0.5241132475459926,1.0942235426081555,0.33723639952473056,0.5301173802671324,1.1329228058755545,-0.16595019219454477,-0.20233040821710457,0.6821861154276253,0.17901510929133266,0.6794395488002438,0.18,-0.10095669386874045,-0.07880741114061883,0.5158218795665135,0.10095669386874045,0.09905896021029098,0.5231061457724309,-0.039554698916283715,False
1782600872.8838112,TRACKING,Tracking AprilTag,Walk,4,71.61073303222656,0.10096422469449362,-0.06203673851225067,1.0157788005914057,1.0226675429113374,0.09907047517128867,0.5228913164139147,0.4993698775796921,-0.008328426852880055,0.8663488689160963,1.1397464457265092,0.0039935158019078765,0.8513079352985645,0.18553934826130483,-0.524106271073465,1.0942228761594115,0.33725577735585643,0.5301243567396601,1.1329305350972643,-0.16593241007923665,-0.20233040821710457,0.6821861154276253,0.17901510929133266,0.6794395488002438,0.18,-0.10096422469449362,-0.07885018038831883,0.5157788005914057,0.10096422469449362,0.09907047517128867,0.5228913164139147,-0.03944700147851421,False
1782600872.9339144,TRACKING,Tracking AprilTag,Walk,4,71.50406646728516,0.10097973039025604,-0.062025023877125225,1.0156318881182553,1.022522440682501,0.09909982985984717,0.522975260005852,0.4994456115611144,-0.007569995439710063,0.8663121702142867,1.139937745357138,0.003934262849627668,0.8513147277623134,0.1855471512447933,-0.5241078424616966,1.0942194460818748,0.3372655374113478,0.5301227853514284,1.1329316342476166,-0.16592212338960372,-0.20233040821710457,0.6821861154276253,0.17901510929133266,0.6794395488002438,0.18,-0.10097973039025604,-0.07897098343257875,0.5156318881182553,0.10097973039025604,0.09909982985984717,0.522975260005852,-0.03907972029563833,False
1782600872.9839377,TRACKING,Tracking AprilTag,Walk,4,71.60338592529297,0.10099340161072702,-0.06202348512158203,1.015748930854833,1.0226399515021254,0.09910181290200785,0.5229272379253446,0.49939910608154775,-0.008771440994548721,0.8663276485648084,1.1397433931102023,0.003984488251638274,0.8513182370448044,0.1855462855937228,-0.5241050024040064,1.0942219320068292,0.33726816126204834,0.5301256254091187,1.1329350067544777,-0.16592082315391388,-0.20233040821710457,0.6821861154276253,0.17901510929133266,0.6794395488002438,0.18,-0.10099340161072702,-0.07889720047156319,0.5157489308548331,0.10099340161072702,0.09910181290200785,0.5229272379253446,-0.03937232713708272,False
1782600873.0339227,TRACKING,Tracking AprilTag,Walk,4,71.69699096679688,0.10098596875731135,-0.062024101566594936,1.0156996746337341,1.0225903305391018,0.0990993410980863,0.5230466533913922,0.49950505055650474,-0.008182207364555256,0.8662723335944574,1.1398328118903276,0.003866044381250433,0.8513206376375579,0.18554566798678548,-0.5241302654088023,1.0942236546739448,0.33726994359251894,0.5301003624043228,1.1329373283541935,-0.16591995455811742,-0.20233040821710457,0.6821861154276253,0.17901510929133266,0.6794395488002438,0.18,-0.10098596875731135,-0.07892482914264222,0.5156996746337341,0.10098596875731135,0.0990993410980863,0.5230466533913922,-0.039249186584335294,False
1782600873.08382,TRACKING,Tracking AprilTag,Walk,4,71.97657775878906,0.10096980796740536,-0.062024953141655396,1.015685382296398,1.0225745903081003,0.0990849709854317,0.5229742381865758,0.4994470074426153,-0.00694051902084601,0.8663166372362575,1.139924109494719,0.003916578567937201,0.8513299114258536,0.18554905460180612,-0.5241319941171516,1.0942252902377079,0.33727967998003316,0.5300986336959734,1.1329429909271345,-0.16591186706293415,-0.20233040821710457,0.6821861154276253,0.17901510929133266,0.6794395488002438,0.18,-0.10096980796740536,-0.07892266031548358,0.515685382296398,0.10096980796740536,0.0990849709854317,0.5229742381865758,-0.03921345574099511,False
1782600873.1339152,TRACKING,Tracking AprilTag,Walk,4,71.8143539428711,0.10094343984316041,-0.06203854830264195,1.0156700677059376,1.0225576003123995,0.09906074794357375,0.5232259659700389,0.4996651045874057,-0.006929840870944445,0.8661909492503141,1.1399443476781153,0.0036405301901639153,0.8513359861692703,0.1855480086934503,-0.5241292757978231,1.0942291999731646,0.3372844455230793,0.530101352015302,1.132948569703286,-0.16590924529091589,-0.20233040821710457,0.6821861154276253,0.17901510929133266,0.6794395488002438,0.18,-0.10094343984316041,-0.0789059402588975,0.5156700677059376,0.10094343984316041,0.09906074794357375,0.5232259659700389,-0.03917516926484399,False
1782600873.1839497,TRACKING,Tracking AprilTag,Walk,4,71.55821990966797,0.10094291506309294,-0.06203495362694854,1.0156984801616469,1.0225855515190951,0.09905748336194951,0.5230495776400665,0.49951014034536506,-0.007530784433639883,0.8662753066883344,1.1398768682485683,0.0038148055960862126,0.8513378415267528,0.18554219388022675,-0.524118362250487,1.0942351724276718,0.3372831868764354,0.530112265562638,1.1329534209139351,-0.1659129493642753,-0.20233040821710457,0.6821861154276253,0.17901510929133266,0.6794395488002438,0.18,-0.10094291506309294,-0.0788878807530791,0.5156984801616469,0.10094291506309294,0.09905748336194951,0.5230495776400665,-0.03924620040411719,False
1782600873.233824,TRACKING,Tracking AprilTag,Walk,4,71.8106460571289,0.10095682480444283,-0.062035695842380875,1.0158114033513659,1.0226991323023182,0.09906010278695622,0.5227765203138488,0.4992706426449629,-0.008274910943915763,0.8664065738680403,1.1397200634784108,0.0041034249590463645,0.8513296545525274,0.18554276384567814,-0.5241207693278541,1.094230633310158,0.3372763496387053,0.5301098584852709,1.132946383224804,-0.1659171710155251,-0.20233040821710457,0.6821861154276253,0.17901510929133266,0.6794395488002438,0.18,-0.10095682480444283,-0.07882180447662837,0.5158114033513659,0.10095682480444283,0.09906010278695622,0.5227765203138488,-0.039528508378414706,False
1782600873.2838147,TRACKING,Tracking AprilTag,Walk,4,71.81262969970703,0.10093804783769335,-0.06204015303990077,1.0157592371022641,1.0226457342839075,0.09904685213157856,0.5227535898598513,0.499254053402328,-0.007439313900318711,0.8664237108770962,1.1398243524483767,0.004107480409563491,0.8513199123436963,0.18555152796924176,-0.5241123469994672,1.0942182010787393,0.33727220716158346,0.5301182808136579,1.1329333776414607,-0.16591556624244064,-0.20233040821710457,0.6821861154276253,0.17901510929133266,0.6794395488002438,0.18,-0.10093804783769335,-0.07884441970759429,0.5157592371022641,0.10093804783769335,0.09904685213157856,0.5227535898598513,-0.03939809275566031,False
1782600873.333968,TRACKING,Tracking AprilTag,Walk,4,71.58243560791016,0.10092659237476423,-0.06203324509791707,1.0156551163963574,1.0225407649614064,0.0990457711187436,0.5229811885815158,0.4994505836757362,-0.007613212824006404,0.8663089249548701,1.1399220475029936,0.0038838566860242563,0.8513060442489051,0.18556007333298902,-0.5241212752082498,1.0942039213013393,0.3372643690972744,0.5301093526048752,1.1329171151602693,-0.1659165037925493,-0.20233040821710457,0.6821861154276253,0.17901510929133266,0.6794395488002438,0.18,-0.10092659237476423,-0.07890702978143302,0.5156551163963574,0.10092659237476423,0.0990457711187436,0.5229811885815158,-0.03913779099089354,False
1782600873.3839977,TRACKING,Tracking AprilTag,Walk,4,71.37212371826172,0.10093893572913301,-0.06203358015527562,1.0157690151497123,1.0226551353957147,0.09904677046562815,0.5226740091768707,0.49918212776325355,-0.008200974518567744,0.8664582778984206,1.139769629005114,0.004195488763970356,0.8512943647758883,0.18556099779955915,-0.5241272643227787,1.0941973490036463,0.3372546701472577,0.5301033634903464,1.132907011470694,-0.1659224350812254,-0.20233040821710457,0.6821861154276253,0.17901510929133266,0.6794395488002438,0.18,-0.10093893572913301,-0.07883952545772667,0.5157690151497123,0.10093893572913301,0.09904677046562815,0.5226740091768707,-0.03942253787428074,False
1782600873.4338255,TRACKING,Tracking AprilTag,Walk,4,71.7206802368164,0.10094584369164908,-0.06202689700796839,1.0156824660105415,1.022569445598836,0.09906189020027895,0.5229776497015028,0.49944602689680345,-0.007995705206024512,0.8663081062273721,1.1398655663285828,0.0038976176532590223,0.8512864631291555,0.1855555578760565,-0.5241354077835015,1.0941981765301012,0.33724511274233937,0.5300952200296235,1.1329036496878262,-0.16593141991315236,-0.20233040821710457,0.6821861154276253,0.17901510929133266,0.6794395488002438,0.18,-0.10094584369164908,-0.0789037271606052,0.5156824660105415,0.10094584369164908,0.09906189020027895,0.5229776497015028,-0.039206165026353657,False
1782600873.483805,TRACKING,Tracking AprilTag,Walk,4,71.64833068847656,0.10093706646029844,-0.06202370271569433,1.0155838275710303,1.022470411262839,0.09906289073848595,0.5232285222520638,0.49966669596778823,-0.007107433949929043,0.8661885922380191,1.140019471954914,0.0036399722800150025,0.8512852642800042,0.18554511420538186,-0.5241131727843026,1.0942066654079585,0.33723891222226676,0.5301174550288225,1.1329086482778543,-0.16594066770176247,-0.20233040821710457,0.6821861154276253,0.17901510929133266,0.6794395488002438,0.18,-0.10093706646029844,-0.07896422282586094,0.5155838275710303,0.10093706646029844,0.09906289073848595,0.5232285222520638,-0.03895956892757568,False
1782600873.5338063,TRACKING,Tracking AprilTag,Walk,4,71.63680267333984,0.10096596942539307,-0.06201445542002173,1.015622569547896,1.0225111849941408,0.0990873165059287,0.5230559391463337,0.49951578859130386,-0.007494161142938549,0.8662723673861308,1.1399500102081088,0.0038330113376184305,0.8512815114971022,0.18553318219898263,-0.5241025105081182,1.0942151870443682,0.3372297559201134,0.5301281173050069,1.132912405691781,-0.16595259825065206,-0.20233040821710457,0.6821861154276253,0.17901510929133266,0.6794395488002438,0.18,-0.10096596942539307,-0.07896423762189378,0.515622569547896,0.10096596942539307,0.0990873165059287,0.5230559391463337,-0.039056423869739954,False
1782600873.5838544,TRACKING,Tracking AprilTag,Walk,4,71.46925354003906,0.10095593110876032,-0.062011585688300945,1.0155648768457572,1.0224527157127377,0.0990831209972869,0.5230516856412418,0.4995148399537874,-0.006723697125891394,0.8662792370609499,1.1400558670718997,0.003828300288795383,0.8512863263367244,0.18551925758565754,-0.5241091979268845,1.0942296728152099,0.3372270651990283,0.5301214298862406,1.1329243276119165,-0.16596125534930684,-0.20233040821710457,0.6821861154276253,0.17901510929133266,0.6794395488002438,0.18,-0.10095593110876032,-0.07899826505884364,0.5155648768457572,0.10095593110876032,0.0990831209972869,0.5230516856412418,-0.03891219211439312,False
1782600873.6338456,TRACKING,Tracking AprilTag,Walk,4,71.7878189086914,0.10093371063031817,-0.06200269180681495,1.0154936747243513,1.0223792599314905,0.09906835554835858,0.5235048136201743,0.4999071394397848,-0.006778386420423131,0.8660524842148235,1.1401296561320566,0.003362609180354026,0.8512895761575141,0.18551672516528275,-0.5241177653287181,1.0942334798829143,0.33722864023033416,0.5301128624844069,1.1329284420248866,-0.16596147004451123,-0.20233040821710457,0.6821861154276253,0.17901510929133266,0.6794395488002438,0.18,-0.10093371063031817,-0.07902275336994383,0.5154936747243513,0.10093371063031817,0.09906835554835858,0.5235048136201743,-0.038734186810878146,False
1782600873.6839225,TRACKING,Tracking AprilTag,Walk,4,71.58212280273438,0.1009395773003937,-0.06201403744431938,1.015627513006072,1.0225134641072589,0.0990611055680267,0.5231506686560373,0.4995989656944645,-0.007189433001885374,0.8662269826841765,1.1399712735779646,0.003718781325595999,0.8512866202122306,0.18551761225903546,-0.5241059263729124,1.0942312486046182,0.33722650810814936,0.5301247014402126,1.1329255108343694,-0.16596243579292413,-0.20233040821710457,0.6821861154276253,0.17901510929133266,0.6794395488002438,0.18,-0.1009395773003937,-0.07893556516302724,0.5156275130060719,0.1009395773003937,0.0990611055680267,0.5231506686560373,-0.039068782515179756,False
1782600873.7339115,TRACKING,Tracking AprilTag,Walk,4,71.74799346923828,0.1009462988818268,-0.0620349025171838,1.015741448284854,1.0226285611853738,0.09905661916378783,0.5227925194691262,0.4992858477452336,-0.007943125856735355,0.8664009170083717,1.1398117105959942,0.004083312048998922,0.8512899506664329,0.1855240436399005,-0.5241064632759128,1.0942273012880244,0.33723258044515697,0.5301241645372122,1.1329245575593818,-0.1659552562489397,-0.20233040821710457,0.6821861154276253,0.17901510929133266,0.6794395488002438,0.18,-0.1009462988818268,-0.07886406798624439,0.5157414482848539,0.1009462988818268,0.09905661916378783,0.5227925194691262,-0.039353620712134774,False
1782600873.7838283,TRACKING,Tracking AprilTag,Walk,4,71.73677062988281,0.10095773735367831,-0.06204654363621447,1.0157636026140409,1.02265240170071,0.09906562360922984,0.5226162817489316,0.49913380844774147,-0.007774632480579529,0.8664900440018023,1.1397971464260783,0.00426672400078526,0.8512916115245055,0.18552233954613545,-0.5241132824662916,1.094229603325067,0.3372331829487279,0.5301173453468334,1.132926895020483,-0.16595570196263565,-0.20233040821710457,0.6821861154276253,0.17901510929133266,0.6794395488002438,0.18,-0.10095773735367831,-0.07886116701690964,0.5157636026140409,0.10095773735367831,0.09906562360922984,0.5226162817489316,-0.03940900653510215,False
1782600873.8338583,TRACKING,Tracking AprilTag,Walk,4,71.72172546386719,0.10093430142578146,-0.06203292993181195,1.0156944143405064,1.022580540066522,0.09904947969581304,0.522619060459288,0.49913462874288794,-0.008173445742365565,0.8664859013131121,1.1398349032888087,0.004230437695197764,0.8512938413180663,0.18552559443573458,-0.5241137414766117,1.0942278744198937,0.3372367293796843,0.5301168863365133,1.13292685873492,-0.16595175671625745,-0.20233040821710457,0.6821861154276253,0.17901510929133266,0.6794395488002438,0.18,-0.10093430142578146,-0.07889178162986392,0.5156944143405064,0.10093430142578146,0.09904947969581304,0.522619060459288,-0.039236035851266116,False
1782600873.883853,TRACKING,Tracking AprilTag,Walk,4,71.79937744140625,0.10091206290351071,-0.062043299916204595,1.0156469534272077,1.0225318330056539,0.09903239620590976,0.5223091476086394,0.49886987145011713,-0.007180839435689359,0.8666471524815289,1.1399538098529582,0.004539310636957838,0.8512929340745905,0.1855208856638238,-0.5241153692491654,1.0942315207088693,0.33723361486522163,0.5301152585639596,1.1329288118520886,-0.1659561363231984,-0.20233040821710457,0.6821861154276253,0.17901510929133266,0.6794395488002438,0.18,-0.10091206290351071,-0.07891347295127263,0.5156469534272077,0.10091206290351071,0.09903239620590976,0.5223091476086394,-0.03911738356801919,False
1782600873.9338577,TRACKING,Tracking AprilTag,Walk,4,71.67304992675781,0.1009167893264481,-0.062026892708095575,1.015658524707104,1.0225427974403767,0.09903588336732312,0.5228501597311039,0.49933620351007113,-0.007837286547152765,0.8663728601495586,1.1398975004511032,0.003990288898237215,0.8512887596023494,0.18551670360441708,-0.5241232930522044,1.094233095336496,0.33722791957003967,0.5301073347609206,1.1329277850038255,-0.16596195537999625,-0.20233040821710457,0.6821861154276253,0.17901510929133266,0.6794395488002438,0.18,-0.1009167893264481,-0.07889846735026239,0.5156585247071039,0.1009167893264481,0.09903588336732312,0.5228501597311039,-0.039146311767759845,False
1782600873.9838662,TRACKING,Tracking AprilTag,Walk,4,71.5967025756836,0.10093122991594365,-0.062036165707517694,1.0158023402899974,1.0226876324502372,0.09903603050412191,0.5224380965842412,0.49897462421688277,-0.00892218133479434,0.8665706659400891,1.1396947804411182,0.004429766033508031,0.8512889715010066,0.18551680538505175,-0.5241211910700975,1.0942331114922297,0.3372281540894008,0.5301094367430276,1.132927900415088,-0.1659617505860047,-0.20233040821710457,0.6821861154276253,0.17901510929133266,0.6794395488002438,0.18,-0.10093122991594365,-0.07881274672535635,0.5158023402899974,0.10093122991594365,0.09903603050412191,0.5224380965842412,-0.03950585072499346,False
1782600874.03396,TRACKING,Tracking AprilTag,Walk,4,71.88716125488281,0.1009354182758251,-0.06203507708423562,1.015748856025736,1.022634855639565,0.09904529431717785,0.5224084384816743,0.4989527758400234,-0.008010199024802916,0.8665921556263467,1.139797341077479,0.0044528321672312465,0.8512863851392579,0.18551749652257854,-0.5241228206823133,1.0942312331380362,0.33722624654550915,0.5301078071308117,1.132925384418846,-0.16596266529966774,-0.20233040821710457,0.6821861154276253,0.17901510929133266,0.6794395488002438,0.18,-0.1009354182758251,-0.07885659578011328,0.515748856025736,0.1009354182758251,0.09904529431717785,0.5224084384816743,-0.03937214006433987,False
1782600874.083902,TRACKING,Tracking AprilTag,Walk,4,71.71277618408203,0.10092831426925164,-0.06202113782410073,1.0155202701007064,1.022406262277203,0.0990605160867023,0.5230199201762685,0.4994852100544543,-0.007325565625831962,0.8662914411588742,1.1400645652715042,0.0038383638564798983,0.8512793087008715,0.18551760656714664,-0.52412054248545,1.0942276424213213,0.3372201477879703,0.530110085327675,1.1329195204971678,-0.16596662793926698,-0.20233040821710457,0.6821861154276253,0.17901510929133266,0.6794395488002438,0.18,-0.10092831426925164,-0.07900770144155006,0.5155202701007064,0.10092831426925164,0.0990605160867023,0.5230199201762685,-0.038800675251766115,False
1782600874.1339145,TRACKING,Tracking AprilTag,Walk,4,71.5199966430664,0.10096922231261048,-0.062046015954835665,1.0157090996655886,1.022599367833641,0.09908210145509595,0.52311522040439,0.4995675935210433,-0.007372422822005405,0.8662435378606453,1.1398689092987506,0.003763141830385397,0.8512738574581165,0.18550746296499201,-0.5241270647065516,1.0942337701395972,0.33721039792740837,0.5301035631065735,1.1329208613393447,-0.16597806519656505,-0.20233040821710457,0.6821861154276253,0.17901510929133266,0.6794395488002438,0.18,-0.10096922231261048,-0.07890180489218769,0.5157090996655886,0.10096922231261048,0.09908210145509595,0.52311522040439,-0.03927274916397161,False
1782600874.1838565,TRACKING,Tracking AprilTag,Walk,4,71.66350555419922,0.10096848393235222,-0.06203906484774418,1.0156879216580028,1.0225778378767718,0.09908343404920099,0.5231687430532901,0.4996118925872166,-0.007912900795050973,0.866213220163735,1.1398558765847615,0.0037108676063019597,0.8512781209768869,0.1854949031841839,-0.5241105958483863,1.0942467968649556,0.33720790190803984,0.5301200319647388,1.1329315496425085,-0.1659859192313073,-0.20233040821710457,0.6821861154276253,0.17901510929133266,0.6794395488002438,0.18,-0.10096848393235222,-0.07891580282561111,0.5156879216580028,0.10096848393235222,0.09908343404920099,0.5231687430532901,-0.03921980414500703,False
1782600874.2338254,TRACKING,Tracking AprilTag,Walk,4,71.72559356689453,0.10090917642147623,-0.06200566472382934,1.015358006374866,1.0222422635820956,0.09905757950318744,0.5237220202177424,0.5000967940039861,-0.006303316839474529,0.8659465715757272,1.1402968506956574,0.0031286992498438804,0.851280389400302,0.1854883616984018,-0.5241042040416489,1.0942536051881129,0.3372066435293942,0.5301264237714761,1.1329371556461978,-0.16598998242016155,-0.20233040821710457,0.6821861154276253,0.17901510929133266,0.6794395488002438,0.18,-0.10090917642147623,-0.0790976638964165,0.515358006374866,0.10090917642147623,0.09905757950318744,0.5237220202177424,-0.03839501593716488,False
1782600874.2838764,TRACKING,Tracking AprilTag,Walk,4,71.6017074584961,0.10093038924072216,-0.06202744207615631,1.0156145055763126,1.0225004503567774,0.09905340768705749,0.5231750798437008,0.49961941673907423,-0.007380220674393844,0.8662135826458187,1.1399701580633488,0.00368071068767728,0.8512786996296047,0.18549237373136676,-0.5241076897735486,1.0942492820707814,0.33720715576963006,0.5301229380395764,1.1329334726711024,-0.16598766133680054,-0.20233040821710457,0.6821861154276253,0.17901510929133266,0.6794395488002438,0.18,-0.10093038924072216,-0.07893666666634266,0.5156145055763126,0.10093038924072216,0.09905340768705749,0.5231750798437008,-0.039036263940781524,False
1782600874.3337815,TRACKING,Tracking AprilTag,Walk,4,71.69705200195312,0.10092917098347765,-0.062023847591770744,1.015665062996771,1.022550329038984,0.0990473214885746,0.5230356236592683,0.4994936235883413,-0.00862811156953282,0.8662745960059848,1.1398440183776761,0.003822906816117966,0.8512728607427066,0.18550199503582598,-0.5241171964920366,1.0942380323414576,0.33720683066987983,0.5301134313210885,1.1329231758998999,-0.16598311836392915,-0.20233040821710457,0.6821861154276253,0.17901510929133266,0.6794395488002438,0.18,-0.10092917098347765,-0.07890085684699488,0.515665062996771,0.10092917098347765,0.0990473214885746,0.5230356236592683,-0.03916265749192738,False
1782600874.3838818,TRACKING,Tracking AprilTag,Walk,4,71.74707794189453,0.10094854914809091,-0.06204200330463892,1.0158209705861405,1.0227082008235417,0.09905110881531794,0.5228186241634434,0.4993052660431974,-0.008712334441015839,0.8663823327666139,1.139676402341765,0.00403649334290862,0.8512643879857779,0.18550913359170415,-0.5241006984636407,1.094227640552767,0.3372029891444265,0.5301299293494843,1.1329121419494217,-0.1659821191007766,-0.20233040821710457,0.6821861154276253,0.17901510929133266,0.6794395488002438,0.18,-0.10094854914809091,-0.0788066253403158,0.5158209705861405,0.10094854914809091,0.09905110881531794,0.5228186241634434,-0.03955242646535129,False
1782600874.4338334,TRACKING,Tracking AprilTag,Walk,4,71.69222259521484,0.10094507085837832,-0.062023856209449585,1.0155376962199754,1.0224253901940565,0.09907516616127619,0.5233024675569821,0.49973272862036444,-0.006525179795677358,0.8661550796331332,1.1400980494363844,0.0035685388827499387,0.8512589300691795,0.18551618462640745,-0.5241007268108343,1.0942188138857076,0.3372017258579948,0.5301299010022907,1.1329036295338928,-0.16597946491053372,-0.20233040821710457,0.6821861154276253,0.17901510929133266,0.6794395488002438,0.18,-0.10094507085837832,-0.0790040060800687,0.5155376962199754,0.10094507085837832,0.09907516616127619,0.5233024675569821,-0.0388442405499384,False
1782600874.4837956,TRACKING,Tracking AprilTag,Walk,4,71.51433563232422,0.10095347026519541,-0.06202675420540303,1.0155949935448039,1.0224833066163543,0.09907780260714626,0.5232468996771534,0.4996831020905704,-0.006968709399445506,0.8661802552439364,1.1400160725807251,0.0036373297273368244,0.8512577305842683,0.1855157391260987,-0.5241162279836027,1.094218608835524,0.3372004628500774,0.5301143998295224,1.1329029014073564,-0.16598051708272693,-0.20233040821710457,0.6821861154276253,0.17901510929133266,0.6794395488002438,0.18,-0.10095347026519541,-0.07896998231792683,0.5155949935448039,0.10095347026519541,0.09907780260714626,0.5232468996771534,-0.038987483862009675,False
1782600874.5338247,TRACKING,Tracking AprilTag,Walk,4,71.55352020263672,0.10095844481048265,-0.0620449078068823,1.0157500891526894,1.022638949863055,0.09906762263830644,0.5231383930768247,0.4995827084695288,-0.008613953221468577,0.8662233645014132,1.1397539534293912,0.0037327572023187483,0.8512594022157363,0.185514968866989,-0.524125478700376,1.094220104205141,0.3372015359393416,0.5301051491127491,1.1329047128701017,-0.16598019111711126,-0.20233040821710457,0.6821861154276253,0.17901510929133266,0.6794395488002438,0.18,-0.10095844481048265,-0.0788615149617825,0.5157500891526894,0.10095844481048265,0.09906762263830644,0.5231383930768247,-0.03937522288172346,False
1782600874.5838127,TRACKING,Tracking AprilTag,Walk,4,71.76448822021484,0.10095378913835969,-0.062053131876892625,1.015761263848781,1.0226500886680625,0.09906200128452063,0.5230458507461553,0.49950219530644563,-0.00869461067633654,0.8662689886110597,1.1397354671329272,0.0038152914634974056,0.8512600004666496,0.1855188766280612,-0.524139089699456,1.094217001801049,0.3372039861616995,0.530091538113669,1.1329029652152804,-0.1659766451047907,-0.20233040821710457,0.6821861154276253,0.17901510929133266,0.6794395488002438,0.18,-0.10095378913835969,-0.07885097158279325,0.515761263848781,0.10095378913835969,0.09906200128452063,0.5230458507461553,-0.0394031596219524,False
1782600874.6339407,TRACKING,Tracking AprilTag,Walk,4,71.63427734375,0.10093365422710368,-0.06204200332352815,1.015593730397821,1.0224810208289419,0.099058604126894,0.5232608222580603,0.49969333014171663,-0.007476126712513465,0.8661701237870422,1.1399793815941184,0.0035888340679057773,0.8512695784234918,0.18553316307317852,-0.5241670825047843,1.094209309967046,0.3372193704218712,0.5300635453083408,1.1329026345319253,-0.1659594482905543,-0.20233040821710457,0.6821861154276253,0.17901510929133266,0.6794395488002438,0.18,-0.10093365422710368,-0.07895325847666164,0.5155937303978211,0.10093365422710368,0.099058604126894,0.5232608222580603,-0.038984325994552704,False
1782600874.6838372,TRACKING,Tracking AprilTag,Walk,4,71.71456146240234,0.10090488696711508,-0.062031037914442845,1.0154808930281243,1.022365438570664,0.09904148770982413,0.5232934124499409,0.4997254004744428,-0.006365290084365251,0.8661604973691651,1.1401673765301148,0.0035401567654724797,0.8512829400389824,0.18554214309586375,-0.524167847571171,1.094208100913231,0.3372354238253987,0.5300627802419541,1.1329084446125406,-0.16594443441233492,-0.20226966048867695,0.6821870836698679,0.1790763982721117,0.679440513144222,0.18,-0.10090488696711508,-0.07901102726326716,0.5154808930281243,0.10090488696711508,0.09904148770982413,0.5232934124499409,-0.03870223257031069,False
1782600874.7338326,TRACKING,Tracking AprilTag,Walk,4,71.81702423095703,0.10091914101197509,-0.06203060664330932,1.015788576928638,1.0226724315252855,0.0990255789599694,0.5226480510117413,0.49915690424693016,-0.008843095448522414,0.8664664936427198,1.1397105434589694,0.004198033207979124,0.8512878829610104,0.18554901621785608,-0.5241655301740993,1.0942045658864716,0.33724311641078397,0.5300650976390258,1.1329085601589979,-0.16593596925237686,-0.20226966048867695,0.6821870836698679,0.1790763982721117,0.679440513144222,0.18,-0.10091914101197509,-0.0788081848639704,0.5157885769286381,0.10091914101197509,0.0990255789599694,0.5226480510117413,-0.039471442321595274,False
1782600874.7839384,TRACKING,Tracking AprilTag,Walk,4,71.87943267822266,0.10089798033887186,-0.06204188913392914,1.0155570180425257,1.0224410278051235,0.09902737777074917,0.5232553174336702,0.49968874795271917,-0.00742619125447646,0.8661731967989403,1.1400248463906975,0.0035672001991480795,0.851291747333393,0.1855517171996675,-0.5241617346850468,1.0942041259288213,0.33724781056820796,0.5300688931280783,1.1329101810526807,-0.16593154190776366,-0.20221112162601218,0.6821955045016415,0.17907860876870504,0.6794489000726737,0.18,-0.10089798033887186,-0.07894927447597033,0.5155570180425257,0.10089798033887186,0.09902737777074917,0.5232553174336702,-0.03889254510631435,False
1782600874.8340282,TRACKING,Tracking AprilTag,Walk,4,71.622314453125,0.1009063575157776,-0.0620332970355056,1.0157219380324383,1.0226051429210443,0.09901957076709726,0.5228284061635293,0.49931459684159346,-0.008513333220151563,0.8663789335726023,1.1397950342726422,0.004001170123720144,0.8512928650992077,0.18556007578117353,-0.5241618341418119,1.0941974100319238,0.337252910765662,0.5300687936713131,1.1329063101760393,-0.16592404980530617,-0.20221112162601218,0.6821955045016415,0.17907860876870504,0.6794489000726737,0.18,-0.1009063575157776,-0.0788427689362607,0.5157219380324383,0.1009063575157776,0.09901957076709726,0.5228284061635293,-0.03930484508109566,False
1782600874.883926,TRACKING,Tracking AprilTag,Walk,4,71.71292114257812,0.10088188224225948,-0.062041000871184235,1.0155510713518792,1.0224334787543827,0.09901225718457121,0.5232956023420664,0.4997234230709791,-0.0074847503269614025,0.866152688009895,1.1400300984158198,0.0035141058326459973,0.851297599052277,0.18556170191560153,-0.5241454031359666,1.0941983341592736,0.337257830177566,0.5300852246771585,1.1329092594980281,-0.1659200055347113,-0.2022089110816498,0.6821880468335647,0.17913768609255726,0.6794414724301013,0.18,-0.10088188224225948,-0.07893877240343153,0.5155510713518792,0.10088188224225948,0.09901225718457121,0.5232956023420664,-0.03887767837969791,False
1782600874.9339151,TRACKING,Tracking AprilTag,Walk,4,71.60393524169922,0.10088857179580192,-0.062032860683131616,1.015491533859668,1.0223745082229851,0.0990245474511433,0.523363707641184,0.4997838229208605,-0.007097439966443067,0.8661210981684562,1.1401115291474246,0.0034530053122014404,0.8513074445212611,0.18555815031193182,-0.5241353099494156,1.0942062849976815,0.33726463688872166,0.5300953178637094,1.1329193643917268,-0.16591727821524255,-0.2022089110816498,0.6821880468335647,0.17913768609255726,0.6794414724301013,0.18,-0.10088857179580192,-0.07898745945872303,0.515491533859668,0.10088857179580192,0.0990245474511433,0.523363707641184,-0.038728834649169874,False
1782600874.9838505,TRACKING,Tracking AprilTag,Walk,4,71.60240936279297,0.10092326400852282,-0.06202539493389763,1.0156856473780818,1.0225702856648402,0.0990395683612086,0.522858724095689,0.4993393333320512,-0.008865938141020054,0.8663611402460191,1.1398059273024232,0.003987610303153866,0.8513026540667471,0.18554927702326388,-0.5241360227622175,1.0942116345135844,0.33725608900092174,0.5300946050509076,1.1329205193743297,-0.16592729568605225,-0.2022089110816498,0.6821880468335647,0.17913768609255726,0.6794414724301013,0.18,-0.10092326400852282,-0.07888388955668935,0.5156856473780818,0.10092326400852282,0.0990395683612086,0.522858724095689,-0.03921411844520439,False
1782600875.0342498,TRACKING,Tracking AprilTag,Walk,4,71.59446716308594,0.10092170915481263,-0.06203405759375378,1.0155106074969253,1.0223967965614171,0.09905501187987294,0.5232876033181455,0.4997183073625462,-0.006983339648864786,0.8661598271993803,1.14009910088097,0.003566239832379192,0.8512922732447082,0.18555006431313162,-0.524147771047992,1.0942058228934874,0.33724745150340296,0.5300828567651329,1.1329115588157794,-0.1659325956560525,-0.20221112162601218,0.6821955045016415,0.17907860876870504,0.6794489000726737,0.18,-0.10092170915481263,-0.07900387491304249,0.5155106074969253,0.10092170915481263,0.09905501187987294,0.5232876033181455,-0.03877651874231336,False
1782600875.0839849,TRACKING,Tracking AprilTag,Walk,4,71.79875183105469,0.10091619561947895,-0.0620381853441212,1.015561672015476,1.0224472234037167,0.09904468774179669,0.5230684785896508,0.49952839537950355,-0.007012788531177713,0.8662691285083379,1.1400487210091257,0.003781771988286553,0.8512789660060156,0.1855515182763581,-0.5241342501355619,1.0941979862392421,0.33723659869450734,0.5300963776775631,1.13289981751287,-0.16593902515188652,-0.20221112162601218,0.6821955045016415,0.17907860876870504,0.6794489000726737,0.18,-0.10091619561947895,-0.07896544383580924,0.5155616720154761,0.10091619561947895,0.09904468774179669,0.5230684785896508,-0.03890418003869023,False
1782600875.1338348,TRACKING,Tracking AprilTag,Walk,4,71.59123229980469,0.10094455353736413,-0.062024317195874444,1.015667050067176,1.0225538496356228,0.09906212613023467,0.5227068818497568,0.4992123127382546,-0.007774051793687991,0.8664448227840202,1.1398977931338476,0.004177515842597568,0.8512647777955078,0.18554869497940055,-0.5241404516053408,1.094193433641173,0.3372228673371838,0.5300901762077842,1.132889803726008,-0.16594946547735118,-0.20221112162601218,0.6821955045016415,0.17907860876870504,0.6794489000726737,0.18,-0.10094455353736413,-0.07891931990671418,0.5156670500671761,0.10094455353736413,0.09906212613023467,0.5227068818497568,-0.039167625167940145,False
1782600875.183885,TRACKING,Tracking AprilTag,Walk,4,71.51099395751953,0.1009389804819619,-0.06201473938366718,1.015572592678426,1.0224588973064601,0.09906584571470835,0.5233584879547919,0.49978015140674986,-0.006853818590854411,0.8661251788457427,1.1400445828533887,0.0035064210601948864,0.8512586452381952,0.18554712039054946,-0.524154808779715,1.0941917739276417,0.3372167572684251,0.5300758190334101,1.1328856783795298,-0.16595426850823564,-0.20226966048867695,0.6821870836698679,0.1790763982721117,0.679440513144222,0.18,-0.1009389804819619,-0.07897170044609136,0.515572592678426,0.1009389804819619,0.09906584571470835,0.5233584879547919,-0.038931481696065084,False
1782600875.2339065,TRACKING,Tracking AprilTag,Walk,4,71.62593841552734,0.10091604531011311,-0.06203394470978157,1.0156952445851117,1.022579624464569,0.09903160098230358,0.523150127018942,0.49960004418909093,-0.006744818818690242,0.8662299367173599,1.1399326293773042,0.00368508853329258,0.851258537740812,0.18556240794920878,-0.5241576740102457,1.0941784279894553,0.3372242142744846,0.5300729538028793,1.1328768347020044,-0.16594179812839888,-0.20226966048867695,0.6821870836698679,0.1790763982721117,0.679440513144222,0.18,-0.10091604531011311,-0.07886472938620501,0.5156952445851117,0.10091604531011311,0.09903160098230358,0.523150127018942,-0.039238111462779335,False
1782600875.283914,TRACKING,Tracking AprilTag,Walk,4,71.6548843383789,0.1008923973255003,-0.062015446070327856,1.0155110256358382,1.022393189813655,0.09902638944799233,0.5234716003411332,0.4998766606592463,-0.007266643776175915,0.8660661175778618,1.1400862283822402,0.0033564899725414543,0.8512608441759147,0.18557440329097705,-0.5241330339285405,1.094169136935006,0.3372321442287244,0.5300975938845846,1.132871855373602,-0.16593064401903573,-0.20226966048867695,0.6821870836698679,0.1790763982721117,0.679440513144222,0.18,-0.1008923973255003,-0.07897427373753742,0.5155110256358382,0.1008923973255003,0.09902638944799233,0.5234716003411332,-0.03877756408959543,False
1782600875.333824,TRACKING,Tracking AprilTag,Walk,4,71.6307601928711,0.10096316377521909,-0.06202040549512478,1.0157888591443247,1.022676438322019,0.09906846634950377,0.5226950643946082,0.4992058067433071,-0.006743886831552972,0.8664572017729248,1.1398322454143432,0.004178239742880452,0.8512590305174192,0.18557666356917052,-0.524130391349884,1.0941662758165553,0.33723168355979755,0.530100236463241,1.1328690741143013,-0.16592982988676613,-0.20226966048867695,0.6821870836698679,0.1790763982721117,0.679440513144222,0.18,-0.10096316377521909,-0.07884567128060313,0.5157888591443247,0.10096316377521909,0.09906846634950377,0.5226950643946082,-0.03947214786081177,False
1782600875.3838434,TRACKING,Tracking AprilTag,Walk,4,71.65869903564453,0.10096186793518291,-0.06202008756814677,1.0156708910657188,1.0225591176050182,0.09907863443129027,0.5231097751791812,0.4995642763583799,-0.0069820535868799225,0.8662486852597459,1.139937308816525,0.003774130583237556,0.8512540353025317,0.18557081835462313,-0.5241315537106104,1.0941688912294452,0.3372244531849601,0.5300990741025147,1.1328683269932744,-0.16593748237100625,-0.20227187093737525,0.6821945387649496,0.17901731969201015,0.6794479382241585,0.18,-0.10096186793518291,-0.07892377561035421,0.5156708910657188,0.10096186793518291,0.09907863443129027,0.5231097751791812,-0.0391772276642971,False
1782600875.4338422,TRACKING,Tracking AprilTag,Walk,4,71.419921875,0.10096403774071329,-0.0620250625745736,1.015803883084915,1.0226917297967553,0.09906786262735531,0.5226198494688412,0.4991322752661386,-0.008886730563518961,0.8664802350934147,1.13968484110544,0.00426257420351317,0.8512565509109749,0.18556600435047715,-0.5241299502694275,1.0941743195558253,0.3372242629365201,0.5301006775436975,1.1328731462556465,-0.16593998789130127,-0.20227187093737525,0.6821945387649496,0.17901731969201015,0.6794479382241585,0.18,-0.10096403774071329,-0.078836797616043,0.515803883084915,0.10096403774071329,0.09906786262735531,0.5226198494688412,-0.039509707712287456,False
1782600875.483927,TRACKING,Tracking AprilTag,Walk,4,71.6783218383789,0.10094106397140272,-0.06202846293176568,1.0155930443040309,1.0224802493193135,0.09906589522379698,0.5231750513853615,0.4996202429622228,-0.007145750517598218,0.866215072064617,1.1400091855668997,0.003700919508648315,0.8512661778898889,0.1855574516362899,-0.5241216387299792,1.094186511050764,0.33722840963329487,0.5301089890831459,1.1328859363001984,-0.16594148535694114,-0.20227187093737525,0.6821945387649496,0.17901731969201015,0.6794479382241585,0.18,-0.10094106397140272,-0.07896194100764783,0.5155930443040309,0.10094106397140272,0.09906589522379698,0.5231750513853615,-0.03898261076007714,False
1782600875.5339122,TRACKING,Tracking AprilTag,Walk,4,71.5074234008789,0.10093673953104608,-0.06202017499486378,1.0156692859672836,1.0225550478829213,0.09905429126832643,0.5229069913319635,0.49938487411973764,-0.007980568137560345,0.86634349886902,1.1398795969456186,0.003959409507837075,0.8512751386801426,0.18555303249802094,-0.5241227582366415,1.0941947792882374,0.3372340186255478,0.5301078695764836,1.1328958128384143,-0.16593997587428838,-0.20227187093737525,0.6821945387649496,0.17901731969201015,0.6794479382241585,0.18,-0.10093673953104608,-0.0789068881646533,0.5156692859672836,0.10093673953104608,0.09905429126832643,0.5229069913319635,-0.03917321491820891,False
1782600875.5839176,TRACKING,Tracking AprilTag,Walk,4,71.69373321533203,0.10093274529570778,-0.062019859751143123,1.0156644101936383,1.022549791555634,0.0990508695074458,0.5227330099660398,0.49923512281157273,-0.00772969468138422,0.8664320769520519,1.139901496895258,0.0041335395716475265,0.8512839569050434,0.18554694033237812,-0.5241124497084827,1.09420443184472,0.33723867735133595,0.5301181781046423,1.13290653069244,-0.16593991950318726,-0.20227187093737525,0.6821945387649496,0.17901731969201015,0.6794479382241585,0.18,-0.10093274529570778,-0.07891040219437215,0.5156644101936383,0.10093274529570778,0.0990508695074458,0.5227330099660398,-0.039161025484095724,False
1782600875.6338387,TRACKING,Tracking AprilTag,Walk,4,71.67364501953125,0.1009157906016109,-0.062005134987649764,1.015447193485238,1.022331470861888,0.09905538589909936,0.5231789607058258,0.49962405322365744,-0.007026005063177709,0.8662138539028432,1.1401626949510526,0.003681763539877314,0.8512833262245136,0.18554052520634143,-0.5241248090554335,1.0942096984371503,0.33723496055107605,0.5301058187576916,1.1329096877920608,-0.1659455394962463,-0.20227187093737525,0.6821945387649496,0.17901731969201015,0.6794479382241585,0.18,-0.1009157906016109,-0.07904778901740363,0.515447193485238,0.1009157906016109,0.09905538589909936,0.5231789607058258,-0.038617983713095105,False
1782600875.6839294,TRACKING,Tracking AprilTag,Walk,4,71.41319274902344,0.10093314238058078,-0.06202471050698504,1.015629483193211,1.0225154331723325,0.09905464073167912,0.522820411133586,0.49931083599834114,-0.007732824156662954,0.8663884189468369,1.139931029991954,0.004038437552848273,0.8512839774512388,0.18554132437082005,-0.5241335078942293,1.094209325186093,0.3372359215108877,0.5300971199188957,1.1329097639329517,-0.16594451140934519,-0.20227187093737525,0.6821945387649496,0.17901731969201015,0.6794479382241585,0.18,-0.10093314238058078,-0.07893491062241123,0.5156294831932109,0.10093314238058078,0.09905464073167912,0.522820411133586,-0.03907370798302723,False
1782600875.733922,TRACKING,Tracking AprilTag,Walk,4,71.5970230102539,0.10092766030933052,-0.062021371161660926,1.0156096240845798,1.0224949641096086,0.09905121996418927,0.5228912642296922,0.499375177437753,-0.006925085748214784,0.8663581680496771,1.140009289424173,0.003975728547325308,0.8512835828282443,0.1855445368500271,-0.5241466015979314,1.0942063369665258,0.3372371650115034,0.5300840262151937,1.1329076005765322,-0.16594210399601023,-0.20227187093737525,0.6821945387649496,0.17901731969201015,0.6794479382241585,0.18,-0.10092766030933052,-0.07894342787810013,0.5156096240845798,0.10092766030933052,0.09905121996418927,0.5228912642296922,-0.03902406021144944,False
1782600875.783931,TRACKING,Tracking AprilTag,Walk,4,71.51101684570312,0.10094366399918628,-0.062021702770963964,1.0157465991525987,1.022632616635251,0.0990535514592445,0.5226358492515195,0.49915364007099833,-0.006994233775179705,0.8664852706756014,1.139863051209649,0.004229202945873756,0.8512791249669616,0.18555458452118911,-0.5241467516883695,1.0941953985868325,0.33723825132300544,0.5300838761247555,1.1328981917077838,-0.16593642056290397,-0.20227187093737525,0.6821945387649496,0.17901731969201015,0.6794479382241585,0.18,-0.10094366399918628,-0.07886102478714296,0.5157465991525987,0.10094366399918628,0.0990535514592445,0.5226358492515195,-0.03936649788149671,False
1782600875.8339438,TRACKING,Tracking AprilTag,Walk,4,71.67906188964844,0.10093188311349274,-0.062027804712930484,1.0156784539060906,1.022564137506987,0.09904866830612673,0.5227176286330527,0.49922088689178634,-0.00796175536884429,0.866438178142229,1.139874718625689,0.004150951243760526,0.851275330019656,0.1855679151901318,-0.5241656898686372,1.0941819329844176,0.337241535514096,0.5300649379444878,1.13288744600877,-0.16592766623184918,-0.20227187093737525,0.6821945387649496,0.17901731969201015,0.6794479382241585,0.18,-0.10093188311349274,-0.0788995461674837,0.5156784539060906,0.10093188311349274,0.09904866830612673,0.5227176286330527,-0.03919613476522643,False
1782600875.8839355,TRACKING,Tracking AprilTag,Walk,4,71.69674682617188,0.10092006703556047,-0.06202655748524316,1.0155536057365289,1.0224388880947346,0.09904924414081184,0.523054936748378,0.4995157065419084,-0.0072810967057583015,0.8662742317238228,1.1400437921598703,0.0038097390235259376,0.8512775359907573,0.18557418811022533,-0.5241634991018448,1.0941775680740382,0.33724655182672375,0.5300671287112803,1.1328856616953065,-0.1659212606045995,-0.20227187093737525,0.6821945387649496,0.17901731969201015,0.6794479382241585,0.18,-0.10092006703556047,-0.07897508189581902,0.5155536057365289,0.10092006703556047,0.09904924414081184,0.523054936748378,-0.03888401434132216,False
1782600875.9339085,TRACKING,Tracking AprilTag,Walk,4,71.5507583618164,0.10091328787745968,-0.06200906763741697,1.0154014575866261,1.0222860344387699,0.09905737778357229,0.5234420334610053,0.49985254796711553,-0.006842882403028699,0.8660834863055644,1.1402167290482306,0.003409642391644929,0.8512722075158538,0.1855652617396164,-0.5241640649911038,1.094182698019195,0.33723750990216456,0.5300665628220212,1.13288640603807,-0.16593162972659203,-0.20233040821710457,0.6821861154276253,0.17901510929133266,0.6794395488002438,0.18,-0.10091328787745968,-0.0790744271584563,0.5154014575866261,0.10091328787745968,0.09905737778357229,0.5234420334610053,-0.03850364396656536,False
1782600875.983987,TRACKING,Tracking AprilTag,Walk,4,71.7088851928711,0.10094172163035169,-0.06202537814268758,1.0156203845365854,1.0225072831944448,0.09906388701949156,0.52303814904476,0.4995017414348113,-0.007120485191064134,0.8662836192577087,1.1399790835021726,0.0038284246435616454,0.8512672786857376,0.18555283705677714,-0.5241477260412716,1.0941910672018387,0.3372270876715085,0.5300829017718535,1.132889481557384,-0.16594463769687645,-0.20233040821710457,0.6821861154276253,0.17901510929133266,0.6794395488002438,0.18,-0.10094172163035169,-0.07894492704831362,0.5156203845365854,0.10094172163035169,0.09906388701949156,0.52303814904476,-0.039050961341463575,False
1782600876.0338387,TRACKING,Tracking AprilTag,Walk,4,71.66815948486328,0.1009371524447001,-0.06201235056799229,1.0155775847948456,1.0224635304519882,0.0990635795413551,0.523030509379621,0.49949686526944886,-0.006612620053606268,0.866290456395556,1.1400540567574977,0.0038336786002491907,0.8512643289276575,0.18554797885962881,-0.5241544650642912,1.0941938346275686,0.33722212334808116,0.5300761627488338,1.1328898459066836,-0.1659503095926661,-0.20233040821710457,0.6821861154276253,0.17901510929133266,0.6794395488002438,0.18,-0.1009371524447001,-0.07897278144952916,0.5155775847948456,0.1009371524447001,0.0990635795413551,0.523030509379621,-0.03894396198711403,False
1782600876.0839143,TRACKING,Tracking AprilTag,Walk,4,71.66089630126953,0.10093112568603267,-0.062015850174747096,1.015615717343564,1.0225010235302596,0.09905400830506667,0.5228481360674018,0.49933878465778553,-0.006638023684087353,0.8663813910617283,1.140015180633562,0.004009143729071074,0.8512634547757557,0.1855547028972878,-0.5241331193113694,1.0941875561981376,0.33722468423618157,0.5300975085017556,1.1328852783024301,-0.16594529822405413,-0.20233040821710457,0.6821861154276253,0.17901510929133266,0.6794395488002438,0.18,-0.10093112568603267,-0.07894279659151268,0.515615717343564,0.10093112568603267,0.09905400830506667,0.5228481360674018,-0.0390392933589101,False
1782600876.1339376,TRACKING,Tracking AprilTag,Walk,4,71.80366516113281,0.10093391228901344,-0.062012822340395644,1.0155608222911832,1.0224465895866306,0.09906204467383961,0.5230827671710918,0.49954188781437875,-0.006687032444601853,0.8662639239376944,1.1400681121295781,0.0037830313070487676,0.8512585788106045,0.18556393253057457,-0.5241318091201492,1.0941771226189536,0.3372250029714622,0.5300988186929758,1.1328759952040484,-0.1659405248341474,-0.20233040821710457,0.6821861154276253,0.17901510929133266,0.6794395488002438,0.18,-0.10093391228901344,-0.07898134272704353,0.5155608222911832,0.10093391228901344,0.09906204467383961,0.5230827671710918,-0.03890205572795791,False
1782600876.1840467,TRACKING,Tracking AprilTag,Walk,4,71.64522552490234,0.10094251187172051,-0.06201809226335911,1.0156124388895356,1.022499027137977,0.09906542746770175,0.5229673295819209,0.4994404596381247,-0.007101001864514681,0.8663191115570399,1.139988920947326,0.00390319974440706,0.851262697959366,0.18556506884323717,-0.524126179986667,1.0941781690064494,0.33722914587698793,0.530104447826458,1.1328787210742544,-0.16593723420736717,-0.20233040821710457,0.6821861154276253,0.17901510929133266,0.6794395488002438,0.18,-0.10094251187172051,-0.0789528903780299,0.5156124388895356,0.10094251187172051,0.09906542746770175,0.5229673295819209,-0.039031097223838906,False
1782600876.233838,TRACKING,Tracking AprilTag,Walk,4,71.72801971435547,0.10095905401370764,-0.06203261680571607,1.0157942712122454,1.0226821488432876,0.09906393568419848,0.5224421082944614,0.49898355561523006,-0.007598839789783992,0.8665781377691407,1.1397804255526052,0.004446896539516798,0.8512687447130443,0.18556654822211963,-0.5241285017233221,1.094179869128854,0.3372351343138234,0.5301021260898029,1.132882830612437,-0.1659325583664965,-0.20233040821710457,0.6821861154276253,0.17901510929133266,0.6794395488002438,0.18,-0.10095905401370764,-0.07884305167690361,0.5157942712122454,0.10095905401370764,0.09906393568419848,0.5224421082944614,-0.039485678030613536,False
1782600876.2839463,TRACKING,Tracking AprilTag,Walk,4,71.62283325195312,0.10095033565953934,-0.06203145991110506,1.0157645197292202,1.022651666907755,0.09905831920174893,0.52253206059561,0.4990626188862723,-0.007299031849438773,0.8665351848392748,1.139829244798863,0.004348229984902419,0.8512694704233206,0.18556032508910741,-0.5241193305765911,1.0941856386965763,0.3372326917479202,0.5301112972365338,1.1328869896516827,-0.16593724413563782,-0.20233040821710457,0.6821861154276253,0.17901510929133266,0.6794395488002438,0.18,-0.10095033565953934,-0.07885565355856206,0.5157645197292202,0.10095033565953934,0.09905831920174893,0.52253206059561,-0.03941129932305054,False
1782600876.3339157,TRACKING,Tracking AprilTag,Walk,4,71.66157531738281,0.10090904829491047,-0.06203289380340963,1.0156224611109994,1.0225065767292518,0.0990318296227279,0.5226541418290002,0.499167843129034,-0.0074510646014651965,0.8664732806164382,1.1399622115389103,0.00419162399255496,0.8512716386973567,0.18556051392333575,-0.5241213914088599,1.0941865454050852,0.33723467037126514,0.5301092364042651,1.1328886589401113,-0.16593584751586,-0.20233040821710457,0.6821861154276253,0.17901510929133266,0.6794395488002438,0.18,-0.10090904829491047,-0.07892221665392221,0.5156224611109994,0.10090904829491047,0.0990318296227279,0.5226541418290002,-0.03905615277749852,False
1782600876.3839111,TRACKING,Tracking AprilTag,Walk,4,71.82222747802734,0.10091044507017341,-0.06202219759969539,1.0156498921449875,1.0225333120898707,0.09903053419823381,0.5226995698011434,0.4992050792290165,-0.008002087910284629,0.8664469143929289,1.1398998869435668,0.004144868506695987,0.8512775537490577,0.18555868950443932,-0.5241098721064269,1.0941910532001753,0.3372389125551792,0.5301207557066981,1.1328945526812186,-0.16593395538565991,-0.20233040821710457,0.6821861154276253,0.17901510929133266,0.6794395488002438,0.18,-0.10091044507017341,-0.07890224091388638,0.5156498921449875,0.10091044507017341,0.09903053419823381,0.5226995698011434,-0.03912473036246866,False
1782600876.4337983,TRACKING,Tracking AprilTag,Walk,4,71.76617431640625,0.10090249139943322,-0.06203343091863317,1.015605597152148,1.022489211820311,0.09902707026396725,0.5229605273417943,0.49943272007174955,-0.007603866148514917,0.8663193056496715,1.1399680271097559,0.0038726440161113707,0.8512778403084901,0.18555569722660042,-0.5241136981162664,1.094193796577886,0.33723768384784597,0.5301169296968586,1.1328965013380647,-0.16593624417998676,-0.20233040821710457,0.6821861154276253,0.17901510929133266,0.6794395488002438,0.18,-0.10090249139943322,-0.07892297409235684,0.515605597152148,0.10090249139943322,0.09902707026396725,0.5229605273417943,-0.03901399288037011,False
1782600876.4838126,TRACKING,Tracking AprilTag,Walk,4,71.59452819824219,0.10092838007408202,-0.06204213260057627,1.015831561553471,1.0227167376992365,0.09903042223497521,0.5225883421746002,0.49910355687938224,-0.00920078571255703,0.8664934997174653,1.1396436641341754,0.00426200619959155,0.8512783938036723,0.18555433717684192,-0.5241191477801016,1.0941952525385579,0.3372374933989438,0.5301114800330234,1.1328977339982376,-0.1659370420779504,-0.20233040821710457,0.6821861154276253,0.17901510929133266,0.6794395488002438,0.18,-0.10092838007408202,-0.07878564312864828,0.515831561553471,0.10092838007408202,0.09903042223497521,0.5225883421746002,-0.03957890388367746,False
1782600876.5337987,TRACKING,Tracking AprilTag,Walk,4,71.92244720458984,0.10093124565432537,-0.06205269324605065,1.0158904260867807,1.022776129416014,0.09902751466414356,0.5218428373105922,0.4984538472699367,-0.009953949845779447,0.866859089485867,1.1395529269384623,0.005044369388739922,0.8512714203098821,0.18555825265777978,-0.5241205589822107,1.0941884037609417,0.33723336364691975,0.5301100688309144,1.132889774999203,-0.16593782625968057,-0.20233040821710457,0.6821861154276253,0.17901510929133266,0.6794395488002438,0.18,-0.10093124565432537,-0.07875938190372933,0.5158904260867807,0.10093124565432537,0.09902751466414356,0.5218428373105922,-0.03972606521695177,False
1782600876.5838382,TRACKING,Tracking AprilTag,Walk,4,71.35910034179688,0.10090449460519937,-0.06205086703554696,1.0156570600313588,1.0225415838600096,0.0990240383924349,0.5223490217299748,0.4989024097253567,-0.007723615461951301,0.8666237541946495,1.139911074252731,0.004493478184209865,0.8512604695998842,0.18555943742483377,-0.5241126432643193,1.094181965060411,0.3372244269328756,0.5301179845488058,1.1328801196312628,-0.16594312678723594,-0.20233040821710457,0.6821861154276253,0.17901510929133266,0.6794395488002438,0.18,-0.10090449460519937,-0.07889857206500672,0.5156570600313588,0.10090449460519937,0.0990240383924349,0.5223490217299748,-0.03914265007839701,False
1782600876.6338384,TRACKING,Tracking AprilTag,Walk,4,71.67598724365234,0.10091275692793668,-0.06204563522892852,1.0157864218601604,1.0226705726661083,0.09901956423614705,0.5224168416892015,0.4989572952892658,-0.008673887644781404,0.866583164589958,1.139723095133403,0.004424457620364197,0.8512566695997689,0.18556218327285218,-0.5241235081442992,1.0941777006811544,0.3372224789206136,0.5301071196688258,1.1328754319746666,-0.1659430522362242,-0.20233040821710457,0.6821861154276253,0.17901510929133266,0.6794395488002438,0.18,-0.10091275692793668,-0.07880874200033436,0.5157864218601604,0.10091275692793668,0.09901956423614705,0.5224168416892015,-0.039466054650401095,False
1782600876.6839278,TRACKING,Tracking AprilTag,Walk,4,71.71847534179688,0.10090429651061435,-0.062049697326284105,1.0156706462369258,1.0225549880666174,0.09902252929890233,0.5225719130970847,0.499092608265234,-0.008454760150048792,0.8665074064344809,1.1398605461731324,0.004285839551688542,0.85125531249283,0.1855593137915265,-0.5241227351768344,1.0941795254831184,0.3372198816604969,0.5301078926362907,1.1328759629106806,-0.16594618173606768,-0.20233040821710457,0.6821861154276253,0.17901510929133266,0.6794395488002438,0.18,-0.10090429651061435,-0.07888397688963965,0.5156706462369258,0.10090429651061435,0.09902252929890233,0.5225719130970847,-0.039176615592314556,False
1782600876.7338235,TRACKING,Tracking AprilTag,Walk,4,71.46176147460938,0.10089081728289036,-0.06203055708782019,1.0155334019568938,1.022416176277927,0.09902268106289713,0.5226774562662421,0.49918603133534234,-0.007973893430217077,0.8664581485237669,1.1400191277301948,0.0041581107819926855,0.8512529301606128,0.18556287532173835,-0.5241343357553906,1.0941752520332029,0.3372195692024018,0.5300962920577345,1.1328719702235253,-0.16594462659828518,-0.20233040821710457,0.6821861154276253,0.17901510929133266,0.6794395488002438,0.18,-0.10089081728289036,-0.07897171417911954,0.5155334019568938,0.10089081728289036,0.09902268106289713,0.5226774562662421,-0.03883350489223447,False
1782600876.7839153,TRACKING,Tracking AprilTag,Walk,4,71.774169921875,0.10090354018220853,-0.062022528526788634,1.0156199543880318,1.0225029145275366,0.09902670206836879,0.5226202581438691,0.4991330916801421,-0.008781895649985681,0.866480833659127,1.1398871197622953,0.004233598047102882,0.8512583606000891,0.18556632948533608,-0.5241221617122216,1.0941749306441753,0.33722599708138,0.5301084661009035,1.132874443532102,-0.1659386849096574,-0.20233040821710457,0.6821861154276253,0.17901510929133266,0.6794395488002438,0.18,-0.10090354018220853,-0.07891990111844613,0.5156199543880318,0.10090354018220853,0.09902670206836879,0.5226202581438691,-0.03904988597007941,False
1782600876.8338368,TRACKING,Tracking AprilTag,Walk,4,71.5525131225586,0.10090286459401764,-0.062023810428157515,1.0154483127583922,1.0223324395846842,0.09904267254417662,0.5234129954888002,0.49982711674647107,-0.0069247514338581905,0.8660975125137405,1.1401712757706004,0.0034357314559825824,0.8512550843951585,0.1855628123055503,-0.5241289926118251,1.0941763707967502,0.33722141122999194,0.5301016352012999,1.1328737722439695,-0.16594344447314952,-0.20233040821710457,0.6821861154276253,0.17901510929133266,0.6794395488002438,0.18,-0.10090286459401764,-0.07903109571961156,0.5154483127583922,0.10090286459401764,0.09904267254417662,0.5234129954888002,-0.038620781895980505,False
1782600876.8838115,TRACKING,Tracking AprilTag,Walk,4,71.61727905273438,0.10093227501730008,-0.06203576148122022,1.0157100107247587,1.022596003184646,0.09904599314595038,0.5226707891275897,0.4991785364090418,-0.008394419999999556,0.8664584943904644,1.1398158877522344,0.004195938121749787,0.8512577976486173,0.18555504183120888,-0.5241339905296811,1.0941844674508097,0.33721993264659406,0.5300966372834439,1.1328804467678604,-0.1659482603579751,-0.20233040821710457,0.6821861154276253,0.17901510929133266,0.6794395488002438,0.18,-0.10093227501730008,-0.07887743920296465,0.5157100107247587,0.10093227501730008,0.09904599314595038,0.5226707891275897,-0.039275026811896874,False
1782600876.9338768,TRACKING,Tracking AprilTag,Walk,4,71.548583984375,0.10091646355661106,-0.06203171772961943,1.0156115685474556,1.0224964179833018,0.09904011471934863,0.5234763681326734,0.4998798762812877,-0.007513931517286761,0.8660621514199534,1.1399631215388295,0.003356068510113497,0.8512619285692793,0.1855523956348946,-0.5241408489852327,1.0941888086214864,0.33722221761871735,0.5300897788278923,1.1328853486229697,-0.16594806369345033,-0.20233040821710457,0.6821861154276253,0.17901510929133266,0.6794395488002438,0.18,-0.10091646355661106,-0.07892074424231836,0.5156115685474556,0.10091646355661106,0.09904011471934863,0.5234763681326734,-0.039028921368639,False
1782600876.983914,TRACKING,Tracking AprilTag,Walk,4,71.52574920654297,0.1009279006891495,-0.062044468311385326,1.0157250428697262,1.0226110305968092,0.09904027239063923,0.5230208290697446,0.49948187642475345,-0.008376389780838437,0.8662838398685772,1.1398026609672862,0.0038360661590413625,0.8512720048315469,0.18555068452033088,-0.5241373782432526,1.0941952731049749,0.3372301340211556,0.5300932495698725,1.1328945886161235,-0.1659436954557214,-0.20233040821710457,0.6821861154276253,0.17901510929133266,0.6794395488002438,0.18,-0.1009279006891495,-0.07885558895297347,0.5157250428697262,0.1009279006891495,0.09904027239063923,0.5230208290697446,-0.039312607174315506,False
1782600877.0339026,TRACKING,Tracking AprilTag,Walk,4,71.59598541259766,0.10090943972311102,-0.062044188888524456,1.0156352159538937,1.0225199696268916,0.09903097568308628,0.5230329896623934,0.49949310368635563,-0.00820915269045945,0.8662789672974153,1.1399029331474557,0.0038108580813262516,0.8512769347319864,0.1855535866940645,-0.5241379718065666,1.0941951844677877,0.3372358540451217,0.5300926560065584,1.1328969677468312,-0.16593849293058466,-0.20233040821710457,0.6821861154276253,0.17901510929133266,0.6794395488002438,0.18,-0.10090943972311102,-0.07890571093429992,0.5156352159538937,0.10090943972311102,0.09903097568308628,0.5230329896623934,-0.039088039884734305,False
1782600877.0839424,TRACKING,Tracking AprilTag,Walk,4,71.858154296875,0.10090876032147722,-0.06204711124341122,1.015657739359731,1.0225424516588977,0.09902813149528965,0.5229947103310172,0.49946320244257464,-0.00737143941364155,0.8663037407784747,1.1399279559388773,0.003834317004072718,0.8512776762386187,0.18554744457065825,-0.5241381708439333,1.0942008913977679,0.33723346522486386,0.5300924569691917,1.1329010933389365,-0.1659431032453031,-0.20233040821710457,0.6821861154276253,0.17901510929133266,0.6794395488002438,0.18,-0.10090876032147722,-0.07888917476965931,0.515657739359731,0.10090876032147722,0.09902813149528965,0.5229947103310172,-0.039144348399327566,False
1782600877.133915,TRACKING,Tracking AprilTag,Walk,4,71.64464569091797,0.10090052827809505,-0.062052211513476084,1.0156357379153598,1.0225200954951394,0.09902223662926918,0.5229998601519968,0.49946800135178526,-0.007279170702553949,0.866301754182419,1.1399575522991672,0.003825092707869737,0.8512727489605189,0.18554591446195337,-0.5241406583706586,1.094199788291458,0.337228425139687,0.5300899694424666,1.1328979305428655,-0.16594717952094806,-0.20233040821710457,0.6821861154276253,0.17901510929133266,0.6794395488002438,0.18,-0.10090052827809505,-0.07889815203745923,0.5156357379153598,0.10090052827809505,0.09902223662926918,0.5229998601519968,-0.03908934478839943,False
1782600877.1839943,TRACKING,Tracking AprilTag,Walk,4,71.61174774169922,0.10092585768540535,-0.06205782594044557,1.0158624057907923,1.0227480774897824,0.09902497629883013,0.5225120187837945,0.4990395308658836,-0.008729389076199332,0.8665352528313635,1.1396453113273655,0.004339468749701869,0.851266426534801,0.1855368946837987,-0.5241358695107523,1.0942045085472027,0.3372184728208305,0.5300947583023727,1.1328979135931738,-0.16595819447340482,-0.20233040821710457,0.6821861154276253,0.17901510929133266,0.6794395488002438,0.18,-0.10092585768540535,-0.07876210657830379,0.5158624057907923,0.10092585768540535,0.09902497629883013,0.5225120187837945,-0.03965601447698086,False
1782600877.2340074,TRACKING,Tracking AprilTag,Walk,4,71.5011215209961,0.10090628073567026,-0.06204852565582108,1.0156764609070579,1.0225608882940191,0.09902390060694193,0.522669096653364,0.4991754705680656,-0.008767776142071006,0.8664565630686126,1.1398248559071793,0.004168107010987743,0.8512610553332559,0.18553071345506547,-0.5241467043380041,1.094207230432684,0.3372107495615368,0.5300839234751209,1.1328970507013212,-0.1659663377413202,-0.20233040821710457,0.6821861154276253,0.17901510929133266,0.6794395488002438,0.18,-0.10090628073567026,-0.07887950846998058,0.5156764609070579,0.10090628073567026,0.09902390060694193,0.522669096653364,-0.03919115226764469,False
1782600877.2839117,TRACKING,Tracking AprilTag,Walk,4,71.61766815185547,0.10090759218876749,-0.062069830576834524,1.015768433545216,1.022653664060357,0.09901627146701172,0.5227102532728227,0.49920963775645005,-0.009102423482631938,0.8664334270201126,1.1397125782834516,0.0041200330348691305,0.8512610951979491,0.18553786257453037,-0.524154486298678,1.0942010338158379,0.3372143151523686,0.530076141514447,1.1328929889056853,-0.16596045443319213,-0.20233037354548505,0.6822470333307488,0.1790150786150551,0.6793783975670571,0.18,-0.10090759218876749,-0.07881174195514117,0.515768433545216,0.10090759218876749,0.09901627146701172,0.5227102532728227,-0.039421083863039885,False
1782600877.3338907,TRACKING,Tracking AprilTag,Walk,4,71.7573471069336,0.10090437654915532,-0.062071015700137115,1.0157932748937235,1.0226780928112893,0.0990107310965883,0.5227736672594098,0.49926736833175056,-0.008466891836050277,0.8664066058506968,1.139725313617513,0.004044558958966438,0.8512644521150629,0.18555575653322062,-0.5241571552164026,1.0941871326228534,0.33722607183062925,0.5300734725967224,1.132885492426438,-0.16594386330758204,-0.20233037354548505,0.6822470333307488,0.1790150786150551,0.6793783975670571,0.18,-0.10090437654915532,-0.07878927269414471,0.5157932748937235,0.10090437654915532,0.0990107310965883,0.5227736672594098,-0.03948318723430877,False
1782600877.3839173,TRACKING,Tracking AprilTag,Walk,4,71.59403228759766,0.10091242490218605,-0.062079421921526844,1.0159009169651416,1.0227863145429574,0.0990081535881862,0.5223371824559528,0.4988861465254731,-0.00914974600706271,0.866619232969688,1.1395836450385075,0.004503298509673737,0.8512732625842729,0.18556393676730046,-0.5241629862439997,1.0941843712047592,0.33723777290611023,0.5300676415691253,1.1328880297722146,-0.16593211160669613,-0.20233254771663164,0.6823153999771417,0.17895596678888806,0.6793246624694148,0.18,-0.10091242490218605,-0.07872528802181991,0.5159009169651416,0.10091242490218605,0.0990081535881862,0.5223371824559528,-0.03975229241285405,False
1782600877.4338253,TRACKING,Tracking AprilTag,Walk,4,71.61061096191406,0.10085586905929919,-0.06205518975233049,1.0153252889870343,1.0222075109074034,0.09900876116652953,0.5232277250326711,0.4996656035692089,-0.007219697654283556,0.8661882939497618,1.1402775841374766,0.0035854591889534215,0.8512897703217815,0.18556883450696052,-0.5241713072405021,1.0941882656394888,0.33725454570043817,0.530059320572623,1.1328987569029803,-0.1659186423113556,-0.20233254771663164,0.6823153999771417,0.17895596678888806,0.6793246624694148,0.18,-0.10085586905929919,-0.0790846149346838,0.5153252889870343,0.10085586905929919,0.09900876116652953,0.5232277250326711,-0.03831322246758584,False
1782600877.4838133,TRACKING,Tracking AprilTag,Walk,4,71.64799499511719,0.100887826749205,-0.06205875175079855,1.0156964380923341,1.0225795307009131,0.0990039744027897,0.5223810715018858,0.49892483372790275,-0.0090056690023068,0.8665984700052299,1.1397916212711268,0.004439155540017836,0.8513035883198297,0.185567915646888,-0.524164183360299,1.0941958892730175,0.3372661069108294,0.530066444452826,1.1329106104332742,-0.16591148164145292,-0.20233254771663164,0.6823153999771417,0.17895596678888806,0.6793246624694148,0.18,-0.100887826749205,-0.07885417427571509,0.5156964380923341,0.100887826749205,0.0990039744027897,0.5223810715018858,-0.0392410952308353,False
1782600877.5338023,TRACKING,Tracking AprilTag,Walk,4,71.56375885009766,0.10089547635883128,-0.06204938477023635,1.0156741805755536,1.022557609324708,0.09901358779728417,0.5228906918436683,0.49936583725470324,-0.0091310605244188,0.8663431100416328,1.1398096391566381,0.003941900392885445,0.8513097466641796,0.18557449780744897,-0.5241507104316521,1.0941932075364558,0.3372747126258953,0.530079917381473,1.1329118889604843,-0.16590255889462502,-0.20233254771663164,0.6823153999771417,0.17895596678888806,0.6793246624694148,0.18,-0.10089547635883128,-0.0788673751110135,0.5156741805755536,0.10089547635883128,0.09901358779728417,0.5228906918436683,-0.03918545143888397,False
1782600877.5839128,TRACKING,Tracking AprilTag,Walk,4,71.51004791259766,0.10090759514341534,-0.06204470201990196,1.0156839536511029,1.0225682282912478,0.09902445633209746,0.5227636619446032,0.49926073900684625,-0.007969895255514003,0.866415140250881,1.1398658075106671,0.00406898935752581,0.8513109143548474,0.18557283940614402,-0.5241380432931189,1.0941952262691343,0.33727490887766315,0.5300925845200062,1.1329137959793898,-0.16590324960098674,-0.20233254771663164,0.6823153999771417,0.17895596678888806,0.6793246624694148,0.18,-0.10090759514341534,-0.07887325939336276,0.5156839536511029,0.10090759514341534,0.09902445633209746,0.5227636619446032,-0.039209884127757166,False
1782600877.6338322,TRACKING,Tracking AprilTag,Walk,4,71.59746551513672,0.10090859460975689,-0.062041406492482964,1.0157032475900685,1.0225872910175904,0.09902356196772247,0.5228237911841632,0.4993118385244568,-0.008216465885664714,0.8663833894977884,1.1398275705578889,0.004000393627916821,0.8512994398452103,0.18556311139711149,-0.5241589000517086,1.0941980177480661,0.3372601269232415,0.5300717277614164,1.132909961240072,-0.1659177958481149,-0.20233258389687955,0.6822544865156319,0.17895599878903495,0.6793858194136249,0.18,-0.10090859460975689,-0.07885866647227127,0.5157032475900685,0.10090859460975689,0.09902356196772247,0.5228237911841632,-0.039258118975171175,False
1782600877.6838489,TRACKING,Tracking AprilTag,Walk,4,71.67414855957031,0.10089771076961294,-0.06204383370719988,1.0157546005007678,1.0226373715927408,0.0990079780256863,0.522655690327344,0.49916661677117863,-0.008112165064525528,0.8664680498894238,1.1397863382789035,0.004159596269949828,0.8512894687484194,0.1855606519647152,-0.5241501581765796,1.0941952315815318,0.3372502421442875,0.5300804696365454,1.1329031960298155,-0.16592552265270094,-0.20233258389687955,0.6822544865156319,0.17895599878903495,0.6793858194136249,0.18,-0.10089771076961294,-0.07881439072241726,0.5157546005007678,0.10089771076961294,0.0990079780256863,0.522655690327344,-0.03938650125191956,False
1782600877.733796,TRACKING,Tracking AprilTag,Walk,4,71.43414306640625,0.10090404582714647,-0.06204685344238662,1.0156885975971368,1.0225726212720672,0.09902054618554335,0.5229608732648046,0.4994300842379203,-0.008341070113875604,0.8663140409271104,1.1398366974209861,0.0038625911515339784,0.8512795211586078,0.18556782606532612,-0.5241577558486695,1.0941840804706358,0.3372451357768485,0.5300728719644556,1.1328909327306433,-0.16592533892449485,-0.20233037354548505,0.6822470333307488,0.1790150786150551,0.6793783975670571,0.18,-0.10090404582714647,-0.07886283819236554,0.5156885975971368,0.10090404582714647,0.09902054618554335,0.5229608732648046,-0.03922149399284203,False
1782600877.7838147,TRACKING,Tracking AprilTag,Walk,4,71.45472717285156,0.10091106831724075,-0.06205243005790781,1.0157250103789,1.022609820261,0.09902386575220509,0.5229469834563619,0.49941734890398215,-0.008507991852985605,0.8663197594931952,1.1397851802098775,0.0038718388149051597,0.8512781326379787,0.18557830512360088,-0.524165803933068,1.0941742829287215,0.3372491040036945,0.530064823880057,1.1328837928819768,-0.16591754397658726,-0.20233037354548505,0.6822470333307488,0.1790150786150551,0.6793783975670571,0.18,-0.10091106831724075,-0.07884229574890245,0.5157250103789,0.10091106831724075,0.09902386575220509,0.5229469834563619,-0.03931252594724988,False
1782600877.8338456,TRACKING,Tracking AprilTag,Walk,4,71.57616424560547,0.10087087283709545,-0.06206605758710052,1.015542271138435,1.0224251723037403,0.09900237459065447,0.5227340443516001,0.49923607132979364,-0.0077161322979159815,0.866431651306411,1.140032782004552,0.0040891553530045255,0.8512816148974234,0.1855906019716172,-0.524159465263487,1.0941653104443625,0.33725820527428707,0.530071162549638,1.1328796047533076,-0.1659054692848636,-0.20233037354548505,0.6822470333307488,0.1790150786150551,0.6793783975670571,0.18,-0.10087087283709545,-0.07894654431833495,0.515542271138435,0.10087087283709545,0.09900237459065447,0.5227340443516001,-0.038855677846087455,False
1782600877.8839266,TRACKING,Tracking AprilTag,Walk,4,71.74970245361328,0.10091917792130913,-0.0620646102718187,1.0158466982656429,1.0227322282482907,0.09901998618549832,0.5223025800446127,0.4988560475458527,-0.00917415396070451,0.8666363012971676,1.1396388141488654,0.004556914571791859,0.8512885374256838,0.1855925424891804,-0.524149131709621,1.0941670421395506,0.33726518297001745,0.5300814961035041,1.132884168100644,-0.1658999138490555,-0.20233037354548505,0.6822470333307488,0.1790150786150551,0.6793783975670571,0.18,-0.10091917792130913,-0.07877202333028127,0.5158466982656429,0.10091917792130913,0.09901998618549832,0.5223025800446127,-0.03961674566410722,False
1782600877.9340267,TRACKING,Tracking AprilTag,Walk,4,71.58342742919922,0.10095211458115215,-0.06204701210312354,1.0157950943501144,1.0226831546745498,0.09905709122375315,0.5224956016680832,0.4990231837238764,-0.009203390690988598,0.8665397623340059,1.139675341991124,0.004378484206949418,0.8512873081057799,0.18558776648499062,-0.5241523004284868,1.0941705878158339,0.33726175519768825,0.5300783273846382,1.132885895701855,-0.16590453303053093,-0.20233037354548505,0.6822470333307488,0.1790150786150551,0.6793783975670571,0.18,-0.10095211458115215,-0.07883529794404388,0.5157950943501144,0.10095211458115215,0.09905709122375315,0.5224956016680832,-0.03948773587528598,False
1782600877.983844,TRACKING,Tracking AprilTag,Walk,4,71.53981018066406,0.10093793894714755,-0.0620369821019053,1.0156649771567665,1.0225519060126314,0.09905587811613839,0.5228028816159214,0.49928903276093906,-0.009289526302840998,0.8663856915171873,1.139798551777673,0.004060710038696291,0.8512794357061482,0.18557395828098663,-0.524137777807146,1.0941787061787402,0.3372480901562504,0.530092850005979,1.1328873506120654,-0.16592036099344654,-0.20233040821710457,0.6821861154276253,0.17901510929133266,0.6794395488002438,0.18,-0.10093793894714755,-0.07891317130701815,0.5156649771567665,0.10093793894714755,0.09905587811613839,0.5228028816159214,-0.03916244289191628,False
1782600878.033911,TRACKING,Tracking AprilTag,Walk,4,71.53762817382812,0.10094245616603073,-0.0620509289425764,1.0157054774537582,1.022593425643366,0.09905635801814963,0.5230218921897806,0.49948451497359964,-0.007955307707679885,0.8662862877714641,1.1398452827725027,0.0038469491709642867,0.8512705130942995,0.18556251979324342,-0.5241205047615594,1.094184245328274,0.3372346823291895,0.5301101230515657,1.13288658741872,-0.16593484786819468,-0.20233040821710457,0.6821861154276253,0.17901510929133266,0.6794395488002438,0.18,-0.10094245616603073,-0.07888283654682401,0.5157054774537582,0.10094245616603073,0.09905635801814963,0.5230218921897806,-0.039263693634395413,False
1782600878.0838354,TRACKING,Tracking AprilTag,Walk,4,71.4512939453125,0.10096099110261651,-0.06205474729769505,1.0158707822367379,1.0227596783159205,0.09905841150315056,0.5228399903957073,0.4993205485176014,-0.009425295193957014,0.866366062146128,1.1395843730860056,0.004029482568459697,0.8512646061078494,0.18554942730193505,-0.5241228525618488,1.094192712075725,0.3372230797430474,0.5301077752512763,1.132889243566456,-0.16594896348708976,-0.20233040821710457,0.6821861154276253,0.17901510929133266,0.6794395488002438,0.18,-0.10096099110261651,-0.07878022081255001,0.5158707822367379,0.10096099110261651,0.09905841150315056,0.5228399903957073,-0.0396769555918447,False
1782600878.1338012,TRACKING,Tracking AprilTag,Walk,4,71.90909576416016,0.1009236867614736,-0.062094986436630875,1.0156362180565457,1.0225254546065328,0.09904476916624468,0.5229914509027511,0.49945680943898507,-0.008284328631221029,0.8662991777695275,1.1399014611564353,0.003879365454822037,0.8512611670652966,0.18553081127779747,-0.5241395316814241,1.0942072005579178,0.33721089502917634,0.5300910961317009,1.132897086267984,-0.16596619355966974,-0.20233040821710457,0.6821861154276253,0.17901510929133266,0.6794395488002438,0.18,-0.1009236867614736,-0.07891828178958943,0.5156362180565457,0.1009236867614736,0.09904476916624468,0.5229914509027511,-0.03909054514136423,False
1782600878.1839008,TRACKING,Tracking AprilTag,Walk,4,71.63020324707031,0.10086876474588521,-0.062073907325477636,1.0153180844492666,1.0222027637811104,0.09902203614747371,0.5232093557933867,0.4996488538398179,-0.007448483603452117,0.866196018778986,1.1402649294294724,0.003609718597327838,0.8512581143406196,0.18551694199097163,-0.5241258517063703,1.094217752455922,0.33720139062527493,0.5301047761067548,1.1329025270808963,-0.1659793112500101,-0.20233040821710457,0.6821861154276253,0.17901510929133266,0.6794395488002438,0.18,-0.10086876474588521,-0.07910162616186449,0.5153180844492666,0.10086876474588521,0.09902203614747371,0.5232093557933867,-0.038295211123166584,False
