stamp_sec,state,message,requested_mode,tag_id,tag_margin,tag_x_camera_m,tag_y_camera_m,tag_z_camera_m,tag_range_m,tag_bearing_rad,tag_face_yaw_error_rad,tag_face_normal_x_camera,tag_face_normal_y_camera,tag_face_normal_z_camera,tag_rotation_camera_tag_00,tag_rotation_camera_tag_01,tag_rotation_camera_tag_02,tag_rotation_camera_tag_10,tag_rotation_camera_tag_11,tag_rotation_camera_tag_12,tag_rotation_camera_tag_20,tag_rotation_camera_tag_21,tag_rotation_camera_tag_22,tag_aligned_rel_x_m,tag_aligned_rel_y_m,odom_x,odom_y,odom_yaw,odom_rel_x,odom_rel_y,odom_rel_yaw,odom_tag_aligned_rel_x_m,odom_tag_aligned_rel_y_m,imu_x,imu_y,imu_z,imu_w,cmd_heading,cmd_lateral,cmd_turning,range_error_m,lateral_error_m,yaw_error_rad,cmd_face_yaw_error_rad,cmd_face_blend,target_reached
1782605562.515758,TRACKING,Tracking AprilTag,Walk,2,70.72850036621094,1.9505998260073503,-0.07453043842038108,5.313054953623811,5.660295699669546,0.35185613493453943,0.9067021128227148,0.7874498678334012,-0.008050370198693757,0.6163261289194406,0.6163579899086439,-0.005053110421803435,0.7874498678334012,0.018481704961553568,0.9997967884132145,-0.008050370198693757,-0.7872491694866943,0.019515326122998607,0.6163261289194406,0.0576246808716162,-0.09366706048529937,1.9009917225075375,-2.305553750510135,-1.7995501295652325,-2.6887988251813047e-06,-6.7260896940666725e-06,-7.211833159104231e-06,3.5175050806065374e-06,-6.33222549368178e-06,-0.07531694188629195,0.7089191896347496,0.052673031481256044,0.6992756914029554,0.5,-0.4,0.13668053497027194,4.813054953623811,1.9505998260073503,0.35185613493453943,0.9067021128227148,-1.0,False
1782605562.565873,TRACKING,Tracking AprilTag,Walk,2,71.26386260986328,1.949715909292171,-0.07439545454502874,5.310766033705825,5.657840813894242,0.35184890398978264,0.9065631557407453,0.7873746196086427,-0.006195725114961054,0.6164436887392432,0.6164465143909429,-0.005907900761029585,0.7873746196086427,0.01749582407921815,0.9998277397282438,-0.006195725114961054,-0.7872023825135733,0.017595100980356288,0.6164436887392432,0.05929970483287629,-0.09168578923209936,1.9009677270166427,-2.305536520845202,-1.7995455723172729,-1.402851060086522e-05,-3.4003477285738214e-05,-2.6545851994352883e-06,1.7507666230236195e-05,-3.234991808909181e-05,-0.07531694188629195,0.7089191896347496,0.052673031481256044,0.6992756914029554,0.5,-0.4,0.13661756427956828,4.810766033705825,1.949715909292171,0.35184890398978264,0.9065631557407453,-1.0,False
1782605562.6157546,TRACKING,Tracking AprilTag,Walk,2,71.1463623046875,1.950644583455595,-0.07445723242571121,5.3132001488347695,5.66044644811723,0.35185471710926797,0.9074856413692594,0.7879444374999778,-0.00588206458162445,0.6157182510930639,0.6157184473435143,-0.0058614856252966,0.7879444374999778,0.017045571282857264,0.9998374116904701,-0.00588206458162445,-0.7877818493088888,0.017052658747708827,0.6157182510930639,0.0598105955734275,-0.0974405011012095,1.9009426872954172,-2.3055178665264355,-1.799540994148903,-2.6518979465543366e-05,-6.262094459576525e-05,1.923583170526655e-06,3.1810253966706425e-05,-6.010612877680153e-05,-0.07531694188629195,0.7089191896347496,0.052673031481256044,0.6992756914029554,0.5,-0.4,0.1370735752862885,4.8132001488347695,1.950644583455595,0.35185471710926797,0.9074856413692594,-1.0,False
1782605562.6658268,TRACKING,Tracking AprilTag,Walk,2,71.66191101074219,1.9494524528312382,-0.07434464975411219,5.310188671816397,5.657207413829194,0.3518403587878615,0.9077930066749269,0.7881155078598714,-0.008979787516238777,0.6154618669641035,0.6155115826954038,-0.004408836419701245,0.7881155078598714,0.01865927656621126,0.9997855744179291,-0.008979787516238777,-0.7879069253191169,0.020232828453665946,0.6154618669641035,0.06355943933671994,-0.097370269037773,1.9009244055435854,-2.3054995557777413,-1.7995423680888785,-4.020724426156584e-05,-8.457857139494373e-05,5.496431949580939e-07,4.019243288761773e-05,-8.458561088561787e-05,-0.07531694188629195,0.7089191896347496,0.052673031481256044,0.6992756914029554,0.5,-0.4,0.1372401804283881,4.810188671816397,1.9494524528312382,0.3518403587878615,0.9077930066749269,-1.0,False
1782605562.715872,TRACKING,Tracking AprilTag,Walk,2,71.95122528076172,1.950385912230248,-0.07431869369260044,5.312799348568257,5.659979274962558,0.3518362185978218,0.9081962562609631,0.7883664749043475,-0.008568322790602802,0.6151462306569463,0.6151917527170658,-0.0041723657315000905,0.7883664749043475,0.017761182221154585,0.9998055432186116,-0.008568322790602802,-0.7881774215206951,0.019273482133221928,0.6151462306569463,0.06239854161045404,-0.10075750022241936,1.9009137848431161,-2.3054824034465717,-1.7995414686727804,-5.450446329505493e-05,-9.881202743763736e-05,1.4490592930016533e-06,4.220075884389877e-05,-0.00010465968296539736,-0.07531694188629195,0.7089191896347496,0.052673031481256044,0.6992756914029554,0.5,-0.4,0.13744553139244192,4.812799348568257,1.950385912230248,0.3518362185978218,0.9081962562609631,-1.0,False
1782605562.7658126,TRACKING,Tracking AprilTag,Walk,2,71.73380279541016,1.9508904249594279,-0.07427596896201624,5.313873973388389,5.661161274404583,0.35185446157515127,0.9080351215527224,0.7882752322271697,-0.0073076371301851045,0.6152794135161481,0.6153019135661044,-0.005070840077520242,0.7882752322271697,0.017601681700856298,0.999818373126277,-0.0073076371301851045,-0.7880950044018752,0.01837137284018083,0.6152794135161481,0.06085264983528996,-0.10050330215328475,1.9007954418593034,-2.3055046186390733,-1.799233909905344,-6.03285274449558e-06,-0.00020903489061139304,0.00030900782672937943,0.00015827591252737995,-0.00013667741700361106,-0.0754412943857601,0.7089406426299382,0.052735662094900264,0.6992358159249739,0.5,-0.4,0.13734854535872504,4.813873973388389,1.9508904249594279,0.35185446157515127,0.9080351215527224,-1.0,False
1782605562.8158805,TRACKING,Tracking AprilTag,Walk,2,67.28282928466797,1.9450824766501682,-0.07206369706439986,5.285914317371122,5.632888174639645,0.3525972798123934,-0.18635159065650989,-0.18506110113977614,-0.04802601226491042,0.9815527958244856,0.9827269800271077,-0.0002675289409833437,-0.18506110113977614,-0.008772056693282963,0.9988075656337914,-0.04802601226491042,0.18485327627112957,0.04881982446675974,0.9815527958244856,0.039113119882915104,5.773066152539091,1.900146810636465,-2.305710944527931,-1.797582808880951,0.0003420001641665562,-0.000793984336968549,0.0019601088511225218,0.0008316181278759346,-0.00023619172091642683,-0.07580585736474217,0.7090472182014572,0.05340589790189163,0.6990374270518456,0.5,-0.4,-0.410513347159409,4.785914317371122,1.9450824766501682,0.3525972798123934,-0.18635159065650989,-1.0,False
1782605562.8658843,TRACKING,Tracking AprilTag,Walk,2,69.9803695678711,1.9705871532440342,-0.07159218460341904,5.338764443787919,5.691286757463627,0.35359617114904907,-0.18645783796340634,-0.18531797108517095,-0.02572046012492867,0.9823419504041542,0.9826751315860945,-0.0026144512096130433,-0.18531797108517095,-0.0021908394862080356,0.9996667735567225,-0.02572046012492867,0.1853234631248763,0.02568085846627653,0.9823419504041542,-0.011115426999716682,5.812245247513102,1.8983821722289662,-2.30641043291467,-1.7927643780168332,0.0014234118530469628,-0.002354042499844321,0.006778539715240228,0.00272416649031488,-0.0003827980244376875,-0.07672098433867788,0.7093486714272986,0.05529770231570578,0.6984844429370165,0.5,-0.4,-0.41146547301584735,4.838764443787919,1.9705871532440342,0.35359617114904907,-0.18645783796340634,-1.0,False
1782605562.9157927,TRACKING,Tracking AprilTag,Walk,2,42.397159576416016,1.996158022165097,-0.05184040585581502,5.293890810013917,5.657969086649659,0.36058267637784847,-0.23370403212346774,-0.2314119163237984,-0.03836881304582604,0.9720989451536308,0.9728331467950078,-0.006647817707356417,-0.2314119163237984,-0.0022985396574948095,0.9992610023917161,-0.03836881304582604,0.231495972345883,0.03785836260104741,0.9720989451536308,0.18441868026579034,6.05231124068302,1.8951775674324551,-2.3080004842600728,-1.784601694150791,0.003698710939438255,-0.005114616579688225,0.01494122358128247,0.0063014996358164484,-0.0003617564243341832,-0.07995673009250771,0.709539684981223,0.05883838764059346,0.6976377289750864,0.5,-0.4,-0.4413764248017975,4.793890810013917,1.996158022165097,0.36058267637784847,-0.23370403212346774,-1.0,False
1782605562.9659781,TRACKING,Tracking AprilTag,Walk,2,42.397159576416016,1.996158022165097,-0.05184040585581502,5.293890810013917,5.657969086649659,0.36058267637784847,-0.23370403212346774,-0.2314119163237984,-0.03836881304582604,0.9720989451536308,0.9728331467950078,-0.006647817707356417,-0.2314119163237984,-0.0022985396574948095,0.9992610023917161,-0.03836881304582604,0.231495972345883,0.03785836260104741,0.9720989451536308,0.18441868026579034,6.05231124068302,1.8906574074053384,-2.310905510141289,-1.775485808848436,0.0075530425703590675,-0.008858297885590843,0.024057108883637435,0.011638247172006207,0.00026286167999354983,-0.08355440367515686,0.708534019185461,0.06048386708698353,0.6980973478717635,0.5,-0.4,-0.4413764248017975,4.793890810013917,1.996158022165097,0.36058267637784847,-0.23370403212346774,-1.0,False
1782605563.0158887,TRACKING,Tracking AprilTag,Walk,2,42.397159576416016,1.996158022165097,-0.05184040585581502,5.293890810013917,5.657969086649659,0.36058267637784847,-0.23370403212346774,-0.2314119163237984,-0.03836881304582604,0.9720989451536308,0.9728331467950078,-0.006647817707356417,-0.2314119163237984,-0.0022985396574948095,0.9992610023917161,-0.03836881304582604,0.231495972345883,0.03785836260104741,0.9720989451536308,0.18441868026579034,6.05231124068302,1.8859841834265505,-2.3147697217471523,-1.7674894621435553,0.012376282774388417,-0.012533554016126568,0.03205345558851813,0.017533775901969556,0.0016819792526358759,-0.08612136198231386,0.7074647106569809,0.06268365609910442,0.6986755709507774,0.5,-0.4,-0.4413764248017975,4.793890810013917,1.996158022165097,0.36058267637784847,-0.23370403212346774,-1.0,False
1782605563.065932,TRACKING,Tracking AprilTag,Walk,2,37.18241882324219,2.1149812226922,-0.06683296376120137,5.227590702062497,5.639620267861655,0.38444883036529126,-0.21589293995584155,-0.2130214183450757,-0.10562359680296846,0.9713215384848913,0.9770010091975784,0.00953432499790257,-0.2130214183450757,-0.03272866996701999,0.9938674408393676,-0.10562359680296846,0.21070800219522579,0.11016626836850077,0.9713215384848913,0.2395913310506752,6.0471482918345565,1.8819173635540514,-2.3194424956265904,-1.7616335585103142,0.017849516978873697,-0.015434854922024678,0.0379093592217592,0.023239632971465977,0.004093832213782249,-0.08929407134262306,0.7060518231657305,0.06536838715512597,0.6994600530324404,0.5,-0.4,-0.45395041730668295,4.727590702062497,2.1149812226922,0.38444883036529126,-0.21589293995584155,-1.0,False
1782605563.1158266,TRACKING,Tracking AprilTag,Walk,2,66.86101531982422,2.1589794197826255,-0.0883816775233793,5.215908452034158,5.645768719666804,0.39245021842942507,-0.15893809261241837,-0.15820601095468087,-0.02838268736352697,0.9869981160852495,0.9873993442188744,0.0036596630915929325,-0.15820601095468087,-0.00825236096582211,0.9995630653423094,-0.02838268736352697,0.15803301419205526,0.0293306199992767,0.9869981160852495,0.06109514266247773,5.842792249173793,1.8772249383579775,-2.3260165483159563,-1.7591500811273355,0.02531636465289857,-0.018514336825887084,0.040392836604737914,0.030342561263748145,0.007939015259880854,-0.09002704545995246,0.7060561775462577,0.06622328428749046,0.6992812609048646,0.5,-0.4,-0.43267424289269174,4.715908452034158,2.1589794197826255,0.39245021842942507,-0.15893809261241837,-1.0,False
1782605563.1658309,TRACKING,Tracking AprilTag,Walk,2,71.58087921142578,2.180170015027637,-0.08398673317394133,5.239906918633015,5.675986221064405,0.3942829258092323,-0.11102004801032771,-0.11067766086537877,-0.0454449768285023,0.9928168055922628,0.9938544931452212,0.0019240167420356284,-0.11067766086537877,-0.006994711596368271,0.9989423547386208,-0.0454449768285023,0.11047316626556451,0.04593985272980145,0.9928168055922628,-0.09398183944917449,5.630559833057619,1.8714048965843655,-2.3353778241136673,-1.7598884769377277,0.0357535270048398,-0.022060040260555712,0.03965444079434577,0.03968266602246465,0.013792972374824701,-0.08929458095704021,0.707642769388875,0.06701671216051275,0.6976940225016587,0.5,-0.4,-0.41036465723347293,4.739906918633015,2.180170015027637,0.3942829258092323,-0.11102004801032771,-1.0,False
1782605563.215798,TRACKING,Tracking AprilTag,Walk,2,66.03684997558594,2.194936600056961,-0.06945580680701595,5.275112227382676,5.713963580462431,0.3943021068450469,-0.11690377623217064,-0.11648826837948148,-0.05059989583189985,0.9919022804045521,0.9931509759226397,0.009034509054631292,-0.11648826837948148,-0.015019075815707099,0.9986060674277134,-0.05059989583189985,0.11586874637084135,0.05200288206146713,0.9919022804045521,-0.10890597718121064,5.675257413803447,1.8639866861172492,-2.3477223965203278,-1.7637717846491978,0.049458671050133074,-0.026485799080857447,0.035771133082875606,0.05176880188299621,0.02162519009386759,-0.0888679560566399,0.7092956849822886,0.06591853883322189,0.6961730128997491,0.5,-0.4,-0.4133237842766275,4.775112227382676,2.194936600056961,0.3943021068450469,-0.11690377623217064,-1.0,False
1782605563.266005,TRACKING,Tracking AprilTag,Walk,2,48.407081604003906,2.1398785114510335,-0.04396440043231433,5.205741893404047,5.628566564678543,0.39000537670903734,-0.16836827039838376,-0.1674488581642604,-0.03862668512573721,0.985123778565761,0.9858759380772276,-0.0030845777396580364,-0.1674488581642604,-0.0034342422185460737,0.9992478096931618,-0.03862668512573721,0.16744205176935376,0.03865617937130491,0.985123778565761,0.0990765211696063,5.865952756300852,1.853673320473588,-2.3627691239617974,-1.7720055063414666,0.06645207925424226,-0.033118565864503575,0.027537411390606836,0.0676426946044884,0.03061346286811527,-0.08611956537535427,0.7105016729514522,0.06243821075760979,0.695609274686685,0.5,-0.4,-0.4351889742373255,4.705741893404047,2.1398785114510335,0.39000537670903734,-0.16836827039838376,-1.0,False
1782605563.3158934,TRACKING,Tracking AprilTag,Walk,2,48.407081604003906,2.1398785114510335,-0.04396440043231433,5.205741893404047,5.628566564678543,0.39000537670903734,-0.16836827039838376,-0.1674488581642604,-0.03862668512573721,0.985123778565761,0.9858759380772276,-0.0030845777396580364,-0.1674488581642604,-0.0034342422185460737,0.9992478096931618,-0.03862668512573721,0.16744205176935376,0.03865617937130491,0.985123778565761,0.0990765211696063,5.865952756300852,1.8423102936996238,-2.378696814033493,-1.7843531892504385,0.08454152017563686,-0.040573887161214975,0.015189728481634912,0.08484650871147462,0.039932178909399374,-0.08288586121992186,0.7112436971986373,0.05883797512224204,0.695557639515633,0.5,-0.4,-0.4351889742373255,4.705741893404047,2.1398785114510335,0.39000537670903734,-0.16836827039838376,-1.0,False
1782605563.365843,TRACKING,Tracking AprilTag,Walk,2,48.407081604003906,2.1398785114510335,-0.04396440043231433,5.205741893404047,5.628566564678543,0.39000537670903734,-0.16836827039838376,-0.1674488581642604,-0.03862668512573721,0.985123778565761,0.9858759380772276,-0.0030845777396580364,-0.1674488581642604,-0.0034342422185460737,0.9992478096931618,-0.03862668512573721,0.16744205176935376,0.03865617937130491,0.985123778565761,0.0990765211696063,5.865952756300852,1.8304317258695697,-2.394022561998702,-1.7973209416971119,0.10216160126583136,-0.048667814932159416,0.002221976034961548,0.10224911047210561,0.04848369201218875,-0.07617188933000256,0.7120973019336057,0.05377198277222136,0.6958619473167942,0.5,-0.4,-0.4351889742373255,4.705741893404047,2.1398785114510335,0.39000537670903734,-0.16836827039838376,-1.0,False
1782605563.4159384,TRACKING,Tracking AprilTag,Walk,2,48.407081604003906,2.1398785114510335,-0.04396440043231433,5.205741893404047,5.628566564678543,0.39000537670903734,-0.16836827039838376,-0.1674488581642604,-0.03862668512573721,0.985123778565761,0.9858759380772276,-0.0030845777396580364,-0.1674488581642604,-0.0034342422185460737,0.9992478096931618,-0.03862668512573721,0.16744205176935376,0.03865617937130491,0.985123778565761,0.0990765211696063,5.865952756300852,1.8174294882905064,-2.408248123918283,-1.80945899895756,0.11896495455617273,-0.05810561722878646,-0.009916081225486595,0.12017801124149274,0.05555329675302928,-0.07049602959837871,0.7122235232757413,0.05102569761406459,0.6965373937460588,0.5,-0.4,-0.4351889742373255,4.705741893404047,2.1398785114510335,0.39000537670903734,-0.16836827039838376,-1.0,False
1782605563.4658334,TRACKING,Tracking AprilTag,Walk,2,48.407081604003906,2.1398785114510335,-0.04396440043231433,5.205741893404047,5.628566564678543,0.39000537670903734,-0.16836827039838376,-0.1674488581642604,-0.03862668512573721,0.985123778565761,0.9858759380772276,-0.0030845777396580364,-0.1674488581642604,-0.0034342422185460737,0.9992478096931618,-0.03862668512573721,0.16744205176935376,0.03865617937130491,0.985123778565761,0.0990765211696063,5.865952756300852,1.8035447966255267,-2.4228372999598107,-1.8230882857111799,0.13632255291248876,-0.06832043487292742,-0.023545367979106446,0.13905939897594666,0.06256199973028914,-0.06567314200339974,0.7119066248398277,0.0486445113166446,0.6975024784524648,0.5,-0.4,-0.4351889742373255,4.705741893404047,2.1398785114510335,0.39000537670903734,-0.16836827039838376,-1.0,False
1782605563.5158942,TRACKING,Tracking AprilTag,Walk,2,48.407081604003906,2.1398785114510335,-0.04396440043231433,5.205741893404047,5.628566564678543,0.39000537670903734,-0.16836827039838376,-0.1674488581642604,-0.03862668512573721,0.985123778565761,0.9858759380772276,-0.0030845777396580364,-0.1674488581642604,-0.0034342422185460737,0.9992478096931618,-0.03862668512573721,0.16744205176935376,0.03865617937130491,0.985123778565761,0.0990765211696063,5.865952756300852,1.78867867725492,-2.4389505670643428,-1.8395405814147738,0.1553870874074378,-0.07914551715501766,-0.03999766368270041,0.15949186671495957,0.07050889497417674,-0.061096148162096575,0.711364242586649,0.0457152996737366,0.6986689390724471,0.5,-0.4,-0.4351889742373255,4.705741893404047,2.1398785114510335,0.39000537670903734,-0.16836827039838376,-1.0,False
1782605563.565968,TRACKING,Tracking AprilTag,Walk,2,48.407081604003906,2.1398785114510335,-0.04396440043231433,5.205741893404047,5.628566564678543,0.39000537670903734,-0.16836827039838376,-0.1674488581642604,-0.03862668512573721,0.985123778565761,0.9858759380772276,-0.0030845777396580364,-0.1674488581642604,-0.0034342422185460737,0.9992478096931618,-0.03862668512573721,0.16744205176935376,0.03865617937130491,0.985123778565761,0.0990765211696063,5.865952756300852,1.7722273949250786,-2.456928053307053,-1.858645768877426,0.17662672740911944,-0.09109174645559404,-0.05910285114535264,0.18216718779627414,0.0794343930421993,-0.04943697175626297,0.7121365264840448,0.03814581154032637,0.6992585005080306,0.5,-0.4,-0.4351889742373255,4.705741893404047,2.1398785114510335,0.39000537670903734,-0.16836827039838376,-1.0,False
1782605563.6159527,TRACKING,Tracking AprilTag,Walk,2,48.407081604003906,2.1398785114510335,-0.04396440043231433,5.205741893404047,5.628566564678543,0.39000537670903734,-0.16836827039838376,-0.1674488581642604,-0.03862668512573721,0.985123778565761,0.9858759380772276,-0.0030845777396580364,-0.1674488581642604,-0.0034342422185460737,0.9992478096931618,-0.03862668512573721,0.16744205176935376,0.03865617937130491,0.985123778565761,0.0990765211696063,5.865952756300852,1.7541559308619195,-2.475969602964777,-1.8784510277966342,0.19927010089752922,-0.10437467022327404,-0.07890811006456078,0.2067653981955735,0.0886042606478639,-0.04791092950214808,0.7123775403172897,0.03674188479018235,0.6991944055752973,0.5,-0.4,-0.4351889742373255,4.705741893404047,2.1398785114510335,0.39000537670903734,-0.16836827039838376,-1.0,False
1782605563.66592,TRACKING,Tracking AprilTag,Walk,2,48.407081604003906,2.1398785114510335,-0.04396440043231433,5.205741893404047,5.628566564678543,0.39000537670903734,-0.16836827039838376,-0.1674488581642604,-0.03862668512573721,0.985123778565761,0.9858759380772276,-0.0030845777396580364,-0.1674488581642604,-0.0034342422185460737,0.9992478096931618,-0.03862668512573721,0.16744205176935376,0.03865617937130491,0.985123778565761,0.0990765211696063,5.865952756300852,1.7352662269515815,-2.4973559469402242,-1.900076572904019,0.22438273161158048,-0.11792282142836769,-0.10053365517194557,0.23312853096909555,0.09952130479094763,-0.032715818223433064,0.7127287488713206,0.025391381307739096,0.7002161691403435,0.5,-0.4,-0.4351889742373255,4.705741893404047,2.1398785114510335,0.39000537670903734,-0.16836827039838376,-1.0,False
1782605563.715946,TRACKING,Holding: AprilTag stale for 0.48s; will auto-resume,Walk,2,48.407081604003906,2.1398785114510335,-0.04396440043231433,5.205741893404047,5.628566564678543,0.39000537670903734,-0.16836827039838376,-0.1674488581642604,-0.03862668512573721,0.985123778565761,0.9858759380772276,-0.0030845777396580364,-0.1674488581642604,-0.0034342422185460737,0.9992478096931618,-0.03862668512573721,0.16744205176935376,0.03865617937130491,0.985123778565761,0.0990765211696063,5.865952756300852,1.7176307165149711,-2.5184721681502267,-1.9192487944182506,0.24894787880828073,-0.1303107013823388,-0.11970587668617715,0.2582462701820573,0.11074650872580742,-0.02685508113629757,0.7127582670674614,0.01763890556452272,0.7006734805561274,0.0,0.0,0.0,0.0,0.0,0.0,,0.0,False
1782605563.7679346,TRACKING,Holding: AprilTag stale for 0.53s; will auto-resume,Walk,2,48.407081604003906,2.1398785114510335,-0.04396440043231433,5.205741893404047,5.628566564678543,0.39000537670903734,-0.16836827039838376,-0.1674488581642604,-0.03862668512573721,0.985123778565761,0.9858759380772276,-0.0030845777396580364,-0.1674488581642604,-0.0034342422185460737,0.9992478096931618,-0.03862668512573721,0.16744205176935376,0.03865617937130491,0.985123778565761,0.0990765211696063,5.865952756300852,1.7176307165149711,-2.5184721681502267,-1.9192487944182506,0.24894787880828073,-0.1303107013823388,-0.11970587668617715,0.2582462701820573,0.11074650872580742,-0.02685508113629757,0.7127582670674614,0.01763890556452272,0.7006734805561274,0.0,0.0,0.0,0.0,0.0,0.0,,0.0,False
1782605563.815872,TRACKING,Holding: AprilTag stale for 0.58s; will auto-resume,Walk,2,48.407081604003906,2.1398785114510335,-0.04396440043231433,5.205741893404047,5.628566564678543,0.39000537670903734,-0.16836827039838376,-0.1674488581642604,-0.03862668512573721,0.985123778565761,0.9858759380772276,-0.0030845777396580364,-0.1674488581642604,-0.0034342422185460737,0.9992478096931618,-0.03862668512573721,0.16744205176935376,0.03865617937130491,0.985123778565761,0.0990765211696063,5.865952756300852,1.6906589116308746,-2.550691944408535,-1.956479824524335,0.28644441834133155,-0.1492738699964597,-0.1569369067922617,0.29662828691864307,0.12784659738270254,-0.019103755179085944,0.710806175129824,0.0042113709500221416,0.703115845568914,0.0,0.0,0.0,0.0,0.0,0.0,,0.0,False
1782605563.8659794,TRACKING,Holding: AprilTag stale for 0.63s; will auto-resume,Walk,2,48.407081604003906,2.1398785114510335,-0.04396440043231433,5.205741893404047,5.628566564678543,0.39000537670903734,-0.16836827039838376,-0.1674488581642604,-0.03862668512573721,0.985123778565761,0.9858759380772276,-0.0030845777396580364,-0.1674488581642604,-0.0034342422185460737,0.9992478096931618,-0.03862668512573721,0.16744205176935376,0.03865617937130491,0.985123778565761,0.0990765211696063,5.865952756300852,1.6768723141451007,-2.5657386328440186,-1.9743314694764296,0.3042253679885862,-0.1592894045678671,-0.17478855174435612,0.3156224849363733,0.13530940816500941,-0.01043688337527144,0.7098301383298646,-0.005248958890487391,0.7042760074108605,0.0,0.0,0.0,0.0,0.0,0.0,,0.0,False
1782605563.9159443,TRACKING,Holding: AprilTag stale for 0.68s; will auto-resume,Walk,2,48.407081604003906,2.1398785114510335,-0.04396440043231433,5.205741893404047,5.628566564678543,0.39000537670903734,-0.16836827039838376,-0.1674488581642604,-0.03862668512573721,0.985123778565761,0.9858759380772276,-0.0030845777396580364,-0.1674488581642604,-0.0034342422185460737,0.9992478096931618,-0.03862668512573721,0.16744205176935376,0.03865617937130491,0.985123778565761,0.0990765211696063,5.865952756300852,1.6601551486710884,-2.582206384076447,-1.9929094255297672,0.3240548903436197,-0.171836934018316,-0.19336650779769382,0.33787360475497374,0.1427617983156217,-0.01043688337527144,0.7098301383298646,-0.005248958890487391,0.7042760074108605,0.0,0.0,0.0,0.0,0.0,0.0,,0.0,False
1782605563.9659274,TRACKING,Holding: AprilTag stale for 0.73s; will auto-resume,Walk,2,48.407081604003906,2.1398785114510335,-0.04396440043231433,5.205741893404047,5.628566564678543,0.39000537670903734,-0.16836827039838376,-0.1674488581642604,-0.03862668512573721,0.985123778565761,0.9858759380772276,-0.0030845777396580364,-0.1674488581642604,-0.0034342422185460737,0.9992478096931618,-0.03862668512573721,0.16744205176935376,0.03865617937130491,0.985123778565761,0.0990765211696063,5.865952756300852,1.6406792620117723,-2.5995972014122475,-2.00905252783997,0.34540899338428316,-0.18686201212468315,-0.2095096101078966,0.3630085428589783,0.14983184607228967,0.001342738228252264,0.7099423214104699,-0.018249033193064864,0.704022066494994,0.0,0.0,0.0,0.0,0.0,0.0,,0.0,False
1782605564.0159366,TRACKING,Holding: AprilTag stale for 0.78s; will auto-resume,Walk,2,48.407081604003906,2.1398785114510335,-0.04396440043231433,5.205741893404047,5.628566564678543,0.39000537670903734,-0.16836827039838376,-0.1674488581642604,-0.03862668512573721,0.985123778565761,0.9858759380772276,-0.0030845777396580364,-0.1674488581642604,-0.0034342422185460737,0.9992478096931618,-0.03862668512573721,0.16744205176935376,0.03865617937130491,0.985123778565761,0.0990765211696063,5.865952756300852,1.6205700942021124,-2.616358795987582,-2.021275694403288,0.36629386494696015,-0.20264655591015363,-0.2217327766712145,0.388436063798392,0.1560584712882977,0.0032959064797363356,0.7070940105138046,-0.025085510429104334,0.7066667633775425,0.0,0.0,0.0,0.0,0.0,0.0,,0.0,False
1782605564.0658486,TRACKING,Holding: AprilTag stale for 0.83s; will auto-resume,Walk,2,48.407081604003906,2.1398785114510335,-0.04396440043231433,5.205741893404047,5.628566564678543,0.39000537670903734,-0.16836827039838376,-0.1674488581642604,-0.03862668512573721,0.985123778565761,0.9858759380772276,-0.0030845777396580364,-0.1674488581642604,-0.0034342422185460737,0.9992478096931618,-0.03862668512573721,0.16744205176935376,0.03865617937130491,0.985123778565761,0.0990765211696063,5.865952756300852,1.6057613061881775,-2.6301423415847944,-2.0281467438554603,0.3830763636835715,-0.21394408076419724,-0.22860382612338692,0.40779382289159355,0.16193754388196982,0.004638800420593576,0.7073560272928809,-0.028748355238152293,0.706257364035372,0.0,0.0,0.0,0.0,0.0,0.0,,0.0,False
1782605564.1158946,TRACKING,Holding: AprilTag stale for 0.88s; will auto-resume,Walk,2,48.407081604003906,2.1398785114510335,-0.04396440043231433,5.205741893404047,5.628566564678543,0.39000537670903734,-0.16836827039838376,-0.1674488581642604,-0.03862668512573721,0.985123778565761,0.9858759380772276,-0.0030845777396580364,-0.1674488581642604,-0.0034342422185460737,0.9992478096931618,-0.03862668512573721,0.16744205176935376,0.03865617937130491,0.985123778565761,0.0990765211696063,5.865952756300852,1.5984189937150246,-2.6371941121128946,-2.0293489988285143,0.3916093656423927,-0.21949609819979238,-0.22980608109644085,0.4174871991514545,0.16504808671548987,0.0049438001680094405,0.7082451499948339,-0.029906939287958345,0.7053154906360135,0.0,0.0,0.0,0.0,0.0,0.0,,0.0,False
1782605564.1658256,TRACKING,Tracking AprilTag,Walk,2,53.85710525512695,0.4572153862390477,-0.15035183406951,5.307502847084801,5.329281194986343,0.08593295442991947,-0.40280433945575667,-0.3890752474547504,-0.12192378640875333,0.9131018793791728,0.9211815399372452,-0.006709865637270655,-0.3890752474547504,-0.044273954872336256,0.9915515151658612,-0.12192378640875333,0.38660624335208016,0.12953984126674983,0.9131018793791728,0.18699581285637779,5.3568937950105315,1.5913171131791561,-2.6431299508528605,-2.03012208996417,0.3990009846860993,-0.22506699189877294,-0.23057917223209642,0.42647446142271156,0.16726168233354358,0.005737416846264825,0.7102189619482714,-0.02990781121989111,0.7033218544628679,0.5,-0.4,-0.27874182871480585,4.807502847084801,0.4572153862390477,0.08593295442991947,-0.40280433945575667,-1.0,False
1782605564.215884,TRACKING,Tracking AprilTag,Walk,2,68.30005645751953,0.4394619615343461,-0.11616286608693493,5.200318066258566,5.220146417232794,0.08430643905876656,-0.4372649967702106,-0.42308449518972613,-0.04229231122086229,0.9051026849709664,0.9060793724048801,-0.004436308424053266,-0.42308449518972613,-0.0148567249679344,0.9989948138678323,-0.04229231122086229,0.42284683825896807,0.044605840791781905,0.9051026849709664,0.34459167922119294,5.484119719000171,1.5860624865822892,-2.6474936014783976,-2.029020146097281,0.40444249129219473,-0.2291952546459914,-0.22947722836520756,0.43311166864861983,0.1688741424709122,0.006652732848978046,0.7113541408700836,-0.029113335495069063,0.7021990039219488,0.5,-0.4,-0.2945082935379952,4.700318066258566,0.4394619615343461,0.08430643905876656,-0.4372649967702106,-1.0,False
1782605564.2658215,TRACKING,Tracking AprilTag,Walk,2,77.49085998535156,0.4467698166834783,-0.1136250164635898,5.260271244475166,5.280432508698321,0.0847295035813243,-0.4144300651757349,-0.40258486584764724,-0.02035692739518293,0.9151562824444026,0.9153797658389998,-0.0023043617271920874,-0.40258486584764724,-0.006436185979228928,0.9997720595301052,-0.02035692739518293,0.4025400101885261,0.021225430501222452,0.9151562824444026,0.2330408958954946,5.414707337649807,1.5823832649455472,-2.6510543349942366,-2.027456821079447,0.4087447616599791,-0.23197121658837722,-0.22791390334737358,0.43798090785345645,0.1704571789800213,0.0071413027533625386,0.711749841085133,-0.027405512275724613,0.701861883426631,0.5,-0.4,-0.2834715858110593,4.760271244475166,0.4467698166834783,0.0847295035813243,-0.4144300651757349,-1.0,False
1782605564.3158355,TRACKING,Tracking AprilTag,Walk,2,65.44276428222656,0.440594184595753,-0.10611296040496299,5.149275237648575,5.169179690137139,0.0853564102548393,-0.4594919986355292,-0.4431526257010517,-0.03916277625486516,0.895590323356765,0.8964424341566772,-0.0025908642409598615,-0.4431526257010517,-0.01647240438028448,0.9990970607753502,-0.03916277625486516,0.44285395124937504,0.04240696372697721,0.895590323356765,0.4498372650032447,5.5623993705666095,1.5796464142170608,-2.654170012547441,-2.025618618595626,0.412399880013289,-0.2339302746142803,-0.22607570086355258,0.44180806245124304,0.17205426576858318,0.006774851375218901,0.7120918107628732,-0.02703837080380156,0.7015328081690635,0.5,-0.4,-0.30656676854711995,4.649275237648575,0.440594184595753,0.0853564102548393,-0.4594919986355292,-1.0,False
1782605564.3660421,TRACKING,Tracking AprilTag,Walk,2,74.08202362060547,0.4584004348603003,-0.09414479582892012,5.250500492072799,5.2713138417778245,0.08708522889158293,0.5894557797112318,0.5558975887734332,-0.006329874363688264,0.8312266859806793,0.8310702984073248,-0.017321371222943006,0.5558975887734332,0.02506928981282673,0.9996656758130792,-0.006329874363688264,-0.5556020966604074,0.019196528335524054,0.8312266859806793,0.24892181347937564,0.34986937967069104,1.5773255992647515,-2.656593335657424,-2.0245115550896715,0.41528633980116025,-0.2356411301988468,-0.22496863735759806,0.44495737520137507,0.17321206805744602,0.006591753251064935,0.712275559628961,-0.026977360527506496,0.7013503389628442,0.5,-0.4,0.21635118385319124,4.750500492072799,0.4584004348603003,0.08708522889158293,0.5894557797112318,-1.0,False
1782605564.4158251,TRACKING,Tracking AprilTag,Walk,2,62.69468307495117,0.46204070947661885,-0.08557078152926939,5.2512451019403406,5.272227147659478,0.08776088009471918,-0.40844452829615885,-0.3968626618700747,-0.040110284833139165,0.9170011955630174,0.9177816462327675,-0.013299528249902184,-0.3968626618700747,-0.002865064339429111,0.9991911511102044,-0.040110284833139165,0.3970751078128697,0.037949520305198534,0.9170011955630174,0.23487267180104032,5.394843933298892,1.5754673813106481,-2.6582649220099723,-2.023626305292623,0.4173357474564191,-0.23707190032767395,-0.22408338756054946,0.4473609354608312,0.17389768674019954,0.005798300596041506,0.7132520080562215,-0.026733217484907153,0.7003736772586977,0.5,-0.4,-0.2832070562333267,4.7512451019403406,0.46204070947661885,0.08776088009471918,-0.40844452829615885,-1.0,False
1782605564.465969,TRACKING,Tracking AprilTag,Walk,2,74.94001007080078,0.46373910673262786,-0.07471368258633626,5.214248647814624,5.235362934383386,0.08870351567421127,-0.42610928601951836,-0.41320404290597,-0.024796131566496613,0.9103008133499049,0.9106270759808458,-0.004554933230705747,-0.41320404290597,-0.006251096926040882,0.9996729843536627,-0.024796131566496613,0.4131818634424751,0.025163007306472335,0.9103008133499049,0.31315334996446476,5.463617237036738,1.57368030599862,-2.659577659255748,-2.0228116767843902,0.4190195214412168,-0.23851475250839987,-0.2232687590523168,0.44954297694043277,0.1742921638987337,0.005005067581805231,0.7131610929977111,-0.026917497604586667,0.7004653118145955,0.5,-0.4,-0.2928878071165493,4.714248647814624,0.46373910673262786,0.08870351567421127,-0.42610928601951836,-1.0,False
1782605564.5158284,TRACKING,Tracking AprilTag,Walk,2,72.77650451660156,0.4619541924148896,-0.07443559336444343,5.1807956295180055,5.201882898363061,0.08893145911376535,-0.4416641496026631,-0.42743892194327404,-0.0051163955148261515,0.9040297508959024,0.9040436609700413,0.0010134435636450125,-0.42743892194327404,-0.0035400619126581536,0.999980645041988,-0.0051163955148261515,0.42742546370278356,0.0061386051797531795,0.9040297508959024,0.38264495888585337,5.520574375750286,1.5712211582469338,-2.6605971688494727,-2.0234300133382974,0.4205701030414314,-0.24067866197448118,-0.223887095606224,0.45220001848298413,0.1741280367605848,0.005005067581805231,0.7131610929977111,-0.026917497604586667,0.7004653118145955,0.5,-0.4,-0.30087038800372035,4.6807956295180055,0.4619541924148896,0.08893145911376535,-0.4416641496026631,-1.0,False
1782605564.5659146,TRACKING,Tracking AprilTag,Walk,2,76.16102600097656,0.46484861103754177,-0.06293197059284222,5.233029214151536,5.2540117453494215,0.08859719380454933,-0.4296079987621924,-0.4165069948938007,0.005984971427767194,0.9091128111084698,0.9091202988060425,0.004712271569791156,-0.4165069948938007,-0.0024412508106898064,0.9999791099875477,0.005984971427767194,0.416526496868196,-0.004424260973814872,0.9091128111084698,0.30540420619730835,5.4915445803415395,1.5676325250176033,-2.6620449583182206,-2.0239907084031823,0.42279392709010366,-0.24384551994430215,-0.22444779067110887,0.45605987881809423,0.17385260801496222,0.005310188276187764,0.7125418153588041,-0.02758856437743528,0.7010669257504903,0.5,-0.4,-0.2945414738051906,4.733029214151536,0.46484861103754177,0.08859719380454933,-0.4296079987621924,-1.0,False
1782605564.6159031,TRACKING,Tracking AprilTag,Walk,2,62.89159393310547,0.46022690104166014,-0.07367828199189042,5.242165264353622,5.262844663152748,0.08756876060701074,-0.418122335948695,-0.4053582582419287,-0.058146453681050585,0.912306786338558,0.9141326914258238,-0.006790061976862745,-0.4053582582419287,-0.018370111308679923,0.998139032868079,-0.058146453681050585,0.4049987178709169,0.060600050524122616,0.912306786338558,0.27120846688252653,5.427955016164683,1.5627221080288058,-2.66414908394507,-2.0226433679315705,0.42595671428910414,-0.24815090224919384,-0.2231004501994971,0.4613954783509626,0.1735863050253239,0.005065805485850667,0.7110437820501236,-0.026732804853043274,0.702621117507384,0.5,-0.4,-0.2878730525206572,4.742165264353622,0.46022690104166014,0.08756876060701074,-0.418122335948695,-1.0,False
1782605564.6660602,TRACKING,Tracking AprilTag,Walk,2,66.17196655273438,0.45806083664737707,-0.08533235363007248,5.191520471011333,5.212387758175313,0.08800460227334292,-0.43809203364508353,-0.4240490509461929,-0.027753196420376405,0.9052138766502008,0.905619150279866,-0.0060296797598787194,-0.4240490509461929,-0.006339840167426245,0.9995947011239623,-0.027753196420376405,0.42404452722918745,0.02782222936591915,0.9052138766502008,0.3623777158329218,5.503183755489609,1.5576711986530065,-2.6667826670281927,-2.021867831557034,0.4296670249319856,-0.25247305915420865,-0.22232491382496075,0.4670898302720953,0.17373395859466642,0.004455499690968812,0.7104996151036704,-0.02673299814581287,0.7031755060226258,0.5,-0.4,-0.2982501588685504,4.691520471011333,0.45806083664737707,0.08800460227334292,-0.43809203364508353,-1.0,False
1782605564.7158365,TRACKING,Tracking AprilTag,Walk,2,74.33300018310547,0.4630221905022384,-0.08970634247433441,5.228227054969404,5.249456630461067,0.08833153598112727,-0.41364976359564964,-0.40185067687792014,-0.022665811888694674,0.9154246525324647,0.9156948018964998,-0.004366150763245897,-0.40185067687792014,-0.005180002490076565,0.9997296777357513,-0.022665811888694674,0.40184101004493405,0.022836553634108178,0.9154246525324647,0.2676879900479259,5.412317608662878,1.5523845271271612,-2.670291935040853,-2.0218244330737796,0.4342836708240285,-0.25682626929321495,-0.22228151534170615,0.4733805856033968,0.17456477456018776,0.004211365812155597,0.7100728965017133,-0.02685508633838352,0.7036032620656483,0.5,-0.4,-0.28632326418083937,4.728227054969404,0.4630221905022384,0.08833153598112727,-0.41364976359564964,-1.0,False
1782605564.7658403,TRACKING,Tracking AprilTag,Walk,2,72.31068420410156,0.46116577349357524,-0.09315213600228324,5.213496725957814,5.2346823497378105,0.08822650472698969,-0.40398838728796704,-0.39281717525379883,-0.037167719456366294,0.9188651845924076,0.9195401638913416,-0.01185553947785576,-0.39281717525379883,-0.002993696246317839,0.9993045573863844,-0.037167719456366294,0.39298463681608403,0.03535318614342095,0.9188651845924076,0.2573473854311987,5.359000647869078,1.5459546511140347,-2.675165464998688,-2.0233760094292217,0.4404882710733326,-0.26198354915186417,-0.22383309169714827,0.48129756365597953,0.17611914205502843,0.005309950936157219,0.7101906792313265,-0.026854924274818122,0.703476948162622,0.5,-0.4,-0.2813980478982743,4.713496725957814,0.46116577349357524,0.08822650472698969,-0.40398838728796704,-1.0,False
1782605564.8158677,TRACKING,Tracking AprilTag,Walk,2,67.81565856933594,0.4552020255184652,-0.08808713690513724,5.206955762676062,5.22755741644123,0.08720021717975919,-0.4441032142448638,-0.4295982968206306,-0.015249872962991443,0.9028913249906801,0.9029872918934889,-0.007697665079518849,-0.4295982968206306,0.0012685054518672078,0.9998829092791471,-0.015249872962991443,0.429665383260953,0.01322549370694154,0.9028913249906801,0.36221485896076056,5.536079820478436,1.5377391202589368,-2.6818732910911103,-2.027466094181088,0.44888429620507636,-0.26846403062351254,-0.2279231764490144,0.4916243732396274,0.17853717471409852,0.006774899378230784,0.7109982239370307,-0.027160632642456748,0.702636411190926,0.5,-0.4,-0.3005318025842152,4.706955762676062,0.4552020255184652,0.08720021717975919,-0.4441032142448638,-1.0,False
1782605564.8659036,TRACKING,Tracking AprilTag,Walk,2,64.19330596923828,0.4420441876091289,-0.07676529211896992,5.178562187101823,5.19796135995199,0.08515398759521643,-0.4632630112161007,-0.44632294392943456,-0.049446552882622584,0.8935048226675606,0.8948328706034717,-0.008364413291638988,-0.44632294392943456,-0.015327927317444687,0.9986591475834872,-0.049446552882622584,0.4461380821356788,0.05108760650206185,0.8935048226675606,0.43739606041984214,5.590976816838711,1.526955417549237,-2.6906574330418502,-2.034644960881971,0.4598849028282095,-0.276974967579278,-0.23510204314989758,0.5051703150060135,0.18169262327232458,0.008361797498146658,0.7125228028712707,-0.029296808752630625,0.7009871844249224,0.5,-0.4,-0.30827009444374515,4.678562187101823,0.4420441876091289,0.08515398759521643,-0.4632630112161007,-1.0,False
1782605564.9158866,TRACKING,Tracking AprilTag,Walk,2,50.544918060302734,0.42349675270962894,-0.058248082108399865,5.178260323014784,5.195875509626273,0.08160198667335881,-0.4764518413386395,-0.4555111361806642,-0.11640690222885534,0.8825865611535688,0.8897795290160382,-0.028319508459678074,-0.4555111361806642,-0.027994388644424814,0.9928070040636834,-0.11640690222885534,0.45553123268160467,0.11632823441751193,0.8825865611535688,0.489598490736217,5.614460227599222,1.5128706695394543,-2.7008263362785954,-2.0464462584425944,0.47298273455497125,-0.2883869579225441,-0.246903340710521,0.522290068839157,0.184642326347201,0.011718906399839859,0.7134494630610838,-0.034119107695367086,0.699777405594604,0.5,-0.4,-0.31166770867534266,4.678260323014784,0.42349675270962894,0.08160198667335881,-0.4764518413386395,-1.0,False
1782605564.9658203,TRACKING,Tracking AprilTag,Walk,2,50.544918060302734,0.42349675270962894,-0.058248082108399865,5.178260323014784,5.195875509626273,0.08160198667335881,-0.4764518413386395,-0.4555111361806642,-0.11640690222885534,0.8825865611535688,0.8897795290160382,-0.028319508459678074,-0.4555111361806642,-0.027994388644424814,0.9928070040636834,-0.11640690222885534,0.45553123268160467,0.11632823441751193,0.8825865611535688,0.489598490736217,5.614460227599222,1.497582076739856,-2.7119260225070785,-2.0609180379726215,0.48726008382403785,-0.3007603730538565,-0.2613751202405481,0.5409001422339388,0.18789951415319844,0.01776109357341757,0.7131903037985714,-0.04040496201237949,0.6995795688608666,0.5,-0.4,-0.31166770867534266,4.678260323014784,0.42349675270962894,0.08160198667335881,-0.4764518413386395,-1.0,False
1782605565.0158336,TRACKING,Tracking AprilTag,Walk,2,50.544918060302734,0.42349675270962894,-0.058248082108399865,5.178260323014784,5.195875509626273,0.08160198667335881,-0.4764518413386395,-0.4555111361806642,-0.11640690222885534,0.8825865611535688,0.8897795290160382,-0.028319508459678074,-0.4555111361806642,-0.027994388644424814,0.9928070040636834,-0.11640690222885534,0.45553123268160467,0.11632823441751193,0.8825865611535688,0.489598490736217,5.614460227599222,1.4815739083842887,-2.7227726881581873,-2.074720316408881,0.5014541721057691,-0.3138919939628512,-0.27517739867680757,0.5600455508503901,0.19061335621865566,0.023376457267435445,0.7130734993614839,-0.0455322118055009,0.6992185233831344,0.5,-0.4,-0.31166770867534266,4.678260323014784,0.42349675270962894,0.08160198667335881,-0.4764518413386395,-1.0,False
1782605565.0658216,TRACKING,Tracking AprilTag,Walk,2,50.544918060302734,0.42349675270962894,-0.058248082108399865,5.178260323014784,5.195875509626273,0.08160198667335881,-0.4764518413386395,-0.4555111361806642,-0.11640690222885534,0.8825865611535688,0.8897795290160382,-0.028319508459678074,-0.4555111361806642,-0.027994388644424814,0.9928070040636834,-0.11640690222885534,0.45553123268160467,0.11632823441751193,0.8825865611535688,0.489598490736217,5.614460227599222,1.464995690575715,-2.732150267134398,-2.0865165928743727,0.5143467040653614,-0.3279119409254637,-0.2869736751422993,0.5790578712271973,0.19175702009113457,0.02484141913481495,0.7128937972841244,-0.04657003144929683,0.6992828968736484,0.5,-0.4,-0.31166770867534266,4.678260323014784,0.42349675270962894,0.08160198667335881,-0.4764518413386395,-1.0,False
1782605565.1157808,TRACKING,Tracking AprilTag,Walk,2,50.544918060302734,0.42349675270962894,-0.058248082108399865,5.178260323014784,5.195875509626273,0.08160198667335881,-0.4764518413386395,-0.4555111361806642,-0.11640690222885534,0.8825865611535688,0.8897795290160382,-0.028319508459678074,-0.4555111361806642,-0.027994388644424814,0.9928070040636834,-0.11640690222885534,0.45553123268160467,0.11632823441751193,0.8825865611535688,0.489598490736217,5.614460227599222,1.4474339943794137,-2.7413209162238776,-2.0983184240886166,0.5272607069285827,-0.34293667080863544,-0.2987755063565432,0.5988628577344244,0.19228284084207242,0.031739326965927774,0.7113271470402351,-0.05029462580754709,0.7003404569366448,0.5,-0.4,-0.31166770867534266,4.678260323014784,0.42349675270962894,0.08160198667335881,-0.4764518413386395,-1.0,False
1782605565.1657882,TRACKING,Tracking AprilTag,Walk,2,50.544918060302734,0.42349675270962894,-0.058248082108399865,5.178260323014784,5.195875509626273,0.08160198667335881,-0.4764518413386395,-0.4555111361806642,-0.11640690222885534,0.8825865611535688,0.8897795290160382,-0.028319508459678074,-0.4555111361806642,-0.027994388644424814,0.9928070040636834,-0.11640690222885534,0.45553123268160467,0.11632823441751193,0.8825865611535688,0.489598490736217,5.614460227599222,1.428258513349764,-2.7516794945375422,-2.111174018012275,0.541697632012731,-0.3592637774571959,-0.31163110028020147,0.6206393879140375,0.19316712062538652,0.03625456880216513,0.7098327191400344,-0.052550814374855516,0.7014709751570435,0.5,-0.4,-0.31166770867534266,4.678260323014784,0.42349675270962894,0.08160198667335881,-0.4764518413386395,-1.0,False
1782605565.2158291,TRACKING,Tracking AprilTag,Walk,2,50.544918060302734,0.42349675270962894,-0.058248082108399865,5.178260323014784,5.195875509626273,0.08160198667335881,-0.4764518413386395,-0.4555111361806642,-0.11640690222885534,0.8825865611535688,0.8897795290160382,-0.028319508459678074,-0.4555111361806642,-0.027994388644424814,0.9928070040636834,-0.11640690222885534,0.45553123268160467,0.11632823441751193,0.8825865611535688,0.489598490736217,5.614460227599222,1.4072828440876777,-2.7634286943416524,-2.1248145496603903,0.5578971599949296,-0.3770288468402099,-0.3252716319283169,0.6446439465020394,0.19451008898857208,0.04449503484680286,0.7089908433202496,-0.05645803461357016,0.7015444863225679,0.5,-0.4,-0.31166770867534266,4.678260323014784,0.42349675270962894,0.08160198667335881,-0.4764518413386395,-1.0,False
1782605565.265849,TRACKING,Tracking AprilTag,Walk,2,50.544918060302734,0.42349675270962894,-0.058248082108399865,5.178260323014784,5.195875509626273,0.08160198667335881,-0.4764518413386395,-0.4555111361806642,-0.11640690222885534,0.8825865611535688,0.8897795290160382,-0.028319508459678074,-0.4555111361806642,-0.027994388644424814,0.9928070040636834,-0.11640690222885534,0.45553123268160467,0.11632823441751193,0.8825865611535688,0.489598490736217,5.614460227599222,1.384578952983398,-2.775892439526385,-2.138050777992661,0.5751845067369631,-0.39631509214419874,-0.33850786026058777,0.6705149500751847,0.19573597210829896,0.05010955228561518,0.7098954965091232,-0.06219443822051384,0.699763723452592,0.5,-0.4,-0.31166770867534266,4.678260323014784,0.42349675270962894,0.08160198667335881,-0.4764518413386395,-1.0,False
1782605565.3158014,TRACKING,Holding: AprilTag stale for 0.46s; will auto-resume,Walk,2,50.544918060302734,0.42349675270962894,-0.058248082108399865,5.178260323014784,5.195875509626273,0.08160198667335881,-0.4764518413386395,-0.4555111361806642,-0.11640690222885534,0.8825865611535688,0.8897795290160382,-0.028319508459678074,-0.4555111361806642,-0.027994388644424814,0.9928070040636834,-0.11640690222885534,0.45553123268160467,0.11632823441751193,0.8825865611535688,0.489598490736217,5.614460227599222,1.3611143958537075,-2.790892712837222,-2.15306215142639,0.5951147948479572,-0.41576701381032455,-0.35351923369431654,0.6981833607619037,0.19890656996412698,0.05816600314879919,0.7081848211285593,-0.06567326273673445,0.7005554922790316,0.0,0.0,0.0,0.0,0.0,0.0,,0.0,False
1782605565.3659,TRACKING,Holding: AprilTag stale for 0.51s; will auto-resume,Walk,2,50.544918060302734,0.42349675270962894,-0.058248082108399865,5.178260323014784,5.195875509626273,0.08160198667335881,-0.4764518413386395,-0.4555111361806642,-0.11640690222885534,0.8825865611535688,0.8897795290160382,-0.028319508459678074,-0.4555111361806642,-0.027994388644424814,0.9928070040636834,-0.11640690222885534,0.45553123268160467,0.11632823441751193,0.8825865611535688,0.489598490736217,5.614460227599222,1.339157325155714,-2.806592662438899,-2.1671324979408997,0.6153847006333054,-0.43359206053073973,-0.36758958020882626,0.7248047527589887,0.20336783203549363,0.06115622710371014,0.7077521052840546,-0.07073859003313378,0.7002449037533597,0.0,0.0,0.0,0.0,0.0,0.0,,0.0,False
1782605565.4158251,TRACKING,Holding: AprilTag stale for 0.56s; will auto-resume,Walk,2,50.544918060302734,0.42349675270962894,-0.058248082108399865,5.178260323014784,5.195875509626273,0.08160198667335881,-0.4764518413386395,-0.4555111361806642,-0.11640690222885534,0.8825865611535688,0.8897795290160382,-0.028319508459678074,-0.4555111361806642,-0.027994388644424814,0.9928070040636834,-0.11640690222885534,0.45553123268160467,0.11632823441751193,0.8825865611535688,0.489598490736217,5.614460227599222,1.3209854555719007,-2.820111472478434,-2.18003068103185,0.6326719619025283,-0.4482250939437331,-0.3804877632997765,0.7470676055955695,0.20753201894687257,0.06493981661531219,0.7048777651224064,-0.07873342427984278,0.7019481493352494,0.0,0.0,0.0,0.0,0.0,0.0,,0.0,False
1782605565.465861,TRACKING,Holding: AprilTag stale for 0.61s; will auto-resume,Walk,2,50.544918060302734,0.42349675270962894,-0.058248082108399865,5.178260323014784,5.195875509626273,0.08160198667335881,-0.4764518413386395,-0.4555111361806642,-0.11640690222885534,0.8825865611535688,0.8897795290160382,-0.028319508459678074,-0.4555111361806642,-0.027994388644424814,0.9928070040636834,-0.11640690222885534,0.45553123268160467,0.11632823441751193,0.8825865611535688,0.489598490736217,5.614460227599222,1.3050958057622832,-2.8321105510098605,-2.193429491860079,0.647961569395337,-0.4609799659302121,-0.39388657412800554,0.76661267241235,0.21133323188529168,0.06658752631517108,0.7034108531460556,-0.08379896758087066,0.7026784513900683,0.0,0.0,0.0,0.0,0.0,0.0,,0.0,False
1782605565.5158896,TRACKING,Holding: AprilTag stale for 0.66s; will auto-resume,Walk,2,50.544918060302734,0.42349675270962894,-0.058248082108399865,5.178260323014784,5.195875509626273,0.08160198667335881,-0.4764518413386395,-0.4555111361806642,-0.11640690222885534,0.8825865611535688,0.8897795290160382,-0.028319508459678074,-0.4555111361806642,-0.027994388644424814,0.9928070040636834,-0.11640690222885534,0.45553123268160467,0.11632823441751193,0.8825865611535688,0.489598490736217,5.614460227599222,1.2879987070960206,-2.8441162562612288,-2.2054010414523857,0.6635314284021192,-0.4749093317411731,-0.40585812372031227,0.7872454116035476,0.21461009240332846,0.06976428593529986,0.7017933155591232,-0.08776994153539912,0.7035023269381157,0.0,0.0,0.0,0.0,0.0,0.0,,0.0,False
1782605565.5658677,TRACKING,Holding: AprilTag stale for 0.71s; will auto-resume,Walk,2,50.544918060302734,0.42349675270962894,-0.058248082108399865,5.178260323014784,5.195875509626273,0.08160198667335881,-0.4764518413386395,-0.4555111361806642,-0.11640690222885534,0.8825865611535688,0.8897795290160382,-0.028319508459678074,-0.4555111361806642,-0.027994388644424814,0.9928070040636834,-0.11640690222885534,0.45553123268160467,0.11632823441751193,0.8825865611535688,0.489598490736217,5.614460227599222,1.2675035812281945,-2.856647862657133,-2.2163451532105314,0.6803840158126688,-0.49202895909604527,-0.41680223547845796,0.8111618832903658,0.21686702068165797,0.07305838978613145,0.7008600584078091,-0.09020910618538203,0.7037897181486064,0.0,0.0,0.0,0.0,0.0,0.0,,0.0,False
1782605565.6159272,TRACKING,Holding: AprilTag stale for 0.76s; will auto-resume,Walk,2,50.544918060302734,0.42349675270962894,-0.058248082108399865,5.178260323014784,5.195875509626273,0.08160198667335881,-0.4764518413386395,-0.4555111361806642,-0.11640690222885534,0.8825865611535688,0.8897795290160382,-0.028319508459678074,-0.4555111361806642,-0.027994388644424814,0.9928070040636834,-0.11640690222885534,0.45553123268160467,0.11632823441751193,0.8825865611535688,0.489598490736217,5.614460227599222,1.2447455508269574,-2.8689655546561337,-2.224207216935556,0.69754139031447,-0.5114010520168122,-0.4246642992034826,0.8370173792885813,0.2179379131188996,0.076474794621757,0.6990150221891325,-0.0967989020511625,0.7043859574857922,0.0,0.0,0.0,0.0,0.0,0.0,,0.0,False
1782605565.6658878,TRACKING,Holding: AprilTag stale for 0.81s; will auto-resume,Walk,2,50.544918060302734,0.42349675270962894,-0.058248082108399865,5.178260323014784,5.195875509626273,0.08160198667335881,-0.4764518413386395,-0.4555111361806642,-0.11640690222885534,0.8825865611535688,0.8897795290160382,-0.028319508459678074,-0.4555111361806642,-0.027994388644424814,0.9928070040636834,-0.11640690222885534,0.45553123268160467,0.11632823441751193,0.8825865611535688,0.489598490736217,5.614460227599222,1.2235696165305232,-2.8795697829027134,-2.2276247036996044,0.7126711831559515,-0.5296208000558579,-0.42808178596753105,0.860698988231152,0.21816429316132768,0.07666164103050323,0.696607730160138,-0.09991648596093454,0.7063125079657511,0.0,0.0,0.0,0.0,0.0,0.0,,0.0,False
1782605565.715896,TRACKING,Tracking AprilTag,Walk,2,68.20828247070312,-0.8425720030710626,-0.18440502131230072,4.834416857234059,4.91075545529944,-0.17255296501690162,-0.6410683302401959,-0.5969997239310613,-0.05929526068619623,0.8000471246660367,0.8020316571202797,-0.018345315563783084,-0.5969997239310613,-0.02130887250314943,0.9980130279774911,-0.05929526068619623,0.5969012924508897,0.060278067189191334,0.8000471246660367,0.4886925675870417,5.09899885545845,1.209769844963601,-2.8872523148103943,-2.229023188409183,0.7232827897107199,-0.541319039160038,-0.4294802706771097,0.8764707191190698,0.21900542133876205,0.07556134089279778,0.698118430639597,-0.10235570975542962,0.7045881415722598,0.5,0.4,-0.1652364966048865,4.334416857234059,-0.8425720030710626,-0.17255296501690162,-0.6410683302401959,-1.0,False
1782605565.765892,TRACKING,Tracking AprilTag,Walk,2,66.77483367919922,-0.8518388439047043,-0.1656345988598743,4.820315385686333,4.897806106187623,-0.1749126011127999,-0.6181393692863929,-0.5785349974910635,-0.058274304086364255,0.8135732063934167,0.8155221565734965,-0.014861655887835421,-0.5785349974910635,-0.02315242399611071,0.9980320990561147,-0.058274304086364255,0.5782625505778648,0.06091847369983345,0.8135732063934167,0.4463806985659744,4.981389110975492,1.2020910666381,-2.8912013293153453,-2.2290451062628844,0.7288701541294261,-0.5479023294456833,-0.42950218853081096,0.885103657758568,0.2191806999146207,0.07556355291139542,0.6990544196237576,-0.10254181655181285,0.7036321792912492,0.5,0.4,-0.15164834364167654,4.320315385686333,-0.8518388439047043,-0.1749126011127999,-0.6181393692863929,-1.0,False
1782605565.81581,TRACKING,Tracking AprilTag,Walk,2,72.96583557128906,-0.8586470364797221,-0.1533603851041469,4.812056043219696,4.890468025052602,-0.176578214557587,-0.614305557790455,-0.5763430191113729,-0.012927071908016168,0.8171056327877521,0.8171610481872441,0.008749036924839151,-0.5763430191113729,-0.01982108007638735,0.9997199685894498,-0.012927071908016168,0.576068525533317,0.021987240763619735,0.8171056327877521,0.44015657791104346,4.962094058225239,1.1965103570740536,-2.893260660354354,-2.229152950996665,0.7321413070727565,-0.5528707016124804,-0.4296100332645916,0.8910217689624162,0.21857976452262728,0.07605173890227084,0.7003962310622455,-0.10223648688708159,0.7022883690285139,0.5,0.4,-0.14823238579339923,4.312056043219696,-0.8586470364797221,-0.176578214557587,-0.614305557790455,-1.0,False
1782605565.865889,TRACKING,Tracking AprilTag,Walk,2,73.49298095703125,-0.8550598803722349,-0.12039717177294837,4.757044720109191,4.834779968841586,-0.17784692312814976,-0.631187750977159,-0.590001260100039,-0.01866660398025086,0.8071865156060343,0.8074022660752791,-0.0003062953969510899,-0.590001260100039,-0.013261177518414088,0.9997378151628904,-0.01866660398025086,0.5898522882106411,0.022895569799858993,0.8071865156060343,0.5227681406676772,5.004950690807475,1.192636523169129,-2.894506158861117,-2.227633192876764,0.7342327807931992,-0.5563612020536766,-0.42809027514469045,0.895049005967385,0.21799734048543284,0.07641784072155984,0.7010055117309223,-0.10156492568744055,0.7017379510988605,0.5,0.4,-0.15553164467324468,4.257044720109191,-0.8550598803722349,-0.17784692312814976,-0.631187750977159,-1.0,False
1782605565.9158075,TRACKING,Tracking AprilTag,Walk,2,74.25387573242188,-0.8423197926380428,-0.1085601366952019,4.716485735516569,4.7923403082085425,-0.1767273888137475,-0.6437907697673024,-0.6002281394361028,0.003446148766473282,0.799821420498197,0.7997943390485184,0.007429391295256413,-0.6002281394361028,-0.0067026041200439245,0.9999715991750413,0.003446148766473282,0.600236695249427,0.0012668813254063571,0.799821420498197,0.5909974291904643,5.0477104007351805,1.1899958376640343,-2.8956510460797813,-2.2261401928737206,0.7359466390500531,-0.5586734902181776,-0.42659727514164714,0.8979242047668544,0.2178661210363863,0.07678339175700974,0.7013045876693497,-0.10052642784085455,0.7015487319992606,0.5,0.4,-0.16284073495127846,4.216485735516569,-0.8423197926380428,-0.1767273888137475,-0.6437907697673024,-1.0,False
1782605565.9659,TRACKING,Tracking AprilTag,Walk,2,74.06896209716797,-0.8463719476788467,-0.1036941071384066,4.756308060015905,4.832138688349619,-0.17610390249182084,-0.6174869675621438,-0.5789772097153393,0.00611219832813552,0.8153208151775825,0.8152930870683239,0.009086958173246399,-0.5789772097153393,-0.006804613708483186,0.9999581682569906,0.00611219832813552,0.5790085313800485,-0.0010435167855911156,0.8153208151775825,0.5011694004583886,4.954427411800131,1.1879282048214497,-2.8967298442140814,-2.225149597205248,0.7374661860824039,-0.5604426391103792,-0.42560667947317454,0.9002555518365318,0.21792720971791207,0.07702545959467684,0.7028115429736163,-0.09930302912879493,0.7001870621791859,0.5,0.4,-0.15024997153843314,4.256308060015905,-0.8463719476788467,-0.17610390249182084,-0.6174869675621438,-1.0,False
1782605566.0159028,TRACKING,Tracking AprilTag,Walk,2,71.48336791992188,-0.859963980075426,-0.0824837485383649,4.834156416110797,4.910744329653631,-0.1760515946987604,-0.5767067170070823,-0.544470516284701,-0.05400565653295821,0.8370395725168047,0.8385077956364012,-0.021366645821333255,-0.544470516284701,-0.009624257271155356,0.9984942477222504,-0.05400565653295821,0.5448045983001262,0.05052428833663015,0.8370395725168047,0.351757491995615,4.797493189031687,1.1859264160411944,-2.897571077356332,-2.2262606890944885,0.7387394257648451,-0.5622015285985033,-0.42671777136241507,0.9024234077339247,0.2178037903980491,0.07641735233670544,0.7050294223971921,-0.1010759867967925,0.6977661117517704,0.5,0.4,-0.1299069232746568,4.334156416110797,-0.859963980075426,-0.1760515946987604,-0.5767067170070823,-1.0,False
1782605566.065877,TRACKING,Tracking AprilTag,Walk,2,61.23822784423828,-0.865228716310265,-0.05984757861285819,4.824964264146509,4.9022936075356185,-0.1774374385610489,-0.5844979826349731,-0.5475683597116418,-0.12332946161306615,0.8276223385946837,0.8359586124690999,-0.03663454218957089,-0.5475683597116418,-0.03732501669319595,0.9916635956951753,-0.12332946161306615,0.5475217268452367,0.12353632377352283,0.8276223385946837,0.39949542972189844,4.797322319278868,1.184387119954305,-2.899406116109708,-2.2294157588324652,0.7408757103638195,-0.5632846203682481,-0.4298728411003918,0.9046122387752817,0.21877632232137906,0.07787905295081655,0.7062824457263709,-0.10192634673030067,0.6962118785344549,0.5,0.4,-0.13255529661254253,4.324964264146509,-0.865228716310265,-0.1774374385610489,-0.5844979826349731,-1.0,False
1782605566.1159027,TRACKING,Tracking AprilTag,Walk,2,66.79037475585938,-0.8763966602948621,-0.034081262950816454,4.827293442601712,4.906321903386059,-0.17959419554026423,-0.6076499571083939,-0.5702899126170796,-0.04769496841106742,0.8200576842853623,0.8212854058847154,-0.016115137231243776,-0.5702899126170796,-0.013521044876726035,0.9987704297453489,-0.04769496841106742,0.5703573120651823,0.04688209699138189,0.8200576842853623,0.41095659773199067,4.91755853618587,1.1834587564141423,-2.9045636864242765,-2.23378005816292,0.7461094459628663,-0.5630192864433691,-0.4342371404308467,0.9077114532289233,0.22300210747715316,0.07843024970167327,0.70642156423904,-0.10333261692212672,0.6958014370420819,0.5,0.4,-0.1421902025679591,4.327293442601712,-0.8763966602948621,-0.17959419554026423,-0.6076499571083939,-1.0,False
1782605566.1659696,TRACKING,Tracking AprilTag,Walk,2,72.05296325683594,-0.883938012509582,-0.016784957503690568,4.698583855948839,4.781037376568065,-0.18595513410368741,-0.6802106021577656,-0.6285443102535622,-0.03620957419615019,0.776930445268048,0.7776537171221684,-0.01366551477070456,-0.6285443102535622,-0.01170663176150407,0.9992756484120555,-0.03620957419615019,0.628583845655355,0.035516646754974165,0.776930445268048,0.6640434088917666,5.150651331076799,1.1827211598890934,-2.9122018736607336,-2.2386313217558214,0.753715924089161,-0.5620056576123169,-0.43908840402374794,0.9117287593772123,0.22954024208909413,0.08172655982617362,0.7064861314323821,-0.10522523460815782,0.6950724893954183,0.5,0.4,-0.17274568038556415,4.198583855948839,-0.883938012509582,-0.18595513410368741,-0.6802106021577656,-1.0,False
1782605566.2159348,TRACKING,Tracking AprilTag,Walk,2,67.85038757324219,-0.9055407465935917,-0.008888166147628983,4.730230791090305,4.8161360425363355,-0.18914842118106354,-0.6647413590450877,-0.6167831548984257,-0.01532373374619908,0.7869839407622117,0.7870574290649783,-0.010915273114825753,-0.6167831548984257,0.0018582529659403905,0.9998808579425802,-0.01532373374619908,0.6168769328233479,0.010914519359027628,0.7869839407622117,0.5885678845220328,5.091768893432256,1.1824706933449616,-2.92186869322173,-2.2437317524506213,0.7631877313607484,-0.5600575814011536,-0.4441888347185479,0.9161993977201468,0.23811482818530194,0.08209337939347727,0.7063692786027601,-0.10528704792100244,0.6951386601578532,0.5,0.4,-0.16213710045958665,4.230230791090305,-0.9055407465935917,-0.18914842118106354,-0.6647413590450877,-1.0,False
1782605566.26591,TRACKING,Tracking AprilTag,Walk,2,72.15528106689453,-0.9385683836833344,-0.015183060220794204,4.746053472004627,4.837991803971437,-0.19523852772994565,-0.64109371426533,-0.597694918890824,-0.035521153342417594,0.8009363467825117,0.8015371510920242,-0.017291019385014757,-0.597694918890824,-0.00492917340436353,0.9993567685840599,-0.035521153342417594,0.5979246596928676,0.0314176659517042,0.8009363467825117,0.5077964828460075,4.970224508438368,1.182191711674056,-2.9326739811388665,-2.2492478488021344,0.7737748174609278,-0.5578791219334788,-0.44970493107006093,0.9211956637159284,0.24769968101903445,0.08709417755434874,0.7035891232281236,-0.10717405450976622,0.6970585857380638,0.5,0.4,-0.14483218217571392,4.246053472004627,-0.9385683836833344,-0.19523852772994565,-0.64109371426533,-1.0,False
1782605566.3158338,TRACKING,Tracking AprilTag,Walk,2,64.95555114746094,-0.9527134719890593,-0.03574500704006285,4.65425026556181,4.750893200201403,-0.20190829561435736,-0.6825907937046244,-0.6307916015198054,-0.006624301336379885,0.7759240130862582,0.7758280344428753,-0.013885835393799274,-0.6307916015198054,0.012510363056198327,0.9998997997039538,-0.006624301336379885,0.6308203799725456,-0.0027521132624526348,0.7759240130862582,0.6565957936577491,5.084636240229699,1.1820065424106663,-2.9445113428939558,-2.2545752812684094,0.7853458206843145,-0.5553752638341991,-0.455032363536336,0.926560931363538,0.25825294231810536,0.08722193619212788,0.7027805271631634,-0.11120949457106859,0.697226156139032,0.5,0.4,-0.15957793079939056,4.15425026556181,-0.9527134719890593,-0.20190829561435736,-0.6825907937046244,-1.0,False
1782605566.3658175,TRACKING,Tracking AprilTag,Walk,2,66.37382507324219,-0.9762051199679705,-0.03760737692576368,4.691049670044325,4.7916946645079435,-0.20517127819794923,-0.6878262864126693,-0.6348583347894167,0.0016621553126172687,0.7726267740559642,0.772602975639626,-0.0062878280196467864,-0.6348583347894167,0.009503935059865926,0.9999534551458356,0.0016621553126172687,0.6348183340540611,-0.0073178385265565485,0.7726267740559642,0.624784118677661,5.112201273538974,1.1814403310599015,-2.9580609335430146,-2.259996987474381,0.7986708555391706,-0.5528542624126082,-0.4604540697423076,0.9330205268424139,0.2701771038525731,0.08709646665210007,0.7018986450589704,-0.11395171915870415,0.6976872531886166,0.5,0.4,-0.15925899282818035,4.191049670044325,-0.9762051199679705,-0.20517127819794923,-0.6878262864126693,-1.0,False
1782605566.4158237,TRACKING,Tracking AprilTag,Walk,2,70.79585266113281,-0.9961727767212344,-0.05049923636905439,4.62721010541043,4.733495931504194,-0.2120493470129323,-0.7130660535733918,-0.6539373203219754,-0.025847871316363378,0.7561070483989201,0.756525954085178,-0.005870424654603472,-0.6539373203219754,-0.014586477996497094,0.9995594640680815,-0.025847871316363378,0.6538009754161958,0.029093227842647475,0.7561070483989201,0.7187386597626269,5.158173438020379,1.1796742617282903,-2.974156264666103,-2.2657667623530258,0.8147473939669359,-0.5509246000000324,-0.46622384462095234,0.9416761418325501,0.283861365395983,0.08697298471841901,0.7009717399937139,-0.11932083166632221,0.6977369552989235,0.5,0.4,-0.16568861447505684,4.12721010541043,-0.9961727767212344,-0.2120493470129323,-0.7130660535733918,-1.0,False
1782605566.4658043,TRACKING,Tracking AprilTag,Walk,2,67.92210388183594,-1.0182378390765727,-0.05304275827060434,4.653906074568289,4.764290459453108,-0.21539786773139197,-0.6812561234698522,-0.6297447383275249,-0.008823707567125678,0.776752023964899,0.7767981640944028,0.0024853185635433797,-0.6297447383275249,-0.010352460145711069,0.9999074800968845,-0.008823707567125678,0.6296645446811314,0.013373647144156063,0.776752023964899,0.612837746863669,5.027411664978336,1.1766258930024545,-2.992845779259073,-2.2715181857583877,0.8336413112530642,-0.5496555857391097,-0.4719752680263143,0.9526231169439454,0.2993130398528171,0.08844327248008425,0.7015034717830285,-0.1209151986080379,0.6967425502830654,0.5,0.4,-0.14676998077667333,4.153906074568289,-1.0182378390765727,-0.21539786773139197,-0.6812561234698522,-1.0,False
1782605566.51583,TRACKING,Tracking AprilTag,Walk,2,67.31800842285156,-1.0320929383478261,-0.046727074159207654,4.647105483455258,4.760565998618952,-0.21854648631339516,-0.6846749739512629,-0.6323322934345705,-0.016774073857890415,0.7745156558301364,0.7746971523291656,0.000439150154138296,-0.6323322934345705,-0.014258258572307388,0.9997576368844078,-0.016774073857890415,0.6321716730727238,0.02201078459407706,0.7745156558301364,0.6171852739668537,5.025367182493819,1.1720990069338246,-3.01414554672093,-2.2772847630372786,0.8554127519929599,-0.5492346825236852,-0.47774184530520514,0.9660447903437144,0.31646038584447056,0.09136935354137557,0.7027566711258506,-0.12145959488800093,0.6950052296430486,0.5,0.4,-0.1456456492935758,4.147105483455258,-1.0320929383478261,-0.21854648631339516,-0.6846749739512629,-1.0,False
1782605566.5658238,TRACKING,Tracking AprilTag,Walk,2,70.51451110839844,-1.0541474405133446,-0.02001851658603356,4.613639345173007,4.732578110784391,-0.2246290408313752,-0.6930131536550485,-0.6388483136722276,0.00555532881768493,0.7693126610422311,0.769310575711419,0.005836969823133684,-0.6388483136722276,-0.002973885406928561,0.9999801469665854,0.00555532881768493,0.6388680568819758,-0.0023739115337286735,0.7693126610422311,0.6464573596262873,5.024874895601724,1.1644817832480017,-3.0356919381995584,-2.28265524101023,0.8781251480434713,-0.5517676941847105,-0.48311232327815673,0.9823511133011269,0.3324720351673461,0.09362693477640872,0.7036058044996348,-0.1239000505841654,0.6934130417175878,0.5,0.4,-0.14434044007928654,4.113639345173007,-1.0541474405133446,-0.2246290408313752,-0.6930131536550485,-1.0,False
1782605566.6158104,TRACKING,Tracking AprilTag,Walk,2,69.09667205810547,-1.0670035308086114,-0.008009995979942116,4.612450687417296,4.734264677713946,-0.22733229175768518,-0.7202522848655054,-0.6593790317372152,-0.02433264189480462,0.7514168051379418,0.7517202441961696,-0.011660487594593589,-0.6593790317372152,-0.005836742380228596,0.9996868784658555,-0.02433264189480462,0.6594562964321731,0.022139965046275176,0.7514168051379418,0.7006440253662047,5.1251471290808315,1.1555257622125104,-3.055250216369485,-2.2906097108007666,0.8992047999886059,-0.556055447866112,-0.49106679306869316,0.9989870306618871,0.346109586682422,0.09588575592670018,0.7029994505179711,-0.12524352079031748,0.693478013264906,0.5,0.4,-0.15552707985083603,4.112450687417296,-1.0670035308086114,-0.22733229175768518,-0.7202522848655054,-1.0,False
1782605566.6657856,TRACKING,Tracking AprilTag,Walk,2,42.8104362487793,-1.0933714054044579,-0.006032610220416833,4.521655924849171,4.651974819930327,-0.23725356440032505,-0.7769855623681147,-0.7009275042168636,-0.02422252727429628,0.712821087654374,0.7129441453382288,-0.020280026140550293,-0.7009275042168636,0.004622554944884973,0.9996959043420292,-0.02422252727429628,0.7012055886925918,0.014029233104881552,0.712821087654374,0.8804232764736617,5.277041795486552,1.1465307215645206,-3.0715899694063933,-2.298019446266969,0.9171586129094969,-0.5611110276714151,-0.49847652853489577,1.0142444419451582,0.3568385049176985,0.09899616886378326,0.7010906237597277,-0.12817013231439264,0.6944379835586473,0.5,0.4,-0.1749645732237648,4.021655924849171,-1.0933714054044579,-0.23725356440032505,-0.7769855623681147,-1.0,False
1782605566.7158148,TRACKING,Tracking AprilTag,Walk,2,60.40727615356445,-1.1606693159818784,-0.038681617480057495,4.595208967988927,4.739683005020333,-0.24740775966367884,-0.6964393869820635,-0.641067710344583,-0.036291841667194805,0.7666257841880594,0.7672873406327368,-0.0173875719494188,-0.641067710344583,-0.007676293547725722,0.9993117515299079,-0.036291841667194805,0.6412575234818783,0.032767294608059674,0.7666257841880594,0.6021721839666108,4.941461728057382,1.1373134397820683,-3.086309438342997,-2.3040454271020265,0.9335847426163579,-0.566750470204693,-0.5045025093699531,1.0289898917133997,0.36601416622166083,0.10315270253763628,0.6985085963554495,-0.1291545080293718,0.6962502235779983,0.5,0.4,-0.1255527097937208,4.095208967988927,-1.1606693159818784,-0.24740775966367884,-0.6964393869820635,-1.0,False
1782605566.7658255,TRACKING,Tracking AprilTag,Walk,2,64.05963897705078,-1.1683635288555898,-0.05670729358345995,4.5476221177698735,4.695652880988457,-0.2514785436765518,-0.7238863719961475,-0.66199759564632,-0.03028954223269627,0.7488936686805578,0.7492417820256068,-0.019898126182747604,-0.66199759564632,-0.0002170305328900706,0.9995411429896628,-0.03028954223269627,0.6622965385420951,0.0228378642901203,0.7488936686805578,0.6891126454096512,5.022696428836802,1.1275168305514236,-3.102481165350157,-2.31002359407707,0.951556667594835,-0.5726248399053555,-0.5104806763449965,1.0448936292696382,0.3762400861584862,0.1037006724929882,0.6977669734784233,-0.13208255166264066,0.6963631385947631,0.5,0.4,-0.1356124966891771,4.0476221177698735,-1.1683635288555898,-0.2514785436765518,-0.7238863719961475,-1.0,False
1782605566.8158216,TRACKING,Tracking AprilTag,Walk,2,63.2962760925293,-1.1881761794783408,-0.06601552518223612,4.456595347879541,4.61273918380244,-0.2605501764684163,-0.764681788880691,-0.6915175866579101,-0.04775370054556749,0.7207794471452583,0.721927634089692,-0.02497836024401528,-0.6915175866579101,-0.011184257237911027,0.9987965240599511,-0.04775370054556749,0.6918781710154586,0.04220882662761066,0.7207794471452583,0.8336052548366468,5.110987967653369,1.116931456728512,-3.1220275656570156,-2.3155987242604037,0.9729942181351667,-0.5785021973691699,-0.5160558065283303,1.0629881268412034,0.3891513626855904,0.10382465740623532,0.69826812506016,-0.13470959370697316,0.6953383287312362,0.5,0.4,-0.14784573561877087,3.9565953478795413,-1.1881761794783408,-0.2605501764684163,-0.764681788880691,-1.0,False
1782605566.865834,TRACKING,Tracking AprilTag,Walk,2,67.49093627929688,-1.2044353848067666,-0.051837007556844256,4.444813776404074,4.605401304820083,-0.26462077653460814,-0.7416757591932469,-0.6728180576304209,-0.08942422804463507,0.7343835297479434,0.7385766652458895,-0.04266580458269461,-0.6728180576304209,-0.023942871516201246,0.9957058031076145,-0.08942422804463507,0.6737442010569142,0.08215584444901977,0.7343835297479434,0.7930988994230448,4.986850087413605,1.1058045282681315,-3.144278287673744,-2.32107975719851,0.9971884478083926,-0.5842937789966137,-0.5215368394664364,1.0827568778346905,0.40425433098277125,0.10382137280789538,0.6994667444905827,-0.13739089370404028,0.6936073372068919,0.5,0.4,-0.13267918071547613,3.9448137764040743,-1.2044353848067666,-0.26462077653460814,-0.7416757591932469,-1.0,False
1782605566.9157772,TRACKING,Tracking AprilTag,Walk,2,64.2328109741211,-1.2412904430275116,-0.018193905226324834,4.439353800002612,4.609663235393281,-0.27264758933113226,-0.7446134395715639,-0.6775819903982462,-0.01765399729812532,0.7352353246868304,0.7354449495583191,-0.0018364250904004242,-0.6775819903982462,-0.013768625163233012,0.9997493492573586,-0.01765399729812532,0.6774445742127365,0.02231291559557328,0.7352353246868304,0.7646947040215157,4.980724293616279,1.094092933600475,-3.1688959517382322,-2.3265898372320177,1.023820541075044,-0.5901180765411986,-0.5270469194999443,1.1040904377765222,0.4212269575873884,0.10815368889474189,0.6995199934664993,-0.13964765247808658,0.6924399551415613,0.5,0.4,-0.12692388938776292,3.9393538000026123,-1.2412904430275116,-0.27264758933113226,-0.7446134395715639,-1.0,False
1782605566.9657643,TRACKING,Tracking AprilTag,Walk,2,55.0316162109375,-1.2947315752869617,-0.029750138357742432,4.564603040086642,4.744767205706259,-0.2763864641617763,-0.6708511559141803,-0.6212340928119454,-0.03670146895677447,0.7827651014860935,0.7835266867526842,-0.012415034211807965,-0.6212340928119454,-0.01326646222455586,0.9992382114173073,-0.03670146895677447,0.6212164937655839,0.0369981589955539,0.7827651014860935,0.4921650211476152,4.706160782009364,1.0823781937606158,-3.194860392545859,-2.3311860800911783,1.051765042597773,-0.5956400463540963,-0.5316431623591049,1.1260183212717063,0.43940813580525895,0.10840120556038048,0.6988093482324302,-0.1422765822979994,0.6925836033184894,0.5,0.4,-0.1,4.064603040086642,-1.2947315752869617,-0.2763864641617763,-0.6708511559141803,-1.0,False
1782605567.015835,TRACKING,Tracking AprilTag,Walk,2,65.47116088867188,-1.2538621306136821,-0.04192378603510547,4.361366448015619,4.538220481675497,-0.2799433159259477,-0.7673018949726339,-0.6939598319278857,-0.026066322566266373,0.7195417281148412,0.7199537713400885,-0.009290791344344932,-0.6939598319278857,-0.012225841870905507,0.9995854518841392,-0.026066322566266373,0.6939143289511545,0.027250790406461226,0.7195417281148412,0.8606984981195989,5.010052070269985,1.0720502134950696,-3.2184639464084133,-2.3339210091638942,1.0770956976631878,-0.6003467272722139,-0.5343780914318208,1.1456634612208478,0.4560773711712452,0.10888781438569098,0.6989206067996342,-0.14318991734799946,0.6922066720561219,0.5,0.4,-0.131701963152964,3.8613664480156187,-1.2538621306136821,-0.2799433159259477,-0.7673018949726339,-1.0,False
1782605567.0660677,TRACKING,Tracking AprilTag,Walk,2,75.51908874511719,-1.2694820355167642,-0.0377475535946023,4.344400038087481,4.526236980896678,-0.28429581128595716,-0.7387406486213224,-0.6733572590154285,0.0006136025124422811,0.73931699914393,0.7393045626836146,0.004331896399785178,-0.6733572590154285,-0.005300469148283312,0.9999857641580528,0.0006136025124422811,0.6733503312704298,0.0031154702400611866,0.73931699914393,0.8024679890624111,4.875129441384002,1.063528013122595,-3.2402793045953007,-2.338437892041523,1.1002752639566558,-0.6037001521569445,-0.5388949743094498,1.16290093656427,0.4719331964665657,0.10833966190338994,0.6979515683747965,-0.14648743017923146,0.6925803626015581,0.5,0.4,-0.11350409415329976,3.844400038087481,-1.2694820355167642,-0.28429581128595716,-0.7387406486213224,-1.0,False
1782605567.115827,TRACKING,Tracking AprilTag,Walk,2,67.49903869628906,-1.296048642839752,-0.05464458943216091,4.3349935680457,4.52491959605456,-0.2905148793732405,-0.7565063833139888,-0.686374367550231,-0.005552099689008927,0.7272272009207739,0.7272375241998528,0.003976300502823452,-0.686374367550231,-0.010707409781220981,0.9999272601368663,-0.005552099689008927,0.6863023639558918,0.011386986848632333,0.7272272009207739,0.8269046518699337,4.92094494857367,1.0551657074306322,-3.2616623585474387,-2.3438178038995297,1.122997529715585,-0.6069958753835627,-0.5442748861674562,1.1798048978953046,0.4874708682395426,0.10839735084843244,0.6959769097548847,-0.15124360101487364,0.6935355279790191,0.5,0.4,-0.11678980022107793,3.8349935680457,-1.296048642839752,-0.2905148793732405,-0.7565063833139888,-1.0,False
1782605567.1660037,TRACKING,Tracking AprilTag,Walk,2,65.72425079345703,-1.3060212647374891,-0.06562978868362236,4.311989224250985,4.505912769147421,-0.2940981653227022,-0.7536138298130522,-0.6841116392310543,-0.022082700644278707,0.7290429475695206,0.7293731597510215,0.0024614839854074384,-0.6841116392310543,-0.024085342066668,0.9994659827276697,-0.022082700644278707,0.6836919555855124,0.032583591987422396,0.7290429475695206,0.8314147524032525,4.88327429553281,1.0450068261684404,-3.2838584339858437,-2.349249193971031,1.1469190248556365,-0.611857017598225,-0.5497062762389577,1.198679962867319,0.5029499042453446,0.10876606456887117,0.6942839419028672,-0.1541768120656389,0.6945280857066133,0.5,0.4,-0.11211856611609411,3.8119892242509854,-1.3060212647374891,-0.2940981653227022,-0.7536138298130522,-1.0,False
1782605567.2158349,TRACKING,Tracking AprilTag,Walk,2,63.93334197998047,-1.3330649955987377,-0.08361535437738249,4.33844257427361,4.539398394087938,-0.29811136358415574,-0.7241429886066354,-0.662342817111364,-0.02134311345031695,0.7488968314322269,0.7491809323738878,0.0054702091709931105,-0.662342817111364,-0.02616663972329631,0.9994297266310614,-0.02134311345031695,0.6618483493467241,0.03332113950313632,0.7488968314322269,0.7360187243632605,4.761440743381328,1.0324282424125546,-3.3078503287847827,-2.354516613242422,1.1731382450778693,-0.6186676178863968,-0.5549736955103486,1.2205175836591782,0.5189795674825481,0.10888584380663384,0.6936589769408036,-0.1566759871365634,0.694574496927967,0.5,0.4,-0.1,3.8384425742736097,-1.3330649955987377,-0.29811136358415574,-0.7241429886066354,-1.0,False
1782605567.2659147,TRACKING,Tracking AprilTag,Walk,2,68.49149322509766,-1.336115394418924,-0.09615209013842857,4.227290889389925,4.43446026424415,-0.3061329847395292,-0.7582052141881102,-0.6875547686048726,-0.013711622842257031,0.7260030520374772,0.726029171668252,0.012250798154080632,-0.6875547686048726,-0.029849597698599836,0.9994603508475279,-0.013711622842257031,0.6870157519329114,0.0304782714130007,0.7260030520374772,0.8805070708501528,4.82430536477138,1.0186390635237461,-3.3332140331189435,-2.3586968744036274,1.2009680519398573,-0.6263462116380367,-0.559153956671554,1.2440452852302715,0.5357099652889318,0.10919232022011971,0.6935451842712242,-0.16040101595219372,0.693789325848016,0.5,0.4,-0.10358292082847875,3.7272908893899253,-1.336115394418924,-0.3061329847395292,-0.7582052141881102,-1.0,False
1782605567.3159306,TRACKING,Tracking AprilTag,Walk,2,71.68577575683594,-1.3346860115310966,-0.09585420859805703,4.175965312463338,4.38511813633108,-0.3093503776228722,-0.7930433679202556,-0.7124681303213211,0.008192291667618645,0.7016566465399396,0.7011873887010989,0.026933421672250143,-0.7124681303213211,-0.030068413844715355,0.999514270456453,0.008192291667618645,0.7123427099475345,0.015678454991776787,0.7016566465399396,0.988631160047547,4.930592316709665,1.0041741492890779,-3.3598621877144237,-2.363693394236176,1.2302020785863228,-0.6343916807477078,-0.5641504765041028,1.2687441862442137,0.5532975227050261,0.11071654660797382,0.6937789334580146,-0.16076482015733354,0.6932296231385704,0.5,0.4,-0.11810634409954285,3.6759653124633376,-1.3346860115310966,-0.3093503776228722,-0.7930433679202556,-1.0,False
1782605567.3659139,TRACKING,Tracking AprilTag,Walk,2,65.3046875,-1.367336034810164,-0.08884980900440127,4.188168525853463,4.406615222775875,-0.3155662088245941,-0.7574163769266655,-0.6864812899599821,-0.04055238126018955,0.7260158007295758,0.7271472532956536,-0.0005572786248281905,-0.6864812899599821,-0.03751925536411436,0.9984727386619279,-0.04055238126018955,0.6854554526017786,0.05524381946864017,0.7260158007295758,0.8875728482733181,4.7647154235028335,0.9904406885414055,-3.386555857834353,-2.368818999821647,1.2593145729843145,-0.6417144287637437,-0.5692760820895734,1.2928059457677155,0.5712472217892062,0.11486802263610768,0.6963492403057133,-0.16088847378787452,0.6899405567898838,0.5,0.4,-0.1,3.688168525853463,-1.367336034810164,-0.3155662088245941,-0.7574163769266655,-1.0,False
1782605567.4157832,TRACKING,Tracking AprilTag,Walk,2,65.51734924316406,-1.3646382313460872,-0.055397539427792825,4.078098770577289,4.300720401561816,-0.3229135805351857,-0.8150896670384165,-0.7277440822245295,-0.01087195056590548,0.6857626057740899,0.6858364934266818,0.004105492829160058,-0.7277440822245295,-0.017521111421781567,0.9997873830697396,-0.01087195056590548,0.7275447167966643,0.020207265604026994,0.6857626057740899,1.0792351159329396,4.919214418804901,0.9770078750755075,-3.4100022928519795,-2.3753559092032734,1.285196244417471,-0.649480694048392,-0.5758129914712,1.3151714360354836,0.5864116748860962,0.1196283997692595,0.6963471494732049,-0.16162040948418324,0.6889619268343884,0.5,0.4,-0.11692261103754109,3.578098770577289,-1.3646382313460872,-0.3229135805351857,-0.8150896670384165,-1.0,False
1782605567.4659195,TRACKING,Tracking AprilTag,Walk,2,57.81162643432617,-1.3789646214379723,-0.05159304850099082,4.055006741790627,4.2833730803887065,-0.32779649476768213,-0.8317448780450091,-0.7388866611906224,-0.024461536372256062,0.6733855768821332,0.6738182336304406,-0.003935726327827361,-0.7388866611906224,-0.02098580981393343,0.9994804795616381,-0.024461536372256062,0.7385990683812202,0.03198876417603902,0.6733855768821332,1.119305998638163,4.95289072711433,0.9650838105143817,-3.4291885507728437,-2.3804380742903333,1.3065865912029961,-0.6567435359893125,-0.5808951565582599,1.3343104293383008,0.5984114558848703,0.12152002506177005,0.6953679786683807,-0.16235221831456972,0.6894476158200675,0.5,0.4,-0.1208555937315906,3.555006741790627,-1.3789646214379723,-0.32779649476768213,-0.8317448780450091,-1.0,False
1782605567.5157804,TRACKING,Tracking AprilTag,Walk,2,71.11283111572266,-1.4407770839752077,-0.07928460198065079,4.132225841477538,4.376918443242242,-0.335488156916057,-0.7175325005995299,-0.6574798763232547,-0.012046331839286606,0.7533758013894365,0.753463850795047,0.003526722991243323,-0.6574798763232547,-0.015191546139983116,0.9998120337418902,-0.012046331839286606,0.6573138082156619,0.01906461145285898,0.7533758013894365,0.8079294595351227,4.519559877084539,0.9541665621320872,-3.4465381959855836,-2.384037016586621,1.3259598639500378,-0.6634422526065005,-0.5844940988545477,1.351738275820604,0.6092034282828116,0.12530126746315304,0.6935208486039005,-0.16173811922910644,0.6907743522396327,0.5,0.4,-0.1,3.6322258414775384,-1.4407770839752077,-0.335488156916057,-0.7175325005995299,-1.0,False
1782605567.565998,TRACKING,Tracking AprilTag,Walk,2,71.90516662597656,-1.4224424964898128,-0.0933794229938983,4.043874901372284,4.287771751202196,-0.3382350784972524,-0.7941774354172126,-0.7132818255467224,-0.003930055405750487,0.7008663153620974,0.7008484441439056,0.006363622066256656,-0.7132818255467224,-0.013078812972413093,0.9999067453096515,-0.003930055405750487,0.7131902992836481,0.012083252809466538,0.7008663153620974,1.0197523280327103,4.776996441531839,0.9432203491847144,-3.4660365067799734,-2.387419220066186,1.34743240041997,-0.6696819544640639,-0.5878763023341127,1.3701358275567976,0.6219130227624924,0.12591589462864877,0.6937276094761134,-0.16339158987925,0.6900654894190514,0.5,0.4,-0.1,3.543874901372284,-1.4224424964898128,-0.3382350784972524,-0.7941774354172126,-1.0,False
1782605567.615851,TRACKING,Tracking AprilTag,Walk,2,70.6950912475586,-1.4078769575078478,-0.09470656114515037,3.9661314446852254,4.209665722682314,-0.34109987366091893,-0.8043997196782238,-0.7203541200941939,0.012941620011730302,0.6934857288616628,0.6935219357367384,0.010828957257603116,-0.7203541200941939,-0.0021707684827653555,0.9999138974110052,0.012941620011730302,0.7204322399894119,-0.007411575341773864,0.6934857288616628,1.1048531780066728,4.771439827106599,0.9317749328103331,-3.4883515991356204,-2.39098205010264,1.371761543019164,-0.6757691314133649,-0.5914391323705666,1.390218976575035,0.6369339424525543,0.12597617908425002,0.69384554449116,-0.16363475587445458,0.6898782714095338,0.5,0.4,-0.1,3.4661314446852254,-1.4078769575078478,-0.34109987366091893,-0.8043997196782238,-1.0,False
1782605567.6658373,TRACKING,Tracking AprilTag,Walk,2,69.55560302734375,-1.4458555856526514,-0.06666220895529595,3.9942613383804346,4.2484192194210815,-0.34731015431385864,-0.7961571132462504,-0.7138256600972162,-0.048693701067030845,0.6986285497051837,0.7001137072314401,-0.017138376043930287,-0.7138256600972162,-0.02520478962013494,0.9984956895533398,-0.048693701067030845,0.7135863756594953,0.052082953161062776,0.6986285497051837,1.0448332256241777,4.724067077838126,0.919164753615389,-3.513411623797517,-2.395080064315372,1.399028234279739,-0.6823682982610766,-0.5955371465832984,1.4125541000139807,0.6539093280549646,0.12829499060112076,0.6970775868960039,-0.16705204056863346,0.6853589198192127,0.5,0.4,-0.1,3.4942613383804346,-1.4458555856526514,-0.34731015431385864,-0.7961571132462504,-1.0,False
1782605567.7159135,TRACKING,Tracking AprilTag,Walk,2,58.91132736206055,-1.4929355472662176,-0.055551488976394794,4.0470661644410075,4.3140105534852164,-0.3534061222770812,0.012225389843337478,0.012223306571311683,0.017058051762691498,0.9997797825754055,0.9996645672046598,0.02283295539311312,0.012223306571311683,-0.023039805394437576,0.9995890106626062,0.017058051762691498,-0.011828797187652259,-0.017333952537385233,0.9997797825754055,0.8405959606574399,1.3523059040976046,0.9069445968421584,-3.5404588974640125,-2.398486173067597,1.4281419691572932,-0.688136979724993,-0.5989432553355234,1.4354116209084806,0.6728413375338904,0.13195548262883575,0.6946278204434689,-0.16540210819803186,0.6875478778047339,0.5,0.4,0.3241782049710418,3.5470661644410075,-1.4929355472662176,-0.3534061222770812,0.012225389843337478,-1.0,False
1782605567.7658448,TRACKING,Tracking AprilTag,Walk,2,72.81295013427734,-1.4550904998546157,-0.08228863347909442,3.9161986449187065,4.178596846841069,-0.3557486215627873,-0.7733290895972306,-0.6984466660325391,-0.014624213840115908,0.7155126742955636,0.7156307424669974,-0.006700383881890216,-0.6984466660325391,-0.004911257528098071,0.9998809988788921,-0.014624213840115908,0.698461537942947,0.013895788454925593,0.7155126742955636,1.049591674999658,4.582401212285858,0.8945075885371149,-3.5659362026354975,-2.4002774581970416,1.4557758036441701,-0.6944728652931346,-0.6007345404649682,1.4577744366891896,0.6902676602882399,0.13232457022198985,0.6958636647144402,-0.16668745446321692,0.6859149078204437,0.5,0.4,-0.1,3.4161986449187065,-1.4550904998546157,-0.3557486215627873,-0.7733290895972306,-1.0,False
1782605567.815802,TRACKING,Tracking AprilTag,Walk,2,72.58385467529297,-1.4626697324700153,-0.05835492120509009,3.907849893824988,4.17302034931304,-0.35814819297266826,-0.7543569241759965,-0.6846664209887438,-0.021190500873102803,0.7285484573061777,0.7288034308096104,-0.008800636943188554,-0.6846664209887438,-0.007834806356667405,0.9997447566664706,-0.021190500873102803,0.6846781543539234,0.020807938564250696,0.7285484573061777,1.019868611950568,4.497041167548256,0.8847247257350763,-3.5890464470181476,-2.4022465499140555,1.4805023900919403,-0.6987604896552114,-0.6027036321819821,1.476713188486457,0.7067331235489814,0.13238246238593862,0.6966405835284017,-0.16747693720009937,0.6849220806339341,0.5,0.4,-0.1,3.407849893824988,-1.4626697324700153,-0.35814819297266826,-0.7543569241759965,-1.0,False
1782605567.8657901,TRACKING,Tracking AprilTag,Walk,2,73.65242004394531,-1.4374498828374869,-0.05105376200299084,3.8245454884576677,4.086075971585216,-0.3595143984087691,-0.8274187385583804,-0.7361810449388724,0.003982788658020536,0.6767729356787368,0.6767476622225068,0.007076068758988391,-0.7361810449388724,-0.006123148550001813,0.9999733218673087,0.003982788658020536,0.7361895874896673,0.0018124029844145634,0.6767729356787368,1.2225493595653436,4.731774354746042,0.8761751096683399,-3.611023735416487,-2.4062258525828595,1.5038458852371919,-0.7021038972935343,-0.6066829348507861,1.494046412840956,0.7227223847485797,0.13165762222394192,0.6961312848697532,-0.1704773940062447,0.6848393701217563,0.5,0.4,-0.1,3.3245454884576677,-1.4374498828374869,-0.3595143984087691,-0.8274187385583804,-1.0,False
1782605567.915826,TRACKING,Tracking AprilTag,Walk,2,71.59156799316406,-1.4606870162467809,-0.05706306457758547,3.8219577932272792,4.091970689775483,-0.3650531120180071,-0.788310038161448,-0.7090617141043375,-0.016882768421764976,0.7049442940558038,0.7051418455574461,-0.002542289373263092,-0.7090617141043375,-0.01337209680480018,0.9997680526789501,-0.016882768421764976,0.708940170022042,0.02138638836462308,0.7049442940558038,1.138604049399961,4.567404945381951,0.8667967258953049,-3.6327149432054013,-2.4105759895537857,1.5270986806094489,-0.7063193551467363,-0.6110330718217123,1.511998549922151,0.7380906426769906,0.13128647265798626,0.6947623980780371,-0.1746824196871951,0.6852409244682528,0.5,0.4,-0.1,3.3219577932272792,-1.4606870162467809,-0.3650531120180071,-0.788310038161448,-1.0,False
1782605567.9659085,TRACKING,Tracking AprilTag,Walk,2,72.26249694824219,-1.4626839911763272,-0.06417115138371905,3.7915984196745116,4.064453342184121,-0.3681790554863274,-0.814393467291593,-0.7269934887631028,-0.029473665202689674,0.6860114943319626,0.6866292770613965,-0.004550074526472138,-0.7269934887631028,-0.024584504783763218,0.999263181141013,-0.029473665202689674,0.7265919336234617,0.03811025633273366,0.6860114943319626,1.2036929443111577,4.638148127236347,0.8551272093172576,-3.655346092346527,-2.4155163368173906,1.551786463427758,-0.7125531267281464,-0.6159734190853172,1.5324218393293059,0.7532970813923767,0.13135032379463799,0.6938617476289242,-0.1769445114687061,0.6855607977980362,0.5,0.4,-0.1,3.2915984196745116,-1.4626839911763272,-0.3681790554863274,-0.814393467291593,-1.0,False
1782605568.0158293,TRACKING,Tracking AprilTag,Walk,2,68.84981536865234,-1.460174939153971,-0.07364583574316579,3.7027659764312633,3.980955970401152,-0.37562368850183797,-0.8418708409150281,-0.7458810777697022,0.005035110549131929,0.6660601065120666,0.6657784915009359,0.020010449266461793,-0.7458810777697022,-0.0244054768743342,0.9996894619632111,0.005035110549131929,0.745750208148328,0.014851315088570433,0.6660601065120666,1.3139477471827934,4.67953004751824,0.8412621343211241,-3.6795761208223103,-2.4205034605363736,1.5785293350931655,-0.7205627084696127,-0.6209605428043001,1.5555198202689733,0.7689756610824011,0.13134867671403802,0.6938530468797325,-0.18121478678623557,0.6844535597914603,0.5,0.4,-0.1,3.2027659764312633,-1.460174939153971,-0.37562368850183797,-0.8418708409150281,-1.0,False
1782605568.065858,TRACKING,Tracking AprilTag,Walk,2,70.0587387084961,-1.4652861545998392,-0.06932366607901315,3.6756826318960267,3.957589177259651,-0.37933623790281923,-0.8634507638853182,-0.7600894388346334,0.00019960294438664192,0.6498184401282537,0.6495276060445394,0.019440523606680853,-0.7600894388346334,-0.029683481428002492,0.999559328448781,0.00019960294438664192,0.7597583694283093,0.022432453118641775,0.6498184401282537,1.3669618021604013,4.730853437510538,0.8264692531240204,-3.7049398196444163,-2.424705004118497,1.6065867330532804,-0.7292188607186126,-0.6251620863864236,1.5799492371752994,0.7852652326442018,0.13214117604495565,0.6942141969216284,-0.18249520386809118,0.6835940746898399,0.5,0.4,-0.1,3.1756826318960267,-1.4652861545998392,-0.37933623790281923,-0.8634507638853182,-1.0,False
1782605568.1158001,TRACKING,Tracking AprilTag,Walk,2,72.15223693847656,-1.4707785794142716,-0.06473608023077852,3.658286311347299,3.9434045094991883,-0.3822640305659106,-0.8467315647085222,-0.7490090026423188,0.01715830788401578,0.6623376075924694,0.6619299372823871,0.028883768626925335,-0.7490090026423188,-0.024200942800769003,0.9995598565559298,0.01715830788401578,0.7491749278352078,0.0067691263686693445,0.6623376075924694,1.3451435400832017,4.6579304162331185,0.8116084759149217,-3.7316187730008874,-2.4293005698917955,1.6359405208732174,-0.7376428972853268,-0.6297576521597221,1.605017304843134,0.8027065982689485,0.13556381763563022,0.6955809391155524,-0.18176904498825158,0.6817254746386104,0.5,0.4,-0.1,3.158286311347299,-1.4707785794142716,-0.3822640305659106,-0.8467315647085222,-1.0,False
1782605568.1659334,TRACKING,Tracking AprilTag,Walk,2,65.83061218261719,-1.538986090507445,-0.03959673132022717,3.7573945368021335,4.060549198457907,-0.38874501225740066,-0.7735266499140309,-0.6985004419673514,-0.021552178754907454,0.7152850034513035,0.7155746163682546,0.007078204633952652,-0.6985004419673514,-0.03092253515589896,0.9992893977274295,-0.021552178754907454,0.6978515352343632,0.037021596517589336,0.7152850034513035,1.1065628681409885,4.408027755423665,0.7964095153596407,-3.7564185745428142,-2.4340947059000353,1.6635407916132474,-0.7468224187084178,-0.6345517881679619,1.6295638790367764,0.8183112211043764,0.1369008479765429,0.6971384242479147,-0.1826768782852398,0.6796214633164535,0.5,0.4,-0.1,3.2573945368021335,-1.538986090507445,-0.38874501225740066,-0.7735266499140309,-1.0,False
1782605568.2159173,TRACKING,Tracking AprilTag,Walk,2,63.70228958129883,-1.4940248996984606,-0.018007524668773985,3.5691541834229787,3.8692759344494214,-0.39643183235829127,-0.8836289464830791,-0.7730446122841292,-0.001885355110080601,0.6343488573762778,0.6343034087870627,0.00782387497297188,-0.7730446122841292,-0.014630990612033058,0.999891183854433,-0.001885355110080601,0.7729457417664083,0.012506295638110064,0.6343488573762778,1.4503847830323222,4.698690607464565,0.7825975393916492,-3.777450585520765,-2.4401880409681938,1.6871569091526866,-0.7555054572480315,-0.6406451232361202,1.6512096021390241,0.8311400494724632,0.14154324923931752,0.6969738521189163,-0.18378038959016174,0.6785408804629119,0.5,0.4,-0.1,3.0691541834229787,-1.4940248996984606,-0.39643183235829127,-0.8836289464830791,-1.0,False
1782605568.265903,TRACKING,Tracking AprilTag,Walk,2,66.97676086425781,-1.5154390954840211,-0.019335626247070026,3.571757859505292,3.8799979027702607,-0.4012638865231713,-0.8840948241536943,-0.7733346160585374,-0.004198410085688932,0.6339841835238061,0.6339668991936164,0.00628826943012271,-0.7733346160585374,-0.015039079651286445,0.9998780922872521,-0.004198410085688932,0.7732139398705079,0.014291893911568782,0.6339841835238061,1.4330512892561287,4.688477126952085,0.7700881738076022,-3.7947270685890815,-2.443856662392477,1.7068199491570188,-0.7637714086338789,-0.6443137446604038,1.6700356609278468,0.8411670432894034,0.14459486077161315,0.6950807405939766,-0.18384116532043004,0.679821679727407,0.5,0.4,-0.1,3.071757859505292,-1.5154390954840211,-0.4012638865231713,-0.8840948241536943,-1.0,False
1782605568.3157926,TRACKING,Tracking AprilTag,Walk,2,72.33499145507812,-1.5500250263376247,-0.03134853441707679,3.6172373345357163,3.9354753521324595,-0.40484050895839874,-0.79433193609068,-0.7131079010661091,0.02839770110771083,0.7004789019013247,0.7005031301593255,0.02779363369686689,-0.7131079010661091,-0.010749692221209072,0.9995389010383471,0.02839770110771083,0.7135683630558017,-0.0122269880583073,0.7004789019013247,1.2301108792684778,4.385656521181062,0.7580953687342563,-3.8111955359593956,-2.4469291119105634,1.7255788874758538,-0.7717174783670557,-0.64738619417849,1.688042769414134,0.8506949934896015,0.14593710847099142,0.6943456904918438,-0.18353529283658354,0.6803684433819077,0.5,0.4,-0.1,3.1172373345357163,-1.5500250263376247,-0.40484050895839874,-0.79433193609068,-1.0,False
1782605568.3659065,TRACKING,Tracking AprilTag,Walk,2,71.6126708984375,-1.5240427050520957,-0.05327588046006986,3.5031407050362935,3.8206726221365113,-0.4103525212716271,-0.8770708847567695,-0.7688199817079129,-0.011324642457409054,0.639364988249948,0.6394651117619002,-0.0004544953077752706,-0.7688199817079129,-0.012904821452861058,0.9998525981645903,-0.011324642457409054,0.7687118032283686,0.017163198348023163,0.639364988249948,1.4572791485294814,4.6065108286199585,0.7449407197308234,-3.831165774233711,-2.450335960955352,1.7480118365734973,-0.7800010767348535,-0.6507930432232787,1.7086316299363091,0.8628586290289812,0.1466096043552743,0.6944729718377647,-0.1854288001795684,0.6795800728108343,0.5,0.4,-0.1,3.0031407050362935,-1.5240427050520957,-0.4103525212716271,-0.8770708847567695,-1.0,False
1782605568.415826,TRACKING,Tracking AprilTag,Walk,2,68.77723693847656,-1.5683386789288858,-0.03665299314460305,3.5419682190140427,3.8738312454515067,-0.4168397095998588,-0.8364043208525659,-0.7422375626961903,-0.0014372113601105949,0.6701353109233429,0.6700792119346616,0.008789212469951941,-0.7422375626961903,-0.014707223948466215,0.9998908100323936,-0.0014372113601105949,0.7421438858447549,0.011879299513103053,0.6701353109233429,1.3315081162305162,4.466101587914039,0.7319676947255569,-3.8519021988656696,-2.4538776297959997,1.7711498294283796,-0.7879340440833053,-0.6543347120639262,1.729393826391888,0.8757903683800556,0.14684932196923264,0.6972596235147606,-0.1886580441425179,0.6757754334344738,0.5,0.4,-0.1,3.0419682190140427,-1.5683386789288858,-0.4168397095998588,-0.8364043208525659,-1.0,False
1782605568.465906,TRACKING,Tracking AprilTag,Walk,2,68.54542541503906,-1.5746555895365397,-0.015507106720419769,3.5240365059243777,3.85987227652745,-0.4202170766442798,-0.8369777907572715,-0.7426224870723989,0.00024865993649611767,0.6697102208139284,0.6696402902003424,0.009681086447593905,-0.7426224870723989,-0.014179929863542995,0.9998994288213694,0.00024865993649611767,0.7425502079519378,0.010363822069740021,0.6697102208139284,1.3398940126715577,4.450094534211772,0.7176562256671738,-3.875714953932186,-2.4576933604266533,1.7975875200340328,-0.7964730115798309,-0.6581504426945799,1.7527095795202825,0.8908980189757879,0.14972146764830355,0.6973980796369819,-0.18823522471560056,0.6751199158817308,0.5,0.4,-0.1,3.0240365059243777,-1.5746555895365397,-0.4202170766442798,-0.8369777907572715,-1.0,False
1782605568.5158343,TRACKING,Tracking AprilTag,Walk,2,49.26506042480469,-1.6440439785697796,-0.027202584622869976,3.6194385511510307,3.975418972842987,-0.42636291013230687,-0.14899247872112828,-0.14773488745813376,0.09748032728065535,0.9842113537350546,0.9881881499449316,0.040725708540747155,-0.14773488745813376,-0.026428380075347493,0.9948864892639006,0.09748032728065535,0.15094939892230877,-0.092424510515365,0.9842113537350546,1.0629825928360257,1.8188879499882218,0.7033573913884223,-3.9024707882756093,-2.460029202532679,1.8268887617365057,-0.8043323097569686,-0.6604862848006057,1.7773065681258717,0.9086552565053255,0.1528916726849308,0.6941465043695482,-0.18701001401462197,0.6780944046026273,0.5,0.4,0.30923037975851203,3.1194385511510307,-1.6440439785697796,-0.42636291013230687,-0.14899247872112828,-1.0,False
1782605568.565904,TRACKING,Tracking AprilTag,Walk,2,72.18680572509766,-1.556749993863823,-0.048999954206914706,3.4105928048998484,3.749401928273616,-0.42820112277335176,-0.8590787515012441,-0.7572280818648778,-0.005882648244242542,0.6531240513752901,0.6531497358052103,0.0010269629117377064,-0.7572280818648778,-0.008392279935387156,0.99994748066442,-0.005882648244242542,0.757182271487566,0.010197120184508317,0.6531240513752901,1.4625302051772064,4.454030883769558,0.6896568606481801,-3.9269075211812647,-2.4621278035651293,1.8537956419141022,-0.8121347617289536,-0.662584885833056,1.8003475074878057,0.9245918047823629,0.15331573255175238,0.6951696631227944,-0.18755543237720346,0.6767986298831139,0.5,0.4,-0.1,2.9105928048998484,-1.556749993863823,-0.42820112277335176,-0.8590787515012441,-1.0,False
1782605568.6158981,TRACKING,Tracking AprilTag,Walk,2,70.72086334228516,-1.557826837428796,-0.02527892282017699,3.383203876792748,3.724719043269953,-0.43151755247313556,-0.8425769546328326,-0.746360538844652,-0.0005860515520235581,0.6655415859276554,0.66552042781177,0.005339121721692218,-0.746360538844652,-0.00867941119149145,0.9999621614665963,-0.0005860515520235581,0.7463291686559005,0.006867999293358332,0.6655415859276554,1.4548269324114615,4.3763166583534066,0.6787512622840586,-3.949194315604184,-2.4647304900386224,1.8779748162211796,-0.817702598935353,-0.665187572306549,1.8199332602042997,0.9398243873558252,0.15289265517760595,0.695615804814042,-0.19012400035059582,0.6757183973937227,0.5,0.4,-0.1,2.883203876792748,-1.557826837428796,-0.43151755247313556,-0.8425769546328326,-1.0,False
1782605568.6657915,TRACKING,Tracking AprilTag,Walk,2,71.76275634765625,-1.5338642704160004,-0.02261312213559726,3.3105077759908066,3.648659026032321,-0.43388536206446066,-0.8988939398577819,-0.7826295597206562,0.004883610535365693,0.6224685715757788,0.6224266986043332,0.00871648529868056,-0.7826295597206562,-0.007862859915048414,0.9999571619734993,0.004883610535365693,0.7826386013342727,0.0031140170106625266,0.6224685715757788,1.6080773407955955,4.524538363049997,0.6687207365088488,-3.9704713017883795,-2.4690242640065945,1.9009720576167122,-0.8226471390156027,-0.669481346274521,1.8382893520401016,0.954534094386395,0.15270567340216382,0.6946216103077644,-0.1932929127356726,0.6758843434274828,0.5,0.4,-0.1,2.8105077759908066,-1.5338642704160004,-0.43388536206446066,-0.8988939398577819,-1.0,False
1782605568.715825,TRACKING,Tracking AprilTag,Walk,2,71.78732299804688,-1.5501323040489823,-0.029801181891955745,3.288499534806455,3.6356605260833463,-0.44049044940710497,-0.9079139604812619,-0.7882211379291864,-0.0012204371236383335,0.615390890617375,0.6153070820728733,0.01022900154389134,-0.7882211379291864,-0.018184865960970683,0.9998338967964673,-0.0012204371236383335,0.7880777280198621,0.015084639346245352,0.615390890617375,1.6237402508024297,4.525902223984085,0.6576680097748566,-3.991681590573011,-2.473508835605535,1.9241361301519755,-0.8286023772278684,-0.6739659178734614,1.8575344874833302,0.968734935219091,0.15246344365810055,0.693043395811742,-0.19653013954326812,0.6766251947132517,0.5,0.4,-0.1,2.788499534806455,-1.5501323040489823,-0.44049044940710497,-0.9079139604812619,-1.0,False
1782605568.765839,TRACKING,Tracking AprilTag,Walk,2,72.66427612304688,-1.5665144545037075,-0.03807678650646082,3.2930934409422963,3.6469002986943417,-0.4440168187194714,-0.913034170618736,-0.7913175821731537,0.010632117356974604,0.6113128840652237,0.611158802455946,0.017360942493080088,-0.7913175821731537,-0.014635672733520165,0.9998363641937338,0.010632117356974604,0.7913726778605963,0.005083553049507051,0.6113128840652237,1.616605818331253,4.53781914952372,0.6439829719472853,-4.013814242882218,-2.4785246756585,1.9487954347293814,-0.8369122061274931,-0.6789817579264266,1.879549566873917,0.9826083211795715,0.15264624233809834,0.691882368310549,-0.1998255887304814,0.676806949734975,0.5,0.4,-0.1,2.7930934409422963,-1.5665144545037075,-0.4440168187194714,-0.913034170618736,-1.0,False
1782605568.815778,TRACKING,Tracking AprilTag,Walk,2,70.24812316894531,-1.5680496631806367,-0.04283553749385982,3.226567924672812,3.5876670974326355,-0.452369380574806,-0.9331495676096572,-0.8033802628226249,0.01718228074905292,0.5952183822222823,0.5948102594442362,0.027944741310856225,-0.8033802628226249,-0.023753498858984368,0.999570177886584,0.01718228074905292,0.8035151066108445,0.008862895286099907,0.5952183822222823,1.6893292107484807,4.5496900273013745,0.6279605643908712,-4.037348480456545,-2.483319730193391,1.9753498300219907,-0.8471807003088494,-0.6837768124613175,1.9042800892726592,0.9967143179183353,0.1528928194977949,0.691954448960679,-0.20263639151005156,0.6758411937321689,0.5,0.4,-0.1,2.726567924672812,-1.5680496631806367,-0.452369380574806,-0.9331495676096572,-1.0,False
1782605568.8659563,TRACKING,Tracking AprilTag,Walk,2,71.4622573852539,-1.5609638789150313,-0.0377535323321477,3.180497367758516,3.54310556811392,-0.4562544193047454,-0.9432810876891302,-0.8094688794435634,0.00703241421979394,0.5871206676336842,0.586760427509092,0.02173324462038597,-0.8094688794435634,-0.02732302968411922,0.999601919365465,0.00703241421979394,0.8092994827369089,0.01799079984737989,0.5871206676336842,1.7385680177066272,4.547020739975118,0.6109777777605966,-4.061895571401832,-2.4876953382953135,2.003108467874588,-0.8581548854801502,-0.6881524205632401,1.9303182485920716,1.0113084597177888,0.15435842883414302,0.6922020329806311,-0.20391914224391927,0.6748679903594779,0.5,0.4,-0.1,2.680497367758516,-1.5609638789150313,-0.4562544193047454,-0.9432810876891302,-1.0,False
1782605568.915832,TRACKING,Tracking AprilTag,Walk,2,70.60816192626953,-1.599372556653396,-0.028439639024183186,3.198269741663696,3.5759936700846398,-0.4637070608357136,-0.9304986984758697,-0.8015385607538814,0.03075801987064139,0.5971514714360451,0.5970465910648223,0.032730776380516705,-0.8015385607538814,-0.013497385805912785,0.9994357231908633,0.03075801987064139,0.8020930050027124,-0.007545295718859306,0.5971514714360451,1.6775312390783785,4.500477444172676,0.5940497496732197,-4.0879652561840425,-2.4924498245387277,2.0323376212148445,-0.8687304797699571,-0.6929069068066542,1.9569759292852296,1.027294536773541,0.15795857629131094,0.6943951786963851,-0.20379586021510326,0.6718122292266072,0.5,0.4,-0.1,2.698269741663696,-1.599372556653396,-0.4637070608357136,-0.9304986984758697,-1.0,False
1782605568.9658968,TRACKING,Tracking AprilTag,Walk,2,64.71157836914062,-1.646167140890285,-0.006958386017303402,3.2599073909534932,3.651973558567487,-0.46761856077277636,-0.8661651296156785,-0.7617323677845526,0.017609269072158113,0.6476524635266073,0.6474869393916459,0.022901161249554682,-0.7617323677845526,-0.014643699435392458,0.9997377034550563,0.017609269072158113,0.7619358407268192,-0.0002471918924088108,0.6476524635266073,1.503810954833554,4.3066411961562805,0.5768281184734595,-4.112220817175464,-2.4975285126604696,2.059866482731105,-0.880003394380104,-0.6979855949283962,1.983100625994703,1.0415218710996585,0.16186805586231615,0.6938597507702903,-0.2033116493504431,0.6715815304121661,0.5,0.4,-0.1,2.7599073909534932,-1.646167140890285,-0.46761856077277636,-0.8661651296156785,-1.0,False
1782605569.0158422,TRACKING,Tracking AprilTag,Walk,2,62.45989227294922,-1.5968808816145577,-0.0015695300048058287,3.092626120964843,3.4805699730883983,-0.47664275410323764,-0.9972152443147709,-0.8399488000458961,-0.005838001690036062,0.542634251626016,0.5426656538314688,-3.811985983270729e-05,-0.8399488000458961,-0.008965934736948376,0.9999427632372564,-0.005838001690036062,0.8399009466395173,0.010699009127782245,0.542634251626016,1.850090384488696,4.617964407656149,0.561665200171925,-4.132521399730709,-2.503656537693595,2.0830765601025036,-0.8901680415414661,-0.7041136199615214,2.005638784492865,1.0531002628279187,0.16430702654906326,0.6922013328725581,-0.20501757138867144,0.6721817546006069,0.5,0.4,-0.1,2.592626120964843,-1.5968808816145577,-0.47664275410323764,-0.9972152443147709,-1.0,False
1782605569.0658937,TRACKING,Tracking AprilTag,Walk,2,70.0698471069336,-1.6215356982478903,-0.00830801554453563,3.1011079219648434,3.4994738729540003,-0.4817908100529335,-0.9677704561558521,-0.8236150069329395,0.004488636051525841,0.5671315301596721,0.5670741833339369,0.00922989441990896,-0.8236150069329395,-0.009756138283481684,0.9999423332933708,0.004488636051525841,0.8236089414048042,0.0054899122767861986,0.5671315301596721,1.7750301293526698,4.522422568877446,0.5479950180409672,-4.149367208524909,-2.5074510561625356,2.102583367514548,-0.8996622301857755,-0.7079081384304622,2.025318561057007,1.0622305173594078,0.1663246045947952,0.6906896240714504,-0.20483866899821382,0.6732942067101599,0.5,0.4,-0.1,2.6011079219648434,-1.6215356982478903,-0.4817908100529335,-0.9677704561558521,-1.0,False
1782605569.115818,TRACKING,Tracking AprilTag,Walk,2,71.98819732666016,-1.6455879668438829,-0.03741409749384909,3.094290772005185,3.5048530572663252,-0.48877391325292696,-0.9162796283389069,-0.7933350914998896,-0.004246044246123428,0.6087704031103367,0.6087803504441266,0.00243259285298494,-0.7933350914998896,-0.009528882425256237,0.9999455842734571,-0.004246044246123428,0.7932815926976071,0.010144505114888635,0.6087704031103367,1.6798210808200142,4.341078024120735,0.5347438235843172,-4.165962001487295,-2.5109997684868106,2.1217506893470297,-0.908805264789367,-0.7114568507547372,2.0445116776374888,1.0713192787667962,0.16888437077155707,0.6887821193194874,-0.20520030883049328,0.674499884855973,0.5,0.4,-0.1,2.594290772005185,-1.6455879668438829,-0.48877391325292696,-0.9162796283389069,-1.0,False
1782605569.1659834,TRACKING,Tracking AprilTag,Walk,2,70.85415649414062,-1.6191841799891884,-0.043398653854373304,3.0198874813079906,3.426858802408461,-0.49216605923401047,-0.9789852335272613,-0.8297358247256926,-0.02172464375169739,0.5577333601467968,0.5580746825983038,-0.009545145864634006,-0.8297358247256926,-0.01520213265174518,0.999648405699074,-0.02172464375169739,0.8296514592319121,0.024737727739674916,0.5577333601467968,1.8409338162695732,4.48924148472868,0.5206939903870939,-4.185457187263154,-2.514789130072903,2.1439239496393627,-0.9180684504894114,-0.7152462123408296,2.0656961233457887,1.0826629704647024,0.1690087083823155,0.6895848274840738,-0.20776657397378184,0.672860961071378,0.5,0.4,-0.1,2.5198874813079906,-1.6191841799891884,-0.49216605923401047,-0.9789852335272613,-1.0,False
1782605569.2157845,TRACKING,Tracking AprilTag,Walk,2,69.85664367675781,-1.6683730912915873,-0.023563247900587777,3.0547011889918387,3.480692941416353,-0.499894664777687,-0.9577786577804346,-0.8178878626422211,0.00823016181683013,0.5753187886546102,0.5752027680451305,0.014185195654590482,-0.8178878626422211,-0.01295573594423549,0.9998821997328545,0.00823016181683013,0.8179082616891474,0.005862327321887734,0.5753187886546102,1.7472780829652697,4.427353903243988,0.505305677941962,-4.207674762234882,-2.518791460829184,2.1690521941055563,-0.9280179292486521,-0.7192485430971105,2.0892787080325492,1.0958645801023614,0.1697933713508252,0.6913800541560561,-0.21013608107868123,0.6700795916824982,0.5,0.4,-0.1,2.5547011889918387,-1.6683730912915873,-0.499894664777687,-0.9577786577804346,-1.0,False
1782605569.2658494,TRACKING,Tracking AprilTag,Walk,2,70.39469909667969,-1.6387664987729444,-0.0066712823280415876,2.9740770659796243,3.395693528264058,-0.5036235466174288,-0.9894093017394552,-0.8356993890413899,-0.0023631979237875213,0.5491820704023583,0.549169536164925,0.004399057200021067,-0.8356993890413899,-0.011606018307803542,0.9999298553571706,-0.0023631979237875213,0.8356303733633911,0.010996938716706912,0.5491820704023583,1.866596823705619,4.472642774657745,0.48943460799404437,-4.231963064956588,-2.5225977648506746,2.1963066953350703,-0.9379680384502311,-0.7230548471186011,2.1142044518257284,1.1107144894202574,0.17443801453238694,0.6889630189088817,-0.20794622656117645,0.672056325408017,0.5,0.4,-0.1,2.4740770659796243,-1.6387664987729444,-0.5036235466174288,-0.9894093017394552,-0.9740770659796243,False
1782605569.3158267,TRACKING,Tracking AprilTag,Walk,2,61.84968185424805,-1.7440077057108265,-0.04443725825058832,3.114921211562869,3.570192109921238,-0.5104032266735828,-0.8226738249082743,-0.7326883885761264,-0.027587131799124687,0.6800049083681801,0.6804451635435629,-0.012732032669340136,-0.7326883885761264,-0.011002143240741578,0.9995588541967941,-0.027587131799124687,0.7327164064317682,0.026832673010695893,0.6800049083681801,1.4725116461413517,3.98270710033706,0.4731820332751357,-4.257806575692935,-2.5249281950731324,2.225162402410791,-0.9479370605353483,-0.725385277341059,2.1401559762959117,1.1267940295208578,0.1749267718230402,0.6870117737753456,-0.20904542689948105,0.6735840383248679,0.5,0.4,0.1,2.614921211562869,-1.7440077057108265,-0.5104032266735828,-0.8226738249082743,-1.0,False
1782605569.3658276,TRACKING,Tracking AprilTag,Walk,2,70.6561508178711,-1.6428075465701173,-0.04685343510614749,2.916227829952628,3.347446285698874,-0.5130220638630871,-0.9798201027868015,-0.8303970965014501,0.00035979513899025636,0.557171905850806,0.5571649609891401,0.002805061127924998,-0.8303970965014501,-0.004498236436169654,0.9999898181563762,0.00035979513899025636,0.8303896507754261,0.0035348572313927233,0.557171905850806,1.8799441996905106,4.394972300616632,0.45877372519706955,-4.28047229259199,-2.5267171196351086,2.2505048925312754,-0.9568304433964276,-0.7271742019030352,2.1630549550673557,1.1408286593857864,0.17559992320317516,0.6883004289058764,-0.20971892114220017,0.6718818055684923,0.5,0.4,0.1,2.416227829952628,-1.6428075465701173,-0.5130220638630871,-0.9798201027868015,-0.9162278299526281,False
1782605569.4158113,TRACKING,Tracking AprilTag,Walk,2,69.26736450195312,-1.6213461830724931,-0.022692618704680173,2.853313092367399,3.281870503749748,-0.5167337031165553,-0.9984658131370736,-0.840431541478655,0.022325662105432388,0.5414576519907774,0.5415990297781518,0.018582654040163078,-0.840431541478655,0.0003418938280164499,0.9997506928830628,0.022325662105432388,0.8406368859691888,-0.012378895292358937,0.5414576519907774,1.9615049358522092,4.409849453032628,0.44706449965732337,-4.301854209932303,-2.5300608489714365,2.2739849885969954,-0.9633861615594657,-0.730517931239363,2.182965261992459,1.1548953587156507,0.17541877050635582,0.6875146245593571,-0.21240686199099454,0.671889292183008,0.5,0.4,0.1,2.353313092367399,-1.6213461830724931,-0.5167337031165553,-0.9984658131370736,-0.853313092367399,False
1782605569.46579,TRACKING,Tracking AprilTag,Walk,2,69.26726531982422,-1.6244759843366987,-0.023108365561800404,2.8379097933441955,3.2700440693367603,-0.519893089544235,-1.0081693368533675,-0.8457496792667502,0.015912023340926732,0.5333425611493865,0.5333907484353964,0.014205263239975579,-0.8457496792667502,-0.0013983412129427823,0.9998724179389338,0.015912023340926732,0.8458678112597618,-0.007304679406586569,0.5333425611493865,1.981636414000579,4.423012090097762,0.435833685649616,-4.322528458444068,-2.5345549266051863,2.2966673664948813,-0.9696363989709103,-0.7350120088731129,2.2021349632073313,1.1685364103662552,0.1749814837602956,0.6865597177605738,-0.215568399247075,0.671972841367581,0.5,0.4,0.1,2.3379097933441955,-1.6244759843366987,-0.519893089544235,-1.0081693368533675,-0.8379097933441955,False
1782605569.5158465,TRACKING,Tracking AprilTag,Walk,2,69.12825012207031,-1.635881725623865,-0.0280631898265702,2.8083674019198845,3.2502036900815305,-0.5274545121626116,-1.024357532076086,-0.8543799994715074,-0.0010918222639322139,0.5196475963835596,0.5195892837784307,0.007860832378591273,-0.8543799994715074,-0.016922083441549517,0.9998562151710321,-0.0010918222639322139,0.8542485699576058,0.015025188789977767,0.5196475963835596,2.0122326103238573,4.437174853974353,0.4230243854863584,-4.343127277046265,-2.5390483177547654,2.319634212022708,-0.9774411094062558,-0.7395054000226919,2.222689634719167,1.1814164327854582,0.17504901821470453,0.6846931263363164,-0.2188723079909102,0.6727912579430572,0.5,0.4,0.1,2.3083674019198845,-1.635881725623865,-0.5274545121626116,-1.024357532076086,-0.8083674019198845,False
1782605569.5660012,TRACKING,Tracking AprilTag,Walk,2,69.45195770263672,-1.6374202038466699,-0.03548844135291392,2.7853718784434442,3.231207336996264,-0.5314482700977943,-1.0321710658889944,-0.8583944672563651,-0.006861303026521553,0.5129443060454411,0.5129805824790146,0.003140156548942062,-0.8583944672563651,-0.017601642264696377,0.9998215364305592,-0.006861303026521553,0.8582197295501174,0.01862886755775122,0.5129443060454411,2.0348314282481903,4.4385703939469074,0.4070523615389418,-4.364786804488943,-2.5426482869546128,2.3443513059638823,-0.9880856359396499,-0.7431053692225394,2.2465515291082623,1.1938603338691463,0.17505168083987194,0.6841542156674074,-0.22088983018113548,0.6726794192943614,0.5,0.4,0.1,2.2853718784434442,-1.6374202038466699,-0.5314482700977943,-1.0321710658889944,-0.7853718784434442,False
1782605569.6158323,TRACKING,Tracking AprilTag,Walk,2,67.46654510498047,-1.6326137609012261,-0.03607237328709159,2.733415265362598,3.1840678261173854,-0.5384169628681336,-1.017403349609026,-0.8506408949844858,0.01572996843671102,0.5255117847136955,0.5252242138588453,0.023443398993133052,-0.8506408949844858,-0.019145436004302373,0.9996929630507487,0.01572996843671102,0.8507484807253923,0.008024130511371972,0.5255117847136955,2.044207400835707,4.357346676979208,0.3891025208535433,-4.387657864608708,-2.543038570169548,2.3706968575031557,-1.0003817363672087,-0.7434956524374747,2.2727223769116716,1.2065240180441372,0.17437848111089707,0.6846964652089756,-0.22161997371846948,0.6720621125348575,0.5,0.4,0.11148569276417025,2.233415265362598,-1.6326137609012261,-0.5384169628681336,-1.017403349609026,-0.733415265362598,False
1782605569.6658964,TRACKING,Tracking AprilTag,Walk,2,66.6712417602539,-1.6261121864926738,-0.03340550506081194,2.7148452942672963,3.1647656694664823,-0.5396621557410839,-1.0173184255344765,-0.8506608942616761,0.00977228341040875,0.5256239582162063,0.5253405376932047,0.019833366586137362,-0.8506608942616761,-0.021918649579562115,0.9997119961656733,0.00977228341040875,0.8506097179416793,0.0135115614310441,0.5256239582162063,2.059102114760683,4.343988189012394,0.37043287235551997,-4.41148164423142,-2.5402730125443864,2.39813353293508,-1.0131628588450878,-0.740730094812313,2.299958323917865,1.2197274812726673,0.17425820178933657,0.6852528306440916,-0.22034049333082487,0.6719469504374103,0.5,0.4,0.12208329553460784,2.2148452942672963,-1.6261121864926738,-0.5396621557410839,-1.0173184255344765,-0.7148452942672963,False
1782605569.7158906,TRACKING,Tracking AprilTag,Walk,2,67.9683837890625,-1.6092816001194454,-0.029132238785345543,2.7001577436446142,3.1434833857336706,-0.5374697400785333,-1.0051150110293012,-0.8436549916591877,0.03669663859072668,0.5356301072238917,0.5357150756510259,0.03543462669129746,-0.8436549916591877,-0.008307091125933634,0.9992919237906244,0.03669663859072668,0.8443579513199607,-0.01265062362420785,0.5356301072238917,2.0654076852012078,4.308042480706792,0.35162203715075685,-4.436077851405684,-2.5349740309964486,2.4263545303121052,-1.0259063370008343,-0.7354311132643752,2.327660358396649,1.2335628784189838,0.17412728507612849,0.6876593483886224,-0.21636215408162476,0.6708142272245805,0.5,0.4,0.13185323695787643,2.2001577436446142,-1.6092816001194454,-0.5374697400785333,-1.0051150110293012,-0.7001577436446142,False
1782605569.7659528,TRACKING,Tracking AprilTag,Walk,2,67.35783386230469,-1.5854265136870256,-0.018313918904146805,2.6776049541236904,3.1118291920147474,-0.5345950224045066,-1.0113455959587176,-0.8473032147689694,0.02397069021684152,0.5305682503247797,0.5304516402145815,0.02642573813217164,-0.8473032147689694,-0.011510853015331874,0.999646390616896,0.02397069021684152,0.8476370435844105,-0.0029621091779754236,0.5305682503247797,2.105166943382533,4.317862852898738,0.3339543504355672,-4.458473833301466,-2.530193760076878,2.4521733983883087,-1.0380353604654775,-0.7306508423448046,2.3533690693315457,1.2459236769776614,0.17383118771703887,0.6883055842293003,-0.21423717306418766,0.670910258211268,0.5,0.4,0.13848912708765437,2.1776049541236904,-1.5854265136870256,-0.5345950224045066,-1.0113455959587176,-0.6776049541236904,False
1782605569.8158503,TRACKING,Tracking AprilTag,Walk,2,66.21048736572266,-1.5550176761844974,-0.011806113407505826,2.6523202614928105,3.074576739501767,-0.5302744860036376,-0.9924911143983652,-0.8371802257996749,0.0223944422266866,0.5464684423526771,0.5464155156801683,0.023650660751472475,-0.8371802257996749,-0.008959474303442346,0.9997090660675042,0.0223944422266866,0.837466305020197,-0.004735975977262446,0.5464684423526771,2.117788438273237,4.260531336473141,0.3186789795038049,-4.476310433219878,-2.5261012571673263,2.4730091758868626,-1.0488682561902225,-0.7265583394352528,2.3749260848460008,1.255239058658622,0.17273073731057853,0.6880542762198416,-0.21173248329696004,0.6722460567981314,0.5,0.4,0.1535360057664576,2.1523202614928105,-1.5550176761844974,-0.5302744860036376,-0.9924911143983652,-0.6523202614928105,False
1782605569.865837,TRACKING,Tracking AprilTag,Walk,2,68.87757873535156,-1.5622408094024842,-0.018650517583966894,2.6756755521547713,3.098416345291158,-0.5284731318583606,-0.96867098264629,-0.824132416346238,0.001759596480053203,0.5663944421933697,0.566352251221847,0.007133572965698432,-0.824132416346238,-0.010034501067960083,0.9999481049577246,0.001759596480053203,0.8241022001695317,0.007273206184246681,0.5663944421933697,2.066212052799283,4.208348634741827,0.3049738131438714,-4.491460250047909,-2.5200366750653225,2.490872102501153,-1.0587810957253305,-0.720493757333249,2.3938924193223876,1.262830283290138,0.17236123650855595,0.6874308097719071,-0.20824948263710796,0.6740642691219871,0.5,0.4,0.14837216814460613,2.1756755521547713,-1.5622408094024842,-0.5284731318583606,-0.96867098264629,-0.6756755521547713,False
1782605569.91583,TRACKING,Tracking AprilTag,Walk,2,68.1541519165039,-1.5186120200623483,-0.041355436136822396,2.6412365931462323,3.046969556879528,-0.5218061043330136,-0.9901895610137185,-0.8360222087246799,0.016054733345422883,0.5484606750317792,0.5484482176012317,0.016474802855860775,-0.8360222087246799,-0.00556171197724107,0.9998556460295103,0.016054733345422883,0.8361660241662022,-0.004155475155856655,0.5484606750317792,2.151090636658391,4.265057149432242,0.2915310913572068,-4.507422682274302,-2.5136622546303675,2.509466965874425,-1.068254060823188,-0.7141193368982941,2.4129798726181493,1.2712668192082748,0.1697372535495158,0.6880431712562717,-0.205991812560092,0.6747986606412969,0.5,0.4,0.15215260356301213,2.1412365931462323,-1.5186120200623483,-0.5218061043330136,-0.9901895610137185,-0.6412365931462323,False
1782605569.9658399,TRACKING,Tracking AprilTag,Walk,2,67.87476348876953,-1.4908068004444563,-0.04322980126188265,2.6132093978578146,3.0088597655957616,-0.5184374152433027,-0.999202007294185,-0.841032646898265,-0.004054439788958718,0.540969175063881,0.5409661702030752,0.004437290515118984,-0.841032646898265,-0.014504979949549504,0.9998865771049538,-0.004054439788958718,0.8409192638134058,0.014392476445127846,0.540969175063881,2.20149371446769,4.279582451476077,0.2773257956857181,-4.526394717939981,-2.5066766372922578,2.5311659555907595,-1.0777872873339038,-0.7071337195601843,2.434074219465867,1.282072238842994,0.16674813849984552,0.6903079964982624,-0.20422374502945942,0.6737674600658107,0.5,0.4,0.160233643103379,2.1132093978578146,-1.4908068004444563,-0.5184374152433027,-0.999202007294185,-0.6132093978578146,False
1782605570.015828,TRACKING,Tracking AprilTag,Walk,2,68.17576599121094,-1.4700716461830001,-0.027604572663741046,2.6228639780356775,3.006873476656489,-0.5108562209671436,-0.9731596072900571,-0.8265562118498153,0.016424159439536956,0.5626145000257173,0.562604227662781,0.016772348328392847,-0.8265562118498153,-0.005677747218483687,0.9998489936851602,0.016424159439536956,0.8267068683653769,-0.004547324303740359,0.5626145000257173,2.1784279578518166,4.230374831391029,0.26241329838410965,-4.547900156208062,-2.4994347715939407,2.555492719145125,-1.0874348272194236,-0.6998918538618674,2.4569165687465655,1.2948430465782654,0.16449293934191392,0.69318972619893,-0.20166407108930745,0.6721321885095198,0.5,0.4,0.15669756674026786,2.1228639780356775,-1.4700716461830001,-0.5108562209671436,-0.9731596072900571,-0.6228639780356775,False
1782605570.0658915,TRACKING,Tracking AprilTag,Walk,2,67.90705871582031,-1.4438371899995062,-0.014863978379426336,2.60167810196206,2.975502598773498,-0.5066462073297296,-0.9782510458198499,-0.8293129987789537,0.022440776168985793,0.5583335576706747,0.5583626213553504,0.02170560133792125,-0.8293129987789537,-0.005532919794019578,0.9997328635007885,0.022440776168985793,0.8295785495489468,-0.007941568300581781,0.5583335576706747,2.2190482865930186,4.241190555875461,0.24768999539875766,-4.572013067137975,-2.4918321305795175,2.58231613317,-1.0963068385112646,-0.692289212847444,2.480734137060632,1.3100394791832284,0.165283686473532,0.6925069079500348,-0.19744930788104728,0.6738911308546037,0.5,0.4,0.16168547035111303,2.10167810196206,-1.4438371899995062,-0.5066462073297296,-0.9782510458198499,-0.6016781019620598,False
1782605570.1158059,TRACKING,Tracking AprilTag,Walk,2,64.4696273803711,-1.4544049221337587,-0.05090333923029324,2.6831163086563503,3.0523757883408424,-0.4967253403913458,-0.9072820409948761,-0.7878322788461455,0.001021406640618254,0.6158889974147647,0.6158823817689324,0.0030318698383116887,-0.7878322788461455,-0.0036161958478389987,0.9999929399031099,0.001021406640618254,0.78782981344591,0.0022198894609783927,0.6158889974147647,2.070557915763914,4.106964085470665,0.23289113098652983,-4.597749984387286,-2.482218566101382,2.610738384467599,-1.1048841882514524,-0.6826756483693084,2.50533284500018,1.3266617192577248,0.16223710754836299,0.6918576426112469,-0.1920843406526329,0.6768424701293443,0.5,0.4,0.13716322697490163,2.1831163086563503,-1.4544049221337587,-0.4967253403913458,-0.9072820409948761,-0.6831163086563503,False
1782605570.1658738,TRACKING,Tracking AprilTag,Walk,2,61.29412078857422,-1.3765370387615856,-0.0500126213271394,2.5772993471936814,2.9222983089375907,-0.4905544620208945,-1.00986394451525,-0.8466151652753064,0.01846133378785724,0.5318852705994395,0.5320038747893536,0.014650567735736256,-0.8466151652753064,0.0018450978110392778,0.9998278725704945,0.01846133378785724,0.8467399086042784,-0.01138358889716179,0.5318852705994395,2.3331628320392057,4.339496420861244,0.2196667391312371,-4.621111550897728,-2.471135888164053,2.6364901370539635,-1.1124667055442008,-0.6715929704319794,2.527473817191011,1.34184146498053,0.1595449914598281,0.6943319903775839,-0.18957411762594722,0.6756553387376805,0.5,0.4,0.1500021178572601,2.0772993471936814,-1.3765370387615856,-0.4905544620208945,-1.00986394451525,-0.5772993471936814,False
1782605570.2157893,TRACKING,Tracking AprilTag,Walk,2,60.91151809692383,-1.309798745410754,-0.024954069270487378,2.5467288765260987,2.8639174969933454,-0.4750270483522713,-0.9818299493942804,-0.8314414227508595,0.013330080605346245,0.5554524907542331,0.5554699927435227,0.012579654030905265,-0.8314414227508595,-0.002691971818881282,0.9999075268437483,0.013330080605346245,0.8315322245404788,-0.005166242898026379,0.5554524907542331,2.365535284326635,4.278952718517682,0.20874236519271064,-4.643206697758286,-2.4615172202896147,2.6604869134452054,-1.118096286662464,-0.6619743025575413,2.546992267026179,1.3568936268442093,0.1539942698705304,0.6952020348098854,-0.18609929799256722,0.6770132546190737,0.5,0.4,0.1591269509310385,2.0467288765260987,-1.309798745410754,-0.4750270483522713,-0.9818299493942804,-0.5467288765260987,False
1782605570.2659087,TRACKING,Tracking AprilTag,Walk,2,65.57625579833984,-1.2883602871843647,-0.028575281468663408,2.5467667856542042,2.8542441796062645,-0.46834113249494025,-0.9472170736698835,-0.8113596974805813,0.03269024441438583,0.5836324093334326,0.5839388658355797,0.02666162543575543,-0.8113596974805813,-0.00021205680220862805,0.9994655086355109,0.03269024441438583,0.811797607780763,-0.018917049904335667,0.5836324093334326,2.3375864522115597,4.205000075731547,0.1989239715000219,-4.664568557441371,-2.452853184049049,2.683518715079602,-1.1228149747532643,-0.6533102663169755,2.5651950572119913,1.371772750920436,0.1492286324699721,0.6951185665441768,-0.18481157428183048,0.6785172626456768,0.5,0.4,0.1625536019018144,2.0467667856542042,-1.2883602871843647,-0.46834113249494025,-0.9472170736698835,-0.5467667856542042,False
1782605570.31582,TRACKING,Tracking AprilTag,Walk,2,67.1319808959961,-1.2498517638335724,-0.03950169925177432,2.546369487869728,2.8368446176263538,-0.4562901867611745,-0.9021164963505797,-0.7844114912404654,0.024173977151564136,0.6197694984738962,0.6197093561160082,0.025669560810261702,-0.7844114912404654,-0.010808637711929924,0.9996493346066349,0.024173977151564136,0.7847569606528475,-0.006502420189466023,0.6197694984738962,2.3109152887777604,4.113595007619058,0.18831421844614113,-4.686088175792196,-2.444678304813156,2.706883612215178,-1.1282686355121876,-0.6451353870810828,2.5841780848853566,1.3864460427863299,0.14422471947624468,0.6943904500555377,-0.18432444046477314,0.6804745651462767,0.5,0.4,0.16421670403010724,2.046369487869728,-1.2498517638335724,-0.4562901867611745,-0.9021164963505797,-0.546369487869728,False
1782605570.365893,TRACKING,Tracking AprilTag,Walk,2,67.87577056884766,-1.2245195035759455,-0.047523182363162546,2.5290316937848627,2.8102860665185196,-0.45091584473143476,-0.9004703466103899,-0.7835855472087513,0.009266949730389782,0.6212147888196613,0.6209760861753988,0.01955481024826556,-0.7835855472087513,-0.019789317885111957,0.9997612247633614,0.009266949730389782,0.7835796598278478,0.009752069309531765,0.6212147888196613,2.3387000962512845,4.11087400041344,0.1747358126434014,-4.708820804262899,-2.4373774879992447,2.732103084850634,-1.1363385612442132,-0.6378345702671713,2.60636087364105,1.400905274589963,0.14019612912971377,0.6946330629626786,-0.18359162229959908,0.6812665186529671,0.5,0.4,0.16763558392312278,2.0290316937848627,-1.2245195035759455,-0.45091584473143476,-0.9004703466103899,-0.5290316937848627,False
1782605570.4159105,TRACKING,Tracking AprilTag,Walk,2,68.4343032836914,-1.170272659377927,-0.051781918702096974,2.479999651137016,2.7427390933210685,-0.4409030578341404,-0.894311591425024,-0.779717387740248,0.012497282814342923,0.6260068794971684,0.6256027367030829,0.025729576077681587,-0.779717387740248,-0.025535098724554804,0.9995958066415573,0.012497282814342923,0.779723780939597,0.012091826143193868,0.6260068794971684,2.4044703060970347,4.091646265991685,0.1593063898225665,-4.733005622826878,-2.430441374982323,2.7591566509898082,-1.1458819933684552,-0.6308984572502496,2.6308443955992025,1.4158561839295771,0.13684589766711833,0.6958265983073812,-0.18146425234805655,0.6812996921321921,0.5,0.4,0.18217812610482573,1.9799996511370161,-1.170272659377927,-0.4409030578341404,-0.894311591425024,-0.47999965113701615,False
1782605570.4658155,TRACKING,Tracking AprilTag,Walk,2,67.82197570800781,-1.1547803093017515,-0.05061558618881317,2.4787574594266064,2.7350170096325415,-0.43597328403121555,-0.8771769646052983,-0.7687870492292953,0.019755214995010605,0.6391996592754208,0.6387673732911121,0.030703676589067887,-0.7687870492292953,-0.024267187291691823,0.999510297646528,0.019755214995010605,0.7690171301341232,0.006037312519910291,0.6391996592754208,2.397443637500569,4.058911613542458,0.1436282590944453,-4.758512417245873,-2.424190564387059,2.787554153580864,-1.1553678876990854,-0.6246476466549857,2.656131960184941,1.4318855139836688,0.13586303956482532,0.6971983382520214,-0.1784041620161655,0.6809020976573186,0.5,0.4,0.1823984481071066,1.9787574594266064,-1.1547803093017515,-0.43597328403121555,-0.8771769646052983,-0.4787574594266064,False
1782605570.5158012,TRACKING,Tracking AprilTag,Walk,2,68.375,-1.124195103075625,-0.04427687279969915,2.475078733907906,2.7187846200622987,-0.4263459581294106,-0.8670836766847602,-0.7621830662671192,0.026218463872662752,0.6468303994462616,0.6465962987660244,0.031467442186021426,-0.7621830662671192,-0.017736575319314815,0.9994988774621512,0.026218463872662752,0.7626261471507652,-0.003434244337441392,0.6468303994462616,2.411870024610672,4.0508881364647005,0.1282540980891519,-4.7846688410369,-2.4158293807371716,2.816515436349817,-1.1644104223287803,-0.6162864630050982,2.681431755053501,1.448631967690686,0.134094765049247,0.6991604613742032,-0.1740729494403516,0.6803615594009815,0.5,0.4,0.17774485466066564,1.975078733907906,-1.124195103075625,-0.4263459581294106,-0.8670836766847602,-0.4750787339079059,False
1782605570.5658944,TRACKING,Tracking AprilTag,Walk,2,67.73585510253906,-1.0928744473409886,-0.03639623212609306,2.444874279654286,2.678266134400932,-0.42036165806053877,-0.8687823998312927,-0.7635410430783529,0.0023932472049605653,0.6457548667277982,0.645492590727026,0.018557770645545816,-0.7635410430783529,-0.025909120345385336,0.9996614376131272,0.0023932472049605653,0.7633269501330608,0.018237853435177892,0.6457548667277982,2.4559529955768804,4.049712376341741,0.11388388008773002,-4.8078149702136805,-2.4088753431354766,2.8423171874814543,-1.1731577704879463,-0.6093324254034032,2.7045075088122497,1.4631149249074364,0.13262495615945036,0.7002939470655929,-0.17070961913390825,0.6803361188722472,0.5,0.4,0.18507602010385082,1.944874279654286,-1.0928744473409886,-0.42036165806053877,-0.8687823998312927,-0.44487427965428594,False
1782605570.615832,TRACKING,Tracking AprilTag,Walk,2,68.04326629638672,-1.061635314159016,-0.03265853506326468,2.437310784936233,2.6586876429073927,-0.41079482764507375,-0.816945290891679,-0.7287763351939419,0.027815875414546026,0.6841866195243881,0.6842176544163755,0.027041720474863466,-0.7287763351939419,-0.009877537574258409,0.9995642607288395,0.027815875414546026,0.7292109678525293,-0.01183359739757031,0.6841866195243881,2.4281123006538863,3.9407506649214743,0.10123532637931261,-4.826265323122657,-2.4008558851976023,2.863155081509604,-1.1812931012035413,-0.6013129674655289,2.723974171113062,1.474135382803849,0.13079872624405892,0.6998311689754454,-0.16680957481335185,0.6821309213735895,0.5,0.4,0.19108585167566675,1.937310784936233,-1.061635314159016,-0.41079482764507375,-0.816945290891679,-0.437310784936233,False
1782605570.665892,TRACKING,Tracking AprilTag,Walk,2,69.00094604492188,-1.0520567478381722,-0.04197258067965775,2.453549072816748,2.6699228735902962,-0.4050762343613058,-0.8183841810554878,-0.7298601348243471,0.022352196936428245,0.6832309733071978,0.6830769219287289,0.02664774516838014,-0.7298601348243471,-0.015114059752545327,0.9996359059627218,0.022352196936428245,0.7301900327491259,-0.0042371201929441975,0.6832309733071978,2.425298488871931,3.9628659908671935,0.08943577015599656,-4.842392610411685,-2.3916064745823373,2.8815379064993447,-1.1891283209047754,-0.5920635568502639,2.741657821776072,1.4834416936517996,0.12951814361829767,0.6994712185983465,-0.16223337687909295,0.6838460325633399,0.5,0.4,0.1789799176623702,1.953549072816748,-1.0520567478381722,-0.4050762343613058,-0.8183841810554878,-0.45354907281674794,False
1782605570.7158303,TRACKING,Tracking AprilTag,Walk,2,68.32561492919922,-0.9943766248290923,-0.059755692650187,2.4038751115121206,2.602108984373639,-0.3922228163931541,-0.8351355387917425,-0.7413523523423777,0.009733839818091984,0.6710454098187535,0.6709436007960473,0.015210990344398925,-0.7413523523423777,-0.011913050815942487,0.9998816587890051,0.009733839818091984,0.7414126811507145,0.0023009107088506667,0.6710454098187535,2.5189353170612483,4.004893561720779,0.07729510871622859,-4.860878795209701,-2.3816039312989434,2.9022955309472898,-1.1967608641152354,-0.58206101356687,2.760683935107802,1.4947174064926636,0.12536328419100057,0.7007282696187329,-0.15911493762703918,0.6840660609604354,0.5,0.4,0.18435530532521371,1.9038751115121206,-0.9943766248290923,-0.3922228163931541,-0.8351355387917425,-0.40387511151212063,False
1782605570.7659066,TRACKING,Tracking AprilTag,Walk,2,68.21023559570312,-0.9733723094552038,-0.059372482831474754,2.394811375542716,2.5857494598202133,-0.3860547647981643,-0.829977427413628,-0.7376646378675941,0.026106156126572615,0.6746623975381808,0.6747186891180795,0.024608384637186412,-0.7376646378675941,-0.007916836956230695,0.9996278268960421,0.026106156126572615,0.738032529261,-0.011774340773258295,0.6746623975381808,2.536149217274715,4.001070832904094,0.06540513511013575,-4.881434298875624,-2.3716268670530205,2.9250117261539392,-1.2036800171448154,-0.5720839493209471,2.7803936676178655,1.5079622789984717,0.1225570953267516,0.702383990547937,-0.15710257139992959,0.6833412546206727,0.5,0.4,0.18360702342505833,1.8948113755427158,-0.9733723094552038,-0.3860547647981643,-0.829977427413628,-0.39481137554271584,False
1782605570.8158634,TRACKING,Tracking AprilTag,Walk,2,67.31182098388672,-0.9385932928760053,-0.04510486254979559,2.4037266486454354,2.5808707095601817,-0.3722676230147611,-0.8137187031505506,-0.7268168576939329,0.008985452025827335,0.6867725365969498,0.6867112304231087,0.01284295070057439,-0.7268168576939329,-0.009190343099421976,0.9999173962111103,0.008985452025827335,0.7268722195850486,0.0005092854760872997,0.6867725365969498,2.5361567976525663,3.9919060676491327,0.05325272276296142,-4.904239685724708,-2.3619818074278913,2.9499787079963706,-1.2103445961166508,-0.5624388896958179,2.801327310918577,1.5231131658817767,0.11835088628485405,0.7060768708319709,-0.1525926847406576,0.681295818830088,0.5,0.4,0.17078089823174414,1.9037266486454354,-0.9385932928760053,-0.3722676230147611,-0.8137187031505506,-0.4037266486454354,False
1782605570.8658738,TRACKING,Tracking AprilTag,Walk,2,67.83631896972656,-0.90714844039374,-0.03540627988981385,2.372650583618637,2.5404020724110365,-0.36518619381660816,-0.8284538898062177,-0.7364117927003538,0.03590973506748551,0.6755798712951965,0.6758987877500718,0.029300175593922284,-0.7364117927003538,-0.004196882050981567,0.9993462248432388,0.03590973506748551,0.7369825065081489,-0.02118071296562443,0.6755798712951965,2.5986284902553125,4.025523901278341,0.04189442210970475,-4.929997998296343,-2.3524561848412002,2.9776416255792264,-1.2155661525007129,-0.5529132671091268,2.8228444418872862,1.5412657066169806,0.11865222418527877,0.7054436250686481,-0.14794906966312538,0.6829216751075535,0.5,0.4,0.17430566166623881,1.8726505836186371,-0.90714844039374,-0.36518619381660816,-0.8284538898062177,-0.3726505836186371,False
1782605570.9158986,TRACKING,Tracking AprilTag,Walk,2,60.68571090698242,-0.8689957683623354,-0.06056159969598629,2.37875781768062,2.5332410283993996,-0.35025274153491315,-0.8244098087313676,-0.7341435699792385,-0.0031342493706891608,0.6789870360610881,0.6789911947058457,0.002043567974757124,-0.7341435699792385,-0.006398470496217508,0.9999746177059653,-0.0031342493706891608,0.7341185306796427,0.006825523697210229,0.6789870360610881,2.615530913968623,4.04526914351751,0.030415719137562067,-4.956345776148509,-2.341253618029391,3.0059059557467416,-1.2207713095445945,-0.5417107002973174,2.8447286316469107,1.5598949379010276,0.1140099036091824,0.7053599871580947,-0.14269547892840923,0.6849138856007735,0.5,0.4,0.1591016373666268,1.87875781768062,-0.8689957683623354,-0.35025274153491315,-0.8244098087313676,-0.3787578176806199,False
1782605570.9658854,TRACKING,Tracking AprilTag,Walk,2,56.96735382080078,-0.8359578552848272,-0.05749032953092884,2.3509244896145405,2.4957917841180923,-0.34164328069028926,-0.8506634071610043,-0.751704806108653,0.005942114838626309,0.6594729530044405,0.6594570018040452,0.007506480185278868,-0.751704806108653,-0.004609173355580311,0.999971722996317,0.005942114838626309,0.7517281545163769,-0.0004538314722781658,0.6594729530044405,2.6902692460280875,4.105225697017753,0.0205209662856453,-4.9806247578490845,-2.3286646624947465,3.031796207362825,-1.2249028900742802,-0.5291217447626732,2.8642812084148,1.577361243410584,0.11053112400273578,0.7069475479424011,-0.13988809288474346,0.6844262973863495,0.5,0.4,0.15821964162538962,1.8509244896145405,-0.8359578552848272,-0.34164328069028926,-0.8506634071610043,-0.3509244896145405,False
1782605571.0158098,TRACKING,Tracking AprilTag,Walk,2,57.527748107910156,-0.7766188514845951,-0.04758424584082144,2.3277099045680654,2.454309373481217,-0.3220271934929899,-0.8409541537556294,-0.7452559312170866,0.007976909619199501,0.6667308046720808,0.6666763408358236,0.011672769830249938,-0.7452559312170866,-0.008590568102032556,0.999931283165304,0.007976909619199501,0.7452978322183965,0.0010841549144580652,0.6667308046720808,2.7384197888393866,4.106268140895375,0.012638168013647417,-5.003477183753374,-2.3181076075661338,3.055840838324647,-1.2273984060966387,-0.5185646898340603,2.881399725482842,1.594429584035824,0.10382024172039574,0.70708847756072,-0.13671801378817547,0.6859704272166536,0.5,0.4,0.1520299714070032,1.8277099045680654,-0.7766188514845951,-0.3220271934929899,-0.8409541537556294,-0.32770990456806537,False
1782605571.065897,TRACKING,Tracking AprilTag,Walk,2,65.67013549804688,-0.7549778867621268,-0.05233789731604089,2.326997552341673,2.446967199126177,-0.31372795914775414,-0.8018159016618402,-0.7185762197200938,0.01104554427489717,0.6953604909717338,0.6952790685208299,0.015337318200605151,-0.7185762197200938,-0.0106409771944949,0.9998823758602895,0.01104554427489717,0.7186611068376758,-3.338256820821679e-05,0.6953604909717338,2.7086546966260387,4.03693857076385,0.005454527004557584,-5.025785973003648,-2.3084602658474096,3.079197454854254,-1.229336250324005,-0.5089173481153362,2.897651362875897,1.6113165925928574,0.10015660983353938,0.706772420397554,-0.1356172986289607,0.6870584746472594,0.5,0.4,0.1512592445969521,1.8269975523416728,-0.7549778867621268,-0.31372795914775414,-0.8018159016618402,-0.3269975523416728,False
1782605571.1158812,TRACKING,Tracking AprilTag,Walk,2,70.21519470214844,-0.7135251206212315,-0.06770410037339718,2.318563189060434,2.4268162692365083,-0.29854662947093213,-0.7562753697641338,-0.6860363939750181,0.022936837639219422,0.727205588276703,0.726973719391617,0.029381583614093973,-0.6860363939750181,-0.018753332706049092,0.999561010639935,0.022936837639219422,0.6864091519103853,-0.0038090094249932926,0.727205588276703,2.694387994991231,3.963678976825599,-0.0031076994080191044,-5.048809560340673,-2.299840192117033,3.1035628537773525,-1.2324546842777835,-0.5002972743849596,2.9154554457901956,1.628240301600832,0.0960685315984454,0.7058656721321608,-0.1345813927411513,0.6887759714666178,0.5,0.4,0.14823121972387818,1.8185631890604341,-0.7135251206212315,-0.29854662947093213,-0.7562753697641338,-0.3185631890604341,False
1782605571.1658702,TRACKING,Tracking AprilTag,Walk,2,70.21519470214844,-0.7135251206212315,-0.06770410037339718,2.318563189060434,2.4268162692365083,-0.29854662947093213,-0.7562753697641338,-0.6860363939750181,0.022936837639219422,0.727205588276703,0.726973719391617,0.029381583614093973,-0.6860363939750181,-0.018753332706049092,0.999561010639935,0.022936837639219422,0.6864091519103853,-0.0038090094249932926,0.727205588276703,2.694387994991231,3.963678976825599,-0.014713879473662973,-5.073411837352491,-2.292501280282033,3.130156057309988,-1.2381798022463688,-0.49295836254995945,2.9366875442150087,1.6452454021992238,0.09185778918971457,0.7052603017190378,-0.1337888863148534,0.6901236029023938,0.5,0.4,0.14823121972387818,1.8185631890604341,-0.7135251206212315,-0.29854662947093213,-0.7562753697641338,-0.3185631890604341,False
1782605571.215827,TRACKING,Tracking AprilTag,Walk,2,69.56272888183594,-0.6675672419573062,-0.08203231272836715,2.2706716696343703,2.3681902698360595,-0.2859390116104059,-0.7433106205082817,-0.6766834742808532,0.011599364762140721,0.7361826745939548,0.735592483002393,0.031672931433135966,-0.6766834742808532,-0.032361819827228945,0.9994089089829973,0.011599364762140721,0.6766508786426308,0.01336630314810673,0.7361826745939548,2.746192339296809,3.93721712023823,-0.027625501057075487,-5.099295826816701,-2.2857264403276667,3.158293604380529,-1.2448857195847833,-0.4861835225955933,2.9596553624062603,1.6628286388190896,0.08703821479924591,0.7058884671481619,-0.132022200989319,0.6904462032321667,0.5,0.4,0.15674854709439712,1.7706716696343703,-0.6675672419573062,-0.2859390116104059,-0.7433106205082817,-0.2706716696343703,False
1782605571.2658494,TRACKING,Tracking AprilTag,Walk,2,69.37728881835938,-0.6298364941927675,-0.0833302339530131,2.2361225071616797,2.324625088985907,-0.27455159433806314,-0.739375719056926,-0.6738143366236246,0.006074432854582593,0.738875727728256,0.7382271178755638,0.03154302131380666,-0.6738143366236246,-0.03715336415043024,0.9992911131386092,0.006074432854582593,0.6735282844583766,0.020550158359390957,0.738875727728256,2.792620013744092,3.933092581042982,-0.040553223689338606,-5.126470248580127,-2.2792598154093864,3.187691620793255,-1.2513147040792716,-0.4797168976773129,2.983204397389554,1.6815641175156393,0.08483761629160577,0.7075090993181972,-0.1280498697696323,0.6898091649839773,0.5,0.4,0.15980481064516128,1.7361225071616797,-0.6298364941927675,-0.27455159433806314,-0.739375719056926,-0.2361225071616797,False
1782605571.3158214,TRACKING,Tracking AprilTag,Walk,2,70.07191467285156,-0.5989114585760207,-0.07578837555507673,2.2248904050082614,2.3053364455933023,-0.2629538720540069,-0.7263026194660921,-0.6639634147811866,0.021001615434467946,0.7474700769805095,0.7470074564204726,0.033651803582005396,-0.6639634147811866,-0.026356342353699984,0.9994319763580097,0.021001615434467946,0.6642930101016797,0.0018112837438818176,0.7474700769805095,2.809343219906124,3.922125132977856,-0.052749745909758075,-5.154053955680239,-2.272215006590383,3.2173224564543927,-1.2569387266326242,-0.4726720888583096,3.006276284218948,1.7009884344866322,0.08392617312006133,0.7088251988678343,-0.1240886617840616,0.6892932894871655,0.5,0.4,0.1549892397234609,1.7248904050082614,-0.5989114585760207,-0.2629538720540069,-0.7263026194660921,-0.2248904050082614,False
1782605571.3659008,TRACKING,Tracking AprilTag,Walk,2,70.02265930175781,-0.5736623255144991,-0.0681202320578862,2.186615005730965,2.261639673559462,-0.2565696545398612,-0.7336626871553336,-0.6694358519918434,0.021766863446863845,0.7425509031195372,0.7422383027603054,0.030625838493922433,-0.6694358519918434,-0.02161018897169957,0.9995294910047892,0.021766863446863845,0.6697875048462075,-0.0016895645152411112,0.7425509031195372,2.862245019693857,3.929735048916174,-0.06391884863464478,-5.178160318752812,-2.2666721761896964,3.243333553600517,-1.2623506044509667,-0.46712925845762304,3.0268979129680393,1.7177399724458888,0.082823027974555,0.7097634431216655,-0.12237300743476992,0.6887677750131563,0.5,0.4,0.1624564558018313,1.6866150057309648,-0.5736623255144991,-0.2565696545398612,-0.7336626871553336,-0.1866150057309648,False
1782605571.4158216,TRACKING,Tracking AprilTag,Walk,2,71.48017883300781,-0.547590838741476,-0.06229293995548385,2.175857820511177,2.244569756572858,-0.24654665446637017,-0.6974475364066154,-0.6422583158993959,-0.00396282257523692,0.7664780177508739,0.7662977989934433,0.017086220058166478,-0.6422583158993959,-0.025610979304473667,0.9996641304839855,-0.00396282257523692,0.6419748912511066,0.019485566653831117,0.7664780177508739,2.849244495449847,3.867162889107367,-0.0741015465664672,-5.197204544760317,-2.2593616376146954,3.2641907012355205,-1.2679496466840057,-0.4598187198826221,3.0444100973179755,1.7303769531252102,0.08099121949490194,0.7090851455100006,-0.11785534652950691,0.6904699820239832,0.5,0.4,0.1605661871830546,1.675857820511177,-0.547590838741476,-0.24654665446637017,-0.6974475364066154,-0.17585782051117693,False
1782605571.465964,TRACKING,Tracking AprilTag,Walk,2,73.06368255615234,-0.5359307861903378,-0.06995208897481232,2.1847773560188957,2.250637064857737,-0.24055238116845618,-0.6998402294134617,-0.6440687341199101,0.009113005369435805,0.7649133407532602,0.7646554322738817,0.021852588478706816,-0.6440687341199101,-0.020895042902790782,0.9997401413943662,0.009113005369435805,0.6441005100728718,0.006489534771701531,0.7649133407532602,2.852928769915658,3.887949893396531,-0.08376340165159309,-5.214480508468943,-2.2514526882707093,3.28320754263432,-1.2734423790605773,-0.4519097705386359,3.0606777483985077,1.7416540934573073,0.08007910781442987,0.708687896976635,-0.11419817890304747,0.691597843479653,0.5,0.4,0.15183982943827212,1.6847773560188957,-0.5359307861903378,-0.24055238116845618,-0.6998402294134617,-0.18477735601889567,False
1782605571.515889,TRACKING,Tracking AprilTag,Walk,2,73.07838439941406,-0.4931243923518888,-0.08077504202420367,2.128842058455802,2.186701804910027,-0.2276251722410401,-0.7121987589315028,-0.65349468241401,0.003898693421247269,0.7569210660605366,0.756777484188943,0.015249245268740145,-0.65349468241401,-0.016780635046458176,0.9998515942263855,0.003898693421247269,0.6534571521623216,0.008015612371435103,0.7569210660605366,2.9352990248129895,3.9084202130743657,-0.09280206844864008,-5.233850178316239,-2.2431377321848873,3.304122239743702,-1.2778533939419987,-0.4435948144528139,3.0773050781393687,1.7550859032069268,0.07617017787412304,0.7095178828418914,-0.11108150939976279,0.6916960143008305,0.5,0.4,0.1589820779517349,1.628842058455802,-0.4931243923518888,-0.2276251722410401,-0.7121987589315028,-0.1288420584558021,False
1782605571.5658753,TRACKING,Tracking AprilTag,Walk,2,73.67052459716797,-0.4758757986811243,-0.08004255500449117,2.116000537678377,2.1703278235873094,-0.2212135359282178,-0.7090151772812996,-0.6510295561570681,0.01323738074398359,0.7589369464988313,0.7587244278080335,0.022310527947657244,-0.6510295561570681,-0.018039509115059468,0.9997496425915473,0.01323738074398359,0.651161899037605,0.0017007294818125176,0.7589369464988313,2.9538167626729783,3.9076934100730347,-0.10180868084963612,-5.256145458608273,-2.2345016062234926,3.3278790706238754,-1.281569786920809,-0.43495868849141917,3.0951885247082886,1.7711601350410993,0.07501193178215158,0.7100804022404813,-0.11047322744157394,0.6913426780280154,0.5,0.4,0.15796911144201575,1.616000537678377,-0.4758757986811243,-0.2212135359282178,-0.7090151772812996,-0.11600053767837704,False
1782605571.6157968,TRACKING,Tracking AprilTag,Walk,2,73.21713256835938,-0.44564843049025143,-0.06581037198185079,2.1202155551705615,2.167544123898295,-0.20717430804479423,-0.6860593043082269,-0.6334578558701071,0.010533573918323002,0.7737054921977444,0.7734863683712969,0.021212797557820587,-0.6334578558701071,-0.018791927149191708,0.9997679267182593,0.010533573918323002,0.6335342937977405,0.0037563180435399596,0.7737054921977444,2.9466028424700337,3.8888337009233074,-0.11065805482781316,-5.280468446190022,-2.2265262144671327,3.353575134911466,-1.2846732406155703,-0.4269832967350593,3.11382126901664,1.7891251005085613,0.07147370231013905,0.7132111114380656,-0.10418924837182525,0.6894679259567299,0.5,0.4,0.14521937716664346,1.6202155551705615,-0.44564843049025143,-0.20717430804479423,-0.6860593043082269,-0.12021555517056148,False
1782605571.6659105,TRACKING,Tracking AprilTag,Walk,2,73.0802993774414,-0.4256735531835616,-0.06200739330895714,2.102445698567846,2.1460011197879947,-0.1997654858841436,-0.6856019971711509,-0.6330718562316038,0.014573488712990962,0.7739558374185208,0.7737619928130132,0.02263632756226252,-0.6330718562316038,-0.017323751806146828,0.999743717684733,0.014573488712990962,0.6332395013747907,-0.0003092319559888663,0.7739558374185208,2.972813205558878,3.892222464683306,-0.11824709522101735,-5.308152103720164,-2.2177581394166404,3.382258538940061,-1.2857871354347852,-0.41821522168456693,3.1327977304765997,1.810662796271909,0.07177814085716751,0.7110674668248311,-0.09784044200173428,0.6925736091039794,0.5,0.4,0.14467044952587474,1.6024456985678461,-0.4256735531835616,-0.1997654858841436,-0.6856019971711509,-0.10244569856784613,False
1782605571.7158866,TRACKING,Tracking AprilTag,Walk,2,71.78438568115234,-0.3793978802995045,-0.08143329997734161,2.055806436127891,2.0921076063973905,-0.18249605951570638,-0.7013670283249319,-0.6451798928786363,0.0160149187818473,0.7638628333683491,0.763849245012454,0.016650426991988473,-0.6451798928786363,-0.008267624717843052,0.9998375711874083,0.0160149187818473,0.6453417523106877,-0.0068988783906310846,0.7638628333683491,3.0545292846484324,3.9273013443003726,-0.12584924952777135,-5.335412511289523,-2.2076593284504247,3.410532691756549,-1.287009777435205,-0.4081164107183512,3.1516000839917435,1.83181448824307,0.06689437836537425,0.7118514004337225,-0.09564187125779329,0.6925643351385963,0.5,0.3793978802995045,0.14467605642992368,1.5558064361278912,-0.3793978802995045,-0.18249605951570638,-0.7013670283249319,-0.05580643612789116,False
1782605571.7659266,TRACKING,Tracking AprilTag,Walk,2,63.789329528808594,-0.35915498198646184,-0.07616642813586025,2.0555238625053875,2.0880545910463497,-0.17298051336199463,-0.710682325895866,-0.6523216985237248,0.009489128503488552,0.7578828128908631,0.7577333342276161,0.017793140122599638,-0.6523216985237248,-0.015309197523738374,0.9998377792979336,0.009489128503488552,0.6523847198329211,0.002796292751857526,0.7578828128908631,3.077154696711689,3.959256166085506,-0.13174194687954732,-5.360368195519948,-2.197746125531999,3.436174524865992,-1.2870901034942768,-0.3982032077999256,3.1678544521233607,1.851646421435025,0.06329218924532397,0.7131204813330427,-0.09356502035977016,0.6918806724059716,0.5,0.35915498198646184,0.13595254815176963,1.5555238625053875,-0.35915498198646184,-0.17298051336199463,-0.710682325895866,-0.055523862505387545,False
1782605571.8157873,TRACKING,Tracking AprilTag,Walk,2,63.783447265625,-0.3337886677754093,-0.06686539057589336,2.024039088158336,2.052466829350715,-0.16344111040172765,-0.7176710446518465,-0.6574829920913772,0.021283847757997732,0.7531687147878519,0.7531318282856277,0.022551370994195817,-0.6574829920913772,-0.011353975919168176,0.9997090001872752,0.021283847757997732,0.6577716446107833,-0.008564497115465655,0.7531687147878519,3.1259644015528654,3.9702555284046888,-0.1357537235583056,-5.3838785138892655,-2.1894399878907564,3.4599821300806894,-1.2856662510131553,-0.389897070158683,3.1817842190295273,1.8710059414674731,0.05993688102514036,0.7126507360993267,-0.09198052923104534,0.6928752274922539,0.5,0.3337886677754093,0.13847092060601954,1.5240390881583359,-0.3337886677754093,-0.16344111040172765,-0.7176710446518465,-0.024039088158335886,False
1782605571.8659136,TRACKING,Tracking AprilTag,Walk,2,72.03509521484375,-0.2963435185071592,-0.07258756150137355,2.018383937471051,2.0413138303766676,-0.1457806102187203,-0.6490229686811361,-0.6044075747707778,0.001568449489277048,0.7966737246363195,0.7965282006757706,0.015307158061707274,-0.6044075747707778,-0.018024057242367535,0.9998363232683255,0.001568449489277048,0.6043326558185842,0.00964456247584436,0.7966737246363195,3.081709637726121,3.8739248338265715,-0.1394086911730927,-5.406938383539185,-2.1815808445690137,3.483270111211474,-1.2839970262264304,-0.38203792683694027,3.1951955967171433,1.8901174909875018,0.05420081409415103,0.7110805002216886,-0.09051780101534455,0.6951498555386104,0.5,0.2963435185071592,0.1252367503600933,1.518383937471051,-0.2963435185071592,-0.1457806102187203,-0.6490229686811361,-0.01838393747105105,False
1782605571.9157977,TRACKING,Tracking AprilTag,Walk,2,72.73270416259766,-0.2639918947325044,-0.08974962859130599,2.0143534953296904,2.0335601098722598,-0.13031271975775088,-0.6113881611839985,-0.5739317715147904,0.015941377250030274,0.8187479429820063,0.818443352657492,0.027437203513813256,-0.5739317715147904,-0.022332163287188206,0.9996235026120017,0.015941377250030274,0.5741530745138254,-0.00022997620531915383,0.8187479429820063,3.0690494090648297,3.8321531116166887,-0.14474362563174517,-5.4311482757089635,-2.1746239101778913,3.5080591025065804,-1.2837032318738881,-0.37508099244581783,3.210621326996945,1.90952437764882,0.049928389504380714,0.7094348058794829,-0.0899077233984753,0.6972273756828129,0.5,0.2639918947325044,0.11289366922388452,1.5143534953296904,-0.2639918947325044,-0.13031271975775088,-0.6113881611839985,-0.014353495329690436,False
1782605571.965891,TRACKING,Tracking AprilTag,Walk,2,72.78856658935547,-0.24519257758219443,-0.09726915157462063,1.9797826038525599,1.9972781094446184,-0.12322078692918924,-0.6222338052170858,-0.5828370577279326,0.00710160127760146,0.8125580172506702,0.8121373594291713,0.027090100746574253,-0.5828370577279326,-0.02824587724348404,0.999575778857231,0.00710160127760146,0.5827821890193273,0.010695268276226527,0.8125580172506702,3.117592607855983,3.8467759685859546,-0.1526260493650159,-5.457162954816429,-2.1685943092812674,3.5351835294077367,-1.2854813202460025,-0.369051391549194,3.2291283541887674,1.929433824589817,0.04608197772189636,0.709174171060548,-0.08892906164344767,0.6978825606253813,0.5,0.24519257758219443,0.11718868190447178,1.4797826038525599,-0.24519257758219443,-0.12322078692918924,-0.6222338052170858,0.020217396147440114,False
1782605572.0158916,TRACKING,Tracking AprilTag,Walk,2,71.73661041259766,-0.22790962228254955,-0.1002954233883647,1.9476453929620112,1.9634980378415896,-0.11648825555487001,-0.6270602078981121,-0.5867431332935213,0.008978168166586403,0.8097233404251564,0.809181767189074,0.030941286037727216,-0.5867431332935213,-0.03170684749948221,0.9994568866729656,0.008978168166586403,0.5867022613476209,0.011338805065546968,0.8097233404251564,3.1585989112616457,3.8508720429761083,-0.16136561952618775,-5.484276500057805,-2.162984777091695,3.563572562398822,-1.2878450520390095,-0.36344185935962137,3.24888805135332,1.9499540290265025,0.044739011363986655,0.7093544202895673,-0.08819627751836387,0.6978797488892543,0.5,0.22790962228254955,0.1212541753862156,1.4476453929620112,-0.22790962228254955,-0.11648825555487001,-0.6270602078981121,0.052354607037988776,False
1782605572.0658689,TRACKING,Tracking AprilTag,Walk,2,71.3757553100586,-0.19748222810505764,-0.09965915065598055,1.9142046846286973,1.9269433700504175,-0.10280303066963552,-0.622833827533723,-0.5832522978435587,0.0172620553595278,0.8121076151009626,0.8115393263046895,0.0349382157692594,-0.5832522978435587,-0.03061896295860589,0.999382059350729,0.0172620553595278,0.5834949879547126,0.0038497437260882478,0.8121076151009626,3.2003629249056385,3.849409424807358,-0.17035739351463314,-5.512545292045786,-2.157455006753946,3.5931439385208286,-1.2901924578773443,-0.35791208902187255,3.269381705217215,1.9714013307501665,0.04302884936447798,0.7118375462949031,-0.08404358237572508,0.6959687507845992,0.5,0.19748222810505764,0.11924083993125763,1.4142046846286973,-0.19748222810505764,-0.10280303066963552,-0.622833827533723,0.0857953153713027,False
1782605572.1158845,TRACKING,Tracking AprilTag,Walk,2,71.42830657958984,-0.18544191996914927,-0.09577155777904221,1.9207565209691049,1.932062760317741,-0.096247983272783,-0.5951478511677423,-0.5605963365883896,0.011150621814217642,0.8280141369788522,0.8275667196996862,0.0294121037870166,-0.5605963365883896,-0.02797087944701325,0.9995465439568669,0.011150621814217642,0.5606700940378949,0.006452489031747248,0.8280141369788522,3.1751387385636733,3.8156241353322513,-0.1796104427714921,-5.539517244757706,-2.151355395041459,3.621511502222337,-1.293088400432842,-0.35181247730938536,3.289540520937937,1.9915688120599848,0.04278535452601042,0.7127637234732521,-0.08123724233112678,0.695368821847128,0.5,0.18544191996914927,0.11020397807765135,1.4207565209691049,-0.18544191996914927,-0.096247983272783,-0.5951478511677423,0.07924347903089513,False
1782605572.1658754,TRACKING,Tracking AprilTag,Walk,2,71.84703063964844,-0.15123233052586488,-0.07514985245991287,1.8694076765987813,1.8770199198323616,-0.0807227363688314,-0.606770505983323,-0.5701820053813398,0.011146386107371852,0.821442778783805,0.8211713186126153,0.023877734970733016,-0.5701820053813398,-0.021329715021185216,0.999710358720895,0.011146386107371852,0.5702830075893317,0.0030087271074359977,0.821442778783805,3.247563441172664,3.8327006299509825,-0.18852893243055366,-5.562885301297322,-2.146843414776163,3.646293182564884,-1.296475706683728,-0.3473004970440894,3.3078159570118713,2.008645520189628,0.042114260793369204,0.7132568864221921,-0.07928467358056028,0.6951294437328722,0.5,0.15123233052586488,0.11227024780579589,1.3694076765987813,-0.15123233052586488,-0.0807227363688314,-0.606770505983323,0.13059232340121874,False
1782605572.2158666,TRACKING,Tracking AprilTag,Walk,2,71.70333862304688,-0.12916207084310327,-0.07485193814559474,1.8505218865130315,1.856533572454961,-0.06968463111848584,-0.5813549784132637,-0.5490959165258048,0.014893050103719403,0.8356266340377707,0.8354428657435677,0.02299766363919032,-0.5490959165258048,-0.01773165417158399,0.9997318567990856,0.014893050103719403,0.5492911855459855,-0.0027059135594493496,0.8356266340377707,3.2523319902701755,3.79928268229152,-0.1973947029040564,-5.582013171546288,-2.1402005413973395,3.6669331731802894,-1.3007731586899887,-0.3406576236652661,3.3241817609056548,2.0219360344483146,0.04107648356944267,0.711605827542544,-0.07415739604290171,0.6974457321664509,0.5,0.12916207084310327,0.10616609072637323,1.3505218865130315,-0.12916207084310327,-0.06968463111848584,-0.5813549784132637,0.1494781134869685,False
1782605572.2659173,TRACKING,Tracking AprilTag,Walk,2,72.19271850585938,-0.11603637444128258,-0.08176086730517011,1.8436162826738929,1.849072815590634,-0.06285663510229703,-0.5774888859098707,-0.5459136787637034,-0.005440437722570406,0.8378237624799543,0.837763796391489,0.011405121410998607,-0.5459136787637034,-0.017156725249899373,0.9998380110878393,-0.005440437722570406,0.5457631979479919,0.013923892757202738,0.8378237624799543,3.260270181550818,3.7992659691522035,-0.20616453055799094,-5.600350214767223,-2.133617766945788,3.686781181020621,-1.305156492573723,-0.33407484921371444,3.3401140430937515,2.0345582139528613,0.039428628609615324,0.7106918754339951,-0.07049545827260945,0.698851079845349,0.5,0.11603637444128258,0.10172590093861619,1.3436162826738929,-0.11603637444128258,-0.06285663510229703,-0.5774888859098707,0.15638371732610712,False
1782605572.3159158,TRACKING,Tracking AprilTag,Walk,2,70.4380111694336,-0.09118700867479101,-0.09070922730011273,1.8013836024706509,1.8059695782926632,-0.050577367880893925,-0.5715445942528462,-0.5409219218930992,0.006043333191509143,0.8410510998384179,0.8409572009886409,0.01394491021220665,-0.5409219218930992,-0.012693345952289527,0.9999011736629135,0.006043333191509143,0.5409527382996466,0.0017839245223931605,0.8410510998384179,3.304601908093942,3.788435060634442,-0.2146704977665377,-5.621106852867084,-2.126631011247768,3.7089259244425303,-1.3087341792759448,-0.32708809351569484,3.356871949858485,2.049470023508578,0.03619409028993468,0.7111864081927806,-0.0683598332626085,0.6987351528485197,0.5,0.1,0.10227869526174146,1.3013836024706509,-0.09118700867479101,-0.050577367880893925,-0.5715445942528462,0.19861639752934912,False
1782605572.365802,TRACKING,Tracking AprilTag,Walk,2,70.69762420654297,-0.0782420131184319,-0.08967276169022025,1.7780784345031913,1.7820566590463096,-0.04397532164046286,-0.5788943095948749,-0.5470983270504082,-0.0012185893391462336,0.837067461784692,0.8369578746241937,0.013599141266890878,-0.5470983270504082,-0.017042487723043415,0.999854023671572,-0.0012185893391462336,0.547001891876767,0.010343824465385707,0.837067461784692,3.3372782736228137,3.7978405456304856,-0.2235054893606754,-5.644505789291645,-2.1198955870798146,3.733718746525703,-1.312033160243044,-0.3203526693477412,3.375085934268479,2.0666111458225234,0.03369080595042833,0.7125117185965586,-0.06658816900709658,0.69768043989012,0.5,0.1,0.10381235519766102,1.2780784345031913,-0.0782420131184319,-0.04397532164046286,-0.5788943095948749,0.22192156549680875,False
1782605572.4158053,TRACKING,Tracking AprilTag,Walk,2,70.69680786132812,-0.06575518657538802,-0.08587452089370291,1.7589935824338274,1.7623156927587287,-0.03736487919093245,-0.5797533783846752,-0.5477985733079755,0.008341056367368482,0.8365686761171631,0.8364346030378919,0.017142867980321993,-0.5477985733079755,-0.015029407541692606,0.9998522609303947,0.008341056367368482,0.5478606316845462,0.0012563398374468011,0.8365686761171631,3.3616426563987174,3.7993997232815375,-0.2322073591450277,-5.669781492974778,-2.1143237650099787,3.7603092623742205,-1.314776917034581,-0.31478084727790523,3.394004590435605,2.085496806606605,0.03375278379506036,0.7126537135463378,-0.06414859994323406,0.6977609843492406,0.5,0.1,0.10349053367002736,1.2589935824338274,-0.06575518657538802,-0.03736487919093245,-0.5797533783846752,0.24100641756617258,False
1782605572.4658806,TRACKING,Tracking AprilTag,Walk,2,70.53710174560547,-0.04255380781728056,-0.08835303572900523,1.7673531957912527,1.7700718641218596,-0.024073053114222247,-0.5422274820217124,-0.5159913594615232,0.014450966811697528,0.856471883087388,0.8565031685036488,0.012459506581695043,-0.5159913594615232,-0.005839346868646246,0.9998785284155045,0.014450966811697528,0.5161087330896056,-0.009364246333039838,0.856471883087388,3.3339288859303546,3.7660458585804686,-0.24079702668283445,-5.6971242004415545,-2.108086134674692,3.788887496770248,-1.316942686835251,-0.30854321694261855,3.4137302632998487,2.1062887249903577,0.033630073049704494,0.70922223019522,-0.058165988414461675,0.7017760071243235,0.5,0.1,0.1,1.2673531957912527,-0.04255380781728056,-0.024073053114222247,-0.5422274820217124,0.23264680420874728,False
1782605572.5158615,TRACKING,Tracking AprilTag,Walk,2,70.95671081542969,-0.014688621029087233,-0.09948032876659851,1.6974426159573583,1.7004186325335906,-0.008653166990400385,-0.5873052619650424,-0.5540678474073989,-0.013698275495961799,0.8323588034722577,0.8324594471188408,0.004482116902256175,-0.5540678474073989,-0.014500404969057502,0.9998010279571482,-0.013698275495961799,0.5538962061237894,0.01943746701359116,0.8323588034722577,3.4462284829197887,3.81849117456748,-0.24970409096699706,-5.720938843166831,-2.099885224504615,3.8141015395611686,-1.3202175988084772,-0.3003423067725415,3.4321915734468638,2.1237716603832055,0.03131106040942413,0.7105108269514743,-0.055358931367149485,0.700806229280717,0.5,0.1,0.1,1.1974426159573583,-0.014688621029087233,-0.008653166990400385,-0.5873052619650424,0.30255738404264165,False
1782605572.5658224,TRACKING,Tracking AprilTag,Walk,2,71.02435302734375,0.000142736777569568,-0.0916261584503699,1.693480496369026,1.6959574183535513,8.428604730766088e-05,-0.549285256893524,-0.5220775064325911,0.000984511401822837,0.8528974780209093,0.8528627762096945,0.007756431719561593,-0.5220775064325911,-0.008491585344182163,0.9999634611902788,0.000984511401822837,0.5220660666373891,0.003593612574781438,0.8528974780209093,3.4242535792695605,3.7744534393250047,-0.2560542412412088,-5.743413771595789,-2.092037000248839,3.8374309677623573,-1.3213059903728785,-0.2924940825167657,3.4477673772764406,2.1411739921653092,0.02783162264667562,0.7111711997347901,-0.05267256654403741,0.7004902042015265,0.5,-0.1,0.1,1.193480496369026,0.000142736777569568,8.428604730766088e-05,-0.549285256893524,0.306519503630974,False
1782605572.6160645,TRACKING,Tracking AprilTag,Walk,2,71.30923461914062,0.014317050739127986,-0.08433628932632319,1.66058402453763,1.6627858822436496,0.008621482440646797,-0.5706172906902984,-0.540135416850918,-0.00775119397937662,0.8415424234435118,0.8415650821961456,0.004684430753001938,-0.540135416850918,-0.010540746467121019,0.9999144021644102,-0.00775119397937662,0.5400528724968607,0.012216564685310608,0.8415424234435118,3.4782547840602445,3.7987644471349804,-0.2608978431101471,-5.764292119237662,-2.0865211002252986,3.858863783593876,-1.3212891128178614,-0.28697818249322515,3.461288499915469,2.1578036380394705,0.02655031927819709,0.7107550988381727,-0.052307180738884844,0.7009894641611347,0.5,-0.1,0.1,1.16058402453763,0.014317050739127986,0.008621482440646797,-0.5706172906902984,0.33941597546237,False
1782605572.6659467,TRACKING,Tracking AprilTag,Walk,2,70.60613250732422,0.03720499238003726,-0.09187615326024745,1.6461462312571187,1.6491279070096152,0.02259742095189099,-0.513583757057875,-0.4913012432833736,-0.0015183087395859553,0.8709883943467803,0.8709574867712838,0.007492969055069632,-0.4913012432833736,-0.009459212744639248,0.9999541079633719,-0.0015183087395859553,0.49126731982831967,0.005969705345895854,0.8709883943467803,3.452841604795065,3.7313510133274113,-0.26616687467993694,-5.784913871899125,-2.08121811221022,3.8801431575285408,-1.321744767799955,-0.2816751944781466,3.4750791297401014,2.1740159144235554,0.021850727493085687,0.708683790285525,-0.05139193449491103,0.7033126617397385,0.5,-0.1,0.1,1.1461462312571187,0.03720499238003726,0.02259742095189099,-0.513583757057875,0.3538537687428813,False
1782605572.7158942,TRACKING,Tracking AprilTag,Walk,2,70.74305725097656,0.04721779320540128,-0.09890464036290342,1.6441639526726293,1.6478127172553887,0.02871053013049491,-0.5000718277434772,-0.47948264310424243,-0.004972979318210168,0.8775372723927288,0.8774867321116446,0.010650348811020076,-0.47948264310424243,-0.0148532154365248,0.9998773182085374,-0.004972979318210168,0.4793708553502423,0.01148558236689668,0.8775372723927288,3.4478260376055867,3.7204047819474386,-0.2740236009119348,-5.806868263770879,-2.0766643278773596,3.9033072349897373,-1.3244185263744677,-0.27712141014528613,3.4917798116184064,2.1902889195038338,0.021422990970900332,0.7083624877728468,-0.05120766217830592,0.703662857274957,0.5,-0.1,0.1,1.1441639526726293,0.04721779320540128,0.02871053013049491,-0.5000718277434772,0.35583604732737073,False
1782605572.765927,TRACKING,Tracking AprilTag,Walk,2,70.61739349365234,0.06485964353820116,-0.10617632930785607,1.582902093820888,1.5877843760686603,0.040952236618732846,-0.5152275383984842,-0.4927079692523229,-0.010051572984849719,0.8701366691019188,0.8701159370347495,0.011709532586386684,-0.4927079692523229,-0.019146051635129873,0.9997661699554127,-0.010051572984849719,0.49247506010449354,0.018179446066730644,0.8701366691019188,3.5220630490338953,3.727289380430776,-0.2841619823355566,-5.83043615378348,-2.072308062113245,3.928560162345609,-1.3289486342645715,-0.2727651443811714,3.511238954160555,2.207009385677396,0.017211718084973,0.7083049233195449,-0.049315844725738245,0.7039714765676546,0.5,-0.1,0.1,1.082902093820888,0.06485964353820116,0.040952236618732846,-0.5152275383984842,0.417097906179112,False
1782605572.815897,TRACKING,Tracking AprilTag,Walk,2,71.25373077392578,0.08080074496426867,-0.10455561618234153,1.5520242834335995,1.5576392437370177,0.05201456155072695,-0.5061271854636463,-0.48477488302887073,-0.008791114296259261,0.8745947799374147,0.87451687602632,0.014613224473428926,-0.48477488302887073,-0.021578735540266594,0.9997285003849361,-0.008791114296259261,0.48451480030815297,0.018148806808598643,0.8745947799374147,3.5493817820583495,3.7141525183063324,-0.2956340083650132,-5.8551492725775836,-2.068345130489774,3.9552309000259047,-1.3345179585809364,-0.26880221275770055,3.5323992109066698,2.2241729854219283,0.01538063494299529,0.7090350640189536,-0.04815603559533049,0.7033588773138005,0.5,-0.1,0.1,1.0520242834335995,0.08080074496426867,0.05201456155072695,-0.5061271854636463,0.44797571656640045,False
1782605572.8659284,TRACKING,Tracking AprilTag,Walk,2,70.35826110839844,0.08764140841768352,-0.10268198627941606,1.531252907265628,1.537192269296577,0.05717272139901887,-0.4976272166186759,-0.47732148440751687,-0.00924354483763238,0.8786801223436429,0.8785995148642469,0.015069605280647502,-0.47732148440751687,-0.022168690154170324,0.9997115114150097,-0.00924354483763238,0.47704448603579763,0.01870296610172861,0.8786801223436429,3.5639425427903824,3.698964538031818,-0.3085615676164404,-5.880112915704407,-2.0639884839461202,3.9824756884886825,-1.3414480933545938,-0.2644455662140468,3.5549771356199327,2.2409223908443536,0.013915521682444486,0.70993573776401,-0.04711746815283835,0.7025507459939407,0.5,-0.1,0.1,1.031252907265628,0.08764140841768352,0.05717272139901887,-0.4976272166186759,0.468747092734372,False
1782605572.9157825,TRACKING,Tracking AprilTag,Walk,2,69.68994903564453,0.09458484899636865,-0.10049489838514959,1.5224618023702459,1.5287038489967784,0.06204650984857559,-0.4934131832316358,-0.47360864205593955,-0.010490505712144074,0.8806729264941852,0.8806253033947938,0.013925846141480853,-0.47360864205593955,-0.021450972898229496,0.999714861873936,-0.010490505712144074,0.47332750900676235,0.01939757092063093,0.8806729264941852,3.571514720486532,3.695224572104103,-0.3211900328365287,-5.90328186785189,-2.060769138774098,4.007904713548842,-1.3484938837231115,-0.26122622104202464,3.576498136993114,2.2561908215863413,0.01367174820728847,0.7117243564517448,-0.04534870052685416,0.7008601993941674,0.5,-0.1,0.1,1.0224618023702459,0.09458484899636865,0.06204650984857559,-0.4934131832316358,0.47753819762975414,False
1782605572.9657924,TRACKING,Tracking AprilTag,Walk,2,69.0910415649414,0.10555604772103135,-0.07954621860602909,1.4855852969166385,1.4914534369265104,0.07093429593358791,-0.4686137257405976,-0.4516488956247438,0.002100974173994371,0.8921932867873809,0.8921099261648087,0.012375569448271301,-0.4516488956247438,-0.012807417682947426,0.9999157744329343,0.002100974173994371,0.45163685599219455,0.003910156137071732,0.8921932867873809,3.5909468088770873,3.6553451733631634,-0.33374730172442846,-5.922488104105371,-2.0572223119286,4.029458101736084,-1.3563689056657844,-0.2576793941965268,3.5962147701541927,2.267930450615361,0.012695403257630519,0.712224329871589,-0.04321319955001157,0.7005054960953148,0.5,-0.10555604772103135,0.1,0.9855852969166385,0.10555604772103135,0.07093429593358791,-0.4686137257405976,0.5144147030833615,False
1782605573.015963,TRACKING,Tracking AprilTag,Walk,2,68.45211029052734,0.11306392341930642,-0.07724011568340172,1.4566073637752182,1.4630292199590351,0.07746608343527313,-0.4672630300652838,-0.4504314330000693,-0.007586703186168223,0.8927787890066996,0.8927695387240666,0.008606677170749585,-0.4504314330000693,-0.013467012513939544,0.999880533618249,-0.007586703186168223,0.4503123252814282,0.012839143248835463,0.8927787890066996,3.618563860543195,3.6468363346965664,-0.3460517255706042,-5.93928426316091,-2.0513907668656297,4.048606857543844,-1.3645441705679204,-0.2518478491335563,3.6146457549724698,2.277615934797049,0.011352436760735546,0.7116024741581491,-0.04003870169377698,0.7013486603097429,0.5,-0.11306392341930642,0.1,0.9566073637752182,0.11306392341930642,0.07746608343527313,-0.4672630300652838,0.5433926362247818,False
1782605573.0658116,TRACKING,Tracking AprilTag,Walk,2,68.45211029052734,0.11306392341930642,-0.07724011568340172,1.4566073637752182,1.4630292199590351,0.07746608343527313,-0.4672630300652838,-0.4504314330000693,-0.007586703186168223,0.8927787890066996,0.8927695387240666,0.008606677170749585,-0.4504314330000693,-0.013467012513939544,0.999880533618249,-0.007586703186168223,0.4503123252814282,0.012839143248835463,0.8927787890066996,3.618563860543195,3.6468363346965664,-0.3584913453830031,-5.9561344504754565,-2.0452543269251433,4.067838890872918,-1.3728388584849998,-0.24571140919306989,3.633221927670724,2.2872905800875483,0.01080324915777257,0.7113664911516345,-0.03887948990678603,0.701661877501432,0.5,-0.11306392341930642,0.1,0.9566073637752182,0.11306392341930642,0.07746608343527313,-0.4672630300652838,0.5433926362247818,False
1782605573.1157935,TRACKING,Tracking AprilTag,Walk,2,69.15096282958984,0.1281534587638998,-0.08396930676776893,1.4046037250335526,1.4129351640646297,0.09098624885923724,-0.46121060659556956,-0.44503219165347824,-0.0012662715597838523,0.8955136765836905,0.8954738339660718,0.00854172548175845,-0.44503219165347824,-0.010167587664682188,0.9999475069809505,-0.0012662715597838523,0.44499801442611503,0.005658816870724231,0.8955136765836905,3.6675927461499067,3.629924458783604,-0.3716014488229202,-5.975093242574172,-2.0386221876047834,4.089276639557071,-1.3813084240820477,-0.23907926987270997,3.65332654646895,2.298565105045418,0.008056745598656332,0.7112519428874411,-0.03466842045482421,0.7020355142101903,0.5,-0.1281534587638998,0.1,0.9046037250335526,0.1281534587638998,0.09098624885923724,-0.46121060659556956,0.5953962749664474,False
1782605573.1658795,TRACKING,Tracking AprilTag,Walk,2,69.3185043334961,0.13348668609226078,-0.08456724618338375,1.3884424146916345,1.3974056867658982,0.09584673540617468,-0.45931397169073757,-0.4433202913599393,-0.007656227358649764,0.8963305759881067,0.8963448301608776,0.005750192379912585,-0.4433202913599393,-0.010201303408285269,0.9999186544871561,-0.007656227358649764,0.4432402044632679,0.011385064610674154,0.8963305759881067,3.682588842450687,3.6250598570713075,-0.3856377850210004,-5.995812277390492,-2.0326805648190103,4.112638808772028,-1.3902809480946763,-0.23313764708693685,3.6750363752792152,2.311014220299702,0.00616443282624231,0.7122666443786906,-0.03185974193364837,0.7011584584937788,0.5,-0.13348668609226078,0.1,0.8884424146916345,0.13348668609226078,0.09584673540617468,-0.45931397169073757,0.6115575853083655,False
1782605573.2158856,TRACKING,Tracking AprilTag,Walk,2,68.73009490966797,0.14236878653228632,-0.08242226761197949,1.3564602091797213,1.3663991366598816,0.10457324575866647,-0.4484930097597151,-0.4336077252758792,0.0012713846616350154,0.9011008401739062,0.9010742501524089,0.0070382024233183,-0.4336077252758792,-0.007198887490625464,0.9999732794429756,0.0012713846616350154,0.4336050872985363,0.0019758812486890447,0.9011008401739062,3.708002897939097,3.6063911713913943,-0.399254007180256,-6.018231428516759,-2.02836442392233,4.137561544836903,-1.3984587882834507,-0.22882150619025657,3.6971154601705516,2.325175217915468,0.008606031891598802,0.7107605771465818,-0.02636741685936654,0.7028869735010765,0.5,-0.14236878653228632,0.1,0.8564602091797213,0.14236878653228632,0.10457324575866647,-0.4484930097597151,0.6435397908202787,False
1782605573.2658799,TRACKING,Tracking AprilTag,Walk,2,68.17520141601562,0.148005344650965,-0.08708026876787621,1.3532329233122344,1.3640850046790018,0.1089386663025719,-0.4269421573226989,-0.41407685912775777,-0.0077775613556499016,0.9102086927041787,0.9102393009718264,-0.002183964562865351,-0.41407685912775777,-0.0011388335854537494,0.9999691058214867,-0.0077775613556499016,0.41408105248173993,0.007551006645766149,0.9102086927041787,3.697366600556965,3.5844865170118996,-0.41202352779500767,-6.042832385835847,-2.0233798512829533,4.1644172585989745,-1.4053172426337994,-0.22383693355087989,3.7193921144085804,2.341668199262254,0.009155624852378676,0.7096830010573791,-0.023560474620121126,0.7040675511479202,0.5,-0.148005344650965,0.1,0.8532329233122344,0.148005344650965,0.1089386663025719,-0.4269421573226989,0.6467670766877656,False
1782605573.3157976,TRACKING,Tracking AprilTag,Walk,2,67.81304168701172,0.15700351577764815,-0.08691817798933477,1.3006064178708874,1.3129287596204406,0.12013433183743848,-0.44252658745088785,-0.42820253860657304,-0.010020287015527572,0.9036272349697152,0.9036569836982615,-0.006829476132634437,-0.42820253860657304,0.002809023806274812,0.999945850150588,-0.010020287015527572,0.4282477848146044,0.00785207121538933,0.9036272349697152,3.759571515867149,3.5879447123442967,-0.42420678871205336,-6.065644273002699,-2.016073620371508,4.1893975665622465,-1.412010392620624,-0.21653070263943452,3.7403563267150925,2.3568113774311046,0.005798306125664915,0.7111164702118097,-0.020385623641811384,0.7027547024305877,0.5,-0.15700351577764815,0.1,0.8006064178708874,0.15700351577764815,0.12013433183743848,-0.44252658745088785,0.6993935821291126,False
1782605573.36581,TRACKING,Tracking AprilTag,Walk,2,67.70430755615234,0.16361997960743302,-0.08075861988463393,1.2788856603528806,1.2918366710496458,0.12724820718083876,-0.4482538866072333,-0.4333658769708549,-0.011102522267238523,0.9011496827256764,0.9011860023311783,-0.007603017797646586,-0.4333658769708549,0.0030970947327899974,0.9999335687952083,-0.011102522267238523,0.43342150062792867,0.008663262482868223,0.9011496827256764,3.7860738196487236,3.59069513896,-0.43337996290174635,-6.086091348812574,-2.009699732900674,4.2113921051799315,-1.4163081018807286,-0.21015681516860038,3.757577688360061,2.371152044674383,0.00408933825439773,0.7106293327754145,-0.018737714091046315,0.7033051448570902,0.5,-0.16361997960743302,0.1,0.7788856603528806,0.16361997960743302,0.12724820718083876,-0.4482538866072333,0.7211143396471194,False
1782605573.4157684,TRACKING,Tracking AprilTag,Walk,2,67.9089584350586,0.17763583379909983,-0.08516964409905851,1.2592156771524106,1.2745322590314714,0.14014387742554232,-0.4073726595849098,-0.3961735847178255,-0.011184510938366313,0.9181075086758073,0.9181640049384673,-0.004620693365952774,-0.3961735847178255,0.00020627737197146962,0.999937430124863,-0.011184510938366313,0.3962004763815915,0.0101874937105484,0.9181075086758073,3.7818335202763143,3.5512304495533176,-0.44060203780767393,-6.105145163005633,-2.00536892424575,4.231587249416259,-1.4190214670467864,-0.20582600651367655,3.7724342848397763,2.3850979308882225,0.0017090034651589072,0.7096636889072362,-0.01861593060262381,0.7042925351595939,0.5,-0.17763583379909983,0.1,0.7592156771524106,0.17763583379909983,0.14014387742554232,-0.4073726595849098,0.7407843228475894,False
1782605573.4657655,TRACKING,Tracking AprilTag,Walk,2,67.47357177734375,0.18179020980265306,-0.0902891465935258,1.2470046148762521,1.2634161309304823,0.14476174906686556,-0.39593908902922337,-0.38567204474684624,-0.003776469209445565,0.9226282090750839,0.9226337565236635,-0.0020062960448996156,-0.38567204474684624,0.0005959057710502155,0.9999926915616044,-0.003776469209445565,0.3856768028017049,0.0032544737759093285,0.9226282090750839,3.7876467885334577,3.538122317970025,-0.4483601677793695,-6.1242761671589365,-2.000765365925955,4.251979127128547,-1.4222394204240965,-0.2012224481938818,3.787806370169946,2.3988777310744895,-0.0020141285904773246,0.7076305114543667,-0.018066123114584488,0.7063487932604267,0.5,-0.18179020980265306,0.1,0.7470046148762521,0.18179020980265306,0.14476174906686556,-0.39593908902922337,0.7529953851237479,False
1782605573.5158098,TRACKING,Tracking AprilTag,Walk,2,67.4425277709961,0.18852876366955146,-0.1003227882258646,1.208631936923626,1.2273544376095835,0.1547382982063387,-0.40624204371799855,-0.395076820874957,-0.020519603741972238,0.9184188867121634,0.9186471618748244,-0.0013029146815033447,-0.395076820874957,-0.007406777583123968,0.9997620144354888,-0.020519603741972238,0.39500953358768987,0.02177652188082734,0.9184188867121634,3.830889560017382,3.540625585434961,-0.45951320667133366,-6.144706980968265,-1.996408589945725,4.274406775414803,-1.4284691091631163,-0.19686567221365148,3.8067992835050113,2.412334241487066,-0.003540034090757687,0.7073354323757041,-0.01702878467795508,0.7066640465998707,0.5,-0.18852876366955146,0.1,0.708631936923626,0.18852876366955146,0.1547382982063387,-0.40624204371799855,0.791368063076374,False
1782605573.565789,TRACKING,Tracking AprilTag,Walk,2,67.11103057861328,0.19101023788844834,-0.1015198858794324,1.1881208431281733,1.2076515789261306,0.15940271103576578,-0.4044898686972078,-0.39350221930445894,-0.01555708445954841,0.919192025925804,0.9193224922487645,0.001469233809025965,-0.39350221930445894,-0.008256899225756275,0.9998448883393334,-0.01555708445954841,0.39341832552728884,0.017551085827384932,0.919192025925804,3.849917082765459,3.533256921883329,-0.4736464138671915,-6.166747131570114,-1.9923362370190896,4.299077613342421,-1.4372364086414318,-0.19279331928701615,3.8291763681952937,2.4259276908269922,-0.005493222159669476,0.7081373721831695,-0.015686201055945058,0.7058790475175277,0.5,-0.19101023788844834,0.1,0.6881208431281733,0.19101023788844834,0.15940271103576578,-0.4044898686972078,0.8118791568718267,False
1782605573.615895,TRACKING,Tracking AprilTag,Walk,2,67.28360748291016,0.19486528258518104,-0.09985328399497316,1.1514902269107183,1.1721232440970022,0.16764050086226454,-0.3947186628109209,-0.38448626216334747,-0.017990790147545725,0.9229553866127683,0.923125125658847,0.0032119441146320894,-0.38448626216334747,-0.010971906491543748,0.9997779497157395,-0.017990790147545725,0.3843431014670079,0.020826297731394522,0.9229553866127683,3.8788339721506766,3.5128424189554424,-0.48988371747241516,-6.189931653275663,-1.9887978104555628,4.32534013155329,-1.4477935016270538,-0.18925489272348936,3.8539463578556763,2.439625124429965,-0.008178664047539653,0.7087361710450034,-0.015441806000205466,0.7052571870844828,0.48861767018303875,-0.19486528258518104,0.1,0.6514902269107183,0.19486528258518104,0.16764050086226454,-0.3947186628109209,0.8485097730892817,False
1782605573.6657672,TRACKING,Tracking AprilTag,Walk,2,66.95883178710938,0.19484980356426213,-0.09978528290709056,1.1313120542801243,1.1522979270975864,0.17056009112459256,-0.39461202804104584,-0.3843853329800159,-0.018349737537523194,0.9229903590624045,0.9231694066738264,0.0024824124028283287,-0.3843853329800159,-0.010328799783941287,0.9997782769331044,-0.018349737537523194,0.38425455426906613,0.020910155459369913,0.9229903590624045,3.8973527794776146,3.504925528481439,-0.5053069316811025,-6.213292453862856,-1.9852240674382176,4.351589736401585,-1.4575177386619056,-0.18568114970614413,3.8780623972620614,2.453838469706545,-0.008545005308718438,0.7103340841633227,-0.013610972741744368,0.7036811871729634,0.4734840407100932,-0.19484980356426213,0.1,0.6313120542801243,0.19484980356426213,0.17056009112459256,-0.39461202804104584,0.8686879457198757,False
1782605573.715817,TRACKING,Tracking AprilTag,Walk,2,67.07340240478516,0.19821879333526535,-0.0872430979137301,1.108031039063269,1.1289972682396097,0.17702029501472435,-0.3673337664806321,-0.35908688499050734,-0.015195103273656087,0.9331804315695422,0.9333040949426091,0.00027457452767808664,-0.35908688499050734,-0.006140442309281362,0.9998656928831738,-0.015195103273656087,0.35903448487798983,0.016386604409682835,0.9331804315695422,3.9043829640894847,3.472537543133559,-0.5203758443296462,-6.233774030901246,-1.982269471418868,4.374954777165021,-1.4675497871322798,-0.18272655368679455,3.9005955937865187,2.465620752201002,-0.010253767266573921,0.7122095847241137,-0.012939277741152807,0.7017727144706366,0.4560232792974518,-0.19821879333526535,0.1,0.608031039063269,0.19821879333526535,0.17702029501472435,-0.3673337664806321,0.891968960936731,False
1782605573.7657633,TRACKING,Tracking AprilTag,Walk,2,67.1812515258789,0.1951757547584559,-0.07997780702404413,1.0808219425157806,1.1012111951326564,0.1786555109506651,-0.38597159863108293,-0.37642065667196617,-0.01435296633582311,0.9263376714719144,0.9264482358485172,0.001074952936604528,-0.37642065667196617,-0.006991830402798864,0.9998725452101289,-0.01435296633582311,0.3763572512929552,0.015929149732577044,0.9263376714719144,3.9396889584407195,3.4772105385659975,-0.5349046331764626,-6.250428524474563,-1.9774956159354193,4.394469947887515,-1.4779235990262236,-0.17795269820334592,3.920962710703005,2.474202034742042,-0.01104698774377554,0.7117067628738485,-0.010741822336488923,0.7023076683294207,0.4356164568868354,-0.1951757547584559,0.1,0.5808219425157806,0.1951757547584559,0.1786555109506651,-0.38597159863108293,0.9191780574842194,False
1782605573.8157732,TRACKING,Tracking AprilTag,Walk,2,66.15676879882812,0.19698467152838403,-0.08171752714182887,1.0548411542763019,1.0761833374543028,0.18461698969159948,-0.37307568059874874,-0.3644678451330777,-0.008579004830058506,0.9311764551040671,0.9312144855579032,0.0016648577058006107,-0.3644678451330777,-0.005145480312286149,0.9999499611022952,-0.008579004830058506,0.364435324741559,0.009864255691015306,0.9311764551040671,3.957354490764598,3.457499607287035,-0.5490565732977003,-6.265838172585174,-1.971613754877336,4.412687246589932,-1.4882126559351396,-0.1720708371452626,3.9404445396552914,2.48183046870727,-0.011718737929204968,0.711058837891864,-0.006774895365321622,0.7030022055655355,0.4161308657072264,-0.19698467152838403,0.1,0.5548411542763019,0.19698467152838403,0.18461698969159948,-0.37307568059874874,0.9451588457236981,False
1782605573.865818,TRACKING,Tracking AprilTag,Walk,2,65.95148468017578,0.1985018367889842,-0.08400988968389567,1.0417097426840871,1.0637762117928036,0.18829647700441254,-0.364130139271333,-0.35612150464344,-0.009207717051068993,0.9343942914408241,0.9344363916571318,-0.0024706026171474192,-0.35612150464344,-0.0008653013722470592,0.9999572336856425,-0.009207717051068993,0.3561290232490673,0.008912178323255412,0.9343942914408241,3.965018188922331,3.445849885112564,-0.5631476443856968,-6.282496956427662,-1.9650840474099458,4.432107340285337,-1.4981591791658642,-0.16554112967787238,3.9604202988653743,2.490607849153535,-0.013671737002639257,0.7106251514362896,-0.0045775905142765375,0.7034230756938279,0.40628230701306534,-0.1985018367889842,0.1,0.5417097426840871,0.1985018367889842,0.18829647700441254,-0.364130139271333,0.9582902573159129,False
1782605573.915827,TRACKING,Tracking AprilTag,Walk,2,66.33719635009766,0.1997621802295484,-0.08771774894773954,1.0069280933965503,1.0302929279587107,0.19584482210783435,-0.3676695350962917,-0.3594053428811665,-0.014221958499762023,0.9330731672301493,0.9331776578981563,-0.002694124752620574,-0.3594053428811665,-0.0025907228021502383,0.9998955065664579,-0.014221958499762023,0.3594061031132804,0.014202733540549566,0.9330731672301493,3.999486824094335,3.437820738017293,-0.5781071899636571,-6.301415951276127,-1.9583739183441522,4.4539257022272585,-1.508439035786783,-0.15883100061207878,3.9821689622431737,2.5010343543808142,-0.01599124498295127,0.7113052253103591,-0.0017089880134451738,0.7026992499569388,0.38019607004741274,-0.1997621802295484,0.1,0.5069280933965503,0.1997621802295484,0.19584482210783435,-0.3676695350962917,0.9930719066034497,False
1782605573.9657753,TRACKING,Tracking AprilTag,Walk,2,65.96443939208984,0.20069801413786043,-0.08704348685565606,0.9894628826295365,1.0133573197961436,0.2001203305343943,-0.3636297436304297,-0.3556359226843811,-0.013631852314144814,0.9345251538074907,0.9346175842498483,-0.0036140984223618747,-0.3556359226843811,-0.0013205582052908554,0.9999062099659707,-0.013631852314144814,0.35565183443503284,0.013210206814493773,0.9345251538074907,4.0139795088025245,3.428894960492418,-0.5941493339763215,-6.321517970232295,-1.9524114317564327,4.477141758841494,-1.5195050317167387,-0.15286851402435928,4.005409801573201,2.512048206471389,-0.017883327462814718,0.7125865123834875,0.0006103524731336081,0.701356026877829,0.36709716197215236,-0.20069801413786043,0.1,0.4894628826295365,0.20069801413786043,0.2001203305343943,-0.3636297436304297,1.0,False
1782605574.0158346,TRACKING,Tracking AprilTag,Walk,2,65.85311126708984,0.201261195978716,-0.0841197670168339,0.9571908069456705,0.9817313507834277,0.20724345750779669,-0.3529154999804512,-0.34562762340988024,-0.006571858231207322,0.9383487393370479,0.9383656264897628,-0.003390716519101299,-0.34562762340988024,0.001192738855294149,0.9999776937779222,-0.006571858231207322,0.34564219707162197,0.005754562370424826,0.9383487393370479,4.039258042934703,3.408994318592553,-0.6093976148352394,-6.342804510214159,-1.9483431375863451,4.501331467360891,-1.5295292451671092,-0.14880021985427172,4.028457676903457,2.5244748832722452,-0.015685839460981392,0.7117831120387743,0.005737233110242222,0.702200712056774,0.34289310520925287,-0.201261195978716,-0.1,0.4571908069456705,0.201261195978716,0.20724345750779669,-0.3529154999804512,1.0,False
1782605574.0658226,TRACKING,Tracking AprilTag,Walk,2,65.97595977783203,0.20261679235933053,-0.08527696841671364,0.94477409802155,0.9700122793968964,0.2112605071399559,-0.3420344992772054,-0.3353952396443397,-0.007404501833679571,0.9420484098901241,0.9420100990743986,-0.011269714537546164,-0.3353952396443397,0.009326312732805597,0.9999290941078798,-0.007404501833679571,0.3354549047676181,0.0038471146119236706,0.9420484098901241,4.045691711601828,3.396485182745057,-0.6230245741670205,-6.365147613215311,-1.9426856326058064,4.526182570977839,-1.5377347872802072,-0.14314271487373295,4.050513008004951,2.53856284417344,-0.017700512946158233,0.7126592729632536,0.007629531442309584,0.7012454939255585,0.3335805735161625,-0.20261679235933053,-0.1,0.44477409802155,0.20261679235933053,0.2112605071399559,-0.3420344992772054,1.0,False
1782605574.115842,TRACKING,Tracking AprilTag,Walk,2,65.90503692626953,0.20320189123565077,-0.07726804033014106,0.9039958328742802,0.9297686940913149,0.22110683175201068,-0.35405658167273196,-0.3466865458214699,-0.010488816015726219,0.9379223974748476,0.9379111353401365,-0.011451687707668681,-0.3466865458214699,0.008331630340162622,0.9999102803124204,-0.010488816015726219,0.34677555585832603,0.006949113193991245,0.9379223974748476,4.090230602488384,3.392705052427355,-0.6345990525496291,-6.38524797375311,-1.9350043715268428,4.548383938174874,-1.5444498701658755,-0.13546145379476937,4.069739405543052,2.5515373839065427,-0.020569374587819347,0.7127868143517933,0.01007105877445161,0.7010067274216771,0.3029968746557101,-0.20320189123565077,-0.1,0.4039958328742802,0.20320189123565077,0.22110683175201068,-0.35405658167273196,1.0,False
1782605574.1657996,TRACKING,Tracking AprilTag,Walk,2,66.12567138671875,0.2073323440689184,-0.07540843352157948,0.8905244329321063,0.9174458558369208,0.22874552441251797,-0.3538273231119207,-0.3464902491789569,-0.0013610807966171073,0.9380525863100476,0.9380207280691609,-0.007849900413742101,-0.3464902491789569,0.007865550162223707,0.9999681397823186,-0.0013610807966171073,0.346489894272902,-0.0014486144358347452,0.9380525863100476,4.10480846415771,3.3918236384453024,-0.6433259730189195,-6.402821731530941,-1.9292463681657064,4.567478813603175,-1.5489644948112737,-0.12970345043363296,4.085297908929597,2.563492678787142,-0.023742800184845727,0.7111243315003537,0.010986385689645838,0.7025793648528513,0.2928933246990797,-0.2073323440689184,-0.1,0.39052443293210626,0.2073323440689184,0.22874552441251797,-0.3538273231119207,1.0,False
1782605574.2157798,TRACKING,Tracking AprilTag,Walk,2,65.25128936767578,0.2140172593246822,-0.0835852505326891,0.8713906177637387,0.9011722865923757,0.24083724869970136,-0.30596685918993244,-0.3012094956406934,-0.006192147452633478,0.9535378844313444,0.9535210797854641,-0.008389883231708714,-0.3012094956406934,0.006842420691195262,0.999957418387908,-0.006192147452633478,0.3012486210488727,0.0038433410398695136,0.9535378844313444,4.101438829709663,3.3554586958670862,-0.65070177899109,-6.419139230236123,-1.9247573701989276,4.585043779182725,-1.552448065095045,-0.12521445246685414,4.099090839330827,2.574912764105542,-0.02691599744772889,0.7095813748918278,0.010741985375964365,0.7040272801803917,0.27854296332280404,-0.2140172593246822,-0.1,0.3713906177637387,0.2140172593246822,0.24083724869970136,-0.30596685918993244,1.0,False
1782605574.2658145,TRACKING,Tracking AprilTag,Walk,2,65.0648193359375,0.2145555769583405,-0.088357475174544,0.8580750692737912,0.8888947989117543,0.24501903723688748,-0.30308881055033776,-0.2984560335356951,-0.009550427879879446,0.9543755997370486,0.954409059132129,-0.005229138807129428,-0.2984560335356951,0.002492119327386043,0.9999512881478624,-0.009550427879879446,0.29849143570257125,0.008371226837595712,0.9543755997370486,4.112658721193347,3.350143171831064,-0.6595367989650537,-6.435036639877836,-1.9215206932653026,4.602530485345011,-1.5574480969800066,-0.12197777553322918,4.114010214258547,2.5853145650564793,-0.028685832255602724,0.7084790230277371,0.011108130788339778,0.7050611366313249,0.2685563019553434,-0.2145555769583405,-0.1,0.3580750692737912,0.2145555769583405,0.24501903723688748,-0.30308881055033776,1.0,False
1782605574.3157778,TRACKING,Tracking AprilTag,Walk,2,65.41967010498047,0.2114834310125536,-0.0948985063301229,0.8244651429464785,0.8564308145030088,0.2510961350180218,-0.30920139001141655,-0.3041954443969948,-0.02595974293995607,0.9522558602364211,0.9526015102721292,-0.003936271760608979,-0.3041954443969948,-0.004159057443466264,0.9996543372524691,-0.02595974293995607,0.3041924799669454,0.025994456658166246,0.9522558602364211,4.145221481483305,3.341958119851374,-0.6717440668790154,-6.451262995520681,-1.9210709429172226,4.621102249550974,-1.5656579436076488,-0.12152802518514916,4.132103660044284,2.59453081304413,-0.029174984344831144,0.7086835632381473,0.01092536024628614,0.7048383247157114,0.2433488572098589,-0.2114834310125536,-0.1,0.32446514294647855,0.2114834310125536,0.2510961350180218,-0.30920139001141655,1.0,False
1782605574.365819,TRACKING,Tracking AprilTag,Walk,2,65.08367156982422,0.20767576169597993,-0.09545728119684524,0.8098237758395658,0.8414605531125926,0.2510358699932245,-0.3128779508849519,-0.30770242278314447,-0.024936758846850732,0.9511558111432622,0.9514741722713512,-0.004014786909678962,-0.30770242278314447,-0.003846234077419441,0.9996816315915962,-0.024936758846850732,0.3077045758255292,0.024910177527150648,0.9511558111432622,4.159692091495531,3.3364958846491497,-0.6861056181423908,-6.467642237120963,-1.9235620234335105,4.640311415951616,-1.5759312895223676,-0.12401910570143704,4.152199642754175,2.602938261468878,-0.029540134063054117,0.7086580508390937,0.009155000226153136,0.7048739840789504,0.23236783187967433,-0.20767576169597993,-0.1,0.3098237758395658,0.20767576169597993,0.2510358699932245,-0.3128779508849519,1.0,False
1782605574.4158244,TRACKING,Tracking AprilTag,Walk,2,64.85981750488281,0.19495618587198857,-0.09993963477427216,0.7870673197194455,0.8169888682099163,0.24281232257401406,-0.32034848446043096,-0.3146876207713359,-0.03648988091151556,0.9484936425323784,0.9491948413001539,-0.0009244362885533442,-0.3146876207713359,-0.011124323428315167,0.9992721040934375,-0.03648988091151556,0.31449229351041014,0.03813669359321485,0.9484936425323784,4.179659266539549,3.322919342048637,-0.7007414152272069,-6.483571874029363,-1.9284179479346952,4.659144876386467,-1.5865736885183768,-0.1288750302026218,4.172344541367604,2.6108213413362913,-0.027709660085417684,0.7096480568571617,0.00744620821678625,0.7039718489542017,0.21530048978958416,-0.19495618587198857,-0.1,0.28706731971944555,0.19495618587198857,0.24281232257401406,-0.32034848446043096,1.0,False
1782605574.465789,TRACKING,Tracking AprilTag,Walk,2,64.91667938232422,0.18575228293098917,-0.09793639212523612,0.7711060782775802,0.7991871066735322,0.2363870001435268,-0.34311545899672746,-0.33617442735667563,-0.0384020084230085,0.9410164930225667,0.9417936755655106,-0.0033803929086638038,-0.33617442735667563,-0.01012116271164997,0.9992111127356638,-0.0384020084230085,0.33603903750929004,0.03956924474057554,0.9410164930225667,4.201560609929249,3.3242428725184268,-0.7136697059413667,-6.4978640565618795,-1.9350184900729182,4.675996346949667,-1.5959243634774478,-0.13547557234084473,4.1902362683494285,2.617983274590687,-0.02600099714552641,0.7107549571822889,0.0048217811607901085,0.7029424509977175,0.20332955870818512,-0.18575228293098917,-0.1,0.27110607827758015,0.18575228293098917,0.2363870001435268,-0.34311545899672746,1.0,False
1782605574.5157764,TRACKING,Tracking AprilTag,Walk,2,64.03800201416016,0.1651460630058986,-0.08877770725806512,0.7487089943989618,0.7718289070294345,0.21709815422833392,-0.3530126433951666,-0.3455802871981613,-0.029054427870582444,0.9379392865858373,0.938387148739062,-0.0019555514336514054,-0.3455802871981613,-0.008616895820706395,0.9995406891805497,-0.029054427870582444,0.3454783758613387,0.030242131060196954,0.9379392865858373,4.220756778153175,3.3035620223061506,-0.7256041531886149,-6.509694653720127,-1.9407768699228647,4.690224992136724,-1.604865264794368,-0.14123395219079127,4.2061540180562655,2.623370231476403,-0.024596973391374927,0.7120305002078906,0.0016479361825486923,0.7017156403986043,0.18653174579922133,-0.1651460630058986,-0.1,0.24870899439896177,0.1651460630058986,0.21709815422833392,-0.3530126433951666,1.0,False
1782605574.5658267,TRACKING,Tracking AprilTag,Walk,2,63.58124542236328,0.15620001333981062,-0.08502588502398223,0.7400687892602741,0.7611370823502402,0.2080086219755234,-0.35920402480421304,-0.35139590192267856,-0.027533283437324287,0.935822012144995,0.9362265398418271,0.0008866835663614864,-0.35139590192267856,-0.011280788878621571,0.9995572330314237,-0.027533283437324287,0.3512159021144623,0.029741413665412955,0.935822012144995,4.228509888369846,3.2962172016184677,-0.7369860990076004,-6.51839426622943,-1.944679167844389,4.701278926972115,-1.6139780290892056,-0.14513625011231568,4.220200291497015,2.626186993955927,-0.023010940296005283,0.7121794466148266,0.0004882958152998469,0.7016200496089674,0.18005159194520556,-0.15620001333981062,-0.1,0.24006878926027408,0.15620001333981062,0.2080086219755234,-0.35920402480421304,1.0,False
1782605574.6158843,TRACKING,Tracking AprilTag,Walk,2,63.0970458984375,0.14110915733328197,-0.08416116985470438,0.7249280616806768,0.7433139252070584,0.19224861525409254,-0.3487872050691129,-0.34171540577419807,-0.015841125331637073,0.9396699634471684,0.9398030842393675,0.000862734459383238,-0.34171540577419807,-0.00667774307443722,0.9998522223287095,-0.015841125331637073,0.34165124118258966,0.017169426128832047,0.9396699634471684,4.234154829128702,3.27011879038453,-0.747830151977874,-6.525855515286227,-1.9473329826985029,4.711004785077233,-1.622847719412365,-0.14779006496642944,4.233219443148878,2.6281274610583116,-0.02117980826381829,0.7120566086619717,0.0004272583799617523,0.7018024075428897,0.1686960462605076,-0.14110915733328197,0.1,0.2249280616806768,0.14110915733328197,0.19224861525409254,-0.3487872050691129,1.0,False
1782605574.6659052,TRACKING,Tracking AprilTag,Walk,2,63.17106246948242,0.13477287972903737,-0.0844020415955753,0.7179063894301722,0.735307430753032,0.18557055088753266,-0.35399658021582536,-0.34653148051352795,-0.026074159685788294,0.937675888145676,0.9380363046251661,-0.001955560856853878,-0.34653148051352795,-0.007548403902912237,0.9996315120058984,-0.026074159685788294,0.34645477742943737,0.027074267977853603,0.937675888145676,4.239850493508237,3.264928017051958,-0.7583853979692016,-6.533338265097098,-1.949953620502709,4.720686094883921,-1.6314312503348045,-0.15041070277063562,4.245988576056414,2.630214086913423,-0.019469806717879505,0.7118991396782024,0.00042723713800989514,0.7020116516271162,0.16342979207262912,-0.13477287972903737,0.1,0.21790638943017215,0.13477287972903737,0.18557055088753266,-0.35399658021582536,1.0,False
1782605574.7159095,TRACKING,Tracking AprilTag,Walk,2,62.889495849609375,0.12838068728644625,-0.08466730272454469,0.7111681887973145,0.7276059000420783,0.17859739828719345,-0.35550976999755224,-0.3479534738227731,-0.025684738220650503,0.9371598979241491,0.9375019862838831,-0.0042901944523064195,-0.3479534738227731,-0.0049582482209001725,0.9996577964469224,-0.025684738220650503,0.34794459542914846,0.025804732791579216,0.9371598979241491,4.2445148963073915,3.257404152519866,-0.7693639692322825,-6.541042715348812,-1.9527664458316012,4.730679322085037,-1.6403768073754006,-0.1532235280995278,4.25923539062821,2.6323139641384374,-0.01794442762004343,0.7121618417369616,0.00042724827666770066,0.7017858121607461,0.15837614159798585,-0.12838068728644625,0.1,0.21116818879731447,0.12838068728644625,0.17859739828719345,-0.35550976999755224,1.0,False
1782605574.7659163,TRACKING,Tracking AprilTag,Walk,2,62.60144805908203,0.11523562071246991,-0.08349955920362634,0.6964234978830611,0.7108144012833914,0.16398192567313882,-0.36646810647365763,-0.35817057501475885,-0.028905774659102507,0.9332086022883385,0.9336333002552549,-0.006534512076509431,-0.35817057501475885,-0.00409311784491691,0.9995737604487549,-0.028905774659102507,0.35820679368318614,0.028453428163529654,0.9332086022883385,4.257466604816672,3.2465282206878405,-0.7805761745887672,-6.5481399988017674,-1.9559897745739956,4.740134176497784,-1.6496875919503626,-0.15644685684192217,4.272425435336942,2.63376575680588,-0.015991609399065514,0.7133356452170941,-0.00030518338547834954,0.7006400163811949,0.14731762341229585,-0.11523562071246991,0.1,0.19642349788306113,0.11523562071246991,0.16398192567313882,-0.36646810647365763,1.0,False
1782605574.8158114,TRACKING,Tracking AprilTag,Walk,2,62.58001708984375,0.10794533153403514,-0.0825086410232248,0.690173367120829,0.7034196095691353,0.1551462991579926,-0.3729832086614071,-0.36423672837117166,-0.02948376290292823,0.9308395744866831,0.931263033559077,-0.008987103638588408,-0.36423672837117166,-0.0018854917236337627,0.9995634810486246,-0.02948376290292823,0.3643427057693149,0.028143903818504803,0.9308395744866831,4.2629609788293035,3.241269286898336,-0.7904849960408775,-6.555692097427101,-1.9592785590537456,4.749736447425898,-1.6576258114761542,-0.15973564132167217,4.284644283517228,2.636198591646902,-0.013610555730935062,0.712936777995751,0.00012206776440300504,0.7010962048486594,0.14263002534062175,-0.10794533153403514,0.1,0.190173367120829,0.10794533153403514,0.1551462991579926,-0.3729832086614071,1.0,False
1782605574.8657846,TRACKING,Tracking AprilTag,Walk,2,62.49094772338867,0.09417317857205229,-0.08376537410954361,0.6788040751247476,0.690405821142927,0.1378540252840813,-0.3675822325739055,-0.3592465888337839,-0.02514646241488216,0.9329038234669784,0.9331486497409214,-0.013247109042558065,-0.3592465888337839,0.004510540061886893,0.9996736019603434,-0.02514646241488216,0.35946244938107974,0.02184499131717713,0.9329038234669784,4.266930753880273,3.220755420723592,-0.7988577909808461,-6.563575494002035,-1.9595210685469249,4.759313081773471,-1.6639928917518627,-0.15997815081485145,4.295628682818376,2.63960367735175,-0.013305337945378644,0.7135445225661546,-0.0005493029426991183,0.7004833192619756,0.1341030563435607,-0.1,0.1,0.1788040751247476,0.09417317857205229,0.1378540252840813,-0.3675822325739055,1.0,False
1782605574.9158084,TRACKING,Tracking AprilTag,Walk,2,62.4896125793457,0.0851916015048564,-0.07713115814759694,0.6653538915385945,0.6752056172083462,0.12734663733930235,-0.35700123606959927,-0.34945254953374594,-0.008812604948085282,0.936912617920366,0.936902554540106,-0.009824404337592154,-0.34945254953374594,0.007198380441693211,0.9999352585607958,-0.008812604948085282,0.34951650406703305,0.005741059690150332,0.936912617920366,4.274142046899424,3.20114500331785,-0.8055925959496333,-6.570894920133999,-1.9568039761714526,4.767969010732594,-1.668892533649338,-0.1572610584393792,4.3048938324907,2.643221494154508,-0.014953262286633727,0.714826971024711,-0.0004882697889513054,0.6991413040546504,0.12401541865394586,-0.1,0.1,0.16535389153859448,0.0851916015048564,0.12734663733930235,-0.35700123606959927,1.0,False
1782605574.9658585,TRACKING,Tracking AprilTag,Walk,2,62.64375686645508,0.0837763273568426,-0.0717447394019943,0.6569125482498429,0.6661080067867096,0.12684569543386895,-0.36190637999395436,-0.35405647301769005,-0.002703640609448307,0.9352201367815648,0.935204214337304,-0.0060902709315563495,-0.35405647301769005,0.005488550417267753,0.9999812828957211,-0.002703640609448307,0.35406631200957706,0.0005851992892919437,0.9352201367815648,4.283557094448952,3.199832910749789,-0.8102238725269708,-6.577707850701775,-1.9520543506021926,4.775654647971933,-1.6718582925543095,-0.15251143287011915,4.3120467394065685,2.647308139271234,-0.017517744074254247,0.7137107367953132,-0.00012207487159759055,0.7002214634837794,0.11768441118738218,-0.1,0.1,0.1569125482498429,0.0837763273568426,0.12684569543386895,-0.36190637999395436,1.0,False
1782605575.0158107,TRACKING,Tracking AprilTag,Walk,2,62.484275817871094,0.08659619375568754,-0.0772702308542538,0.6538116003390594,0.6640325278833592,0.13168179547413306,-0.32775805958276655,-0.32191416978991816,0.006630018610088847,0.9467456417336695,0.9467667096185319,-0.0020161464644825253,-0.32191416978991816,0.004383740654925937,0.9999684123366599,0.006630018610088847,0.32189063418491826,-0.007688269137688244,0.9467456417336695,4.277756176679548,3.1815999334183673,-0.8139223063463241,-6.583564024897565,-1.9484438715637524,4.782196922451599,-1.674132459118192,-0.148900953831679,4.317941385333407,2.650944942582491,-0.01898167634431047,0.7120875173925088,0.0006713776198952256,0.7018337501068362,0.11535870025429454,-0.1,0.1,0.15381160033905938,0.08659619375568754,0.13168179547413306,-0.32775805958276655,1.0,False
1782605575.065798,TRACKING,Tracking AprilTag,Walk,2,62.60866165161133,0.08712659287394722,-0.08113906113982201,0.645099344925786,0.6559937158633096,0.1342468548371648,-0.33612890051362415,-0.32983445707561654,-0.0019827812800137204,0.9440367045322068,0.9440387681590439,-0.00018745236319368244,-0.32983445707561654,-0.0004941932798767728,0.9999979121735194,-0.0019827812800137204,0.32983414011553946,0.0020348243692715384,0.9440367045322068,4.287960598198152,3.1845118872299185,-0.8176789175469652,-6.589161404773236,-1.944923408211477,4.788500335971361,-1.6765219710315822,-0.1453804904794036,4.323774636095074,2.6543236960119176,-0.020935123870991165,0.7105124693358839,0.001586919010629068,0.703371333788053,0.10882450869433952,-0.1,0.1,0.14509934492578602,0.08712659287394722,0.1342468548371648,-0.33612890051362415,1.0,False
1782605575.115844,TRACKING,Tracking AprilTag,Walk,2,62.39667510986328,0.08748168319930025,-0.08324062920416403,0.6372586505091744,0.6485989784870633,0.13642541416052148,-0.34245213933229146,-0.33578480887829515,-0.008814123675733317,0.9418974855844959,0.9419387034975707,-0.00020243488429261985,-0.33578480887829515,-0.0029271784568056236,0.9999568704949784,-0.008814123675733317,0.33577211093180087,0.009285266286258621,0.9418974855844959,4.296810426216618,3.1860161365936115,-0.8224419466876928,-6.594985053928225,-1.9407448464887052,4.795252337022746,-1.6798403769558061,-0.14120192875663173,4.330611420707858,2.6574637138835584,-0.021850242194358337,0.7100108029244987,0.0027465388233131986,0.7038463491210624,0.1029439878818808,-0.1,0.1,0.1372586505091744,0.08748168319930025,0.13642541416052148,-0.34245213933229146,1.0,False
1782605575.165837,TRACKING,Tracking AprilTag,Walk,2,62.54608154296875,0.08895857551713975,-0.08466264844319706,0.6255654998084749,0.6375057542878197,0.1412579490092498,-0.3400838127015446,-0.3335593580621561,-0.006360634737179102,0.942707641305035,0.9427282406175606,0.0012723958823119932,-0.3335593580621561,-0.00360020098082673,0.999973290082609,-0.006360634737179102,0.33354235547380884,0.007197230723051103,0.942707641305035,4.307788093091622,3.1822706037936155,-0.8281672945909625,-6.600833337092161,-1.9359501552949652,4.802246542861416,-1.684090448633481,-0.13640723756289175,4.338323563585358,2.6602032169071177,-0.023620171716185683,0.7095206620172056,0.004882722835387221,0.7042717349691644,0.1,-0.1,0.1,0.12556549980847487,0.08895857551713975,0.1412579490092498,-0.3400838127015446,1.0,False
1782605575.2160225,TRACKING,Tracking AprilTag,Walk,2,62.27278518676758,0.0899694842135451,-0.08558369812812087,0.6211140732532436,0.6334049016767808,0.14385125888159522,-0.33734845398521096,-0.3309794516297511,-0.006369277618935962,0.9436164659974318,0.9436372447052523,0.0011631869793789194,-0.3309794516297511,-0.00346664613720761,0.9999737069879249,-0.006369277618935962,0.33096334052223847,0.007157676220582931,0.9436164659974318,4.3115102326084935,3.180230130268283,-0.8345600728520087,-6.606468444824531,-1.931396182475282,4.809184470661756,-1.6890389040377043,-0.1318532647432087,4.346541694673781,2.662458072659447,-0.02575724172679078,0.7088124364294345,0.005371178369567746,0.7049061248879306,0.1,-0.1,0.1,0.12111407325324364,0.0899694842135451,0.14385125888159522,-0.33734845398521096,1.0,False
1782605575.2658179,TRACKING,Tracking AprilTag,Walk,2,62.590057373046875,0.09069836352889545,-0.09034276837939548,0.6115873426760836,0.6248416492735308,0.1472268797002942,-0.3257378634702265,-0.3199855204420473,-0.011835841100659219,0.9473484995358742,0.9474217438270609,0.0011428171871276393,-0.3199855204420473,-0.005203616520668608,0.9999164141269739,-0.011835841100659219,0.3199452479703315,0.012878615155793536,0.9473484995358742,4.316925275965142,3.171570289136969,-0.8407316584159034,-6.611294159846976,-1.9286803423342946,4.815283932336248,-1.6939554639256462,-0.12913742460222125,4.354205626655005,2.6640829235564514,-0.027771004214972816,0.7088014768098446,0.006164552583982977,0.7048341904934199,0.1,-0.1,0.1,0.11158734267608361,0.09069836352889545,0.1472268797002942,-0.3257378634702265,1.0,False
1782605575.3158782,TRACKING,Tracking AprilTag,Walk,2,62.455780029296875,0.08842281086088304,-0.08854724170635203,0.5993977752552156,0.6123209129821099,0.14646307201185396,-0.3311284487516489,-0.32508438931967615,-0.012644967062051597,0.9456004677603819,0.9456782391591824,0.0035787988825439604,-0.32508438931967615,-0.008130752643562769,0.9998869914492582,-0.012644967062051597,0.32500239820997884,0.014601250943308757,0.9456004677603819,4.329215192405228,3.168586068616869,-0.8462324046039944,-6.615477782905517,-1.926048122297692,4.820605910171167,-1.69836425768884,-0.1265052045656185,4.360984878409022,2.6654255538769034,-0.02899195043582052,0.7088074113919657,0.006164604197932364,0.7047790561735149,0.1,-0.1,0.1,0.09939777525521565,0.08842281086088304,0.14646307201185396,-0.3311284487516489,1.0,False
1782605575.3659225,TRACKING,Tracking AprilTag,Walk,2,62.21185302734375,0.0872806989879477,-0.08676359195761327,0.5957091235829833,0.608288748231642,0.1454805236301866,-0.3274204051089048,-0.3215444570625403,-0.018841536127254803,0.9467070078164214,0.9468863468714913,0.003925333198344054,-0.3215444570625403,-0.010542774985473152,0.9997668960372568,-0.018841536127254803,0.3213955444681328,0.021230764171620023,0.9467070078164214,4.330893333703036,3.1643490551397013,-0.851169397040026,-6.619191879743481,-1.9226218605548135,4.825342757218856,-1.7023304510378874,-0.12307894282274012,4.367051444820134,2.666593963742832,-0.03021285199091539,0.7086897463970072,0.006347750721323637,0.7048444743254362,0.1,-0.1,0.1,0.09570912358298334,0.0872806989879477,0.1454805236301866,-0.3274204051089048,1.0,False
1782605575.4158983,TRACKING,Tracking AprilTag,Walk,2,61.36903762817383,0.08658257752231102,-0.08540210858114287,0.5913445152506567,0.6037204639545909,0.1453834455143389,-0.3271987990875063,-0.3213760573976953,-0.009867974800880183,0.9469002338181369,0.9469345936404211,0.005683757433590553,-0.3213760573976953,-0.009350765181219179,0.9999075888620182,-0.009867974800880183,0.3212902714953821,0.012349438755717257,0.9469002338181369,4.33543303256481,3.1621857760963152,-0.8551317062434413,-6.6217624278150895,-1.9183411047638905,4.8287448271786495,-1.7056066579300997,-0.11879818703181709,4.371740122776339,2.6671630952170062,-0.032837323804580806,0.7077725034162063,0.007568453813695204,0.705636246291373,0.1,-0.1,0.1,0.09134451525065668,0.08658257752231102,0.1453834455143389,-0.3271987990875063,1.0,False
1782605575.465836,TRACKING,Tracking AprilTag,Walk,2,62.00653839111328,0.0870721839996366,-0.0855426665245593,0.5850047504366938,0.5976032722936655,0.14775540935874865,-0.3208585952163439,-0.31537155604331535,-0.007922396895483687,0.9489352018268943,0.9489357643264688,0.007854732392557098,-0.31537155604331535,-0.010909607851034401,0.999909103910934,-0.007922396895483687,0.31528066169474667,0.010958425757116542,0.9489352018268943,4.340037707300213,3.157422901718445,-0.8588449651847416,-6.622735447700126,-1.91296493265647,4.83053450848187,-1.7090025525831667,-0.11342201492439652,4.375503429259349,2.6664064024281133,-0.03595040532661172,0.708570892082573,0.00909441492982198,0.7046645662066763,0.1,-0.1,0.1,0.08500475043669375,0.0870721839996366,0.14775540935874865,-0.3208585952163439,1.0,False
1782605575.5158436,TRACKING,Tracking AprilTag,Walk,2,61.980445861816406,0.08800239213571377,-0.0853013035174369,0.5835234642641124,0.5962552865595178,0.14968407108530285,-0.3156492514786632,-0.310422710226305,-0.008418891800206765,0.9505613411225031,0.9505534634732634,0.009265746313097501,-0.310422710226305,-0.012495993260286983,0.9998864797632255,-0.008418891800206765,0.31030946365108186,0.011881646854121129,0.9505613411225031,4.340318643606472,3.1551958966999143,-0.8629996509704865,-6.623779229046064,-1.9070097691908046,4.832493204609108,-1.7128123298676736,-0.10746685145873114,4.379694388024085,2.665519408567543,-0.03723153394080141,0.708863992112242,0.010314965960648261,0.7042863444965697,0.1,-0.1,0.1,0.08352346426411239,0.08800239213571377,0.14968407108530285,-0.3156492514786632,1.0,False
1782605575.565869,TRACKING,Tracking AprilTag,Walk,2,62.35715866088867,0.09061843680087639,-0.08228469282975692,0.5794798331318876,0.5922662819787077,0.15512259766820666,-0.31158574652100385,-0.306561475589985,-0.006726874149240142,0.9518270908354476,0.9517958649833324,0.010231963874112422,-0.306561475589985,-0.012915667961829816,0.9998939617205816,-0.006726874149240142,0.30646013920529674,0.010362057228118882,0.9518270908354476,4.344072881516684,3.154264289925946,-0.867604492087299,-6.625254384923221,-1.9008259309131093,4.8349741144024945,-1.716962719387956,-0.10128301318103584,4.384479220219763,2.6648222518906137,-0.04034465407602732,0.7102734334080634,0.01324476540771245,0.7026439602469388,0.1,-0.1,0.1,0.07947983313188756,0.09061843680087639,0.15512259766820666,-0.31158574652100385,1.0,False
1782605575.6160164,TRACKING,Tracking AprilTag,Walk,2,62.041343688964844,0.09196574913986452,-0.08071599215116262,0.5776646757220206,0.5904822164814367,0.15787772157344482,-0.30614556285319106,-0.3013819787348659,-0.00494896670176945,0.9534906452726432,0.9534483937485113,0.01025004157261922,-0.3013819787348659,-0.012313900097663252,0.9999119339186674,-0.00494896670176945,0.30130471009057985,0.00842977192989416,0.9534906452726432,4.344933567352726,3.152087171613436,-0.8727362614221348,-6.626474244283771,-1.8948495966748913,4.837325862433059,-1.7216842016304534,-0.09530667894281786,4.389625315298809,2.663664314585354,-0.042296935091393775,0.7114185792572667,0.014343116517283603,0.7013478804259825,0.1,-0.1,0.1,0.07766467572202063,0.09196574913986452,0.15787772157344482,-0.30614556285319106,1.0,False
1782605575.6658564,TRACKING,Tracking AprilTag,Walk,2,61.977516174316406,0.09357440668705026,-0.07792524248729338,0.5751284979102469,0.5878786457356941,0.16128844701779319,-0.2957915522651278,-0.2914961880143337,0.002525830493048797,0.956568655431189,0.9565214797534844,0.009830114104973536,-0.2914961880143337,-0.009506706078327336,0.9999516201896274,0.002525830493048797,0.2915069146859897,0.00035515746158760434,0.956568655431189,4.3457217421217935,3.1472938780077166,-0.8771500113575428,-6.628481166715557,-1.8887196701370514,4.840281355743703,-1.72552789587301,-0.08917675240497802,4.394472022124199,2.6635288188723782,-0.043030259246724795,0.7109453329160998,0.019165250217690194,0.7016678869508486,0.1,-0.1,0.1,0.0751284979102469,0.09357440668705026,0.16128844701779319,-0.2957915522651278,1.0,False
1782605575.7159054,TRACKING,Tracking AprilTag,Walk,2,61.255035400390625,0.09714430779297233,-0.08196612810068775,0.5716874887866533,0.5856466917242715,0.1683177920430986,-0.2818281309309534,-0.2781098668886518,0.00402613162397927,0.9605408331785394,0.9605406664100283,0.004065724013629193,-0.2781098668886518,-0.0030669862424527205,0.9999871918477431,0.00402613162397927,0.2781226739551582,-0.0030143040175136843,0.9605408331785394,4.346563463750949,3.142081462875872,-0.8805765747580651,-6.631302827529404,-1.8821815890481697,4.843806513224918,-1.7282253708439472,-0.08263867131609624,4.398789678058712,2.6645588449484414,-0.04541030773892406,0.7105736595383789,0.020874093073537672,0.7018456030778062,0.1,-0.1,-0.1,0.07168748878665332,0.09714430779297233,0.1683177920430986,-0.2818281309309534,1.0,False
1782605575.7658992,TRACKING,Tracking AprilTag,Walk,2,60.39363479614258,0.09872564223198117,-0.08149360953416983,0.5659471693986299,0.5802449132731337,0.17270537267603792,-0.28979784260185676,-0.28575638485266813,0.0038504418842816358,0.9582945594196127,0.9582809990872124,0.006388685651040175,-0.28575638485266813,-0.0055184780489730065,0.9999773599923745,0.0038504418842816358,0.2857745145887523,-0.002112864958633325,0.9582945594196127,4.354537227377916,3.146284976401975,-0.8832487385420215,-6.634025552407402,-1.8754702129604766,4.847064246564492,-1.7302105316781828,-0.07592729522840314,4.402386135495824,2.6658313165404985,-0.04779047624819222,0.7108146697144913,0.023681615305617604,0.701354230610443,0.1,-0.1,-0.1,0.06594716939862988,0.09872564223198117,0.17270537267603792,-0.28979784260185676,1.0,False
1782605575.8159099,TRACKING,Tracking AprilTag,Walk,2,60.37958908081055,0.10484696963529314,-0.0779227685078171,0.5607155899641206,0.5757315500495338,0.1848530910544087,-0.2814308890419633,-0.27772968873486903,0.0024596865264523665,0.9606561142976318,0.9606394003378853,0.006177581541420122,-0.27772968873486903,-0.005719455017722731,0.9999806187004285,0.0024596865264523665,0.2777395008866552,-0.0007744093279851605,0.9606561142976318,4.35904635289546,3.1463096606057404,-0.8853166187236752,-6.637098595367827,-1.8688296123535717,4.850526147181547,-1.7315277126072615,-0.06928669462149828,4.405593567640503,2.667683909458431,-0.05004894213737166,0.7104508371695197,0.02612310638389643,0.7014786487619664,0.1,-0.10484696963529314,-0.1,0.06071558996412063,0.10484696963529314,0.1848530910544087,-0.2814308890419633,1.0,False
1782605575.8658755,TRACKING,Tracking AprilTag,Walk,2,60.01102828979492,0.10814883561480505,-0.07629072853388762,0.5574556254008658,0.5729513244562228,0.1916239544937626,-0.2789499963129606,-0.2753457287408034,0.002182720632729978,0.9613427928657059,0.9613223548436508,0.006637751279902989,-0.2753457287408034,-0.00627947718394377,0.9999779017043006,0.002182720632729978,0.27535413242614365,-0.00036927091729756234,0.9613427928657059,4.3624446958626315,3.1473161407402226,-0.8867065217668438,-6.640224128584002,-1.8625881627990317,4.853885434732582,-1.7321726742373467,-0.0630452450669583,4.408214964267726,2.6698814235261015,-0.05316082230744571,0.7092178590270025,0.027526441860686587,0.702443058480359,0.1,-0.10814883561480505,-0.1,0.057455625400865795,0.10814883561480505,0.1916239544937626,-0.2789499963129606,1.0,False
1782605575.9158823,TRACKING,Tracking AprilTag,Walk,2,60.0190315246582,0.11519937370552771,-0.07791823929422707,0.5559237755180741,0.5730561856424974,0.20432959492760622,-0.24696854275335778,-0.24446477608618064,0.0026125597698256637,0.9696546538766173,0.9696323354521866,0.00707865090760545,-0.24446477608618064,-0.006641477966688136,0.9999745323266324,0.0026125597698256637,0.24447704353569924,-0.0009096150071167661,0.9696546538766173,4.357701610939374,3.1375397980496635,-0.8874036496556378,-6.643034745044122,-1.8582358767769969,4.856780917098887,-1.7322143161111003,-0.05869295904492344,4.4100756675470905,2.6721002825764684,-0.05535981332407482,0.7076534461734548,0.028564931241088224,0.7038081669679237,0.1,-0.11519937370552771,-0.1,0.05592377551807415,0.11519937370552771,0.20432959492760622,-0.24696854275335778,1.0,False
1782605575.9658349,TRACKING,Tracking AprilTag,Walk,2,59.995086669921875,0.1170894548507787,-0.08017480085402162,0.5515764657383718,0.5695388807497411,0.2091762812365652,-0.24700120760990338,-0.24449544793499647,-0.0038754326755002498,0.9696426955124465,0.969626819101677,0.006768132521536428,-0.24449544793499647,-0.00795707474750688,0.9999608322244629,-0.0038754326755002498,0.24445964215024582,0.005703192012431955,0.9696426955124465,4.361885864299356,3.138393180508959,-0.8884688016150998,-6.645856361987237,-1.8555549973259844,4.859770565413804,-1.7326119011001677,-0.05601207959391097,4.412271831932346,2.6741673899426566,-0.056641610197640864,0.7069214755485739,0.02911427593133049,0.7044189906152729,0.1,-0.1170894548507787,-0.1,0.051576465738371824,0.1170894548507787,0.2091762812365652,-0.24700120760990338,1.0,False
1782605576.0158365,TRACKING,Tracking AprilTag,Walk,2,60.14574432373047,0.1183023856525112,-0.08163921781986856,0.5483217872617691,0.5668484795104033,0.21249632807669352,-0.2459187962179247,-0.24343621468214569,-0.0096630232165721,0.9698687722385665,0.9698871112683947,0.007602682202820482,-0.24343621468214569,-0.010263314648403334,0.9999006402411911,-0.0096630232165721,0.24333856202393542,0.011870504141739666,0.9698687722385665,4.364626718324538,3.1383507827890416,-0.890387701809238,-6.6489401589191734,-1.854815338055549,4.863209157629783,-1.733781544227234,-0.05527242032347557,4.415350144795986,2.676095075442429,-0.056884467148923215,0.706844435677768,0.029418790950408787,0.7044640770738967,0.1,-0.1183023856525112,-0.1,0.048321787261769056,0.1183023856525112,0.21249632807669352,-0.2459187962179247,1.0,False
1782605576.0658398,TRACKING,Tracking AprilTag,Walk,2,60.05133819580078,0.11882920976794217,-0.08379697507848168,0.5439251371429957,0.563024749848889,0.21508675949210532,-0.23964140189973673,-0.23732649177071796,-0.015304588852221033,0.9713093770081023,0.9714089922678496,0.006380128914390191,-0.23732649177071796,-0.010305882744634884,0.9998297646804272,-0.015304588852221033,0.23718844516968934,0.017312874230394373,0.9713093770081023,4.36702018698279,3.1346420215787623,-0.8930912030482061,-6.652163183382913,-1.8564055176758374,4.866961264426385,-1.735683779814606,-0.05686259994376397,4.419194484745306,2.6778032487348757,-0.05584742990165626,0.7069124952141889,0.02960218962000359,0.70447107751357,0.1,-0.11882920976794217,-0.1,0.04392513714299573,0.11882920976794217,0.21508675949210532,-0.23964140189973673,1.0,False
1782605576.1157763,TRACKING,Tracking AprilTag,Walk,2,59.9825553894043,0.11579686722171206,-0.08835485878677936,0.5416056401755047,0.5608495029858838,0.21063168891285122,-0.23780609658750018,-0.235527607779108,-0.01920047482396773,0.9716779753294735,0.9718646464747083,0.002419691393774894,-0.235527607779108,-0.007142378860113308,0.9997901420752021,-0.01920047482396773,0.23543172122041892,0.02034249008371649,0.9716779753294735,4.36770361270129,3.1300821735600155,-0.8966024781805383,-6.655483155108247,-1.8601750301325148,4.870990961480408,-1.7383507644348752,-0.06063211240044141,4.423807100779436,2.6792437481738345,-0.055479458952587546,0.7067680249405542,0.028441614820578432,0.7046928856617996,0.1,-0.11579686722171206,-0.1,0.04160564017550472,0.11579686722171206,0.21063168891285122,-0.23780609658750018,1.0,False
1782605576.1658978,TRACKING,Tracking AprilTag,Walk,2,60.11137008666992,0.11173677750689719,-0.08946357182964675,0.5368668462792439,0.5556211377962195,0.20519815085718568,-0.25653355366031527,-0.25361323047227546,-0.030214688220324006,0.966833699218829,0.9673014604269965,0.00286600509702212,-0.25361323047227546,-0.010883237413201331,0.9994841808448779,-0.030214688220324006,0.2533958164595611,0.0319868450402245,0.966833699218829,4.375007853963438,3.134398018831125,-0.9003614546712979,-6.658287649131946,-1.8661629240430644,4.874574776318667,-1.7413758862823576,-0.06662000631099096,4.428415854280219,2.6801123574968733,-0.05334455496464251,0.7072120805209527,0.025451578284045682,0.7045265422847465,0.1,-0.11173677750689719,-0.1,0.03686684627924386,0.11173677750689719,0.20519815085718568,-0.25653355366031527,1.0,False
1782605576.2158823,TRACKING,Tracking AprilTag,Walk,2,60.11089324951172,0.10119965829729945,-0.08792052232619907,0.5323838629886682,0.5490027018661556,0.18784665160783653,-0.2748177848837168,-0.2712316128818595,-0.03211183036602748,0.9619782962853417,0.9625062434770487,0.003891457465447277,-0.2712316128818595,-0.013089640337154847,0.9993985649711468,-0.03211183036602748,0.2709435228669329,0.03445816147746729,0.9619782962853417,4.380939179499535,3.1320499054572535,-0.903965776557178,-6.6607329778234226,-1.8722149788469375,4.877773712580907,-1.744331825296702,-0.07267206111486413,4.432727923667765,2.680726219259309,-0.05139072235720765,0.7073853588123952,0.023131928471949764,0.7045777896574883,0.1,-0.10119965829729945,-0.1,0.032383862988668244,0.10119965829729945,0.18784665160783653,-0.2748177848837168,1.0,False
1782605576.2659302,TRACKING,Tracking AprilTag,Walk,2,60.332740783691406,0.09571079126361953,-0.08686869420238537,0.5307234949366685,0.5462363533073643,0.17842246044096188,-0.27996964284796544,-0.2761590600949377,-0.03480431699598219,0.9604815630952652,0.9611054656539321,0.003529506710458181,-0.2761590600949377,-0.013670264376023707,0.9993006471479606,-0.03480431699598219,0.2758430853982535,0.03722578665452253,0.9604815630952652,4.382132137809649,3.128773800730391,-0.9073796701146053,-6.663044155993776,-1.8778329018718187,4.880798811812555,-1.7471327159399155,-0.0782899841397453,4.43680999556577,2.681303196534497,-0.05120839727698193,0.707335060837835,0.022888139426541387,0.7046495191451209,0.1,-0.1,-0.1,0.030723494936668483,0.09571079126361953,0.17842246044096188,-0.27996964284796544,1.0,False
1782605576.315825,TRACKING,Tracking AprilTag,Walk,2,60.13215255737305,0.09052304497915002,-0.08573896847327182,0.5284690802800417,0.5429780485426562,0.16964655307185325,-0.2815260243504873,-0.2776788562847683,-0.03208787087621101,0.9601379178612907,0.960666078188424,0.0038908855619152853,-0.2776788562847683,-0.013322693530114699,0.9993962549358159,-0.03208787087621101,0.2773863588123532,0.03452515937414091,0.9601379178612907,4.383452452831559,3.123904696968635,-0.9101779955027002,-6.665040768678604,-1.8824102384314678,4.883377955199756,-1.749405403023332,-0.0828673206993944,4.44020089050166,2.6818679254292963,-0.04815690521179872,0.7065454179110037,0.019714423806604545,0.7057519581293138,0.1,-0.1,-0.1,0.028469080280041692,0.09052304497915002,0.16964655307185325,-0.2815260243504873,1.0,False
1782605576.3658354,TRACKING,Tracking AprilTag,Walk,2,60.14238357543945,0.08104499274731361,-0.08300443187692766,0.5239497390465994,0.536638943431823,0.15346462603026234,-0.28507225433026556,-0.2811178112171866,-0.027836593795539856,0.9592694617584364,0.9596669753364975,0.003474574068358687,-0.2811178112171866,-0.011773197714972327,0.9995431535763858,-0.027836593795539856,0.2808926632435643,0.030023515344096648,0.9592694617584364,4.386333785483793,3.115135979407583,-0.9130714184169872,-6.666197896015255,-1.8848179544718915,4.885161044698567,-1.7519610696043593,-0.08527503673981807,4.443308522276729,2.681636701328619,-0.047484741103693065,0.7072662980843126,0.017638933391988812,0.7051300950783624,0.1,-0.1,0.1,0.02394973904659936,0.08104499274731361,0.15346462603026234,-0.28507225433026556,1.0,False
1782605576.4158485,TRACKING,Tracking AprilTag,Walk,2,60.1691780090332,0.07763318759880872,-0.08238045598490533,0.5225110712881444,0.5346319023063598,0.14749808353699914,-0.2849067745312574,-0.28096009790628346,-0.027704652654276726,0.9593194856802386,0.9597074113936068,0.0048070677833652025,-0.28096009790628346,-0.013117238276546218,0.9995300847304708,-0.027704652654276726,0.28069489232292516,0.03027378103283341,0.9593194856802386,4.386750394673795,3.1114459967578645,-0.9166760396759407,-6.66677714127438,-1.8871963133169607,4.886542574313101,-1.7553404475670744,-0.08765339558488727,4.446801285627081,2.680573957865147,-0.04748688011240749,0.7073591948877768,0.01751765371755906,0.7050397842910269,0.1,-0.1,0.1,0.022511071288144446,0.07763318759880872,0.14749808353699914,-0.2849067745312574,1.0,False
1782605576.4658952,TRACKING,Tracking AprilTag,Walk,2,60.252716064453125,0.07140270505131414,-0.07980692945067965,0.5212972508712314,0.5321825965238757,0.1361241282800782,-0.2927575713449985,-0.28852942687505756,-0.021080944886026076,0.9572389271179182,0.9574535965492549,0.005777567139160132,-0.28852942687505756,-0.012385261230590874,0.9997010548493797,-0.021080944886026076,0.28832137582764605,0.023757538824342547,0.9572389271179182,4.38838221617239,3.108865042768157,-0.9208950036780968,-6.66757706537752,-1.8900681504648529,4.88827834087421,-1.7592681250318876,-0.09052523273277947,4.450942890459377,2.6794396540101912,-0.045898408603561626,0.7101435958809037,0.015319814573795172,0.7023921359172702,0.1,-0.1,0.1,0.021297250871231355,0.07140270505131414,0.1361241282800782,-0.2927575713449985,1.0,False
1782605576.515816,TRACKING,Tracking AprilTag,Walk,2,59.60747146606445,0.06332583068435858,-0.07709270437054373,0.520513982091386,0.5299889163479363,0.1210652272045144,-0.30303031886953746,-0.2983570129880011,-0.0195112086812045,0.9542548954743048,0.954435476664708,0.00600114028243402,-0.2983570129880011,-0.012385167730971921,0.9997329245133794,-0.0195112086812045,0.29816023964319494,0.022317391407518167,0.9542548954743048,4.389170040376829,3.1057661435796824,-0.9256383116291237,-6.668308806004771,-1.8930012718143243,4.890066598675601,-1.7637219490853964,-0.0934583540822509,4.455525615649142,2.6780138053159246,-0.04565296847317835,0.7114661142939038,0.014281810992946169,0.7010904396409087,0.1,-0.1,0.1,0.020513982091385996,0.06332583068435858,0.1210652272045144,-0.30303031886953746,1.0,False
1782605576.5658348,TRACKING,Tracking AprilTag,Walk,2,59.5029411315918,0.058861483574659756,-0.07617172129349867,0.5207320938327838,0.529555208567435,0.11255825202410315,-0.2978417999754655,-0.2934280342360728,-0.014221735532340829,0.9558753741795016,0.9559664340326736,0.005307139267822723,-0.2934280342360728,-0.009916035905082197,0.9998496959395333,-0.014221735532340829,0.2933084540799721,0.016505144725650213,0.9558753741795016,4.386898599642478,3.0989777611377045,-0.9293710663235303,-6.670235737346568,-1.8930468420835413,4.892789764155126,-1.766920525608748,-0.09350392435146791,4.459725390340422,2.6781055361564143,-0.043579265450504404,0.7113674213244101,0.015502987989395122,0.7012965826698817,0.1,-0.1,0.1,0.02073209383278385,0.058861483574659756,0.11255825202410315,-0.2978417999754655,1.0,False
1782605576.6157932,TRACKING,Tracking AprilTag,Walk,2,59.9234619140625,0.0544413908704515,-0.07994977369469196,0.5162863483425169,0.525268907169073,0.10505980530557486,-0.29148011403664886,-0.28736481319547313,-0.006135156365569027,0.95780155773182,0.9578091582174686,0.004804224378094324,-0.28736481319547313,-0.0068563231445692326,0.9999576744489275,-0.006135156365569027,0.28732317565362087,0.007846574973685148,0.95780155773182,4.389051539436112,3.0904149918471786,-0.9325772447839115,-6.672327437937192,-1.8887681945170687,4.895554002054981,-1.7695688799116391,-0.08922527678499526,4.463524459221237,2.6785765640955725,-0.044616365888016145,0.7116035702987418,0.01586902206687305,0.7009835324539883,0.1,-0.1,0.1,0.016286348342516854,0.0544413908704515,0.10505980530557486,-0.29148011403664886,1.0,False
1782605576.665771,TRACKING,Tracking AprilTag,Walk,2,59.70573806762695,0.054968930692782025,-0.07879464421025138,0.5126177464695731,0.5215430311041185,0.10682361878991621,-0.2973723444987835,-0.2930075282337161,0.0030534160015918323,0.9561052583523894,0.9560698593223376,0.008775676255060576,-0.2930075282337161,-0.008242769357341445,0.9999613659557267,0.0030534160015918323,0.2930230039581999,-0.0005040855318992428,0.9561052583523894,4.3946046660599265,3.092850015439307,-0.935031858619157,-6.674211553920588,-1.8823131967725277,4.897945640143845,-1.7715323180621698,-0.0827702790404543,4.466557158556151,2.679191183378599,-0.04571507632361677,0.7120931848700093,0.01757802667717174,0.7003745004185614,0.1,-0.1,0.1,0.012617746469573143,0.054968930692782025,0.10682361878991621,-0.2973723444987835,1.0,False
1782605576.7158113,TRACKING,Tracking AprilTag,Walk,2,59.61583709716797,0.05731943211726462,-0.07725084539147535,0.5106857470183935,0.5196663762643086,0.11177232802872679,-0.2974103667016616,-0.29303879545442857,0.006635725606530739,0.956077523794118,0.9560610453205503,0.008691488893996555,-0.29303879545442857,-0.007056616440174381,0.999953084554516,0.006635725606530739,0.29308272174420846,-0.004276296378227502,0.956077523794118,4.397425813669262,3.0944635340941424,-0.9368936061151221,-6.676105165698301,-1.8747777401250696,4.90021209011628,-1.7729161799865953,-0.07523482239299617,4.469061402240008,2.6800747176876585,-0.04852272525609341,0.7128262997055533,0.02124013633851636,0.6993375924331048,0.1,-0.1,0.1,0.010685747018393532,0.05731943211726462,0.11177232802872679,-0.2974103667016616,1.0,False
1782605576.7659037,TRACKING,Tracking AprilTag,Walk,2,59.92023849487305,0.06419784104932424,-0.07285688000708064,0.5062882411780651,0.5155165088675039,0.12612786437046125,-0.2961205006001532,-0.291795415339332,0.010585434427417889,0.9564221788336622,0.9564400100050074,0.008828524710739909,-0.291795415339332,-0.006000470315423409,0.9999259687266736,0.010585434427417889,0.29186726712259997,-0.008373423281746612,0.9564221788336622,4.403669718241666,3.099004466505636,-0.9381932524393813,-6.677977150564921,-1.8670329380660018,4.902330016185761,-1.7737574867518275,-0.06749002033392837,4.471051160497374,2.6811856947289447,-0.05303953359112638,0.7121579723144563,0.024475089723868443,0.6995847342019453,0.1,-0.1,0.1,0.006288241178065146,0.06419784104932424,0.12612786437046125,-0.2961205006001532,1.0,False
1782605576.8158796,TRACKING,Tracking AprilTag,Walk,2,60.382118225097656,0.06828667082785982,-0.07053370461632837,0.5051888640128884,0.5146395449460609,0.13435624917731742,-0.2840028758947039,-0.28018733023640785,0.009662157117535963,0.9598967145973727,0.9599099283056806,0.008245575490963577,-0.28018733023640785,-0.00576912394997939,0.9999366779595025,0.009662157117535963,0.28024925824885394,-0.00765836510862452,0.9598967145973727,4.403297628258586,3.0968801281535505,-0.9389521915679311,-6.679561404715967,-1.8613499407471337,4.904045097417492,-1.7741374159353822,-0.06180702301506025,4.472428781968656,2.682275652938149,-0.05474729495298187,0.711409665520576,0.025451083606904616,0.7001794511712464,0.1,-0.1,0.1,0.005188864012888428,0.06828667082785982,0.13435624917731742,-0.2840028758947039,1.0,False
1782605576.8658838,TRACKING,Tracking AprilTag,Walk,2,61.287132263183594,0.0747299351346471,-0.07425040683761673,0.5035426059504722,0.514444207011968,0.1473329746196102,-0.2559713169886466,-0.25318034172747284,0.006193179965845292,0.9673992759376403,0.9673815873050022,0.008519337181643888,-0.25318034172747284,-0.00718533672728416,0.9999550067168154,0.006193179965845292,0.2532217121010163,-0.004171982257784195,0.9673992759376403,4.400649529819376,3.089716760036131,-0.9401283605214789,-6.681191871843475,-1.8575410658368574,4.905899797600815,-1.774913227569189,-0.057998148104783986,4.4742015357439255,2.6832238831388056,-0.057008794274632166,0.7107177735908105,0.02691742856007793,0.7006466268506452,0.1,-0.1,-0.1,0.0035426059504721774,0.0747299351346471,0.1473329746196102,-0.2559713169886466,1.0,False
1782605576.9159172,TRACKING,Tracking AprilTag,Walk,2,61.48565673828125,0.07650236828387323,-0.07574050168351854,0.5010036224931291,0.5124391336535006,0.15152775683344963,-0.25464332421033986,-0.25189727182957045,0.004863093021477275,0.9677417603736463,0.9677172533796164,0.008431011578137556,-0.25189727182957045,-0.00744605747467878,0.9999604524951715,0.004863093021477275,0.2519283107145661,-0.0028304574579158014,0.9677417603736463,4.403186880375071,3.090211950099608,-0.9419406683145789,-6.683375330947292,-1.8537787705211446,4.908437333980405,-1.776183212733366,-0.05423585278907117,4.476788662783069,2.684389527543547,-0.05780039966152782,0.7108167417720728,0.027954153162597403,0.7004407460566983,0.1,-0.1,-0.1,0.0010036224931291304,0.07650236828387323,0.15152775683344963,-0.25464332421033986,1.0,False
1782605576.9658947,TRACKING,Tracking AprilTag,Walk,2,61.6623420715332,0.07940750184879039,-0.07746569192308386,0.4973482060324136,0.5095701353284432,0.15832547101510355,-0.24830114051364435,-0.2457574745321758,0.0008190677684058927,0.9693310027227838,0.9692977215943662,0.008074071063439764,-0.2457574745321758,-0.008121869934157483,0.9999666816233246,0.0008190677684058927,0.24575589950343643,0.0012020897217501407,0.9693310027227838,4.405875375030755,3.0892179040156584,-0.9443295303525702,-6.6860589093253155,-1.8494869895425714,4.911592699894623,-1.7779013281820342,-0.04994407181049798,4.480113411344815,2.6857512550305014,-0.05889828784076685,0.7108077307705396,0.03057828208106134,0.7002487631058218,-0.1,-0.1,-0.1,-0.0026517939675864133,0.07940750184879039,0.15832547101510355,-0.24830114051364435,1.0,False
1782605577.0159142,TRACKING,Tracking AprilTag,Walk,2,61.5947380065918,0.08115745976045782,-0.07914590484393923,0.49620013502908505,0.5089844609919034,0.16212243019460867,-0.24073532264199288,-0.23841666338063577,0.0011048813894732697,0.9711623313635881,0.9711430994281341,0.006210882027672999,-0.23841666338063577,-0.006124061055317082,0.9999806373691973,0.0011048813894732697,0.2384189092947701,0.0003870802660744606,0.9711623313635881,4.405919843131902,3.0870400738197965,-0.9476814498556372,-6.6890692812359775,-1.846409111874397,4.915284726786886,-1.780483312074769,-0.046866194142323625,4.48444688884492,2.6869836008227326,-0.06109665036893718,0.7099052352059024,0.0301515936885664,0.7009940354517917,-0.1,-0.1,-0.1,-0.0037998649709149457,0.08115745976045782,0.16212243019460867,-0.24073532264199288,1.0,False
1782605577.0658154,TRACKING,Tracking AprilTag,Walk,2,61.94147491455078,0.08160921502959358,-0.08550104854658121,0.4907077979954312,0.5047421483231177,0.16480083938982415,-0.23253738911297198,-0.23044256837818772,-0.00644695499817939,0.9730645710591439,0.9730570284833566,0.0074994665413228535,-0.23044256837818772,-0.009233419617578455,0.9999365883561903,-0.00644695499817939,0.2303796069128209,0.008401027804882681,0.9730645710591439,4.409119509263091,3.0827308550816754,-0.9509747549071295,-6.691579897481853,-1.8465015242218963,4.918476724726348,-1.7831215314080908,-0.04695860648982286,4.488508217294826,2.68779271349611,-0.061950587703104056,0.7100208736455266,0.0300902854557934,0.7008045793172816,-0.1,-0.1,-0.1,-0.009292202004568817,0.08160921502959358,0.16480083938982415,-0.23253738911297198,1.0,False
1782605577.1157985,TRACKING,Tracking AprilTag,Walk,2,61.72658157348633,0.0805461654862498,-0.08536763494809836,0.4871586108093759,0.5010976251758644,0.1638563123289499,-0.2392132936816683,-0.23691609695720925,-0.013719005548295454,0.9714332462343092,0.9715057586384918,0.006879239406412545,-0.23691609695720925,-0.010425539175484982,0.9998515374892746,-0.013719005548295454,0.2367865474750391,0.01579807094309284,0.9714332462343092,4.413053396714429,3.0839046613683037,-0.9538822648694947,-6.693783868612644,-1.8495137336997436,4.921282583518211,-1.7854535389909976,-0.04997081596767017,4.492088273584559,2.688495778136772,-0.061827796664068756,0.7100125948599327,0.02929648805405035,0.700857442343042,-0.1,-0.1,-0.1,-0.012841389190624108,0.0805461654862498,0.1638563123289499,-0.2392132936816683,1.0,False
1782605577.1657608,TRACKING,Tracking AprilTag,Walk,2,61.77949142456055,0.0751691165626564,-0.08362124341287869,0.48375764107940683,0.49665316241562213,0.1541531246048795,-0.24744208944475876,-0.24485698240880602,-0.023524248467582214,0.9692737837678729,0.9695300922818646,0.007513875536145201,-0.24485698240880602,-0.01368824818971873,0.9996295521819731,-0.023524248467582214,0.24458951739887727,0.026159129933833826,0.9692737837678729,4.415981904520538,3.0816266242357986,-0.9562933749960649,-6.6953386879700725,-1.8546229638875034,4.923343637936085,-1.7874492769405417,-0.05508004615542994,4.494937264035524,2.6888336667086383,-0.060241273839282204,0.7097728201388174,0.026489070766209197,0.7013500280518661,-0.1,-0.1,-0.1,-0.01624235892059317,0.0751691165626564,0.1541531246048795,-0.24744208944475876,1.0,False
1782605577.2158287,TRACKING,Tracking AprilTag,Walk,2,61.69873046875,0.07133994667656753,-0.08239777781419377,0.48210915488220585,0.494275246195647,0.14690860594229857,-0.2561975452830733,-0.2533021173852871,-0.028360708568747072,0.966971409886357,0.9673582042967145,0.007492790399193152,-0.2533021173852871,-0.015167847459153365,0.9994826694910395,-0.028360708568747072,0.2529585756271011,0.031277011991226206,0.966971409886357,4.418013587220004,3.0814258284398512,-0.9579259718463676,-6.69548148121255,-1.8607209233605084,4.923852914281629,-1.7890069675354878,-0.061178005628435006,4.496466689501132,2.688244922170773,-0.058837413567634396,0.7097720771556228,0.024780072519148925,0.7015323978696989,-0.1,-0.1,-0.1,-0.017890845117794152,0.07133994667656753,0.14690860594229857,-0.2561975452830733,1.0,False
1782605577.2658317,TRACKING,Tracking AprilTag,Walk,2,61.56357955932617,0.062234893091948754,-0.07670787695544602,0.4802427205677111,0.490296186976255,0.1288722860916326,-0.26917898717504335,-0.26585656941194497,-0.02505856365686227,0.9636868541637198,0.9639719174964034,0.008855889499012923,-0.26585656941194497,-0.016093772845526242,0.9995564310548213,-0.02505856365686227,0.2655167278231329,0.028434386895617936,0.9636868541637198,4.4203187323098145,3.077868815855639,-0.9588509918230398,-6.694094619076856,-1.8648403653464798,4.922711932693473,-1.7902223726350948,-0.06529744761440637,4.496688616437594,2.6865927124457274,-0.05706919879202635,0.7105878206810382,0.022034204025584505,0.7009440416338295,-0.1,-0.1,0.1,-0.019757279432288888,0.062234893091948754,0.1288722860916326,-0.26917898717504335,1.0,False
1782605577.315805,TRACKING,Tracking AprilTag,Walk,2,61.65074920654297,0.058393871131074276,-0.07523992418017002,0.4806842399531841,0.4900288041693881,0.12088837697204627,-0.269230710093877,-0.2659401693272826,-0.01934384395904109,0.9637954357845157,0.9639368242063224,0.010080936325843122,-0.2659401693272826,-0.01579159293800979,0.9996881720283423,-0.01934384395904109,0.26566223768445085,0.022845862413702567,0.9637954357845157,4.419281666242545,3.0743283958294776,-0.9596513388797935,-6.691554392696955,-1.8674911719814178,4.920419359958826,-1.7915778857219942,-0.06794825424934436,4.496291986160992,2.6839590856885573,-0.056459134126977756,0.7108357578840897,0.021301878713854312,0.700764669093872,-0.1,-0.1,0.1,-0.0193157600468159,0.058393871131074276,0.12088837697204627,-0.269230710093877,1.0,False
1782605577.3658452,TRACKING,Tracking AprilTag,Walk,2,61.57954788208008,0.05532466814283025,-0.07419135508218075,0.4818960632181333,0.49070254922832796,0.11430577736732482,-0.26914148783564545,-0.26587771209313565,-0.014042240842176649,0.9639044857682996,0.96394928662771,0.010526871427387554,-0.26587771209313565,-0.014791442689991429,0.999791992714124,-0.014042240842176649,0.26567458672797023,0.01746872298344233,0.9639044857682996,4.417642603755472,3.0716377611763948,-0.9607578087517004,-6.687783797838002,-1.8705534094637186,4.916997883620684,-1.7935105421413615,-0.0710104917316452,4.495630002060716,2.6800856584956474,-0.05554214468083092,0.7110004872384609,0.020813045424355324,0.7006855175120209,-0.1,-0.1,0.1,-0.018103936781866725,0.05532466814283025,0.11430577736732482,-0.26914148783564545,1.0,False
1782605577.415777,TRACKING,Tracking AprilTag,Walk,2,62.32340621948242,0.05033056376057165,-0.07477768867516618,0.4863458894959081,0.4946283378473408,0.10312009885613155,-0.26964490966634125,-0.26636621990907894,-0.01313312040185877,0.9637824225621976,0.9638256974078576,0.009437261658184955,-0.26636621990907894,-0.013419249565516987,0.9998237069051767,-0.01313312040185877,0.266195320690194,0.0162324737112462,0.9637824225621976,4.412159239153405,3.0681832256467905,-0.9619302173768778,-6.682818565086206,-1.8738334025117875,4.9124278401292525,-1.7957783121363837,-0.0742904847797141,4.494502577489085,2.675110018627331,-0.054382784205055754,0.7116149057763693,0.019104165495154268,0.7002012350172836,-0.1,-0.1,0.1,-0.013654110504091876,0.05033056376057165,0.10312009885613155,-0.26964490966634125,1.0,False
1782605577.4659314,TRACKING,Tracking AprilTag,Walk,2,62.292640686035156,0.043400854537842114,-0.07684883239867313,0.4928657385493531,0.500705515699052,0.08783161411200067,-0.27920211367592573,-0.2755632948268826,-0.013590721984005731,0.9611868511481553,0.9612282408427563,0.010253757871759977,-0.2755632948268826,-0.01456139879762963,0.9998016092910682,-0.013590721984005731,0.27536926965693986,0.017076372814431834,0.9611868511481553,4.4056333724717085,3.067794672592087,-0.9626849756846243,-6.677487559328022,-1.8746686654496072,4.907406846404766,-1.7977222525972973,-0.07512574771753378,4.492839293597316,2.6699892013886184,-0.05310069028527158,0.7114271792702592,0.018676794514130006,0.7005018648322551,-0.1,-0.1,0.1,-0.007134261450646884,0.043400854537842114,0.08783161411200067,-0.27920211367592573,1.0,False
1782605577.5158987,TRACKING,Tracking AprilTag,Walk,2,62.77565383911133,0.03904904733962,-0.08086167859803306,0.497183753363464,0.5052277939428959,0.07837957338848732,-0.2755103315721598,-0.272036865920817,-0.0029598393261664213,0.9622822781965501,0.9622070410813273,0.012391677590073483,-0.272036865920817,-0.013713933527188867,0.9999015788458258,-0.0029598393261664213,0.2719734143638468,0.006578673736289616,0.9622822781965501,4.40033355852135,3.063317688905038,-0.9631547472554378,-6.672385197987727,-1.8706459341728465,4.902543918505311,-1.799336783123606,-0.0711030164407731,4.491020399549215,2.6651989612049256,-0.05480843540454643,0.7109227790558539,0.019774981148188243,0.7008521868044617,-0.1,-0.1,0.1,-0.002816246636536013,0.03904904733962,0.07837957338848732,-0.2755103315721598,1.0,False
1782605577.5658977,TRACKING,Tracking AprilTag,Walk,2,63.030174255371094,0.039608706105335185,-0.08052313679420904,0.49922662768977694,0.507227809719681,0.07917427884797919,-0.2789158631684917,-0.2753105294879007,0.004700324320256357,0.9613438611154576,0.9612442918138748,0.014612453877903659,-0.2753105294879007,-0.013853753364260845,0.9998929845083456,0.004700324320256357,0.2753497502685709,-0.0007040757484109137,0.9613438611154576,4.3997111017627475,3.066126956142804,-0.9635240683087994,-6.66751116059997,-1.8641471636867466,4.897880589182123,-1.8008017056885266,-0.06460424595467318,4.4892115403935415,2.6606579627406397,-0.05651928003940419,0.7104583365644328,0.0220339741838282,0.7011198378106219,-0.1,-0.1,0.1,-0.0007733723102230639,0.039608706105335185,0.07917427884797919,-0.2789158631684917,1.0,False
1782605577.615892,TRACKING,Tracking AprilTag,Walk,2,63.4721794128418,0.044426580817849205,-0.07942463514033475,0.5043553485166841,0.5125000598319244,0.08785910409244431,-0.2775443599753282,-0.2739933245740578,0.003294488584476275,0.9617259507956629,0.9616027369112273,0.01574275877004586,-0.2739933245740578,-0.015430624889949458,0.9998755133317709,0.003294488584476275,0.2740110803970206,0.0010598989742972753,0.9617259507956629,4.39575667938838,3.0715793431698097,-0.9638181372061958,-6.66258823511638,-1.856516201934425,4.893152581281771,-1.8022044220274922,-0.05697328420235159,4.487313603910778,2.6561060940100205,-0.05810494892891242,0.7103818283441299,0.024596947918436668,0.7009824983703353,0.1,-0.1,0.1,0.0043553485166840655,0.044426580817849205,0.08785910409244431,-0.2775443599753282,1.0,False
1782605577.665905,TRACKING,Tracking AprilTag,Walk,2,63.48698043823242,0.04793199192065411,-0.07726719125022705,0.5076416128856356,0.5157205656421996,0.09414182163563926,-0.2743868393954385,-0.27095153732405003,0.006211636800333597,0.9625729478797931,0.9624746717094718,0.01509207538672786,-0.27095153732405003,-0.013929994949185514,0.9998836786391587,0.006211636800333597,0.2710137663633721,-0.00220418954378149,0.9625729478797931,4.393203842282962,3.0742109400547175,-0.9635551563513497,-6.658298796841341,-1.8492979933750306,4.888915244223254,-1.8029209513694648,-0.049755075642957225,4.4851934431682245,2.652367998496109,-0.06109669452458367,0.7107602474912855,0.028381581372558848,0.7002010785075163,0.1,-0.1,0.1,0.007641612885635585,0.04793199192065411,0.09414182163563926,-0.2743868393954385,1.0,False
1782605577.7158773,TRACKING,Tracking AprilTag,Walk,2,63.583404541015625,0.054981335563686694,-0.07315586626106417,0.5142377706066323,0.5223171572399788,0.10651348063400631,-0.257222017591991,-0.254391776505381,0.004994144195141599,0.9670883530320249,0.9670102679080002,0.013265210399161965,-0.254391776505381,-0.012402717765091576,0.9999106115627524,0.004994144195141599,0.25443528519554287,-0.0016742393103585697,0.9670883530320249,4.385452472150088,3.074253948812055,-0.9635448733684594,-6.654483540669159,-1.8438727102027146,4.885197038474623,-1.8037760720685199,-0.04432979247064117,4.483508562609817,2.6489449205094133,-0.06256225606641287,0.7104630835249227,0.030823355427842435,0.700270013512151,0.1,-0.1,0.1,0.014237770606632338,0.054981335563686694,0.10651348063400631,-0.257222017591991,1.0,False
1782605577.7658901,TRACKING,Tracking AprilTag,Walk,2,63.608070373535156,0.057640056058380205,-0.07361262854862231,0.516331138851793,0.5247275865553861,0.11117359981868132,-0.24912460644789192,-0.2465542544870075,0.003406315075210998,0.9691230038606886,0.9690704461037231,0.010652233694721524,-0.2465542544870075,-0.010124944414382938,0.9999429396311642,0.003406315075210998,0.24657647087452741,-0.000804611147693979,0.9691230038606886,4.382486362269094,3.0732592545697286,-0.9639142952467781,-6.650753584475742,-1.839921704170006,4.881648011471332,-1.8049816644784564,-0.04037878643793258,4.4822022690678835,2.6454317107361014,-0.06335391714752245,0.7104427703248183,0.03283661601673129,0.7001279225426109,0.1,-0.1,0.1,0.016331138851793048,0.057640056058380205,0.11117359981868132,-0.24912460644789192,1.0,False
1782605577.8158867,TRACKING,Tracking AprilTag,Walk,2,63.58233642578125,0.06094374987780906,-0.07369013175246045,0.5207567438378231,0.5294638442985848,0.11649928605622294,-0.24167321139369508,-0.2393268657976666,0.002385388809385894,0.970936126234725,0.9709117664033164,0.007279640585751345,-0.2393268657976666,-0.006909544930189528,0.9999732836976625,0.002385388809385894,0.23933783664195207,-0.0006623623302491466,0.970936126234725,4.377551110351613,3.0736619038437825,-0.9643022989901047,-6.6461041082040975,-1.8356538911356313,4.8772076301865495,-1.8064138622829433,-0.036110973403557844,4.480508820461521,2.641084250750888,-0.06390455778249426,0.7104575478397643,0.034973554545720355,0.6999593778888675,0.1,-0.1,0.1,0.02075674383782311,0.06094374987780906,0.11649928605622294,-0.24167321139369508,1.0,False
1782605577.8659062,TRACKING,Tracking AprilTag,Walk,2,63.824058532714844,0.06280108430682452,-0.07451219788554381,0.5243151538499006,0.5332939380683904,0.11920943956261651,-0.2358843893989434,-0.23370279672336158,-0.00123765602996555,0.9723072924807418,0.9722895609388945,0.006001040987266593,-0.23370279672336158,-0.006469425092893922,0.9999783071379693,-0.00123765602996555,0.2336902998162721,0.0027152827753701815,0.9723072924807418,4.373207586509508,3.073398245372438,-0.9649811656926716,-6.641199017134522,-1.8309207187962004,4.8725842477121,-1.808187308897773,-0.03137780106412702,4.478964415897472,2.636379402937915,-0.06396489986680644,0.7106939828712731,0.03857425259143289,0.6995245394785006,0.1,-0.1,0.1,0.024315153849900573,0.06280108430682452,0.11920943956261651,-0.2358843893989434,1.0,False
1782605577.9158905,TRACKING,Tracking AprilTag,Walk,2,63.390594482421875,0.06727087254113762,-0.07680484573588849,0.528773046246958,0.5385399605026977,0.1265409205401123,-0.2387188611786155,-0.2364580096452608,0.00016608877133537182,0.9716416942932831,0.9716416287221751,0.00039371146858334475,-0.2364580096452608,-0.0003647830704102117,0.9999999196739126,0.00016608877133537182,0.23645805604256814,-7.512288551127973e-05,0.9716416942932831,4.370528486472355,3.079830052641012,-0.96569582298521,-6.636979492281196,-1.8270188517502932,4.86863668916425,-1.8098401569079954,-0.027475934018219798,4.477753262730102,2.632274743020361,-0.06323103435962885,0.7123867114339651,0.041869198427321806,0.6976775615491481,0.1,-0.1,0.1,0.02877304624695798,0.06727087254113762,0.1265409205401123,-0.2387188611786155,1.0,False
1782605577.9658983,TRACKING,Tracking AprilTag,Walk,2,63.03594970703125,0.06939186398394606,-0.07570953428309779,0.5329409477400318,0.5427459978171864,0.12947712301307354,-0.22751798077757757,-0.22555973049272182,-0.001963029797780592,0.9742273628337811,0.9742041698890611,-0.007003095802304098,-0.22555973049272182,0.006733848264011462,0.9999754005982199,-0.001963029797780592,0.22556792914402263,0.0003935068150050284,0.9742273628337811,4.364690991726994,3.0766970800078006,-0.9671604336829029,-6.634367729140504,-1.8242177782563336,4.866425069494994,-1.8118588519412882,-0.024674860524260156,4.477921982744833,2.6292851067957494,-0.06469851340142554,0.7125381560832471,0.04266439704490232,0.6973401090672519,0.1,-0.1,-0.1,0.032940947740031756,0.06939186398394606,0.12947712301307354,-0.22751798077757757,1.0,False
1782605578.0158858,TRACKING,Tracking AprilTag,Walk,2,62.12950897216797,0.07035778430162828,-0.07463255794662739,0.536512246780941,0.5462285487444102,0.13039510329462442,-0.21891557068031967,-0.21717118052328124,-0.00045662077266132856,0.9761334283014769,0.9761107994082479,-0.00666225402666179,-0.21717118052328124,0.006723558303431661,0.999977292372787,-0.00045662077266132856,0.2171692912046538,-0.0010144506266445003,0.9761334283014769,4.359933767438434,3.0740737645538108,-0.9689075005012813,-6.63349006260353,-1.8210660403575765,4.8659664244908996,-1.8137594270590407,-0.021523122625503044,4.479106065977586,2.6277293150629277,-0.06585710250837068,0.7117938178430202,0.04351817802453039,0.6979388018380155,0.1,-0.1,-0.1,0.036512246780941005,0.07035778430162828,0.13039510329462442,-0.21891557068031967,1.0,False
1782605578.0658877,TRACKING,Tracking AprilTag,Walk,2,61.96638870239258,0.07092657081358424,-0.07507757141227721,0.5366130289659256,0.546462041712437,0.13141279021626126,-0.21715017183654928,-0.21544759583248987,-0.00021107902494971897,0.9765153807778172,0.9764978532607107,-0.005854573188849401,-0.21544759583248987,0.0059488026298224915,0.9999822834395201,-0.00021107902494971897,0.21544501461972823,-0.0010755370099454836,0.9765153807778172,4.359646535766952,3.0738164678567044,-0.970574771508861,-6.63357800760583,-1.8175164914879178,4.866430143923165,-1.815363325816533,-0.01797357375584441,4.480642553329077,2.627076066599592,-0.06756814388535333,0.7107167727200128,0.04443505758675449,0.698814525152132,0.1,-0.1,-0.1,0.036613028965925554,0.07092657081358424,0.13141279021626126,-0.21715017183654928,1.0,False
1782605578.1158786,TRACKING,Tracking AprilTag,Walk,2,62.1810188293457,0.07215904053846256,-0.07404058522145902,0.5340019954690253,0.5439182535604671,0.1343152051500055,-0.21600327610451414,-0.2143274075198259,0.000918021462371181,0.9767614445822609,0.9767578942171642,-0.0027889909073915056,-0.2143274075198259,0.0030567798631058792,0.9999949066537605,0.000918021462371181,0.21432375552261942,-0.0015518364138501287,0.9767614445822609,4.362341250823028,3.074078390587461,-0.9722054765240614,-6.6343337076275875,-1.8139924537267214,4.867535932684964,-1.8167801929887706,-0.014449535994647931,4.482439464935908,2.6270387832692315,-0.06915143644762521,0.710190745370315,0.04522613804738771,0.6991436050375524,0.1,-0.1,-0.1,0.03400199546902527,0.07215904053846256,0.1343152051500055,-0.21600327610451414,1.0,False
1782605578.1659238,TRACKING,Tracking AprilTag,Walk,2,61.833343505859375,0.07310215471530332,-0.07295920938844314,0.5330294291157583,0.5429432231477598,0.13629442668737013,-0.2167180792588058,-0.2150241483162819,-0.003719185345141929,0.9766016502654632,0.9766065885599527,-0.002046172560884279,-0.2150241483162819,0.001276299070610568,0.9999922693306438,-0.003719185345141929,0.2150300961306897,0.0033577457914863306,0.9766016502654632,4.363320060396083,3.075217044020429,-0.9737414434379741,-6.635548857605237,-1.810285855150454,4.8690677208427875,-1.8180006063893712,-0.010742937418380505,4.484353052866348,2.6274558744598475,-0.07092517776602941,0.710716669455806,0.04589994292603625,0.6983871635102483,0.1,-0.1,-0.1,0.033029429115758346,0.07310215471530332,0.13629442668737013,-0.2167180792588058,1.0,False
1782605578.2159355,TRACKING,Tracking AprilTag,Walk,2,62.01557540893555,0.07472479101413482,-0.0718050414449353,0.5317052500451811,0.5417104681419989,0.13962355774898302,-0.2063424000550593,-0.20487868506488666,-0.005020958209368418,0.9787744961862986,0.9787865922587579,-0.0012374249759183101,-0.20487868506488666,0.00021324570225940626,0.9999873721727341,-0.005020958209368418,0.20488231095133252,0.004870757076546704,0.9787744961862986,4.362974929084478,3.071323894490951,-0.9743457737141351,-6.637445090556002,-1.8076507391071313,4.871051595626135,-1.8181592107091604,-0.008107821375057833,4.485728794647131,2.6288940152870492,-0.07250814874120397,0.711409917279018,0.04626361678942139,0.6974942119650497,0.1,-0.1,-0.1,0.0317052500451811,0.07472479101413482,0.13962355774898302,-0.2063424000550593,1.0,False
1782605578.265833,TRACKING,Tracking AprilTag,Walk,2,61.8408088684082,0.07464578798138688,-0.07159002615335286,0.5315202846686263,0.5414895553214462,0.13952575828875322,-0.20310877288318563,-0.20171487650148143,0.001706671428152361,0.9794427986720963,0.9794442805039076,-9.993085067021133e-05,-0.20171487650148143,0.00045351401816101465,0.9999984407976202,0.001706671428152361,0.20171439143803835,-0.0017630700931683054,0.9794427986720963,4.3630052319022665,3.0696195158109467,-0.9766913930194687,-6.638906829264888,-1.8078030075958267,4.873007143519599,-1.8201122704663049,-0.008260089863753262,4.48847806811294,2.6291770442410645,-0.07275371747874289,0.7121563553204463,0.04614245840094767,0.6967145008555788,0.1,-0.1,-0.1,0.03152028466862633,0.07464578798138688,0.13952575828875322,-0.20310877288318563,1.0,False
1782605578.3159125,TRACKING,Tracking AprilTag,Walk,2,61.702911376953125,0.07119156026293261,-0.071793304724982,0.5301759788696725,0.5397305674375135,0.1334806765650363,-0.2081872635416722,-0.20668466408558503,-0.004379276321919343,0.9783978084453814,0.9784064626521152,-0.0014978225542695825,-0.20668466408558503,0.0006057591438867044,0.9999902274496266,-0.004379276321919343,0.20668920362814017,0.0041595111299342746,0.9783978084453814,4.364118717896295,3.068463046452216,-0.9801571019078477,-6.640414186864703,-1.8107019057589837,4.875261110083968,-1.8231458986174491,-0.011158988026910288,4.492253656289204,2.629009118793441,-0.07238874716445694,0.712717875749885,0.0452277079670005,0.6962381441019901,0.1,-0.1,-0.1,0.030175978869672493,0.07119156026293261,0.1334806765650363,-0.2081872635416722,1.0,False
1782605578.3658056,TRACKING,Tracking AprilTag,Walk,2,61.81406784057617,0.067738601609184,-0.07335831532163715,0.5314855367537574,0.5407835392772473,0.12676799589929272,-0.19580303309582783,-0.19455237490436336,-0.004432529431967982,0.9808821163126111,0.9808882372974234,-0.0027639375220455172,-0.19455237490436336,0.0019385960358152437,0.9999882971956445,-0.004432529431967982,0.19456234933039754,0.003970657518543984,0.9808821163126111,4.359955686131152,3.059014874597585,-0.9830349974924737,-6.642908316552667,-1.814020840460784,4.878342853937025,-1.825383267769051,-0.014477922728710626,4.495934543531654,2.6299858659484228,-0.06951800345190033,0.711598246045396,0.04510430601488529,0.6976824385062974,0.1,-0.1,-0.1,0.031485536753757426,0.067738601609184,0.12676799589929272,-0.19580303309582783,1.0,False
1782605578.4158423,TRACKING,Tracking AprilTag,Walk,2,61.3328742980957,0.06504883455786165,-0.07736152244411791,0.531559416831787,0.5410836993060845,0.12176816120929439,-0.18499378861174712,-0.18394038338144708,-0.0006975021497465373,0.982937154070512,0.9829086918881952,-0.007512574267410788,-0.18394038338144708,0.007512459388400223,0.9999715378172964,-0.0006975021497465373,0.1839403880733504,-0.0006962637344433144,0.982937154070512,4.357793379549732,3.050569878302872,-0.9853772467604472,-6.6453096259811675,-1.8160129270565148,4.881212733849339,-1.827119991090027,-0.016470009324441422,4.499093444387162,2.631114477480259,-0.0687259190255304,0.7118564774376207,0.04486105726799719,0.6975131462022747,0.1,-0.1,-0.1,0.03155941683178698,0.06504883455786165,0.12176816120929439,-0.18499378861174712,1.0,False
1782605578.4659443,TRACKING,Tracking AprilTag,Walk,2,61.72149658203125,0.059038178736978114,-0.0775398777929537,0.5221927829675286,0.5312092259930149,0.11258015676103342,-0.21484586340599895,-0.21318250112026216,-0.011596953855013204,0.9769435663728965,0.977000071729422,-0.004907245338635367,-0.21318250112026216,0.0024919470797958652,0.9999296479558131,-0.011596953855013204,0.21322441239327083,0.010798985237060481,0.9769435663728965,4.369954196837643,3.0581520169903693,-0.9872366579389514,-6.647497362702391,-1.8183005674670725,4.883765117439958,-1.8284348826819388,-0.01875764973499905,4.501724767422927,2.6322632772772616,-0.06750342744635446,0.7124480186087664,0.04424953426637159,0.6970674908361792,0.1,-0.1,0.1,0.02219278296752858,0.059038178736978114,0.11258015676103342,-0.21484586340599895,1.0,False
1782605578.5159717,TRACKING,Tracking AprilTag,Walk,2,61.61002731323242,0.054857411002648085,-0.07503753647580245,0.5188232406255562,0.5270839804390517,0.10534289251773299,-0.2194773221116703,-0.21770841044392322,-0.010098983990841002,0.975961607105696,0.9759966503904383,-0.005795381663431346,-0.21770841044392322,0.0036848620547498276,0.9999422144874124,-0.010098983990841002,0.21775435751847091,0.009054349086762763,0.975961607105696,4.373265598258687,3.055531737640394,-0.9887406855339066,-6.649846532456134,-1.8201835800362298,4.8863941432604285,-1.8293670418816386,-0.0206406623041564,4.504107717442719,2.6337131899441006,-0.06683335691762113,0.7125839653088828,0.04382315092863194,0.6970200328760121,0.1,-0.1,0.1,0.01882324062555618,0.054857411002648085,0.10534289251773299,-0.2194773221116703,1.0,False
1782605578.5659242,TRACKING,Tracking AprilTag,Walk,2,61.12842559814453,0.05302302749140965,-0.07338584207218248,0.5166379112628832,0.5245108717796733,0.10227284595227024,-0.2211798072811834,-0.2193751775074735,-0.007186005339239754,0.9756141106097375,0.9756221348517293,-0.005998456544702485,-0.2193751775074735,0.004532296573151437,0.9999639091562442,-0.007186005339239754,0.21941036501297564,0.006016552504873404,0.9756141106097375,4.375497576654682,3.054044220924342,-0.9897381947805355,-6.652163975899309,-1.8210718782841706,4.888877412644982,-1.8298130709985814,-0.021528960552097187,4.506021681571156,2.6353570604148127,-0.06677379625038164,0.7113179355593672,0.0428475365336087,0.6983782236717246,0.1,-0.1,0.1,0.016637911262883165,0.05302302749140965,0.10227284595227024,-0.2211798072811834,1.0,False
1782605578.615898,TRACKING,Tracking AprilTag,Walk,2,61.50044631958008,0.05174561208082263,-0.07214879521124377,0.5150354848304421,0.5226323828988992,0.10013397141791304,-0.21569233560436207,-0.2140217922547389,-0.0043018942196569295,0.9768194132725825,0.9768166427359091,-0.004890696700557103,-0.2140217922547389,0.004064132172376223,0.9999824881145711,-0.0043018942196569295,0.21403908358949988,0.003332349017558192,0.9768194132725825,4.376098481589202,3.0497837156163223,-0.9903533264390548,-6.654030328450761,-1.8228481568114105,4.890834634660645,-1.8299889709276038,-0.023305239079337126,4.507394003893841,2.6367636130253773,-0.06665105940971229,0.7105784190914565,0.04248089500838805,0.6991647303463867,0.1,-0.1,0.1,0.015035484830442147,0.05174561208082263,0.10013397141791304,-0.21569233560436207,1.0,False
1782605578.6659253,TRACKING,Tracking AprilTag,Walk,2,61.6350212097168,0.04923673559993815,-0.07537103997569854,0.5119959099817604,0.5198508070952736,0.09587145457725986,-0.2160480559261753,-0.21435655642802953,-0.011702898339315886,0.9766853684205454,0.976749552370809,-0.003402742973169423,-0.21435655642802953,0.0009151942107352908,0.9999310999213977,-0.011702898339315886,0.21438160919953253,0.011234622834891789,0.9766853684205454,4.378050761100465,3.047061777557335,-0.9907511626450726,-6.656044486270086,-1.824623075471707,4.892886538568377,-1.829919719780344,-0.02508015773963357,4.5086360251725575,2.6383983877839228,-0.06646824850363571,0.7102153715227778,0.040711039257966035,0.6996561364528706,0.1,-0.1,0.1,0.011995909981760366,0.04923673559993815,0.09587145457725986,-0.2160480559261753,1.0,False
1782605578.7159145,TRACKING,Tracking AprilTag,Walk,2,61.728302001953125,0.04730044719543904,-0.0766149111762941,0.5106696787525581,0.5185467170050166,0.09236082235761886,-0.21563483793711005,-0.213954679453445,-0.010992376017224883,0.9767817375491158,0.9768421668183528,-0.001666212951325941,-0.213954679453445,-0.0007020155752941295,0.9999393355817282,-0.010992376017224883,0.21396001565656517,0.010888015924531431,0.9767817375491158,4.378891608297438,3.044824509830757,-0.9918721627896635,-6.658608465307595,-1.8236949112050553,4.895637924053501,-1.8304301193700878,-0.024151993472981914,4.510769209754068,2.6402095071533087,-0.06622441729550047,0.7105849457642548,0.040894340634087846,0.6992932248429021,0.1,-0.1,0.1,0.010669678752558087,0.04730044719543904,0.09236082235761886,-0.21563483793711005,1.0,False
1782605578.7659185,TRACKING,Tracking AprilTag,Walk,2,61.66560745239258,0.046037049565993485,-0.07719279671575652,0.5064686393463217,0.514381784707484,0.09064901092671086,-0.22137949867755652,-0.21957185363795817,-0.005891396202205735,0.9755785424766064,0.9755958870124676,-0.0009307708352048283,-0.21957185363795817,-0.00037190620791111733,0.9999825764164899,-0.005891396202205735,0.21957351144919351,0.005829282039083294,0.9755785424766064,4.3839551032583515,3.0455129528258693,-0.9937273807228764,-6.661256714136678,-1.8197804371349202,4.898637873199222,-1.8316365026274064,-0.020237519402846793,4.513599020346614,2.641773868828488,-0.06640735595135717,0.7116207380853615,0.04339671882482992,0.6980707077349927,0.1,-0.1,0.1,0.006468639346321692,0.046037049565993485,0.09064901092671086,-0.22137949867755652,1.0,False
1782605578.8159168,TRACKING,Tracking AprilTag,Walk,2,61.62199783325195,0.047424465418869514,-0.07790614671145651,0.5047824366528629,0.5129559006083214,0.09367534032259782,-0.22007528136496896,-0.2183030339812018,0.0007122543501237253,0.9758807704060691,0.9758809191598563,-0.00046580501947972823,-0.2183030339812018,0.0006366474436859928,0.9999995436867825,0.0007122543501237253,0.21830260259499054,-0.0008340574984073758,0.9758807704060691,4.386169997460884,3.0458685083682187,-0.9961688772498564,-6.664022861315383,-1.8146572444541544,4.901885592346534,-1.8333871584604313,-0.015114326722081017,4.517007319118473,2.6431866586172608,-0.06689600432900832,0.7122349220029179,0.045228046722440844,0.6972809794293714,0.1,-0.1,0.1,0.004782436652862931,0.047424465418869514,0.09367534032259782,-0.22007528136496896,1.0,False
1782605578.8659256,TRACKING,Tracking AprilTag,Walk,2,61.846099853515625,0.05173604294594169,-0.08075910552476505,0.5010484939331086,0.51014531707887,0.10289092965515535,-0.21410864501437724,-0.21247429173305987,0.0045703733792198335,0.9771559686353603,0.977159081857764,-0.0038476090531821667,-0.21247429173305987,0.004931243051289174,0.9999773970091242,0.0045703733792198335,0.21245190416859216,-0.005513744229671859,0.9771559686353603,4.390085529985254,3.0461507256836984,-0.9989934598531518,-6.666634600472118,-1.8105247548046448,4.905069793015264,-1.8355459345967904,-0.010981837072571386,4.520691963945335,2.6442924799434864,-0.06951946575519795,0.712711853927521,0.047058391656942596,0.6964153681007977,0.1,-0.1,0.1,0.001048493933108574,0.05173604294594169,0.10289092965515535,-0.21410864501437724,1.0,False
1782605578.9159188,TRACKING,Tracking AprilTag,Walk,2,61.751548767089844,0.05382364029245733,-0.08051232385405763,0.4960857954185581,0.5054506256428771,0.10807389499501718,-0.2084278759029024,-0.2069220410069417,-0.0003919205247024664,0.9783573556445639,0.9783494007817085,-0.003964711287520946,-0.2069220410069417,0.003969525354312786,0.9999920446017377,-0.0003919205247024664,0.20692194871142436,-0.00043794707764649487,0.9783573556445639,4.394104589463687,3.0444823183563083,-1.0016770153700794,-6.6690934286721015,-1.807001783191669,4.90807308697586,-1.8376020308289052,-0.0074588654595955095,4.524182753450886,2.645322865772876,-0.07055624570525255,0.7125814607342765,0.0476071554066583,0.6964072348589374,-0.1,-0.1,0.1,-0.003914204581441927,0.05382364029245733,0.10807389499501718,-0.2084278759029024,1.0,False
1782605578.9658825,TRACKING,Tracking AprilTag,Walk,2,61.89716339111328,0.05416698440412782,-0.0803785716622738,0.4938311177952288,0.5032533654977277,0.10925051957644764,-0.20577724853659263,-0.20432745711704028,-0.0024533915660015226,0.9788995204503411,0.978896260437777,-0.0035215861511416176,-0.20432745711704028,0.0030853765130268275,0.9999922306306168,-0.0024533915660015226,0.20433450945131296,0.0017711886921930587,0.9788995204503411,4.395817240494856,3.0431512630981157,-1.004296964963028,-6.671295945861273,-1.8040986507374503,4.910812323389127,-1.8396542982847741,-0.004555733005376927,4.527503829346403,2.646150919354716,-0.07281629650739557,0.7120493839524533,0.048340743364507374,0.6966682383364736,-0.1,-0.1,0.1,-0.006168882204771187,0.05416698440412782,0.10925051957644764,-0.20577724853659263,1.0,False
1782605579.015835,TRACKING,Tracking AprilTag,Walk,2,61.65378952026367,0.05390915264640133,-0.0780850988535236,0.4886551838983752,0.4977824506275532,0.10987713113261774,-0.2041478912142406,-0.20272797811537305,-0.006911005295469193,0.9792107050553823,0.9792337491822936,-0.00162214414952724,-0.20272797811537305,0.00022573899153573878,0.9999760932380902,-0.006911005295469193,0.2027343421926752,0.0067217260167651395,0.9792107050553823,4.400288264758861,3.0412152951856406,-1.006535126630458,-6.673170664594466,-1.8019607346584665,4.913145726981426,-1.8414090534396554,-0.0024178169263930904,4.530337942637031,2.6468521609921174,-0.07360802427718842,0.711788374063492,0.0485837374167844,0.6968348367932506,-0.1,-0.1,0.1,-0.0113448161016248,0.05390915264640133,0.10987713113261774,-0.2041478912142406,1.0,False
1782605579.0657642,TRACKING,Tracking AprilTag,Walk,2,61.700538635253906,0.05360558228984434,-0.07617642673328419,0.4874322708878492,0.4962525820037315,0.10953526809341282,-0.19962361020797206,-0.19829319302022275,-0.008543152452114367,0.9801055168439899,0.9801422097321986,-0.001028738609929513,-0.19829319302022275,-0.0006788281749816348,0.9999632761949254,-0.008543152452114367,0.19829469961043267,0.008508111328823625,0.9801055168439899,4.400661023110565,3.0385703897024356,-1.00865566564924,-6.674534808544017,-1.7979155766854196,4.914955183806842,-1.8431650262305133,0.0016273410466538518,4.532842142701234,2.647146365825046,-0.07562229814866837,0.7114233310902974,0.0499265858640926,0.6968970139317961,-0.1,-0.1,0.1,-0.012567729112150816,0.05360558228984434,0.10953526809341282,-0.19962361020797206,1.0,False
1782605579.115827,TRACKING,Tracking AprilTag,Walk,2,61.8218994140625,0.05399392060370856,-0.07614125247635231,0.4853852849176556,0.4942789785186306,0.11078384760459385,-0.19707647219559643,-0.1958021956171263,-0.003256697114951062,0.9806380036055171,0.9806429081429178,0.0009934286655559651,-0.1958021956171263,-0.0016632868653771835,0.999993313677999,-0.003256697114951062,0.1957976511243289,0.003519332149928239,0.9806380036055171,4.402735682769357,3.0374796641792203,-1.0109885956989697,-6.675328424998124,-1.7931825297389512,4.916257135731991,-1.845257228629365,0.0063603879931222185,4.535286580121009,2.646834732396211,-0.07672049832951987,0.7118465966723868,0.050780791257088724,0.6962827724289281,-0.1,-0.1,-0.1,-0.01461471508234441,0.05399392060370856,0.11078384760459385,-0.19707647219559643,1.0,False
1782605579.1658473,TRACKING,Tracking AprilTag,Walk,2,62.20124053955078,0.05623599431704298,-0.07553600833535352,0.4842160176552359,0.4932882801830597,0.11562026086880109,-0.19047724173206482,-0.18932747572032732,0.000734953199104274,0.9819137267505552,0.9819127365204807,0.0015763236437624888,-0.18932747572032732,-0.0014636480841590106,0.999998658788141,0.000734953199104274,0.18932838031617644,-0.00044455110983024056,0.9819137267505552,4.403632577800845,3.036397216003786,-1.01379384954746,-6.676225766196731,-1.7882394424810235,4.917767213215575,-1.8477859311375222,0.01130347525104991,4.538200904705553,2.6464088420381207,-0.07922411786480361,0.7124067054838118,0.05310091104959872,0.6952557215700909,-0.1,-0.1,-0.1,-0.01578398234476408,0.05623599431704298,0.11562026086880109,-0.19047724173206482,1.0,False
1782605579.2159243,TRACKING,Tracking AprilTag,Walk,2,62.917510986328125,0.057837098426209196,-0.07752087450554485,0.4828377855825555,0.492429632663118,0.11921773688361881,-0.17755044283563712,-0.17661639315759528,0.005492594087932763,0.9842644365607176,0.9842797225268993,0.0002783709247970472,-0.17661639315759528,0.0007027631313167331,0.999984668649558,0.005492594087932763,0.1766152143682738,-0.005530368474320647,0.9842644365607176,4.4037525666171105,3.0316299963131446,-1.0166529270738967,-6.676690904514688,-1.7832280188375293,4.918868551000104,-1.8504650602947994,0.016314898894544072,4.54097376257707,2.6455710251241307,-0.08056886655495638,0.7125461728504249,0.053773614723421646,0.6949064740364987,-0.1,-0.1,-0.1,-0.017162214417444477,0.057837098426209196,0.11921773688361881,-0.17755044283563712,1.0,False
1782605579.2659223,TRACKING,Tracking AprilTag,Walk,2,63.28535079956055,0.058405439520643435,-0.08044356593803417,0.48412735448419775,0.4942283460368238,0.1200604352881647,-0.15808493692202913,-0.15742166278497727,0.008472420483840885,0.9874951332422646,0.9875311639445945,0.0007876066577861963,-0.15742166278497727,0.0005530602693418689,0.9999639554581372,0.008472420483840885,0.15742266152804357,-0.00845384292905552,0.9874951332422646,4.400118901455714,3.0234103408385162,-1.019108692932016,-6.6760688219056545,-1.7780528075233855,4.918819534742525,-1.8529979183896916,0.021490110208687963,4.5429067863464105,2.6439335905973373,-0.08416758785924774,0.7116708299048794,0.055358957351949026,0.6952523519250842,-0.1,-0.1,-0.1,-0.015872645515802253,0.058405439520643435,0.1200604352881647,-0.15808493692202913,1.0,False
1782605579.315903,TRACKING,Tracking AprilTag,Walk,2,63.294578552246094,0.05911426192674205,-0.0843550735135826,0.48411488969155264,0.49495201869644856,0.1215064012362644,-0.145327804375661,-0.1448138878843281,0.006326801971343476,0.9894386840287985,0.9894586086465497,0.0007743713962508059,-0.1448138878843281,0.00014336415934960972,0.9999799753112726,0.006326801971343476,0.1448158873257762,-0.006280869797046448,0.9894386840287985,4.398385289591481,3.018207853133686,-1.0210792603174266,-6.674311063094312,-1.7720141080932856,4.917554402959217,-1.8553157392262016,0.027528809638787788,4.543905128266562,2.641488970939852,-0.08557110720029182,0.7114242692771765,0.05639636451716808,0.6952499872457376,-0.1,-0.1,-0.1,-0.01588511030844736,0.05911426192674205,0.1215064012362644,-0.145327804375661,1.0,False
1782605579.3659139,TRACKING,Tracking AprilTag,Walk,2,63.342063903808594,0.06140827028178419,-0.0855021506131646,0.47973110888709986,0.4911451213770971,0.12731325538978547,-0.17479026167288397,-0.17390065740783014,-0.0032905140399663506,0.9847577031282757,0.98474132197979,0.006564307931519275,-0.17390065740783014,-0.007246900699184907,0.9999683269722142,-0.0032905140399663506,0.17387354950006476,0.0045005459414670474,0.9847577031282757,4.406308900683281,3.0340365061934653,-1.0224969874127987,-6.671823349064764,-1.7674346372366363,4.9154529699105325,-1.857260642913191,0.03210828049543713,4.5440862102264,2.6386313704545517,-0.08746259856228121,0.7108701224388619,0.05969185023999373,0.6953062964560415,-0.1,-0.1,-0.1,-0.020268891112900145,0.06140827028178419,0.12731325538978547,-0.17479026167288397,1.0,False
1782605579.415926,TRACKING,Tracking AprilTag,Walk,2,63.457672119140625,0.06326141962455585,-0.0852114157400798,0.4802184589555073,0.49180561292745034,0.13098046425901275,-0.1702019434273575,-0.1693780116773287,-0.006304587834624301,0.9855309946077141,0.9855364625737127,0.0053823877533632535,-0.1693780116773287,-0.0065446833322732835,0.999958708793676,-0.006304587834624301,0.1693370841185507,0.007321926642399099,0.9855309946077141,4.40525048165869,3.033725375431156,-1.0234420756933338,-6.668782107901322,-1.7656172151362626,4.912705254213818,-1.8588707354950764,0.03392570259581085,4.543599570937941,2.635484066548803,-0.0877718330056676,0.7110861297051652,0.060549136537984875,0.6949722465942498,-0.1,-0.1,-0.1,-0.0197815410444927,0.06326141962455585,0.13098046425901275,-0.1702019434273575,1.0,False
1782605579.4659467,TRACKING,Tracking AprilTag,Walk,2,63.07550048828125,0.06461250830736262,-0.08262322019571759,0.4835061348103836,0.49475201378524564,0.13284622328065201,-0.16134521869599655,-0.16063858702898803,-0.009670344874740347,0.9869659207831514,0.9870123666197026,0.00135369756741316,-0.16063858702898803,-0.00294531156169295,0.9999489034794768,-0.009670344874740347,0.16061728823379612,0.01001788066847668,0.9869659207831514,4.400747792371879,3.031108268084883,-1.0238839093850878,-6.665461654199946,-1.7651900862597698,4.909571482608848,-1.8600539959575406,0.03435283147230361,4.542538183115322,2.632306947463193,-0.0880099729466887,0.7118310086527256,0.06109430160862371,0.6941313608340434,-0.1,-0.1,-0.1,-0.016493865189616375,0.06461250830736262,0.13284622328065201,-0.16134521869599655,1.0,False
1782605579.5159628,TRACKING,Tracking AprilTag,Walk,2,63.254478454589844,0.06445368388921363,-0.07922286518663543,0.48705165936984574,0.4976443093517605,0.1315699088992229,-0.15153934519741485,-0.15095787631205854,-0.005322784758765199,0.9885258658941429,0.9885397541391897,0.0009349148536995886,-0.15095787631205854,-0.0017585700927948383,0.9999842875733801,-0.005322784758765199,0.1509505280469703,0.005527254343319785,0.9885258658941429,4.396225694810234,3.026784431242357,-1.0237658622605559,-6.662022245476123,-1.7675445021410137,4.906194897733642,-1.8607189336039833,0.03199841559105976,4.540921558570126,2.6292688571793157,-0.08807557527016181,0.7118679378904347,0.06085332539456086,0.6941063353931255,-0.1,-0.1,-0.1,-0.012948340630154265,0.06445368388921363,0.1315699088992229,-0.15153934519741485,1.0,False
1782605579.5658793,TRACKING,Tracking AprilTag,Walk,2,62.889137268066406,0.06208979878402085,-0.07520936818640317,0.4920258619130325,0.5015984858104146,0.12552862586120583,-0.1580265750509827,-0.15734778169858007,-0.016681369800403776,0.987402353398106,0.9875432374283759,-0.0001726384038064127,-0.15734778169858007,-0.0024830939961836907,0.9998577729586285,-0.016681369800403776,0.15732828243417837,0.01686428326947925,0.987402353398106,4.391144580189691,3.028137045570571,-1.0236446482786261,-6.658676358149031,-1.7712965166410408,4.902908680044867,-1.861359580259316,0.028246401091032602,4.539343163100552,2.6263161766045435,-0.08593508350902215,0.7115278434291054,0.05920243679243714,0.6948657143112339,-0.1,-0.1,-0.1,-0.007974138086967508,0.06208979878402085,0.12552862586120583,-0.1580265750509827,1.0,False
1782605579.6158624,TRACKING,Tracking AprilTag,Walk,2,63.25362014770508,0.05740513661984191,-0.0764085423891176,0.4962657807054456,0.5053843489459856,0.1151623548606325,-0.16733167383276865,-0.16653003929996402,-0.016197259551246887,0.985903339477954,0.9860345876895154,-0.001880928153866532,-0.16653003929996402,-0.0008282158853432043,0.9998684727710324,-0.016197259551246887,0.16653860194686043,0.016108980967248845,0.985903339477954,4.387496436615977,3.0285693510973406,-1.0234688841297992,-6.654879141048343,-1.774685745949864,4.899170519471568,-1.862049439863879,0.02485717178220947,4.537517538321825,2.622981983311845,-0.08386256508363976,0.7117942023329017,0.0587160026277012,0.6948874115554866,-0.1,-0.1,-0.1,-0.0037342192945544195,0.05740513661984191,0.1151623548606325,-0.16733167383276865,1.0,False
1782605579.6658797,TRACKING,Tracking AprilTag,Walk,2,63.09387969970703,0.05522357200517085,-0.07729607742259179,0.4994927498793866,0.5084459987766656,0.11011211288137726,-0.16500893833514757,-0.16423997976701185,-0.016053697669139694,0.986289768697455,0.9864165846522794,-0.0027478298826363184,-0.16423997976701185,0.00011234277364817469,0.9998711247807135,-0.016053697669139694,0.16426292613378582,0.015817182450962086,0.986289768697455,4.383620457050821,3.0257884522003753,-1.0236011125697635,-6.650131578261549,-1.7772785509832356,4.8945766078643205,-1.8632547667571675,0.022264366748837805,4.535551224190749,2.6186587385220124,-0.08111669342568865,0.7122887978011938,0.059387917760116676,0.6946494265445918,-0.1,-0.1,-0.1,-0.0005072501206134228,0.05522357200517085,0.11011211288137726,-0.16500893833514757,1.0,False
1782605579.7158802,TRACKING,Tracking AprilTag,Walk,2,63.23846435546875,0.05236017981946416,-0.08038573527918834,0.5056966784682686,0.5147160241151831,0.10317303703238323,-0.1689950493140592,-0.1681805164959094,-0.011583020429010799,0.9856881593632492,0.9857213951515438,-0.008285228522078891,-0.1681805164959094,0.006428249585325114,0.9999122517726292,-0.011583020429010799,0.16826172692493882,0.01033652472192876,0.9856881593632492,4.3778037880571,3.0255777206952033,-1.0240847001456181,-6.64468230541623,-1.780223628168567,4.889378937901149,-1.8649614179928347,0.01931928956350637,4.5335923804386,2.6135507680208327,-0.0773922393631852,0.7139250976586572,0.061217993754948546,0.6932342702579318,0.1,-0.1,-0.1,0.005696678468268601,0.05236017981946416,0.10317303703238323,-0.1689950493140592,1.0,False
1782605579.765888,TRACKING,Tracking AprilTag,Walk,2,63.456871032714844,0.05154022738398716,-0.08045511476660734,0.5093657680582844,0.5182498492045193,0.1008418829712862,-0.17641655170181425,-0.17548850267299546,-0.012799127351856251,0.9843982770040899,0.9843598657524817,-0.01547385295737133,-0.17548850267299546,0.013435217641392482,0.9998278238106596,-0.012799127351856251,0.17565633954595747,0.010241221054848352,0.9843982770040899,4.374981415051366,3.0285269356432725,-1.024796178107622,-6.639300950058362,-1.7843479248708944,4.884299091995739,-1.8668746226226007,0.015194992861178981,4.53186810054099,2.6084037256455685,-0.07617125512871974,0.713739308874398,0.05938672375019576,0.6937199405392858,0.1,-0.1,-0.1,0.009365768058284374,0.05154022738398716,0.1008418829712862,-0.17641655170181425,1.0,False
1782605579.8158693,TRACKING,Tracking AprilTag,Walk,2,62.95923614501953,0.04560107791531286,-0.08157135438423081,0.5170172186607823,0.5253952308071015,0.08797265756000328,-0.1888539750603641,-0.18767427775084994,-0.025088507046669872,0.9819108576061607,0.9820909016683506,-0.016608020078954844,-0.18767427775084994,0.012109985695737667,0.9996118822126007,-0.025088507046669872,0.18801810845419958,0.022366461687956085,0.9819108576061607,4.367274556189271,3.0303029998882938,-1.0254658025511028,-6.634565170476359,-1.7890614218982273,4.879838514931714,-1.8686006751711957,0.010481495833846164,4.530389753610893,2.603855045012802,-0.0746485072648478,0.7128535701930968,0.05804638627053986,0.6949086305889551,0.1,-0.1,0.1,0.01701721866078232,0.04560107791531286,0.08797265756000328,-0.1888539750603641,1.0,False
1782605579.8657653,TRACKING,Tracking AprilTag,Walk,2,63.33203125,0.042012059316530785,-0.081963009804042,0.5200060876547551,0.5280996868983715,0.08061637877504528,-0.191198325637403,-0.18995207784027693,-0.029630744042792125,0.9813461301353523,0.9816505799467558,-0.01674356635724327,-0.18995207784027693,0.011314332302293563,0.9994968758790713,-0.029630744042792125,0.19035263269718997,0.026937856143664736,0.9813461301353523,4.363690059923815,3.028555579118772,-1.025990371720482,-6.629831203819321,-1.7938586398634755,4.875346811278011,-1.8701850398421984,0.005684277868597931,4.528781886464223,2.5993717006849524,-0.07312193221405587,0.7117486239967492,0.05603166425083747,0.6963673828298527,0.1,-0.1,0.1,0.02000608765475509,0.042012059316530785,0.08061637877504528,-0.191198325637403,1.0,False
1782605579.915826,TRACKING,Tracking AprilTag,Walk,2,63.02281951904297,0.038252897057433746,-0.08203271140266004,0.522133458431113,0.5299207471750785,0.0731320244136032,-0.20031175914751492,-0.1988511322331262,-0.035260805153639906,0.979395171945176,0.9798893354916497,-0.01658666329726702,-0.1988511322331262,0.009760191145932772,0.9993304830178613,-0.035260805153639906,0.19930285712585258,0.032610861870720285,0.979395171945176,4.361807811903873,3.029944003772136,-1.0267495178788617,-6.624983432400582,-1.7986105964187955,4.870797459280495,-1.8720236771149694,0.0009323213132779173,4.527334778810347,2.5946830900105393,-0.07238697100270029,0.7116628009203081,0.05456488370692585,0.6966483027190735,0.1,-0.1,0.1,0.02213345843111303,0.038252897057433746,0.0731320244136032,-0.20031175914751492,1.0,False
1782605579.9659019,TRACKING,Tracking AprilTag,Walk,2,63.16754913330078,0.029827647536409003,-0.07793650860892246,0.5284890798931434,0.535036910407129,0.056379664069790184,-0.2093344145509226,-0.20764908470543553,-0.03920990487429783,0.9774172297339266,0.9780952928018936,-0.014541520545426213,-0.20764908470543553,0.006531190630967022,0.999209651128676,-0.03920990487429783,0.20805514112302093,0.036994827632203714,0.9774172297339266,4.3551062314244,3.027686916931743,-1.0278126356524946,-6.6207965014401555,-1.801173579396182,4.866960661432858,-1.8740085177998504,-0.0016306616641086347,4.5264509947068765,2.5904546699833375,-0.07177906928919868,0.7122973967729154,0.05218631313117761,0.6962447647805181,0.1,-0.1,0.1,0.02848907989314342,0.029827647536409003,0.056379664069790184,-0.2093344145509226,1.0,False
1782605580.0158463,TRACKING,Tracking AprilTag,Walk,2,63.508018493652344,0.0264520964209275,-0.0760726765352475,0.5302141328902074,0.5362963660484871,0.04984813011058031,-0.2092464932254568,-0.20765536298828707,-0.02549583679764445,0.9778697318805765,0.9781243452443658,-0.012329455076505538,-0.20765536298828707,0.007188023980956724,0.999649085738209,-0.02549583679764445,0.20789684353431154,0.023445466945219103,0.9778697318805765,4.353554246508569,3.0247240256606647,-1.030034631702681,-6.617016812336543,-1.8038565019123944,4.863783281048041,-1.877029704662192,-0.004313584180321017,4.526787195842783,2.5860831387912695,-0.07171522246290331,0.7128187941653172,0.051207720550107125,0.6957902434698704,0.1,-0.1,0.1,0.030214132890207357,0.0264520964209275,0.04984813011058031,-0.2092464932254568,1.0,False
1782605580.0659182,TRACKING,Tracking AprilTag,Walk,2,63.717124938964844,0.020503219063831075,-0.07305046632549853,0.5364732464769972,0.5418120493380719,0.03819993861948928,-0.21544126516073758,-0.21367315384747868,-0.03139177857847028,0.976400706453325,0.9768434253560431,-0.01098661292411995,-0.21367315384747868,0.004374818534500692,0.999497582388507,-0.03139177857847028,0.2139106900121238,0.029730071240834204,0.976400706453325,4.346808977988212,3.0235054052023456,-1.0333478247322971,-6.61315296488629,-1.8061007833917473,4.860771371016153,-1.8811327478169901,-0.006557865659673867,4.52806675726867,2.5811567519075886,-0.07269291753634564,0.714233854752575,0.048095733852762695,0.6944584514933172,0.1,-0.1,0.1,0.036473246476997234,0.020503219063831075,0.03819993861948928,-0.21544126516073758,1.0,False
1782605580.115881,TRACKING,Tracking AprilTag,Walk,2,63.95151901245117,0.012370497610715321,-0.07078489404431282,0.542038389608291,0.5467807112958089,0.022818218757952875,-0.22241635007746519,-0.22049957569715536,-0.028166328763391524,0.9749803049504985,0.975376339773916,-0.00457525153546353,-0.22049957569715536,-0.001678566125771736,0.9996018409045443,-0.028166328763391524,0.2205406498244705,0.027842893772617883,0.9749803049504985,4.340803426942648,3.0207355958318507,-1.0372151201394115,-6.609745346214761,-1.8063713416406022,4.858329452193479,-1.8856720067036274,-0.00682842390852878,4.530044493149926,2.576396878005851,-0.07373054208630521,0.7157599892765738,0.04669194097352937,0.6928717829170006,0.1,-0.1,0.1,0.04203838960829098,0.012370497610715321,0.022818218757952875,-0.22241635007746519,1.0,False
1782605580.1659415,TRACKING,Tracking AprilTag,Walk,2,63.894859313964844,0.008668364299144846,-0.07041969477676895,0.5452475531436848,0.5498444945266355,0.015896695101972325,-0.20028704476708115,-0.1989346147958533,-0.012694367863602611,0.9799305445084202,0.9800093808009714,-0.0025753792190446895,-0.1989346147958533,5.083881850859325e-05,0.9999194219735699,-0.012694367863602611,0.19895127784839925,0.012430485988892261,0.9799305445084202,4.33500696096305,3.0061347644770398,-1.040308027465495,-6.60870243391195,-1.8033181689862725,4.858015044526448,-1.8889208356646545,-0.003775251254199086,4.532365093078074,2.5741015440927626,-0.07470536968317049,0.7145837158909804,0.04797256582595752,0.6938932581110827,0.1,-0.1,0.1,0.04524755314368478,0.008668364299144846,0.015896695101972325,-0.20028704476708115,1.0,False
1782605580.2158985,TRACKING,Tracking AprilTag,Walk,2,63.8426628112793,0.006713603233429237,-0.07396147550941227,0.5490358897202644,0.5540359018410519,0.012227376707059106,-0.15757616619364934,-0.15684783651151316,0.031328860394413356,0.9871257562681895,0.9876180135808605,-0.003068457634204369,-0.15684783651151316,0.008080771160554785,0.9994764647773544,0.031328860394413356,0.15666958986365545,-0.032208398344360255,0.9871257562681895,4.3296583135338444,2.9817608711310877,-1.042935856708765,-6.609384485121554,-1.797305133936588,4.859275207767315,-1.8913255537335094,0.0022377837954854485,4.5350254665398335,2.573560163054792,-0.07598918410563356,0.7140541886359895,0.04913356883938555,0.6942176546325108,0.1,-0.1,0.1,0.0490358897202644,0.006713603233429237,0.012227376707059106,-0.15757616619364934,1.0,False
1782605580.2658877,TRACKING,Tracking AprilTag,Walk,2,63.9354248046875,0.009081763014316352,-0.07685840140402042,0.5420817941837007,0.5475786371574861,0.01675192483237259,-0.21394794191218075,-0.21231774695129133,0.004033990328921061,0.9771923563206752,0.9771882457908233,0.004930174214047428,-0.21231774695129133,-0.004168698856207529,0.999983174294384,0.004033990328921061,0.21233406283048342,-0.0030568791841871076,0.9771923563206752,4.340884700767658,3.013747903791138,-1.0448721762160147,-6.610798859232729,-1.790838972775757,4.861091813274738,-1.8928907156391654,0.008703944956316434,4.537386226184896,2.5739804025802564,-0.07898012594831681,0.7135067019596781,0.05224651299208593,0.6942194378177399,0.1,-0.1,0.1,0.04208179418370073,0.009081763014316352,0.01675192483237259,-0.21394794191218075,1.0,False
1782605580.3158782,TRACKING,Tracking AprilTag,Walk,2,63.757843017578125,0.0148386062968412,-0.07710264953237057,0.5394792375201042,0.545163141194466,0.027498492844942653,-0.20187123791126735,-0.20050186553319618,0.0032426185685223165,0.9796879540662564,0.9796817809014174,0.004755006575749705,-0.20050186553319618,-0.004189920489043683,0.9999859648970653,0.0032426185685223165,0.2005144701414908,-0.00233664745950493,0.9796879540662564,4.343069641519805,3.0124808409161394,-1.0463661588994002,-6.612671051955769,-1.7849116928884123,4.863254008904877,-1.8939212494365094,0.014631224843661084,4.5395506658909,2.5750062147509447,-0.08074966618788706,0.7128919887184588,0.05468760461401875,0.6944593362704301,0.1,-0.1,0.1,0.03947923752010418,0.0148386062968412,0.027498492844942653,-0.20187123791126735,1.0,False
1782605580.3659298,TRACKING,Tracking AprilTag,Walk,2,63.97626876831055,0.017927283675844372,-0.07681700657136964,0.5366372127801036,0.5424036671511157,0.033394290802397905,-0.2076656856471483,-0.2061747648345725,0.0038619521546275283,0.9785075634204183,0.9785051092433863,0.004440442545211626,-0.2061747648345725,-0.0037241926746849332,0.9999856077536702,0.0038619521546275283,0.206188946293225,-0.0030111053660547347,0.9785075634204183,4.347255237285499,3.0179241168130564,-1.0474801205703614,-6.614759072888007,-1.77764464590504,4.865540238314173,-1.8945327206998588,0.021898271827033522,4.541468488624529,2.5763928286049813,-0.0830700486793724,0.7119243554711239,0.057434912422696126,0.6949563367107525,0.1,-0.1,0.1,0.03663721278010357,0.017927283675844372,0.033394290802397905,-0.2076656856471483,1.0,False
1782605580.4158945,TRACKING,Tracking AprilTag,Walk,2,63.769691467285156,0.02571347928133224,-0.07298122784745027,0.5324973370666515,0.5380900079149844,0.04825098528076123,-0.20009631736272293,-0.19876153099491084,-0.0047010157883879845,0.9800366086259821,0.9800368340333234,0.004653787113634272,-0.19876153099491084,-0.005701868480381183,0.9999726942003916,-0.0047010157883879845,0.19873422612567865,0.00574048073868462,0.9800366086259821,4.351335027899703,3.020723359408399,-1.0482054259916223,-6.617265744978809,-1.7713888244465648,4.868146083093892,-1.894670727616095,0.02815409328550866,4.5432210154381085,2.5783262511383676,-0.08575503106241501,0.7105155278274542,0.05914350540888266,0.6959280172054491,0.1,-0.1,0.1,0.03249733706665148,0.02571347928133224,0.04825098528076123,-0.20009631736272293,1.0,False
1782605580.465926,TRACKING,Tracking AprilTag,Walk,2,63.515804290771484,0.029013338705499207,-0.07396047089623353,0.5315655407479304,0.5374698588652876,0.05452682102056015,-0.1752833281448306,-0.1743752092591437,0.011693014319912196,0.9846098515716487,0.9846689409919867,0.004512542692250235,-0.1743752092591437,-0.002511756014572342,0.9999284796913415,0.011693014319912196,0.17441550311667478,-0.011075760046743113,0.9846098515716487,4.350893375019191,3.0109426001486392,-1.049066223249218,-6.619878123730309,-1.7668846714342543,4.870885604736126,-1.894916727274018,0.032658246297819105,4.545141692847774,2.5802951322795153,-0.08856131988628799,0.7088567671670217,0.059936055222835835,0.6971991433915008,0.1,-0.1,0.1,0.03156554074793039,0.029013338705499207,0.05452682102056015,-0.1752833281448306,1.0,False
1782605580.5158918,TRACKING,Tracking AprilTag,Walk,2,63.89491653442383,0.0328804565600183,-0.07828152369130995,0.5269570648859522,0.5337535663658333,0.06231605242984794,-0.15813526718840426,-0.15747700074849758,0.0004340164413809376,0.987522559673948,0.987499013808488,0.006833151726770591,-0.15747700074849758,-0.006850278381978657,0.9999764423804283,0.0004340164413809376,0.15747625666541853,0.0006501704860459277,0.987522559673948,4.353198866621154,3.0054262966269034,-1.0506421884745196,-6.622616016324208,-1.762155509902729,4.873909540059998,-1.8958308046252994,0.03738740782934435,4.547759996260224,2.5820626756276233,-0.09033254123983046,0.708255951720941,0.06073032333353467,0.6975137035735017,0.1,-0.1,0.1,0.026957064885952176,0.0328804565600183,0.06231605242984794,-0.15813526718840426,1.0,False
1782605580.5659068,TRACKING,Tracking AprilTag,Walk,2,63.83218002319336,0.03459860605696549,-0.08041283171046182,0.52509173277524,0.5323388158623079,0.06579548518498816,-0.15149846890920893,-0.15091942890651863,0.0015356732157446613,0.9885448738860086,0.9885141893450659,0.007938730502889036,-0.15091942890651863,-0.007796263353136165,0.9999684294944031,0.0015356732157446613,0.15092685559964394,-0.0003414271511006354,0.9885448738860086,4.35461632836847,3.003566640623282,-1.0529899418611735,-6.6255845880764275,-1.7569251282344127,4.877333153991987,-1.8974442580201383,0.04261778949766071,4.551172980891591,2.5836984935021654,-0.09265052795880122,0.7074520879910836,0.06317081451736446,0.6978086206541333,0.1,-0.1,0.1,0.025091732775240017,0.03459860605696549,0.06579548518498816,-0.15149846890920893,1.0,False
1782605580.6157806,TARGET_REACHED,Target reached,Walk,2,63.69666290283203,0.03853759350517702,-0.08646304358418008,0.5207054420804135,0.5292401736746455,0.07387566387607558,-0.13810367057886003,-0.13766387107873304,0.00420665264514187,0.9904700715686169,0.9904507012461661,0.007487790100942033,-0.13766387107873304,-0.006975044395315744,0.9999668258643416,0.00420665264514187,0.13769080273083303,-0.0032062704498746148,0.9904700715686169,4.358213398333719,3.000103236025632,-1.055794258487815,-6.628785893946403,-1.7523507705465409,4.881086968523302,-1.8994496077352965,0.04719214718553255,4.55509835383835,2.5853428773516525,-0.09198201126384577,0.7082065538781702,0.06616357014599125,0.6968537641667731,0.0,0.0,0.0,0.020705442080413472,0.03853759350517702,0.07387566387607558,-0.13810367057886003,1.0,True
1782605580.6659005,TARGET_REACHED,Target reached,Walk,2,63.80725860595703,0.04102296342397309,-0.08712580633821508,0.5163524858966883,0.5252558227662578,0.07928107004884655,-0.15507887303260154,-0.1544496436802423,-0.010418210799480597,0.9879457315312333,0.9879965902673101,0.002836403923137722,-0.1544496436802423,-0.004499317372699408,0.9999356064401934,-0.010418210799480597,0.15441014786389115,0.010988074711590641,0.9879457315312333,4.363640701762067,3.010159077430222,-1.0586538839434503,-6.631638533953135,-1.7494311280769168,4.884513741117189,-1.9015878879658354,0.05011178965515661,4.558920283381134,2.5866497313314536,-0.0939956146390821,0.7092396377312559,0.0670786886287995,0.6954454761024036,0.0,0.0,0.0,0.0,0.0,0.0,,0.0,False
1782605580.7159088,TARGET_REACHED,Target reached,Walk,2,63.87969970703125,0.0413671569759945,-0.08631243793479641,0.5120394129835402,0.520908282778315,0.08061392828837889,-0.14393074686947457,-0.1434294400970509,-0.00824458675377796,0.9896262034236492,0.9896568271299752,0.002712974101760833,-0.1434294400970509,-0.003936088989617515,0.9999582661255044,-0.00824458675377796,0.14340108688045622,0.008723862607694725,0.9896262034236492,4.366830504269858,3.0042213238209015,-1.0613023022619945,-6.634449024437171,-1.7472073689556606,4.8878515694406754,-1.9035300204108019,0.05233554877641277,4.562533954328635,2.588011479705437,-0.09472736832076911,0.7091124775455512,0.06744442138817645,0.6954404862415227,0.0,0.0,0.0,0.0,0.0,0.0,,0.0,False
1782605580.7658308,TARGET_REACHED,Target reached,Walk,2,63.8565559387207,0.04089530859635092,-0.08604544737667337,0.5105462555265851,0.5193589551665203,0.07993042626916975,-0.13910172156314105,-0.13861909868597905,-0.02229686273744253,0.9900947406140255,0.990344401106901,0.0016470202489238318,-0.13861909868597905,-0.0047835510072469275,0.9997399499629035,-0.02229686273744253,0.13854632739980743,0.02274466470341828,0.9900947406140255,4.366655768290092,3.001019446314718,-1.0636801776036406,-6.637031945373292,-1.744930341138619,4.890906408590853,-1.9052602601251776,0.05461257659345442,4.565804624263306,2.5892876026936724,-0.09625324962934678,0.7084410072592442,0.0679326993262289,0.69586765949536,0.0,0.0,0.0,0.0,0.0,0.0,,0.0,False
1782605580.8158324,TARGET_REACHED,Target reached,Walk,2,64.14691925048828,0.04020201898619373,-0.08531646261424483,0.5053440353477332,0.5140697376670846,0.07938656951837286,-0.13828373750568695,-0.13780584294853793,-0.023354237088614612,0.9901838865883709,0.9904546547705091,0.003021008552534268,-0.13780584294853793,-0.006298597251817508,0.999707410837125,-0.023354237088614612,0.1376949691023277,0.023999296336712463,0.9901838865883709,4.371568562943006,2.999287241581983,-1.0655352638391828,-6.638968943449002,-1.7447830563726678,4.893213604221013,-1.9066277961615472,0.05475986135940558,4.568321938582803,2.5902130404838317,-0.0967422633486579,0.7077749437167427,0.06787217466479975,0.6964832599820413,0.0,0.0,0.0,0.0,0.0,0.0,,0.0,False
1782605580.865839,TARGET_REACHED,Target reached,Walk,2,63.79597091674805,0.03918629786364255,-0.0834247336939131,0.5026877200275728,0.5110677019717426,0.07779623263016719,-0.14942363097531236,-0.1488108920131362,-0.02774726463246309,0.9884763061012999,0.9888562506804419,0.004316701110068705,-0.1488108920131362,-0.008539134787728107,0.9995784974090295,-0.02774726463246309,0.1486283911885477,0.0287087723358777,0.9884763061012999,4.375060435670307,3.0034409122746757,-1.0662936670958367,-6.639347626564694,-1.745885424436406,4.8937543963674734,-1.9072805750338622,0.05365749329566749,4.569169597551327,2.5902201591139153,-0.09704409122878695,0.7075673896951742,0.06671018346733593,0.6967643682187621,0.0,0.0,0.0,0.0,0.0,0.0,,0.0,False
1782605580.9158275,TARGET_REACHED,Target reached,Walk,2,63.81983184814453,0.03631797531353859,-0.08085463265219874,0.5019632344707635,0.5097289041368437,0.07222600935074154,-0.1437627269940205,-0.14322278953601766,-0.02512880793565161,0.9893714042609352,0.9896679294078572,0.0066799744824409995,-0.14322278953601766,-0.010383809057000966,0.9996302914183828,-0.02512880793565161,0.14300197904585873,0.026356373417317103,0.9893714042609352,4.374991047232299,2.99780258363419,-1.0671222725811753,-6.638528115784005,-1.7458557555637457,4.893144124758743,-1.9082734262480823,0.0536871621683277,4.569554084539252,2.5891199978865864,-0.09716971570724044,0.7081426140925902,0.06652951640759552,0.6961795083899399,0.0,0.0,0.0,0.0,0.0,0.0,,0.0,False
1782605580.96583,TARGET_REACHED,Target reached,Walk,2,63.781463623046875,0.03576462671368922,-0.0799805947832516,0.5025552492317085,0.5101350630923117,0.07104578547769445,-0.14302474419227135,-0.142512226015169,-0.018876081904372004,0.9896130349627277,0.9897709441073558,0.006613897265232371,-0.142512226015169,-0.009398638344806316,0.9997776548459177,-0.018876081904372004,0.14235569464583142,0.020022418279567918,0.9896130349627277,4.3746828224425425,2.9969754782831837,-1.067771946539468,-6.637605619257039,-1.7453087449070777,4.892392976074403,-1.9091153595877004,0.05423417282499576,4.5697325900891075,2.5880059010043466,-0.09710494420241426,0.7090308842234108,0.06701522861989369,0.6952372215020118,0.0,0.0,0.0,0.0,0.0,0.0,,0.0,False
1782605581.0158834,TARGET_REACHED,Target reached,Walk,2,64.05706787109375,0.03500602922985651,-0.0796469206277171,0.5037193061729885,0.5111772622675195,0.06938355716459042,-0.14520521880542556,-0.14468333174342285,-0.012964259459678176,0.9893930773420061,0.9894631717008914,0.005418981752593147,-0.14468333174342285,-0.007371766376551571,0.9998887863343361,-0.012964259459678176,0.14459698789429132,0.013894229003920077,0.9893930773420061,4.374064677541897,2.9973977658481523,-1.0692927672865071,-6.63603382384453,-1.7451437182717517,4.891206980427254,-1.9109529805737466,0.05439919946032168,4.570408557634863,2.5859258758986092,-0.0972287623155717,0.7098981384133174,0.06701643504237147,0.6943342122422748,0.0,0.0,0.0,0.0,0.0,0.0,,0.0,False
1782605581.065896,TARGET_REACHED,Target reached,Walk,2,63.525543212890625,0.03407037385898466,-0.0796758550631684,0.5056157688464868,0.5129876586830935,0.0672822119469567,-0.1405044762085317,-0.14003223286475777,-0.01218949136982876,0.9900719115594862,0.9901347643106779,0.00491144198260667,-0.14003223286475777,-0.006683826592463681,0.9999033667121172,-0.01218949136982876,0.13995883311002608,0.013005190326355979,0.9900719115594862,4.371608457340179,2.9943791096174053,-1.0705317014180946,-6.634410081950422,-1.744873291061728,4.889906471685662,-1.9125278369272374,0.05466962667034547,4.570808465955455,2.5839229857727632,-0.09728705836402503,0.7107326189768328,0.06713661493125943,0.6934601989536088,0.0,0.0,0.0,0.0,0.0,0.0,,0.0,False
1782605581.115906,TARGET_REACHED,Target reached,Walk,2,64.17803192138672,0.03236231440391559,-0.08301623071114937,0.50905239122334,0.5167913998561364,0.0634882023664565,-0.12844243467652208,-0.12808779283694818,-0.005258160749915833,0.9917488941620692,0.9917540451097743,0.004175084976257395,-0.12808779283694818,-0.004888796364135263,0.9999742253756534,-0.005258160749915833,0.1280625381542547,0.005840997329477851,0.9917488941620692,4.367204875620522,2.9871750607662464,-1.071032662363326,-6.633457687661705,-1.7433994416013907,4.889092482326878,-1.9132317105477226,0.05614347613068271,4.570840238023475,2.582847343041406,-0.09802275799823724,0.7105124071341717,0.06689473397638108,0.6936056176164185,0.0,0.0,0.0,0.0,0.0,0.0,,0.0,False
1782605581.165956,TARGET_REACHED,Target reached,Walk,2,63.96244812011719,0.03242682856542962,-0.08345395341512564,0.50807358615303,0.5159019582225155,0.06373664707731956,-0.14255528620797717,-0.14206648690272064,-0.009532179197037085,0.9898112198085424,0.9898312903249868,0.007150523945177841,-0.14206648690272064,-0.008591502869202194,0.9999176584290349,-0.009532179197037085,0.1419866288494094,0.01065581386405442,0.9898112198085424,4.369280392397357,2.994394921900815,-1.0710666550088694,-6.632779075950637,-1.741545435781929,4.888439255583317,-1.9134186976484724,0.057997481950144314,4.570572733687415,2.5822227545492455,-0.09869712388261782,0.7102286539877186,0.06805645833588056,0.6936875775670697,0.0,0.0,0.0,0.0,0.0,0.0,,0.0,False
1782605581.215916,TARGET_REACHED,Target reached,Walk,2,63.96510696411133,0.034351162764301064,-0.08313085541392844,0.5092256968617798,0.5171088394617483,0.06735559382283736,-0.13645122833223824,-0.13602165082269682,-0.009807354054368968,0.9906573203252074,0.99068535334001,0.006375043925177076,-0.13602165082269682,-0.007781034404262553,0.9999216325843,-0.009807354054368968,0.13594846884455622,0.01077439116145909,0.9906573203252074,4.367758026892153,2.9933404751569035,-1.070673112550217,-6.632288705451726,-1.7403810105876145,4.887872420074924,-1.9131466013431175,0.0591619071444589,4.570003810038233,2.5819550517768217,-0.09875853138583728,0.7099261301289699,0.06860605023342466,0.693934328384168,0.0,0.0,0.0,0.0,0.0,0.0,,0.0,False
1782605581.2659054,TARGET_REACHED,Target reached,Walk,2,63.75971603393555,0.03537539166245856,-0.08317286965069719,0.5092743609282784,0.5172325582173947,0.06935094890412247,-0.13768299826647096,-0.13723683857452218,-0.012985080862765829,0.9904531477122267,0.9905223908086394,0.005607445479698817,-0.13723683857452218,-0.007459546805139426,0.9998878651311103,-0.012985080862765829,0.13714863640663433,0.013885737961766327,0.9904531477122267,4.367743736535255,2.9949110364265135,-1.0700121289776108,-6.631714621480648,-1.7380213392736674,4.887163407585558,-1.9126330130069686,0.061521578458406,4.569157852970002,2.581729600390009,-0.0987555025300606,0.7094160728719989,0.07037397677203948,0.6942792591343877,0.0,0.0,0.0,0.0,0.0,0.0,,0.0,False
1782605581.3157787,TARGET_REACHED,Target reached,Walk,2,63.86423110961914,0.03929011423917181,-0.0792498729505921,0.50884975602969,0.5164807156623441,0.07706068473525596,-0.14873880233666673,-0.14818666377442644,-0.007630649683686326,0.988929970151987,0.9889390544193224,0.006345023531992911,-0.14818666377442644,-0.0075590280391748714,0.9999423154765018,-0.007630649683686326,0.14812969904553044,0.008666394629292525,0.988929970151987,4.370393818265116,3.0042075310466836,-1.069073058065561,-6.630946452111517,-1.7337265836168323,4.88620230712024,-1.9118925913344766,0.06581633411524113,4.567976823176534,2.5814519189457776,-0.09930233127472651,0.7089710387751833,0.07183702760316725,0.6945059788414955,0.0,0.0,0.0,0.0,0.0,0.0,,0.0,False
1782605581.365786,TARGET_REACHED,Target reached,Walk,2,63.62528991699219,0.04268397667018055,-0.07541722724311309,0.5095111594171959,0.51682811610832,0.08357921145854814,-0.15094697039372262,-0.15037074792955765,-0.006971555230148765,0.98860509587235,0.9886103833086961,0.006176421402266041,-0.15037074792955765,-0.007307655755260756,0.9999489964918389,-0.006971555230148765,0.15032001923095786,0.007991009549865414,0.98860509587235,4.3706088825933636,3.0086472150177754,-1.06768144120456,-6.629909018228418,-1.7287078795960926,4.884876338174456,-1.9107724695087644,0.0708350381359808,4.566270970191603,2.5811310885491148,-0.09991533727175961,0.7093561696838058,0.075745225140045,0.6936089754161736,0.0,0.0,0.0,0.0,0.0,0.0,,0.0,False
1782605581.4159503,TARGET_REACHED,Target reached,Walk,2,63.606727600097656,0.046808951478571476,-0.0713397120005905,0.510016908557582,0.5171050951803544,0.09152281116337418,-0.15370590078656088,-0.15309767774104013,-0.0069594459170687906,0.9881865548482373,0.9882028747213571,0.004022370289580278,-0.15309767774104013,-0.005148431264964033,0.9999625291819876,-0.0069594459170687906,0.15306394757733063,0.007665557332390547,0.9881865548482373,4.371130832864424,3.013922565409638,-1.0659612454077843,-6.628784463525766,-1.7229062890696527,4.883391010231466,-1.9093520830260498,0.07663662866242071,4.564231661589212,2.5808762998470094,-0.10058869661663107,0.7095531542283593,0.07788299568132356,0.69307321000112,0.0,0.0,0.0,0.0,0.0,0.0,,0.0,False
1782605581.4659307,TARGET_REACHED,Target reached,Walk,2,63.493988037109375,0.05644469363145212,-0.06576396398695786,0.5113976107098077,0.5186891348757234,0.10992844879239982,-0.15237695483087485,-0.15177544757524203,-0.012846101883212448,0.9883315188638583,0.9884148591249221,-0.0005289370429548616,-0.15177544757524203,-0.0014374834599008737,0.9999164521637338,-0.012846101883212448,0.15176956184414242,0.01291545267870829,0.9883315188638583,4.370809833500531,3.0225758761577075,-1.064259493204533,-6.627932014490235,-1.7176747133738308,4.882174882191133,-1.9078879578575743,0.0818682043582426,4.56232843007516,2.5808578682608356,-0.10247926217008577,0.7091760257023386,0.08105566418217623,0.6928184067258151,0.0,0.0,0.0,0.0,0.0,0.0,,0.0,False
1782605581.5157936,TARGET_REACHED,Target reached,Walk,2,63.583831787109375,0.06522397609002324,-0.06590200573803129,0.5123081016415606,0.520631186565756,0.12663270817001354,-0.12585605703348976,-0.125524041172667,-0.0006211786796261764,0.9920903835965403,0.9920863157641239,-0.0029081198822587164,-0.125524041172667,0.002852710076696895,0.9999957380820512,-0.0006211786796261764,0.12552531266157155,0.0002581791705805731,0.9920903835965403,4.368354004742398,3.0180352696762407,-1.062923223249458,-6.627425109680311,-1.7139429615121693,4.881378173063033,-1.906701440076687,0.08559995621990413,4.560905306139741,2.5809893526462018,-0.10345458598976641,0.708923313434299,0.08209228209807423,0.6928100327845655,0.0,0.0,0.0,0.0,0.0,0.0,,0.0,False
1782605581.5657918,TARGET_REACHED,Target reached,Walk,2,63.591835021972656,0.06848943147490291,-0.06687375119635643,0.51295922584006,0.5218142085045799,0.1327332400856507,-0.11221942921919094,-0.1119840115375042,-0.0007597354816385857,0.9937097181581581,0.9937027937780302,-0.0037866604951822826,-0.1119840115375042,0.0037250120732092184,0.9999927735174152,-0.0007597354816385857,0.11198607914733016,0.00033780947565295783,0.9937097181581581,4.3663416326105855,3.0144811474533464,-1.0621284658445274,-6.627268022495077,-1.7120011836688236,4.881044961023156,-1.9059630056158587,0.08754173406324983,4.560122310790054,2.581197280515489,-0.10449369456714334,0.7085063122286214,0.0832531538490558,0.6929421229093331,0.0,0.0,0.0,0.0,0.0,0.0,,0.0,False
1782605581.6157699,TARGET_REACHED,Target reached,Walk,2,63.39134979248047,0.07247597693261705,-0.07019567583329539,0.5141061348300076,0.5239134642361086,0.14005181225842228,-0.09259510150222644,-0.09246259100112943,-0.002330453190681084,0.995713431793146,0.9956915360261429,-0.007002453231405402,-0.09246259100112943,0.006816158981971051,0.9999740541457356,-0.002330453190681084,0.09247651086969412,0.0016901727969176124,0.995713431793146,4.363067014604153,3.0085124756374713,-1.0618648398030412,-6.627340150445054,-1.7117055065827262,4.881055431104387,-1.9056898911557574,0.08783741114934718,4.559917149613542,2.5813778629691493,-0.10473872621201241,0.7083902426670257,0.08337593240420102,0.6930090311254015,0.0,0.0,0.0,0.0,0.0,0.0,,0.0,False
1782605581.665906,TARGET_REACHED,Target reached,Walk,2,63.54877853393555,0.07302102747120358,-0.07213482513079458,0.5142924949235611,0.5244351950282339,0.14104074009131148,-0.08876370402753568,-0.08864441187424392,-0.007914721714574168,0.9960318897623962,0.996032976403465,-0.007776770558779417,-0.08864441187424392,0.007102912361993091,0.9999434513092021,-0.007914721714574168,0.08870095012361671,0.007253690337849267,0.9960318897623962,4.36208859793479,3.0071052517605636,-1.0619521711729252,-6.627488478511415,-1.712494065203619,4.88121969842361,-1.905741313245089,0.08704885252845451,4.5600607523687025,2.5814727641395674,-0.10461213001451997,0.7084816833188726,0.08300612416554676,0.6929790689526603,0.0,0.0,0.0,0.0,0.0,0.0,,0.0,False
1782605581.7157838,TARGET_REACHED,Target reached,Walk,2,63.70222091674805,0.07221204808394152,-0.07524034161820758,0.5141678896546386,0.5246373105748453,0.13953186231506,-0.09055958888166653,-0.09042407589340272,-0.01614223265885984,0.9957725216251007,0.9958696790781549,-0.008189553809388982,-0.09042407589340272,0.006756560089880241,0.9998468768869256,-0.01614223265885984,0.09054242756036847,0.015464604355238,0.9957725216251007,4.361767999641049,3.007206195501185,-1.0621999402144513,-6.62764060702005,-1.7136123776120058,4.8814240475447095,-1.905948132049321,0.08593054012006762,4.56035016012195,2.5815006161312013,-0.10443010526813852,0.7086110591251246,0.0825797384148401,0.6929251812444048,0.0,0.0,0.0,0.0,0.0,0.0,,0.0,False
1782605581.7657704,TARGET_REACHED,Target reached,Walk,2,63.6508674621582,0.07132194156104173,-0.0764554657684879,0.5140649646267207,0.5245903596622651,0.1378610342924447,-0.09337900923932503,-0.09323502384222622,-0.013374022523572747,0.9955543008046716,0.9956111992812889,-0.008097542516904234,-0.09323502384222622,0.006879893817586443,0.9998868948949164,-0.013374022523572747,0.09333277520106374,0.012673879539794576,0.9955543008046716,4.362273807431212,3.0077597338618367,-1.0624784446135465,-6.627769798764116,-1.714448229326411,4.881613026828033,-1.9061900866680515,0.08509468840566248,4.560657106545091,2.5814943631022054,-0.10418904206972383,0.7088761186864514,0.08197181224349098,0.6927625234278649,0.0,0.0,0.0,0.0,0.0,0.0,,0.0,False
1782605581.8159149,TARGET_REACHED,Target reached,Walk,2,63.393714904785156,0.07042443922683767,-0.0776029319798293,0.5142860287392984,0.5248542045642,0.13608990556186498,-0.09474876014298368,-0.09459426449514621,-0.01644539886681361,0.9953800650910856,0.995486336255777,-0.007673294772944095,-0.09459426449514621,0.00614420468168024,0.9998458869270509,-0.01644539886681361,0.09470587667552521,0.015789963343418017,0.9953800650910856,4.3619056302095895,3.0076237644891615,-1.0626965169280373,-6.627842202291879,-1.71491070484379,4.881732993755032,-1.9063860604969327,0.08463221288828349,4.560884820173822,2.581463633499702,-0.10418651278525035,0.7089809797969935,0.0817256828467781,0.6926846711188085,0.0,0.0,0.0,0.0,0.0,0.0,,0.0,False
1782605581.8659072,TARGET_REACHED,Target reached,Walk,2,63.8287239074707,0.06896047626077147,-0.07975205195403548,0.5141332253732092,0.5248322689294654,0.1333337940820506,-0.09687208217604171,-0.09670811339348227,-0.016095116432084625,0.9951826405393691,0.9952883031778778,-0.00698100001248643,-0.09670811339348227,0.005449138415376795,0.9998556166355059,-0.016095116432084625,0.09680651035871,0.015492305227368846,0.9951826405393691,4.362141229417119,3.0073039978375267,-1.0628212247088007,-6.627871659403629,-1.7151733794727895,4.881789961904719,-1.906500840207408,0.08436953825928395,4.5610097940244145,2.581435326456697,-0.10424885737974612,0.7090509228223131,0.0814825670971669,0.6926323381413109,0.0,0.0,0.0,0.0,0.0,0.0,,0.0,False
1782605581.9159298,TARGET_REACHED,Target reached,Walk,2,63.52024459838867,0.0684504507845373,-0.08110696103512123,0.5143471771064239,0.5251826557858761,0.13230477152011216,-0.09605595684701089,-0.0959012616484829,-0.012124192381228447,0.9953170107927083,0.9953687738054975,-0.006629641556640434,-0.0959012616484829,0.005491762540611872,0.999911418328294,-0.012124192381228447,0.09597314560405865,0.011541375547566759,0.9953170107927083,4.3620281055005785,3.006448244331446,-1.0628285834890525,-6.627877524888104,-1.7155134368253349,4.881797343255923,-1.9065066772622576,0.08402948090673855,4.561018981183981,2.5814373640174955,-0.10424713134194553,0.7092833216187056,0.08111501027719298,0.692437766436986,0.0,0.0,0.0,0.0,0.0,0.0,,0.0,False
1782605581.9659278,TARGET_REACHED,Target reached,Walk,2,63.74909210205078,0.0676641016351723,-0.08352088594485824,0.5146729847899151,0.5257779477228662,0.130720385963711,-0.09348415533754881,-0.09334142649741692,-0.011912986935942524,0.9955628854279831,0.9956100253256144,-0.0069322125296947205,-0.09334142649741692,0.005845287638049505,0.9999119528011916,-0.011912986935942524,0.09341579140358447,0.01131508173857419,0.9955628854279831,4.3612965670726425,3.0044036664164286,-1.0627368849501575,-6.6278868382626,-1.7160318347403005,4.881785620749548,-1.9064152554715061,0.0835110829917729,4.5609406903737515,2.581486004638518,-0.10388119702291168,0.7094682927111194,0.08099315420058978,0.692317519289593,0.0,0.0,0.0,0.0,0.0,0.0,,0.0,False
1782605582.0158463,TARGET_REACHED,Target reached,Walk,2,63.82157516479492,0.06697375968030235,-0.08562816050416977,0.5147373593663523,0.5260914516360137,0.12938562327040706,-0.09793948853245978,-0.09777741969993814,-0.010672464628610727,0.9951510813417092,0.995190284395323,-0.00598949430070445,-0.09777741969993814,0.004969454834643638,0.9999306991073919,-0.010672464628610727,0.09783456630354356,0.010135232637899292,0.9951510813417092,4.361737458504519,3.006082311491051,-1.0625733935028827,-6.627911345528832,-1.7166958733435382,4.881772416814588,-1.9062504655581867,0.08284704438853517,4.560804574500478,2.5815798264295555,-0.10357481659922937,0.7095210624431594,0.08099221074082344,0.6923094547348607,0.0,0.0,0.0,0.0,0.0,0.0,,0.0,False
1782605582.0658948,TARGET_REACHED,Target reached,Walk,2,63.97088623046875,0.06660268577769556,-0.08664106724356514,0.5144162588672259,0.5258960730722936,0.12875609556640655,-0.10181737783529002,-0.10163996933484218,-0.005575725044565104,0.9948056231866805,0.9948078366539211,-0.005165729915292845,-0.10163996933484218,0.004622880645998279,0.9999737697883682,-0.005575725044565104,0.10166610598659842,0.005076905522263004,0.9948056231866805,4.362858384320907,3.0077207483397568,-1.062373145150424,-6.627947380450233,-1.7174119285923914,4.881762105371842,-1.906047262230529,0.08213098913968198,4.560640499422589,2.581700148027941,-0.10302740343200369,0.7095951376187647,0.08093266407040099,0.6923221783940864,0.0,0.0,0.0,0.0,0.0,0.0,,0.0,False
1782605582.1158843,TARGET_REACHED,Target reached,Walk,2,63.85023880004883,0.06601829709878432,-0.08831762636035977,0.5150790562241406,0.5267493263768858,0.12747617157423807,-0.09917898258148895,-0.09900675845754145,-0.014003456972171565,0.9949882235346098,0.9950686759782437,-0.005999322181307847,-0.09900675845754145,0.0046350897242361,0.9998912036497155,-0.014003456972171565,0.09907999813359591,0.01347549617966059,0.9949882235346098,4.361138537804055,3.0058330503071296,-1.0621668966308113,-6.628005153867509,-1.7181077168663468,4.881771605587578,-1.9058332856769367,0.08143520086572666,4.5604805812889975,2.581842634554094,-0.1027825162141847,0.709589984267287,0.08081000680972716,0.6923781852337954,0.0,0.0,0.0,0.0,0.0,0.0,,0.0,False
1782605582.165886,TARGET_REACHED,Target reached,Walk,2,63.939208984375,0.06568123389866178,-0.08904684463017885,0.5146351757550183,0.5263959813196151,0.1269405276660263,-0.10330639051684257,-0.10311903223994343,-0.00847677903200324,0.9946329018321987,0.9946578297835125,-0.004718775291394891,-0.10311903223994343,0.003865101283060386,0.9999566016629493,-0.00847677903200324,0.10315455706087276,0.008032929131708177,0.9946329018321987,4.362454514489869,3.00765525060615,-1.0619758879717092,-6.6281012983395575,-1.7187567214303703,4.8818219330892045,-1.905625451103447,0.08078619630170314,4.560351206903821,2.5820129000403726,-0.10235683804933769,0.709661870005754,0.08062813539843476,0.6923887721119182,0.0,0.0,0.0,0.0,0.0,0.0,,0.0,False
1782605582.215986,TARGET_REACHED,Target reached,Walk,2,63.71631622314453,0.06543127673086782,-0.0896927678519045,0.5145720782262403,0.5264128306468593,0.1264779274751871,-0.1046503244595355,-0.10445574960492274,-0.008374554953518451,0.9944942750985569,0.9945172238217307,-0.004948524668141655,-0.10445574960492274,0.004095996641978582,0.9999565438762024,-0.008374554953518451,0.10449265205470873,0.007900788743498574,0.9944942750985569,4.36264826562345,3.008070261668962,-1.0618203972254545,-6.628210513659589,-1.7193627290558415,4.881893044894571,-1.905449245344637,0.08018018867623189,4.560259482168808,2.5821793089682803,-0.1021119328076737,0.7096565706842929,0.08050546286510556,0.6924446370012302,0.0,0.0,0.0,0.0,0.0,0.0,,0.0,False
1782605582.2659428,TARGET_REACHED,Target reached,Walk,2,63.60968780517578,0.06493769573217968,-0.09083838346268826,0.5148344449429121,0.5268045386448336,0.12547056587079902,-0.10403785856455501,-0.1038428285910014,-0.011977418722508069,0.9945215977498758,0.994579162531371,-0.005381115926709195,-0.1038428285910014,0.004159462104738326,0.9999196169271533,-0.011977418722508069,0.1038989332639947,0.011480560771946537,0.9945215977498758,4.361950321228324,3.0072817549877797,-1.0617223304350147,-6.628341293045263,-1.719896518606125,4.88199818033206,-1.9053240779251994,0.0796463991259484,4.560228817470591,2.582339870543346,-0.10186762910442237,0.7095944014188224,0.0803222288205032,0.6925656006278494,0.0,0.0,0.0,0.0,0.0,0.0,,0.0,False
1782605582.3157823,TARGET_REACHED,Target reached,Walk,2,64.06155395507812,0.0643867940922618,-0.09183423140231321,0.5143193128364015,0.5264062507866346,0.12454045776286433,-0.10709096100869159,-0.10688201561723833,-0.009040208617416653,0.9942306117625579,0.994260187523682,-0.00478688238515947,-0.10688201561723833,0.0038424707796499225,0.9999517538593855,-0.009040208617416653,0.10692013338787258,0.008577628493326567,0.9942306117625579,4.362989201030871,3.0082859130125947,-1.0616780433675383,-6.628487016023243,-1.7203722065223266,4.882130065027431,-1.905247900777813,0.07917071120974682,4.560253031180378,2.582490237517497,-0.10174412197027279,0.7095233460734379,0.08013799168984292,0.6926778885666621,0.0,0.0,0.0,0.0,0.0,0.0,,0.0,False
1782605582.3659108,TARGET_REACHED,Target reached,Walk,2,63.8958740234375,0.064148805888626,-0.09235973348862726,0.5146036214759225,0.5267468812467345,0.12401699363208604,-0.1054243312930804,-0.10521923220018868,-0.013731731151618184,0.9943542390590903,0.9944351310953704,-0.005261484442268292,-0.10521923220018868,0.0038374623871133533,0.9998983515548003,-0.013731731151618184,0.10528078611865009,0.013251541021956643,0.9943542390590903,4.362087361334027,3.0072100250605756,-1.061682418678529,-6.628642511628017,-1.7207679369714521,4.882282502318302,-1.9052169024100771,0.07877498076062128,4.560325254855166,2.58262801185201,-0.10162501182868533,0.709421929420306,0.07995721651386054,0.6928201256861304,0.0,0.0,0.0,0.0,0.0,0.0,,0.0,False
1782605582.415797,TARGET_REACHED,Target reached,Walk,2,63.75505828857422,0.06357416494846803,-0.0932390647861685,0.5138992890542607,0.5261441598474405,0.1230840338603716,-0.10845691168555449,-0.10823952856907969,-0.009495623202622788,0.994079492593594,0.9941150661454762,-0.004409049525573758,-0.10823952856907969,0.003401038351734537,0.9999491317452722,-0.009495623202622788,0.10827588928614539,0.009071615300330765,0.994079492593594,4.363419776697918,3.008178091890649,-1.061744891532885,-6.62880237105788,-1.7211448769332236,4.882452363783935,-1.9052414986971953,0.07839804079884984,4.560451589448108,2.582744190445019,-0.10156189805082623,0.7093463816987394,0.07977247641371989,0.6929280219777826,0.0,0.0,0.0,0.0,0.0,0.0,,0.0,False
1782605582.4659052,TARGET_REACHED,Target reached,Walk,2,63.711917877197266,0.06333342952549678,-0.0936553012181753,0.5140990149994374,0.5263841144688164,0.12257545730280663,-0.10708525002789507,-0.10686965282480507,-0.014380701371800714,0.9941690362977318,0.9942605155847045,-0.004990436287852326,-0.10686965282480507,0.0034729625911356886,0.9998905609909995,-0.014380701371800714,0.1069297230898783,0.013927009254008037,0.9941690362977318,4.362617078984488,3.0072299120770496,-1.0618406874311297,-6.628973055294878,-1.7215231502403276,4.882640324316956,-1.9052960954086986,0.07801976749174579,4.560612615388821,2.5828554586313883,-0.1014987812262908,0.7092707977334488,0.07958773945825809,0.6930358754206446,0.0,0.0,0.0,0.0,0.0,0.0,,0.0,False
1782605582.5158415,TARGET_REACHED,Target reached,Walk,2,63.8613395690918,0.06265112971021145,-0.09430276304540695,0.5133335020241154,0.5256704856393466,0.1214469825330164,-0.10965625250896083,-0.10943198221991977,-0.009210687763220156,0.9939516107428709,0.9939859430011962,-0.00407263838828781,-0.10943198221991977,0.003083044056622671,0.9999528279225343,-0.009210687763220156,0.1094643318865443,0.0088179105396264,0.9939516107428709,4.364030040392636,3.007850337634857,-1.0619554633366206,-6.629150111341672,-1.7218712651120676,4.882838794531326,-1.905367732872329,0.07767165262000586,4.56079349127788,2.5829641152692173,-0.10144375211503923,0.7092517446310204,0.07947037620564446,0.6930768984754937,0.0,0.0,0.0,0.0,0.0,0.0,,0.0,False
1782605582.5658932,TARGET_REACHED,Target reached,Walk,2,63.77737045288086,0.06228804636953446,-0.09464874351353603,0.513473015612138,0.5258257535829215,0.12071750887924362,-0.10602715019879984,-0.10582171167200861,-0.011414873331704045,0.9943195995280529,0.9943717287179079,-0.005160471428629013,-0.10582171167200861,0.003974522709867753,0.999926949249819,-0.011414873331704045,0.10587288744427521,0.010930036531705021,0.9943195995280529,4.36323104137209,3.0055865404757887,-1.062084378138246,-6.629341889248564,-1.7221674118580295,4.8830548092145,-1.9054498026493665,0.07737550587404396,4.560993535204051,2.5830797881668737,-0.10156282935509944,0.7091697802144835,0.0791628543711322,0.6931785174193896,0.0,0.0,0.0,0.0,0.0,0.0,,0.0,False
1782605582.6157866,TARGET_REACHED,Target reached,Walk,2,63.76350402832031,0.06174440079736967,-0.0952070390998745,0.5128333301586655,0.5252378278890603,0.1198218218421797,-0.11187527765421562,-0.11163765161587903,-0.008876914590852871,0.9937093313082244,0.9937435292035078,-0.0032913383066171327,-0.11163765161587903,0.0023146836607190915,0.9999579204281036,-0.008876914590852871,0.11166217088032897,0.008562970585835923,0.9937093313082244,4.3647040225159905,3.008095887543142,-1.0622047014904912,-6.629550074584938,-1.7224330375965293,4.883284855765456,-1.9055197842738871,0.0771098801355441,4.561193066709178,2.583213974685714,-0.1015600027942764,0.709150043549698,0.078977550249876,0.6932202594575669,0.0,0.0,0.0,0.0,0.0,0.0,,0.0,False
1782605582.665832,TARGET_REACHED,Target reached,Walk,2,63.76082229614258,0.06143346403102195,-0.09556735061074811,0.513009213429542,0.5254385235869234,0.11918364127165235,-0.10641692540451976,-0.10620953388311725,-0.011190710989760823,0.9942807968073579,0.9943350150858883,-0.00417285112089465,-0.10620953388311725,0.00300101152067654,0.9999328787060642,-0.011190710989760823,0.10624910213267193,0.010808579746036722,0.9942807968073579,4.363649025511082,3.004985720619701,-1.0623049743477095,-6.6297534017238196,-1.722666162444988,4.883505624079314,-1.9055713393211324,0.07687675528708549,4.561372451320037,2.5833526027228775,-0.10162685941619304,0.7090686041068556,0.07873792711524867,0.6933210186838059,0.0,0.0,0.0,0.0,0.0,0.0,,0.0,False
1782605582.7158906,TARGET_REACHED,Target reached,Walk,2,63.592350006103516,0.061311968880032916,-0.0958879268006162,0.5134727098666744,0.5259352391805405,0.11884379040080564,-0.10532616743332714,-0.10511108784997815,-0.019721353008937022,0.9942649181412824,0.9944546022732191,-0.0034209981887937434,-0.10511108784997815,0.0013549103641589866,0.9998045971355612,-0.019721353008937022,0.10515801555525213,0.019469574160476254,0.9942649181412824,4.362327725314014,3.0044372146613427,-1.062384963632273,-6.629957731750402,-1.7229167350434784,4.883722769716114,-1.9056029117430673,0.076626182688595,4.561534053802449,2.583501040194851,-0.10162363169356581,0.7089850484999762,0.07861335592871638,0.6934210688712319,0.0,0.0,0.0,0.0,0.0,0.0,,0.0,False
1782605582.765896,TARGET_REACHED,Target reached,Walk,2,64.09555053710938,0.060838186523556215,-0.09636758759292738,0.513043268083288,0.5255486578838691,0.1180317630217294,-0.10359469358908965,-0.10339060823183602,-0.019113491507025248,0.9944571667859113,0.9946279218854143,-0.005067458470790412,-0.10339060823183602,0.0031070440567748936,0.9998124927803413,-0.019113491507025248,0.1034680785707913,0.018689573162773965,0.9944571667859113,4.362542642995009,3.0029143094045496,-1.0624478811176032,-6.630154407582582,-1.7231518490918718,4.883928589390722,-1.9056195927043127,0.07639106864020162,4.561676957437392,2.5836500990558564,-0.10168568969840915,0.7088701081376494,0.07843103917314272,0.6935501152719227,0.0,0.0,0.0,0.0,0.0,0.0,,0.0,False
1782605582.8159022,TARGET_REACHED,Target reached,Walk,2,63.88081359863281,0.06042835493415685,-0.0967928739797419,0.5122237756104222,0.5247796135845054,0.11742979920879298,-0.1105855996017522,-0.1103507512088587,-0.013183554216785527,0.9938052654347599,0.9938900637306098,-0.0022919260906123385,-0.1103507512088587,0.0008420558903626263,0.9999127386127704,-0.013183554216785527,0.11037133758110285,0.013010082040655558,0.9938052654347599,4.364610699265486,3.006192279269614,-1.0625064894611407,-6.630333213401492,-1.7234115517370154,4.884116027413443,-1.9056361289205377,0.07613136599505799,4.561808141350343,2.5837849962010866,-0.10162683688864836,0.7088242983710952,0.07824961254729562,0.6936260506922522,0.0,0.0,0.0,0.0,0.0,0.0,,0.0,False
1782605582.8659015,TARGET_REACHED,Target reached,Walk,2,63.94094467163086,0.06022786583162806,-0.09700519221070965,0.5122556993693655,0.5248269283057675,0.11703651737736606,-0.10928315464105551,-0.10905000350626075,-0.016997427125287057,0.993890931745735,0.994031549646496,-0.003061869146513616,-0.10905000350626075,0.0012151073680425578,0.9998547949503491,-0.016997427125287057,0.10908621279277221,0.016763471362606957,0.993890931745735,4.364074995489729,3.0052782554596753,-1.062555408459861,-6.630490483498589,-1.7236233710531697,4.884280293563995,-1.9056481115604473,0.07591954667890377,4.561921162050114,2.5839048013483032,-0.10168497109007622,0.708743027789895,0.07800323712672114,0.6937283201739534,0.0,0.0,0.0,0.0,0.0,0.0,,0.0,False
1782605582.9158218,TARGET_REACHED,Target reached,Walk,2,63.980770111083984,0.05999072164425084,-0.0971277552137443,0.5117771019106789,0.5243553085040262,0.11668789935442668,-0.11085404080099161,-0.11061662291680274,-0.013788484881246356,0.9937674981700506,0.9938598300354455,-0.0025692365397583647,-0.11061662291680274,0.0010502036729189053,0.9999043828071388,-0.013788484881246356,0.11064147194502044,0.013587651256848703,0.9937674981700506,4.364977877274798,3.0058251824482354,-1.0625988197014777,-6.630623999309325,-1.723817293196501,4.884420175272425,-1.9056601163620752,0.07572562453557241,4.562018801857098,2.5840056848241924,-0.10168172542037206,0.7086593720623889,0.07787868045401845,0.6938282440448917,0.0,0.0,0.0,0.0,0.0,0.0,,0.0,False
1782605582.9658878,TARGET_REACHED,Target reached,Walk,2,63.61492919921875,0.059677568525185194,-0.09746823708996487,0.5111186968626604,0.5237401948572288,0.1162324502914372,-0.11687438682073238,-0.11660524245581905,-0.007465283794626862,0.9931502841814451,0.9931779101165735,-0.0009253584684467636,-0.11660524245581905,5.521815771031784e-05,0.9999721328561215,-0.007465283794626862,0.11660890106432925,0.007407916230906855,0.9931502841814451,4.366855270245303,3.0086126106715265,-1.062633973848073,-6.630746517706147,-1.7239717723883916,4.884547473680783,-1.9056665728945745,0.07557114534368181,4.562104193546976,2.5841003147923964,-0.10168660663748967,0.7086323547786645,0.07782138263073189,0.6938615511734589,0.0,0.0,0.0,0.0,0.0,0.0,,0.0,False
1782605583.0158663,TARGET_REACHED,Target reached,Walk,2,63.79910659790039,0.05951643116743809,-0.09762772445378178,0.5114023544147565,0.5240283830689785,0.11585769132101753,-0.11030211845031364,-0.1100711120584857,-0.011654611940080922,0.9938553819901236,0.9939207425833448,-0.002430586921009051,-0.1100711120584857,0.001154603255437656,0.9999314161040489,-0.011654611940080922,0.11009189050014005,0.011456672089693577,0.9938553819901236,4.365409110082032,3.005055036394372,-1.0626651555954725,-6.630864808450087,-1.7241167613494088,4.884669753791692,-1.9056701191530387,0.07542615638266459,4.562184159701562,2.5841928913315075,-0.1016229523417111,0.7085530653062608,0.07769730830690585,0.693965746621775,0.0,0.0,0.0,0.0,0.0,0.0,,0.0,False
1782605583.0659115,TARGET_REACHED,Target reached,Walk,2,63.72328186035156,0.05944340628555934,-0.09792089301820082,0.5119808212514058,0.5246392867195288,0.11558722200288161,-0.10957003295702221,-0.10932516843180361,-0.021702000048001532,0.993769103334006,0.9940038438493506,-0.0020894879931850833,-0.10932516843180361,-0.00028528965186276276,0.9997644431583527,-0.021702000048001532,0.10934476220894367,0.02160306080617406,0.993769103334006,4.363877969082152,3.004713682909272,-1.062702290753016,-6.630965176479335,-1.7242734730303955,4.884775928026988,-1.9056835278435087,0.07526944470167796,4.562261602778736,2.584266751544198,-0.10168019180420405,0.7084045535842716,0.07757234320716888,0.6941229420103318,0.0,0.0,0.0,0.0,0.0,0.0,,0.0,False
1782605583.1159317,TARGET_REACHED,Target reached,Walk,2,63.718502044677734,0.05926260957611021,-0.09809113172113336,0.5115325473061277,0.5242131951502166,0.1153388680506509,-0.10993963088908175,-0.10970156963449669,-0.017460826127704547,0.9938111919125613,0.9939605342550668,-0.002832307029581991,-0.10970156963449669,0.0009219621607783173,0.9998471230826802,-0.017460826127704547,0.10973425321728962,0.017254231370247043,0.9938111919125613,4.3646972520907035,3.004610757450739,-1.062731941899658,-6.631042045355887,-1.7244192644628409,4.884857518178676,-1.9056949760672557,0.07512365326923254,4.56232200156674,2.584322787256802,-0.10168506939116005,0.7083775002123671,0.077515028887619,0.6941562390070007,0.0,0.0,0.0,0.0,0.0,0.0,,0.0,False
1782605583.1659214,TARGET_REACHED,Target reached,Walk,2,63.74685287475586,0.05895862470419451,-0.0982798878538295,0.5109981375940469,0.5236928034718024,0.11487139325226765,-0.1112702290053978,-0.11102844630213575,-0.014894399363648801,0.9937056108221035,0.993815095357676,-0.0020592112439438955,-0.11102844630213575,0.0004078028508888188,0.9998889891205078,-0.014894399363648801,0.1110467916513045,0.014757001206948176,0.9937056108221035,4.3655647894155525,3.0049900609336397,-1.0627418814081158,-6.631109716241508,-1.7245305738501304,4.884925680183606,-1.9056893118221074,0.075012343881943,4.562360651869936,2.584379216829298,-0.10168181007618739,0.7082937610649187,0.07739047729688212,0.6942560561924559,0.0,0.0,0.0,0.0,0.0,0.0,,0.0,False
1782605583.2159185,TARGET_REACHED,Target reached,Walk,2,63.731895446777344,0.058872686105902544,-0.09834009670888273,0.5106266142751048,0.5233319281260157,0.11478814841643324,-0.11412969664037043,-0.11387456648526739,-0.011494685411709926,0.9934286362467504,0.9934932832494693,-0.001918136069792738,-0.11387456648526739,0.0006130455814090814,0.9999337459964039,-0.011494685411709926,0.11388907021002911,0.011350082449780806,0.9934286362467504,4.3665527284386965,3.006310163579742,-1.0627503477694862,-6.631178526219924,-1.7246774943273915,4.884994617563205,-1.9056819545061225,0.07486542340468195,4.562398478994266,2.584437316752442,-0.10168620584057436,0.7082633448823679,0.07739382293268204,0.6942860692896359,0.0,0.0,0.0,0.0,0.0,0.0,,0.0,False
1782605583.2658813,TARGET_REACHED,Target reached,Walk,2,64.71515655517578,0.058750434139827924,-0.09864396166792908,0.5112763679384658,0.5240093215750189,0.11440755717248613,-0.10991055288080423,-0.10967129698507232,-0.018164226183024778,0.9938019256898147,0.9939642407732728,-0.002700866828160008,-0.10967129698507232,0.0007126275487648371,0.9998347628729203,-0.018164226183024778,0.10970223437099232,0.01797643649970389,0.9938019256898147,4.364818085533849,3.004081081924681,-1.0627631162357543,-6.6312513733656555,-1.724784534662021,4.885068462479632,-1.905677871775419,0.07475838307005245,4.562441944198376,2.5844971541688615,-0.10168294262846028,0.7081795818235442,0.07726927092895002,0.6943858573133209,0.0,0.0,0.0,0.0,0.0,0.0,,0.0,False
1782605583.3157747,TARGET_REACHED,Target reached,Walk,2,64.57319641113281,0.058596650625099146,-0.09898648074075626,0.5116538028937667,0.5244249277537953,0.1140272346149325,-0.10463917094427218,-0.10442719428651001,-0.020111759661239813,0.9943291598946378,0.9945255408025365,-0.00372958239883938,-0.10442719428651001,0.001637573239009126,0.9997963970115192,-0.020111759661239813,0.10448094106251687,0.01983065147479677,0.9943291598946378,4.363654094677091,3.0012289915975496,-1.0627770420480935,-6.6313279920557635,-1.7248718162694134,4.885146243133162,-1.905674061019647,0.07467110146265998,4.562488105596913,2.584559871608289,-0.10168350721422131,0.7081224794114019,0.07720866544177069,0.6944507473489856,0.0,0.0,0.0,0.0,0.0,0.0,,0.0,False
1782605583.365908,TARGET_REACHED,Target reached,Walk,2,64.3918685913086,0.05853266992774489,-0.09891669279015942,0.5115560333428731,0.5243092225117806,0.11392538652098705,-0.10562953140445526,-0.10539923880343943,-0.02538408635395876,0.9941059544231844,0.9944258170978447,-0.0028800605791295033,-0.10539923880343943,0.0002048107562056139,0.9996777511841148,-0.02538408635395876,0.10543838172998507,0.02522100391601486,0.9941059544231844,4.363418586487551,3.001725024893736,-1.0627964209752951,-6.631397794922845,-1.7249640775081665,4.885218622038108,-1.9056771068678058,0.07457884022390693,4.562536172551075,2.584614070787155,-0.10162414467097662,0.7080730944912912,0.07708786469636245,0.6945232085351609,0.0,0.0,0.0,0.0,0.0,0.0,,0.0,False
1782605583.4157786,TARGET_REACHED,Target reached,Walk,2,64.66008758544922,0.05841594746657109,-0.09901577486960637,0.5111756635097388,0.5239437999977359,0.11378403504949476,-0.11305050500707975,-0.11278707501927196,-0.020094680548942728,0.9934159650026937,0.9936174182465617,-0.0018713272387753488,-0.11278707501927196,-0.0003980113475515744,0.9997980022987659,-0.020094680548942728,0.11280189601245488,0.020011315143244696,0.9934159650026937,4.365068793432157,3.00539732569954,-1.06280357802101,-6.631454763045232,-1.725066188176545,4.885275729129281,-1.9056711595650988,0.07447672955552842,4.562567622510181,2.5846621071311455,-0.10162462263662526,0.708076424749243,0.07702719145190455,0.6945264750643597,0.0,0.0,0.0,0.0,0.0,0.0,,0.0,False
1782605583.4658973,TARGET_REACHED,Target reached,Walk,2,64.46871185302734,0.058313663230158186,-0.09909708240942833,0.5107253288450828,0.5235084302905726,0.11368580909713416,-0.11428234589377338,-0.11401784346000014,-0.016699504108799355,0.9933383401113898,0.9934775661340263,-0.0015023185887989374,-0.11401784346000014,-0.00040457126178321755,0.9998604717082351,-0.016699504108799355,0.11402702272051783,0.016636711040449566,0.9933383401113898,4.3659366374243875,3.0058977986848747,-1.0628199552763005,-6.631507392768641,-1.7251542448492847,4.885330701577319,-1.9056751760603121,0.07438867288278872,4.562605450424176,2.5847021964214836,-0.1016207922864187,0.7080497365253713,0.07696325469860299,0.6945613310627295,0.0,0.0,0.0,0.0,0.0,0.0,,0.0,False
1782605583.5158882,TARGET_REACHED,Target reached,Walk,2,64.73159790039062,0.058224213916453486,-0.09918944564172909,0.5106855557977216,0.5234771648442081,0.1135216826626932,-0.11337800368226547,-0.11312089771683546,-0.01593109292143996,0.9934535030780584,0.9935796213177415,-0.0017884635391431183,-0.11312089771683546,-1.3992803187272982e-05,0.9998730919884432,-0.01593109292143996,0.11313503394746939,0.015830392150520185,0.9934535030780584,4.36592535171128,3.0053263195469446,-1.0628420460318144,-6.631557091074879,-1.72524171517041,4.8853841145434,-1.9056854219461425,0.0743012025616634,4.56264712383445,2.584737142808966,-0.1016213527291726,0.7079926076026439,0.07690264530856306,0.6946261954418699,0.0,0.0,0.0,0.0,0.0,0.0,,0.0,False
1782605583.5659008,TARGET_REACHED,Target reached,Walk,2,64.82073974609375,0.057979147484371246,-0.09929265533430542,0.5103028844169559,0.5230962117914989,0.11313198987682078,-0.11182283417295845,-0.11157848220430677,-0.014326476910609532,0.9936523508593501,0.9937538591042222,-0.0018734525478220515,-0.11157848220430677,0.00027646046722489134,0.9998973325441667,-0.014326476910609532,0.11159386670008262,0.01420614467796331,0.9936523508593501,4.366236902746712,3.0042528050802213,-1.062869735281085,-6.631599625481317,-1.7252976689145225,4.885431819716718,-1.905702744956704,0.07424524881755089,4.562690680533867,2.584763194376906,-0.10162574403676208,0.7079621652146566,0.07690596846025238,0.694656211941375,0.0,0.0,0.0,0.0,0.0,0.0,,0.0,False
1782605583.6158874,TARGET_REACHED,Target reached,Walk,2,64.88214111328125,0.057946349784471475,-0.09946788877589807,0.5108025449544972,0.5236132926911519,0.11295887415355613,-0.10992263499106818,-0.10968235808121996,-0.01863290644400922,0.9937920281040656,0.9939634132528024,-0.0025521443105547695,-0.10968235808121996,0.0005110849975841656,0.9998262617022889,-0.01863290644400922,0.10971085592120816,0.018464370280192575,0.9937920281040656,4.365140228044539,3.0032648872837067,-1.0628923602838354,-6.631631589661667,-1.7253212539265963,4.885468081650702,-1.9057175325095317,0.07422166380547712,4.562725045163425,2.5847819739352142,-0.10162574403676208,0.7079621652146566,0.07690596846025238,0.694656211941375,0.0,0.0,0.0,0.0,0.0,0.0,,0.0,False
1782605583.6659017,TARGET_REACHED,Target reached,Walk,2,65.09886932373047,0.05792386087118902,-0.09950814837828263,0.5106179893956364,0.5234384169568962,0.11295587215176843,-0.11120369045669447,-0.11095803929367812,-0.01729435085456803,0.9936746041560193,0.993822240438819,-0.0023807404875172806,-0.11095803929367812,0.0004643052756317682,0.9998503337245681,-0.01729435085456803,0.1109826059784926,0.01713599211020399,0.9936746041560193,4.365581880413932,3.003881817454822,-1.0629047909261955,-6.631651513777265,-1.7253493425087656,4.885490305505022,-1.9057251214192674,0.07419357522330783,4.562744963325575,2.5847944141148105,-0.10156541947290354,0.7079060907732784,0.07690650753356879,0.694722118053238,0.0,0.0,0.0,0.0,0.0,0.0,,0.0,False
1782605583.7157795,TARGET_REACHED,Target reached,Walk,2,65.0079116821289,0.05788336701806454,-0.09956926542528033,0.5106881572887584,0.5235140082076749,0.11286219752514536,-0.10962012824444634,-0.10938154192163792,-0.01872213345032074,0.9938235054605588,0.9939968124528035,-0.002452574262112619,-0.10938154192163792,0.00040673003731947184,0.9998246427697934,-0.01872213345032074,0.10940827850004291,0.018565252213306974,0.9938235054605588,4.36520233772198,3.0030484116258362,-1.062907273152722,-6.631666442589573,-1.7253949767418713,4.885505408304458,-1.9057241537753824,0.07414794099020217,4.5627537500006685,2.5848067358527684,-0.10156111280889413,0.707876073532184,0.07690324647788858,0.6947536941728617,0.0,0.0,0.0,0.0,0.0,0.0,,0.0,False
1782605583.7658873,TARGET_REACHED,Target reached,Walk,2,65.0748062133789,0.05786325865839451,-0.09962330895802458,0.5106900072678339,0.5235238713884349,0.11282291651166655,-0.10983213238500115,-0.10959016685928845,-0.0197035997058819,0.9937815471653635,0.9939738905936797,-0.0024290215760331023,-0.10959016685928845,0.0002708613902550664,0.9998058285450919,-0.0197035997058819,0.10961674804595685,0.01955517991340212,0.9937815471653635,4.3651366361703445,3.0031384669560737,-1.0629097123380584,-6.631681649423154,-1.7254303933378663,4.885520772123205,-1.905723081168217,0.07411252439420712,4.5627626201135385,2.5848193262661967,-0.10156111280889413,0.707876073532184,0.07690324647788858,0.6947536941728617,0.0,0.0,0.0,0.0,0.0,0.0,,0.0,False
