stamp_sec,state,message,requested_mode,tag_fresh,command_source,open_loop_step,tag_id,tag_margin,tag_x_camera_m,tag_y_camera_m,tag_z_camera_m,tag_range_m,tag_bearing_rad,tag_rotation_camera_tag_00,tag_rotation_camera_tag_01,tag_rotation_camera_tag_02,tag_rotation_camera_tag_10,tag_rotation_camera_tag_11,tag_rotation_camera_tag_12,tag_rotation_camera_tag_20,tag_rotation_camera_tag_21,tag_rotation_camera_tag_22,mpc_x_tag_m,mpc_y_tag_m,mpc_theta_tag_rad,odom_x,odom_y,odom_yaw,odom_mpc_x_tag_m,odom_mpc_y_tag_m,odom_mpc_theta_tag_rad,tag_minus_odom_x_m,tag_minus_odom_y_m,tag_minus_odom_theta_rad,cmd_vx_body_mps,cmd_vy_body_mps,cmd_omega_radps,cmd_xdot_tag_mps,cmd_ydot_tag_mps,cmd_thetadot_radps,cmd_heading,cmd_lateral,cmd_turning,range_error_m,lateral_error_m,yaw_error_rad,solver_status,solve_time_ms,target_reached,mpc_predicted_states_json,mpc_predicted_controls_json
1782756162.9768627,TRACKING,MPC tracking AprilTag,Walk,True,fresh_solve,0,11,70.72431945800781,-1.5755644287878559,-0.01693950278237657,3.501795880122253,3.8399563281445404,-0.4227960470424515,0.8721442202458624,0.038500566979708196,-0.4877316530982768,0.006441729724384802,0.9959088203464759,0.09013393186946139,0.4892064627638262,-0.0817516232152716,0.868328111310335,3.8094100912769555,0.3294174795462877,0.5105206198436419,-2.723251135944996,4.794822140899868,0.5393391583606995,3.8095076164911594,0.32844966796768055,0.5102691122419318,-9.752521420391957e-05,0.0009678115786071473,0.0002515076017101104,0.062328683248398985,0.011499119413862075,-0.03165074091170768,-0.060000000000049576,-0.020422891635798378,-0.03165074091170768,0.11166428039553075,0.0,0.06261390391228336,3.3094100912769555,0.3294174795462877,0.5105206198436419,optimal,97.77601399991909,False,"[[3.809410091276874,0.3294174795462877,0.5105206198436419],[3.7974100912767823,0.325332901219128,0.5041904716613004],[3.773410091276684,0.3179809045828345,0.4927965836228803],[3.737410091276583,0.30801527873997625,0.4773521770618407],[3.697410091276498,0.29595913133279417,0.4586679473855097],[3.657410091276413,0.2822310439253129,0.43739259884545073],[3.6174100912763283,0.2671660010815423,0.41404527975004096],[3.5774100912762434,0.25103213959367754,0.38904153987989],[3.5374100912761586,0.23404415532170927,0.3627141079768702],[3.4974100912760737,0.21637403798642282,0.3353295281812108],[3.457410091275989,0.1981596706554377,0.3071014872385088],[3.417410091275904,0.17951172389658843,0.2782014988370091],[3.377410091275819,0.16051918930631637,0.24876747929201692],[3.3374100912757343,0.14125382908949172,0.21891064336166263],[3.2974100912756494,0.12177376416965706,0.18872106498480853],[3.2574100912755646,0.10212638023520444,0.15827218097799203],[3.2174100912754797,0.08235069702379505,0.12762446287625234],[3.177410091275395,0.06247931930924223,0.09682844050988254],[3.13741009127531,0.04254006714020212,0.06592722849594419],[3.097410091275225,0.022557366842606546,0.03495868196912044],[3.0574100912751403,0.0025534723359595104,0.003957289338450141]]","[[-0.06000000000004957,-0.020422891635798374,-0.03165074091170768],[-0.12000000000008273,-0.03675998318146764,-0.05696944019210047],[-0.1800000000000995,-0.04982812921429127,-0.07722203280519799],[-0.20000000000001597,-0.06028073703591045,-0.09342114838165512],[-0.20000000000001633,-0.06864043703740613,-0.10637674270029475],[-0.20000000000001633,-0.07532521421885309,-0.11673659547704882],[-0.20000000000001633,-0.08066930743932368,-0.12501869935075505],[-0.20000000000001633,-0.08493992135984145,-0.13163715951509875],[-0.20000000000001633,-0.08835058667643225,-0.1369228989782971],[-0.20000000000001633,-0.09107183665492566,-0.14114020471351005],[-0.20000000000001633,-0.09323973379424631,-0.14449994200749822],[-0.20000000000001633,-0.09496267295136028,-0.14717009772496098],[-0.20000000000001633,-0.09632680108412324,-0.14928417965177154],[-0.20000000000001633,-0.09740032459917332,-0.1509478918842704],[-0.20000000000001633,-0.09823691967226306,-0.1522444200340825],[-0.20000000000001633,-0.09887841605704693,-0.15323859050869842],[-0.20000000000001633,-0.09935688857276412,-0.153980111831849],[-0.20000000000001633,-0.09969626084520052,-0.15450606006969175],[-0.20000000000001633,-0.0999135014879779,-0.1548427326341188],[-0.20000000000001633,-0.10001947253323516,-0.15500696315335147]]"
1782756163.1592443,TRACKING,MPC tracking AprilTag,Walk,True,fresh_solve,0,11,70.81591796875,-1.5758421629010335,-0.01683660278647437,3.5025375543381188,3.8407461922286465,-0.42278275797452963,0.873676579815354,0.03854365854881518,-0.4849779585381359,0.006215522242593849,0.9958910751018444,0.09034563528884208,0.4864674718471908,-0.08194725692886244,0.8698471393965941,3.8089473688469426,0.33052634071018,0.510820756249561,-2.7232048327419855,4.795024414704237,0.5399475306462591,3.8093091440695375,0.32851022683489745,0.5096607399563722,-0.0003617752225948401,0.0020161138752825547,0.001160016293188848,0.12219252767901519,0.02742139316086334,-0.0554220306512829,-0.1200000000000808,-0.03581824428207142,-0.0554220306512829,0.1852968090451887,0.06872831358786191,0.09161487739456514,3.3089473688469426,0.33052634071018,0.510820756249561,optimal,83.91164200020285,False,"[[3.8089473688468654,0.33052634071018,0.510820756249561],[3.7849473688467716,0.3233626918537657,0.49973635011930445],[3.7489473688466752,0.3137359707738358,0.4848488220456954],[3.708947368846595,0.3021390221649534,0.46691915193612893],[3.6689473688465144,0.28896617934523416,0.4465562125962021],[3.628947368846434,0.2745329809222517,0.42424721336999405],[3.588947368846353,0.25909194772341665,0.4003820606072697],[3.5489473688462727,0.24284520883734692,0.37527285298096835],[3.5089473688461923,0.2259546080682987,0.3491694864208504],[3.468947368846112,0.20854979612637925,0.3222721489099853],[3.4289473688460315,0.19073471316305232,0.2947413298839053],[3.388947368845951,0.1725927857787112,0.2667058447023818],[3.3489473688458706,0.15419109835269856,0.23826927541741402],[3.30894736884579,0.1355837472622734,0.20951514987582906],[3.26894736884571,0.1168145457014742,0.1805111181116231],[3.2289473688456294,0.09791921434082065,0.15131233484766124],[3.188947368845549,0.07892716736083975,0.12196421723182087],[3.148947368845468,0.059862983161092155,0.09250471569438537],[3.1089473688453877,0.04074763328015016,0.06296621146955841],[3.0689473688453073,0.021599530972526346,0.03337713565717408],[3.028947368845227,0.0024354518713992058,0.0037633907776885825]]","[[-0.1200000000000808,-0.03581824428207142,-0.0554220306512829],[-0.18000000000009647,-0.04813360539964962,-0.07443764036804511],[-0.20000000000001533,-0.057984743044411896,-0.08964835054783239],[-0.2000000000000155,-0.06586421409859634,-0.10181469669963415],[-0.20000000000001547,-0.07216599211491222,-0.11154499613104044],[-0.20000000000001547,-0.07720516599417526,-0.11932576381362159],[-0.2000000000000155,-0.08123369443034867,-0.12554603813150667],[-0.2000000000000155,-0.0844530038452411,-0.13051683280058987],[-0.2000000000000155,-0.08702405970959719,-0.13448668755432544],[-0.2000000000000155,-0.0890754148166347,-0.13765409513040008],[-0.2000000000000155,-0.09070963692170554,-0.1401774259076176],[-0.2000000000000155,-0.09200843713006325,-0.14218284642483878],[-0.2000000000000155,-0.0930367554521257,-0.14377062770792476],[-0.2000000000000155,-0.09384600780399603,-0.1450201588210298],[-0.2000000000000155,-0.09447665680326776,-0.1459939163198092],[-0.2000000000000155,-0.09496023489990446,-0.14674058807920187],[-0.2000000000000155,-0.09532092099873797,-0.14729750768717748],[-0.2000000000000155,-0.09557674940470998,-0.14769252112413478],[-0.2000000000000155,-0.09574051153811906,-0.14794537906192168],[-0.2000000000000155,-0.09582039550563569,-0.14806872439742746]]"
1782756163.4067771,TRACKING,MPC tracking AprilTag,Walk,True,fresh_solve,0,11,70.71475219726562,-1.5495135819303631,0.010386717131400896,3.5286844722136443,3.8539219412075694,-0.4137688132879414,0.9583669448762773,-0.02327068298919508,-0.28458965947786435,0.006472887561294551,0.9981879908868164,-0.05982337817241511,0.2854661112901657,0.05549063130436833,0.9567810037528511,3.8083895461234207,0.33288315047982786,0.5114885052612411,-2.716009860341843,4.799252340006276,0.5507522977308206,3.802060113327443,0.32437567323159333,0.4988559728718107,0.006329432795977752,0.00850747724823453,0.012632532389430406,0.18022194453196227,0.046669153958753824,-0.07330288161874131,-0.18000000000009603,-0.04751798840516067,-0.07330288161874131,0.2566729917743136,0.09240305936926721,0.11342951557486439,3.3083895461234207,0.33288315047982786,0.5114885052612411,optimal,81.20460300006016,False,"[[3.8083895461233452,0.33288315047982786,0.5114885052612411],[3.77238954612325,0.3233795527987957,0.49682792893749284],[3.7323895461231715,0.31200413604132315,0.4793066303969377],[3.692389546123093,0.2991314390017656,0.4594970215054202],[3.6523895461230143,0.2850611364603741,0.43785709861123673],[3.6123895461229356,0.2700330229223082,0.41475334236255024],[3.572389546122857,0.25423900234289365,0.3904790417397987],[3.5323895461227783,0.2378326833253887,0.36526895850471675],[3.4923895461226997,0.22093705955114715,0.33931106528842253],[3.452389546122621,0.20365065946368596,0.31275594422297365],[3.4123895461225424,0.18605247269086111,0.2857243160479698],[3.3723895461224638,0.16820589952626036,0.258313076147533],[3.3323895461223847,0.15016192094388275,0.23060013931951379],[3.292389546122306,0.13196164764683838,0.20264833551538333],[3.2523895461222274,0.1136383756025041,0.17450855133780738],[3.2123895461221488,0.09521925084089221,0.1462222743707793],[3.17238954612207,0.07672662675615113,0.11782366755882004],[3.1323895461219915,0.058179181776272876,0.08934127735420377],[3.092389546121913,0.03959285328449254,0.060799461039571984],[3.052389546121834,0.020981634488450134,0.032219604592065285],[3.0123895461217556,0.002358274080572577,0.003621191982180588]]","[[-0.18000000000009603,-0.04751798840516068,-0.07330288161874131],[-0.20000000000001514,-0.05687708378736283,-0.08760649270277562],[-0.20000000000001514,-0.06436348519778796,-0.09904804445758753],[-0.20000000000001514,-0.07035151270695733,-0.10819961447091764],[-0.20000000000001514,-0.07514056769032942,-0.11551878124343244],[-0.20000000000001514,-0.07897010289707285,-0.12137150311375769],[-0.20000000000001514,-0.08203159508752474,-0.12605041617540966],[-0.20000000000001514,-0.08447811887120772,-0.12978946608147093],[-0.20000000000001514,-0.08643200043730592,-0.13277560532724456],[-0.20000000000001514,-0.08799093386412427,-0.13515814087501926],[-0.20000000000001514,-0.08923286582300369,-0.13705619950218373],[-0.20000000000001514,-0.09021989291188812,-0.1385646841400962],[-0.20000000000001514,-0.09100136648522181,-0.1397590190206523],[-0.20000000000001514,-0.09161636022167143,-0.14069892088787986],[-0.20000000000001514,-0.09209562380805947,-0.14143138483514023],[-0.20000000000001514,-0.09246312042370533,-0.1419930340597964],[-0.20000000000001514,-0.0927372248993913,-0.14241195102308127],[-0.20000000000001514,-0.0929316424589017,-0.14270908157315898],[-0.20000000000001514,-0.09305609398021202,-0.14289928223753348],[-0.20000000000001514,-0.09311680203938778,-0.1429920630494235]]"
1782756163.627025,TRACKING,MPC tracking AprilTag,Walk,True,fresh_solve,0,11,71.78591918945312,-1.4950637135820553,0.012382731624818509,3.5193755188556044,3.823790381602058,-0.40170917503668463,0.9578502765075436,-0.018634996058094325,-0.28666284153398236,0.009489786012914933,0.9994017201847225,-0.0332587680656783,0.28711111395390354,0.029136551163998582,0.9574540561459941,3.8077928101864824,0.3603060395082739,0.5165926730172445,-2.697741371179666,4.808895262737966,0.5648405057771586,3.784601420219332,0.3133340388401295,0.4847677648254727,0.02319138996715031,0.04697200066814439,0.03182490819177186,0.2,0.04835409074230224,-0.08703822600710824,-0.19778450212934384,-0.05673983441077696,-0.08703822600710824,0.281,0.09447553161303177,0.13018663572867206,3.3077928101864824,0.3603060395082739,0.5165926730172445,optimal,101.42710000036459,False,"[[3.807792810186407,0.3603060395082739,0.5165926730172445],[3.7677928101863283,0.3487063715608074,0.4991850278158229],[3.7277928101862496,0.3354299727938488,0.4795798918507455],[3.6877928101861714,0.3208123461133654,0.4582169686978472],[3.647792810186093,0.3051219330296486,0.4354480725735719],[3.607792810186014,0.28857353573282785,0.4115547190457944],[3.567792810185936,0.2713390572023777,0.38676220081221463],[3.5277928101858573,0.253556096356091,0.3612508523352424],[3.4877928101857787,0.2353348279959688,0.3351650665651177],[3.4477928101857,0.21676351154832046,0.3086205145874231],[3.407792810185622,0.19791290403507902,0.2817099291773626],[3.367792810185543,0.17883979792489782,0.25450774143852184],[3.3277928101854646,0.1595898607565832,0.22707380235804756],[3.287792810185386,0.14019991851603492,0.19945637535600474],[3.2477928101853077,0.1206997969355409,0.17169454945638],[3.207792810185229,0.10111381278039196,0.1438201937382808],[3.1677928101851505,0.08146198968714603,0.11585955078989094],[3.127792810185072,0.061761059345456254,0.08783454883787961],[3.087792810184993,0.042025298082553585,0.05976389815873501],[3.047792810184915,0.0222672406796083,0.03166402659258861],[3.0077928101848364,0.0024983071107885727,0.003549900935221815]]","[[-0.2000000000000152,-0.05799833973733226,-0.08703822600710824],[-0.2000000000000151,-0.06638199383479332,-0.09802567982538696],[-0.2000000000000151,-0.07308813340241689,-0.1068146157644914],[-0.2000000000000151,-0.07845206541858415,-0.11384448062137678],[-0.2000000000000151,-0.08274198648410348,-0.11946676763888738],[-0.2000000000000151,-0.08617239265225085,-0.1239625911678987],[-0.2000000000000151,-0.08891480423143361,-0.1275567423848613],[-0.2000000000000151,-0.0911063418006109,-0.13042892885062338],[-0.2000000000000151,-0.0928565822382416,-0.13272275988847299],[-0.2000000000000151,-0.09425303756620722,-0.1345529270503026],[-0.2000000000000151,-0.09536553055090605,-0.13601093869420372],[-0.2000000000000151,-0.09624968584157303,-0.1371696954023714],[-0.2000000000000151,-0.09694971120274154,-0.13808713501021402],[-0.2000000000000151,-0.09750060790246996,-0.1388091294981237],[-0.2000000000000151,-0.09792992077574476,-0.13937177859049593],[-0.2000000000000151,-0.09825911546622963,-0.13980321474194937],[-0.2000000000000151,-0.09850465170844885,-0.1401250097600566],[-0.2000000000000151,-0.09867880631451337,-0.14035325339572305],[-0.2000000000000151,-0.0987902870147264,-0.140499357830732],[-0.2000000000000151,-0.09884466784409862,-0.14057062828683395]]"
1782756163.8690455,TRACKING,MPC tracking AprilTag,Walk,True,fresh_solve,0,11,72.01008605957031,-1.39035339437304,-0.0200294879982121,3.5416429824771227,3.804828347897386,-0.3740874357602906,0.8578936996461658,0.0040550209704391165,-0.5138112074608179,0.002456660922191004,0.999925060466877,0.01199325924949839,0.513821335606578,-0.011551201463120539,0.8578194476812885,3.804298036895165,0.2884593328550476,0.49142670497416685,-2.676815747362415,4.833661939364406,0.5930204276198138,3.7527039644957942,0.30751834269738976,0.4565878429828175,0.05159407239937064,-0.019059009842342156,0.034838861991349335,0.2,0.04106750318921193,-0.0957858674755716,-0.19571121073702466,-0.058169251413817104,-0.0957858674755716,0.281,0.08551302892273067,0.14085875832019737,3.304298036895165,0.2884593328550476,0.49142670497416685,optimal,92.68031800002063,False,"[[3.8042980368950894,0.2884593328550476,0.49142670497416685],[3.764298036895011,0.2763663915700369,0.47226953147905254],[3.7242980368949326,0.2636775153295034,0.4517128400113855],[3.6842980368948544,0.2505119468330034,0.4300366649936782],[3.6442980368947757,0.23696509416729478,0.40746506667094085],[3.6042980368946975,0.22311330121067524,0.38417733412293237],[3.564298036894619,0.20901766482689674,0.360316949718148],[3.5242980368945407,0.19472708970835334,0.3359987632322442],[3.484298036894462,0.18028073361070085,0.3113147343368215],[3.444298036894384,0.1657099652406397,0.2863385305830045],[3.404298036894305,0.1510399326912497,0.2611292107789981],[3.364298036894227,0.13629082084664446,0.23573417793049753],[3.3242980368941484,0.12147886062617666,0.21019154939097356],[3.28429803689407,0.1066171405304059,0.18453206272934572],[3.2442980368939915,0.09171626106612663,0.15878061260842827],[3.2042980368939133,0.07678486477170786,0.13295749551807107],[3.1642980368938347,0.061830068344011675,0.10707942459965192],[3.1242980368937565,0.04685781847323624,0.0811603653031456],[3.084298036893678,0.03187318917742577,0.05521223365962251],[3.0442980368935997,0.016880635503372734,0.02924549208280216],[3.004298036893521,0.0018842162789574747,0.003269672489739256]]","[[-0.20000000000001517,-0.06046470642505341,-0.0957858674755716],[-0.20000000000001508,-0.0634443812026676,-0.10278345733833504],[-0.20000000000001508,-0.0658278424825002,-0.1083808750885367],[-0.20000000000001508,-0.06773426332854286,-0.11285799161368668],[-0.20000000000001508,-0.06925896478309772,-0.11643866274004248],[-0.20000000000001508,-0.07047818191889252,-0.11930192202392191],[-0.20000000000001508,-0.071452875592717,-0.12159093242951892],[-0.20000000000001508,-0.07223178048826237,-0.12342014447711334],[-0.20000000000001508,-0.07285384185030591,-0.12488101876908494],[-0.20000000000001508,-0.0733501627469498,-0.12604659902003226],[-0.20000000000001508,-0.07374555922302624,-0.12697516424250269],[-0.20000000000001508,-0.07405980110233903,-0.12771314269761974],[-0.20000000000001508,-0.07430860047885383,-0.12829743330813925],[-0.20000000000001508,-0.07450439732139637,-0.12875725060458723],[-0.20000000000001508,-0.07465698147209379,-0.12911558545178606],[-0.20000000000001508,-0.07477398213848094,-0.12939035459209566],[-0.20000000000001508,-0.07486124935387718,-0.12959529648253157],[-0.20000000000001508,-0.07492314647905234,-0.12974065821761552],[-0.2000000000000151,-0.07496276837026516,-0.12983370788410173],[-0.2000000000000151,-0.07498209612207629,-0.12987909796531452]]"
1782756164.1056182,TRACKING,MPC tracking AprilTag,Walk,True,fresh_solve,0,11,71.76464080810547,-1.2561616096775068,-0.0021909524735274706,3.510484541256365,3.7284646309573914,-0.3436344635195086,0.984263658549751,-0.012204538420310568,-0.17628414477827115,0.0009250672002137396,0.9979542416100681,-0.06392554968984522,0.17670369183730822,0.06275652073227884,0.9822613829305541,3.7825387259773993,0.3732106301217208,0.5090536382660182,-2.6378039365305574,4.867498304607067,0.6208192243151238,3.703935710689588,0.2905336902750162,0.42878904628750747,0.07860301528781122,0.0826769398467046,0.08026459197851077,0.2,0.039147250841332325,-0.10344345783179557,-0.19371967742385246,-0.06328660069266437,-0.10344345783179557,0.281,0.08315111853483875,0.1502010185547906,3.2825387259773993,0.3732106301217208,0.5090536382660182,optimal,80.428087999735,False,"[[3.7825387259773247,0.3732106301217208,0.5090536382660182],[3.742538725977247,0.35985227913570234,0.48836494669965913],[3.702538725977169,0.3451144307522505,0.46645113229663393],[3.6625387259770914,0.3292731134073152,0.4435573341496881],[3.6225387259770137,0.31254918208877225,0.41987969216437104],[3.582538725976936,0.29511936108581693,0.3955751540543135],[3.542538725976858,0.27712508020342413,0.3707693227269094],[3.5025387259767804,0.2586795462525967,0.34556273642868507],[3.4625387259767026,0.2398734033909158,0.3200358956576261],[3.422538725976625,0.22077926533041994,0.2942532881880761],[3.382538725976547,0.20145534602320686,0.2682666134594544],[3.3425387259764694,0.1819483703590384,0.24211736754822655],[3.3025387259763916,0.16229591040982874,0.21583891797172777],[3.262538725976314,0.1425282640332399,0.18945817206402985],[3.222538725976236,0.12266996976556498,0.16299692234264457],[3.1825387259761584,0.10274103374854276,0.13647293613439937],[3.1425387259760806,0.08275793003644469,0.10990084394177863],[3.102538725976003,0.06273442429878838,0.08329287096804801],[3.062538725975925,0.04268226210381356,0.05665944837741766],[3.0225387259758474,0.02261175619689403,0.03000973485325275],[2.9825387259757696,0.002532302137806343,0.003352074532241702]]","[[-0.20000000000001503,-0.06679175493009218,-0.10344345783179557],[-0.20000000000001497,-0.0736892419172592,-0.1095690720151259],[-0.20000000000001497,-0.07920658672467648,-0.11446899073472915],[-0.20000000000001497,-0.0836196565927149,-0.11838820992658544],[-0.20000000000001497,-0.08714910501477639,-0.1215226905502876],[-0.20000000000001497,-0.08997140441196402,-0.12402915663702073],[-0.20000000000001497,-0.09222766975413717,-0.12603293149112146],[-0.20000000000001497,-0.09403071430840448,-0.12763420385529492],[-0.20000000000001497,-0.09547069030247933,-0.1289130373477497],[-0.20000000000001497,-0.09661959653606546,-0.12993337364310853],[-0.20000000000001497,-0.09753487832084219,-0.13074622955613943],[-0.20000000000001497,-0.09826229974604833,-0.13139224788249385],[-0.20000000000001497,-0.09883823188294422,-0.13190372953848958],[-0.20000000000001497,-0.09929147133837461,-0.13230624860692636],[-0.20000000000001497,-0.09964468008511107,-0.13261993104122607],[-0.20000000000001497,-0.09991551856049039,-0.1328604609631037],[-0.20000000000001497,-0.10011752868828154,-0.13303986486865307],[-0.20000000000001497,-0.10026081097487409,-0.13316711295315173],[-0.20000000000001497,-0.10035252953459765,-0.13324856762082457],[-0.20000000000001497,-0.10039727029543842,-0.1332883016050552]]"
1782756164.326304,TRACKING,MPC tracking AprilTag,Walk,True,fresh_solve,0,11,71.65234375,-1.1711758361399767,-0.00411288428443413,3.520045846789721,3.7097698740591545,-0.32119491859613253,0.8710776867114756,0.016233571171283028,-0.49087690399978207,0.0031909667466264594,0.9992454664876238,0.03870807971409834,0.4911348912922053,-0.03528411641175043,0.8703686286191821,3.745583820962249,0.45252383832389376,0.5068230234376445,-2.605879696366455,4.887428666116929,0.6447676436051345,3.6707561141230527,0.27277162981877956,0.4048406269974968,0.07482770683919648,0.1797522085051142,0.10198239644014773,0.2,0.03102833433578779,-0.10905189793816727,-0.18991942428300648,-0.06995262548085525,-0.10905189793816727,0.281,0.073164851233019,0.15704331548456407,3.245583820962249,0.45252383832389376,0.5068230234376445,optimal,100.91929200007144,False,"[[3.7455838209621755,0.45252383832389376,0.5068230234376445],[3.705583820962099,0.4374139759694516,0.4850126438500111],[3.665583820962022,0.42034222656123416,0.46230498094833805],[3.6255838209619458,0.40170115090868663,0.4388795752741584],[3.5855838209618693,0.3818048435090378,0.4148800802303794],[3.5455838209617925,0.36090463727216127,0.3904214447514288],[3.505583820961716,0.33920167016606934,0.36559566074997546],[3.4655838209616396,0.31685694211531346,0.34047636271256315],[3.4255838209615628,0.293999364997212,0.31512250942393777],[3.3855838209614864,0.2707322082357159,0.2895813319062845],[3.34558382096141,0.2471382622726066,0.2638906949703372],[3.305583820961333,0.22328397808958458,0.2380809904559149],[3.2655838209612567,0.19922278975735494,0.212176656823913],[3.2255838209611802,0.17499778613916223,0.18619740107934793],[3.1855838209611034,0.15064386533395294,0.16015918412160787],[3.145583820961027,0.12618947958132268,0.1340750187894223],[3.10558382096095,0.10165805787349605,0.10795562050279837],[3.0655838209608737,0.07706917740493784,0.08180994303402142],[3.0255838209607973,0.05243954243207621,0.05564562619626906],[2.9855838209607204,0.027783819486124177,0.029469377834270134],[2.945583820960644,0.0031153706996402443,0.0032873092165411877]]","[[-0.2000000000000148,-0.07554931177221076,-0.10905189793816727],[-0.20000000000001475,-0.0853587470410872,-0.11353831450836496],[-0.20000000000001475,-0.09320537826273753,-0.11712702837089851],[-0.20000000000001475,-0.09948153699824423,-0.11999747521889462],[-0.20000000000001475,-0.10450103118438266,-0.12229317739475308],[-0.20000000000001475,-0.10851483553045972,-0.12412892000726682],[-0.20000000000001475,-0.1117236402537793,-0.1255964901870615],[-0.20000000000001475,-0.11428788559050734,-0.12676926644312694],[-0.20000000000001475,-0.11633578380748026,-0.12770588758826631],[-0.20000000000001475,-0.11796972981554671,-0.12845318467973663],[-0.20000000000001475,-0.11927142091511002,-0.12904852257211138],[-0.20000000000001475,-0.12030594166114832,-0.12952166816000935],[-0.20000000000001475,-0.12112501809096356,-0.12989627872282541],[-0.20000000000001475,-0.12176960402604649,-0.13019108478870034],[-0.20000000000001475,-0.12227192876315124,-0.13042082666092794],[-0.20000000000001475,-0.12265710853913309,-0.13059699143311954],[-0.20000000000001475,-0.12294440234279108,-0.13072838734388473],[-0.20000000000001475,-0.12314817486430815,-0.13082158418876183],[-0.20000000000001475,-0.12327861472976014,-0.1308812418099946],[-0.20000000000001475,-0.12334224393241965,-0.13091034308864474]]"
1782756164.5120525,TRACKING,MPC tracking AprilTag,Walk,True,fresh_solve,0,11,72.578857421875,-1.0984823347150074,0.008500476124192207,3.507896732682967,3.675877471426803,-0.30347289851715326,0.8879503330313179,0.022356227562275354,-0.4593956956249759,0.015963440586724702,0.9967182014800942,0.07935991055262422,0.45966223973065906,-0.07780119489744465,0.8846793766321921,3.7207509502013516,0.477952440743826,0.4961185706363876,-2.5746426740337602,4.914067332937241,0.6665321859014003,3.6321010588931535,0.2589456817735164,0.383076084701231,0.08864989130819811,0.21900675897030958,0.1130424859351566,0.2,0.022976387953740976,-0.11259717596588029,-0.18682448109665215,-0.07499685104301032,-0.11259717596588029,0.281,0.0,0.16136855467837394,3.2207509502013516,0.477952440743826,0.4961185706363876,optimal,86.86988399995244,False,"[[3.7207509502012788,0.477952440743826,0.4961185706363876],[3.680750950201203,0.46152675921435665,0.4735991354432115],[3.6407509502011273,0.44315309821712745,0.45051249818358496],[3.6007509502010513,0.4232212357442889,0.4269721522932775],[3.5607509502009753,0.40204303971421085,0.40306890577652466],[3.5207509502009,0.3798680613674014,0.37887542160623966],[3.480750950200824,0.356896012828532,0.3544498508726592],[3.4407509502007483,0.33328675271267105,0.3298387403378551],[3.4007509502006723,0.30916827905603733,0.3050793597738382],[3.3607509502005963,0.2846431292178112,0.28020156545115843],[3.320750950200521,0.25979350674809315,0.25522929295243274],[3.280750950200445,0.23468539156540924,0.2301817539514758],[3.2407509502003693,0.20937183895263717,0.20507439679699063],[3.2007509502002933,0.18389563232115022,0.17991967893000388],[3.1607509502002173,0.15829142238138597,0.1547276897559171],[3.120750950200142,0.13258745967836807,0.1295066551147769],[3.080750950200066,0.10680700711895758,0.10426334857327717],[3.04075095019999,0.08096950311719585,0.0790034301030938],[3.0007509501999143,0.055091533515006716,0.05373172907946852],[2.9607509501998384,0.02918766087429262,0.028452485749971],[2.9207509501997624,0.0032711526050297622,0.003169563246877264]]","[[-0.20000000000001467,-0.08212840764734668,-0.11259717596588029],[-0.20000000000001458,-0.09186830498614591,-0.11543318629813278],[-0.20000000000001458,-0.09965931236419293,-0.11770172945153738],[-0.20000000000001458,-0.10589098015039004,-0.11951623258376433],[-0.20000000000001458,-0.11087489173404716,-0.12096742085142496],[-0.20000000000001458,-0.11486024269434711,-0.12212785366790231],[-0.20000000000001458,-0.11804630057930489,-0.12305555267402025],[-0.20000000000001458,-0.12059236828316838,-0.12379690282008467],[-0.20000000000001458,-0.12262574919113077,-0.12438897161339879],[-0.20000000000001458,-0.12424811234859018,-0.12486136249362832],[-0.20000000000001458,-0.12554057591341955,-0.12523769500478474],[-0.20000000000001458,-0.12656776306386042,-0.12553678577242586],[-0.20000000000001458,-0.12738103315743476,-0.12577358933493377],[-0.20000000000001458,-0.1280210496988213,-0.1259599458704338],[-0.20000000000001458,-0.1285198135150894,-0.126105173205701],[-0.20000000000001458,-0.12890226279705247,-0.12621653270749875],[-0.20000000000001458,-0.12918752000880862,-0.1262995923509169],[-0.20000000000001458,-0.12938984801094566,-0.12635850511812632],[-0.20000000000001458,-0.12951936320357046,-0.1263962166474876],[-0.20000000000001458,-0.12958254134631428,-0.12641461251546868]]"
1782756164.7159185,TRACKING,MPC tracking AprilTag,Walk,True,fresh_solve,0,11,73.28734588623047,-0.9814162199436931,-0.0006673141997155268,3.5061550926722465,3.6409204572399463,-0.2729274521124647,0.9980129716544668,-0.012672420756716313,-0.061721294231288165,0.012310458380547026,0.9999047453243378,-0.006241225226829831,0.06179450642153653,0.005469006311565486,0.9980739095608515,3.68152490945646,0.5336840502618316,0.49019325649698176,-2.5538069497154803,4.951432500000963,0.6952845203776857,3.5893225983393706,0.25948087352951965,0.35432375022494556,0.09220231111708932,0.274203176732312,0.1358695062720362,0.2,0.015314115606892623,-0.11489042120594427,-0.18365820855940573,-0.0806485248815569,-0.11489042120594427,0.281,0.0,0.164166313871252,3.18152490945646,0.5336840502618316,0.49019325649698176,optimal,90.5615570000009,False,"[[3.6815249094563884,0.5336840502618316,0.49019325649698176],[3.641524909456314,0.5158102302995521,0.4672151722557929],[3.601524909456239,0.49563702249314673,0.4438701962140529],[3.5615249094561645,0.4736245193599607,0.42023174102919586],[3.52152490945609,0.4501408486510003,0.39635854540149995],[3.4815249094560152,0.425480579738483,0.3722976110091015],[3.4415249094559406,0.3998794520844486,0.3480865525919017],[3.4015249094558664,0.3735261622138608,0.32375547868856164],[3.3615249094557917,0.3465717985408558,0.29932849706343534],[3.321524909455717,0.31913739578944894,0.27482492009478765],[3.2815249094556425,0.2913199867297353,0.25026023039370726],[3.241524909455568,0.26319745381639487,0.22564685493466122],[3.201524909455493,0.2348324233114261,0.20099478640421833],[3.161524909455419,0.20627539659724609,0.1763120828353775],[3.1215249094553443,0.17756727524581137,0.15160527050921782],[3.0815249094552697,0.1487414060972158,0.12687967026895236],[3.041524909455195,0.11982524860169512,0.10213966356208894],[3.0015249094551204,0.09084174779213881,0.0773889115128055],[2.9615249094550458,0.061810481535734645,0.05263053797815892],[2.921524909454971,0.03274863942732792,0.02786728574093798],[2.8815249094548965,0.0036718822691638553,0.003101653648802718]]","[[-0.20000000000001442,-0.0893690998113976,-0.11489042120594427],[-0.20000000000001436,-0.10086603903202704,-0.1167248802087],[-0.20000000000001436,-0.11006251566593012,-0.11819227592428533],[-0.20000000000001436,-0.117418353544802,-0.11936597813847948],[-0.20000000000001436,-0.12330134456258628,-0.12030467196199215],[-0.20000000000001436,-0.12800563827017217,-0.12105529208599901],[-0.20000000000001436,-0.1317664493529389,-0.12165536951670038],[-0.20000000000001436,-0.13477181836502491,-0.12213490812563134],[-0.20000000000001436,-0.13717201375703444,-0.12251788484323842],[-0.20000000000001436,-0.13908704529856802,-0.12282344850540199],[-0.20000000000001436,-0.14061266456670227,-0.1230668772952302],[-0.20000000000001436,-0.1418251525248439,-0.1232603426522145],[-0.20000000000001436,-0.14278513357090006,-0.1234135178442041],[-0.20000000000001436,-0.14354060675717348,-0.12353406163079846],[-0.20000000000001436,-0.14412934574297787,-0.12362800120132729],[-0.20000000000001436,-0.14458078747760342,-0.12370003353431706],[-0.20000000000001436,-0.14491750404778148,-0.12375376024641725],[-0.20000000000001436,-0.14515633128202088,-0.12379186767323287],[-0.20000000000001436,-0.1453092105420336,-0.12381626118610468],[-0.20000000000001436,-0.1453837857908203,-0.12382816046067631]]"
1782756164.9399676,TRACKING,MPC tracking AprilTag,Walk,True,fresh_solve,0,11,75.02779388427734,-0.8295557386949481,0.012082643895385936,3.4927254455822236,3.589908042290605,-0.23318886505906486,0.8932010615120273,-0.001231178581285291,-0.44965581049630454,0.006660994214660087,0.9999227544144447,0.010493634275240362,0.44960815703216483,-0.012368080026067861,0.8931402665464193,3.6477632851326147,0.614408289019565,0.4993393565483077,-2.5223717128144343,4.993947253085316,0.7274853497142257,3.5368006594926613,0.2533879031019796,0.32212292088840555,0.1109626256399534,0.3610203859175854,0.17721643565990214,0.2,0.009195002075041328,-0.11717844555315118,-0.17998280682185705,-0.08769684892677786,-0.11717844555315118,0.281,0.0,0.16695770357484443,3.1477632851326147,0.614408289019565,0.4993393565483077,optimal,114.04772700007015,False,"[[3.647763285132544,0.614408289019565,0.4993393565483077],[3.6077632851324704,0.5946852636913061,0.4759036674376774],[3.567763285132397,0.5720877970454532,0.4521019218068871],[3.5277632851323233,0.5471910460504802,0.4280073651792098],[3.48776328513225,0.5204552034574048,0.4036786025280745],[3.4477632851321767,0.49224850743733994,0.37916252852573723],[3.407763285132103,0.46286565349004877,0.35449667227689385],[3.3677632851320296,0.43254252921893327,0.32971107377391495],[3.327763285131956,0.40146800871120414,0.3048297858964643],[3.2877632851318825,0.3697933962422414,0.27987207705548217],[3.247763285131809,0.3376399914893634,0.25485339461373224],[3.2077632851317355,0.3051051545156928,0.22978613725393973],[3.1677632851316617,0.27226717377331255,0.20468027491292778],[3.1277632851315884,0.2391891805258701,0.17954384727845857],[3.0877632851315147,0.20592230541175988,0.15438336577362136],[3.0477632851314413,0.1725082349760428,0.12920413912798706],[3.0077632851313676,0.13898129599769962,0.10401053881408676],[2.9677632851312943,0.10537017182857958,0.07880621762103815],[2.9277632851312205,0.07169933656099321,0.05359429229400157],[2.887763285131147,0.03799027873232769,0.02837749937143796],[2.8477632851310735,0.004262575751916247,0.0031583320120318966]]","[[-0.20000000000001422,-0.09861512664129458,-0.11717844555315118],[-0.20000000000001414,-0.11298733322926452,-0.11900872815395186],[-0.20000000000001414,-0.12448375497486518,-0.12047278313838636],[-0.20000000000001414,-0.1336792129653766,-0.12164381325567636],[-0.20000000000001414,-0.14103348010032435,-0.1225803700116864],[-0.20000000000001414,-0.14691426973645583,-0.12332928124421697],[-0.20000000000001414,-0.1516156213555776,-0.12392799251489459],[-0.20000000000001414,-0.15537260253864574,-0.12440643938725313],[-0.20000000000001414,-0.15837306234481371,-0.12478854420491055],[-0.20000000000001414,-0.16076702376438987,-0.1250934122087497],[-0.20000000000001414,-0.162674184868353,-0.12533628679896255],[-0.20000000000001414,-0.1641899037119013,-0.12552931170505974],[-0.20000000000001414,-0.1653899662372122,-0.12568213817234614],[-0.20000000000001414,-0.16633437557055117,-0.125802407524186],[-0.20000000000001414,-0.16707035217858524,-0.1258961332281714],[-0.20000000000001414,-0.16763469489171604,-0.12596800156950158],[-0.20000000000001417,-0.1680556208456002,-0.12602160596524306],[-0.20000000000001417,-0.16835417633793182,-0.12605962663518286],[-0.20000000000001417,-0.1685452891433276,-0.12608396461281804],[-0.20000000000001417,-0.16863851490205722,-0.1260958367970303]]"
1782756165.109299,TRACKING,MPC tracking AprilTag,Walk,True,fresh_solve,0,11,73.98004913330078,-0.7507674134271338,0.008374533099534915,3.458295682895608,3.538860109159884,-0.21377461586917942,0.9101649437980219,0.013034974893455861,-0.4140408971474563,0.014673524892899309,0.9978630547777032,0.06367112043091336,0.4139860658867167,-0.0640266611595309,0.9080287021412933,3.5961939407945027,0.6850967090368298,0.48922245647190793,-2.4927865789137345,5.010221370867134,0.7501902888054937,3.507956527043074,0.2358338984099016,0.29941798179713763,0.08823741375142857,0.44926281062692824,0.18980447467477032,0.2,-0.001596921059829906,-0.11826830382386752,-0.17578924819997235,-0.09539753861688391,-0.11826830382386752,0.281,0.0,0.16828733066511836,3.0961939407945027,0.6850967090368298,0.48922245647190793,optimal,83.26024000007237,False,"[[3.5961939407944334,0.6850967090368298,0.48922245647190793],[3.556193940794362,0.6634392898345143,0.46556879570713444],[3.51619394079429,0.6384876774535726,0.4417407706588107],[3.476193940794218,0.6109010184734075,0.41777327048335233],[3.436193940794146,0.5812067071434606,0.3936942105808181],[3.396193940794074,0.5498267550956842,0.36952592836491305],[3.356193940794002,0.5170988919261393,0.3452863001336737],[3.3161939407939305,0.4832934516747985,0.32098963488436977],[3.2761939407938585,0.44862688952754437,0.2966473897633678],[3.2361939407937865,0.4132726045754641,0.2722687429234494],[3.1961939407937145,0.37736960976940337,0.24786105243145043],[3.1561939407936426,0.3410294825675089,0.2234302241716027],[3.1161939407935706,0.3043419438081358,0.19898100713974548],[3.076193940793499,0.26737934375176514,0.17451723089311771],[3.036193940793427,0.23020027959402814,0.15004199702821971],[2.996193940793355,0.19285252532548774,0.12555783426063832],[2.956193940793283,0.15537542043116667,0.1010668248608262],[2.916193940793211,0.11780183686479866,0.07657070876762449],[2.876193940793139,0.08015982264651504,0.052070970585204844],[2.8361939407930676,0.042474004263851436,0.02756891381327799],[2.7961939407929957,0.004766817996124414,0.0030657260220793366]]","[[-0.2000000000000139,-0.10828709601157809,-0.11826830382386752],[-0.20000000000001383,-0.1247580619047084,-0.11914012524161857],[-0.20000000000001383,-0.1379332949008253,-0.11983750087729188],[-0.20000000000001383,-0.1484715566497346,-0.1203952995126711],[-0.20000000000001383,-0.15689976023888183,-0.12084141107952519],[-0.20000000000001383,-0.16363931584772434,-0.12119814115619687],[-0.20000000000001383,-0.16902720125670423,-0.12148332624651972],[-0.20000000000001383,-0.1733328107362705,-0.1217112256050099],[-0.20000000000001383,-0.17677142476040145,-0.12189323419959189],[-0.20000000000001383,-0.17951497403030364,-0.1220384524599948],[-0.20000000000001383,-0.18170063600947223,-0.12215414129923875],[-0.20000000000001383,-0.18343769379686556,-0.12224608515928599],[-0.20000000000001383,-0.18481300028185335,-0.12231888123313886],[-0.20000000000001383,-0.18589532078868498,-0.12237616932448998],[-0.20000000000001383,-0.186738771342702,-0.12242081383790693],[-0.20000000000001383,-0.18738552447160534,-0.12245504699906055],[-0.20000000000001383,-0.1878679178318401,-0.12248058046600854],[-0.20000000000001383,-0.18821007109141802,-0.12249869091209827],[-0.20000000000001383,-0.18842909191331803,-0.12251028385963425],[-0.20000000000001383,-0.1885359313386351,-0.12251593895599326]]"
1782756165.3556006,TRACKING,MPC tracking AprilTag,Walk,True,fresh_solve,0,11,74.79470825195312,-0.6163072638415009,0.01358672636364616,3.44498044084445,3.4997013416001512,-0.1770273297228891,0.9217990198709516,0.00037972862334545183,-0.3876679284789056,0.011847696828162568,0.999504815959724,0.029150556653114765,0.3874870308085436,-0.031463926638153714,0.9213380607983629,3.5475198921644053,0.7134776286816885,0.4658410068073944,-2.4462781428445735,5.039580238121387,0.7867752344366122,3.4593386352572817,0.21011856620599942,0.26283303616601905,0.08818125690712364,0.5033590624756891,0.20300797064137532,0.2,-0.013648923499869792,-0.11763662171231203,-0.17255807820578714,-0.10202942104427895,-0.11763662171231203,0.281,0.0,0.16751667848902066,3.0475198921644053,0.7134776286816885,0.4658410068073944,optimal,80.37749599998278,False,"[[3.547519892164338,0.7134776286816885,0.4658410068073944],[3.507519892164267,0.690312487985474,0.44231368246493197],[3.467519892164197,0.6638790853266754,0.4188874197024679],[3.4275198921641263,0.6348313786174173,0.39554199675668933],[3.387519892164056,0.6036926105673013,0.3722612338551177],[3.347519892163986,0.570881470818886,0.34903218422748483],[3.3075198921639153,0.536733030429815,0.3258444867672194],[3.267519892163845,0.5015154954256994,0.30268984797611853],[3.227519892163775,0.46544361710139776,0.2795616272894375],[3.1875198921637042,0.42868942958575945,0.25645450504765266],[3.147519892163634,0.3913908515480671,0.23336421651348513],[3.1075198921635634,0.3536585821315004,0.21028733863503693],[3.067519892163493,0.3155816359102956,0.18722111889319595],[3.027519892163423,0.27723179361845685,0.16416333767568053],[2.9875198921633523,0.23866719118645668,0.14111219729642532],[2.947519892163282,0.19993522653775958,0.11806623211127786],[2.9075198921632115,0.1610749294849951,0.09502423523579115],[2.8675198921631413,0.12211891322058949,0.07198519820100126],[2.8275198921630706,0.08309500497638693,0.04894826052997902],[2.7875198921630004,0.04402763738524175,0.025912666713983706],[2.7475198921629302,0.004939070112661141,0.0028777284370259154]]","[[-0.2000000000000136,-0.11582570348107271,-0.11763662171231203],[-0.20000000000001356,-0.13216701329399286,-0.11713131381232032],[-0.20000000000001356,-0.14523853354629038,-0.1167271147288928],[-0.20000000000001356,-0.15569384025058014,-0.11640381450785807],[-0.20000000000001356,-0.16405569874207662,-0.11614524813816443],[-0.20000000000001356,-0.17074220194535467,-0.11593848730132716],[-0.20000000000001356,-0.17608767502057812,-0.11577319395550444],[-0.20000000000001356,-0.18035939162150824,-0.11564110343340508],[-0.20000000000001356,-0.18377093757819146,-0.11553561120892417],[-0.20000000000001356,-0.186492890188462,-0.11545144267083762],[-0.20000000000001356,-0.18866134708283333,-0.11538438939224112],[-0.20000000000001356,-0.19038473110602405,-0.11533109870920485],[-0.20000000000001356,-0.1917492114591937,-0.115288906087577],[-0.20000000000001356,-0.19282301216000075,-0.11525570189627615],[-0.20000000000001356,-0.19365982324348557,-0.1152298259257373],[-0.20000000000001356,-0.19430148526382238,-0.11520998437743347],[-0.20000000000001356,-0.194780081322028,-0.1151951851739495],[-0.20000000000001356,-0.19511954122101277,-0.11518468835511116],[-0.20000000000001356,-0.1953368379557259,-0.11517796907997654],[-0.20000000000001356,-0.19544283636290302,-0.11517469138478893]]"
1782756165.6114147,TRACKING,MPC tracking AprilTag,Walk,True,fresh_solve,0,11,75.41336822509766,-0.4817387559796668,-0.02279538022104773,3.444190560478345,3.4777924715630166,-0.1389683876177968,0.9325029254317017,0.002680838574490557,-0.3611524708012611,0.0006680273585413486,0.999957937073784,0.009147558285712513,0.36116180279864385,-0.008771384593083967,0.9324619107564415,3.505806295569682,0.7241111114216907,0.4336601245990284,-2.418250607773862,5.085926529176077,0.8250293435967424,3.405190610018839,0.20888861521387436,0.2245789270058889,0.10061568555084266,0.5152224962078163,0.2090811975931395,0.2,-0.026179677040547286,-0.11516745043568112,-0.17048620552780014,-0.10779531165445025,-0.11516745043568112,0.281,-0.06720100275987317,0.16450428953153096,3.005806295569682,0.7241111114216907,0.4336601245990284,optimal,86.17904800030374,False,"[[3.505806295569615,0.7241111114216907,0.4336601245990284],[3.4658062955695463,0.6998187266325888,0.4106266345118922],[3.4258062955694775,0.672417373882237,0.3879881822862657],[3.385806295569408,0.6425291373915689,0.3656657234214081],[3.3458062955693393,0.6106517571945022,0.34359601308461674],[3.30580629556927,0.5771835161396348,0.3217284438695925],[3.265806295569201,0.5424431540326747,0.3000225154261246],[3.225806295569132,0.506685804626725,0.27844580944258],[3.185806295569063,0.47011575230993935,0.2569723687303218],[3.1458062955689936,0.43289664632492975,0.2355813993642776],[3.1058062955689247,0.3951596832308969,0.21425623098668548],[3.0658062955688554,0.3570101667315904,0.19298348328920623],[3.0258062955687866,0.31853277286049614,0.17175239699750627],[2.9858062955687177,0.2797957837825106,0.15055429590754102],[2.9458062955686484,0.2408545019021857,0.12938215307535256],[2.9058062955685795,0.20175401498395645,0.10823023946987187],[2.86580629556851,0.16253145054036255,0.08709383752136532],[2.8258062955684413,0.12321783220767554,0.06596900524294794],[2.785806295568372,0.08383963092771228,0.04485237913123925],[2.745806295568303,0.04442008849492581,0.02374100599119422],[2.705806295568234,0.004980379646128025,0.002632195276350961]]","[[-0.20000000000001336,-0.1214619239455093,-0.11516745043568112],[-0.2000000000000133,-0.13700676375175905,-0.11319226112813235],[-0.2000000000000133,-0.14944118245334073,-0.11161229432428829],[-0.2000000000000133,-0.1593869009853334,-0.11034855168395671],[-0.2000000000000133,-0.16734120527433669,-0.10933784607512104],[-0.2000000000000133,-0.17370181053480072,-0.10852964221733952],[-0.2000000000000133,-0.17878674702974875,-0.10788352991772303],[-0.2000000000000133,-0.1828502615839282,-0.10736720356129077],[-0.2000000000000133,-0.186095529925048,-0.10695484683022115],[-0.2000000000000133,-0.18868481547016414,-0.10662584188796065],[-0.2000000000000133,-0.19074758249653245,-0.10636373848739626],[-0.2000000000000133,-0.1923869693554713,-0.10615543145849975],[-0.2000000000000133,-0.1936849453899277,-0.1059905054498263],[-0.2000000000000133,-0.1947064094016244,-0.10586071416094225],[-0.2000000000000133,-0.1955024345911463,-0.1057595680274034],[-0.2000000000000133,-0.19611282221796944,-0.10568200974253279],[-0.2000000000000133,-0.19656809166343503,-0.1056241613920869],[-0.2000000000000133,-0.1968910063998163,-0.10558313055854342],[-0.2000000000000133,-0.19709771216393232,-0.10555686570022518],[-0.2000000000000133,-0.19719854424398892,-0.10554405357421628]]"
1782756165.8898787,TRACKING,MPC tracking AprilTag,Walk,True,fresh_solve,0,11,74.8100357055664,-0.3256571137400442,-0.01328232904815991,3.3955458966941543,3.4111524317378357,-0.0956147005242052,0.9576592793956599,0.004841516695723648,-0.28786327362737785,0.004510362666588956,0.9994835937618883,0.031815128939490026,0.28786865271509054,-0.031766421216523025,0.9571429011736403,3.455835326312832,0.7292932413271971,0.40754935102604456,-2.3724163917788124,5.136159756596056,0.8610910725119084,3.3388055849432945,0.19415155517370508,0.18851719809072287,0.11702974136953737,0.535141686153492,0.2190321529353217,0.2,-0.036509091597578175,-0.1116956415953846,-0.16914821872111802,-0.11279092992237091,-0.1116956415953846,0.281,-0.07990618266502116,0.1602686827463692,2.955835326312832,0.7292932413271971,0.40754935102604456,optimal,113.81914300000062,False,"[[3.455835326312767,0.7292932413271971,0.40754935102604456],[3.4158353263126995,0.7040711847481741,0.38521022270696764],[3.375835326312632,0.675918951902725,0.3634265422633871],[3.3358353263125644,0.6454228519592354,0.34208716819651497],[3.295835326312497,0.6130520007311888,0.32110317432639846],[3.2558353263124293,0.579181776467841,0.30040340348292277],[3.215835326312362,0.5441125887666826,0.2799309096473051],[3.1758353263122943,0.5080848990533136,0.25964011065115544],[3.1358353263122267,0.4712912436527237,0.2394945090680573],[3.0958353263121596,0.43388586060554135,0.2194648673422467],[3.055835326312092,0.3959924015700655,0.19952774591082414],[3.0158353263120246,0.3577101144051804,0.17966433122560935],[2.975835326311957,0.31911880556329986,0.1598594950757326],[2.9358353263118895,0.2802828304129878,0.140101038177091],[2.895835326311822,0.2412543110073867,0.12037908020814339],[2.8558353263117544,0.2020757421868745,0.10068556579383338],[2.815835326311687,0.16278211632108364,0.0810138617368364],[2.7758353263116193,0.12340267292738258,0.061358425357693556],[2.735835326311552,0.08396236064674431,0.041714527360838666],[2.6958353263114843,0.04448308467579496,0.022078015369819938],[2.6558353263114167,0.004984802026645071,0.002445106308477382]]","[[-0.20000000000001306,-0.12611028289511506,-0.1116956415953846],[-0.200000000000013,-0.14076116422724544,-0.10891840221790254],[-0.200000000000013,-0.15248049971744798,-0.10669687033436086],[-0.200000000000013,-0.16185425614023283,-0.10491996935058244],[-0.200000000000013,-0.16935112131673913,-0.1034988542173784],[-0.200000000000013,-0.17534593850579225,-0.1023624691780885],[-0.200000000000013,-0.18013844856684486,-0.10145399498074827],[-0.200000000000013,-0.18396827700294957,-0.10072800791549068],[-0.200000000000013,-0.1870269152359116,-0.10014820862905287],[-0.200000000000013,-0.1894672951773791,-0.09968560715711293],[-0.200000000000013,-0.19141143582442538,-0.09931707342607388],[-0.200000000000013,-0.1929565442094028,-0.09902418074938375],[-0.200000000000013,-0.19417987575156023,-0.09879228449320805],[-0.200000000000013,-0.19514259702800554,-0.09860978984473799],[-0.200000000000013,-0.195892844102561,-0.09846757207155007],[-0.200000000000013,-0.19646812932895433,-0.0983585202849849],[-0.200000000000013,-0.19689721696850526,-0.09827718189571419],[-0.200000000000013,-0.19720156140319128,-0.09821948998427443],[-0.200000000000013,-0.19739637985474676,-0.09818255995509363],[-0.200000000000013,-0.19749141324574943,-0.09816454530671276]]"
1782756166.107974,TRACKING,MPC tracking AprilTag,Walk,True,fresh_solve,0,11,74.8353042602539,-0.21791680950483916,-0.02109812783697855,3.331187409524433,3.338374218723404,-0.0653240803025337,0.98597238263335,-0.00612492443273287,0.16679612101307445,0.010940903617958565,0.999548889486115,-0.02796987942585442,-0.1665495641313342,0.029402428943330606,0.9855946123330296,3.3999601888896995,0.7377807284081472,0.3786381936826287,-2.3320021160934705,5.161778829819168,0.8954408655609903,3.296465296476724,0.171859167133175,0.15416740504164095,0.10349489241297549,0.5659215612749722,0.22447078864098774,0.2,-0.04721906175713257,-0.1072977758815585,-0.168378995022452,-0.11780557638946043,-0.1072977758815585,0.281,-0.09307944596127307,0.15490328657550137,2.8999601888896995,0.7377807284081472,0.3786381936826287,optimal,82.64102900011494,False,"[[3.3999601888896365,0.7377807284081472,0.3786381936826287],[3.3599601888895707,0.7117036276444463,0.357178638506317],[3.319960188889505,0.6828116055701476,0.33642268922532714],[3.279960188889439,0.6516679095883505,0.31622955888698195],[3.2399601888893734,0.6187232034067791,0.2964866014857363],[3.1999601888893077,0.584338100223169,0.27710367966290017],[3.159960188889242,0.5488011933851539,0.2580086578387041],[3.119960188889176,0.512343486057647,0.23914379543331032],[3.0799601888891104,0.4751499413810872,0.22046285983782152],[3.0399601888890446,0.43736873062846054,0.20192881478383545],[2.999960188888979,0.39911864176894984,0.18351196853002508],[2.959960188888913,0.3604950188663937,0.16518848927507204],[2.9199601888888473,0.3215745292824784,0.146939213567601],[2.8799601888887816,0.2824189970448224,0.1287486881336106],[2.839960188888716,0.24307849404835682,0.11060439721277356],[2.79996018888865,0.20359384365007266,0.09249613677042025],[2.7599601888885843,0.16399866183686979,0.07441550429580526],[2.7199601888885185,0.12432103802490216,0.05635547867657007],[2.6799601888884528,0.08458493953038551,0.03831006914312515],[2.639960188888387,0.04481140993540814,0.02027401573017049],[2.5999601888883213,0.005019621267035294,0.0022425262784305853]]","[[-0.20000000000001272,-0.1303855038185047,-0.1072977758815585],[-0.20000000000001267,-0.14446011037149317,-0.10377974640494915],[-0.20000000000001267,-0.1557184799089857,-0.1009656516917261],[-0.20000000000001267,-0.1647235309078569,-0.09871478700622818],[-0.20000000000001267,-0.17192551591805041,-0.0969146091141805],[-0.20000000000001267,-0.1776845341900758,-0.09547510912098066],[-0.20000000000001267,-0.18228853663753442,-0.0943243120269687],[-0.20000000000001267,-0.18596772338279915,-0.09340467797744399],[-0.20000000000001267,-0.18890605376313324,-0.09267022526993031],[-0.20000000000001267,-0.19125044429755342,-0.09208423126905198],[-0.20000000000001267,-0.19311811451278066,-0.09161739627476508],[-0.20000000000001267,-0.19460244791957637,-0.09124637853735525],[-0.20000000000001267,-0.1957776611882803,-0.09095262716995202],[-0.20000000000001267,-0.19670251498232766,-0.09072145460418522],[-0.20000000000001267,-0.1974232519914208,-0.0905413022117665],[-0.20000000000001267,-0.19797590906601442,-0.09040316237307494],[-0.20000000000001267,-0.19838811905983814,-0.09030012809617595],[-0.20000000000001267,-0.19868049247258318,-0.0902270476672246],[-0.20000000000001267,-0.19886764797488682,-0.0901802670647733],[-0.20000000000001267,-0.1989589433418642,-0.09015744725869951]]"
1782756166.3098273,TRACKING,MPC tracking AprilTag,Walk,True,fresh_solve,0,11,77.0133285522461,-0.11410946330022195,-0.012020151180252688,3.306206332251761,3.308196754286344,-0.034500020646310456,0.9572410976146083,0.0028919890461091375,-0.28927688714609934,0.013357641987220826,0.9984416593873353,0.054183264947818964,0.2889827926332659,-0.05573050510466863,0.9557107597817748,3.345868879147778,0.7612673614799753,0.3495301314541107,-2.30060269957088,5.19858564187319,0.9249880089001101,3.2489112806705656,0.16295521563696647,0.12462026170252116,0.09695759847721241,0.5983121458430088,0.22490986975158955,0.2,-0.06014826375088603,-0.10219273205150026,-0.16730858806364868,-0.12500259994253904,-0.10219273205150026,0.281,-0.10898236441358981,0.14867513310283031,2.845868879147778,0.7612673614799753,0.3495301314541107,optimal,84.31004800013397,False,"[[3.3458688791477162,0.7612673614799753,0.3495301314541107],[3.3058688791476523,0.733883662998191,0.32909158504381064],[3.2658688791475883,0.7034542542645219,0.3094697845662964],[3.2258688791475243,0.6706037227183818,0.29050130448498135],[3.1858688791474603,0.6358355996585603,0.27205538528308887],[3.145868879147396,0.5995575368081634,0.2540273954878135],[3.105868879147332,0.562101688900768,0.23633360009668064],[3.065868879147268,0.5237413214171013,0.21890697382742272],[3.025868879147204,0.4847044738590768,0.20169384985386604],[2.98586887914714,0.4451853617248902,0.18465123646462184],[2.945868879147076,0.4053540872839291,0.1677446674775171],[2.9058688791470115,0.3653651446902422,0.15094647893048568],[2.8658688791469475,0.32536514469024225,0.13423442588346518],[2.8258688791468836,0.2853651446902422,0.11759057017139371],[2.7858688791468196,0.24536514469024223,0.10100038349595682],[2.7458688791467556,0.20536514469024222,0.08445202101067179],[2.7058688791466916,0.16536514469024224,0.06793572907856353],[2.665868879146627,0.12536514469024224,0.051443357590315764],[2.625868879146563,0.08536514469024223,0.034967952458805227],[2.585868879146499,0.04536514469024223,0.018503407914745536],[2.5458688791464352,0.005365144690242221,0.0020441612182228426]]","[[-0.2000000000000124,-0.13691849240892187,-0.10219273205150026],[-0.20000000000001233,-0.15214704366834494,-0.09810900238757134],[-0.20000000000001233,-0.16425265773070083,-0.09484240040657528],[-0.20000000000001233,-0.17384061529910733,-0.09222959600946232],[-0.20000000000001233,-0.1813903142519847,-0.09013994897637678],[-0.20000000000001233,-0.18727923953697692,-0.0884689769556644],[-0.20000000000001233,-0.19180183741833354,-0.08713313134628956],[-0.20000000000001233,-0.1951842377901224,-0.0860656198677835],[-0.20000000000001233,-0.1975955606709329,-0.08521306694622093],[-0.20000000000001233,-0.19915637220480562,-0.08453284493552372],[-0.20000000000001233,-0.1999447129684342,-0.08399094273515703],[-0.20000000000001233,-0.2,-0.08356026523510249],[-0.20000000000001233,-0.2,-0.0832192785603574],[-0.20000000000001233,-0.2,-0.08295093337718448],[-0.20000000000001233,-0.2,-0.0827418124264251],[-0.20000000000001233,-0.2,-0.08258145966054128],[-0.20000000000001233,-0.2,-0.08246185744123885],[-0.20000000000001233,-0.2,-0.08237702565755269],[-0.20000000000001233,-0.2,-0.08232272272029845],[-0.20000000000001233,-0.2,-0.08229623348261346]]"
1782756166.5755322,TRACKING,MPC tracking AprilTag,Walk,True,fresh_solve,0,11,77.94644165039062,0.00942085202041924,-0.043932100617119135,3.2369024728339357,3.237214296359738,0.002910444630044824,0.971514132453188,0.001811463045273506,-0.23697470127708797,-0.0028493488675126323,0.9999877905705397,-0.0040373160492608055,0.2369644945023635,0.00459753319574996,0.9715074323100947,3.296631070490768,0.779166858768363,0.32043175645654187,-2.2658483642424585,5.246082671331448,0.9570204052317027,3.190415956054369,0.1564645585419735,0.0925878653709285,0.1062151144363992,0.6227023002263895,0.2278438910856134,0.2,-0.07635643454275173,-0.09655757841087234,-0.1657694301301122,-0.13546512883550282,-0.09655757841087234,0.281,-0.12891841448758462,0.14180024566126426,2.796631070490768,0.779166858768363,0.3204317564565419,optimal,99.70812200026558,False,"[[3.296631070490708,0.779166858768363,0.32043175645654187],[3.2566310704906454,0.7498018224310423,0.3011202407743674],[3.2166310704905827,0.7170360696988558,0.2827102822520956],[3.1766310704905205,0.6816633647060072,0.26502148517949864],[3.136631070490458,0.6443471239736673,0.24790951191883243],[3.096631070490395,0.605653587236032,0.2312588660229495],[3.0566310704903326,0.5660801294270329,0.2149771174129415],[3.0166310704902703,0.5260801294270329,0.1989902808741938],[2.9766310704902077,0.4860801294270328,0.1832391167956548],[2.936631070490145,0.44608012942703285,0.16767616918928335],[2.896631070490083,0.4060801294270328,0.15226339289064666],[2.85663107049002,0.36608012942703283,0.13697025130069868],[2.8166310704899575,0.3260801294270328,0.1217721895558278],[2.7766310704898953,0.2860801294270328,0.10664940678467627],[2.7366310704898327,0.24608012942703278,0.09158586606457231],[2.69663107048977,0.20608012942703277,0.07656849257539651],[2.6566310704897074,0.16608012942703276,0.06158651985857586],[2.616631070489645,0.12608012942703276,0.04663095149415512],[2.5766310704895825,0.08608012942703275,0.03169411127979905],[2.53663107048952,0.04608012942703275,0.016769259420675628],[2.496631070489457,0.006080129427032741,0.001850255539714473]]","[[-0.20000000000001208,-0.14682518168660347,-0.09655757841087234],[-0.20000000000001203,-0.16382876366093257,-0.0920497926113591],[-0.20000000000001203,-0.17686352496424282,-0.08844398536298485],[-0.20000000000001203,-0.18658120366169975,-0.08555986630333091],[-0.20000000000001203,-0.19346768368817618,-0.08325322947941459],[-0.20000000000001203,-0.19786728904499595,-0.08140874305004002],[-0.20000000000001203,-0.2,-0.07993418269373852],[-0.20000000000001203,-0.2,-0.07875582039269499],[-0.20000000000001203,-0.2,-0.07781473803185728],[-0.20000000000001203,-0.2,-0.07706388149318347],[-0.20000000000001203,-0.2,-0.07646570794973989],[-0.20000000000001203,-0.2,-0.07599030872435437],[-0.20000000000001203,-0.2,-0.07561391385575762],[-0.20000000000001203,-0.2,-0.07531770360051979],[-0.20000000000001203,-0.2,-0.07508686744587902],[-0.20000000000001203,-0.2,-0.07490986358410325],[-0.20000000000001203,-0.2,-0.07477784182210369],[-0.20000000000001203,-0.2,-0.07468420107178037],[-0.20000000000001203,-0.2,-0.07462425929561711],[-0.20000000000001203,-0.2,-0.07459501940480577]]"
1782756166.8099947,TRACKING,MPC tracking AprilTag,Walk,True,fresh_solve,0,11,77.4068832397461,0.08839102564442262,-0.02737754894615653,3.1785575578410867,3.179904189139897,0.027801368989982245,0.9725798200750054,0.00247037791887063,-0.23255621001342464,-0.003973638028176143,0.9999741298119385,-0.0059958241866642625,0.23253538178886057,0.0067555118084651564,0.9725644756397976,3.2427270817899365,0.763808570266059,0.2837151679862582,-2.221696580951609,5.278561879855557,0.9866760888101066,3.1402654190643826,0.13434663382624346,0.06293218179252469,0.1024616627255539,0.6294619364398155,0.2207829861937335,0.2,-0.08734410885900988,-0.09005229114515179,-0.16755468895452558,-0.1398371179684663,-0.09005229114515179,0.281,-0.14243325389658215,0.1338637951970852,2.7427270817899365,0.763808570266059,0.2837151679862582,optimal,84.38990900003773,False,"[[3.242727081789878,0.763808570266059,0.2837151679862582],[3.202727081789817,0.7339490593469561,0.2657047097572278],[3.1627270817897566,0.7018782431943358,0.24873501965727732],[3.1227270817896957,0.6680407364650073,0.23259784676879644],[3.082727081789635,0.6327928192869442,0.2171265660347484],[3.042727081789574,0.5964202512656835,0.20218784700581804],[3.002727081789513,0.5591525594646024,0.18767498731794613],[2.962727081789452,0.5211745147580868,0.17350257757412635],[2.9227270817893913,0.4826353703752513,0.159602230874555],[2.8827270817893305,0.4436563245613941,0.14591916347164072],[2.8427270817892696,0.4043365804902624,0.13240945558262512],[2.8027270817892087,0.3647583064227399,0.11903785540044468],[2.7627270817891483,0.32499074411989054,0.10577601650337763],[2.7227270817890874,0.28509367093101196,0.09260108053395791],[2.6827270817890265,0.24512038866110036,0.07949453428110179],[2.6427270817889656,0.20512038866110036,0.06644128401955372],[2.6027270817889048,0.16512038866110035,0.0534289008236236],[2.562727081788844,0.12512038866110034,0.04044699912090216],[2.522727081788783,0.08512038866110035,0.02748671741364062],[2.482727081788722,0.04512038866110034,0.014540275203863156],[2.4427270817886613,0.005120388661100328,0.0016005839684681733]]","[[-0.20000000000001175,-0.1492975545955146,-0.09005229114515179],[-0.2000000000000117,-0.16035408076310143,-0.08484845049975247],[-0.20000000000001172,-0.16918753364664268,-0.08068586444240443],[-0.20000000000001172,-0.1762395858903154,-0.07735640367024026],[-0.20000000000001172,-0.18186284010630324,-0.07469359514465176],[-0.20000000000001172,-0.1863384590054056,-0.0725642984393595],[-0.20000000000001172,-0.18989022353257756,-0.07086204871909887],[-0.20000000000001172,-0.19269572191417778,-0.06950173349785685],[-0.20000000000001172,-0.19489522906928616,-0.06841533701457131],[-0.20000000000001172,-0.19659872035565826,-0.06754853944507798],[-0.20000000000001172,-0.19789137033761256,-0.06685800091090222],[-0.20000000000001172,-0.19883781151424687,-0.06630919448533522],[-0.20000000000001172,-0.19948536594439284,-0.06587467984709862],[-0.20000000000001172,-0.19986641134955782,-0.06553273126428061],[-0.20000000000001172,-0.2,-0.0652662513077403],[-0.20000000000001172,-0.2,-0.06506191597965064],[-0.20000000000001172,-0.2,-0.06490950851360718],[-0.20000000000001172,-0.2,-0.06480140853630773],[-0.20000000000001172,-0.2,-0.06473221104888731],[-0.20000000000001172,-0.2,-0.06469845617697491]]"
1782756167.0559692,TRACKING,MPC tracking AprilTag,Walk,True,fresh_solve,0,11,77.33314514160156,0.1849675719206203,-0.03200548807111801,3.1458076916475513,3.1514033995599124,0.0587304989113818,0.9944545771141982,-0.010527818103770315,-0.10463870747765967,0.008659456454690203,0.9997951568396645,-0.018293664855898707,0.10480986533018076,0.017286104417263748,0.9943420350782445,3.1862481319092333,0.7506161531758697,0.25092374006647167,-2.1728291279454073,5.3147798897105245,1.0161833278847598,3.08452450505116,0.11000073671526317,0.03342494271787144,0.10172362685807324,0.6406154164606066,0.21749879734860023,0.2,-0.09707484812945519,-0.08313734968560287,-0.16963311852594826,-0.14369457623208462,-0.08313734968560287,0.281,-0.1544020631992299,0.1254275666164355,2.6862481319092333,0.7506161531758697,0.25092374006647167,optimal,80.72050099963235,False,"[[3.1862481319091764,0.7506161531758697,0.25092374006647167],[3.1462481319091173,0.7203204729418369,0.2342962701293511],[3.1062481319090582,0.6881623266793221,0.21877510809095702],[3.066248131908999,0.6545143816987591,0.20413888895304244],[3.02624813190894,0.6196748153746792,0.19021049486238442],[2.9862481319088814,0.5838822240144378,0.17684819921812273],[2.9462481319088223,0.5473275526735822,0.16393858034171707],[2.906248131908763,0.5101636424086291,0.1513908503930199],[2.866248131908704,0.4725128723298901,0.13913231597826903],[2.826248131908645,0.4344732785569878,0.1271047434803997],[2.786248131908586,0.3961234560248365,0.11526144737819122],[2.746248131908527,0.35752648823038796,0.10356495597020582],[2.7062481319084677,0.31873310140747924,0.09198513778971701],[2.6662481319084086,0.2797842008385243,0.08049769503137306],[2.6262481319083495,0.2407129161186347,0.06908294866092954],[2.5862481319082904,0.2015462576353755,0.05772485446353699],[2.5462481319082313,0.1623064670881431,0.04641020083299852],[2.506248131908172,0.12301212957313529,0.035127948191459944],[2.4662481319081135,0.08367910283816109,0.023868677010517068],[2.4262481319080544,0.04432131017003119,0.012624116834795479],[2.3862481319079953,0.004951436558898525,0.0013867327591818384]]","[[-0.20000000000001142,-0.15147840117016445,-0.08313734968560287],[-0.20000000000001136,-0.16079073131257382,-0.07760581019197042],[-0.20000000000001136,-0.16823972490281477,-0.07318109568957282],[-0.20000000000001136,-0.17419783162039945,-0.06964197045329018],[-0.20000000000001136,-0.17896295680120705,-0.06681147822130837],[-0.20000000000001136,-0.18277335670427797,-0.06454809438202828],[-0.20000000000001136,-0.1858195513247657,-0.06273864974348596],[-0.20000000000001136,-0.18825385039369472,-0.06129267207375424],[-0.20000000000001136,-0.1901979688645114,-0.060137862489346564],[-0.20000000000001136,-0.19174911266075662,-0.05921648051104254],[-0.20000000000001136,-0.1929848389722426,-0.058482457039926966],[-0.20000000000001136,-0.19396693411454366,-0.057899090902444064],[-0.20000000000001136,-0.19474450284477487,-0.05743721379171969],[-0.20000000000001136,-0.19535642359944777,-0.05707373185221762],[-0.20000000000001136,-0.19583329241629602,-0.05679047098696275],[-0.20000000000001136,-0.196198952736162,-0.05657326815269235],[-0.20000000000001136,-0.19647168757503905,-0.05641126320769289],[-0.20000000000001136,-0.196665133674871,-0.05629635590471439],[-0.20000000000001136,-0.19678896334064946,-0.05622280087860794],[-0.20000000000001136,-0.19684936805566333,-0.0561869203780682]]"
1782756167.3234718,TRACKING,MPC tracking AprilTag,Walk,True,fresh_solve,0,11,77.02056121826172,0.28075180538666633,-0.05055403609893907,3.0464240005781216,3.059751048384847,0.09189824422957549,0.9919940820097444,-0.0010554166915405245,-0.12627995626088817,0.0020637143836131386,0.9999670268554861,0.007854061671673015,0.1262675031058565,-0.008051788460136825,0.9919635509241284,3.155534961810435,0.6914662255841598,0.2026371977873464,-2.141440079807826,5.362705641831452,1.045673068632171,3.027332992886122,0.10664201737356657,0.003935201970460379,0.12820196892431301,0.5848242082105932,0.19870199581688602,0.2,-0.10737194427574218,-0.07495432784634282,-0.17429889350779038,-0.1454256859688585,-0.07495432784634282,0.281,-0.1670674914591629,0.11544427997253823,2.655534961810435,0.6914662255841598,0.2026371977873464,optimal,97.98957400016661,False,"[[3.155534961810379,0.6914662255841598,0.2026371977873464],[3.115534961810321,0.6613249935614955,0.18764633221807783],[3.075534961810263,0.6300619920089265,0.17396465223616134],[3.035534961810205,0.5979016796963007,0.16133019834046458],[2.995534961810147,0.5650236498554626,0.14953337233416625],[2.9555349618100886,0.5315716098418464,0.13840645741491486],[2.915534961810031,0.49766056650224727,0.1278152323347114],[2.8755349618099726,0.46338257651716147,0.11765226033750913],[2.8355349618099144,0.4288113492348106,0.10783151732141147],[2.795534961809856,0.3940059321385532,0.09828409063357703],[2.7555349618097984,0.35901366322105255,0.08895473343757757],[2.71553496180974,0.3238725378839095,0.07979910237157661],[2.675534961809682,0.2886131087077431,0.07078154038023761],[2.6355349618096238,0.2532600130812209,0.0618732938619571],[2.595534961809566,0.21783320507049297,0.05305107498878455],[2.555534961809508,0.1823489531224989,0.044295897315024826],[2.5155349618094496,0.14682065348731507,0.03559212645495344],[2.4755349618093914,0.11125950003065829,0.026926698363530312],[2.4355349618093336,0.0756750439271718,0.018288466134147783],[2.3955349618092754,0.0400756712191573,0.009667642653300218],[2.355534961809217,0.004469022118690112,0.0010553112449087343]]","[[-0.20000000000001122,-0.15070616011332166,-0.07495432784634282],[-0.2000000000000112,-0.15631500776284454,-0.06840839990958246],[-0.2000000000000112,-0.16080156156312944,-0.06317226947848374],[-0.2000000000000112,-0.1643901492041906,-0.058984130031491756],[-0.2000000000000112,-0.16726020006808104,-0.055634574596256876],[-0.2000000000000112,-0.16955521669799534,-0.05295612540101738],[-0.2000000000000112,-0.17138994992542916,-0.05081485998601128],[-0.2000000000000112,-0.17285613641175424,-0.049103715080488275],[-0.2000000000000112,-0.1740270854812868,-0.04773713343917222],[-0.2000000000000112,-0.17496134458750348,-0.0466467859799973],[-0.2000000000000112,-0.1757056266857151,-0.045778155330004774],[-0.2000000000000112,-0.17629714588083226,-0.04508780995669502],[-0.2000000000000112,-0.17676547813261081,-0.04454123259140255],[-0.2000000000000112,-0.17713404005363967,-0.044111094365862746],[-0.2000000000000112,-0.1774212597399703,-0.04377588836879861],[-0.2000000000000112,-0.1776414981759192,-0.04351885430035693],[-0.2000000000000112,-0.17780576728328387,-0.04332714045711563],[-0.2000000000000112,-0.17792228051743247,-0.04319116114691264],[-0.2000000000000112,-0.1779968635400725,-0.04310411740423782],[-0.2000000000000112,-0.17803324550233593,-0.04306165704195742]]"
1782756167.5614202,TRACKING,MPC tracking AprilTag,Walk,True,fresh_solve,0,11,77.4820327758789,0.3403812186881474,-0.0424794374789514,2.9945301869879284,3.014112625205985,0.11318187211355296,0.9968705497571383,0.00869466707995325,-0.07857168568428297,-0.007090997306857692,0.9997612826443419,0.020666288552477836,0.07873261575798887,-0.020044462819165717,0.9966942333164148,3.101449180673951,0.6530187726495484,0.17071887535243932,-2.0961003496321067,5.405356968539398,1.0682861752716235,2.9677694160975014,0.08855867911700938,-0.018677904668992218,0.1336797645764496,0.564460093532539,0.18939678002143154,0.2,-0.11346843609714839,-0.06683444004920253,-0.17781533283366638,-0.1457970966774891,-0.06683444004920253,0.281,-0.1745661763994925,0.10553801686002709,2.601449180673951,0.6530187726495484,0.17071887535243932,optimal,86.27333299955353,False,"[[3.101449180673897,0.6530187726495484,0.17071887535243932],[3.0614491806738404,0.6230944394277985,0.1573519873425988],[3.021449180673784,0.5924987995870677,0.14528418422874745],[2.9814491806737276,0.5613661772054043,0.1342555275922458],[2.941449180673671,0.5298040472338097,0.12405803633832187],[2.9014491806736147,0.4978984092437889,0.11452528764133256],[2.8614491806735582,0.4657180874059258,0.10552409580348156],[2.821449180673502,0.43331817169841186,0.0969478529699294],[2.7814491806734454,0.4007427724059562,0.08871119873605161],[2.741449180673389,0.36802722563402074,0.0807457521272074],[2.701449180673333,0.3351998601140934,0.07299669255000767],[2.6614491806732765,0.30228341364026273,0.06542001876264555],[2.62144918067322,0.2692961699589218,0.05798034881280605],[2.5814491806731636,0.2362528729560884,0.05064915094005031],[2.541449180673107,0.20316546385170559,0.04340331698779365],[2.5014491806730508,0.17004367826063893,0.03622400699547636],[2.4614491806729943,0.1368955329734199,0.02909570720053567],[2.421449180672938,0.10372772679577223,0.02200545435027768],[2.3814491806728815,0.07054597548889836,0.014942187539242592],[2.341449180672825,0.0373552975575393,0.007896195163931771],[2.3014491806727686,0.004160265175211875,0.0008586293426327832]]","[[-0.20000000000001092,-0.14962166610874936,-0.06683444004920253],[-0.20000000000001086,-0.15297819920365394,-0.060339015569256776],[-0.20000000000001086,-0.15566311190831747,-0.0551432831825083],[-0.20000000000001086,-0.1578106498579731,-0.050987456269619674],[-0.20000000000001086,-0.15952818995010365,-0.04766374348494647],[-0.20000000000001086,-0.16090160918931565,-0.045005959189255026],[-0.20000000000001086,-0.16199957853756966,-0.042881214167760764],[-0.20000000000001086,-0.1628769964622784,-0.041183271169388976],[-0.20000000000001086,-0.16357773385967733,-0.03982723304422106],[-0.20000000000001086,-0.1641368275996364,-0.03874529788599865],[-0.20000000000001086,-0.1645822323691535,-0.03788336893681059],[-0.20000000000001086,-0.16493621840670453,-0.037198349749197494],[-0.20000000000001086,-0.16521648501416705,-0.03665598936377871],[-0.20000000000001086,-0.16543704552191418,-0.03622916976128329],[-0.20000000000001086,-0.16560892795533325,-0.03589654996158648],[-0.20000000000001086,-0.16574072643609525,-0.035641498974703416],[-0.20000000000001086,-0.16583903088823823,-0.03545126425128996],[-0.20000000000001086,-0.16590875653436937,-0.03531633405517543],[-0.20000000000001086,-0.16595338965679526,-0.03522996187655411],[-0.20000000000001086,-0.16597516191163716,-0.035187829106494935]]"
1782756167.760614,TRACKING,MPC tracking AprilTag,Walk,True,fresh_solve,0,11,77.5868911743164,0.3957195871899029,-0.03838704133875695,2.916987913765809,2.9439575482136795,0.13483719685869425,0.9983347240789007,0.00446008405950449,-0.05751422735712758,-0.0038557630295789702,0.99993623573131,0.010614026707986977,0.05755789945580833,-0.010374590193365847,0.9982882630225374,3.0464349466001597,0.6281196160926894,0.13857526872363382,-2.053334691707707,5.428313664949458,1.0926796269174608,2.9265672373810356,0.06290147980011512,-0.0430713563148295,0.11986770921912404,0.5652181362925743,0.18164662503846332,0.2,-0.11930810986478785,-0.058747965017739025,-0.18160247099571644,-0.14579083512950414,-0.058747965017739025,0.281,-0.18174897513368907,0.09567251732164161,2.5464349466001597,0.6281196160926894,0.13857526872363382,optimal,83.77637800003868,False,"[[3.0464349466001073,0.6281196160926894,0.13857526872363382],[3.0064349466000526,0.5984482714809424,0.12682567572008602],[2.9664349465999975,0.56836741727321,0.11636982196979086],[2.926434946599943,0.5379589936699574,0.10694883868237094],[2.886434946599888,0.5072885624018728,0.0983556005905926],[2.8464349465998335,0.47640858481640375,0.09042436968700426],[2.806434946599779,0.44536104494512796,0.08302250832356387],[2.766434946599724,0.4141795487053331,0.0760438473292367],[2.7264349465996696,0.3828910041958806,0.06940337755144378],[2.686434946599615,0.35151696710214947,0.06303299939843279],[2.6464349465995602,0.3200747184803044,0.05687811785969052],[2.6064349465995056,0.2885781288101044,0.05089491275541719],[2.566434946599451,0.257038351518891,0.04504814772753648],[2.5264349465993963,0.22546438065295474,0.0393094084217917],[2.4864349465993416,0.19386350057985027,0.033655681770032954],[2.446434946599287,0.16224165020677372,0.028068205336809635],[2.4064349465992323,0.13060371992592262,0.022531529197597926],[2.3664349465991776,0.09895379613410576,0.017032743442574584],[2.3264349465991225,0.06729536555258368,0.011560832681125777],[2.286434946599068,0.03563148956313165,0.0061061252723164094],[2.246434946599013,0.00396495727712841,0.0006598097428433527]]","[[-0.20000000000001059,-0.14835672305873526,-0.058747965017739025],[-0.20000000000001053,-0.15040427103866136,-0.05227926875147577],[-0.20000000000001053,-0.15204211801626372,-0.047104916437099596],[-0.20000000000001053,-0.15335215634042243,-0.04296619045889169],[-0.20000000000001053,-0.15439988792734546,-0.03965615451794167],[-0.20000000000001053,-0.15523769935637893,-0.03700930681720202],[-0.20000000000001053,-0.15590748119897455,-0.03489330497163578],[-0.20000000000001053,-0.15644272254726205,-0.03320234888896461],[-0.20000000000001053,-0.15687018546865583,-0.03185189076505497],[-0.20000000000001053,-0.15721124310922557,-0.030774407693711373],[-0.20000000000001053,-0.1574829483509998,-0.02991602552136664],[-0.20000000000001053,-0.1576988864560672,-0.029233825139403532],[-0.20000000000001053,-0.15786985432968112,-0.028693696528723892],[-0.20000000000001053,-0.1580044003655223,-0.028268633258793748],[-0.20000000000001053,-0.15810925186538274,-0.027937382166116582],[-0.20000000000001053,-0.15818965140425553,-0.02768338069605854],[-0.20000000000001053,-0.15824961895908427,-0.027493928775116718],[-0.20000000000001053,-0.15829215290761037,-0.02735955380724403],[-0.20000000000001053,-0.1583193799472602,-0.027273537044046836],[-0.20000000000001053,-0.1583326614300162,-0.02723157764736528]]"
1782756167.9752982,TRACKING,MPC tracking AprilTag,Walk,True,fresh_solve,0,11,77.9476089477539,0.4336915493752603,-0.011853857367222873,2.862865605124373,2.8955532022289177,0.15034548825310717,0.9980322532775268,-0.0037350892033757776,-0.062591297529494,0.00642355375811257,0.9990627239503415,0.04280667669932524,0.06237274544943051,-0.04312450256602089,0.9971208140960321,3.000710989436744,0.6053642601078973,0.11023141536973624,-2.0127735203317805,5.4681634311027,1.1126651016087805,2.871812549096071,0.04756731543841364,-0.06305683100614923,0.12889844034067277,0.5577969446694837,0.17328824637588544,0.2,-0.12404776209431234,-0.05092213826075507,-0.18513984815165108,-0.14529653783552687,-0.05092213826075507,0.281,-0.1875787473760042,0.08612500867812117,2.500710989436744,0.6053642601078973,0.11023141536973624,optimal,99.79389000000083,False,"[[3.000710989436693,0.6053642601078973,0.11023141536973624],[2.9607109894366395,0.5759760080149638,0.10004698771758523],[2.920710989436586,0.546403701632832,0.09111459871333352],[2.880710989436533,0.5166841690248759,0.08318372358587858],[2.8407109894364795,0.48684687694317874,0.07605391325795775],[2.8007109894364266,0.4569154041661365,0.06956477189228503],[2.7607109894363733,0.42690862043737793,0.06358793709968687],[2.72071098943632,0.3968416299529459,0.0580206618196434],[2.6807109894362666,0.36672652657109983,0.05278067696726253],[2.6407109894362133,0.3365729985052282,0.04780207797903527],[2.60071098943616,0.3063888127345183,0.04303202958466031],[2.560710989436107,0.2761802033529155,0.03842812404352898],[2.5207109894360538,0.24595218327382048,0.03395626075769478],[2.4807109894360004,0.21570879487575947,0.029588941241976047],[2.440710989435947,0.18545331212131025,0.02530389419969692],[2.400710989435894,0.1551884042552312,0.021082961957853502],[2.3607109894358405,0.12491626926669924,0.016911192583463686],[2.320710989435787,0.09463874378876866,0.01277609228691804],[2.2807109894357342,0.06435739493002379,0.008667000732499352],[2.240710989435681,0.034073598630008264,0.004574558021596746],[2.2007109894356276,0.0037886084562021743,0.0004902366977751579]]","[[-0.2000000000000103,-0.14694126046466732,-0.05092213826075507],[-0.20000000000001025,-0.1478615319106595,-0.04466194502125855],[-0.20000000000001025,-0.14859766303978034,-0.03965437563727465],[-0.20000000000001025,-0.14918646040848582,-0.03564905163960416],[-0.20000000000001025,-0.14965736388521125,-0.03244570682836357],[-0.20000000000001025,-0.15003391864379292,-0.029884173962990836],[-0.20000000000001025,-0.15033495242215988,-0.02783637640021733],[-0.20000000000001025,-0.15057551690923046,-0.026199924261904376],[-0.20000000000001025,-0.15076764032935824,-0.024892994941136323],[-0.20000000000001025,-0.15092092885354957,-0.02385024197187477],[-0.20000000000001025,-0.15104304690801404,-0.02301952770565664],[-0.20000000000001025,-0.15114010039547485,-0.022359316429171026],[-0.20000000000001025,-0.15121694199030508,-0.02183659757859365],[-0.20000000000001025,-0.15127741377224618,-0.021425235211395638],[-0.20000000000001025,-0.15132453933039525,-0.021104661209217092],[-0.20000000000001025,-0.15136067494265976,-0.020858846871949086],[-0.20000000000001025,-0.1513876273896529,-0.020675501482728217],[-0.20000000000001025,-0.1514067442937243,-0.020545457772093444],[-0.20000000000001025,-0.1514189815000776,-0.020462213554513026],[-0.20000000000001025,-0.15142495086903046,-0.020421606619107944]]"
1782756168.204879,TRACKING,MPC tracking AprilTag,Walk,True,fresh_solve,0,11,77.63296508789062,0.48241381241991943,-0.054573873108025285,2.8084286047553904,2.850082914942623,0.1701134056790756,0.999927277938386,0.009030493061330483,-0.007993061353390427,-0.00934951933066491,0.9991228184321052,-0.04081887034904639,0.007617435461841786,0.040890633198276564,0.9991345909303855,2.9646639427696377,0.5256343383308163,0.06266550720008468,-1.9794259553297715,5.5111662552847855,1.130009819554819,2.817915172383478,0.04005893593952081,-0.08040154895218765,0.14674877038615985,0.4855754023912955,0.14306705615227233,0.2,-0.12882440205176363,-0.042100208652793215,-0.1915398680131002,-0.1410964405132837,-0.042100208652793215,0.281,-0.19345401452366925,0.07536225455640772,2.4646639427696377,0.5256343383308163,0.06266550720008468,optimal,79.70355299949006,False,"[[2.9646639427695876,0.5256343383308163,0.06266550720008468],[2.9246639427695356,0.49730887952313213,0.054245465469526036],[2.8846639427694836,0.46957045582179524,0.04723682692500882],[2.844663942769431,0.4423016053290491,0.041357178990284155],[2.804663942769379,0.4154083448075667,0.036380558619592794],[2.764663942769327,0.3888154705185842,0.03212615414537715],[2.7246639427692747,0.36246279803496273,0.028449264694903446],[2.6846639427692227,0.3363021530198316,0.02523406514662497],[2.6446639427691707,0.3102949625097444,0.022387814874104787],[2.6046639427691187,0.2844103262665072,0.01983622071469388],[2.5646639427690663,0.25862347176526834,0.017519722311398683],[2.5246639427690143,0.23291451556827622,0.015390514095031426],[2.4846639427689623,0.20726746915299152,0.013410155005750735],[2.44466394276891,0.18166943948596026,0.01154764644006956],[2.404663942768858,0.1561099843711412,0.009777882320680832],[2.364663942768806,0.13058059034010366,0.008080393792592101],[2.3246639427687534,0.10507424697860607,0.006438325780375917],[2.2846639427687014,0.07958509640588382,0.004837594234398455],[2.2446639427686494,0.05410814038061112,0.003266181928337833],[2.204663942768597,0.028638990388834593,0.0017135375978680055],[2.164663942768545,0.003173648218275727,0.00017004837744246748]]","[[-0.2000000000000101,-0.1416272940384208,-0.042100208652793215],[-0.20000000000001003,-0.13869211850668436,-0.03504319272258609],[-0.20000000000001003,-0.13634425246373066,-0.02939823967362333],[-0.20000000000001003,-0.13446630260741205,-0.024883101853456803],[-0.20000000000001003,-0.13296437144491255,-0.021272022371078184],[-0.20000000000001003,-0.13176336241810727,-0.018384447252368537],[-0.20000000000001003,-0.13080322507565587,-0.016075997741392383],[-0.20000000000001003,-0.13003595255043582,-0.01423125136260091],[-0.20000000000001003,-0.1294231812161861,-0.01275797079705455],[-0.20000000000001003,-0.12893427250619421,-0.011582492016475982],[-0.20000000000001003,-0.12854478098496058,-0.01064604108183628],[-0.20000000000001003,-0.12823523207642357,-0.009901795446403454],[-0.20000000000001003,-0.12799014833515626,-0.009312542828405868],[-0.20000000000001003,-0.12779727557409531,-0.00884882059694364],[-0.20000000000001003,-0.12764697015518767,-0.008487442640443658],[-0.20000000000001003,-0.12753171680748798,-0.008210340061080925],[-0.20000000000001003,-0.1274457528636112,-0.008003657729887302],[-0.20000000000001003,-0.12738478012636353,-0.00785706153030311],[-0.20000000000001003,-0.1273457499588826,-0.007763221652349139],[-0.20000000000001003,-0.12732671085279432,-0.00771744610212769]]"
1782756168.4053016,TRACKING,MPC tracking AprilTag,Walk,True,fresh_solve,0,11,77.1181869506836,0.5000977653463972,-0.05837985267088567,2.744532032035132,2.7903336820117453,0.1802386019311911,0.9998135392193879,0.014174348756612968,0.013113909826111776,-0.014295416844236524,0.999855629642696,0.009184820578398513,-0.012981827716119377,-0.009370576777005701,0.9998718240054648,2.915330392651663,0.4533678119665493,0.01847883608406773,-1.9371392265110474,5.5490248864949505,1.1431024249212374,2.7640280788672085,0.02223691182146914,-0.09349415431860608,0.1513023137844547,0.43113090014508015,0.1119729904026738,0.2,-0.13027653940255382,-0.032740244105777874,-0.19755863241954727,-0.13394985433072845,-0.032740244105777874,0.281,-0.1952401434651412,0.063943097809049,2.415330392651663,0.4533678119665493,0.01847883608406773,optimal,80.10383599958004,False,"[[2.9153303926516148,0.4533678119665493,0.01847883608406773],[2.875330392651564,0.42656881734700636,0.011930787262912156],[2.8353303926515134,0.4009059725474367,0.006880220780650953],[2.7953303926514628,0.37615194139569863,0.003027500183720149],[2.755330392651412,0.35212482840204196,0.0001328813128222862],[2.7153303926513614,0.3286790839846205,-0.0019954749050384436],[2.6753303926513112,0.3056982269903999,-0.0035110944102059935],[2.6353303926512606,0.28308902063750585,-0.004536866307389657],[2.59533039265121,0.26077681067613034,-0.005171187320899532],[2.5553303926511592,0.23870179267604133,-0.005492881630862029],[2.5153303926511086,0.21681602180507104,-0.005565142082226188],[2.4753303926510584,0.19508101558750765,-0.005438689827011134],[2.4353303926510077,0.1734658297803097,-0.005154310381907029],[2.395330392650957,0.15194551116095403,-0.004744892904109585],[2.3553303926509064,0.13049984986630953,-0.004237074649179844],[2.3153303926508557,0.1091123688994807,-0.003652572833822236],[2.275330392650805,0.08776950027996279,-0.0030092704967197956],[2.235330392650755,0.06645990664461661,-0.0023221106504683173],[2.195330392650704,0.04517391437951155,-0.001603843432206143],[2.1553303926506535,0.023903029939229076,-0.0008656636104710795],[2.115330392650603,0.0026395151695917615,-0.00011777032362728963]]","[[-0.20000000000000978,-0.1339949730977148,-0.032740244105777874],[-0.20000000000000973,-0.1283142239978481,-0.02525283241130601],[-0.20000000000000973,-0.12377015575869028,-0.01926360298465402],[-0.20000000000000973,-0.12013556496828347,-0.014473094354489313],[-0.20000000000000973,-0.11722872208710729,-0.01064178108930365],[-0.20000000000000973,-0.11490428497110294,-0.007578097525837749],[-0.20000000000000973,-0.11304603176447024,-0.005128859485918315],[-0.20000000000000973,-0.1115610498068775,-0.003171605067549376],[-0.20000000000000973,-0.11037509000044514,-0.0016084715498124848],[-0.20000000000000973,-0.10942885435485152,-0.0003613022568207975],[-0.20000000000000973,-0.10867503108781693,0.0006322612760752708],[-0.20000000000000973,-0.10807592903598966,0.0014218972255205231],[-0.20000000000000975,-0.10760159309677837,0.0020470873889872226],[-0.20000000000000975,-0.10722830647322247,0.002539091274648704],[-0.20000000000000975,-0.10693740483414417,0.002922509076788041],[-0.20000000000000975,-0.10671434309758955,0.003216511685512201],[-0.20000000000000975,-0.1065479681767309,0.003435799231257391],[-0.20000000000000975,-0.10642996132552526,0.003591336091310872],[-0.20000000000000975,-0.10635442220141236,0.0036908991086753175],[-0.20000000000000975,-0.10631757384818656,0.0037394664342189493]]"
1782756168.6535902,TRACKING,MPC tracking AprilTag,Walk,True,fresh_solve,0,11,77.31782531738281,0.5373303806847949,-0.035574933789512854,2.6851254209489634,2.7385923464705995,0.19750488357091353,0.990890582682958,0.0008167225923353828,0.13466694514406646,-0.006573341383033855,0.9990829919253669,0.04230799485344957,-0.13450890057274995,-0.04280780547592448,0.9899872966139744,2.853156598666679,0.4415266977264249,0.0024116538668146233,-1.8815718777131547,5.581407573912837,1.1638311226569198,2.7082773142970415,-0.009828972645875234,-0.1142228520542885,0.1448792843696376,0.4513556703723001,0.11663450592110311,0.2,-0.12741491520831041,-0.024719828341869258,-0.1996921380177537,-0.12789687498699623,-0.024719828341869258,0.281,-0.19172034570622182,0.05415819057708049,2.353156598666679,0.4415266977264249,0.0024116538668146233,optimal,78.37239499986026,False,"[[2.8531565986666325,0.4415266977264249,0.0024116538668146233],[2.8131565986665836,0.4159471742374298,-0.002532311801559229],[2.773156598666535,0.39133593623730545,-0.006193106909113702],[2.7331565986664863,0.3674992361122157,-0.008827485519770173],[2.693156598666438,0.3442820531420759,-0.010640880872605115],[2.6531565986663894,0.3215603424645492,-0.011797677043803927],[2.6131565986663405,0.2992348328319291,-0.012429428150470202],[2.573156598666292,0.2772260630487546,-0.012641436056480906],[2.533156598666243,0.25547040891203693,-0.012518015465680226],[2.4931565986661948,0.23391690200111026,-0.01212670965707178],[2.453156598666146,0.21252468125659818,-0.011521667648768795],[2.4131565986660974,0.19126094992744502,-0.010746351648899777],[2.373156598666049,0.17009933573336314,-0.009835710166014925],[2.333156598666,0.1490185722508184,-0.008817925434513648],[2.2931565986659517,0.12800143559185354,-0.007715822526364534],[2.253156598665903,0.10703388320969026,-0.00654801060470378],[2.2131565986658543,0.0861043517713904,-0.005329813381992],[2.1731565986658055,0.06520317899120895,-0.004074035305637256],[2.133156598665757,0.04432212051630677,-0.002791601780365463],[2.093156598665708,0.023453937709108738,-0.0014921054384566836],[2.0531565986656597,0.0025920357154249275,-0.00018428577135912944]]","[[-0.2000000000000094,-0.12789761744497558,-0.024719828341869258],[-0.20000000000000936,-0.12305619000062162,-0.018303975537772365],[-0.20000000000000936,-0.1191835006254489,-0.01317189305328235],[-0.20000000000000936,-0.11608591485069876,-0.009066976764174709],[-0.20000000000000936,-0.1136085533876337,-0.005783980855994061],[-0.20000000000000936,-0.11162754816310048,-0.003158755533331377],[-0.20000000000000936,-0.11004384891587243,-0.0010600395300535204],[-0.20000000000000936,-0.10877827068358813,0.0006171029540034015],[-0.20000000000000936,-0.1077675345546334,0.0019565290430422345],[-0.20000000000000936,-0.10696110372256049,0.00302521004151492],[-0.20000000000000936,-0.10631865664576573,0.003876579999345093],[-0.20000000000000936,-0.10580807097040941,0.0045532074144242615],[-0.20000000000000936,-0.10540381741272371,0.005088923657506383],[-0.20000000000000936,-0.10508568329482433,0.005510514540745567],[-0.20000000000000936,-0.10483776191081633,0.005839059608303769],[-0.20000000000000936,-0.10464765719149927,0.0060909861135589015],[-0.20000000000000936,-0.10450586390090731,0.006278890381773719],[-0.20000000000000936,-0.10440529237451089,0.0064121676263589646],[-0.20000000000000936,-0.10434091403599013,0.006497481709543899],[-0.20000000000000936,-0.10430950996841903,0.00653909833548777]]"
1782756168.8707542,TRACKING,MPC tracking AprilTag,Walk,True,fresh_solve,0,11,77.33241271972656,0.5586773218062759,-0.03218825951783465,2.6467346357655646,2.7052468771098317,0.2080280076646117,0.9760171534940743,-0.016397026604233672,0.21707522567963572,-0.005330116764754667,0.9950603764879079,0.09912838644413098,-0.2176283665807351,-0.09790804186726922,0.9711085981480744,2.8053832656893927,0.389421377268779,-0.030161122408255515,-1.8470910679127572,5.62575640833351,1.1762362745743142,2.6526483846566613,-0.017649941002103042,-0.12662800397168295,0.15273488103273136,0.40707131827088205,0.09646688156342743,0.19628649069187135,-0.12610138854063854,-0.016681396077988908,-0.20000000000000911,-0.12012471277802719,-0.016681396077988908,0.27643238355100175,-0.1901047079049854,0.044351303215146465,2.3053832656893927,0.389421377268779,-0.030161122408255515,optimal,95.40767500038783,False,"[[2.8053832656893474,0.389421377268779,-0.030161122408255515],[2.7653832656893003,0.36539643471317357,-0.0334974016238533],[2.725383265689253,0.3426149451198622,-0.0355476278541972],[2.685383265689206,0.32082810165745973,-0.036569131917546724],[2.645383265689159,0.2998368298011267,-0.03676780852381165],[2.605383265689112,0.27948183360632683,-0.036308411010047524],[2.5653832656890647,0.2596356309116007,-0.03532278900730844],[2.5253832656890176,0.24019617923049247,-0.03391648092219975],[2.48538326568897,0.22108177362722725,-0.032173990857208325],[2.445383265688923,0.20222696146992228,-0.030163013815826895],[2.405383265688876,0.18357926979899283,-0.027937820452728686],[2.3653832656888287,0.1650965816791729,-0.025541970606501097],[2.3253832656887816,0.14674503035275205,-0.02301049129157505],[2.2853832656887345,0.12849730590168967,-0.020371628048946544],[2.2453832656886874,0.11033128975171322,-0.017648257223226455],[2.2053832656886403,0.09222894874360432,-0.014859029779871087],[2.165383265688593,0.07417543347523807,-0.012019303853454968],[2.125383265688546,0.05615833583147663,-0.0091419126543996],[2.085383265688499,0.03816706857841245,-0.006237806129494515],[2.045383265688452,0.020192336001672816,-0.0033165984592367624],[2.0053832656884047,0.00222566912070126,-0.0003870487668557572]]","[[-0.20000000000000911,-0.12012471277802719,-0.016681396077988908],[-0.2000000000000091,-0.11390744796655698,-0.01025113115171952],[-0.2000000000000091,-0.10893421731201211,-0.005107520316747623],[-0.2000000000000091,-0.10495635928166533,-0.0009933830313246204],[-0.2000000000000091,-0.10177498097399929,0.0022969875688206368],[-0.2000000000000091,-0.09923101347363068,0.0049281100136954106],[-0.2000000000000091,-0.09719725840554111,0.007031540425543442],[-0.2000000000000091,-0.09557202801632607,0.008712450324957129],[-0.2000000000000091,-0.0942740607865248,0.01005488520690716],[-0.2000000000000091,-0.09323845835464727,0.011125966815491033],[-0.2000000000000091,-0.09241344059909957,0.011979249231137945],[-0.2000000000000091,-0.09175775663210435,0.012657396574630239],[-0.2000000000000091,-0.0912386222553118,0.01319431621314253],[-0.2000000000000091,-0.09083008074988233,0.013616854128600435],[-0.2000000000000091,-0.09051170504054445,0.013946137216776847],[-0.2000000000000091,-0.0902675763418313,0.014198629632080587],[-0.2000000000000091,-0.09008548821880719,0.014386955995276842],[-0.2000000000000091,-0.0899563362653209,0.014520532624525424],[-0.2000000000000091,-0.08987366288369815,0.014606038351288762],[-0.2000000000000091,-0.08983333440485779,0.014647748461905025]]"
1782756169.1146934,TRACKING,MPC tracking AprilTag,Walk,True,fresh_solve,0,11,77.3084716796875,0.568713923049666,-0.06585400940058747,2.5696896143931798,2.63269386582353,0.21780538799763896,0.9781891904722031,-0.03024087612272034,0.20550279086831447,-0.0040302713937614715,0.9863959122245239,0.16433764407232435,-0.20767682719992747,-0.1615815390385907,0.9647599399260377,2.7609795430997637,0.3140253599987449,-0.07435368455218673,-1.8048358053878326,5.675318372563222,1.1855470237144579,2.5886274975830608,-0.02961746069779353,-0.13593875311182668,0.1723520455167029,0.34364282069653845,0.06158506855963995,0.19130443757097193,-0.1241718425980119,-0.007909051384376935,-0.20000000000000884,-0.10961767343146725,-0.007909051384376935,0.2703044582122955,-0.18773136639555463,0.03364904268893986,2.2609795430997637,0.3140253599987449,-0.07435368455218673,optimal,89.43023999927391,False,"[[2.7609795430997197,0.3140253599987449,-0.07435368455218673],[2.720979543099674,0.2921018253124515,-0.07593549482906212],[2.680979543099628,0.27185929120863983,-0.0761138349129263],[2.6409795430995824,0.25296140042960386,-0.07516953003983988],[2.6009795430995366,0.23513902788387633,-0.07332727319801598],[2.560979543099491,0.21817682439165526,-0.07076685977723081],[2.520979543099445,0.20190244922581413,-0.06763217733831252],[2.4809795430993993,0.18617795307554535,-0.06403839999118262],[2.440979543099354,0.17089288058082,-0.060077747100352026],[2.400979543099308,0.15595874756438627,-0.05582409425314662],[2.3609795430992624,0.14130461682290693,-0.05133666703907356],[2.3209795430992166,0.12687355126679253,-0.04666300232929659],[2.280979543099171,0.11261976706572185,-0.04184132512019429],[2.240979543099125,0.09850634445712582,-0.03690245978317895],[2.2009795430990793,0.08450338175805913,-0.031871371283267225],[2.1609795430990335,0.07058650028105291,-0.026768413427330946],[2.1209795430989877,0.05673562539974137,-0.02161034655444071],[2.080979543098942,0.04293398281754339,-0.016411175552819426],[2.040979543098896,0.029167259852833565,-0.011182850104253435],[2.0009795430988504,0.015422889804860888,-0.005935862168181861],[1.9609795430988046,0.001689423618711212,-0.000679770579668538]]","[[-0.20000000000000884,-0.10961767343146725,-0.007909051384376935],[-0.2000000000000088,-0.10121267051905825,-0.0008917004193208833],[-0.2000000000000088,-0.09448945389517972,0.004721524365432048],[-0.2000000000000088,-0.08911186272863778,0.009211284209119507],[-0.2000000000000088,-0.08481101746110528,0.012802067103925863],[-0.2000000000000088,-0.08137187582920563,0.015673412194591438],[-0.2000000000000088,-0.07862248075134384,0.017968886735649506],[-0.2000000000000088,-0.07642536247362683,0.019803264454152973],[-0.2000000000000088,-0.07467066508216873,0.021268264236027016],[-0.2000000000000088,-0.07327065370739663,0.022437136070365328],[-0.2000000000000088,-0.07215532778057195,0.023368323548884837],[-0.2000000000000088,-0.07126892100535343,0.02410838604551151],[-0.2000000000000088,-0.07056711304298016,0.024694326685076682],[-0.2000000000000088,-0.07001481349533348,0.025155442499558613],[-0.2000000000000088,-0.06958440738503104,0.025514789279681396],[-0.2000000000000088,-0.06925437440655774,0.025790334364451176],[-0.2000000000000088,-0.0690082129109899,0.025995855008106437],[-0.2000000000000088,-0.06883361482354912,0.026141627242829944],[-0.2000000000000088,-0.06872185023986338,0.02623493968035787],[-0.2000000000000088,-0.06866733093074838,0.026280457942566615]]"
1782756169.316832,TRACKING,MPC tracking AprilTag,Walk,True,fresh_solve,0,11,77.14170837402344,0.5611861275437469,-0.06018768761008434,2.501964931906671,2.564835462164805,0.22064631944216095,0.9950825137986554,0.006426867506963675,0.09884071077342968,-0.012223385369834312,0.9982329165641216,0.058151811132483716,-0.09829231700519306,-0.05907401850166849,0.993402678049448,2.701287611462011,0.2939148746754927,-0.08994920137313121,-1.7651797877025937,5.707699156255189,1.195965676617633,2.540800807658858,-0.04788553728106221,-0.14635740601500172,0.16048680380315306,0.3418004119565549,0.056408204641870505,0.19016503005409455,-0.11804510607932348,-0.00035886389663290216,-0.20000000000000845,-0.10048574886395595,-0.00035886389663290216,0.2689029869665363,-0.18019548047756787,0.02443781395389214,2.201287611462011,0.2939148746754927,-0.08994920137313121,optimal,91.22487000058754,False,"[[2.701287611461969,0.2939148746754927,-0.08994920137313121],[2.661287611461925,0.2738177249027015,-0.0900209741524578],[2.6212876114618813,0.2551815738005008,-0.08888480726903819],[2.5812876114618373,0.23771408505950847,-0.0867824015745377],[2.5412876114617933,0.22118135548840262,-0.08390714598006761],[2.5012876114617493,0.20539621985435577,-0.08041378690174071],[2.4612876114617057,0.19020889262139345,-0.07642616558147693],[2.4212876114616617,0.17549947867359536,-0.07204341014909937],[2.3812876114616177,0.1611719785592994,-0.06734489202882546],[2.341287611461574,0.14714948851851858,-0.06239419451047779],[2.30128761146153,0.1333703552949417,-0.057242291913975264],[2.261287611461486,0.11978509347311772,-0.051930098305329055],[2.221287611461442,0.10635391120768327,-0.04649051319994313],[2.1812876114613986,0.09304472063109445,-0.0409500665383845],[2.1412876114613546,0.07983153346024964,-0.035330245183411504],[2.1012876114613106,0.0666931615823344,-0.029648567263111807],[2.0612876114612666,0.05361215764918082,-0.023919458077306707],[2.021287611461223,0.040573942709859014,-0.018154971362542235],[1.981287611461179,0.027566077263130723,-0.012365391978916467],[1.941287611461135,0.014577639282387351,-0.0065597501530844015],[1.9012876114610913,0.00159867811431955,-0.0007462729895907289]]","[[-0.20000000000000848,-0.10048574886395596,-0.00035886389663290216],[-0.20000000000000845,-0.09318075551100337,0.005680834417098028],[-0.20000000000000845,-0.08733744370496184,0.0105120284725024],[-0.20000000000000845,-0.08266364785552931,0.014376277972350436],[-0.20000000000000845,-0.07892567817023415,0.017466795391634538],[-0.20000000000000845,-0.07593663616481158,0.019938106601318905],[-0.20000000000000845,-0.0735470697389905,0.021913777161887766],[-0.20000000000000845,-0.07163750057147984,0.023492590601369556],[-0.20000000000000845,-0.07011245020390408,0.02475348759173836],[-0.20000000000000845,-0.06889566611788442,0.025759512982512632],[-0.20000000000000845,-0.06792630910911988,0.026560968043231076],[-0.20000000000000845,-0.06715591132717223,0.027197925526929612],[-0.20000000000000845,-0.0665459528829441,0.027702233307793173],[-0.20000000000000845,-0.06606593585422407,0.028099106774864935],[-0.20000000000000845,-0.06569185938957615,0.02840838960149849],[-0.20000000000000845,-0.06540501966576794,0.028645545929025507],[-0.20000000000000845,-0.06519107469660902,0.028822433573822345],[-0.20000000000000845,-0.06503932723364146,0.02894789691812884],[-0.20000000000000845,-0.06494218990371686,0.029028209129160324],[-0.20000000000000845,-0.064894805840339,0.02906738581746836]]"
1782756169.5718033,TRACKING,MPC tracking AprilTag,Walk,True,fresh_solve,0,11,77.16545867919922,0.5595581715134236,-0.038136103326655936,2.436553316423365,2.500270340074866,0.22573739075322005,0.9783101983619485,0.014696142024260905,0.20662327843349965,-0.00025893872061317786,0.9975661347729726,-0.06972617661144478,-0.20714509101531647,0.06816032690439633,0.975932928589123,2.643936284198043,0.2904151201156184,-0.09839234302260152,-1.710926069362286,5.750679086075481,1.2054401559108916,2.476513885947786,-0.07353572281686427,-0.1558318853082603,0.16742239825025695,0.36395084293248264,0.05743954228565879,0.1898561177979002,-0.11261052765184515,0.005830715180970208,-0.20000000000000814,-0.09341561113279663,0.005830715180970208,0.2685230248914172,-0.17351094901176953,-0.031113472520783655,2.143936284198043,0.2904151201156184,-0.09839234302260152,optimal,96.47223899992241,False,"[[2.6439362841980025,0.2904151201156184,-0.09839234302260152],[2.6039362841979603,0.27173199788905905,-0.09722619998640748],[2.5639362841979185,0.254180013107816,-0.09506979835389681],[2.5239362841978763,0.23753283254323942,-0.09212128241445769],[2.483936284197834,0.22160936317751292,-0.08853919074213185],[2.4439362841977923,0.20626469755276247,-0.0844503831243167],[2.40393628419775,0.19138286839816301,-0.07995638355113519],[2.363936284197708,0.17687105026639688,-0.07513845641494192],[2.323936284197666,0.16265491826128817,-0.07006166972994095],[2.283936284197624,0.1486749317929938,-0.06477814853289593],[2.2439362841975816,0.13488335754851147,-0.0593296811349683],[2.2039362841975394,0.12124188282602938,-0.05374980853727538],[2.1639362841974976,0.10771969989983585,-0.04806550148094622],[2.1239362841974554,0.09429196563403355,-0.042298508984178064],[2.083936284197413,0.08093855932574477,-0.0364664457931462],[2.0439362841973714,0.06764307666996741,-0.030583673119312746],[2.003936284197329,0.05439200954432501,-0.024662016699999716],[1.9639362841972872,0.04117407060294781,-0.01871135808525516],[1.923936284197245,0.02797962890917932,-0.012740128715355556],[1.883936284197203,0.014800228388743503,-0.006755731492819618],[1.843936284197161,0.0016281650260309387,-0.0007649109275342482]]","[[-0.20000000000000814,-0.09341561113279663,0.005830715180970208],[-0.20000000000000812,-0.08775992390621527,0.010782008162553331],[-0.20000000000000812,-0.0832359028228828,0.014742579697195628],[-0.20000000000000812,-0.07961734682863258,0.017910458361629206],[-0.20000000000000812,-0.07672332812375213,0.02044403808907575],[-0.20000000000000812,-0.07440914577299738,0.022469997865907584],[-0.20000000000000812,-0.07255909065883065,0.0240896356809663],[-0.20000000000000812,-0.07108066002554357,0.025383933425004834],[-0.20000000000000812,-0.0698999323414718,0.026417605985225117],[-0.20000000000000812,-0.06895787122241173,0.02724233698963816],[-0.20000000000000812,-0.06820737361241037,0.02789936298846461],[-0.20000000000000812,-0.06761091463096766,0.028421535281645798],[-0.20000000000000812,-0.06713867132901145,0.028834962483840775],[-0.20000000000000812,-0.06676703154144394,0.029160315955159295],[-0.20000000000000812,-0.06647741327888675,0.029413863369167285],[-0.20000000000000812,-0.06625533562821202,0.029608282096565144],[-0.20000000000000812,-0.06608969470688601,0.029753293073722768],[-0.20000000000000812,-0.06597220846884243,0.029856146849498028],[-0.20000000000000812,-0.06589700260217908,0.02992198611267969],[-0.20000000000000812,-0.06586031681356282,0.029954102826426847]]"
1782756169.7591424,TRACKING,MPC tracking AprilTag,Walk,True,fresh_solve,0,11,76.70413970947266,0.563202097623291,-0.05095139547319301,2.387075416543078,2.45314526511013,0.23170080272179286,0.9758975824679134,0.0455897970967943,0.21341386771706147,-0.004164724358612301,0.9816479379193871,-0.19065670995176637,-0.21818928388969763,0.18517261238986804,0.9581777183886153,2.5965461235005667,0.24256972233086163,-0.12160904014228432,-1.6896050555704563,5.787017246716516,1.209727313605523,2.4343844435000377,-0.07393274539427236,-0.16011904300289184,0.162161680000529,0.316502467725134,0.03851000286060752,0.18819423227260684,-0.10877656651603812,0.011915125130046859,-0.20000000000000787,-0.08514347000029311,0.011915125130046859,0.2664789056953064,-0.1687951768147269,-0.03853645265865717,2.0965461235005667,0.24256972233086163,-0.12160904014228432,optimal,83.68796600007045,False,"[[2.5965461235005276,0.24256972233086163,-0.12160904014228432],[2.556546123500487,0.225541028330803,-0.11922601511627495],[2.5165461235004463,0.20983577793873495,-0.11586955729620219],[2.476546123500406,0.19518915871654682,-0.11173444423811478],[2.4365461235003654,0.18138928978462204,-0.10697652073616076],[2.3965461235003245,0.16826662777785711,-0.10172049106229483],[2.356546123500284,0.1556854896774066,-0.0960661541798761],[2.3165461235002436,0.1435372686597408,-0.09009339369183603],[2.2765461235002027,0.1317350037554692,-0.08386617202082501],[2.2365461235001622,0.12020903180087096,-0.07743572853034489],[2.196546123500122,0.108903504279709,-0.07084314149292406],[2.156546123500081,0.097773594897418,-0.0641213820037439],[2.1165461235000405,0.08678325826637621,-0.05729696253539778],[2.0765461235,0.07590342763652431,-0.0503912625615208],[2.036546123499959,0.06511056155786252,-0.04342159753047152],[1.9965461234999187,0.054385466807950505,-0.036402084637749854],[1.956546123499878,0.04371233873078547,-0.02934434868577214],[1.9165461234998376,0.03307797100400196,-0.02225810332399188],[1.8765461234997969,0.02247109532275358,-0.015151636731372466],[1.8365461234997562,0.011881817984470702,-0.008032226025335324],[1.7965461234997158,0.0013011252037319727,-0.0009065011176309995]]","[[-0.20000000000000787,-0.08514347000029311,0.011915125130046859],[-0.2000000000000078,-0.07852625196034031,0.01678228910036385],[-0.2000000000000078,-0.0732330961109406,0.020675565290437042],[-0.2000000000000078,-0.06899934465962396,0.023789617509770083],[-0.2000000000000078,-0.06561331003382456,0.02628014836932963],[-0.2000000000000078,-0.06290569050225246,0.028271684412093656],[-0.2000000000000078,-0.06074110508832903,0.02986380244020037],[-0.2000000000000078,-0.059011324521358106,0.0311361083550551],[-0.2000000000000078,-0.05762985977299114,0.032152217452400586],[-0.2000000000000078,-0.05652763760580979,0.0329629351871041],[-0.2000000000000078,-0.05564954691145498,0.033608797445900826],[-0.2000000000000078,-0.05495168315520898,0.03412209734173059],[-0.2000000000000078,-0.054399153149259485,0.034528499869384895],[-0.2000000000000078,-0.053964330393309015,0.03484832515524643],[-0.2000000000000078,-0.05362547374956005,0.0350975644636083],[-0.2000000000000078,-0.05336564038582514,0.03528867975988858],[-0.2000000000000078,-0.053171838633917556,0.03543122680890129],[-0.2000000000000078,-0.053034378406241894,0.035532332963097074],[-0.2000000000000078,-0.05294638669141438,0.035597053530185704],[-0.2000000000000078,-0.052903463903693645,0.03562862453852162]]"
1782756170.0041807,TRACKING,MPC tracking AprilTag,Walk,True,fresh_solve,0,11,77.09422302246094,0.5288360392978294,-0.07038056623568151,2.333619999873909,2.393826076467414,0.22285220793696733,0.9350815840768393,0.011649492721670113,0.35424104849618526,-0.0020148543338840566,0.9996182676072258,-0.02755466254451194,-0.3544268210538843,0.025052113389022804,0.9347481051772083,2.5369660037954613,0.20309430916837157,-0.14107769833437897,-1.6461483488682611,5.837786745762247,1.2011932493532245,2.368718136088824,-0.08634094678412052,-0.15158497875059318,0.16824786770663724,0.2894352559524921,0.01050728041621421,0.18725798917252745,-0.10385031481537899,0.0176882425061028,-0.2000000000000075,-0.07648818468357538,0.0176882425061028,0.26532732668220876,-0.16273588722291615,-0.04557965585744542,2.0369660037954613,0.20309430916837157,-0.14107769833437897,optimal,78.91808499971376,False,"[[2.536966003795424,0.20309430916837157,-0.14107769833437897],[2.4969660037953854,0.1877966722316565,-0.1375400498331584],[2.4569660037953467,0.17388377738822314,-0.13307877162505347],[2.416966003795308,0.16107854677267372,-0.12787867599304673],[2.3769660037952693,0.14915928573100473,-0.12208763434892568],[2.3369660037952302,0.1379485980879066,-0.11582397080387212],[2.2969660037951916,0.12730451633799833,-0.10918237837402119],[2.256966003795153,0.11711340327055846,-0.10223865363126818],[2.216966003795114,0.10728427010898887,-0.09505348653186327],[2.1769660037950755,0.09774422707198502,-0.08767549491422405],[2.136966003795037,0.08843483888447062,-0.08014365539085638],[2.096966003794998,0.07930920301384387,-0.07248925217897974],[2.0569660037949595,0.07032960454334734,-0.0647374413113881],[2.0169660037949204,0.06146563042623013,-0.056908508438089735],[1.976966003794882,0.05269264883341028,-0.04901888310880754],[1.936966003794843,0.04399057756202072,-0.041081960250465246],[1.8969660037948044,0.035342879925265885,-0.03310876991353357],[1.8569660037947657,0.026735737918081943,-0.02510852877455377],[1.8169660037947268,0.01815736131688362,-0.017089100969964674],[1.7769660037946882,0.009597398168384907,-0.009057391302924668],[1.7369660037946495,0.001046417191934786,-0.001019690483469582]]","[[-0.2000000000000075,-0.07648818468357536,0.0176882425061028],[-0.20000000000000745,-0.0695644742171668,0.022306391040524717],[-0.20000000000000745,-0.06402615307774702,0.026000478160033706],[-0.20000000000000745,-0.059596305208344996,0.028955208220605214],[-0.20000000000000745,-0.056053438215490664,0.03131831772526782],[-0.20000000000000745,-0.05322040874954129,0.03320796214925466],[-0.20000000000000745,-0.05095556533719941,0.03471862371376505],[-0.20000000000000745,-0.049145665807847926,0.03592583549702454],[-0.20000000000000745,-0.04770021518501927,0.0368899580881961],[-0.20000000000000745,-0.046546940937572,0.037659197616838294],[-0.20000000000000745,-0.04562817935313376,0.03827201605938323],[-0.20000000000000745,-0.04489799235248264,0.03875905433795817],[-0.20000000000000745,-0.04431987058558607,0.03914466436649185],[-0.20000000000000745,-0.04386490796409924,0.039448126646410966],[-0.20000000000000745,-0.043510356356947805,0.03968461429171146],[-0.20000000000000745,-0.04323848818377418,0.03986595168465837],[-0.20000000000000745,-0.043035710035919696,0.040001205694899025],[-0.20000000000000745,-0.04289188300599162,0.04009713902294547],[-0.20000000000000745,-0.04279981574249356,0.04015854833520003],[-0.20000000000000745,-0.0427549048822506,0.040188504097275424]]"
1782756170.2206078,TRACKING,MPC tracking AprilTag,Walk,True,fresh_solve,0,11,77.42180633544922,0.4943823477512225,-0.062104608680966504,2.2954960975432073,2.3489515154688743,0.21213034891460406,0.9939885440403046,0.018138096673405126,0.1079712173021209,-0.015909867433053195,0.9996430421901588,-0.02146309202018768,-0.1083219757708392,0.01961625983388731,0.9939223067801785,2.481342587562015,0.20986056511451995,-0.13893152296318265,-1.606056464307901,5.8679138766219685,1.1992543221909535,2.3226288547304454,-0.10610913752855189,-0.14964605158832225,0.15871373283156975,0.31596970264307184,0.010714528625139608,0.18832187037878553,-0.09743075606465453,0.02188769201303597,-0.20000000000000714,-0.0704122083895361,0.02188769201303597,0.2666359005659062,-0.15483982995952505,-0.05070298425590388,1.9813425875620152,0.20986056511451995,-0.13893152296318265,optimal,95.4225689993109,False,"[[2.4813425875619797,0.20986056511451995,-0.13893152296318265],[2.441342587561943,0.19577812343661272,-0.13455398456057546],[2.401342587561906,0.18266776526886858,-0.1295045844817703],[2.3613425875618685,0.17033498303815092,-0.123917757868146],[2.3213425875618316,0.15862414796817442,-0.11790106853434036],[2.2813425875617948,0.14741072864069088,-0.11154058715898216],[2.241342587561758,0.1365950644245767,-0.10490519481862251],[2.2013425875617205,0.12609738244427673,-0.09805002704156249],[2.1613425875616836,0.11585380893602662,-0.09101923058426813],[2.1213425875616467,0.10581317555966442,-0.08384817076919376],[2.08134258756161,0.09593446098162262,-0.07656519975090473],[2.041342587561573,0.0861847398082497,-0.06919307412380561],[2.0013425875615356,0.07653753631612763,-0.06175009275186048],[1.9613425875614987,0.0669715006659009,-0.05425101171179115],[1.9213425875614618,0.057469341410308745,-0.046707782096913175],[1.881342587561425,0.04801696092182216,-0.03913014757180172],[1.8413425875613878,0.03860275051126741,-0.03152613155552025],[1.801342587561351,0.029217009993367335,-0.02390243839257373],[1.7613425875613138,0.01985146267747754,-0.016264788570133887],[1.721342587561277,0.010498841533054111,-0.008618204742397766],[1.6813425875612398,0.0011525258381264772,-0.0009672628632976106]]","[[-0.20000000000000714,-0.0704122083895361,0.02188769201303597],[-0.20000000000000712,-0.06555179083872067,0.025247000394025717],[-0.20000000000000712,-0.06166391115358833,0.02793413306812153],[-0.20000000000000712,-0.05855417534988245,0.030083446669028197],[-0.20000000000000712,-0.056067096637417733,0.03180240687679105],[-0.20000000000000712,-0.05407832108057095,0.03317696170179823],[-0.20000000000000712,-0.05248840990149976,0.03427583888530011],[-0.20000000000000712,-0.0512178675412506,0.03515398228647177],[-0.20000000000000712,-0.05020316688181102,0.0358552990753718],[-0.20000000000000712,-0.049393572890209035,0.036414855091445195],[-0.20000000000000712,-0.048748605866864546,0.03686062813549563],[-0.20000000000000712,-0.04823601746061033,0.03721490685972562],[-0.20000000000000712,-0.04783017825113368,0.03749540520034667],[-0.20000000000000712,-0.04751079627796075,0.037716148074389846],[-0.20000000000000712,-0.04726190244243291,0.037888172625557284],[-0.20000000000000712,-0.04707105205277377,0.03802008008140736],[-0.20000000000000712,-0.04692870258950035,0.038118465814732584],[-0.20000000000000712,-0.04682773657944899,0.03818824911219922],[-0.20000000000000712,-0.04676310572211713,0.03823291913868059],[-0.20000000000000712,-0.04673157847463817,0.038254709395500776]]"
1782756170.409136,TRACKING,MPC tracking AprilTag,Walk,True,fresh_solve,0,11,77.156494140625,0.45469515817314643,-0.042477294040747036,2.2637279338506966,2.3093324069676653,0.19822352023073073,0.9922386255236035,0.012773707384147695,0.12369051062508528,-0.005111825531899236,0.9980590629744833,-0.06206428968600001,-0.12424322620876192,0.060950301181868456,0.9903780498007203,2.4305625609722066,0.21543169402724055,-0.13219523195409014,-1.567836935887831,5.900508214736204,1.1927843960077784,2.275332207905455,-0.12302511899194407,-0.14317612540514713,0.15523035306675137,0.3384568130191846,0.010980893451056989,0.18952941646967805,-0.09198233822586961,0.024621590045996043,-0.20000000000000684,-0.0661978115411092,0.024621590045996043,0.268121182257704,-0.14813827601781962,-0.05403833985611517,1.9305625609722066,0.21543169402724055,-0.13219523195409014,optimal,83.7895220001883,False,"[[2.4305625609721724,0.21543169402724055,-0.13219523195409014],[2.3905625609721373,0.2021921317190187,-0.12727091394489093],[2.3505625609721017,0.18962682248279422,-0.12190920496053026],[2.310562560972066,0.17760085267447892,-0.11619762408368059],[2.270562560972031,0.16600627562138012,-0.11020619680238997],[2.2305625609719955,0.1547567142885659,-0.10399095628448436],[2.1905625609719603,0.1437830424271187,-0.09759674503595901],[2.1505625609719248,0.13302992826168913,-0.09105945702627814],[2.110562560971889,0.12245306790172882,-0.08440783238684824],[2.070562560971854,0.1120169701469628,-0.0776648944175883],[2.0305625609718185,0.10169318192737585,-0.07084910075192585],[1.9905625609717832,0.09145886564971169,-0.06397526623846828],[1.9505625609717478,0.08129565731781015,-0.057055303683433214],[1.9105625609717123,0.07118874833279923,-0.050098819490959415],[1.870562560971677,0.06112614506315144,-0.04311359398331369],[1.8305625609716416,0.051098069163107475,-0.036105970417004286],[1.7905625609716063,0.04109646865538817,-0.029081172145606224],[1.7505625609715707,0.031114615332330647,-0.02204356378744012],[1.7105625609715354,0.021146768345505083,-0.014996869456488175],[1.6705625609715,0.011187887163293261,-0.007944358968093305],[1.6305625609714645,0.001233379544307658,-0.000889011329726276]]","[[-0.20000000000000684,-0.0661978115411092,0.024621590045996043],[-0.2000000000000068,-0.06282654618112243,0.026808544921803366],[-0.2000000000000068,-0.060129849041576484,0.02855790438424831],[-0.2000000000000068,-0.05797288526549404,0.029957136406453113],[-0.2000000000000068,-0.056247806664070976,0.03107620258952802],[-0.2000000000000068,-0.054868359307236145,0.03197105624262678],[-0.2000000000000068,-0.053765570827147814,0.032686440048404326],[-0.2000000000000068,-0.05288430179980155,0.03325812319714954],[-0.2000000000000068,-0.05218048877383005,0.03371468984629967],[-0.2000000000000068,-0.05161894109793474,0.03407896832831223],[-0.2000000000000068,-0.05117158138832085,0.03436917256728786],[-0.2000000000000068,-0.050816041659507684,0.03459981277517533],[-0.2000000000000068,-0.050534544925054596,0.034782420962369005],[-0.2000000000000068,-0.05031301634823891,0.03492612753822859],[-0.2000000000000068,-0.05014037950021986,0.03503811783154705],[-0.2000000000000068,-0.05000800253859649,0.0351239913569903],[-0.2000000000000068,-0.04990926661528762,0.03518804179083052],[-0.2000000000000068,-0.04983923493412782,0.03523347165475972],[-0.2000000000000068,-0.0497944059110591,0.03526255244197435],[-0.2000000000000068,-0.049772538094928015,0.03527673819183515]]"
1782756170.6599298,TRACKING,MPC tracking AprilTag,Walk,True,fresh_solve,0,11,77.11723327636719,0.4143965039278879,-0.06408810262874749,2.1991551414350257,2.2387753535060897,0.18625047335130848,0.9737574409869255,-0.013931485335857197,0.22716152807843823,-0.0034689685777172944,0.9971001911197748,0.07602088611635274,-0.22756188692221965,-0.0748139197291885,0.9708854026274952,2.3814812998353645,0.19641221612420928,-0.1299687702753396,-1.5403207399463887,5.9485860810472735,1.1837637120058413,2.219937112972309,-0.12294945221834391,-0.13415544140321,0.16154418686305538,0.3193616683425532,0.004186671127870412,0.19029646514555934,-0.08725485485659554,0.026535243046324087,-0.20000000000000656,-0.06185591598980657,0.026535243046324087,0.26906465212903796,-0.14232347147361252,-0.05637299651651539,1.8814812998353645,0.19641221612420928,-0.12996877027533962,optimal,84.60256699981983,False,"[[2.381481299835332,0.19641221612420928,-0.1299687702753396],[2.3414812998352983,0.18404103292624796,-0.12466172166607478],[2.301481299835264,0.17236450106726772,-0.11904851147293118],[2.2614812998352303,0.1612436253429382,-0.11319040063290167],[2.2214812998351965,0.15056719335566154,-0.10713640505063488],[2.1814812998351627,0.14024621489469252,-0.10092574639366748],[2.141481299835129,0.13020947242560138,-0.09458981317580122],[2.101481299835095,0.1203999602135521,-0.08815373018279282],[2.061481299835061,0.11077203403656093,-0.08163761471164195],[2.021481299835027,0.1012891289743969,-0.07505758243544111],[1.9814812998349933,0.09192193116257044,-0.06842655318703035],[1.9414812998349595,0.08264691209910888,-0.061754896950639175],[1.9014812998349255,0.07344515221945776,-0.0550509523610981],[1.8614812998348917,0.06430139491825314,-0.04832144363558014],[1.821481299834858,0.05520328371905344,-0.04157181678445947],[1.781481299834824,0.0461407444505173,-0.03480651191183011],[1.7414812998347902,0.03710548153783654,-0.028029185220710667],[1.7014812998347564,0.028090563223995762,-0.021242891823195234],[1.6614812998347224,0.01909007498192155,-0.014450238496058102],[1.6214812998346886,0.010098823788128822,-0.007653514019592484],[1.5814812998346548,0.0011120784715465768,-0.0008548036166251663]]","[[-0.20000000000000656,-0.06185591598980659,0.026535243046324087],[-0.20000000000000653,-0.058382659294901156,0.028066050965718004],[-0.20000000000000653,-0.055604378621647625,0.029290554200147492],[-0.20000000000000653,-0.053382159936383324,0.030269977911334022],[-0.20000000000000653,-0.05160489230484503,0.031053293284836917],[-0.20000000000000653,-0.050183712345455836,0.03167966608933133],[-0.20000000000000653,-0.04904756106024629,0.03218041496504197],[-0.20000000000000653,-0.048139630884955896,0.03258057735575438],[-0.20000000000000653,-0.047414525310820146,0.03290016138100417],[-0.20000000000000653,-0.046835989059132256,0.03315514624205384],[-0.20000000000000653,-0.046375095317307824,0.03335828118195587],[-0.20000000000000653,-0.04600879939825563,0.03351972294770536],[-0.20000000000000653,-0.04571878650602306,0.03364754362758979],[-0.20000000000000653,-0.045490555995998494,0.03374813425560337],[-0.20000000000000653,-0.0453126963426807,0.033826524363146794],[-0.20000000000000653,-0.045176314563403784,0.03388663345559722],[-0.20000000000000653,-0.0450745915692039,0.03393146698757717],[-0.20000000000000653,-0.04500244121037107,0.033963266635685656],[-0.20000000000000653,-0.04495625596896363,0.033983622382328084],[-0.20000000000000653,-0.044933726582911226,0.03399355201483659]]"
1782756170.9276063,TRACKING,MPC tracking AprilTag,Walk,True,fresh_solve,0,11,76.85453033447266,0.3584444250772389,-0.06570314591135319,2.1414324017223514,2.172218230380631,0.16584786118711595,0.9989633821783495,0.019070543130292494,0.041333708417085745,-0.017242322954733567,0.9988763415720878,-0.04414472275013635,-0.042129127286447306,0.04338627239435755,0.9981697090183638,2.3227249224504236,0.13448067575127695,-0.1444987671756699,-1.492435476783721,6.001236844818932,1.1700252452953288,2.150434293541164,-0.13826152082511806,-0.1204169746926975,0.1722906289092596,0.272742196576395,-0.02408179248297239,0.19003069587582821,-0.08298653084867309,0.028872183185946462,-0.20000000000000623,-0.054757918855146415,0.028872183185946462,0.2687377559272687,-0.13707343294386792,-0.05922406348685468,1.8227249224504236,0.13448067575127695,-0.1444987671756699,optimal,102.23925700029213,False,"[[2.322724922450393,0.13448067575127695,-0.1444987671756699],[2.282724922450361,0.12352909198024767,-0.1387243305384806],[2.242724922450329,0.11371310282576699,-0.13257601143960465],[2.202724922450297,0.10480548320827894,-0.12612862132219557],[2.162724922450265,0.09662442652507715,-0.11944201807848015],[2.122724922450233,0.08902445432016955,-0.11256409894436993],[2.082724922450201,0.08188914236147883,-0.10553319536125669],[2.042724922450169,0.07512529942923847,-0.09837998954808205],[2.0027249224501364,0.0686583077550045,-0.09112904861228459],[1.9627249224501047,0.062428392133233264,-0.0838000529051717],[1.9227249224500726,0.05638763116100425,-0.07640878003948505],[1.8827249224500406,0.05049756116787403,-0.06896789377003758],[1.8427249224500086,0.04472725303235415,-0.06148757718145422],[1.8027249224499766,0.03905176572583665,-0.05397604184240308],[1.7627249224499446,0.03345089926116369,-0.046439938384028906],[1.7227249224499126,0.027908184693269666,-0.03888468903151027],[1.6827249224498804,0.02241006067192792,-0.03131475871531853],[1.6427249224498484,0.0169451953742394,-0.0237338783177414],[1.6027249224498163,0.011503919913487726,-0.016145231216997305],[1.5627249224497843,0.0060777448948033524,-0.008551612456146333],[1.5227249224497523,0.0006589359454201011,-0.0009555684952432259]]","[[-0.2000000000000062,-0.0547579188551464,0.028872183185946462],[-0.20000000000000617,-0.04907994577240335,0.030741595494379707],[-0.20000000000000617,-0.04453809808744027,0.03223695058704548],[-0.20000000000000617,-0.04090528341600899,0.03343301621857708],[-0.20000000000000617,-0.037999861024537965,0.03438959567055109],[-0.20000000000000617,-0.03567655979345364,0.0351545179155662],[-0.20000000000000617,-0.033819214661201795,0.03576602906587316],[-0.20000000000000617,-0.03233495837116983,0.03625470467898733],[-0.20000000000000617,-0.031149578108856157,0.036644978535564414],[-0.20000000000000617,-0.03020380486114509,0.03695636432843327],[-0.20000000000000617,-0.029450349965651074,0.03720443134723733],[-0.20000000000000617,-0.02885154067759941,0.03740158294291682],[-0.20000000000000617,-0.028377436532587518,0.037557676695255685],[-0.20000000000000617,-0.028004332323364797,0.037680517291870885],[-0.20000000000000617,-0.027713572839470114,0.037776246762593176],[-0.20000000000000617,-0.027490620106708732,0.03784965158095868],[-0.20000000000000617,-0.027324326488442588,0.037904401987885666],[-0.20000000000000617,-0.02720637730375837,0.037943235503720474],[-0.20000000000000617,-0.02713087509342187,0.03796809380425486],[-0.20000000000000617,-0.02709404474691626,0.03798021980451553]]"
1782756171.1578712,TRACKING,MPC tracking AprilTag,Walk,True,fresh_solve,0,11,76.50323486328125,0.3179571639709993,-0.05267033697066243,2.114166616375945,2.138590985746362,0.14927488067639075,0.989993253662244,0.007859307167582411,0.1408956670522177,-0.005950274251710303,0.9998847737008504,-0.013965441544352178,-0.14098919086076503,0.01298732505348473,0.9899259454365169,2.264101434229648,0.15389610403394044,-0.1191211665555291,-1.448776381678785,6.029922293379643,1.1641588081134473,2.103819127120572,-0.16184112650654486,-0.11455053751081601,0.16028230710907598,0.3157372305404853,-0.004570629044713087,0.19256526548352307,-0.07404394265701968,0.0290526334324875,-0.20000000000000587,-0.05063483894447965,0.0290526334324875,0.2718552765447334,-0.12607404946813422,-0.059444212787634745,1.764101434229648,0.15389610403394044,-0.1191211665555291,optimal,82.47093400041194,False,"[[2.264101434229619,0.15389610403394044,-0.1191211665555291],[2.224101434229589,0.1437691362450445,-0.1133106398690316],[2.1841014342295586,0.1343018119106788,-0.10747124330211019],[2.1441014342295284,0.1253621406759667,-0.10160875352962798],[2.104101434229498,0.11684451484101431,-0.09572779256617003],[2.064101434229468,0.10866442897591565,-0.08983205886677263],[2.0241014342294377,0.10075425464925747,-0.08392451224967508],[1.9841014342294077,0.09305985900654852,-0.07800752188723167],[1.9441014342293774,0.08553789812749504,-0.07208298476452943],[1.9041014342293472,0.07815364982998604,-0.06615242052864238],[1.8641014342293172,0.07087927756098772,-0.060217047470985385],[1.824101434229287,0.06369243856889184,-0.05427784344188474],[1.7841014342292567,0.0565751667659353,-0.048335594743094616],[1.7441014342292265,0.04951297442381192,-0.04239093544288467],[1.7041014342291962,0.04249412778725722,-0.036444379079453575],[1.6641014342291662,0.03550906038628513,-0.03049634433783896],[1.624101434229136,0.028549894712688723,-0.024547175984169268],[1.5841014342291058,0.02161004834462985,-0.018597162103970187],[1.5441014342290755,0.014683904825547243,-0.012646548506440944],[1.5041014342290453,0.007766532841328442,-0.006695551014914246],[1.4641014342290153,0.0008534396546041826,-0.0007443662580229393]]","[[-0.20000000000000584,-0.050634838944479656,0.0290526334324875],[-0.2000000000000058,-0.04733662167182851,0.029196982834607033],[-0.2000000000000058,-0.04469835617356043,0.02931244886241104],[-0.2000000000000058,-0.042588129174762006,0.029404804817289718],[-0.2000000000000058,-0.040900429325493315,0.029478668496987007],[-0.2000000000000058,-0.03955087163329093,0.029537733085487763],[-0.2000000000000058,-0.038471978213544714,0.02958495181221703],[-0.2000000000000058,-0.03760980439526738,0.02962268561351127],[-0.2000000000000058,-0.036921241487545046,0.029652821179435195],[-0.2000000000000058,-0.0363718613449916,0.029676865288285],[-0.2000000000000058,-0.03593419496047937,0.029696020145503176],[-0.2000000000000058,-0.03558635901478274,0.029711243493950636],[-0.2000000000000058,-0.03531096171061689,0.029723296501049747],[-0.2000000000000058,-0.03509423318277351,0.029732781817155465],[-0.2000000000000058,-0.03492533700486044,0.029740173708073078],[-0.2000000000000058,-0.03479582836798203,0.029745841768348467],[-0.2000000000000058,-0.03469923184029435,0.0297500694009954],[-0.2000000000000058,-0.03463071759541304,0.029753067987646223],[-0.2000000000000058,-0.034586859921094004,0.02975498745763348],[-0.2000000000000058,-0.0345654659336213,0.029755923784456535]]"
1782756171.3681257,TRACKING,MPC tracking AprilTag,Walk,True,fresh_solve,0,11,76.74250793457031,0.27727929954497743,-0.03422754067961567,2.0546680413022282,2.073575678494967,0.13414050559462903,0.9910387582654838,-0.01480460250882558,0.13275166047987363,-0.003922386092649959,0.9901849119103113,0.13970846471316303,-0.1335170195254079,-0.1389772066553527,0.9812535561858245,2.219722487969927,0.138045711520411,-0.1151647090896293,-1.417957634495482,6.071812710327688,1.155181117876205,2.0521455870977308,-0.16771032334573638,-0.10557284727357374,0.16757690087219634,0.3057560348661474,-0.00959186181605555,0.1933251861690643,-0.06923160279695063,0.028942766060065964,-0.20000000000000553,-0.046557947045975885,0.028942766060065964,0.2727899789879491,-0.12015487144024928,-0.059310174593280474,1.719722487969927,0.138045711520411,-0.1151647090896293,optimal,92.43584199975885,False,"[[2.2197224879698996,0.138045711520411,-0.1151647090896293],[2.1797224879698707,0.12873412211121582,-0.10937615587761611],[2.1397224879698418,0.12007478662722784,-0.10360518013066654],[2.099722487969813,0.11193719331021386,-0.09784826471261311],[2.0597224879697844,0.10421691751028937,-0.09210259550373312],[2.0197224879697555,0.09683040045342435,-0.08636592069476257],[1.9797224879697266,0.08971077130274176,-0.0806364381964329],[1.939722487969698,0.08280450361667366,-0.07491270553500762],[1.899722487969669,0.07606873902688287,-0.06919356772859543],[1.8597224879696403,0.06946914431984601,-0.06347809953805574],[1.8197224879696114,0.06297819477617747,-0.057765559205041506],[1.7797224879695828,0.056573797934660025,-0.05205535136408203],[1.7397224879695539,0.05023818896918399,-0.046346997274309305],[1.6997224879695252,0.04395704244744177,-0.04064011088241468],[1.6597224879694963,0.03771875605931246,-0.03493437951998342],[1.6197224879694674,0.03151387050135578,-0.029229548270073926],[1.5797224879694387,0.025334596511640117,-0.023525407221370722],[1.5397224879694098,0.01917442540664588,-0.01782178097261862],[1.4997224879693811,0.013027803647089553,-0.012118519862560002],[1.4597224879693522,0.006889855160959528,-0.006415492486871923],[1.4197224879693235,0.0007561375399155029,-0.0007125791279499576]]","[[-0.20000000000000556,-0.04655794704597589,0.028942766060065964],[-0.20000000000000556,-0.04329667741993992,0.02885487873474782],[-0.20000000000000556,-0.04068796658506994,0.028784577090267147],[-0.20000000000000556,-0.03860137899962245,0.028728346044399916],[-0.20000000000000556,-0.03693258528432508,0.02868337404485277],[-0.20000000000000556,-0.035598145753412955,0.02864741249164834],[-0.20000000000000556,-0.03453133843034047,0.028618663307126417],[-0.20000000000000556,-0.03367882294895401,0.0285956890320609],[-0.20000000000000556,-0.032997973535184244,0.02857734095269851],[-0.20000000000000556,-0.03245474771834268,0.028562701665071133],[-0.20000000000000556,-0.03202198420758725,0.028551039204797398],[-0.20000000000000556,-0.031678044827380174,0.028541770448863617],[-0.20000000000000556,-0.0314057326087111,0.0285344319594731],[-0.20000000000000556,-0.03119143194064657,0.028528656812156324],[-0.20000000000000556,-0.031024427789783367,0.02852415624954745],[-0.20000000000000556,-0.030896369948578327,0.028520705243516034],[-0.20000000000000556,-0.030800855524971197,0.028518131243760503],[-0.20000000000000556,-0.030733108797781624,0.02851630555029308],[-0.20000000000000556,-0.030689742430650122,0.0285151368784404],[-0.20000000000000556,-0.03066858810522012,0.028514566794609824]]"
1782756171.6221144,TRACKING,MPC tracking AprilTag,Walk,True,fresh_solve,0,11,76.11553192138672,0.24785889424788846,-0.06740274927758899,2.0084361614535102,2.024794551726687,0.1227880658942935,0.9998311280748279,0.008218669357208622,0.016436812544228276,-0.007813678536324732,0.9996679804716514,-0.024553518026160855,-0.016633152447693075,0.02442093965691959,0.9995633826556097,2.159681823583876,0.08993818416235747,-0.12219010669897783,-1.384744316318651,6.121600930177006,1.1439039145759626,1.9924305665481015,-0.17172375838779408,-0.09429564397333133,0.1672512570357747,0.2616619425501515,-0.027894462725646496,0.19357048574069424,-0.06459104394118821,0.029295868252238604,-0.20000000000000523,-0.04051587228850853,0.029295868252238604,0.2730916974610539,-0.1144469840476615,-0.0597409592677311,1.6596818235838762,0.08993818416235747,-0.12219010669897781,optimal,96.93287699974462,False,"[[2.1596818235838504,0.08993818416235747,-0.12219010669897783],[2.1196818235838233,0.08183500970465576,-0.11633093304853011],[2.0796818235837966,0.07469849491688539,-0.1104152672720762],[2.0396818235837695,0.06833521750098079,-0.10445441307574414],[1.9996818235837426,0.06259041702746969,-0.09845741474466806],[1.9596818235837157,0.05734025691399947,-0.09243150935724488],[1.9196818235836888,0.05248563259621959,-0.08638248863905416],[1.8796818235836619,0.04794721629956399,-0.08031498854913711],[1.839681823583635,0.04366149065052285,-0.07423272107794861],[1.799681823583608,0.03957757280796707,-0.06813865984687995],[1.7596818235835812,0.0356546703210918,-0.06203518878932841],[1.7196818235835543,0.031860041506876234,-0.05592422134736717],[1.6796818235835274,0.028167358365932545,-0.04980729614384889],[1.6396818235835005,0.024555390182536503,-0.04368565391354838],[1.5996818235834735,0.021006941988841257,-0.03756029953990135],[1.5596818235834466,0.017507994816484993,-0.03143205229917617],[1.5196818235834197,0.014047004748172854,-0.025301586824287313],[1.4796818235833928,0.010614325721812182,-0.019169466836441065],[1.4396818235833657,0.0072017272274078935,-0.013036173331195845],[1.3996818235833388,0.003801982781562729,-0.006902128628240115],[1.359681823583312,0.0004085086033073791,-0.0007677174873768221]]","[[-0.2000000000000052,-0.04051587228850853,0.029295868252238604],[-0.20000000000000517,-0.03568257393885184,0.029578328882269526],[-0.20000000000000517,-0.03181638707952299,0.02980427098166028],[-0.20000000000000517,-0.02872400236755552,0.029984991655380405],[-0.20000000000000517,-0.026250800567351077,0.030129526937115906],[-0.20000000000000517,-0.024273121588899427,0.03024510359095356],[-0.20000000000000517,-0.022692081483277993,0.030337500449585244],[-0.20000000000000517,-0.021428628245205694,0.03041133735594255],[-0.20000000000000517,-0.020419589212778925,0.030470306155343335],[-0.20000000000000517,-0.019614512434376345,0.030517355287757647],[-0.20000000000000517,-0.01897314407107782,0.03055483720980619],[-0.20000000000000517,-0.018463415704718433,0.030584626017591404],[-0.20000000000000517,-0.018059840916980208,0.030608211151502543],[-0.2000000000000052,-0.017742240968476233,0.03062677186823516],[-0.2000000000000052,-0.017494735861781314,0.030641236203625896],[-0.2000000000000052,-0.0173049503415607,0.030652327374444285],[-0.2000000000000052,-0.01716339513180336,0.030660599939231238],[-0.2000000000000052,-0.01706299247202144,0.03066646752622611],[-0.2000000000000052,-0.016998722229225827,0.030670223514778643],[-0.2000000000000052,-0.016967370891276746,0.030672055704316466]]"
1782756171.858211,TRACKING,MPC tracking AprilTag,Walk,True,fresh_solve,0,11,76.51457977294922,0.19108970141251488,-0.060784782777184576,1.9507733513468137,1.9610524552209392,0.09764435477964399,0.9862003844291821,0.008467561046428802,0.165339354545911,-0.011530787398491714,0.9997790411048502,0.017575833107908983,-0.16515399690502267,-0.01923978631355573,0.9860801123280524,2.1084440651966814,0.1268001534487823,-0.08525267107963114,-1.3438810672880395,6.15913299945585,1.1326328548530071,1.9395354427297238,-0.18847389934028258,-0.08302458425037584,0.1689086224669576,0.31527405278906484,-0.0022280868292552936,0.19601523705741797,-0.05515776502416703,0.027270848307538675,-0.2000000000000049,-0.03826685512470321,0.027270848307538675,0.2760987415806241,-0.10284405097972545,-0.057270434935197186,1.6084440651966814,0.1268001534487823,-0.08525267107963114,optimal,82.94628800013015,False,"[[2.108444065196657,0.1268001534487823,-0.08525267107963114],[2.0684440651966316,0.11914678242384165,-0.0797985014181234],[2.0284440651966062,0.11185322723642388,-0.0746683107191283],[1.9884440651965811,0.10484749108316696,-0.06979727290434408],[1.9484440651965558,0.09807196811241688,-0.0651335195396796],[1.9084440651965304,0.09148056313164497,-0.06063554641354963],[1.868444065196505,0.0850363868478215,-0.05627013832629572],[1.82844406519648,0.07870991140276415,-0.05201070833020319],[1.7884440651964546,0.07247749398022887,-0.04783596838211544],[1.7484440651964293,0.06632019466509777,-0.043728864941276126],[1.708444065196404,0.06022282944762313,-0.039675726292291304],[1.6684440651963786,0.05417321102294007,-0.035665578959359755],[1.6284440651963532,0.04816153942582328,-0.03168959903248294],[1.588444065196328,0.04217991203242578,-0.027740670971965038],[1.5484440651963027,0.036221928429086524,-0.02381303183142819],[1.5084440651962774,0.030282370391647405,-0.019901983110493574],[1.468444065196252,0.024356940974245317,-0.01600365582976249],[1.4284440651962267,0.018442049662018997,-0.012114817081846415],[1.3884440651962013,0.012534632845365982,-0.008232708385997574],[1.3484440651961762,0.0066320006394624655,-0.00435490776407155],[1.3084440651961509,0.000731702390022118,-0.00047920864162007083]]","[[-0.2000000000000049,-0.03826685512470321,0.027270848307538675],[-0.20000000000000487,-0.03646777593708881,0.025650953494975537],[-0.20000000000000487,-0.035028680766284626,0.024355189073921035],[-0.20000000000000487,-0.033877614853750425,0.023318766823322443],[-0.20000000000000487,-0.032957024903859516,0.022489865630649832],[-0.20000000000000487,-0.03222088141911734,0.02182704043626957],[-0.20000000000000487,-0.0316323772252868,0.021297149980462646],[-0.20000000000000487,-0.03116208711267636,0.020873699740438713],[-0.20000000000000487,-0.030786496575655506,0.020535517204196573],[-0.20000000000000487,-0.03048682608737319,0.02026569324492412],[-0.20000000000000487,-0.030248092123415296,0.02005073666465773],[-0.20000000000000487,-0.030058357985583935,0.019879899634384086],[-0.20000000000000487,-0.02990813696698753,0.019744640302589503],[-0.20000000000000487,-0.02978991801669627,0.019638195702684255],[-0.20000000000000487,-0.029697790187195584,0.01955524360467308],[-0.20000000000000487,-0.02962714708701044,0.01949163640365541],[-0.20000000000000487,-0.029574456561131588,0.019444193739580375],[-0.20000000000000487,-0.029537084083265077,0.019410543479244213],[-0.20000000000000487,-0.029513161029517582,0.01938900310963012],[-0.20000000000000487,-0.029501491247201733,0.019378495612257393]]"
1782756172.0587168,TRACKING,MPC tracking AprilTag,Walk,True,fresh_solve,0,11,76.11415100097656,0.15296686376964666,-0.047222140275629265,1.918842152200698,1.9255087631599965,0.07955008610586196,0.9900043360948785,-0.0019802763672593397,0.14102302300989064,-0.005488251774133602,0.9986031592662651,0.052551017077675614,-0.14093010184415036,-0.05279970462932259,0.9886105894563612,2.05765491278952,0.15052237128477303,-0.057887010378353365,-1.3058254168648087,6.188844940826853,1.1246357374461202,1.8948200884014867,-0.206682937658362,-0.07502746684348893,0.1628348243880331,0.357205308943135,0.017140456465135564,0.19746364607426628,-0.04955696357285146,0.02405455899562516,-0.20000000000000462,-0.03804975899400919,0.02405455899562516,0.2778802846713475,-0.09595506519460731,-0.0533465619746627,1.5576549127895198,0.15052237128477303,-0.057887010378353365,optimal,83.17587100009405,False,"[[2.057654912789497,0.15052237128477303,-0.057887010378353365],[2.017654912789473,0.1429124194859712,-0.053076098579228334],[1.9776549127894496,0.13533720047060283,-0.048779754588258194],[1.9376549127894258,0.12778976443513432,-0.0448950167416229],[1.8976549127894022,0.12026455072502701,-0.04133950368271911],[1.8576549127893784,0.1127571098020103,-0.0380472952943301],[1.8176549127893546,0.10526388076716812,-0.034965636692764854],[1.777654912789331,0.09778201331599316,-0.03205230048367356],[1.7376549127893073,0.09030922522316144,-0.029273475392330096],[1.6976549127892835,0.08284368823126614,-0.026602075699895734],[1.65765491278926,0.07538393663794728,-0.024016386957477206],[1.6176549127892361,0.06792879401077366,-0.021498980263682025],[1.5776549127892123,0.060477314365621426,-0.019035840819548882],[1.5376549127891888,0.05302873486746771,-0.01661566718859956],[1.497654912789165,0.0455824376886396,-0.014229306225015045],[1.4576549127891412,0.03813791911743048,-0.011869295416344555],[1.4176549127891176,0.03069476437251466,-0.009529489757883007],[1.3776549127890938,0.02325262686388113,-0.007204754502435773],[1.33765491278907,0.015811210863332977,-0.004890708422958936],[1.2976549127890464,0.00837025671807758,-0.0025835047512070978],[1.2576549127890226,0.0009295278680869377,-0.0002796388393211137]]","[[-0.2000000000000046,-0.03804975899400919,0.02405455899562516],[-0.20000000000000456,-0.03787609507684176,0.021481719954850678],[-0.20000000000000456,-0.03773718017734254,0.0194236892331765],[-0.20000000000000456,-0.03762606855053657,0.017777565294518922],[-0.20000000000000456,-0.03753720461508356,0.01646104194194506],[-0.20000000000000456,-0.03746614517421085,0.015408293007826224],[-0.20000000000000456,-0.03740933725587481,0.014566681045456473],[-0.20000000000000456,-0.03736394046415863,0.013894125456717317],[-0.20000000000000456,-0.03732768495947651,0.013356998462171803],[-0.20000000000000456,-0.03729875796659434,0.012928443712092648],[-0.20000000000000456,-0.03727571313586801,0.0125870334689759],[-0.20000000000000456,-0.03725739822576121,0.01231569722066572],[-0.20000000000000456,-0.03724289749076859,0.012100868154746598],[-0.20000000000000456,-0.03723148589414052,0.011931804817922576],[-0.20000000000000456,-0.0372225928560456,0.011800054043352458],[-0.20000000000000456,-0.0372157737245791,0.011699028292307734],[-0.20000000000000456,-0.03721068754316767,0.011623676277236171],[-0.20000000000000456,-0.03720708000274075,0.011570230397384189],[-0.20000000000000456,-0.03720477072627699,0.011536018358759188],[-0.20000000000000456,-0.037203644249953205,0.011519329559429919]]"
1782756172.3033946,TRACKING,MPC tracking AprilTag,Walk,True,fresh_solve,0,11,75.85332489013672,0.12152051556691411,-0.06067384788371032,1.8667579489425785,1.8716927609682543,0.06500537346337905,0.9911566718516305,-0.0030000225634126258,0.13266292514722544,-0.0047032463350144185,0.998322020513544,0.05771501391897172,-0.13261346582421973,-0.057828567528289514,0.9894794214432732,2.00672992018375,0.12587941210631204,-0.04750421927501592,-1.2790691042627045,6.236570405540303,1.113979062305954,1.8401089602127825,-0.20612374315245885,-0.06437079170332272,0.1666209599709676,0.3320031552587709,0.016866572428306796,0.19804781873708005,-0.04581530110554006,0.02099715391487025,-0.20000000000000429,-0.03635904731844471,0.02099715391487025,0.2785988170466085,-0.09135282035981428,-0.0496165277761417,1.50672992018375,0.12587941210631204,-0.04750421927501592,optimal,78.1661430000895,False,"[[2.0067299201837288,0.12587941210631204,-0.04750421927501592],[1.9667299201837067,0.1186076026426231,-0.04330478849204187],[1.9267299201836845,0.11160628681826398,-0.03959450594123034],[1.8867299201836625,0.10482134061941811,-0.03627549625020099],[1.8467299201836402,0.09820945851354457,-0.03326944768956259],[1.8067299201836182,0.09173598817275107,-0.030513696586443463],[1.766729920183596,0.08537319785739929,-0.02795809414084789],[1.726729920183574,0.07909888982912303,-0.025562498985656337],[1.6867299201835517,0.07289529046390986,-0.02329477011826946],[1.6467299201835297,0.06674816157090048,-0.021129159850478155],[1.6067299201835075,0.06064608848284581,-0.019045026424053094],[1.5667299201834854,0.0545799093227445,-0.017025801922833268],[1.5267299201834632,0.048542256909992844,-0.01505816387691792],[1.4867299201834412,0.04252719040135465,-0.013131369139171525],[1.446729920183419,0.036529898248799375,-0.011236716727867004],[1.406729920183397,0.03054645762210064,-0.009367112777599365],[1.3667299201833747,0.024573638267324883,-0.0075167158460154706],[1.3267299201833527,0.01860874099413469,-0.005680644841696361],[1.2867299201833304,0.012649462716271929,-0.003854734969586323],[1.2467299201833084,0.006693781297244839,-0.0020353294912400927],[1.2067299201832862,0.0007398544435034417,-0.00021909688790059802]]","[[-0.20000000000000429,-0.03635904731844471,0.02099715391487025],[-0.20000000000000426,-0.03500657912179558,0.018551412754057656],[-0.20000000000000426,-0.03392473099422934,0.01659504845514675],[-0.20000000000000426,-0.03305941052936769,0.01503024280319199],[-0.20000000000000426,-0.03236735170396754,0.013778755515595629],[-0.20000000000000426,-0.031813951576758884,0.012778012227977854],[-0.20000000000000426,-0.03137154014138129,0.011977975775957776],[-0.20000000000000426,-0.031017996826065878,0.01133864433693439],[-0.20000000000000426,-0.030735644465046875,0.010828051338956528],[-0.20000000000000426,-0.030510365440273333,0.010420667132125297],[-0.20000000000000426,-0.030330895800506574,0.010096122506099134],[-0.20000000000000426,-0.03018826206375826,0.009838190229576733],[-0.20000000000000426,-0.030075332543190975,0.009633973688731971],[-0.20000000000000426,-0.02998646076277636,0.009473262056522613],[-0.20000000000000426,-0.029917203133493674,0.009348019751338187],[-0.20000000000000426,-0.02986409677387879,0.009251984657919477],[-0.20000000000000426,-0.029824486365950965,0.009180355021595542],[-0.20000000000000426,-0.029796391389313802,0.009129549360550191],[-0.20000000000000426,-0.029778407095135448,0.009097027391731152],[-0.20000000000000426,-0.029769634268706983,0.009081163016697475]]"
1782756172.5222993,TRACKING,MPC tracking AprilTag,Walk,True,fresh_solve,0,11,75.37398529052734,0.0941807091315385,-0.06685689962401066,1.8100395141855328,1.8137207320623685,0.05198552415471724,0.9824879171037129,0.006204966739384859,0.1862229608103441,-0.005108484917117454,0.999966679955519,-0.006367288323002396,-0.18625626466527082,0.005304466655544817,0.9824868785416122,1.9552827657523373,0.10986148864031241,-0.040749242042992045,-1.245637062142886,6.2817384759468124,1.1046691859184592,1.7842917587454514,-0.2126272841036686,-0.05506091531582791,0.17099100700688585,0.322488772743981,0.014311673272835862,0.1984449235952244,-0.04221645708678183,0.01828389896562779,-0.20000000000000395,-0.034097169232547034,0.01828389896562779,0.27908725602212603,-0.08692624221674165,-0.04630635673806591,1.4552827657523373,0.10986148864031241,-0.040749242042992045,optimal,97.07447100026911,False,"[[1.9552827657523175,0.10986148864031241,-0.040749242042992045],[1.915282765752297,0.103042054793803,-0.03709246224986649],[1.8752827657522766,0.09658449437847491,-0.03386977078549469],[1.8352827657522561,0.090416398879889,-0.03099430940521961],[1.7952827657522354,0.08447983302944323,-0.028396581368589035],[1.755282765752215,0.07872843804094255,-0.02602097660233299],[1.7152827657521945,0.07312511367128922,-0.02382299119670021],[1.675282765752174,0.06764016320832783,-0.021767002209970607],[1.6352827657521534,0.06224980863523754,-0.019824486521369245],[1.595282765752133,0.05693500172969111,-0.0179725946750276],[1.5552827657521124,0.05168047165273848,-0.016193008407190138],[1.515282765752092,0.046473961406859284,-0.014471024733026534],[1.4752827657520713,0.04130561498608681,-0.012794820797390149],[1.4352827657520508,0.03616748457570969,-0.011154862732060712],[1.3952827657520304,0.031053133161536337,-0.009543428962333298],[1.35528276575201,0.02595731267918534,-0.007954224128283078],[1.3152827657519894,0.020875701610866406,-0.006382064316769091],[1.2752827657519687,0.01580468890949085,-0.004822617865777181],[1.2352827657519483,0.010741193446317151,-0.0032721887813193006],[1.1952827657519278,0.005682509954513886,-0.0017275319377340996],[1.1552827657519074,0.0006261737658181477,-0.00018569082140386457]]","[[-0.20000000000000398,-0.03409716923254704,0.01828389896562779],[-0.20000000000000395,-0.03228780207664044,0.016113457321858985],[-0.20000000000000395,-0.030840477492929563,0.014377306901375404],[-0.20000000000000395,-0.02968282925222887,0.012988640183152864],[-0.20000000000000395,-0.028756974942503327,0.011878023831280237],[-0.20000000000000395,-0.028016621848266653,0.010989927028163895],[-0.20000000000000395,-0.027424752314807014,0.010279944933648017],[-0.20000000000000395,-0.026951772865451435,0.009712578443006811],[-0.20000000000000395,-0.026574034527732132,0.009259459231708218],[-0.20000000000000395,-0.02627265038476314,0.008897931339187303],[-0.20000000000000395,-0.026032551229396007,0.008609918370818027],[-0.20000000000000395,-0.02584173210386238,0.00838101967818192],[-0.20000000000000395,-0.025690652051885577,0.008199790326647183],[-0.20000000000000395,-0.02557175707086676,0.008057168848637077],[-0.20000000000000395,-0.025479102411754984,0.007946024170251094],[-0.20000000000000395,-0.02540805534159466,0.007860799057569937],[-0.20000000000000395,-0.02535506350687778,0.007797232254959547],[-0.20000000000000395,-0.02531747731586849,0.007752145422289405],[-0.20000000000000395,-0.025293417459016327,0.007723284217926004],[-0.20000000000000395,-0.02528168094347869,0.0077092055816511745]]"
1782756172.7051394,TRACKING,MPC tracking AprilTag,Walk,True,fresh_solve,0,11,74.58753204345703,0.06443303666099735,-0.058195325729777835,1.7756528477209068,1.777774267945601,0.036271041650179615,0.9984265494424408,0.012431033089875927,0.05467993036553451,-0.011859302354290824,0.999871694876601,-0.01076804217408573,-0.05480677253890075,0.01010263336520665,0.9984458695807987,1.9033073254229431,0.12566581865603013,-0.017984133156466273,-1.214683697792456,6.309334209288803,1.0980929363281675,1.7449479447690677,-0.22573070217241797,-0.04848466572553622,0.15835938065387545,0.3513965208284481,0.030500532569069944,0.19936738830088901,-0.036970771205933846,0.014836335708975761,-0.20000000000000367,-0.0333795362681614,0.014836335708975761,0.2802218876100935,-0.08047404858329862,-0.042100329564950426,1.4033073254229431,0.12566581865603013,-0.017984133156466273,optimal,79.93072600038431,False,"[[1.903307325422925,0.12566581865603013,-0.017984133156466273],[1.863307325422906,0.11898991140239785,-0.01501686601467112],[1.823307325422887,0.11242881683684552,-0.012601167745078997],[1.7833073254228684,0.10595956168897998,-0.010626673012172676],[1.7433073254228495,0.09956376465929238,-0.009005076657269222],[1.7033073254228306,0.09322671735418278,-0.007665718440585845],[1.6633073254228117,0.08693664886628015,-0.006552050029250754],[1.6233073254227928,0.08068413722907379,-0.005618807580659575],[1.5833073254227739,0.07446163831858785,-0.0048297485503451315],[1.543307325422755,0.06826310864718244,-0.004155839564754081],[1.503307325422736,0.06208370318917173,-0.0035738047525692503],[1.4633073254227171,0.05591953312953965,-0.00306496195114378],[1.4233073254226982,0.049767471423189026,-0.002614288598368776],[1.3833073254226795,0.043624996442686775,-0.0022096706045678697],[1.3433073254226606,0.037490065896892216,-0.0018412966480133952],[1.3033073254226417,0.031361014716400064,-0.00150116760884001],[1.2633073254226228,0.025236471800070152,-0.0011826966130514252],[1.223307325422604,0.01911529145997043,-0.0008803796888205919],[1.183307325422585,0.012996496136980352,-0.0005895205678983491],[1.143307325422566,0.006879227522834854,-0.0003059958722009651],[1.1033073254225472,0.0007627036447111031,-2.6048944905951293e-05]]","[[-0.20000000000000365,-0.0333795362681614,0.014836335708975761],[-0.20000000000000365,-0.032805472827761625,0.012078491347960619],[-0.20000000000000365,-0.032346275739327725,0.009872473664531603],[-0.20000000000000365,-0.031978985148438006,0.008107981774517267],[-0.20000000000000365,-0.031685236525547986,0.00669679108341689],[-0.20000000000000365,-0.03145034243951315,0.0055683420566754556],[-0.20000000000000365,-0.03126255818603177,0.004666212242955891],[-0.20000000000000365,-0.031112494552429773,0.003945295151572219],[-0.20000000000000365,-0.03099264835702706,0.003369544927955255],[-0.20000000000000365,-0.030897027290053492,0.002910174060924151],[-0.20000000000000365,-0.030820850298160396,0.002544214007127352],[-0.20000000000000365,-0.03076030853175311,0.0022533667638750185],[-0.20000000000000365,-0.030712374902511275,0.002023089969004533],[-0.20000000000000365,-0.0306746527289728,0.0018418697827723715],[-0.20000000000000365,-0.03064525590246076,0.0017006451958669262],[-0.20000000000000365,-0.030622714581649547,0.0015923549789429244],[-0.20000000000000365,-0.03060590170049861,0.0015115846211541664],[-0.20000000000000365,-0.03059397661495039,0.001454295604611214],[-0.20000000000000365,-0.03058634307072749,0.0014176234784869196],[-0.20000000000000365,-0.030582619390618758,0.001399734636475069]]"
1782756172.9600844,TRACKING,MPC tracking AprilTag,Walk,True,fresh_solve,0,11,74.74930572509766,0.027868854524044803,-0.04839152103387257,1.7290938515137977,1.7299953640698789,0.01611621118444073,0.9984451269175888,0.003368372088206407,-0.055641554651136266,-0.009231654729886747,0.9943808895618237,-0.10545815769860742,0.05497367629573405,0.1058078472690546,0.9928658491311,1.8515691866335382,0.15059409907785465,0.016046806577073563,-1.1689281823139772,6.351908692203346,1.0901994936374115,1.6852439850938472,-0.2442128825427563,-0.040591223034780244,0.166325201539691,0.39480698162061095,0.05663802961185381,0.2,-0.031172807477751408,0.010139254298196699,-0.19947404800802623,-0.03437801764698785,0.010139254298196699,0.281,-0.07334255319763423,-0.03636989024379997,1.3515691866335382,0.15059409907785465,0.016046806577073563,optimal,84.76650300053734,False,"[[1.8515691866335215,0.15059409907785465,0.016046806577073563],[1.8115691866335044,0.14371680743358126,0.018074657436712903],[1.771569186633487,0.13667842032425598,0.019351031469526696],[1.7315691866334697,0.1295111719022155,0.020026294289503928],[1.6915691866334526,0.12224085325416073,0.02022075594999176],[1.6515691866334352,0.11488810195549183,0.020030686446362876],[1.611569186633418,0.1074694339490783,0.019533129215784137],[1.5715691866334007,0.09999806934240238,0.0187897533090749],[1.5315691866333834,0.09248459341293318,0.017849936843248003],[1.4915691866333662,0.08493748587200019,0.016753235907360393],[1.4515691866333489,0.07736354485035968,0.015531362366965994],[1.4115691866333318,0.06976822680473253,0.01420976945739338],[1.3715691866333144,0.06215591934064033,0.012808924445512218],[1.331569186633297,0.05453016059268139,0.01134533199307675],[1.29156918663328,0.04689381613126068,0.009832359389813498],[1.2515691866332626,0.03924922224111009,0.008280904917907598],[1.2115691866332454,0.03159830273552502,0.006699942766112053],[1.171569186633228,0.023942665147029134,0.005096971739185382],[1.1315691866332107,0.016283681104000566,0.0034783901981295493],[1.0915691866331936,0.008622554912090814,0.0018498159782400626],[1.0515691866331762,0.0009603837695073109,0.00021636728087074414]]","[[-0.20000000000000334,-0.034386458221367,0.010139254298196699],[-0.20000000000000334,-0.035191935546626335,0.006381870164068961],[-0.20000000000000334,-0.035836242110202365,0.0033763140998861593],[-0.20000000000000334,-0.036351593240273886,0.0009723083024391541],[-0.20000000000000334,-0.03676375649334448,-0.0009503475181444058],[-0.20000000000000334,-0.03709334003206768,-0.0024877861528936973],[-0.20000000000000334,-0.03735682303337964,-0.0037168795335461853],[-0.20000000000000334,-0.03756737964734595,-0.004699082329134494],[-0.20000000000000334,-0.03773553770466495,-0.005483504679438039],[-0.20000000000000334,-0.037869705108202575,-0.006109367701971998],[-0.20000000000000334,-0.03797659022813571,-0.006607964547863068],[-0.20000000000000334,-0.038061537320461,-0.007004225059405804],[-0.20000000000000334,-0.03812879373979471,-0.007317962262177342],[-0.20000000000000334,-0.03818172230710355,-0.007564863016316259],[-0.20000000000000334,-0.03822296945075294,-0.007757272359529501],[-0.20000000000000334,-0.03825459752792536,-0.007904810758977728],[-0.20000000000000334,-0.03827818794247942,-0.008014855134633354],[-0.20000000000000334,-0.03829492021514283,-0.00809290770527916],[-0.20000000000000334,-0.03830563095954876,-0.008142871099447434],[-0.20000000000000334,-0.03831085571291751,-0.008167243486846592]]"
1782756173.2258258,TRACKING,MPC tracking AprilTag,Walk,True,fresh_solve,0,11,74.3333740234375,0.006391361581288338,-0.06499333084717306,1.6509787823269046,1.6522699302024175,0.0038712367001215663,0.9979213272548633,0.0009172646788731271,-0.06443743659861843,-0.009403425538346834,0.9912693060214053,-0.13151706553898734,0.06375421710002284,0.13184961723626815,0.9892174069619948,1.8010749201363319,0.09508839077694412,0.00537560868772923,-1.1428010986479458,6.40344454075911,1.0828570109120084,1.6275416842956187,-0.24121077164454918,-0.03324874030937708,0.17353323584071312,0.33629916242149327,0.03862434899710631,0.2,-0.030619019425299883,0.007275854746662265,-0.1998325152159746,-0.03169369358443699,0.007275854746662265,0.281,-0.07266139389311886,-0.032876542790927964,1.3010749201363319,0.09508839077694412,0.00537560868772923,optimal,100.19071700025961,False,"[[1.8010749201363168,0.09508839077694412,0.00537560868772923],[1.7610749201363012,0.0887494719917902,0.006830779637061683],[1.7210749201362854,0.08283986889582617,0.007827840917700125],[1.6810749201362698,0.07727367821845771,0.008458457287822733],[1.641074920136254,0.0719821673100203,0.008795971260081888],[1.6010749201362384,0.06691033750929597,0.008899070227236804],[1.5610749201362226,0.06201417421045242,0.008814720831791478],[1.521074920136207,0.057258446132751356,0.008580517298119898],[1.4810749201361912,0.052614943756511635,0.008226561143684738],[1.4410749201361757,0.04806106884712518,0.0077769662549104935],[1.4010749201361599,0.04357870454332657,0.007251064581504704],[1.3610749201361443,0.03915330951412977,0.006664372733943337],[1.3210749201361285,0.03477319089227885,0.006029367813994574],[1.281074920136113,0.03042891963088516,0.0053561112698072314],[1.241074920136097,0.026112859051082918,0.004652751968318197],[1.2010749201360815,0.021818783008085922,0.003925933638599269],[1.1610749201360657,0.01754156458394822,0.0031811270583107566],[1.1210749201360501,0.013276919741666829,0.0024229035925844872],[1.0810749201360343,0.009021193123331583,0.0016551637622804008],[1.0410749201360188,0.004771175282229624,0.0008813322700295459],[1.001074920136003,0.0005239422105097568,0.00010452923536563329]]","[[-0.20000000000000304,-0.03169459392576953,0.007275854746662265],[-0.20000000000000304,-0.029548015479820174,0.004985306403192212],[-0.20000000000000304,-0.027830953386842314,0.0031530818506130365],[-0.20000000000000304,-0.026457554542187053,0.0016875698612957787],[-0.20000000000000304,-0.025359149003621632,0.000515494835774577],[-0.20000000000000304,-0.02448081649421778,-0.00042174697722662956],[-0.20000000000000304,-0.023778640388505305,-0.0011710176683579008],[-0.20000000000000304,-0.02321751188119858,-0.0017697807721758006],[-0.20000000000000304,-0.022769374546932272,-0.002247974443871224],[-0.20000000000000304,-0.022411821518993066,-0.0026295083670289415],[-0.20000000000000304,-0.022126975145983996,-0.00293345923780684],[-0.20000000000000304,-0.021900593109254615,-0.0031750245997438135],[-0.20000000000000304,-0.02172135630696845,-0.003366282720936711],[-0.20000000000000304,-0.021580302899011194,-0.0035167965074451774],[-0.20000000000000304,-0.021470380214984985,-0.0036340916485946366],[-0.20000000000000304,-0.02138609212068851,-0.003724032901442561],[-0.20000000000000304,-0.021323224211406953,-0.0037911173286313466],[-0.20000000000000304,-0.021278633091676224,-0.0038386991515204326],[-0.20000000000000304,-0.021250089205509793,-0.003869157461254274],[-0.20000000000000304,-0.02123616535859934,-0.0038840151733195625]]"
1782756173.462057,TRACKING,MPC tracking AprilTag,Walk,True,fresh_solve,0,11,74.32852172851562,-0.020389573391118326,-0.055337387098175914,1.5945112113543198,1.5956014427947054,-0.012786653372040825,0.9899132883557772,0.0060085723915368604,-0.14154708967148547,-0.015009568513047225,0.9979252858616089,-0.0626085991783735,0.14087723162279994,0.06410164503225912,0.9879496873396206,1.7451581918081411,0.08443866136773995,0.015346637001762992,-1.1036062555428616,6.45070859953404,1.0737095825173462,1.5670374216352854,-0.2516683611297791,-0.024101311914714874,0.17812077017285577,0.336107022497519,0.03944794891647786,0.2,-0.02594723502209152,0.004508808117144683,-0.19957826136898532,-0.029013386465985547,0.004508808117144683,0.281,-0.06691509907717258,-0.029500745902916514,1.2451581918081411,0.08443866136773995,0.015346637001762994,optimal,86.92441299990605,False,"[[1.7451581918081278,0.08443866136773995,0.015346637001762992],[1.7051581918081138,0.07863468951897434,0.01624839862519193],[1.6651581918080998,0.07325849917323463,0.016707465894621302],[1.625158191808086,0.06822449404057619,0.016812419064255082],[1.585158191808072,0.06346418709170847,0.01663413268330747],[1.5451581918080581,0.058922776206530435,0.01622931932346358],[1.505158191808044,0.054556404068125584,0.015643365207463737],[1.4651581918080303,0.05032996529691604,0.01491259952024044],[1.4251581918080163,0.04621535118168368,0.014066110868165034],[1.3851581918080023,0.04219004424400926,0.013127201709366258],[1.3451581918079885,0.038235992364351434,0.012114553476636673],[1.3051581918079744,0.03433870617606969,0.01104316064907231],[1.2651581918079606,0.030486534597092295,0.00992508047602745],[1.2251581918079466,0.02667008227581276,0.00877003583958236],[1.1851581918079326,0.02288173982350947,0.007585901398647288],[1.1451581918079188,0.01911530334490964,0.006379097321907987],[1.1051581918079048,0.015365664243425644,0.005154910296259996],[1.065158191807891,0.01162855379132565,0.003917757861153422],[1.025158191807877,0.007900329693347034,0.0026714092855654402],[0.985158191807863,0.004177793971933233,0.0014191740314491567],[0.9451581918078491,0.0004580330683559257,0.00016406722683126284]]","[[-0.2000000000000027,-0.029019859243828005,0.004508808117144683],[-0.2000000000000027,-0.026880951728698574,0.0022953363471468623],[-0.2000000000000027,-0.025170025663292222,0.0005247658481689092],[-0.2000000000000027,-0.023801534744338628,-0.0008914319047380726],[-0.2000000000000027,-0.022707054425890112,-0.002024066799219432],[-0.2000000000000027,-0.021831860692024255,-0.002929770579999238],[-0.2000000000000027,-0.02113219385604776,-0.0036538284361164793],[-0.2000000000000027,-0.020573070576161798,-0.004232443260377019],[-0.2000000000000027,-0.020126534688372076,-0.004694545793993885],[-0.2000000000000027,-0.01977025939828911,-0.0050632411636479194],[-0.2000000000000027,-0.019486430941408745,-0.005356964137821824],[-0.2000000000000027,-0.019260857894886966,-0.005590400865224294],[-0.2000000000000027,-0.019082261606397682,-0.005775223182225452],[-0.2000000000000027,-0.018941712261516433,-0.0059206722046753575],[-0.2000000000000027,-0.018832182392999157,-0.006034020383696505],[-0.2000000000000027,-0.018748195507419983,-0.006120935128239953],[-0.2000000000000027,-0.01868555226049996,-0.006185762175532872],[-0.2000000000000027,-0.01864112048989308,-0.006231742877939909],[-0.2000000000000027,-0.018612678607069007,-0.006261176270581416],[-0.2000000000000027,-0.018598804517886532,-0.006275534023089469]]"
1782756173.6635194,TRACKING,MPC tracking AprilTag,Walk,True,fresh_solve,0,11,73.98727416992188,-0.041073620506460275,-0.054659139470325135,1.5543164440235582,1.5558194856702316,-0.02641937167125768,0.9866113302712693,0.0036303193812354537,-0.16304877724640143,-0.01424807465913996,0.9978483060695196,-0.06399805030387992,0.16246561281964866,0.06546433269636678,0.9845401697217617,1.6924936725297324,0.11041740218706048,0.044006512602597456,-1.0676467023923795,6.476242515979914,1.0718164813911046,1.526989038014126,-0.27013988844020176,-0.022208210788473348,0.16550463451560637,0.38055729062726223,0.0662147233910708,0.2,-0.019792824983915457,0.00065541845876236,-0.19893564183628257,-0.028572125017754937,0.00065541845876236,0.281,0.0,-0.02479961051969008,1.1924936725297324,0.11041740218706048,0.044006512602597456,optimal,87.33461700012413,False,"[[1.6924936725297206,0.11041740218706048,0.044006512602597456],[1.6524936725297084,0.10469360339352905,0.04413759629434993],[1.6124936725296959,0.09903290268096497,0.04365218374519027],[1.5724936725296836,0.09342267453471832,0.04267363183383722],[1.5324936725296714,0.08785281706845499,0.04130064047089982],[1.4924936725296591,0.08231524692984009,0.039612187594407926],[1.452493672529647,0.0768034951329211,0.03767147806671366],[1.4124936725296346,0.07131238360883035,0.03552910391760901],[1.3724936725296224,0.06583776630234155,0.033225573945815455],[1.33249367252961,0.0603763218691085,0.03079333915892004],[1.2924936725295977,0.054925387608447805,0.0282584153237547],[1.2524936725295854,0.04948282632830469,0.025641683754737882],[1.2124936725295732,0.04404691948565025,0.022959935379595457],[1.172493672529561,0.03861628125933002,0.020226710285747018],[1.1324936725295487,0.03318978925900624,0.017452974724676853],[1.0924936725295362,0.027766528405640964,0.014647669424508165],[1.052493672529524,0.02234574517754419,0.011818156626409237],[1.0124936725295117,0.016926809934289334,0.00897058819665183],[0.9724936725294995,0.011509185434691902,0.006110213219924789],[0.9324936725294871,0.006092399974750278,0.003241640453568474],[0.8924936725294749,0.0006760238024456328,0.000369068765441781]]","[[-0.20000000000000237,-0.02861899396765715,0.00065541845876236],[-0.20000000000000237,-0.028303503562820343,-0.002427062745798283],[-0.20000000000000237,-0.028051140731233288,-0.004892759556765278],[-0.20000000000000237,-0.02784928733131663,-0.006864956814686975],[-0.20000000000000237,-0.02768785069307454,-0.008442264382459458],[-0.20000000000000237,-0.027558758984594908,-0.009703547638471354],[-0.20000000000000237,-0.02745555762045376,-0.010711870745523253],[-0.20000000000000237,-0.027373086532444035,-0.011517649858967752],[-0.20000000000000237,-0.027307222166165244,-0.01216117393447708],[-0.20000000000000237,-0.02725467130330345,-0.012674619175826699],[-0.20000000000000237,-0.027212806400715564,-0.01308365784508409],[-0.20000000000000237,-0.02717953421327219,-0.013408741875712123],[-0.20000000000000237,-0.027153191131601157,-0.0136661254692422],[-0.20000000000000237,-0.02713246000161892,-0.013868677805350825],[-0.20000000000000237,-0.027116304266826364,-0.01402652650084343],[-0.20000000000000237,-0.027103916140483863,-0.014147563990494645],[-0.20000000000000237,-0.027094676216274285,-0.014237842148787028],[-0.20000000000000237,-0.027088122497987154,-0.014301874883635202],[-0.20000000000000237,-0.027083927299708117,-0.014342863831781575],[-0.20000000000000237,-0.027081880861523223,-0.014362858440633465]]"
1782756173.932237,TRACKING,MPC tracking AprilTag,Walk,True,fresh_solve,0,11,73.21585845947266,-0.06657606538446709,-0.050654501760573886,1.493613685000492,1.4959545751965322,-0.04454433356444818,0.998828829523044,0.004231668358434969,-0.048198156567758874,0.0006750527231678615,0.9948521596481367,0.10133471639699497,0.048378855065482076,-0.10124857246570283,0.9936841615705718,1.6405979050034094,0.11618999660292796,0.06482908522902604,-1.0324448610936972,6.529099783168177,1.0650048304268733,1.4636223457762174,-0.27434971507027095,-0.01539655982424204,0.176975559227192,0.3905397116731989,0.08022564505326808,0.2,-0.015628815425076274,-0.0035273413131832972,-0.19856737390648757,-0.02855272126211896,-0.0035273413131832972,0.281,0.0,0.028303356402083625,1.1405979050034094,0.11618999660292796,0.06482908522902604,optimal,107.02284600029088,False,"[[1.6405979050033992,0.11618999660292796,0.06482908522902604],[1.6005979050033885,0.1104608511162233,0.06412361696638938],[1.5605979050033778,0.10471993012362224,0.06274895718546607],[1.5205979050033671,0.09896958982708733,0.060839006746444234],[1.4805979050033564,0.09321171546338435,0.0585009019766071],[1.440597905003346,0.0874478155659207,0.05582037148669712],[1.4005979050033353,0.08167909739141575,0.052866022601453094],[1.3605979050033246,0.07590652728273682,0.049692771725847136],[1.3205979050033139,0.0701308789860425,0.04634459016533325],[1.2805979050033032,0.06435277233809063,0.042856702691120054],[1.2405979050032925,0.05857270425807616,0.03925734877873119],[1.200597905003282,0.05279107359359092,0.035569194581781524],[1.1605979050032713,0.0470082010630032,0.031810466239657886],[1.1205979050032606,0.04122434529137616,0.027995861184488387],[1.08059790500325,0.03543971574172101,0.024137283012748874],[1.0405979050032392,0.029654483188147535,0.02024443666508667],[1.0005979050032285,0.023868788254569614,0.016325313673352975],[0.960597905003218,0.018082748445900902,0.012386591737195411],[0.9205979050032073,0.012296464023300513,0.008433968609040408],[0.8805979050031967,0.006510023017230981,0.004472446981714523],[0.840597905003186,0.000723505628981377,0.000506584623085768]]","[[-0.20000000000000207,-0.02864572743352337,-0.0035273413131832972],[-0.20000000000000207,-0.02870460496300522,-0.006873298904616583],[-0.20000000000000207,-0.028751701482674575,-0.009549752195109161],[-0.20000000000000207,-0.028789371818514903,-0.011690523849185662],[-0.20000000000000207,-0.028819499487318226,-0.013402652449549909],[-0.20000000000000207,-0.028843590872524708,-0.014771744426220116],[-0.20000000000000207,-0.028862850543394665,-0.015866254378029795],[-0.20000000000000207,-0.028878241483471605,-0.016740907802569423],[-0.20000000000000207,-0.02889053323975937,-0.01743943737106599],[-0.20000000000000207,-0.028900340400072354,-0.017996769561944317],[-0.20000000000000207,-0.0289081533224262,-0.018440770984748327],[-0.20000000000000207,-0.028914362652938598,-0.01879364171061821],[-0.20000000000000207,-0.028919278858135177,-0.019073025275847474],[-0.20000000000000207,-0.028923147748275757,-0.019292890858697575],[-0.20000000000000207,-0.028926162767867372,-0.01946423173831102],[-0.20000000000000207,-0.028928474667889604,-0.019595614958668475],[-0.20000000000000207,-0.028930199043343558,-0.019693609680787816],[-0.20000000000000207,-0.02893142211300194,-0.019763115640775014],[-0.20000000000000207,-0.028932205030347664,-0.019807608136629427],[-0.20000000000000207,-0.028932586941248017,-0.019829311793143775]]"
1782756174.1125784,TRACKING,MPC tracking AprilTag,Walk,True,fresh_solve,0,11,72.96481323242188,-0.07156566593993333,-0.06861814376463057,1.4533300622853242,1.4567080572775706,-0.04920279776811733,0.9999929945945291,0.003237093665841461,0.0018793579927277725,-0.0032750435964133484,0.9997833814604791,0.020553935022078675,-0.0018124158760760712,-0.020559946012789272,0.9997869791953901,1.590993800823949,0.0640687262637151,0.05050674774354428,-1.0130790026433312,6.565655988270352,1.062278182779587,1.4222773019826613,-0.2729426050174131,-0.012669912176955789,0.1687164988412877,0.33701133128112815,0.06317665992050006,0.2,-0.015270358711750639,-0.005778402297326681,-0.1989740327721091,-0.025347941486227328,-0.005778402297326681,0.281,0.0,0.03104965080273855,1.090993800823949,0.0640687262637151,0.05050674774354428,optimal,86.9643959995301,False,"[[1.5909938008239404,0.0640687262637151,0.05050674774354428],[1.5509938008239312,0.05898876549155032,0.049351067284078946],[1.510993800823922,0.05441323378006373,0.04783524400029022],[1.470993800823913,0.05024119816270841,0.04603134012346722],[1.4309938008239038,0.046391900477644014,0.04399701385524735],[1.3909938008238947,0.04280071945964474,0.04177840227769817],[1.3509938008238858,0.03941593967683804,0.03941242820742078],[1.3109938008238766,0.036196165759111,0.03692864633637986],[1.2709938008238675,0.03310825262960467,0.034350720966501914],[1.2309938008238583,0.030125648250871162,0.0316976092247716],[1.1909938008238492,0.027227066023001206,0.02898450891958096],[1.15099380082384,0.02439542045362873,0.026223618431149013],[1.110993800823831,0.02161697288331252,0.023424746630532713],[1.070993800823822,0.018880644552564177,0.020595803323179805],[1.0309938008238129,0.01617746266387371,0.01774319473920119],[0.9909938008238037,0.013500111741834008,0.014872143844876494],[0.9509938008237946,0.010842567859370498,0.011986951490968036],[0.9109938008237854,0.008199797441387423,0.009091211455258947],[0.8709938008237764,0.005567505586013047,0.006187990131442326],[0.8309938008237673,0.002941921319506063,0.0032799798488058938],[0.7909938008237581,0.0003196090475685395,0.00036963348869638394]]","[[-0.20000000000000176,-0.0253998038608239,-0.005778402297326681],[-0.20000000000000176,-0.02287765855743296,-0.007579116418943631],[-0.20000000000000176,-0.020860178086776586,-0.009019519384114995],[-0.20000000000000176,-0.01924648842532196,-0.010171631341099342],[-0.20000000000000176,-0.01795590508999636,-0.011093057887745887],[-0.20000000000000176,-0.016923898914033494,-0.011829870351386959],[-0.20000000000000176,-0.016098869588635222,-0.012418909355204611],[-0.20000000000000176,-0.015439565647531637,-0.012889626849389726],[-0.20000000000000176,-0.014913021893667553,-0.01326555870865156],[-0.20000000000000176,-0.014492911139349769,-0.013565501525953202],[-0.20000000000000176,-0.01415822784686239,-0.013804452442159736],[-0.20000000000000176,-0.013892237851581054,-0.01399435900308149],[-0.20000000000000176,-0.013681641653741692,-0.01414471653676455],[-0.20000000000000176,-0.013515909443452337,-0.01426304291989307],[-0.20000000000000176,-0.013386754610198517,-0.014355254471623476],[-0.20000000000000176,-0.013287719412317545,-0.014425961769542287],[-0.20000000000000176,-0.01321385208991537,-0.014478700178545446],[-0.20000000000000176,-0.013161459276871885,-0.014516106619083109],[-0.20000000000000176,-0.013127921332534917,-0.014540051413182157],[-0.20000000000000176,-0.013111561359687616,-0.014551731800547548]]"
1782756174.3077936,TRACKING,MPC tracking AprilTag,Walk,True,fresh_solve,0,11,72.9465560913086,-0.07874592044279097,-0.060318011192867345,1.3966704815742563,1.4001884218066905,-0.05632154479169662,0.9987211046501777,0.005100006197425825,0.05030054734408953,-0.007437352561066332,0.9988956946496451,0.0463904839087204,-0.05000840842509561,-0.04670525823918614,0.9976561421349541,1.5463618791757006,0.030189900543226726,0.041197991380346057,-0.9821651289564296,6.606468120282395,1.0622560559834695,1.3714915165994102,-0.27943118796783206,-0.012647785380838217,0.1748703625762904,0.3096210885110588,0.05384577676118427,0.2,-0.012639355984755468,-0.006890623440521413,-0.1993097277637105,-0.020865898937380722,-0.006890623440521413,0.281,0.0,0.03240656059743612,1.0463618791757006,0.030189900543226726,0.041197991380346057,optimal,82.561842999894,False,"[[1.5463618791756932,0.030189900543226726,0.041197991380346057],[1.5063618791756854,0.02601102996984947,0.03981986669224177],[1.4663618791756778,0.02254468028997184,0.03826379992855451],[1.42636187917567,0.019648280717900236,0.036565396138561086],[1.3863618791756622,0.017207757973331354,0.034753143520223004],[1.3463618791756546,0.015131832617337032,0.03284983783008454],[1.3063618791756468,0.013347455080417833,0.03087372217109996],[1.2663618791756392,0.011796153184028076,0.028839399147781206],[1.2263618791756314,0.010431108531648555,0.026758560996423524],[1.1863618791756239,0.009214815588960569,0.02464057419692021],[1.146361879175616,0.008117206407130003,0.02249294779675728],[1.1063618791756085,0.007114147225365606,0.020321708863387765],[1.0663618791756007,0.006186231782879437,0.018131703837604367],[1.0263618791755929,0.00531781100584747,0.015926840855579102],[0.9863618791755853,0.004496210553718382,0.013710285155671884],[0.9463618791755776,0.0037110971021860027,0.011484617340348531],[0.9063618791755699,0.00295396167697399,0.009251962406304057],[0.8663618791755621,0.0022176942051220236,0.0070140959942974175],[0.8263618791755544,0.0014962280113377845,0.004772533171189461],[0.7863618791755467,0.0007842364842323405,0.00252860418328597],[0.746361879175539,7.686674575069897e-05,0.0002835209686529502]]","[[-0.2000000000000015,-0.02089435286688628,-0.006890623440521413],[-0.20000000000000148,-0.01733174839938815,-0.007780333818436316],[-0.20000000000000148,-0.014481997860358024,-0.008492018949967133],[-0.20000000000000148,-0.012202613722844405,-0.009061263091690407],[-0.20000000000000148,-0.01037962677997161,-0.009516528450692301],[-0.20000000000000148,-0.008921887684595994,-0.009880578294922912],[-0.20000000000000148,-0.007756509481948783,-0.010171615116593764],[-0.20000000000000148,-0.006825223261897611,-0.010404190756788407],[-0.20000000000000148,-0.0060814647134399226,-0.010589933997516569],[-0.20000000000000148,-0.0054880459091528324,-0.010738132000814658],[-0.20000000000000148,-0.005015295908821987,-0.010856194666847578],[-0.20000000000000148,-0.004639577212430841,-0.01095002512891698],[-0.20000000000000148,-0.0043421038851598395,-0.011024314910126329],[-0.20000000000000148,-0.004108002260645433,-0.011082778499536095],[-0.20000000000000148,-0.0039255672576619,-0.011128339076616764],[-0.20000000000000148,-0.0037856771260600633,-0.011163274670222371],[-0.20000000000000148,-0.0036813373592598326,-0.011189332060033195],[-0.20000000000000148,-0.003607330968921195,-0.01120781411553978],[-0.20000000000000148,-0.0035599576355272197,-0.011219644939517454],[-0.20000000000000148,-0.003536848692408207,-0.0112254160731651]]"
1782756174.5220518,TRACKING,MPC tracking AprilTag,Walk,True,fresh_solve,0,11,72.5287857055664,-0.07847271386182056,-0.05821508894774091,1.3624322617687223,1.365931415302492,-0.057533949630473376,0.9892368533874083,0.003207960921729169,-0.1462879246106933,-0.013364520711307133,0.9975616838761094,-0.06849873318841855,0.14571148714612814,0.06971653927860856,0.9868676540776264,1.4926706171478668,-0.013845071821063419,0.02273138153356156,-0.948941271434681,6.6353471785335625,1.0701015711281328,1.3299042639307856,-0.2938646605082763,-0.020493300525501468,0.1627663532170811,0.2800195886872129,0.04322468205906304,0.2,-0.01025100552625983,-0.00658042908453281,-0.19971533120351423,-0.014794242007282419,-0.00658042908453281,0.281,0.0,0.03202812348313003,0.9926706171478668,-0.013845071821063419,0.02273138153356156,optimal,96.82367799996427,False,"[[1.492670617147861,-0.013845071821063419,0.02273138153356156],[1.452670617147855,-0.01680521462847894,0.021415295716655],[1.412670617147849,-0.018795000419614,0.02014883728534209],[1.3726706171478429,-0.020008591307434726,0.018922076123298447],[1.3326706171478369,-0.02060133965974154,0.017727066977663148],[1.2926706171478308,-0.02069755571755916,0.01655745219639569],[1.2526706171478248,-0.02039672310718785,0.01540814384567396],[1.2126706171478188,-0.019778473021518427,0.01427506931320313],[1.1726706171478127,-0.0189065657796768,0.013154967677600918],[1.1326706171478067,-0.017832078842980267,0.012045226662328476],[1.0926706171478007,-0.016595960688003383,0.01094375202186344],[1.0526706171477946,-0.015231078230406689,0.009848862829423818],[1.0126706171477886,-0.013763860170719726,0.008759207430628888],[0.9726706171477826,-0.012215618429367527,0.007673695860780166],[0.9326706171477765,-0.010603613742691866,0.006591445346626475],[0.8926706171477705,-0.008941918699768339,0.00551173616770139],[0.8526706171477645,-0.007242121371860151,0.004433975670299917],[0.8126706171477585,-0.005513904715981275,0.003357668634793242],[0.7726706171477525,-0.0037655307227471464,0.002282392514647292],[0.7326706171477465,-0.0020042535159054404,0.001207776309096029],[0.6926706171477405,-0.00023668205852345254,0.00013348201310315]]","[[-0.20000000000000118,-0.014800714037077613,-0.00658042908453281],[-0.20000000000000118,-0.009948928955675288,-0.0063322921565645484],[-0.20000000000000118,-0.006067954439103633,-0.006133805810218213],[-0.20000000000000118,-0.002963741761534065,-0.005975045728176489],[-0.20000000000000118,-0.0004810802890881054,-0.00584807390633729],[-0.20000000000000118,0.0015041630518565442,-0.005746541753608654],[-0.20000000000000118,0.0030912504283471154,-0.005665372662354152],[-0.20000000000000118,0.004359536209208138,-0.005600508178011056],[-0.20000000000000118,0.005372434683482662,-0.005548705076362214],[-0.20000000000000118,0.006180590774884414,-0.005507373202325183],[-0.20000000000000118,0.006824412287983481,-0.005474445962198111],[-0.20000000000000118,0.007336090298434818,-0.005448276993974644],[-0.20000000000000118,0.00774120870676099,-0.005427557849243609],[-0.20000000000000118,0.008060023433378307,-0.005411252570768456],[-0.20000000000000118,0.008308475214617634,-0.005398545894625425],[-0.20000000000000118,0.008498986639540938,-0.005388802487007365],[-0.20000000000000118,0.008641083279394382,-0.005381535177533373],[-0.20000000000000118,0.008741869966170643,-0.005376380600729751],[-0.20000000000000118,0.00880638603420853,-0.005373081027756315],[-0.20000000000000118,0.008837857286909938,-0.005371471479964395]]"
1782756174.7070785,TRACKING,MPC tracking AprilTag,Walk,True,fresh_solve,0,11,72.757568359375,-0.07973521425302156,-0.05187753640915421,1.3164593095757466,1.319891698945224,-0.0604940278332161,0.9999912711681134,-0.0010195848265128233,0.004051917368636238,0.0007346775808807051,0.9975674711017599,0.06970366452699296,-0.004113129761247811,-0.06970007924257311,0.997559512569123,1.4469988274914312,-0.03501812279739035,0.016211073626229495,-0.9268992223842445,6.675974516923,1.075432148790326,1.28369611414224,-0.2927513572831969,-0.025823878187694715,0.1633027133491911,0.25773323448580654,0.0420349518139242,0.2,-0.005688253811915854,-0.005943400516664361,-0.1998815120222075,-0.008929579113535934,-0.005943400516664361,0.281,0.0,0.031250948630330525,0.9469988274914312,-0.03501812279739035,0.0162110736262295,optimal,81.44323799933773,False,"[[1.4469988274914267,-0.03501812279739035,0.016211073626229495],[1.4069988274914222,-0.03680442281722002,0.015022393522896622],[1.3669988274914175,-0.03765275427735828,0.01393563036860373],[1.326998827491413,-0.03775079857175596,0.012930391246269105],[1.2869988274914084,-0.03724872273607685,0.011990359440408951],[1.2469988274914037,-0.036266687799480925,0.011102478601363194],[1.2069988274913992,-0.0349008568360823,0.01025629992781248],[1.1669988274913945,-0.033228203118654966,0.009443459726712202],[1.12699882749139,-0.03131035878227147,0.008657261228640285],[1.0869988274913853,-0.029196696431056553,0.007892339749326065],[1.0469988274913808,-0.026926797768393386,0.007144394455436763],[1.0069988274913761,-0.02453243268209273,0.0064099733229108485],[0.9669988274913716,-0.022039147738783467,0.005686300535754959],[0.926998827491367,-0.01946754351224405,0.004971137695244233],[0.8869988274913624,-0.016834304612091427,0.004262671899986069],[0.8469988274913578,-0.014153033914261884,0.003559425100850491],[0.8069988274913532,-0.01143493270480786,0.0028601801985136534],[0.7669988274913486,-0.008689360744200571,0.0021639201884916482],[0.726998827491344,-0.00592430425535357,0.0014697773109163088],[0.6869988274913394,-0.003146775234768424,0.0007769896625418012],[0.6469988274913349,-0.00036316205235979254,8.486310158233353e-05]]","[[-0.2000000000000009,-0.008931500099148355,-0.005943400516664361],[-0.2000000000000009,-0.004241657300691295,-0.005433815771464463],[-0.2000000000000009,-0.0004902214719883848,-0.005026195611673121],[-0.2000000000000009,0.002510379178395521,-0.004700159029300768],[-0.2000000000000009,0.004910174682979618,-0.004439404195228787],[-0.2000000000000009,0.006829154816993111,-0.004230893367753579],[-0.2000000000000009,0.008363268587136674,-0.004064201005501381],[-0.2000000000000009,0.009589221681917486,-0.003930992490359587],[-0.2000000000000009,0.010568311756074587,-0.0038246073965711035],[-0.2000000000000009,0.011349493313315834,-0.0037397264694465087],[-0.2000000000000009,0.011971825431503286,-0.003672105662629572],[-0.2000000000000009,0.012466424716546319,-0.003618363935779447],[-0.2000000000000009,0.012858021132697081,-0.003575814202553627],[-0.2000000000000009,0.013166194500763112,-0.003542328976290822],[-0.2000000000000009,0.013406353489147715,-0.0035162339956778905],[-0.2000000000000009,0.013590506047270119,-0.003496224511684187],[-0.2000000000000009,0.013727859803036441,-0.0034813000501100247],[-0.2000000000000009,0.013825282444235002,-0.0034707143878766975],[-0.2000000000000009,0.013887645102925728,-0.003463938241872538],[-0.2000000000000009,0.013918065912043155,-0.003460632804797338]]"
1782756174.9566896,TRACKING,MPC tracking AprilTag,Walk,True,fresh_solve,0,11,72.5408706665039,-0.05405754186067639,-0.06773693105090581,1.2613061106795882,1.2642798798121733,-0.04283217171618408,0.9981926794468567,0.003900219638506268,-0.05996801635435411,-0.00451561161052375,0.9999384951812844,-0.010129911469074035,0.05992481915273149,0.010382395742784253,0.9981488976641474,1.3983935720210405,-0.02779428177962981,0.026700039349519016,-0.9111167707155337,6.727818858065758,1.0836032154959314,1.2308769839029505,-0.28062448753181846,-0.03399494489330013,0.16751658811809,0.2528302057521886,0.06069498424281915,0.2,0.00036299862719965745,-0.006115618991432246,-0.19993840595100254,-0.004976504172154685,-0.006115618991432246,0.281,0.0,0.03146105516954734,0.8983935720210405,-0.02779428177962981,0.026700039349519013,optimal,81.13548500023171,False,"[[1.3983935720210376,-0.02779428177962981,0.026700039349519016],[1.3583935720210345,-0.028789911604949186,0.025476915551232566],[1.3183935720210314,-0.029153359909804825,0.024226238857515712],[1.2783935720210284,-0.029011122095097607,0.022953522423120095],[1.2383935720210253,-0.028464409255750275,0.021663177415763436],[1.1983935720210221,-0.027594208735453565,0.020358733574515387],[1.1583935720210192,-0.026465333493850742,0.01904301569675104],[1.118393572021016,-0.025129662754519767,0.017718284878019668],[1.078393572021013,-0.02362873596615219,0.016386351566822197],[1.03839357202101,-0.02199582977498774,0.015048666087036245],[0.9983935720210069,-0.020257621857126294,0.013706391154110006],[0.9583935720210037,-0.01843552480233288,0.01236046001083466],[0.9183935720210007,-0.01654675674352593,0.011011623089483932],[0.8783935720209977,-0.0146052022634232,0.009660485533427778],[0.8383935720209945,-0.012622106623677652,0.008307537454300882],[0.7983935720209915,-0.010606638027960115,0.0069531784375843906],[0.7583935720209884,-0.00856634603214281,0.005597737521879973],[0.7183935720209853,-0.0065075390220929764,0.004241489650839899],[0.6783935720209823,-0.004435599632966222,0.0028846694203496564],[0.6383935720209791,-0.002355253880964313,0.001527482808322227],[0.5983935720209761,-0.0002708074641452547,0.00017011747359373016]]","[[-0.2000000000000006,-0.004978149126596885,-0.006115618991432246],[-0.2000000000000006,-0.0018172415242781895,-0.006253383468584282],[-0.2000000000000006,0.000711189073536087,-0.006363582171978073],[-0.2000000000000006,0.0027335641967366586,-0.006451725036783306],[-0.2000000000000006,0.004351002601483554,-0.006522219206240245],[-0.2000000000000006,0.005644376208014118,-0.006578589388821735],[-0.2000000000000006,0.006678353696654878,-0.006623654093656853],[-0.2000000000000006,0.007504633941837873,-0.006659666555987353],[-0.2000000000000006,0.008164530955822251,-0.006688427398929759],[-0.2000000000000006,0.008691039589307234,-0.006711374664631195],[-0.2000000000000006,0.009110485273967068,-0.006729655716376729],[-0.2000000000000006,0.009443840294034746,-0.006744184606753638],[-0.2000000000000006,0.009707772400513653,-0.00675568778028077],[-0.2000000000000006,0.009915478198727732,-0.006764740395634481],[-0.2000000000000006,0.01007734297858769,-0.006771795083582454],[-0.2000000000000006,0.010201459979086521,-0.006777204578522091],[-0.2000000000000006,0.010294035050249171,-0.0067812393552003705],[-0.2000000000000006,0.010359696945633769,-0.0067841011524512095],[-0.2000000000000006,0.010401728760009546,-0.006785933060137148],[-0.2000000000000006,0.01042223208409529,-0.006786826673642484]]"
1782756175.1768057,TRACKING,MPC tracking AprilTag,Walk,True,fresh_solve,0,11,72.86402893066406,-0.04982967952396854,-0.05687197336519787,1.2098087465849594,1.212169386525408,-0.04116479596375505,0.9999751541512079,0.0058148465212831965,0.003984801149609997,-0.005892071011853759,0.9997895561207769,0.019650113765861826,-0.003869700176923926,-0.019673104273448063,0.999798976989268,1.3511572592166181,-0.02666817926039124,0.024220021377161415,-0.8808976988610827,6.773327014953359,1.0869179614599722,1.1763646224440856,-0.2841723171823324,-0.03730969085734093,0.17479263677253254,0.25750413792194116,0.06152971223450235,0.1999917468789532,0.002762810051385284,-0.006091108788152401,-0.20000000000000034,-0.002081331082552787,-0.006091108788152401,0.28098984866111243,0.0,0.03143115272154593,0.8511572592166181,-0.02666817926039124,0.024220021377161415,optimal,101.41255599955912,False,"[[1.3511572592166166,-0.02666817926039124,0.024220021377161415],[1.311157259216615,-0.027084445476901798,0.023001799619530933],[1.2711572592166134,-0.02703751863878657,0.021787499201169413],[1.2311572592166118,-0.02662008065660886,0.02057633548765329],[1.1911572592166102,-0.025906287883728844,0.019367680679801273],[1.1511572592166086,-0.024955478933971594,0.018161032423715275],[1.111157259216607,-0.023815141612318305,0.016955988693085514],[1.0711572592166054,-0.022523287305155387,0.01575222768787501],[1.0311572592166038,-0.021110351549593752,0.014549491744317756],[0.9911572592166022,-0.01960071581032439,0.013347574451730404],[0.9511572592166007,-0.018013926552852888,0.0121463103319781],[0.9111572592165991,-0.016365672566774746,0.010945566565567742],[0.8711572592165975,-0.014668569405255122,0.009745236350673328],[0.8311572592165959,-0.012932790162687096,0.00854523356304465],[0.7911572592165943,-0.011166574129411333,0.0073454884497947915],[0.7511572592165927,-0.009376638756233112,0.006145944141755771],[0.7111572592165911,-0.007568515526962585,0.004946553810020153],[0.6711572592165895,-0.005746826532605294,0.0037472783244956705],[0.6311572592165879,-0.003915515575912437,0.002548084297400614],[0.5911572592165864,-0.002078045361518439,0.0013489424138747458],[0.5511572592165848,-0.00023757063117266358,0.0001498259662362859]]","[[-0.20000000000000032,-0.002081331082552787,-0.006091108788152401],[-0.20000000000000032,0.00023463419057614387,-0.006071502091807603],[-0.20000000000000032,0.0020871899108885553,-0.006055818567580614],[-0.20000000000000032,0.0035689638644000677,-0.006043274039260084],[-0.20000000000000032,0.004754044748786257,-0.0060332412804299865],[-0.20000000000000032,0.00570168660826643,-0.006025218653148816],[-0.20000000000000032,0.006459271535814599,-0.0060188050260525155],[-0.20000000000000032,0.007064678777808171,-0.006013679717786267],[-0.20000000000000032,0.007548178696346824,-0.006009586462936762],[-0.20000000000000032,0.007933946287357491,-0.006006320598761523],[-0.20000000000000032,0.008241269930390706,-0.0060037188320517885],[-0.20000000000000032,0.008485515807598128,-0.00600165107447207],[-0.20000000000000032,0.008678896212840131,-0.006000013938143385],[-0.20000000000000032,0.008831080166378813,-0.005998725566249297],[-0.20000000000000032,0.008949676865891107,-0.0059977215401951015],[-0.20000000000000032,0.009040616146352631,-0.00599695165867809],[-0.20000000000000032,0.009108444971786457,-0.00599637742762241],[-0.20000000000000032,0.009156554783464282,-0.00599597013547528],[-0.20000000000000032,0.009187351071969992,-0.005995709417629342],[-0.20000000000000032,0.009202373651728876,-0.0059955822381922985]]"
1782756175.3619146,TRACKING,MPC tracking AprilTag,Walk,True,fresh_solve,0,11,72.59364318847656,-0.050555766267577226,-0.05731906987607007,1.1681314830827358,1.1706291142131362,-0.04325218291877272,0.9990553695830596,0.003627830696636957,0.04330366441414237,-0.003787489010655842,0.99998632765685,0.003605471725177385,-0.0432899923105824,-0.003766078040008063,0.9990554505241169,1.3047314767345,-0.03607958814929819,0.014636467742443772,-0.8517713085928449,6.799607501861228,1.0952837529078487,1.1390710974613767,-0.2963462071332238,-0.04567548230521756,0.16566037927312327,0.2602666189839256,0.060311950047661336,0.19995205461616827,0.0036017387577334907,-0.005478563346118263,-0.19998335236624218,0.0006748656647952286,-0.005478563346118263,0.28094102717788694,0.0,0.03068384728226428,0.8047314767345,-0.03607958814929819,0.014636467742443772,optimal,85.76339400042343,False,"[[1.3047314767345,-0.03607958814929819,0.014636467742443772],[1.2647348062612516,-0.035944615016339145,0.013540755073220119],[1.2247407992102215,-0.0353686833807127,0.0125430423458348],[1.1847489226479873,-0.03444002616408771,0.011623720410811238],[1.1447587501655663,-0.033229240009083075,0.010767099658290941],[1.104769940557967,-0.03179281511139873,0.009960625537540587],[1.0647822207639381,-0.03017595972960062,0.009194250829415345],[1.0247953722129073,-0.028414860598049006,0.008459933285401643],[0.9848092198964524,-0.02653849226361646,0.00775123351519148],[0.9448236236178796,-0.02457006581303152,0.007062993017167042],[0.9048384709823895,-0.022528189427215104,0.006391076253319794],[0.8648536717773365,-0.02042779879032655,0.005732163872350061],[0.8248691534615973,-0.018280903873971598,0.0050835867421020475],[0.7848848575385139,-0.016097189435782658,0.00444319249295604],[0.7449007366310613,-0.013884499257300445,0.0038092378993474264],[0.7049167521129959,-0.01164922833305101,0.003180301718488466],[0.6649328721775435,-0.009396642620272046,0.002555213628228899],[0.6249490702470608,-0.007131142336774764,0.0019329957109484363],[0.5849653236441527,-0.004856481971834465,0.001312813557675743],[0.5449816124578029,-0.0025759580106542936,0.000693934547639873],[0.5049979185478228,-0.0002925737586254053,7.569121723172186e-05]]","[[-0.19998335236624218,0.000674865664795229,-0.005478563346118263],[-0.19997003525515053,0.0028796581781321963,-0.0049885636369265945],[-0.1999593828111709,0.0046432860831249635,-0.004596609675117812],[-0.19995086241210422,0.006053930775023168,-0.0042831037626014775],[-0.1999440480379972,0.007182124488421719,-0.004032370603751772],[-0.19993859897014452,0.008084276908990547,-0.0038318735406262113],[-0.1999342427551535,0.008805495657758091,-0.0036715877200685174],[-0.19993076158227457,0.009381841672162728,-0.003543498851050806],[-0.19992798139286388,0.009842132252924692,-0.003441202490122191],[-0.19992576317745078,0.010209381929082079,-0.0033595838192362424],[-0.19992399602526467,0.010501953184442761,-0.003294561904848662],[-0.19992259157869624,0.01073447458177477,-0.00324288565124007],[-0.19992147961541706,0.010918572190944704,-0.0032019712457300384],[-0.1999206045372632,0.011063450892411066,-0.0031697729680430654],[-0.19991992259032695,0.011176354621247171,-0.0031446809042948013],[-0.1999193996772615,0.011262928563894822,-0.003125440451297834],[-0.19991900965241352,0.011327501417486405,-0.0031110895864023143],[-0.1999187330145407,0.011373301824701497,-0.003100910766363467],[-0.19991855593174931,0.011402619805900854,-0.0030943950501793496],[-0.1999184695498999,0.011416921260144442,-0.0030912166520407555]]"
1782756175.6109066,TRACKING,MPC tracking AprilTag,Walk,True,fresh_solve,0,11,72.70211791992188,-0.04451362710571015,-0.05014887479147485,1.1170683533802659,1.1190791208688757,-0.039827543364338455,0.9999987559414114,-0.0012687159008165025,0.0009372702879214012,0.0012499074134827042,0.9998031304921322,0.01980247433000063,-0.0009622094820390579,-0.019801278193481056,0.9998034724558708,1.2553019813710171,-0.04690743807590631,0.0047786825981706756,-0.8258942212091106,6.855300528206371,1.1039066519166303,1.0778880505113628,-0.29105738865849917,-0.054298381313999,0.1774139308596543,0.24414995058259287,0.05907706391216967,0.1968878137098353,0.0043554915286797445,-0.004407718203321038,-0.19690637910037834,0.0034145810099200317,-0.004407718203321038,0.2771720108630974,0.0,0.029377416208051666,0.7553019813710171,-0.04690743807590631,0.0047786825981706756,optimal,85.50020699931338,False,"[[1.2553019813710171,-0.04690743807590631,0.0047786825981706756],[1.2159207055509416,-0.04622452187392231,0.003897138957506468],[1.1770317086385194,-0.045103283996432535,0.003186917727410686],[1.1385364888336145,-0.04363142975318092,0.002613738410420731],[1.100356233191466,-0.04187913363562326,0.0021501726047292963],[1.0624278769754514,-0.03990254804150009,0.001774272584094],[1.0247009504202544,-0.03774661089472364,0.0014684739115252694],[0.9871350552435998,-0.03544729254157349,0.0012187172174368576],[0.9496978447321394,-0.03303339426801053,0.0010137452311665355],[0.912363406405785,-0.03052798836397501,0.0008445399174429772],[0.8751109663937032,-0.027949571737883552,0.0007038715746221958],[0.8379238507407749,-0.025312990762049986,0.0005859373496053429],[0.800788651709838,-0.02263018359130103,0.00048607109518376666],[0.7636945573948306,-0.019910777070717634,0.000400510062678579],[0.7266328111254866,-0.017162568077889028,0.0003262067645067112],[0.6895962736338238,-0.014391913366792183,0.00026067659980176066],[0.6525790660907433,-0.01160404740549065,0.00020187362437067063],[0.615576276164576,-0.008803344099537756,0.00014808825348407734],[0.578583712404498,-0.005993535487254254,9.78617826398418e-05],[0.5415976946679901,-0.0031778983416443653,4.9913452337943043e-05],[0.5046148701137115,-0.00035941800904599704,3.076410105476855e-06]]","[[-0.1969063791003783,0.0034145810099200317,-0.004407718203321038],[-0.19444498456211023,0.005606189387448842,-0.00355110615047891],[-0.19247609902452453,0.0073592712162581005,-0.002865896584949775],[-0.19090127821074193,0.00876148058778827,-0.0023178290284571745],[-0.18964178108007332,0.00988292797061586,-0.0018795001031764794],[-0.18863463277598522,0.010779685733882247,-0.0015289933628436542],[-0.18782947588327326,0.011496591765750753,-0.0012487834704420582],[-0.18718605255730184,0.012069491367814803,-0.0010248599313516112],[-0.18667219163177237,0.0125270295201776,-0.0008460265686177911],[-0.18626220006040842,0.012892083130457282,-0.0007033417141039069],[-0.18593557826464174,0.013182904879167833,-0.0005896711250842643],[-0.18567599515468405,0.013414035853744783,-0.0004993312721078811],[-0.18547047157503743,0.013597032602916977,-0.0004278051625259384],[-0.18530873134671955,0.013741044964143027,-0.00037151649085933886],[-0.1851826874583145,0.013853273555484233,-0.0003276508235247526],[-0.18508603771540208,0.013939329806507658,-0.00029401487715545016],[-0.18501394963083662,0.01400351652976447,-0.00026892685443296655],[-0.1849628188003899,0.014049043061417512,-0.00025113235422117756],[-0.18493008868253952,0.014078185728049438,-0.00023974165150949378],[-0.18491412277139302,0.014092401662991841,-0.00023418521116233093]]"
1782756175.8133698,TRACKING,MPC tracking AprilTag,Walk,True,fresh_solve,0,11,72.81829071044922,-0.025837353798974807,-0.06604320059878241,1.0718471731470887,1.0741906887420265,-0.024100778293320396,0.9932543848873455,0.0007774457664702934,-0.11595310465934532,-0.009433373646117191,0.9972046969364481,-0.07412019879587092,0.1155713561558989,0.07471404142439947,0.9904852717987883,1.2078487502737014,-0.05058762612281314,0.00042675295547896057,-0.8133460788941725,6.898749295614475,1.1099596209695057,1.0339601965283651,-0.280305881355433,-0.060351350366874446,0.1738885537453363,0.22971825523261985,0.0607781033223534,0.19165282037026657,0.00578058310821304,-0.0033342829538832663,-0.19165526979939548,0.00569879417680232,-0.0033342829538832663,0.2707329690554279,0.0,0.028067825203737587,0.7078487502737014,-0.05058762612281314,0.00042675295547896057,optimal,88.00989199971809,False,"[[1.2078487502737014,-0.05058762612281314,0.00042675295547896057],[1.1695176963138223,-0.04944786728745267,-0.00024010363529769263],[1.1320267570144558,-0.04794266167518461,-0.0007352234294331325],[1.0952078309089437,-0.0461451328036324,-0.0010929698403416396],[1.05892641719032,-0.04411378802745533,-0.0013408376122761474],[1.023074890670964,-0.04189544390608141,-0.0015008275575408901],[0.9875671205232175,-0.03952756703167882,-0.0015905465971066128],[0.9523341637380033,-0.03704014735876431,-0.0016240881066591102],[0.9173208179743707,-0.03445719770192903,-0.0016127365853835156],[0.882482861442448,-0.031797954376568086,-0.0015655318809235574],[0.8477848418139491,-0.029077839014650313,-0.0014897211817637463],[0.8131983036057591,-0.02630922964631669,-0.0013911213766536002],[0.7787003654057784,-0.023502079601387418,-0.0012744098990451198],[0.7442725758023179,-0.020664415175852904,-0.00114335859876539],[0.7098999908135146,-0.017802736946673295,-0.0010010223345079325],[0.6755704266882385,-0.014922344800626495,-0.0008498917167673826],[0.6412738507185356,-0.012027602928647031,-0.0006920176383642215],[0.6070018796042307,-0.00912215803537281,-0.0005291138190857992],[0.5727473602879187,-0.006209121674376993,-0.00036264249167570323],[0.5385040123020939,-0.0032912258258466663,-0.00019388751347093714],[0.504266113745775,-0.0003709594955921882,-2.4018559268770963e-05]]","[[-0.19165526979939546,0.005698794176802319,-0.0033342829538832663],[-0.1874546964968324,0.007526028061340348,-0.0024755989706771995],[-0.1840946305275611,0.008987644357761018,-0.0017887320545425351],[-0.18140706859311784,0.010156723880885362,-0.0012393388596725395],[-0.17925763259678057,0.011091720606869597,-0.0007999497263237128],[-0.17753885073873238,0.011839384372012936,-0.00044859519782861355],[-0.1761647839260709,0.012437098364572546,-0.0001677075477624869],[-0.17506672881816301,0.012914748284176407,5.67576063779735e-05],[-0.17418978265961332,0.013296216626804712,0.0002360235222997906],[-0.1734900981424944,0.013600576809588876,0.0003790534957990553],[-0.17293269104095021,0.013843046841668108,0.0004929990255507308],[-0.17248969099990363,0.014035750224646369,0.0005835573880424009],[-0.17213894801730228,0.014188322127672572,0.0006552565013986492],[-0.17186292494401612,0.014308391145898028,0.0007116813212872879],[-0.17164782062638081,0.014401960730234009,0.0007556530887027491],[-0.17148287984851462,0.014473709359897313,0.000789370392015806],[-0.17135985557152425,0.014527224466371108,0.0008145190963921111],[-0.17127259658156013,0.014565181804979082,0.0008323566370504798],[-0.17121673992912406,0.014589479242651634,0.0008437748910238305],[-0.17118949278159432,0.01460133165127239,0.0008493447710108308]]"
1782756176.0707827,TRACKING,MPC tracking AprilTag,Walk,True,fresh_solve,0,11,72.79072570800781,-0.02240277626388198,-0.060246573208068255,1.0060190896971086,1.0080704056774228,-0.022265058824687354,0.9991706232279559,0.0022106911698295917,0.04065929811014612,-0.003490814933301998,0.9994995399776447,0.03144016214299722,-0.040569445268077424,-0.03155602048782699,0.9986782953892671,1.1557135746659568,-0.052979748353302575,-0.010582783320894617,-0.7790352382858807,6.948303290037458,1.1156811422354864,0.97390183460712,-0.2853877422210451,-0.06607287163285513,0.18181174005883682,0.23240799386774255,0.05549008831196052,0.18455197507264387,0.005608590968044256,-0.0018461523667322895,-0.18448228729687544,0.0075613140110503815,-0.0018461523667322895,0.261998929339352,0.0,0.026252305887413393,0.6557135746659568,-0.052979748353302575,-0.010582783320894618,optimal,95.5478559999392,False,"[[1.1557135746659568,-0.052979748353302575,-0.010582783320894617],[1.1188171172065817,-0.0514674855510925,-0.010952013794241074],[1.0830682511254397,-0.04965724185978639,-0.011083161178593601],[1.0482373508691716,-0.04760864131268303,-0.01102386434793876],[1.0141406891756615,-0.04536939010029135,-0.010812239965512754],[0.980631250710932,-0.042977661879855834,-0.010478788316963222],[0.9475913813024446,-0.04046400645821881,-0.010047918324631627],[0.9149269052304725,-0.037852877282162495,-0.009539167993670328],[0.882562416442115,-0.03516385411074817,-0.008968181312300202],[0.8504375082486519,-0.032412622003269206,-0.008347490451221684],[0.8185037529911082,-0.029611755572215737,-0.0076871423721497885],[0.7867222806573043,-0.02677134771389918,-0.00699520117589986],[0.755061835381248,-0.023899514253267796,-0.006278151307428344],[0.7234972126498342,-0.021002799735154096,-0.005541221778080603],[0.69200799907719,-0.018086504651516483,-0.004788647616158192],[0.6605775517353811,-0.015154950466037166,-0.004023881618333931],[0.629192166008015,-0.012211695687306264,-0.0032497669894855463],[0.597840390359421,-0.009259713794251317,-0.0024686795029395595],[0.5665124537578674,-0.006301541910083666,-0.0016826462891376122],[0.5351997771239742,-0.0033394076584590147,-0.0008934471921585468],[0.5038945443767446,-0.00037534054466021634,-0.00010270376192235107]]","[[-0.18448228729687546,0.007561314011050383,-0.0018461523667322895],[-0.17874433040571006,0.009051218456530534,-0.0006557369217626294],[-0.17415450128134102,0.010243002735516777,0.000296484153274197],[-0.1704833084675499,0.011196256061958428,0.0010581219121300312],[-0.1675471923236471,0.011958641102177568,0.0016672582427476649],[-0.1651993470424375,0.012568277108185153,0.0021543499616579797],[-0.1633223803598606,0.013055645880281562,0.0025437516548064915],[-0.1618224439417876,0.013445115857071617,0.0028549334068506253],[-0.16062454096731488,0.013756160537394821,0.0031034543053925887],[-0.1596687762877187,0.014004332155267333,0.003301740395359479],[-0.1589073616690193,0.01420203929158278,0.003459705981249641],[-0.15830222638028174,0.014359167303156931,0.0035852493423575832],[-0.1578231136570691,0.014483572590568499,0.0036846476467387026],[-0.15744606786322077,0.014581475418188057,0.0037628708096120542],[-0.1571522367090443,0.014657770927396587,0.003823829989121307],[-0.15692692863683091,0.014716273893654512,0.0038705731442419226],[-0.15675887824296994,0.014759909465274732,0.003905437432729933],[-0.1566396830077683,0.014790859420838253,0.003930166069009737],[-0.15656338316946594,0.014810671258123258,0.003945995484895326],[-0.1565261637361477,0.014820335568993991,0.003953717151180979]]"
1782756176.3062987,TRACKING,MPC tracking AprilTag,Walk,True,fresh_solve,0,11,72.33040618896484,-0.0277197247361936,-0.057462812239245334,0.9596055186602849,0.9617240297367886,-0.028878552650176227,0.9996771925084433,0.0014803768978658854,0.0253637391304392,-0.003603345076857177,0.9964709445397207,0.08386103142922788,-0.02515008315480879,-0.0839253547645592,0.9961546105625115,1.0997775921867161,-0.05776683663937128,-0.022579808249194117,-0.7449618625390951,6.988831929341737,1.1224402901448058,0.9217887518938617,-0.2947574886828813,-0.07283201954217455,0.17798884029285444,0.23699065204351005,0.05025221129298044,0.17579557999850465,0.005288104466297904,1.441268595880493e-05,-0.1756313731741205,0.009255849654675232,1.441268595880493e-05,0.2512285633981607,0.0,-0.024017583476869744,0.5997775921867161,-0.05776683663937128,-0.022579808249194117,optimal,81.12497499951132,False,"[[1.0997775921867161,-0.05776683663937128,-0.022579808249194117],[1.064651317551892,-0.055915666708436236,-0.022576925712002354],[1.030941083278687,-0.05379339134903411,-0.02227637502737542],[0.9983635489222497,-0.051454256989999454,-0.021737717651044586],[0.9666920090335676,-0.04894166711018518,-0.021008609704155946],[0.9357450578870159,-0.04629035241240523,-0.0201271847793277],[0.905377519194076,-0.04352810735857523,-0.01912396062028106],[0.8754731872889103,-0.04067717989280835,-0.01802336500902633],[0.8459390168450696,-0.03775538383862089,-0.016844957154963404],[0.816700470609171,-0.034776989590108116,-0.015604405655351757],[0.7876977925382287,-0.03175343763164905,-0.014314271925173443],[0.7588830199975048,-0.028693910562125374,-0.012984638267882175],[0.7302175856287725,-0.025605792224865555,-0.011623611990576018],[0.7016703889824042,-0.022495036899811253,-0.010237730769352294],[0.6732162414948906,-0.0193664670175144,-0.008832289533112448],[0.6448346070606653,-0.016224014280664802,-0.007411605210007117],[0.6165085752268262,-0.013070916249224622,-0.0059792325738436645],[0.5882240156704905,-0.009909878218426501,-0.004538141982776547],[0.5599688716826506,-0.006743208483535183,-0.003090867897215038],[0.5317325573327238,-0.0035729337546107466,-0.0016396356028436931],[0.5035054281720229,-0.0004009004920116192,-0.0001864724749065745]]","[[-0.1756313731741205,0.009255849654675232,1.441268595880493e-05],[-0.16855117136602565,0.010611376797010607,0.0015027534231346906],[-0.1628876717821862,0.011695671795173276,0.0026932868816541616],[-0.1583576994434101,0.012562949399071368,0.003645539734443192],[-0.15473475573275863,0.013256573488899791,0.004407124624141233],[-0.15183769346469916,0.013811225269149964,0.0050161207952331855],[-0.14952165952582872,0.014254637328834398,0.00550297805627365],[-0.1476708522192038,0.014608980270937313,0.005892039270314647],[-0.14619273117949316,0.014891971242563855,0.006202757498058228],[-0.14501339035471125,0.01511775979229535,0.006450668650891571],[-0.14407386270361902,0.015297635347618377,0.006648168286456343],[-0.14332717184366178,0.015440591686299084,0.006805131386530785],[-0.14273598323184175,0.015553776625271505,0.0069294061061186156],[-0.14227073743756788,0.015642849411484267,0.0070272061811992295],[-0.14190817217112647,0.015712263684248,0.007103421615526655],[-0.14163015916919547,0.015765490157200895,0.007161863180817264],[-0.1414227977816783,0.015805190153990598,0.007205452955335588],[-0.14127571993919916,0.015833348674456595,0.007236370427807542],[-0.14118157174963403,0.01585137364462218,0.007256161471856724],[-0.14113564580350474,0.01586016631299564,0.007265815639685594]]"
1782756176.5629966,TRACKING,MPC tracking AprilTag,Walk,True,fresh_solve,0,11,73.36808013916016,-0.008631055386323236,-0.062429472726403236,0.9024291989466848,0.904627212333088,-0.009563954974102425,0.9995339335475423,-0.001928314258729837,0.030466330450133906,0.0013435429157545396,0.9998147056535847,0.01920284487437856,-0.030497714330924918,-0.019152962250145546,0.9993513163335673,1.0474931582289368,-0.06545102569802899,-0.034849545319834224,-0.7313585099687487,7.042300103028263,1.1315703653472213,0.8686463851920938,-0.27993231887405645,-0.08196209474459006,0.17884677303684304,0.21448129317602746,0.04711254942475583,0.16603038501971612,0.0052221895711556205,0.002171383029458199,-0.16574761993821316,0.011003931048943575,0.002171383029458199,0.23921737357425082,0.0,-0.026649087295939004,0.5474931582289368,-0.06545102569802899,-0.034849545319834224,optimal,87.16321599968069,False,"[[1.0474931582289368,-0.06545102569802899,-0.034849545319834224],[1.0143436342412941,-0.06325023948824028,-0.034415268713942584],[0.9827753925158244,-0.06076978117053728,-0.03363590266046973],[0.9524720287806272,-0.058065611310463686,-0.032580497308155265],[0.9231803826633164,-0.055182504896444634,-0.03130430084079672],[0.8946978796723997,-0.052156290089208,-0.029851521886439396],[0.8668624024727047,-0.04901563962982078,-0.028257539948778693],[0.8395441850186204,-0.045783504476742426,-0.026550674382344812],[0.8126393242518156,-0.04247826135374786,-0.02475360036022931],[0.7860645849483238,-0.03911463158611618,-0.022884482632739653],[0.7597532379573437,-0.03570441716689462,-0.020957883764914614],[0.7336517237436997,-0.03225709085655092,-0.01898549226477618],[0.7077169744110832,-0.028780269820996743,-0.01697670700873068],[0.6819142603072366,-0.025280096489883195,-0.014939107185389084],[0.6562154535413411,-0.02176154567808342,-0.01287883125499756],[0.6305976215894755,-0.018228673326436254,-0.010800883872449778],[0.6050418806684198,-0.014684819298788175,-0.008709386120031594],[0.5795324515464946,-0.011132774375185596,-0.006607781561535349],[0.5540558705819771,-0.007574919790877216,-0.0044990084204494735],[0.528600316541015,-0.004013346298076444,-0.0023856464911329233],[0.5031550195359336,-0.0004499587035720644,-0.00027004612853311674]]","[[-0.16574761993821316,0.011003931048943575,0.002171383029458199],[-0.15784120862734932,0.012402291588514967,0.00389683026736427],[-0.15151681867598574,0.013520849300367978,0.005277026761572321],[-0.1464582305865543,0.01441553207009526,0.006380982336792753],[-0.14241251495458335,0.015131074036183176,0.007263894771786591],[-0.13917738599847446,0.015703252296936122,0.007969909688303524],[-0.13659108727042207,0.016160675765391746,0.0085343278321694],[-0.13452430383402364,0.016526215614972826,0.008985370110577514],[-0.1328736965174592,0.01681814883815842,0.00934558863744827],[-0.13155673495490056,0.017051072096107806,0.009632994339125204],[-0.13050757106821975,0.017236631551718454,0.009861957500692164],[-0.1296737466630828,0.0173841051777709,0.0100439262802275],[-0.1290135705192328,0.017500866655567757,0.01018799911670798],[-0.12849403382947722,0.017592754058998877,0.010301379651957623],[-0.12808915975932836,0.01766436175823581,0.010389736912738912],[-0.12777870460527874,0.017719270138240407,0.010457488762090916],[-0.12754714560962588,0.017760224618012892,0.01050802279248123],[-0.12738290482258713,0.017789272921541893,0.010543865705429374],[-0.12727777020481057,0.017807867464003865,0.010566809646582753],[-0.1272264850254074,0.017816937972521898,0.010578001812999034]]"
1782756176.821115,TRACKING,MPC tracking AprilTag,Walk,True,fresh_solve,0,11,73.1700210571289,-0.0070884035886119206,-0.0643488269113196,0.8491039968404018,0.8515683263488862,-0.008347904327972602,0.9968165533215748,-0.00024481159449144354,0.07972891000997814,-0.000290374688328671,0.9999775064796623,0.0067009116735901,-0.0797287570869907,-0.006702730935975321,0.9967940603210693,0.9941684278695874,-0.05522469476926631,-0.03061358061683111,-0.7055379211445914,7.095107552677649,1.1259324738774488,0.8099939231014472,-0.2760312630677558,-0.0763242032748175,0.18417450476814012,0.22080656829848952,0.04571062265798638,0.15530919261526616,0.006931218020772658,0.0035274905161862724,-0.15502426482593246,0.011681798202181244,0.0035274905161862724,0.22603030691677736,0.0,-0.028303538429747255,0.49416842786958737,-0.05522469476926631,-0.030613580616831112,optimal,95.88292799980991,False,"[[0.9941684278695874,-0.055224694769266315,-0.03061358061683111],[0.9631635749044009,-0.052888335128830066,-0.029908082513593854],[0.9338743304560707,-0.050443524854313825,-0.028985623437821156],[0.90595741244484,-0.047911964210581144,-0.02788961586569641],[0.8791381551128066,-0.045311015944034756,-0.026654794848585416],[0.8531967757360285,-0.042654573419936684,-0.025308954765604658],[0.8279573854883262,-0.039953755290671404,-0.023874339042577124],[0.8032791949999742,-0.03721746142836498,-0.02236875232332348],[0.7790494748892146,-0.034452817918491474,-0.020806450701853073],[0.7551779192931687,-0.03166553336414657,-0.019198854527064414],[0.731592130574694,-0.028860184316202374,-0.017555119420190106],[0.708233999440526,-0.026040444100851032,-0.015882594055858467],[0.685056799476616,-0.023209266485914346,-0.014187187595824945],[0.6620228508274282,-0.020369033369234835,-0.0124736651470599],[0.6391016362031624,-0.01752167387356788,-0.010745886017097115],[0.6162682750152652,-0.014668760802719496,-0.009006996679410479],[0.593502279347001,-0.011811589281736624,-0.007259588097087698],[0.5707865295576162,-0.008951241513159475,-0.005505825270984665],[0.5481064183003013,-0.0060886408871485545,-0.0037475554897682603],[0.5254491201548498,-0.003224598150992674,-0.001986400694349698],[0.5028029503566489,-0.00035985194647339733,-0.00022383857493008324]]","[[-0.15502426482593248,0.011681798202181244,0.0035274905161862724],[-0.14644622224165074,0.012224051372581183,0.004612295378863493],[-0.13958459005615384,0.012657803218663386,0.0054800378606237226],[-0.1340962866601669,0.013004741332731962,0.006174105085554971],[-0.12970689688389064,0.013282212620490345,0.006729200414903801],[-0.1261969512385112,0.013504090646326447,0.007173078615137655],[-0.12339095244175964,0.013681469311532076,0.007527933596268225],[-0.12114860055379836,0.013823217549367516,0.0078115081073520404],[-0.1193577779802293,0.013936422771724535,0.008037980873943291],[-0.117928943592374,0.014026745239720986,0.00821867553437154],[-0.11679065567083972,0.014098701076756691,0.0083626268216582],[-0.11588599981954974,0.014155888074683438,0.008477032300167603],[-0.11516974324593952,0.01420116558339756,0.00856761224382522],[-0.11460607312132859,0.014236797478334767,0.00863889564981393],[-0.1141668059394864,0.014264565354241915,0.008694446688433173],[-0.11382997834132083,0.014285857604914366,0.008737042911613906],[-0.1135787489469236,0.014301738842885738,0.008768814130515168],[-0.11340055628657486,0.014313003130054604,0.008791348906082021],[-0.11328649072725716,0.014320213680779403,0.00880577397709281],[-0.11323084899100463,0.01432373102259638,0.008812810597098073]]"
1782756177.055275,TRACKING,MPC tracking AprilTag,Walk,True,fresh_solve,0,11,72.6585922241211,-0.026871444480255333,-0.05767381608307319,0.8001557189173524,0.8026814549409901,-0.03357015238739918,0.9970129713944552,0.0019526142624433623,0.07720959894172097,-0.0032901866858336248,0.9998466469159327,0.017200503554793366,-0.07716417266304137,-0.01740315915310203,0.9968665008458857,0.939920964396033,-0.062056857274129365,-0.04567776240821144,-0.6752215756380436,7.123693296905072,1.1240805834560934,0.7701087222868117,-0.2880893032851498,-0.07447231285346212,0.1698122421092213,0.22603244601102046,0.02879455044525068,0.14403980064636634,0.006043260647944295,0.005479131721038717,-0.14361361363378913,0.012614085323505931,0.005479131721038717,0.21216895479503062,0.0,-0.030684540699667237,0.439920964396033,-0.062056857274129365,-0.04567776240821145,optimal,80.11537899983523,False,"[[0.939920964396033,-0.062056857274129365,-0.04567776240821144],[0.9111982416692752,-0.05953404020942817,-0.044581936064003694],[0.8843010866088999,-0.056862068359797006,-0.04317387047770855],[0.8588642150261804,-0.05407078662532429,-0.0415160426861047],[0.8345953569062724,-0.051184074411856406,-0.039658441615705434],[0.8112606429074722,-0.04822103960128996,-0.037641067529084256],[0.7886729108941318,-0.04519697394566666,-0.03549593203800357],[0.7666823478298761,-0.04212411765477533,-0.03324865868400282],[0.7451689991257838,-0.03901227140664141,-0.030919764115475427],[0.7240367709109424,-0.03586928638142822,-0.028525683920088498],[0.7032086253389016,-0.0327014568204451,-0.02607959440416615],[0.6826227286953511,-0.029513834738212914,-0.02359207140800574],[0.6622293597124053,-0.02631048252319005,-0.021071619097892715],[0.6419884235052087,-0.02309467605719538,-0.018525095174414887],[0.6218674468276932,-0.019869068509499165,-0.01595805375749184],[0.6018399544102749,-0.016635822995286615,-0.013375023092370887],[0.5818841451963749,-0.013396720731417107,-0.01077973196188945],[0.5619818022895897,-0.010153250097267173,-0.008175296125616929],[0.5421173821088722,-0.0069066810536993215,-0.005564374107833162],[0.522277237209478,-0.0036581286411051703,-0.0029493001237424327],[0.5024489339107295,-0.00040860873142501943,-0.00033220079023367217]]","[[-0.14361361363378913,0.012614085323505931,0.005479131721038717],[-0.1344857753018761,0.013359859248155876,0.007040327931475752],[-0.1271843579135978,0.013956408672363575,0.008289138958019233],[-0.12134429059954026,0.014433561067339415,0.009288005351996328],[-0.11667356999400058,0.014815174052832187,0.010086870433105898],[-0.11293866006670182,0.01512032827811653,0.010725677455403418],[-0.10995281532127901,0.015364281454456662,0.011236366770003763],[-0.10756674352046104,0.015559231240669586,0.011644472842636954],[-0.10566114107420699,0.015714925126065954,0.011970400976934649],[-0.10414072786020415,0.01583914780491558,0.012230447579611729],[-0.1029294832177524,0.015938110411160944,0.012437614980802054],[-0.10196684491472914,0.01601676107511432,0.012602261550565135],[-0.10120468103598322,0.016079032329973368,0.01273261961738913],[-0.10060488338757732,0.016128037738481052,0.012835207084615236],[-0.10013746208709116,0.016166227571062747,0.01291515332560476],[-0.09977904606950046,0.01619551131934754,0.012976455652407178],[-0.09951171453392563,0.01621735317074967,0.013022179181362612],[-0.09932210090358795,0.016232845217839253,0.01305461008891883],[-0.09920072449697054,0.016242762062970754,0.013075369920453647],[-0.09914151649374253,0.016247599548400753,0.013085496667543802]]"
1782756177.2632964,TRACKING,MPC tracking AprilTag,Walk,True,fresh_solve,0,11,71.92866516113281,-0.03616402150262692,-0.05573527647721327,0.7597151136351354,0.7626147857082766,-0.047566176509672826,0.9982674032666534,-0.005003554259613977,0.05862726345331169,0.0038357218051432414,0.9997923170303734,0.020015245321275025,-0.05871523493512111,-0.01975568909981051,0.9980792723700384,0.8915959234482622,-0.06825978905265496,-0.05533470574888845,-0.6562258910528181,7.162012812956085,1.120965634683857,0.7274187989993672,-0.28548319642677455,-0.07135736408122573,0.16417712444889498,0.2172234073741196,0.016022658332337278,0.1326098304900835,0.006373868442068422,0.0075424659245588695,-0.13205434512736317,0.013698294583952206,0.0075424659245588695,0.19811009150280273,0.0,-0.03320180842796182,0.3915959234482622,-0.06825978905265496,-0.05533470574888845,optimal,88.13362299952132,False,"[[0.8915959234482622,-0.06825978905265498,-0.05533470574888845],[0.8651850544227896,-0.06552013013586452,-0.053826212563976676],[0.8406235300558318,-0.0626070107095787,-0.05198761059355744],[0.8175413085375441,-0.05955513909091659,-0.04988495245355194],[0.7956423132005155,-0.056392285987378485,-0.04757108795140207],[0.7746896286863977,-0.05314067303222085,-0.045088306576442486],[0.7544936551779882,-0.04981808386611923,-0.042470451974367364],[0.7349026284083696,-0.046438753319201914,-0.03974461412951511],[0.7157950314475644,-0.043014079152556416,-0.036932483864085285],[0.6970735188560354,-0.03955319194628387,-0.03405143737924853],[0.6786600494127096,-0.03606341162850405,-0.03111540506520519],[0.6604919840539238,-0.03255061347176133,-0.028135568020695247],[0.642518953920242,-0.02901952185665199,-0.025120917107935365],[0.6247003419134836,-0.025473946490853935,-0.022078702495729706],[0.6070032518418135,-0.021916972894510663,-0.019014796167910148],[0.5894008636101518,-0.018351116676238403,-0.015933985522527873],[0.5718710922154184,-0.014778449313556933,-0.012840212741755928],[0.55439548349638,-0.011200701726765568,-0.00973677190099787],[0.536958291425588,-0.007619350824958133,-0.00662647367265796],[0.519545690808006,-0.004035693351477647,-0.0035117858597613592],[0.5021450860212582,-0.00045091072108347885,-0.00039495678610539786]]","[[-0.13205434512736317,0.013698294583952206,0.0075424659245588695],[-0.12280762183478913,0.014565597131429133,0.009193009852096168],[-0.11541110759143829,0.01525935809331056,0.01051329070002748],[-0.1094949766851431,0.015814265517690558,0.01156932251074937],[-0.10476342257058882,0.016258064775788127,0.012413906874797934],[-0.10097986754204773,0.016612945830508142,0.013089273010375598],[-0.09795513384809278,0.01689665273458661,0.013629189224261247],[-0.09553798480402621,0.01712337083322745,0.014060651327149162],[-0.09360756295764469,0.017304436031362707,0.01440523242418374],[-0.09206734721662917,0.01744890158889914,0.01468016157021671],[-0.09084032679392884,0.017563990783713575,0.014899185222549719],[-0.0898651506684087,0.017655458075546727,0.015073254563799418],[-0.08909306003379273,0.017727876828990262,0.015211073061028292],[-0.08848545035835016,0.01778486798171635,0.015319531639097786],[-0.08801194115830885,0.0178292810913613,0.01540405322691137],[-0.08764885697366674,0.017863336813407352,0.015468863903859733],[-0.0873780435951917,0.01788873793395682,0.015517204203790283],[-0.08718596035396,0.01790675450903717,0.015551491141699552],[-0.08706300308791003,0.017918287367402422,0.015573439064483002],[-0.0870030239337393,0.017923913151970842,0.015584145368279808]]"
1782756177.5263114,TRACKING,MPC tracking AprilTag,Walk,True,fresh_solve,0,11,71.44501495361328,-0.02904972119280099,-0.06773955008192323,0.7160827191421588,0.719865955300505,-0.04054531714382805,0.9996693999007323,-0.0013805586720652336,0.025674597559896883,0.001087081803814739,0.9999339578087979,0.01144107835761241,-0.025688697033160176,-0.011409385548144023,0.9996048803232966,0.8429893444646883,-0.0651694526572324,-0.048902555131988254,-0.6465426201948847,7.203945627185954,1.1175958587699655,0.6862320728849496,-0.2730020011426395,-0.06798758816733419,0.15675727157973873,0.2078325484854071,0.019085033035345936,0.12092221694009986,0.00841937759545777,0.008692146122506792,-0.12036609044557944,0.014320361016750206,0.008692146122506792,0.18373432683632282,0.0,-0.03460441826945829,0.3429893444646883,-0.0651694526572324,-0.048902555131988254,optimal,101.23333699993964,False,"[[0.8429893444646883,-0.06516945265723237,-0.048902555131988254],[0.8189161263755724,-0.06230538045388232,-0.04716412590748689],[0.7967128891897551,-0.05934178506408698,-0.04524176160682624],[0.7760054619193433,-0.05629858042863836,-0.043172266439628605],[0.7564944640722138,-0.05319170002604585,-0.04098508807218946],[0.7379403366274079,-0.0500338935464616,-0.03870379001079221],[0.720151364084083,-0.046835364376188224,-0.036347229777022344],[0.7029740886864704,-0.04360427976699383,-0.033930501783846725],[0.6862856375360873,-0.04034717919870051,-0.031465692056261915],[0.669987578946812,-0.03706930135317539,-0.028962482532544038],[0.6540010008605784,-0.03377484604842402,-0.026428635161162548],[0.6382625652444727,-0.030467184229490636,-0.02387037999820373],[0.6227213411890871,-0.027149026515710356,-0.02129272671017499],[0.6073362583630498,-0.023822558731675974,-0.01869971505733025],[0.5920740534964568,-0.020489551198467564,-0.01609461688168263],[0.5769076072173761,-0.017151447249706513,-0.013480099699105092],[0.5618145880832511,-0.01380943539823656,-0.010858360075124123],[0.5467763360087735,-0.010464508761766012,-0.008231233453196027],[0.531776929261617,-0.007117514718753143,-0.005600285926879749],[0.5168023883758212,-0.0037691972773291056,-0.002966892544514833],[0.5018399771784942,-0.0004202342757044991,-0.0003323060616383847]]","[[-0.12036609044557944,0.014320361016750207,0.008692146122506792],[-0.11101618592908645,0.01481797694897672,0.009611821503303287],[-0.10353713635205955,0.015216023177243071,0.010347475835988176],[-0.09755498923564739,0.015534402012962576,0.010935891837195703],[-0.09277063722402934,0.015789032397921215,0.011406490306986247],[-0.08894486271662452,0.015992645851366914,0.011782801168849333],[-0.0858863769880627,0.016155423045971957,0.012083639965878117],[-0.08344225575191576,0.016285502841466605,0.012324048637924037],[-0.08149029294637637,0.016389389227625582,0.01251604761858939],[-0.07993289043116757,0.01647227652375684,0.012669236856907443],[-0.07869217808052889,0.016538309094666942,0.012791275814794098],[-0.07770612027692843,0.016590788568901397,0.01288826644014369],[-0.07692541413018614,0.016632338920171918,0.012965058264223695],[-0.07631102433296492,0.01666503766604204,0.013025490878238115],[-0.0758322313954037,0.016690519743805265,0.013072585912887673],[-0.07546509567062441,0.016710059257349755,0.013108698119904843],[-0.07519126037238812,0.016724633182352733,0.013135633109640487],[-0.074997033735783,0.01673497021506435,0.013154737631581386],[-0.07487270442897878,0.016741587207120184,0.013166966911824583],[-0.07481205598663526,0.01674481500812303,0.01317293241438224]]"
1782756177.704679,TRACKING,MPC tracking AprilTag,Walk,True,fresh_solve,0,11,71.61476135253906,-0.03569599771539258,-0.06299924711035489,0.6865276817336138,0.6903356916572538,-0.05194820682909675,0.9978156942506147,-0.0033539644563859326,0.06597417092763667,0.002705391763411489,0.9999471597218974,0.009917591417111453,-0.06600394808320321,-0.009717442386533468,0.9977720431796504,0.7990465580001402,-0.06026635554144578,-0.042999685467827835,-0.629519004747888,7.229741024585001,1.110473328142672,0.6553853335786224,-0.27492155422330744,-0.06086505754004068,0.14366122442151785,0.21465519868186167,0.017865372072212844,0.10939212616811424,0.009789892675758478,0.009188977421743837,-0.10887017761531781,0.014483221057231866,0.009188977421743837,0.16955231518678052,0.0,-0.03521055245452748,0.29904655800014024,-0.06026635554144578,-0.04299968546782784,optimal,79.43632800015621,False,"[[0.7990465580001402,-0.06026635554144577,-0.042999685467827835],[0.7772725224770767,-0.0573697113299994,-0.04116188998347907],[0.7573376954623696,-0.054447011460638094,-0.03924460743566117],[0.7388740633237412,-0.05150346950064751,-0.03726374266757896],[0.7215871721727172,-0.04854325691278186,-0.03523202141142405],[0.7052414051702038,-0.04556971162840154,-0.03315962657498441],[0.6896482016845328,-0.04258550494404129,-0.031054707387033777],[0.6746566292598781,-0.039592775086236806,-0.02892378685877033],[0.6601458369934642,-0.036593234122851565,-0.026772087934376614],[0.6460190129904279,-0.033588253566470064,-0.024603794638228663],[0.6321985437690745,-0.03057893295002692,-0.022422261276114797],[0.6186221335867941,-0.027566154803453702,-0.020230180150525037],[0.6052396896529296,-0.024550628780175478,-0.018029716175775614],[0.5920108174892457,-0.021532927139782044,-0.01582261512372477],[0.5789028012060151,-0.018513513361007462,-0.013610290912365687],[0.5658889677075338,-0.015492765315666708,-0.011393896301726122],[0.5529473530373352,-0.012470994162246483,-0.009174380531869813],[0.5400596041803667,-0.00944845990382948,-0.006952536784899662],[0.5272100614122373,-0.006425384388248577,-0.004729041844062879],[0.5143849753129976,-0.003401962400478445,-0.002504489932913343],[0.5015718192961435,-0.0003783714018843006,-0.000279422426489292]]","[[-0.10887017761531782,0.014483221057231868,0.009188977421743837],[-0.09967413507353522,0.014613499346806521,0.00958641273908949],[-0.0923181606931425,0.014717709799952898,0.009904323840411034],[-0.08643445575512003,0.01480106293932832,0.010158606280774547],[-0.08172883501256667,0.014867726421901557,0.0103619741821982],[-0.07796601742835477,0.014921033421801268,0.010524595939753181],[-0.07495786212327374,0.014963649289022442,0.010654602641317238],[-0.0725539613320695,0.014997704816926137,0.010758494621968573],[-0.07063412001518186,0.015024902781907537,0.010841466480739751],[-0.06910234610676645,0.015046603082215714,0.010907666810569332],[-0.06788205091140247,0.015063890732866073,0.010960405627948797],[-0.06691221966932175,0.015077630116391136,0.011002319873747115],[-0.06614436081842022,0.015088508201967154,0.011035505260254206],[-0.06554008141615282,0.015097068893872927,0.011061621056795425],[-0.0650691674924062,0.015103740226703745,0.011081973053197832],[-0.064708073350993,0.015108855767101149,0.011097578849281545],[-0.06443874428484259,0.01511267129208501,0.011109218734850752],[-0.06424771384064741,0.015115377577904519,0.011117474704183911],[-0.06412543049619772,0.015117109938850654,0.011122759555747683],[-0.06406578008427105,0.015117954992970719,0.011125337532120255]]"
1782756177.90554,TRACKING,MPC tracking AprilTag,Walk,True,fresh_solve,0,11,72.29024505615234,-0.04833704357659583,-0.05995818956523129,0.6606595885172847,0.6651334799703694,-0.07303469064857082,0.9989718054460459,-0.0008743369253186577,0.04532733677162492,0.00020727421409908424,0.9998916455631405,0.014719176961884604,-0.04533529487350276,-0.014694647596187164,0.9988637436461273,0.7580866722695521,-0.06293257517758226,-0.04205711628645641,-0.609717126958866,7.24599117577989,1.1077368282915983,0.6314331745551267,-0.2840031761016555,-0.05812855768896696,0.12665349771442536,0.2210706009240732,0.016071441402510545,0.09823817616220659,0.010649759695495073,0.009503394042287573,-0.0977035409210908,0.014770738936466996,0.009503394042287573,0.1558329566795141,0.0,-0.03559414073159084,0.25808667226955206,-0.06293257517758226,-0.04205711628645641,optimal,80.38627599944448,False,"[[0.7580866722695521,-0.06293257517758226,-0.04205711628645641],[0.7385459640853339,-0.059978427390288865,-0.0401564374779989],[0.7207917841673779,-0.05697828018236643,-0.0382054557721368],[0.704466659856414,-0.05394133773800151,-0.03621423645070403],[0.6892845712735217,-0.05087496447955853,-0.034190832914756004],[0.675016650326184,-0.047785053288698004,-0.03214168935462235],[0.6614797373036617,-0.04467632015045955,-0.030071962959423416],[0.6485272228914564,-0.041552539952513935,-0.027985781776526292],[0.6360417177055856,-0.03841673522954654,-0.025886451113913158],[0.6239291828233833,-0.03527132728999165,-0.023776618805580386],[0.6121142278373671,-0.03211825728145419,-0.021658407603238377],[0.600536341334864,-0.028959083248089962,-0.019533521313897063],[0.5891468653273765,-0.0257950580328134,-0.01740332999021641],[0.5779065623511578,-0.022627191919443356,-0.015268938433139426],[0.5667836535940247,-0.01945630314689399,-0.013131241431939293],[0.5557522299547484,-0.016283058821120504,-0.01099096850368304],[0.5447909565879925,-0.013108008270416879,-0.008848720369084885],[0.533882006162047,-0.009931610511830604,-0.0067049989885419594],[0.5230101674922423,-0.00675425720201503,-0.004560232660154148],[0.512162084981716,-0.003576292220062045,-0.002414797434629097],[0.5013255908415692,-0.00039802886145666325,-0.000269035917817586]]","[[-0.09770354092109079,0.014770738936466994,0.009503394042287573],[-0.08877089958977988,0.015000736039612146,0.009754908529310515],[-0.08162562155481953,0.015184712221824577,0.009956096607163813],[-0.07591044291446172,0.015331866292214912,0.010117017679740128],[-0.07133960473668856,0.015449555954302667,0.010245717800668278],[-0.06768456511261141,0.015543665691192228,0.01034863197599467],[-0.06476257206102638,0.015618900989728075,0.01043090591448562],[-0.062427525929354244,0.015679023614837,0.010496653313065681],[-0.06056267441101139,0.015727039697774448,0.010549161541663854],[-0.059074774930080655,0.01576535004268729,0.010591056011710048],[-0.05788943251251553,0.01579587016682117,0.010624431446706571],[-0.05694738003743774,0.015820126076382782,0.010650956618403252],[-0.0562015148810934,0.01583933056685021,0.010671957785384921],[-0.055614543785665306,0.01585444386274682,0.010688485006000666],[-0.055157118196382034,0.015866221628867447,0.01070136464128127],[-0.05480636683377943,0.01587525275351812,0.010711240672990768],[-0.05454475212972737,0.01588198879293137,0.010718606902714633],[-0.054359193349023234,0.015886766549077867,0.010723831641939055],[-0.05424041255263183,0.015889824909764927,0.010727176127625259],[-0.05418247070073359,0.015891316793026907,0.010728807584057552]]"
1782756178.1245842,TRACKING,MPC tracking AprilTag,Walk,True,fresh_solve,0,11,73.3951416015625,-0.0586689195364536,-0.06018487566697522,0.6290273170004501,0.6346177013851796,-0.09300021962894087,0.9998935446787149,-0.005699459858027551,0.013431882487626945,0.005451355923411119,0.9998151802682141,0.018436052284444147,-0.013534475550643896,-0.01836086769641349,0.9997398144062303,0.7226487217975955,-0.06466561794107098,-0.03987489817445485,-0.5945024840679649,7.273980825634336,1.1041203692546662,0.5995842245223963,-0.28326139507954473,-0.05451209865203488,0.12306449727519919,0.21859577713847375,0.014637200477580027,0.08765881062818918,0.01160872146071758,0.009604060855693734,-0.0871263568504239,0.01509395364620718,0.009604060855693734,0.1428203370726727,0.0,-0.03571695424394636,0.22264872179759554,-0.06466561794107098,-0.03987489817445485,optimal,99.45534200051043,False,"[[0.7226487217975955,-0.064665617941071,-0.03987489817445485],[0.7052234504275108,-0.06164682721182955,-0.0379540860033161],[0.6894904019565083,-0.05857632599617808,-0.03601716834647479],[0.6751109736144915,-0.0554644612253341,-0.03406736780662444],[0.6618142436378124,-0.05231951165275547,-0.032107262842308144],[0.6493834251810906,-0.04914810179181334,-0.030138916690845688],[0.6376450269749431,-0.04595553314146068,-0.028163980530199546],[0.6264601787625157,-0.04274604926117995,-0.026183776037873013],[0.6157176877866405,-0.039523047948957175,-0.024199361474785366],[0.6053284791519766,-0.036289251131181297,-0.022211584598317822],[0.5952211420802445,-0.03304684095896362,-0.020221125050182604],[0.5853383593713105,-0.02979756891569332,-0.018228528338508555],[0.5756340415431812,-0.026542843391206966,-0.01623423311324757],[0.5660710223579034,-0.02328380010128032,-0.01423859309867221],[0.5566192005096665,-0.020021358873417133,-0.012241894779589297],[0.5472540345595119,-0.016756269638224318,-0.010244371725580294],[0.5379553158633851,-0.013489149925942313,-0.008246216269480347],[0.5287061581399328,-0.0102205157429571,-0.006247589124020063],[0.5194921531564358,-0.006950807372119496,-0.004248627417462029],[0.5103006503171725,-0.003680411386887697,-0.0022494515500139428],[0.501120124133633,-0.0004096799800001971,-0.000250171213839003]]","[[-0.0871263568504239,0.015093953646207178,0.009604060855693734],[-0.078665242355012,0.015352506078257326,0.009684588284206574],[-0.07189714171008452,0.015559323854219945,0.009749002699251738],[-0.06648364988339509,0.015724747862893167,0.009800524821581481],[-0.06215409228360921,0.015857049304710658,0.009841730757312293],[-0.05869199103073761,0.01596284325176328,0.009874680803230711],[-0.05592424106213671,0.016047419401403678,0.009901022461632662],[-0.05371245487937646,0.016115006561113865,0.009922072815438238],[-0.05194604317331884,0.01616898408887935,0.00993888438233772],[-0.05053668535866098,0.01621205086108841,0.009952297740676084],[-0.049413913544669986,0.016246360216351497,0.009962983558370244],[-0.048521589140646304,0.01627362762243176,0.009971476126304911],[-0.04781509592638875,0.01629521644963322,0.009978200072876817],[-0.047259109241184455,0.01631220613931595,0.009983491595414559],[-0.046825829750773186,0.016325446175964077,0.009987615270045021],[-0.04649359348063439,0.01633559856141002,0.00999077728049973],[-0.046245788617261134,0.016343170914926066,0.009993135727301419],[-0.04607002491748475,0.01634854185418802,0.009994808532790172],[-0.04595751419631641,0.016351979926158985,0.00999587933724043],[-0.045902630917697716,0.016353657034437502,0.0099964016808747]]"
1782756178.310987,TRACKING,MPC tracking AprilTag,Walk,True,fresh_solve,0,11,73.32720184326172,-0.05448295390718348,-0.06446961899504274,0.6082054429077203,0.6140346772148902,-0.0893413869991855,0.9998751031026198,-0.0024852836358251807,0.015607740412209957,0.0020127018061833137,0.9995411927292807,0.0302217317301038,-0.01567568904274446,-0.03018654340225916,0.9994213552703678,0.6906514585577826,-0.06565916294030118,-0.030656778164870866,-0.5910483376328731,7.29380090446284,1.1025090086504323,0.580675835495891,-0.27638829703095724,-0.05290073804780105,0.10997562306189168,0.21072913409065608,0.022243959882930184,0.07764055223660363,0.013024394403378279,0.00910811180741639,-0.07720484689261631,0.01539811084085326,0.00910811180741639,0.13049787925102246,0.0,-0.035111896405048,0.19065145855778265,-0.06565916294030118,-0.030656778164870863,optimal,85.8139090005352,False,"[[0.6906514585577826,-0.06565916294030118,-0.030656778164870866],[0.6752104891792594,-0.06257954077213053,-0.028835155803387587],[0.6613568426866673,-0.05945125709194854,-0.027092879355775708],[0.6487729061186724,-0.05628404875107257,-0.025414072221944715],[0.637204552010171,-0.05308570636778522,-0.023786031267493162],[0.6264484320190337,-0.04986246385824855,-0.02219859166698855],[0.6163418095089993,-0.046619310132312144,-0.020643618662695748],[0.606754422717862,-0.04336023853900561,-0.0191146008266902],[0.5975819716693606,-0.04008844653399006,-0.017606324489461728],[0.5887409031743659,-0.03680649555234112,-0.01611461305643899],[0.5801642331714238,-0.03351643908030277,-0.01463611817826094],[0.5717981975236833,-0.030219925329599537,-0.013168152333308772],[0.5635995638120529,-0.026918279648022646,-0.011708554451624966],[0.5555334697142469,-0.0236125707868197,-0.010255581861415421],[0.5475716798886707,-0.020303664338256974,-0.008807823155459752],[0.5396911742073416,-0.016992266015232748,-0.007364127620750264],[0.5318729967494885,-0.013678956936922245,-0.005923547702841575],[0.5241013080055148,-0.010364222684736354,-0.004485291628128342],[0.5163625929015175,-0.007048477581392207,-0.0030486838151649923],[0.5086449850455925,-0.0037320854070490212,-0.0016131310955934492],[0.5009376734082395,-0.00041537758831605904,-0.0001780930557252266]]","[[-0.0772048468926163,0.015398110840853258,0.00910811180741639],[-0.06926823246296057,0.015641418400909882,0.00871138223805941],[-0.06291968283997398,0.015836041704379883,0.008394035669154948],[-0.05784177054250718,0.015991711916436762,0.00814020477225778],[-0.053780599955686834,0.01611621254768336,0.007937198002523047],[-0.05053311255017191,0.016215768629682006,0.007774865021464015],[-0.047936933955686684,0.016295357966532635,0.0076450891800277304],[-0.04586225524250688,0.01635896002507778,0.007541381686142378],[-0.044205342474973514,0.016409754908244693,0.007458557165113691],[-0.042883350014709914,0.016450282360191724,0.0073924743908902356],[-0.04183017823870289,0.016482568753516225,0.00733982922476084],[-0.04099316855815212,0.01650822840788442,0.0072979894084190325],[-0.04033047048903003,0.016528544306014716,0.007264862951047724],[-0.039808949127880536,0.01654453224281363,0.007238793529778347],[-0.03940252840664616,0.01655699161512111,0.007218477673547436],[-0.039090887289265186,0.016566545391552525,0.007202899589543442],[-0.03885844371986856,0.016573671260929453,0.007191280373566168],[-0.03869357551998646,0.01657872551672073,0.007183039064816749],[-0.038588039279624765,0.01658196087171593,0.007177763597857714],[-0.0385365581867654,0.01658353909366481,0.007175190199341112]]"
1782756178.5078242,TRACKING,MPC tracking AprilTag,Walk,True,fresh_solve,0,11,72.6436538696289,-0.0542404769669335,-0.06916499135901137,0.5854873488547813,0.5920483603898358,-0.09237791210534989,0.9994668036337768,-0.005128618924330935,0.03224601839003261,0.004409313351315857,0.9997407415757174,0.02233847777724809,-0.032352223877984566,-0.02218438418265636,0.9992302971330408,0.6606926171083162,-0.06354098020710092,-0.023220487109979517,-0.5801048609158979,7.3143047994917305,1.0970262755953246,0.5574454032767546,-0.2756696782705039,-0.04741800499269333,0.10324721383156155,0.212128698063403,0.024197517882713813,0.06824323658005498,0.013914300613655778,0.008274893182496669,-0.06790177153281352,0.01549504834436252,0.008274893182496669,0.11893918099346762,0.0,-0.03409536968264594,0.16069261710831617,-0.06354098020710092,-0.023220487109979517,optimal,82.65645499977836,False,"[[0.6606926171083162,-0.06354098020710093,-0.023220487109979517],[0.6471122628017535,-0.06044197053822843,-0.021565508473480183],[0.6350202892447899,-0.057327452028617006,-0.02004383484780517],[0.624118881152544,-0.05420052789619264,-0.01862879276933607],[0.6141697515133703,-0.05106368107774066,-0.01729904035181477],[0.6049822272382767,-0.04791889837574505,-0.016037500192030547],[0.5964037155064752,-0.04476776979851255,-0.01483050549965954],[0.5883120741243426,-0.0416115680605881,-0.013667116757748536],[0.5806095044157389,-0.03845131221848204,-0.01253857474686733],[0.5732176612882007,-0.03528781862349561,-0.011437862584137204],[0.5660737359783178,-0.03212174173928605,-0.010359354879086994],[0.5591273156135627,-0.02895360686504944,-0.009298536464129535],[0.5523378625686644,-0.025783836400480493,-0.008251776636182295],[0.5456726875843446,-0.022612770965757315,-0.007216147621513257],[0.5391053153043542,-0.019440686432550314,-0.006189278187054312],[0.5326141605076605,-0.016267807717605682,-0.005169235078747854],[0.5261814488473953,-0.013094320028582747,-0.004154426358843906],[0.5197923281335121,-0.00992037812443691,-0.0031435218090126124],[0.5134341257232835,-0.006746114053367439,-0.002135386419427752],[0.5070957148891648,-0.003571643755227413,-0.001129023638275425],[0.5007669584824168,-0.0003970728585163848,-0.000123525544163358]]","[[-0.06790177153281352,0.015495048344362519,0.008274893182496669],[-0.06045986778481781,0.015572592548057134,0.007608368128375067],[-0.05450704046122938,0.015634620662121835,0.007075210392345503],[-0.049745648195868825,0.015684234092259858,0.006648762087606497],[-0.045937621375468106,0.015723913509978107,0.006307700798921101],[-0.042892558659007186,0.015755642886162487,0.006034973461855042],[-0.04045820691066303,0.015781008689622227,0.0058169437095550195],[-0.03851284854301841,0.015801279210530306,0.005642710054406033],[-0.03695921563769112,0.01581746797493213,0.0055035608136506315],[-0.035719626549414775,0.01583038442104779,0.005392538525251046],[-0.03473210182377556,0.015840674371183073,0.005304092074787297],[-0.033947265224491534,0.015848852322844734,0.0052337991397361965],[-0.03332587492159848,0.015855327173615867,0.0051781450733451905],[-0.03283686139995175,0.01586042266603502,0.005134347172294728],[-0.032455773983468994,0.01586439357472316,0.005100215541532285],[-0.03216355830132609,0.015867438445114686,0.005074043599519741],[-0.03194560356941589,0.015869709520729174,0.005054522749156467],[-0.03179101205114289,0.01587132035534735,0.0050406769479243016],[-0.031692054170593426,0.01587235149070013,0.005031813905761635],[-0.03164378203374003,0.015872854483555143,0.005027490470560334]]"
1782756178.7762945,TRACKING,MPC tracking AprilTag,Walk,True,fresh_solve,0,11,72.8437271118164,-0.07091683335605502,-0.05991882916517614,0.5618839450182191,0.5695024416198874,-0.12554876000809007,0.9999703391018585,-0.0007345297306839448,0.007666901759431269,0.0005327565827132849,0.9996543116588466,0.026286371988184284,-0.007683559522617403,-0.02628150771840088,0.999625052339681,0.6318409771995206,-0.06701205755191714,-0.02390907790329451,-0.5626874006220818,7.327838870701954,1.0901198365584976,0.5370359327681351,-0.28403583151843215,-0.04051156595586636,0.09480504443138549,0.217023773966515,0.016602488052571848,0.059491871658641435,0.014364837921120924,0.007692284720558539,-0.05913145107472331,0.015782992610590078,0.007692284720558539,0.10817500214012897,0.0,-0.03338458735908142,0.1318409771995206,-0.06701205755191714,-0.02390907790329451,optimal,100.48125100001926,False,"[[0.6318409771995206,-0.06701205755191714,-0.02390907790329451],[0.620014686984576,-0.06385545902979912,-0.0223706209591828],[0.6095915431091783,-0.06065279287023485,-0.020925374398279326],[0.6002907851382339,-0.05741327690715129,-0.0195546874305651],[0.5918877719318717,-0.054144286484299385,-0.0182436372456806],[0.5842027495884498,-0.050851723222441754,-0.0169802828724078],[0.5770918637494732,-0.04754031010039063,-0.015755068130109247],[0.5704399668816694,-0.04421382760394863,-0.014560343819696201],[0.5641548609003243,-0.040875302750198836,-0.013389985263674208],[0.5581626872650467,-0.0375271604383589,-0.012239086072268354],[0.5524042340527491,-0.03417134469474199,-0.01110371282393454],[0.5468319753614928,-0.03080941587407243,-0.009980708394282268],[0.5414076950153909,-0.027442628677221886,-0.008867534099855112],[0.5361005757558146,-0.024071994886253008,-0.007762142763957908],[0.5308856583784615,-0.020698333953522503,-0.006662876357821987],[0.5257425937731397,-0.017322313974299012,-0.005568383099166743],[0.5206546254682596,-0.013944485091526522,-0.004477549863085607],[0.5156077518072533,-0.010565307002971567,-0.0033894465258007115],[0.5105900258657465,-0.007185171946111563,-0.002303279458474004],[0.5055909581053403,-0.00380442431000867,-0.0012183518457653403],[0.5006009918966904,-0.00042337785476290294,-0.0001340288450654782]]","[[-0.05913145107472331,0.015782992610590078,0.007692284720558539],[-0.05211571937698841,0.016013330797821336,0.007226232804517379],[-0.04650378985472206,0.01619757981541785,0.006853434838571132],[-0.042015066031810946,0.016344952114259455,0.006555250924422486],[-0.03842511171710951,0.01646281630928823,0.006316771866364007],[-0.03555442919488268,0.016557065610255602,0.006126073711492772],[-0.03325948433901912,0.01663241248220995,0.00597362155206522],[-0.03142552990672565,0.016692624268748995,0.005851792780109973],[-0.02996086817638759,0.01674071155919968,0.005754495957029267],[-0.028792266061488044,0.016779078718084543,0.0056768662416690685],[-0.027861293456282035,0.01680964410334783,0.005615022148261366],[-0.02712140173050926,0.0168339359842527,0.005565871472135777],[-0.02653559629788108,0.016853168954844403,0.005526956679486019],[-0.026074586886766088,0.016868304663652516,0.005496332030679606],[-0.02571532302660853,0.01688009989611745,0.005472466293276217],[-0.02543984152440053,0.016889144413862453,0.005454166180405683],[-0.025234368305031694,0.016895890442774772,0.0054405166864244766],[-0.025088629707533575,0.01690067528430002,0.005430835336633537],[-0.024995338802031263,0.01690373818051447,0.005424638063543319],[-0.024949831043249646,0.016905232276228834,0.00542161500349931]]"
1782756178.954941,TRACKING,MPC tracking AprilTag,Walk,True,fresh_solve,0,11,72.93242645263672,-0.07980478625675465,-0.06612906095627835,0.5450467626894174,0.5548133290852515,-0.14538517402305084,0.9998973998366902,-0.003211338980624103,-0.013959838887952039,0.0035571939161602216,0.9996855782529265,0.02482118056328135,0.01387574038633206,-0.02486829176006481,0.9995944337048238,0.607374974646786,-0.06990020968388154,-0.01901830112360767,-0.5531678904742232,7.341261840487438,1.0866529949449495,0.5206552872673074,-0.2856079779153783,-0.0370447243423182,0.08671968737947866,0.21570776823149673,0.018026423218710536,0.0513312725978453,0.015204715517018838,0.006951845706993701,-0.051032839298651066,0.016178140609656985,0.006951845706993701,0.09813746529534972,0.0,-0.03248125176253232,0.10737497464678603,-0.06990020968388154,-0.019018301123607667,optimal,79.41857700006949,False,"[[0.607374974646786,-0.06990020968388154,-0.01901830112360767],[0.5971684067870558,-0.06666458156195014,-0.01762793198220893],[0.5882575199145038,-0.06336573448797252,-0.016356024223892596],[0.5803830567104529,-0.06001631816211351,-0.015178874498182223],[0.5733375810396505,-0.056626453821943895,-0.014077517356231672],[0.5669551061435071,-0.05320424030431892,-0.013036776978382786],[0.5611027953021657,-0.04975615898722104,-0.012044508383182497],[0.5556743199985095,-0.04628739785865912,-0.011090990178310164],[0.5505845434923061,-0.04280211091606877,-0.010168438490961548],[0.5457652639831956,-0.03930362586618419,-0.00927061777420859],[0.5411618045206726,-0.03579461051037488,-0.008392529029653017],[0.5367302791565616,-0.03227720613471411,-0.007530159857506428],[0.532435398647607,-0.02875313457428255,-0.006680283836600865],[0.5282487059933116,-0.02522378430492236,-0.0058402992033304265],[0.524147153585911,-0.021690279867029254,-0.005008098763470964],[0.5201119508299852,-0.01815353809257229,-0.0041819645324688804],[0.5161276246126885,-0.01461431394669236,-0.0033604818362134446],[0.5121812456481061,-0.01107323827595918,-0.0025424685773312605],[0.5082617820129592,-0.007530849350699819,-0.0017269161303175935],[0.504359547550441,-0.003987619778515035,-0.0009129389102611351],[0.5004657175623758,-0.0004439801346593118,-9.973009359843675e-05]]","[[-0.05103283929865106,0.01617814060965698,0.006951845706993701],[-0.04455443436275984,0.016494235369888116,0.006359538791581675],[-0.03937231602025511,0.016747081629295033,0.005885748628551859],[-0.0352273783540116,0.016949321700848074,0.005506785709752761],[-0.03191237448071717,0.0171110675881249,0.00520370188924443],[-0.029261554206707074,0.017240406585489344,0.004961342976001445],[-0.02714237651828082,0.017343805642809632,0.004767591024361659],[-0.025448882531017094,0.01742643471295178,0.004612758436743083],[-0.024096397545552706,0.017492425249422894,0.004489103583764789],[-0.023017297312614437,0.017545076779046532,0.004390443722777859],[-0.022157626820555373,0.01758702187830387,0.004311845860732949],[-0.021474402544772567,0.017620357802157777,0.004249380104527813],[-0.02093346327147687,0.01764675134680095,0.0041999231663521945],[-0.020507762037003503,0.01766752218946555,0.004161002199297311],[-0.020176013779628795,0.017683708872284803,0.00413067115501042],[-0.019921631086484013,0.017696120729399672,0.004107413481277178],[-0.019731894822911916,0.017705378353665903,0.00409006629441092],[-0.019597318175733902,0.017711944626296806,0.004077762235068335],[-0.019511172312591068,0.017716147860923924,0.004069886100282293],[-0.01946914994032627,0.017718198219278617,0.004066044083313491]]"
1782756179.1541884,TRACKING,MPC tracking AprilTag,Walk,True,fresh_solve,0,11,72.99540710449219,-0.07508607487718245,-0.06135697433820499,0.5329212466981189,0.5416711660432724,-0.13997387851563556,0.9991119923604828,0.0007485251980717757,-0.042126789950037914,0.0011919572432551523,0.9989398560169126,0.046018944999209194,0.042116575827066176,-0.046028293156903405,0.9980518975833197,0.5865141215923887,-0.06980989356815602,-0.006459376820423475,-0.5498798782288503,7.354986766029135,1.088213175232672,0.507115507341958,-0.2816256462837914,-0.03860490463004074,0.07939861425043071,0.21181575271563535,0.03214552780961726,0.04376729628219729,0.01618671507761695,0.005617558790201842,-0.043661827856811,0.016469084888353566,0.005617558790201842,0.08883377442710266,0.0,-0.03085342172404625,0.08651412159238869,-0.06980989356815602,-0.006459376820423475,optimal,78.77114100028848,False,"[[0.5865141215923887,-0.06980989356815602,-0.006459376820423475],[0.5777817560210264,-0.0665160765904853,-0.005335865062383107],[0.5702286640888431,-0.06317571200926737,-0.004425823246763703],[0.5636188808286084,-0.05979811369651696,-0.0036865374297489046],[0.5577636067066896,-0.05639073383767218,-0.003083831467452584],[0.5525117676463697,-0.05295953554086641,-0.0025903582087245356],[0.5477424613240115,-0.049509290992335024,-0.0021842321375929686],[0.5433589120528762,-0.04604382006572707,-0.0018479350974659155],[0.5392836319987859,-0.04256618131578778,-0.0015674403833016352],[0.5354545467884152,-0.03907882490609583,-0.0013315114063565253],[0.5318218917906243,-0.03558371511724225,-0.001131139864747941],[0.5283457238849029,-0.032082428560859994,-0.0009590953283600646],[0.5249939243053436,-0.028576233010205596,-0.0008095637173381136],[0.5217405927023475,-0.025066150788821955,-0.0006778565980956017],[0.5185647521251437,-0.021553009886715522,-0.0005601767616350145],[0.5154493001742511,-0.018037485359856616,-0.00045342836309793407],[0.5123801538815038,-0.014520133082977919,-0.0003550621295221175],[0.5093455455616435,-0.01100141754331113,-0.00026294789619338526],[0.5063354344280562,-0.007481735064948544,-0.00017526809840991213],[0.5033410045534414,-0.003961433625047666,-9.04268932471356e-05],[0.5003542240734474,-0.000440830252689083,-6.970367411528183e-06]]","[[-0.043661827856811,0.016469084888353566,0.005617558790201842],[-0.03776545966091672,0.01670182290608966,0.004550209078097019],[-0.03304891630117352,0.01688799156375207,0.0036964290850739897],[-0.029276370609594225,0.01703689929422392,0.0030135298114816037],[-0.026259195301599883,0.0171559914840288,0.002467366293640242],[-0.02384653161179077,0.017251222742656953,0.0020306303556578355],[-0.021917746355676435,0.017327354633039787,0.0016814852006352646],[-0.020376400270451157,0.017388193749696444,0.0014024735708214006],[-0.019145426051853674,0.01743678204845976,0.0011796448847255503],[-0.018163274988954117,0.017475548944267894,0.0010018577080429213],[-0.0173808395286075,0.017506432781911257,0.0008602226819393817],[-0.016758997897796495,0.017530977753272017,0.000747658055109755],[-0.01626665801498055,0.017550411106918216,0.0006585355962125596],[-0.015879202886018875,0.017565704510532156,0.0005883991823029359],[-0.01557725975446338,0.01757762263429454,0.0005337419926854024],[-0.015345731463736292,0.01758676138439349,0.0004918311678790828],[-0.015173041599301254,0.017593577698333942,0.00046057116664366095],[-0.015050555667936519,0.017598412391812927,0.0004383989889173658],[-0.014972149373073847,0.017601507199504395,0.00042420602581388255],[-0.014933902399970105,0.017603016861792914,0.0004172826291780371]]"
1782756179.3773103,TRACKING,MPC tracking AprilTag,Walk,True,fresh_solve,0,11,73.02755737304688,-0.0733186410588278,-0.07019307502091655,0.5178107048263138,0.5276652508364835,-0.14065848699182845,0.9996569170887895,0.0002517874084216711,-0.02619131000232913,0.0007759021840655995,0.9992302889589193,0.03922024480896831,0.02618102542563808,-0.039227110907835205,0.9988872747600135,0.5675120937973844,-0.06834935399264441,0.0029264748845968798,-0.542968223494898,7.3691380555538695,1.085615486795511,0.4914017217794102,-0.2805735485371518,-0.03600721619287972,0.07611037201797421,0.21222419454450736,0.0389336910774766,0.03690336596143893,0.016704946646249674,0.004034332460675666,-0.03695209447365812,0.016596878494095902,0.004034332460675666,0.08039114013256989,0.0,-0.028921885602024314,0.06751209379738443,-0.06834935399264441,0.0029264748845968793,optimal,101.45630899933167,False,"[[0.5675120937973844,-0.0683493539926444,0.0029264748845968798],[0.5601216749026529,-0.06502997829382522,0.003733341376732013],[0.5538047330696656,-0.06169015714709205,0.004286910598879728],[0.5483464725366236,-0.05833398155328367,0.004637865683458468],[0.5435750316067254,-0.0549647247908851,0.004826759056008233],[0.5393528895633263,-0.05158500607995186,0.004886040056467569],[0.5355699906341066,-0.04819692154311272,0.0048416774061705034],[0.5321382412024559,-0.04480214901170114,0.004714457643913243],[0.5289871051266418,-0.041402031917322,0.004521024452893985],[0.5260600769327242,-0.03799764646343178,0.004274710844872825],[0.5233118565408574,-0.0345898554355114,0.003986205810759765],[0.5207060842612985,-0.031179351340340288,0.0036640887701602136],[0.51821352280992,-0.02776669103133532,0.003315258542355251],[0.5158105954440032,-0.024352323551221678,0.00294527828726569],[0.5134782071251027,-0.020936612584169123,0.002558653663448112],[0.5112007897671239,-0.017519854640000474,0.002159058111022698],[0.5089655238320181,-0.014102293879682726,0.0017495165236792376],[0.5067616973528805,-0.010684134323375437,0.001332556493361617],[0.5045801703356044,-0.007265550051438677,0.0009103346898650151],[0.5024129177591766,-0.003846693908451043,0.00048474469432566197],[0.5002526283246259,-0.0004277051454385945,5.7511678277649594e-05]]","[[-0.03695209447365811,0.0165968784940959,0.004034332460675666],[-0.03158470916493629,0.016699105733665835,0.002767846110738571],[-0.027291302665209443,0.016780877969041878,0.001754775422893705],[-0.02385720464949124,0.016846283811992824,0.0009444668627488229],[-0.021110710216995753,0.016898593554666223,0.00029640500229668153],[-0.01891449464609822,0.016940422684195745,-0.00022181325148532655],[-0.017158747158253766,0.016973862657057862,-0.0006360988112863018],[-0.01575568037907016,0.017000585471895688,-0.0009671659550962929],[-0.014635140969588222,0.017021927269451103,-0.0012315680401057995],[-0.01374110195933386,0.017038955139601887,-0.001442525170565297],[-0.013028861397794356,0.01705252047585558,-0.0016105852029977602],[-0.012462807256892729,0.017063301545024858,-0.001744151139024812],[-0.012014636829583904,0.017071837400568193,-0.0018499012754478051],[-0.011661941594502435,0.017078554835262747,-0.0019331231190878896],[-0.011387086789894254,0.017083789720843248,-0.001997977762127069],[-0.011176329675528946,0.017087803801588725,-0.0020477079367173033],[-0.01101913239568825,0.017090797781536448,-0.002084800151588103],[-0.01090763508638013,0.017092921359683804,-0.002111109017483009],[-0.010836262882139177,0.01709428071493816,-0.0021279499776967656],[-0.010801447172753347,0.017094943815062238,-0.0021361650802400618]]"
1782756179.6095896,TRACKING,MPC tracking AprilTag,Walk,True,fresh_solve,0,11,73.13804626464844,-0.08664966155091211,-0.06025486104042154,0.5009765774498243,0.5119729907712202,-0.1712670605713529,0.9998067159769779,0.0007804829908107568,-0.01964488568639633,-0.00020663224360789113,0.999573675851373,0.02919629853406445,0.01965929781163167,-0.029186596089221636,0.999380635502949,0.5483312184660125,-0.06972540014483046,0.00544235109021395,-0.5329612107787361,7.377240008990506,1.0769778757104438,0.47939287915670503,-0.28521786246430425,-0.0273696051078125,0.06893833930930748,0.21549246231947378,0.03281195619802645,0.030635770331289502,0.0169450742158964,0.002690204322106374,-0.030727537217010156,0.01677809347187608,0.002690204322106374,0.07268199750748609,0.0,-0.027282049272969778,0.048331218466012515,-0.06972540014483046,0.00544235109021395,optimal,84.44865499950538,False,"[[0.5483312184660125,-0.06972540014483045,0.00544235109021395],[0.5421857110226105,-0.06636978145045523,0.005980391954635225],[0.5370360582656708,-0.06298517052780758,0.0063033883988978445],[0.5326829961646495,-0.05957736853275748,0.006454369409549079],[0.5289670902217984,-0.05615101706755478,0.0064677632014556305],[0.5257607637472778,-0.05270983026094172,0.006371118628546965],[0.5229619190246646,-0.049256780474589985,0.006186482626511789],[0.520488832425131,-0.045794246921184376,0.005931502559582484],[0.5182760682260033,-0.04232413462505698,0.005620308588746722],[0.516271206824628,-0.038847969673403766,0.005264220179796856],[0.5144322237582393,-0.03536697552064446,0.004872312076619532],[0.5127253884808205,-0.031882134161143445,0.004451868038390022],[0.5111235778358038,-0.028394235228928033,0.004008745027530992],[0.5096049198982411,-0.02490391547938983,0.003547666057833629],[0.5081517003785572,-0.021411690627054274,0.003072456345147204],[0.5067494769080709,-0.01791798113130696,0.0025862345681715347],[0.5053863569205608,-0.014423133219362883,0.002091568802391978],[0.504052403023954,-0.010927436197627203,0.001590604923853695],[0.5027391361307235,-0.007431136917015495,0.001085173902963911],[0.5014391115035105,-0.003934452115499543,0.0005768833530122762],[0.5001455465182573,-0.0004375792550059081,6.719791083534855e-05]]","[[-0.030727537217010156,0.016778093471876084,0.002690204322106374],[-0.02574826378469816,0.01692305461323826,0.001614982221313098],[-0.021765310505106533,0.017039009975250523,0.0007549050532561743],[-0.018579529714255687,0.017131757326013502,6.696895953275619e-05],[-0.01603163237260308,0.017205934033065338,-0.0004832228645433269],[-0.013994223613066088,0.01726524893175863,-0.0009231800101758795],[-0.012365432997667855,0.01731266776702803,-0.0012749003346465286],[-0.011063820995638475,0.01735056148063702,-0.0015559698541788073],[-0.010024307006876476,0.017380824758266047,-0.0017804420447493292],[-0.009194915331943759,0.017404970763796556,-0.0019595405158866204],[-0.008534176387093686,0.017424206797505077,-0.002102220191147546],[-0.008009053225083756,0.01743949466107704,-0.002215615054295151],[-0.007593289687813469,0.017451598747691036,-0.002305394848486817],[-0.007266097598419313,0.017461124261677768,-0.0023760485634321264],[-0.007011117352431581,0.017468547478736572,-0.002431108884878345],[-0.006815599937550885,0.017474239559720387,-0.002473328828897784],[-0.0066697694830331914,0.01747848510867841,-0.002504819392691415],[-0.006566334466152614,0.017481496403058534,-0.00252715510444892],[-0.006500123136065126,0.01748342400757977,-0.0025414527497581735],[-0.006467824926266351,0.017484364302468178,-0.0025484272108846386]]"
1782756179.8087327,TRACKING,MPC tracking AprilTag,Walk,True,fresh_solve,0,11,73.21806335449219,-0.09634311168959368,-0.0607641346493683,0.49806470495754696,0.510923404782134,-0.19107509761022204,0.9976804186912067,0.012827770210204209,-0.06685230341261697,-0.007018388367250819,0.9962341011057156,0.08641966222343776,0.06770911596576076,-0.085750009361637,0.9940132853788295,0.5318880983281604,-0.07247238411937393,0.007077670623865046,-0.5243508405062143,7.382088588789873,1.0735728110348497,0.4709008574097524,-0.2902708585013156,-0.023964540432218517,0.060987240918408014,0.2177984743819417,0.03104221105608356,0.024915275057008957,0.017261166153778304,0.0015801021809978047,-0.02503681884257376,0.017084393182050624,0.0015801021809978047,0.06564578832012102,0.0,-0.025927724660817324,0.03188809832816042,-0.07247238411937393,0.007077670623865046,optimal,83.40867700007948,False,"[[0.5318880983281604,-0.07247238411937393,0.007077670623865046],[0.5268807345596457,-0.0690555054829638,0.007393691060064607],[0.5227838176436308,-0.06558962255769221,0.007532108435661871],[0.5194151731003532,-0.06208454078228959,0.007528459965246142],[0.5166290400686875,-0.05854810565297974,0.007411179571106072],[0.5143087832630886,-0.05498659499829113,0.007203019579344095],[0.5123610612093149,-0.05140503287048333,0.006922188336181555],[0.510711159170716,-0.04780744074815989,0.006583260625269762],[0.5092992534114003,-0.04419703861019861,0.006197906406872566],[0.5080774200094401,-0.0405764059346954,0.005775474315879546],[0.507007238660776,-0.03694761067286907,0.005323459093550491],[0.5060578716640128,-0.033312312646622266,0.004847876324578389],[0.5052045220353508,-0.029671846539636622,0.004353563216324071],[0.5044271936593953,-0.02602728863155681,0.003844420459184263],[0.5037096914833866,-0.02237951061197283,0.003323607261111413],[0.5030388117645627,-0.018729223164899424,0.0027936993080113176],[0.5024036818830205,-0.015077011502976906,0.002256817548038412],[0.5017952167107216,-0.01142336462810312,0.0017147342390034896],[0.501205664355089,-0.007768699781528338,0.001168961561264244],[0.5006282185643793,-0.004113383305917791,0.0006208272267431518],[0.5000566784150957,-0.0004577489624849199,7.154086452359827e-05]]","[[-0.02503681884257376,0.017084393182050628,0.0015801021809978047],[-0.020484584580074565,0.017329414626357866,0.0006920868779863223],[-0.016843222716387607,0.017525408877013156,-1.824235207864743e-05],[-0.013930665158328543,0.017682175646549267,-0.000586401970700353],[-0.011601284027994417,0.017807553273443,-0.0010407999588098796],[-0.009738610268868521,0.017907810639039044,-0.0014041562158127036],[-0.008249510192994563,0.017987960611617202,-0.001694638554558966],[-0.007059528796578844,0.01805201068980638,-0.0019267710919859805],[-0.006109167009800578,0.018103163377516034,-0.0021121604549650974],[-0.005350906743320852,0.018143976309131653,-0.0022600761116452726],[-0.004746834983815679,0.018176490131234013,-0.002377913844860515],[-0.004266748143309801,0.018202330534928236,-0.0024715655412715864],[-0.0038866418797779243,0.01822278954039903,-0.0025457137856990403],[-0.0035875108800434543,0.01823889009791994,-0.0026040659903642503],[-0.0033543985941196677,0.018251437235367002,-0.0026495397655004757],[-0.003175649407710376,0.018261058309612575,-0.0026844087998645285],[-0.0030423258614951138,0.018268234374368936,-0.0027104165451746114],[-0.002947761778163118,0.018273324232873908,-0.002728863388696228],[-0.002887228953547789,0.01827658237805273,-0.0027406716726054597],[-0.00285770074641836,0.01827817171716435,-0.002746431811097768]]"
1782756180.0617015,TRACKING,MPC tracking AprilTag,Walk,True,fresh_solve,0,11,73.38349151611328,-0.08989632709939634,-0.06187265697338927,0.4825223144010423,0.4947093684193242,-0.18419330013519294,0.9988040756300566,0.0023258657946792884,-0.048836552428416516,-0.0006128127441671721,0.9993849165924803,0.03506298544023171,0.048888065673832096,-0.03499112509975145,0.9981911531359736,0.518272264035771,-0.07368976850986655,0.018404693730175583,-0.5218163360933901,7.393247064365789,1.0790287652544257,0.4599619550776497,-0.28691292676203817,-0.029420494651794415,0.05831030895812128,0.2132231582521716,0.04782518838197,0.019598600858750495,0.01775342630980598,4.477125322657754e-05,-0.019922009536040983,0.017389733678358013,4.477125322657754e-05,0.05910627905626312,0.0,-0.024054620928936427,0.01827226403577098,-0.07368976850986655,0.018404693730175583,optimal,86.34832000007009,False,"[[0.518272264035771,-0.07368976850986653,0.018404693730175583],[0.5142878621285628,-0.07021182177419494,0.0184136479808209],[0.5111217685135359,-0.06668502421240398,0.018176967652708237],[0.508610245036174,-0.06311915055632983,0.017743802623695962],[0.5066222820488442,-0.05952202173309447,0.017153478536597468],[0.5050530479284152,-0.05589989591146186,0.016437463081321824],[0.5038186474951006,-0.05225778141027606,0.015620939379369253],[0.5028519272534698,-0.04859968711440348,0.01472406513990613],[0.5020991177176765,-0.044928822918976215,0.013762980545223295],[0.5015171449371659,-0.04124776022414858,0.01275061525985061],[0.5010714767991479,-0.03755856050510492,0.011697334913783443],[0.5007343964229566,-0.033862878385818744,0.010611459383982435],[0.5004836163160175,-0.030162044370251447,0.009499678788221538],[0.5003011639992189,-0.02645713136755038,0.008367387990976707],[0.5001724833829558,-0.022749008337506184,0.007218956346649705],[0.5000857069626505,-0.019038383738542355,0.00605794616728818],[0.5000310624435226,-0.015325840950636412,0.004887290838188056],[0.500000384125851,-0.011611867444318759,0.0037094414871583314],[0.49998670461998707,-0.007896879154199213,0.002526489540911519],[0.4999839064768729,-0.004181241275697509,0.0013402712963992798],[0.4999864163155878,-0.00046528652481426125,0.00015245973566000305]]","[[-0.019922009536040983,0.017389733678358013,4.477125322657754e-05],[-0.015830468075134604,0.017633987808954775,-0.0011834016405633146],[-0.012557617386809303,0.017829368280370756,-0.0021658251450613667],[-0.009939814936648817,0.017985644116176754,-0.0029516204354924805],[-0.007846170602145121,0.018110629108163065,-0.0035800772763782125],[-0.0061720021665730325,0.018210572505929005,-0.00408261850976285],[-0.0048336012081539445,0.018290471479362875,-0.004484371197315623],[-0.0037640476789669026,0.018354320977136365,-0.004805422973414171],[-0.0029098639025525556,0.01840531347413815,-0.0050618264268634215],[-0.0022283406900901856,0.01844599859521832,-0.005266401730335837],[-0.0016854018809566744,0.01847841059643088,-0.005429377649005039],[-0.001253900534695346,0.018504170077836467,-0.0055589029788044855],[-0.0009122615839931344,0.01852456501350535,-0.00566145398622415],[-0.0006434030813149289,0.01854061515022098,-0.005742158221635017],[-0.00043388210152681925,0.018553122994819135,-0.005805050896807627],[-0.0002732225956393999,0.018562713939529726,-0.005853276645500614],[-0.00015339158835829986,0.018569867531588277,-0.005889246755148626],[-6.839752931946423e-05,0.01857494145059772,-0.0059147597312340615],[-1.3990715570951175e-05,0.018578189392508528,-0.005931091222561195],[1.2549193574664949e-05,0.01857977375441624,-0.005939057803696381]]"
1782756180.3292508,TRACKING,MPC tracking AprilTag,Walk,True,fresh_solve,0,11,72.83535766601562,-0.09039480145489785,-0.07062796589687524,0.4696241610939001,0.4834318797720626,-0.19015761330968747,0.9997981994909634,-0.0010132404786946927,-0.020063240973486482,0.0015765652303001186,0.9996043914842564,0.028081577011704068,0.020026850393970112,-0.028107541143294484,0.9994042682489283,0.5062315738396034,-0.07251120443714622,0.026083261276341654,-0.5152087215582117,7.403048803837187,1.075675242897474,0.4481716070781312,-0.2877628447350916,-0.026066972294842783,0.05805996676147218,0.2152516402979454,0.05215023357118444,0.014874235351528814,0.01793983952700937,-0.0015834845153112928,-0.015337052360819952,0.017545812732073267,-0.0015834845153112928,0.05329530948238044,0.0,0.02593185110867978,0.006231573839603377,-0.07251120443714622,0.026083261276341654,optimal,103.66015399995376,False,"[[0.5062315738396034,-0.07251120443714622,0.026083261276341654],[0.5031641633674394,-0.06900204189073156,0.025766564373279396],[0.500830291185938,-0.06546790856315253,0.02518936602874898],[0.4990831810652509,-0.06191380094492954,0.024403790882916415],[0.49780539487857023,-0.05834371681205085,0.023451544735882603],[0.4969029606957886,-0.05476085511477194,0.02236599983768838],[0.49630067418699364,-0.05116777592512825,0.021173863500816573],[0.4959383384059722,-0.04756652844053699,0.01989651346581611],[0.4957677539428998,-0.04395875344366799,0.018551066788329504],[0.4957503089538495,-0.0403457653415772,0.017151235691874954],[0.49585504856859536,-0.036728617886059495,0.01570801317902226],[0.4960571271471014,-0.03310815686123835,0.014230222681521314],[0.4963365659975194,-0.029485062372772142,0.012724959231889604],[0.49667725444159705,-0.025859882853136933,0.011197944215038072],[0.49706614428076484,-0.02223306248325037,0.009653811437516669],[0.4974925973862077,-0.01860496340151752,0.008096338817841858],[0.49794785379242446,-0.014975883810751139,0.006528637282422425],[0.4984245936989526,-0.011346072888312304,0.00495330631187993],[0.4989165714803452,-0.0077157432449784635,0.0033725639150797757],[0.4994183034048984,-0.00408508155548233,0.0017883575295744856],[0.49992479344806656,-0.000454257892248492,0.0002024613934813238]]","[[-0.015337052360819952,0.01754581273207327,-0.0015834845153112928],[-0.01166936090750676,0.01767066663789521,-0.0028859917226520797],[-0.00873555060343575,0.017770538091114924,-0.003927875729162824],[-0.006388930933403365,0.0178504206643934,-0.00476123073516906],[-0.004512170913907992,0.01791430848639456,-0.005427724490971102],[-0.0030114325439748587,0.017965395948218464,-0.005960681684359053],[-0.00181167890510731,0.018006237422956307,-0.006386750175002308],[-0.0008529223153619682,0.018038874984344984,-0.006727233387433031],[-8.722494525156608e-05,0.018064940510453924,-0.006999155482272758],[0.0005236980737294165,0.018085737277588575,-0.007216112564263476],[0.0010103928925300285,0.01810230512410567,-0.007388952487504718],[0.0013971942520903007,0.01811547244233106,-0.0075263172481585495],[0.0017034422203882468,0.018125897598176028,-0.0076350750842576615],[0.0019444491958387638,0.01813410184943281,-0.007720663887607008],[0.0021322655272143776,0.018140495408664244,-0.0077873630983740574],[0.002276282031083869,0.01814539795383191,-0.007838507677097163],[0.0023836995326407128,0.018149054612194186,-0.007876654852712477],[0.002459888906962751,0.018151648216669185,-0.007903711984000769],[0.002508659622766085,0.018153308447480664,-0.007921031927526452],[0.0025324502158408824,0.01815411831616919,-0.007929480680465808]]"
1782756180.5626614,TRACKING,MPC tracking AprilTag,Walk,True,fresh_solve,0,11,72.95137786865234,-0.1013163765780622,-0.059883441316562994,0.46188745749396193,0.4766456315724067,-0.2159330431164673,0.9990915674468076,0.0037313342866915292,-0.04245134863725709,-0.0023902685371471636,0.999497811128803,0.031597660752846,0.0425479314773505,-0.03146748628620628,0.9985987536712762,0.49326165367755476,-0.07551126866532204,0.02477179496463398,-0.5089110974868287,7.406077822915793,1.0698327070468032,0.4424091011057425,-0.2917161408840294,-0.020224436444171934,0.05085255257181226,0.21620487221870738,0.04499623140880591,0.010646611520065418,0.01811820656254299,-0.0027241218328428593,-0.011092119681037555,0.01784893909686805,-0.0027241218328428593,0.04809533216968047,0.0,0.02732342863606829,-0.006738346322445243,-0.07551126866532204,0.02477179496463398,optimal,87.0941210005185,False,"[[0.49326165367755476,-0.07551126866532204,0.02477179496463398],[0.49104322974134723,-0.07194148084594845,0.024226970598065407],[0.48950394424480365,-0.0683231964350062,0.023499657908009324],[0.48850790601361466,-0.06466611928430724,0.022626371618310156],[0.48794638623673864,-0.0609780136086756,0.021636327772830175],[0.48773238202584956,-0.05726509219668871,0.02055290453764261],[0.4877962662709208,-0.05353232705010624,0.019394811109335316],[0.4880823062847238,-0.0497836979839581,0.018177023174840157],[0.4885458771684666,-0.04602239161729586,0.016911531695779608],[0.489151230566854,-0.04225096070414543,0.01560794245654787],[0.4898697072503233,-0.03847145177120829,0.014273956353530588],[0.4906783041535658,-0.034685507444196594,0.012915754439924126],[0.4915585242222614,-0.03089444857911878,0.011538306978395392],[0.4924954515603627,-0.02709934030507995,0.010145621954215183],[0.4934770056352926,-0.023301045280737172,0.008740945474521714],[0.4944933372513155,-0.01950026682723233,0.007326924073677544],[0.4955363360897503,-0.01569758409424918,0.005905737039987697],[0.4965992251930366,-0.011893481017497572,0.004479205380114908],[0.49767622211685647,-0.008088370515498945,0.0030488828694127694],[0.49876224980791883,-0.004282615135512366,0.001616133740693405],[0.4998526827512946,-0.0004765451808975228,0.00018220089586807605]]","[[-0.011092119681037555,0.01784893909686805,-0.0027241218328428593],[-0.007696427482717905,0.01809142205471119,-0.003636563450280417],[-0.0049801911559450174,0.01828538575349484,-0.004366431448495843],[-0.0028075988843802484,0.01844052837815819,-0.00495021922739991],[-0.0010700210544453592,0.0185646070599344,-0.00541711617593782],[0.0003194212253563946,0.018663825732912292,-0.005790467141536469],[0.0014302000690151007,0.01874314533074075,-0.006088939672475789],[0.002317854418713694,0.0188065318333112,-0.006327457395302747],[0.0030267669919371055,0.01885715456575216,-0.006517946196158689],[0.0035923834173465044,0.018897544664685687,-0.006669930515086415],[0.004042984516212361,0.018929721635058454,-0.006791009568032308],[0.004401100343477968,0.0189552943253891,-0.006887237307643665],[0.004684636690506606,0.018975541370194148,-0.006963425120901053],[0.004907770374649706,0.018991475121713862,-0.0070233823984673415],[0.005081658080114425,0.019003892267524223,-0.007070107004220846],[0.005214994192173998,0.01901341366491575,-0.00710593516844924],[0.005314445516431402,0.01902051538375802,-0.007132658299363943],[0.00538498461909951,0.019025552509993146,-0.007151612553510692],[0.005430138455311725,0.019028776899932882,-0.0071637456435968225],[0.0054521647168786595,0.019030349773074218,-0.007169664224126643]]"
1782756180.758527,TRACKING,MPC tracking AprilTag,Walk,True,fresh_solve,0,11,72.93213653564453,-0.10075848782653395,-0.0658071498550612,0.46157877526961155,0.4770092447956652,-0.21491960908117116,0.9988273121432664,0.0053619768735701945,-0.048117041894376586,-0.0036619802899120167,0.9993683088684364,0.035349301687556095,0.04827618892388036,-0.03513164433169701,0.998215997241848,0.4828190789991641,-0.07853671515485564,0.0296527193155726,-0.5044448744871527,7.40813172748685,1.0781168004090274,0.43840411635890586,-0.2945667143434314,-0.028508529806395955,0.04441496264025824,0.21602999918857577,0.05816124912196856,0.006714361484691849,0.018471182533291015,-0.0038827295445831075,-0.0072590503140829874,0.01826399252252585,-0.0038827295445831075,0.04325866462617098,0.0,0.02873693004439139,-0.017180921000835903,-0.07853671515485564,0.0296527193155726,optimal,83.05349500005832,False,"[[0.4828190789991641,-0.07853671515485561,0.0296527193155726],[0.4813672689363475,-0.07488391665035043,0.028876173406655978],[0.4805287041109396,-0.07116471456370581,0.027914264126187797],[0.48018067814882864,-0.06739239581880685,0.02680408147638696],[0.4802250116190677,-0.06357759150662597,0.025575301791005756],[0.48058314306232736,-0.059728808439771484,0.024251671552017434],[0.4811922009179292,-0.055852854493118026,0.022852194713714906],[0.4820018599458119,-0.051955178997550276,0.021392082900425356],[0.48297182496452834,-0.048040145206507213,0.019883515987726634],[0.48406981609217287,-0.044111248458654044,0.01833625109622612],[0.48526995475228635,-0.04017129094481545,0.016758110447591103],[0.48655146974503305,-0.03622252181751688,0.01515537247563216],[0.487897658687209,-0.03226674964861076,0.01353308574799366],[0.4892950528930816,-0.028305432857869142,0.011895321394535996],[0.49073274394010313,-0.024339752633972304,0.010245376663828607],[0.4922018382477832,-0.020370671993942754,0.008585939785578442],[0.4936950123986645,-0.016398983933996386,0.00691922438211531],[0.49520614696744963,-0.01242535107935323,0.005247080149508376],[0.49673002054973664,-0.00845033881549849,0.003571085342369612],[0.49826204869179835,-0.004474443557456786,0.0018926256865844],[0.49979805466789656,-0.0004981175705433965,0.0002129636656057987]]","[[-0.0072590503140829874,0.018263992522525845,-0.0038827295445831075],[-0.004192824127039453,0.01859601043322314,-0.004809546402340914],[-0.0017401298105547758,0.0188615937244948,-0.005550913249004167],[0.00022166735119527866,0.019074021560904406,-0.006143898426906032],[0.001790657216298213,0.019243915334272443,-0.006618151194941601],[0.0030452892780091735,0.019379769733267306,-0.0069973841915126535],[0.004048295139413708,0.019488377477838745,-0.00730055906644774],[0.004849825093582045,0.019575168955215327,-0.007542834563493617],[0.005489955638222599,0.019644483739265882,-0.007736324457502578],[0.0060006933005674,0.019699787569192936,-0.00789070324317507],[0.006407574963733686,0.019743845636492847,-0.008013689859794716],[0.006730944710879772,0.019778860844530607,-0.008111433638192502],[0.006986971029362962,0.019806583953708105,-0.008188821767288317],[0.007188455235107418,0.019828401119484213,-0.008249723653536947],[0.007345471538400359,0.01984540320014774,-0.00829718439125083],[0.007465870754406434,0.019858440299731862,-0.008333577017315658],[0.007555672843925948,0.019868164273215787,-0.008360721163034669],[0.007619367911434874,0.019875061319273704,-0.008379974035693818],[0.007660140710308659,0.019879476290208517,-0.008392298278926059],[0.007680029880490994,0.01988162993456696,-0.008398310104893007]]"
1782756181.0206692,TRACKING,MPC tracking AprilTag,Walk,True,fresh_solve,0,11,72.94229888916016,-0.08709348009525864,-0.062494973278025334,0.4563686694418135,0.4687891406679719,-0.18857272996799773,0.999457336600892,0.00481373912836964,-0.03258619692838287,-0.0037735157698046717,0.9994836620597946,0.03190877393879896,0.03272297195222924,-0.031768493687084745,0.9989594435789009,0.4757327279514169,-0.07860220724947846,0.033129448546598515,-0.5042716939990559,7.413786892096456,1.0903827890661122,0.43341356943837184,-0.29190113379181737,-0.0407745184634809,0.042319158513045074,0.2132989265423389,0.07390396701007942,0.003325563649928269,0.01869994987013608,-0.004967767488028601,-0.0039431445201008304,0.01857953470969942,-0.004967767488028601,0.039090443289411775,0.0,0.030060676335394894,-0.02426727204858309,-0.07860220724947846,0.033129448546598515,optimal,95.46490499997162,False,"[[0.4757327279514169,-0.07860220724947847,0.033129448546598515],[0.47494409904739676,-0.07488630030753858,0.032135895048992794],[0.47468597539678686,-0.07111991039100034,0.03096874846252671],[0.4748522063568717,-0.06731313881397018,0.029662743632585975],[0.47535785901547034,-0.06347406780752993,0.028245672492382575],[0.4761349715453276,-0.05960916463129092,0.02673977365961536],[0.47712915511275117,-0.055723604936374564,0.025162844367354987],[0.47829687443592717,-0.05182153154796841,0.023529130325697457],[0.4796032710208292,-0.04790626160658547,0.021850038007268913],[0.4810204202365174,-0.043980452425089946,0.020134704970856954],[0.48252593508359093,-0.04004623435434041,0.018390456739349994],[0.4841018468442183,-0.03610531730073275,0.016623173075881705],[0.48573370664624593,-0.03215907622151992,0.0148375819719877],[0.4874098630195899,-0.028208619872674635,0.013037496047182292],[0.4891208793227324,-0.02425484624668797,0.011226003179934232],[0.4908590619106454,-0.020298487472193948,0.009405620901590138],[0.4926180754525394,-0.01634014642040121,0.007578422272941823],[0.494392626165324,-0.012380326848653471,0.005746139537265893],[0.49617819712445327,-0.00841945858829669,0.003910250732487571],[0.49797082241769863,-0.0044579190362463795,0.0020720535930769603],[0.4997668888495372,-0.000496052024833371,0.00023273043677254958]]","[[-0.0039431445201008304,0.01857953470969942,-0.004967767488028601],[-0.0012906182530493264,0.01883194958269122,-0.005835732932330424],[0.0008311548004241003,0.01903385788515084,-0.00653002414970367],[0.002528263292993121,0.01919535503220126,-0.007085355701017],[0.0038855626492861864,0.019324515881195,-0.007529494163836081],[0.00497091783711795,0.01942779847458175,-0.007884646461301867],[0.005838596615879999,0.01951036694203084,-0.008168570208287646],[0.006531982924510437,0.019576349706914728,-0.00839546159214271],[0.007085746078440786,0.019629045907477615,-0.008576665182059809],[0.0075275742353675635,0.019671090353747638,-0.0087212411575348],[0.007879558803137107,0.0197045852680383,-0.00883641831734143],[0.008159299010137898,0.019731205396064135,-0.008927955519470034],[0.008380781866719969,0.019752281744226434,-0.00900042962402704],[0.008555081515712428,0.019768868129933316,-0.009057464336240299],[0.0086909129395649,0.01978179387247012,-0.009101911391720473],[0.008795067709470002,0.019791705258963687,-0.00913599314324157],[0.008872753563922996,0.019799097858738696,-0.00916141367837965],[0.008927854795646527,0.019804341301783896,-0.009179444023891611],[0.008963126466226774,0.019807697760251552,-0.009190985697053055],[0.008980332159192748,0.019809335057065044,-0.009196615781522052]]"
1782756181.2582457,TRACKING,MPC tracking AprilTag,Walk,True,fresh_solve,0,11,72.53050231933594,-0.08148876242701858,-0.07044249468371212,0.45432649805102865,0.466920903676911,-0.17747457873980835,0.9965778231966788,0.030580670389908006,-0.07679495368234283,-0.01572163485574811,0.9822136136206521,0.18710758246453535,0.08115092427096506,-0.18525992501554178,0.9793330831097272,0.46908446796239694,-0.07614473103893199,0.033730192773021736,-0.4998152034680596,7.419070103963034,1.0960861433699376,0.4266128840916812,-0.2931353599847494,-0.046477872767306305,0.04247158387071576,0.2169906289458174,0.08020806554032804,0.00041249742382573574,0.018688522224577543,-0.005819291698273793,-0.0010425107247500904,0.01866398104510323,-0.005819291698273793,0.03550737183130566,0.0,0.031099535871894027,-0.030915532037603055,-0.07614473103893199,0.033730192773021736,optimal,82.84622300016053,False,"[[0.46908446796239694,-0.076144731038932,0.033730192773021736],[0.46887596581744695,-0.07241193482991136,0.03256633443336698],[0.4691315303747071,-0.0686656282175963,0.0312662424082556],[0.4697583049124281,-0.06490851454560846,0.02985717617000721],[0.47068199320788345,-0.061142756804585835,0.028360946480284532],[0.47184314472623357,-0.05737008578171468,0.026795005928176605],[0.47319418209378344,-0.053591886600088824,0.025173321559653187],[0.47469702222929816,-0.049809267974864346,0.023507073229863274],[0.4763211721899411,-0.04602311764901743,0.02180521259589253],[0.47804220452413176,-0.04223414678049308,0.02007491069961758],[0.47984053589896747,-0.03844292550010249,0.018321916519799836],[0.48170044793357747,-0.03464991141806351,0.016550844421023572],[0.48360930128007984,-0.030855472504511577,0.01476540487192514],[0.48555690365618726,-0.027059905488006464,0.012968589968624778],[0.48753500023109264,-0.02326345069196031,0.011162823039532628],[0.48953686088392884,-0.019466304050808198,0.009350079811769246],[0.4915569436977252,-0.015668626906729897,0.007531987197521624],[0.4935906178635591,-0.011870554076758882,0.005709904639652541],[0.49563393214010987,-0.008072200593633982,0.0038849920838437053],[0.4976834172915926,-0.004273667457436342,0.002058267975879837],[0.4997359126259689,-0.00047504668559346093,0.00023066018393790374]]","[[-0.0010425107247500904,0.01866398104510323,-0.005819291698273793],[0.0012778227863009589,0.01873153306157528,-0.006500460125556867],[0.0031338726886048695,0.018785568359939175,-0.007045331191241977],[0.004618441477276838,0.018828788705113102,-0.007481148448613379],[0.005805757591750461,0.018863355114355763,-0.007829702760539643],[0.006755186837749422,0.01889099590812929,-0.00810842184261708],[0.007514200677573667,0.01891309312612236,-0.008331241648949566],[0.00812074980321441,0.01893075162923463,-0.00850930316985372],[0.008605161670953687,0.018944854342621706,-0.008651509481374754],[0.00899165687417846,0.018956106401952943,-0.008764970899088719],[0.00929956017304997,0.018965070410194906,-0.008855360493881312],[0.009544266732511795,0.018972194567759695,-0.008927197745492162],[0.009738011880537021,0.018977835082525544,-0.008984074516501813],[0.009890482874526912,0.01898227398023075,-0.009028834645460747],[0.010009303264180964,0.018985733205760573,-0.00906371613881691],[0.010100414068981878,0.018988385720391496,-0.009090463071238113],[0.010168370829169696,0.01899036414985508,-0.009110412789345414],[0.010216571382753815,0.01899176741562449,-0.009124562779044177],[0.010247425757413437,0.018992665680988202,-0.009133620539819342],[0.010262476671881546,0.018993103859214405,-0.009138038959709665]]"
1782756181.4615567,TRACKING,MPC tracking AprilTag,Walk,True,fresh_solve,0,11,73.18913269042969,-0.08566015334321717,-0.06104452721903616,0.44624539698585614,0.4584746999619973,-0.18965056823174792,0.9999087900983752,0.002861134520873164,-0.013199446702681934,-0.0025368960105462434,0.999696213069336,0.024516234079900542,0.01326558112692948,-0.024480512332920444,0.9996122892768388,0.4585340155939211,-0.06529143126447949,0.05007210729321677,-0.4968585016269003,7.420404278551,1.0959603785697323,0.42398367641058465,-0.2950351953929754,-0.046352107967100986,0.03455033918333644,0.2297437641284959,0.09642421526031776,-0.0026898081435509963,0.01794234279785449,-0.007471477847829341,0.0017884013407341317,0.018054482921681655,-0.007471477847829341,-0.03830846401656773,0.0,0.0331152029743518,-0.041465984406078904,-0.06529143126447949,0.05007210729321677,optimal,86.06445399982476,False,"[[0.4585340155939211,-0.06529143126447949,0.05007210729321677],[0.4588916958620679,-0.06168053468014317,0.0485778117236509],[0.4597022881898419,-0.05816715050312724,0.04681918613797249],[0.4608751678267546,-0.054731767136433816,0.0448491212491745],[0.46233782438777465,-0.05135877302358114,0.042709935805093885],[0.46403223633407603,-0.048035676070779465,0.04043549252580348],[0.4659119698960967,-0.04475247904224161,0.038052891239615645],[0.4679398573850606,-0.041501179698393585,0.035583823874497836],[0.470086138808539,-0.03827537068389591,0.033045659054471044],[0.4723269738708286,-0.03506991915987658,0.030452310530810794],[0.4746432499581669,-0.03188071016198755,0.027814932869610936],[0.4770196265080438,-0.02870444085218725,0.025142479180088346],[0.4794437679810761,-0.025538455376838583,0.022442148770043763],[0.48190572708403817,-0.02238061207402701,0.019719747111251823],[0.48439744740520124,-0.01922917639046487,0.016979976113049796],[0.4869123605937464,-0.01608273415382694,0.014226669217804452],[0.4894450579422237,-0.01294012086413423,0.011462983073030385],[0.4919910199511801,-0.009800363468755013,0.008691555363765762],[0.49454639035418635,-0.006662631709773224,0.005914636696824217],[0.4971077833045156,-0.003526196611092681,0.0031342031311355416],[0.4996721140828074,-0.0003903940296322563,0.0003520549806921675]]","[[0.001788401340734132,0.018054482921681655,-0.007471477847829341],[0.004052961638869772,0.017566920885079648,-0.008793127928392023],[0.005864398184563611,0.01717691683346711,-0.009850324443989969],[0.0073132828051003405,0.01686497056426342,-0.010695927220403079],[0.008472059731506798,0.016615484764008388,-0.01137221639645201],[0.009398667810103305,0.016415985142689264,-0.011913006430939205],[0.01013943744481969,0.01625649671924009,-0.012345336825589024],[0.010731407117391768,0.01612904507248841,-0.01269082410013396],[0.011204175311448145,0.016027257620096637,-0.01296674261830126],[0.011581380436691642,0.015946044989445185,-0.01318688830599929],[0.01188188274938443,0.015881346549001477,-0.013362268447612945],[0.012120707365161148,0.015829927376743335,-0.013501652050222916],[0.012309795514810635,0.015789216514057847,-0.013612008293959695],[0.012458601605815365,0.015757178417810738,-0.013698854991010125],[0.012574565942725572,0.015732211183189654,-0.013766534476226727],[0.01266348674238677,0.015713066448463542,-0.013818430723870331],[0.012729810044782016,0.015698786976896095,-0.013857138546323115],[0.012776852015031074,0.015688658794908942,-0.013884593334707722],[0.012806964751646397,0.015682175493402725,-0.01390216782844338],[0.012821653891458748,0.01567901290730213,-0.01391074075221687]]"
1782756181.680358,TRACKING,MPC tracking AprilTag,Walk,True,fresh_solve,0,11,73.00582885742188,-0.08414253557216846,-0.06737611430057255,0.44969679633505366,0.4624356341208668,-0.18497067024912667,0.9994583469240615,0.012453304418530023,-0.030461910197520058,-0.009967181830299208,0.9967091323851768,0.08044601112765047,0.03136348274959446,-0.08009881790043928,0.9962933861673319,0.45356442198555796,-0.07006413316183271,0.03728405615985502,-0.49347813270295027,7.420110426789686,1.1044650198945674,0.42255539074635706,-0.29811305877217165,-0.054856749291936076,0.0310090312392009,0.22804892561033893,0.0921408054517911,-0.0048850279680453,0.017723196436038462,-0.007918560314599176,0.0042209934534423324,0.01789297081048835,-0.007918560314599176,-0.04100858440069572,0.0,0.033660643583811,-0.046435578014442036,-0.07006413316183271,0.037284056159855014,optimal,104.82377399966936,False,"[[0.45356442198555796,-0.07006413316183271,0.03728405615985502],[0.45440862067624643,-0.06648553899973504,0.035700344096935184],[0.4556420049998736,-0.06293278484299365,0.03404510418851399],[0.4571867014484836,-0.059400700274994,0.032332648690168955],[0.4589804021203695,-0.05588514835855858,0.03057442907798144],[0.4609732493249883,-0.05238281878908816,0.02877960862234066],[0.46312534269843364,-0.048891062379331704,0.026955520551463167],[0.4654047441852404,-0.045407758600023905,0.025108034712803682],[0.4677858811356116,-0.041931209553421896,0.023241851065427824],[0.47024826767292854,-0.03846005507841806,0.0213607346779654],[0.4727754803999197,-0.034993204742484726,0.019467703982041878],[0.4753543372287972,-0.03152978332004774,0.017565181693859677],[0.47797423827686775,-0.02806908703120775,0.015655115950008288],[0.4806266358723975,-0.024610548352745266,0.013739077714293727],[0.4833046071710256,-0.02115370764195968,0.011818339325928866],[0.48600250801354605,-0.01769819015453421,0.009893938116494057],[0.4887156907179477,-0.014243687307320105,0.007966728276516153],[0.4914402716953132,-0.010789941249179154,0.006037423564994853],[0.4941729372703734,-0.007336731968426825,0.004106632997352688],[0.4969107779977442,-0.0038838662922480085,0.0021748912962061434],[0.4996511431896567,-0.0004311682280562702,0.00024268562749648674]]","[[0.0042209934534423324,0.01789297081048835,-0.007918560314599176],[0.006166921618136006,0.017763770783706927,-0.008276199542105997],[0.007723482243049834,0.01766042283999831,-0.008562277491725143],[0.008968503359429511,0.017577759582177065,-0.008791098060937573],[0.00996423602309402,0.017511647847352135,-0.008974102278203909],[0.010760466867226584,0.01745878204878227,-0.009120440354387468],[0.011397007434033834,0.017416518896538974,-0.009237429193297425],[0.011905684751856131,0.01738274523301009,-0.009330918236879282],[0.01231193268658459,0.017355772375019167,-0.009405581937312129],[0.012636063634955636,0.017334251679666665,-0.00946515347961761],[0.012894284144387817,0.017317107112184954,-0.009512611440910996],[0.013099505240352747,0.01730348144419995,-0.009550328719256958],[0.01326198797764867,0.017292693392312403,-0.009580191178572797],[0.013389856493140381,0.017284203553927936,-0.0096036919418243],[0.013489504212602468,0.01727758743712733,-0.009622006047174047],[0.013565913522008035,0.017272514236070544,-0.00963604919988952],[0.01362290488682736,0.017268730290704748,-0.009646523557606498],[0.013663327875301407,0.017266046403761646,-0.009653952838210828],[0.013689203636853881,0.01726432838089409,-0.009658708505732723],[0.013701825959562406,0.017263490320958693,-0.009661028343548282]]"
1782756181.924839,TRACKING,MPC tracking AprilTag,Walk,True,fresh_solve,0,11,71.66691589355469,-0.06942183061319432,-0.060665131081687564,0.4498149259392522,0.4591656741227292,-0.15312606364593942,0.9999983252212343,0.001278080839273108,0.0013099862956646282,-0.0013075955685242142,0.9997395793350464,0.02278296962236392,-0.001280526671226345,-0.022784644398205215,0.9997395762052693,0.45074703771819336,-0.06710843396502983,0.042031513225191296,-0.49646290022030903,7.418882646077319,1.1183346975357187,0.42510630485677625,-0.2961359093565725,-0.06872642693308728,0.025640732861417104,0.2290274753915427,0.11075794015827858,-0.0069547908365297055,0.017311572798268643,-0.008548406811590449,0.006221231031767833,0.017588517640182225,-0.008548406811590449,-0.04355439272893154,0.0,0.03442905631014035,-0.049252962281806645,-0.06710843396502983,0.042031513225191296,optimal,99.35689299982187,False,"[[0.45074703771819336,-0.06710843396502982,0.042031513225191296],[0.4519912839245469,-0.06359073043699337,0.040321831862873206],[0.45355554421130534,-0.060121735773532615,0.038511382596924576],[0.45537578584722865,-0.05669170364839079,0.036620328427931594],[0.4574007751685351,-0.05329283586222712,0.034664802111328226],[0.4595895158957121,-0.049918892432649666,0.032657712795167916],[0.4619091993195406,-0.046564879595095865,0.030609391477526286],[0.4643335638656341,-0.04322680011460432,0.028528107556404853],[0.4668415820157194,-0.03990145342406672,0.026420482299631176],[0.46941640893172276,-0.036586275595872485,0.024291819908250186],[0.47204454021386655,-0.03327921114552819,0.02214637272657645],[0.47471513668068,-0.02997861025743291,0.0199875538594099],[0.4774194824099259,-0.026683146294098157,0.017818107827275827],[0.48015054894248854,-0.02339174946427348,0.015640247792451146],[0.4829026438594183,-0.020103553333383938,0.013455766217078242],[0.48567112616098357,-0.016817851501801342,0.01126612448627209],[0.4884521742166849,-0.013534062284862845,0.009072525977375996],[0.4912425946837293,-0.010251699628637805,0.006875976228828776],[0.49403966283989115,-0.0069703488072312605,0.004677333217086689],[0.4968409863474006,-0.0036896456864891703,0.0024773502554462463],[0.49964438563605523,-0.0004092585172907162,0.0002767136597090458]]","[[0.006221231031767833,0.017588517640182225,-0.008548406811590449],[0.007821301433792177,0.01734497331730378,-0.009052246329743151],[0.009101208179616582,0.01715016062570909,-0.00945527084496492],[0.010124946606532266,0.01699433893081842,-0.009777631583016843],[0.010943703635885016,0.01686971714788724,-0.010035446580801516],[0.011598417119142466,0.01677006418776899,-0.010241606588208173],[0.012121822730467493,0.016690397402457754,-0.01040641960560715],[0.012540090750426348,0.01662673345268797,-0.01053812628386839],[0.01287413458001697,0.016575889140971158,-0.010643311956904957],[0.013140656410718893,0.016535322251721475,-0.010727235908368682],[0.013352982334067212,0.016503004440476428,-0.01079409433583275],[0.013521728646229343,0.01647731981667377,-0.010847230160670362],[0.013655332662813394,0.01645698414912337,-0.010889300174123399],[0.013760474584648564,0.016440980654447705,-0.010922407876864517],[0.013842411507826613,0.016428509157912993,-0.01094820865403077],[0.013905240278506446,0.016418946084692496,-0.010967992544480467],[0.013952102335222054,0.016411813281125197,-0.010982748742736095],[0.013985340780809215,0.016406754107032722,-0.010993215058710438],[0.014006617537547289,0.01640351560371045,-0.010999914808202211],[0.014016996443273177,0.01640193584599227,-0.011003182978686002]]"
1782756182.158513,TRACKING,MPC tracking AprilTag,Walk,True,fresh_solve,0,11,71.76331329345703,-0.06049161059131195,-0.07144399596342564,0.46068435731244567,0.47009951774441766,-0.13056119770463712,0.998806014858713,0.015205257427039274,-0.04642569147178955,-0.007625468038094234,0.9872051750161245,0.15927270531570387,0.048253465360078844,-0.15872851844567976,0.9861424139102745,0.44997092817495965,-0.0679491401766682,0.02722784047025101,-0.4989215427588587,7.41132509700231,1.1264440283952912,0.4328846095692245,-0.2977666904436095,-0.07683575779266005,0.017086318605735173,0.22981755026694128,0.10406359826291106,-0.008241606761643505,0.01719415798913429,-0.0081032996231746,0.007770450023525505,0.017412158321149365,-0.0081032996231746,-0.045137176316821515,0.0,0.033886025540273014,-0.05002907182504035,-0.0679491401766682,0.02722784047025101,optimal,83.06116099993233,False,"[[0.44997092817495965,-0.06794914017666819,0.02722784047025101],[0.4515250181796647,-0.06446670851243831,0.02560718054561609],[0.45332696468719996,-0.061012492229177526,0.024057732445579398],[0.4553271732271853,-0.05758084561309678,0.022565247148285894],[0.45748596243086337,-0.05416725143376605,0.02111832377201771],[0.4597715799626613,-0.05076809508259281,0.01970783953110824],[0.4621586149034125,-0.047380483842392386,0.018326493596658805],[0.46462672720439757,-0.04400210225152878,0.01696844205509374],[0.46715963068490923,-0.04063109633083281,0.01562900571248159],[0.46974427872321634,-0.03726598088464367,0.014304436134838552],[0.47237021192547746,-0.03390556524102592,0.012991728226429276],[0.4750290351560491,-0.030548893718172668,0.011688469974980097],[0.477713997780703,-0.02719519784031527,0.01039272185106536],[0.4804196561349153,-0.023843857913934837,0.009102919831636127],[0.48314160134063977,-0.020494372043086375,0.007817797198867741],[0.48587623886240605,-0.017146331034601454,0.006536321204268583],[0.4886206087805457,-0.013799397938429832,0.005257641431255497],[0.491372237795209,-0.010453291200136935,0.003981047274324629],[0.49412901556137245,-0.007107770583182118,0.0027059324087762367],[0.49688908917158753,-0.003762625157091651,0.0014317644744797034],[0.49965077051060824,-0.00041766275093501053,0.0001580584578670038]]","[[0.007770450023525505,0.01741215832114936,-0.0081032996231746],[0.009009732537675962,0.017271081416303947,-0.007747240500183473],[0.010001042699926728,0.017158233080403706,-0.0074624264864675115],[0.010793946018390337,0.017067970896653628,-0.007234616881340919],[0.01142808765898997,0.01699578175586621,-0.007052421204547364],[0.011935174703755613,0.016938056201002086,-0.00690672967224717],[0.012340561504925546,0.016891907954318042,-0.006790257707825326],[0.012664517402558265,0.016855029603479878,-0.0066971817130607415],[0.012923240191535406,0.016825577230945684,-0.006622847888215187],[0.013129666011305826,0.016802078218088753,-0.006563539542046384],[0.013294116152858047,0.01678335761426624,-0.006516291257245892],[0.013424813123269678,0.01676847938928702,-0.006478740619573687],[0.013528291771061303,0.016756699631902128,-0.006449010097146158],[0.013609726028622501,0.01674742935424232,-0.00642561316384193],[0.013673187608831334,0.01674020504242461,-0.006407379972995791],[0.013721849590698243,0.016734665480858106,-0.006393398865065434],[0.013758145073316573,0.01673053369146449,-0.0063829707846543415],[0.013783888830817239,0.016727603084774074,-0.006375574327741958],[0.013800368051075278,0.016725727130452336,-0.006370839671482665],[0.013808406695103588,0.0167248120307832,-0.006368530083063498]]"
1782756182.4308548,TRACKING,MPC tracking AprilTag,Walk,True,fresh_solve,0,11,72.16890716552734,-0.06383852726896938,-0.06037046020878897,0.4681365677265003,0.47631060881785964,-0.13553132646015079,0.9998168599933334,-0.0003424566349843533,0.01913450277703624,-3.2006755880462095e-05,0.9998085605552941,0.01956632862645632,-0.019137540297510296,-0.019563357682260512,0.9996254446479227,0.4496905080473246,-0.05737996828294097,0.034810486070305666,-0.5010029529322982,7.399564169508977,1.1282349292106966,0.44412037470345034,-0.30181752562441344,-0.07862665860806528,0.0055701333438742395,0.24443755734147246,0.11343714467837095,-0.009523634807901098,0.016302971827893916,-0.008239364728847318,0.008950465398847297,0.016624550505785273,-0.008239364728847318,-0.04671407081371835,0.0,0.034052024969193725,-0.05030949195267542,-0.05737996828294097,0.034810486070305666,optimal,105.50483000042732,False,"[[0.4496905080473246,-0.05737996828294097,0.034810486070305666],[0.45148060112709404,-0.05405505818178392,0.0331626131245362],[0.4534594825484531,-0.050856155907639304,0.03149297138982943],[0.45558937699500635,-0.04775804811579738,0.029805916658935706],[0.4578400598016183,-0.04474056118566354,0.028104934074796063],[0.46018734572115627,-0.041787552539728545,0.02639281238768922],[0.46261187966213385,-0.038886103514693134,0.024671783392745537],[0.4650981689341367,-0.03602587342830301,0.02294363351970354],[0.46763380861330167,-0.03319858254523615,0.02120979315439683],[0.47020886129612377,-0.030397598090336687,0.01947140815804578],[0.47281536022928083,-0.02761760260985712,0.017729397160318544],[0.4754469109719675,-0.02485432809877096,0.015984497490814466],[0.47809837167385477,-0.02210434260052136,0.014237302045544048],[0.4807655959825738,-0.019364878609193326,0.012488288931729472],[0.4834452257260972,-0.01663369469421793,0.010737845373165718],[0.48613452300413795,-0.01390896342884389,0.0089862870714103],[0.4888312332931348,-0.011189180018799968,0.007233873990861158],[0.4915334727200744,-0.008473087062581453,0.005480823356976537],[0.4942396338688404,-0.0057596116813748936,0.003727320517547912],[0.4969483054094078,-0.0030478118751174382,0.0019735282100895586],[0.49965820153134183,-0.00033682942249369327,0.00021959469871426422]]","[[0.008950465398847295,0.016624550505785273,-0.008239364728847318],[0.009894407106795143,0.015994511370723056,-0.008348208673533874],[0.010649472232766443,0.015490538959209607,-0.008435273654468596],[0.011253414033059761,0.015087434650669253,-0.008504912920698217],[0.011736429597689762,0.014765043229674974,-0.008560608435534224],[0.012122669704887946,0.014507245125177058,-0.008605144974718412],[0.012431446360014224,0.014301150431950608,-0.008640749365209992],[0.012678198395824907,0.014136454415334301,-0.008669201826533544],[0.012875263414110532,0.014004922274497324,-0.008691924981755243],[0.013032494665785377,0.013899977402397824,-0.008710054988636176],[0.013157753713433187,0.01381637255543083,-0.008724498347520392],[0.013257303509436349,0.013749927491247992,-0.008735977226352096],[0.013336121543595026,0.013697319956640166,-0.008745065569072877],[0.013398148717617147,0.013655919574876964,-0.008752217792818774],[0.013446486390203823,0.013623656326870223,-0.008757791508777082],[0.01348355144498438,0.013598917050219605,-0.008762065402745715],[0.013511197134697856,0.013580464781092583,-0.008765253169423106],[0.013530805743829918,0.013567376906032802,-0.008767514197143124],[0.013543357702837171,0.013558999031287275,-0.008768961537291767],[0.013549480609669977,0.013554912263118724,-0.008769667556876472]]"
1782756182.6099968,TRACKING,MPC tracking AprilTag,Walk,True,fresh_solve,0,11,72.31111145019531,-0.06528600089976859,-0.0674212861564479,0.47969357528312134,0.48878811146383033,-0.13526827815645776,0.9998973174044636,0.005469953203903915,0.01324515984442608,-0.005942519653604687,0.9993375050887584,0.03590595191806383,-0.013039981116697134,-0.035980974624416316,0.9992673958243375,0.4537492992869221,-0.06277133950060017,0.01583872481675326,-0.5024245258954175,7.389452502317567,1.1338438677054987,0.45359731464262776,-0.30561940574726887,-0.08423559710286743,0.000151984644294334,0.24284806624666871,0.10007432191962069,-0.009842420362052674,0.01621387828851865,-0.007165284375701092,0.009584389408237453,0.016367729451866906,-0.007165284375701092,-0.04710617704532479,0.0,0.03274164693835533,-0.04625070071307791,-0.06277133950060017,0.01583872481675326,optimal,84.47782499933965,False,"[[0.4537492992869221,-0.06277133950060017,0.01583872481675326],[0.4556661771685696,-0.059497793610226786,0.014405667941613041],[0.4576844753070455,-0.05626533601570828,0.013144451071988954],[0.4597839001701415,-0.05306574521690862,0.01202069014304369],[0.46194821456188045,-0.0498924430534777,0.011006873886973882],[0.46416442576271727,-0.046740165796833856,0.010080988269619937],[0.4664221358935618,-0.04360470096373476,0.009225415788758053],[0.46871302202182424,-0.040482676692115346,0.008426054598989034],[0.4710304200147856,-0.03737139314798453,0.007671613419468324],[0.47336899133296206,-0.03426868753372564,0.006953046969863785],[0.47572445610313036,-0.031172825948215622,0.006263103706339086],[0.4780933791246668,-0.028082416691768846,0.005595963244361889],[0.4804729981095164,-0.024996340681152862,0.0049469453394772305],[0.4828610855677894,-0.02191369549542674,0.004312275875084775],[0.48525583743326756,-0.018833750254894064,0.0036888981566087944],[0.48765578286009276,-0.015755909077118078,0.0030743200767693875],[0.49005971068047416,-0.012679681282799858,0.0024664895102184804],[0.49246660884629884,-0.009604656861813377,0.001863691707272424],[0.49487561382672607,-0.0065304859726991885,0.0012644635564278122],[0.4972859674316451,-0.0034568614505914655,0.0006675204287863107],[0.49969697890216996,-0.00038350344897469997,7.169194660974133e-05]]","[[0.009584389408237453,0.016367729451866906,-0.007165284375701092],[0.010091490692379376,0.016162287972592487,-0.006306084348120437],[0.010497124315480161,0.01599795399399829,-0.005618804644726322],[0.01082157195869485,0.015866510817154608,-0.0050690812803490404],[0.011081056004184173,0.015761386283219256,-0.004629428086769727],[0.0112885506542226,0.015677324165495467,-0.004277862404309418],[0.011454430641312048,0.015610121358097053,-0.003996805948845097],[0.011586989964806995,0.015556417720654093,-0.003772205897603549],[0.011692856590882187,0.015513528071294436,-0.003592832248022695],[0.01177732385084138,0.0154793079275501,-0.0034497163176234937],[0.011844615107682536,0.015452046282233869,-0.0033357023098859843],[0.011898094924247711,0.015430380053079933,-0.0032450895244232913],[0.011940437291365168,0.015413225928630592,-0.0031733473219622806],[0.011973759327390776,0.015399726202663382,-0.003116888592379901],[0.011999727134125816,0.015389205888879941,-0.003072890399197034],[0.012019639101907042,0.015381138971591097,-0.0030391528327545357],[0.012034490829123515,0.015375122104932408,-0.0030139890147302816],[0.012045024902136056,0.01537085444557094,-0.002996140754223059],[0.012051768024595295,0.015368122610538616,-0.002984715638207507],[0.012055057352624191,0.015366790008083825,-0.002979142410882847]]"
1782756182.8698092,TRACKING,MPC tracking AprilTag,Walk,True,fresh_solve,0,11,72.85718536376953,-0.05145524925332692,-0.06196032997073137,0.489147381493086,0.4957336845397401,-0.10480829479840255,0.9992930973457715,0.0021297726753385674,0.03753358050394142,-0.002728068786876572,0.9998699243495697,0.01589628956328964,-0.037494842815893235,-0.01598744662343748,0.9991689238125224,0.4621606200460309,-0.06680690457816968,0.001555606546479911,-0.5073487774312669,7.382696000038841,1.1481500229941595,0.46190858230747445,-0.30471309121356693,-0.09854175239152817,0.0002520377385564765,0.23790618663539725,0.10009735893800809,-0.009564188388643499,0.016410329607507646,-0.0054737174379724295,0.009538648810528601,0.016425187859805637,-0.0054737174379724295,-0.04676395171803151,0.0,0.030677935274326364,-0.03783937995396908,-0.06680690457816968,0.001555606546479911,optimal,93.82927299975563,False,"[[0.4621606200460309,-0.06680690457816968,0.001555606546479911],[0.46406834980813666,-0.06352186700620854,0.000460863058885425],[0.46596876162187884,-0.06022763677644651,-0.00036324995766587196],[0.4678633197610176,-0.0569260532797804,-0.000970883896124364],[0.4697531958155828,-0.0536185882437618,-0.001405366195535795],[0.4716393272713756,-0.05030641931897467,-0.0017013667129935556],[0.4735224643842587,-0.046990488961564575,-0.0018866312164933531],[0.4754032076929492,-0.043671551556045914,-0.0019833686733329967],[0.47728203804595454,-0.04035021113452766,-0.0020093616984772876],[0.479159340643998,-0.0370269515783188,-0.00197885568530626],[0.48103542430005464,-0.033702160811993814,-0.0019032710752841814],[0.4829105368800003,-0.03037615019962134,-0.001791774380032767],[0.4847848776959053,-0.02704917011296767,-0.0016517365069122659],[0.48665860747163764,-0.023721422450085027,-0.0014891013043894716],[0.4885318563790571,-0.020393070730214173,-0.0013086827544610637],[0.4904047305466075,-0.017064248269746486,-0.0011144056717534415],[0.4922773173657394,-0.013735064848043476,-0.0009095019442540426],[0.4941496898604823,-0.010405612196404906,-0.0006966721277107165],[0.4960219103386463,-0.0070759685846337505,-0.0004782204734191163],[0.49789403350721256,-0.0037462027345263574,-0.00025617014078748097],[0.4997661092076824,-0.00041637725596226424,-3.236435530704807e-05]]","[[0.009538648810528601,0.016425187859805637,-0.0054737174379724295],[0.009502059068710978,0.01647115114881012,-0.0041205650827564845],[0.009472790695693704,0.01650791748333058,-0.00303816969229246],[0.009449380272825915,0.016537325180093043,-0.0021724114970571545],[0.009430657278964222,0.01656084462393563,-0.0014800025872888029],[0.009415685564415537,0.016579651787050467,-0.0009263225174989876],[0.00940371654345243,0.016594687027593296,-0.0004836872841982179],[0.009394151765026743,0.016606702107591263,-0.00012996512572145525],[0.009386512990217193,0.016616297781044263,0.00015253006585513854],[0.0093804182802833,0.01662395383162495,0.00037792305011039316],[0.009375562899728374,0.016630053061862354,0.0005574834762570713],[0.009371704079524664,0.01663490043326835,0.0007001893656025068],[0.009368648878661987,0.01663873831441323,0.0008131760126139715],[0.00936624453709721,0.016641758599354246,0.0009020927496420386],[0.009364370837752092,0.01664411230233844,0.0009713854135381117],[0.00936293409565938,0.016645917108515033,0.001024518637496994],[0.009361862473714434,0.016647263258192848,0.0010641490827166301],[0.00936110239082001,0.016648218058855774,0.0010922582714580013],[0.009360615842831384,0.01664882925053696,0.0011102516631581766],[0.009360378502349127,0.016649127392820463,0.0011190289274021644]]"
1782756183.064614,TRACKING,MPC tracking AprilTag,Walk,True,fresh_solve,0,11,72.26614379882812,-0.0411204812806238,-0.07047700857232655,0.497458925058035,0.5041064221351972,-0.08247355633551871,0.998424360592158,-0.007256149983723038,0.05564300911663658,0.006057079390336401,0.9997464433880543,0.021687801230073835,-0.05578627040230909,-0.021316594952049593,0.9982151545705218,0.47019749285269863,-0.06819485159717698,-0.010591160737156562,-0.510792657647289,7.374698890703809,1.1556888722064245,0.4705586465781555,-0.3057083081606985,-0.10608060160379308,-0.0003611537254568642,0.23751345656352152,0.09548944086663652,-0.00883022862719908,0.016648811138200034,-0.0034511975348856423,0.009006060314891134,0.01655435675369486,-0.0034511975348856423,-0.04586118121145487,0.0,0.028210460992560485,-0.02980250714730137,-0.06819485159717698,-0.010591160737156562,optimal,88.81303199996182,False,"[[0.47019749285269863,-0.06819485159717699,-0.010591160737156562],[0.47199870491567686,-0.06488398024643802,-0.011281400244133691],[0.4737147091915839,-0.06155244341813638,-0.01164806076534419],[0.4753625552031227,-0.05820437613960914,-0.01175588834635046],[0.47695588455977755,-0.05484308691568208,-0.011656687385704684],[0.47850561303828865,-0.051471223153910936,-0.011391910854876447],[0.480020476371489,-0.04809090353495934,-0.01099473294682621],[0.481507467034946,-0.0447038239466318,-0.010491707785653333],[0.4829721838707401,-0.0413113422782641,-0.009904097132801047],[0.4844191120295684,-0.037914546315189986,-0.009248933475128606],[0.4858518472282797,-0.034514308128007876,-0.008539871649254264],[0.48727327553571703,-0.03111132767611081,-0.007787871583386175],[0.48868571767615976,-0.02770616780565606,-0.007001746293732808],[0.49009104506553747,-0.02429928239187303,-0.006188602535313366],[0.49149077338222646,-0.020891039032824688,-0.005354196139708752],[0.4928861383509686,-0.017481737429310765,-0.004503219806640604],[0.49427815752910853,-0.014071624369907698,-0.0036395377389573905],[0.4956676811844607,-0.01066090607039746,-0.002766378852776822],[0.49705543480870007,-0.007249758484556678,-0.0018864982232917426],[0.49844205539194614,-0.003838336101845446,-0.001002314838529771],[0.4998281232722686,-0.0004267796718803348,-0.00011603254875468143]]","[[0.009006060314891135,0.016554356753694863,-0.0034511975348856423],[0.008580021379535476,0.01665768414150816,-0.0018333026060525],[0.00823923005769384,0.016740336392636196,-0.0005391379050313457],[0.007966646783274143,0.016806446119635374,0.0004960048032288784],[0.007748642392555402,0.01685931880885565,0.0013238826541411835],[0.007574316666001679,0.016901598094758042,0.001985889540251185],[0.007434953317285289,0.01693539794163766,0.002515125805864383],[0.0073235841789704124,0.016962408341838497,0.002938053264261437],[0.007234640794141305,0.016983979815370587,0.0032758182883622002],[0.007163675993556512,0.017001190935910536,0.0035453091293717104],[0.007107141537186792,0.017014902259485345,0.0037600003293404433],[0.007062210702213661,0.01702579935227375,0.0039306264482668355],[0.00702663694688846,0.017034427068915173,0.004065718792097207],[0.006998641583444931,0.017041216795241683,0.004172031978023075],[0.006976824843710898,0.01704650801756961,0.004254881665340735],[0.0069600958906996585,0.01705056529701535,0.0043184103384160686],[0.00694761827676065,0.017053591497551184,0.004365794430902843],[0.006938768121196923,0.01705573792920391,0.004399403147425397],[0.0069331029162302904,0.017057111913556165,0.004420916923809857],[0.00693033940161242,0.017057782149825555,0.004431411448875448]]"
1782756183.3186548,TRACKING,MPC tracking AprilTag,Walk,True,fresh_solve,0,11,73.63970184326172,-0.043798146718412374,-0.06067204362675928,0.5076389323199372,0.5131244100028186,-0.08606501618287192,0.9978172023277494,-0.005349660613359407,0.06581954018484995,0.003753793750236511,0.9996965465629222,0.024345920041105605,-0.06592980942869386,-0.02404570484492175,0.9975344927907039,0.47841307132583905,-0.06870767910312123,-0.02642403528054662,-0.5126832444172658,7.363926589108036,1.1564993384581905,0.4808420343750406,-0.3094323832705691,-0.10689106785555925,-0.002428963049201538,0.24072470416744787,0.08046703257501264,-0.00765342189289498,0.01689119425653912,-0.0009517824183725009,0.00809703169958148,0.016683086876797024,-0.0009517824183725009,-0.044413708928260826,0.0,0.02516117455041445,-0.021586928674160955,-0.06870767910312123,-0.02642403528054662,optimal,93.38667300016823,False,"[[0.47841307132583905,-0.0687076791031212,-0.02642403528054662],[0.48003247766575535,-0.06537106172776179,-0.026614391764221118],[0.48150645030342437,-0.062013849072915926,-0.026404871733861433],[0.48286408957454835,-0.05864016211974324,-0.0258754878730343],[0.48412867914650237,-0.05525329813448703,-0.025090259673783075],[0.4853188502017029,-0.05185589553178642,-0.02410041441122992],[0.48644951299672884,-0.04845006579540834,-0.022946948507331894],[0.4875326023751503,-0.0450374990524358,-0.021662677351978812],[0.4885776745097072,-0.04161954857962213,-0.020273876072487745],[0.4895923847109462,-0.038197298467228566,-0.01880159328996885],[0.490582870192748,-0.03477161782353738,-0.017262703550380905],[0.4915540569330216,-0.031343204230265945,-0.01567075105182923],[0.4925099059725995,-0.027912618621652622,-0.014036626854470961],[0.4934536114672794,-0.02448031333116869,-0.012369113433522903],[0.49438776039561416,-0.021046654708191892,-0.010675323803022371],[0.4953144619078393,-0.017611941435475318,-0.008961057166529058],[0.49623545278338493,-0.014176419463285081,-0.007231088877303014],[0.49715218426984714,-0.010740294306913607,-0.005489409205967658],[0.4980658946453679,-0.007303741322444257,-0.0037394228540409387],[0.498977671132542,-0.0038669144745555033,-0.0019841191890112406],[0.49988850425954706,-0.00042995403475484383,-0.00022622171271179616]]","[[0.00809703169958148,0.016683086876797024,-0.0009517824183725009],[0.007369863188345035,0.01678606327422935,0.0010476001517984233],[0.006788196355619973,0.01686843476586346,0.002646919304135676],[0.006322947859770042,0.016934319926281055,0.00392614099625612],[0.005950855276002746,0.01698701301350301,0.004949226312765779],[0.00565331397512972,0.01702914868189043,0.005767329519490133],[0.0054154468921073125,0.017062833714862682,0.006421355776765401],[0.005225360672784403,0.01708975236406838,0.006944006397455348],[0.005073551006194846,0.01711125056196781,0.00736141391259447],[0.004952427409009164,0.017128403218455945,0.007694448697939723],[0.004855933701368073,0.01714206796635719,0.00795976249275837],[0.004779245197889518,0.0171529280430666,0.008170620986791343],[0.0047185274733995706,0.017161526452419657,0.00833756710474029],[0.004670744641673734,0.01716829311488401,0.00846894815250266],[0.004633507561125717,0.01717356636358287,0.00857133318246657],[0.004604954377728119,0.017177609860951192,0.008649841446130216],[0.004583657432311059,0.017180625781857382,0.008708398356676781],[0.004568551877603684,0.017182764922346754,0.008749931759633593],[0.004558882435870626,0.017184134239443778,0.008776518325148492],[0.004554165635025233,0.0171848021990033,0.008789487381497221]]"
1782756183.5583024,TRACKING,MPC tracking AprilTag,Walk,True,fresh_solve,0,11,73.61760711669922,-0.04534353184943589,-0.06558702888441503,0.5227313586232567,0.5287776163252201,-0.0865268817961673,0.9980116822527613,0.0030930866039242605,0.06295327554840957,-0.004513561288288583,0.9997381315408272,0.022434261916817747,-0.062867398956138,-0.022673798943188602,0.9977642953072502,0.4866781053569117,-0.07099701202356072,-0.03846237147022887,-0.5127490438194571,7.349962334728101,1.1645442138730662,0.49298499243869953,-0.3163282733083458,-0.11493594327043488,-0.0063068870817878375,0.24533126128478505,0.076473571800206,-0.006246642602358619,0.01717452919703721,0.0016702745419225856,0.006902432937622336,0.016921625704497532,0.0016702745419225856,-0.0426833704009011,0.0,-0.026037734941145554,-0.013321894643088306,-0.07099701202356072,-0.03846237147022887,optimal,83.03433900073287,False,"[[0.4866781053569117,-0.07099701202356075,-0.03846237147022887],[0.4880585919444362,-0.06761268688266124,-0.03812831656184436],[0.48924795702299406,-0.0641901983833614,-0.03737476391178634],[0.49028444276056243,-0.06073718276488101,-0.036285652283356666],[0.4911986473580687,-0.05725974991048078,-0.03492814249093859],[0.4920150549594372,-0.05376278884162547,-0.03335597544071596],[0.4927532598587855,-0.05025021216905705,-0.03161215917598239],[0.49342894621513,-0.04672515172333186,-0.02973111927930593],[0.4940546722603371,-0.043190115146348386,-0.027740420151657515],[0.4946404982107161,-0.03964711127344221,-0.02566214323245946],[0.4951944892778351,-0.03609775057515278,-0.023513991071556606],[0.4957231189290991,-0.032543325680750364,-0.02131017245670856],[0.4962315925611203,-0.028984876009699616,-0.019062112852977653],[0.4967241077695489,-0.02542323974263273,-0.016779025675982093],[0.4972040642288553,-0.02185909573038112,-0.014468372962676836],[0.497674233676054,-0.01829299743651696,-0.012136238473201371],[0.498136898497554,-0.014725400610531793,-0.009787631878886663],[0.49859396584847926,-0.01115668607531111,-0.007426739245821722],[0.4990470630104251,-0.007587178768278637,-0.005057132338158045],[0.49949761875553805,-0.0040171639882674946,-0.00268194720631719],[0.49994693478512264,-0.0004469016604618806,-0.00030404098951185846]]","[[0.006902432937622336,0.01692162570449753,0.0016702745419225856],[0.005946825392789628,0.017112442496499153,0.003767763250290084],[0.005182428687841722,0.01726507809240197,0.00544555814214837],[0.004571022987531224,0.017387164272001127,0.006787548962090358],[0.004082038006842606,0.01748480534427658,0.007860835251113146],[0.0036910244967414394,0.017562883362842098,0.008719081323667876],[0.0033784317817226648,0.01762530222862596,0.009405199483382282],[0.0031286302260353444,0.01767518288491736,0.009953495638242084],[0.002929129751895111,0.017715019364530866,0.010391384595990275],[0.002769955335594954,0.017746803491447156,0.010740760804514263],[0.0026431482563198648,0.017772124472012044,0.011019093074240245],[0.002542368160106089,0.01779224835525377,0.011240298018654523],[0.002462576042142939,0.017808181335334426,0.01141543588497781],[0.002399782296532256,0.01782072006125804,0.011553263566526271],[0.002350847235993506,0.017830491469320798,0.01166067244737733],[0.002313324107499752,0.01783798412992583,0.011743032971573536],[0.0022853367546263057,0.0178435726761034,0.011804463165324703],[0.002265485809729495,0.017847536535162377,0.011848034538318387],[0.00225277872556448,0.017850073900055708,0.011875925659204273],[0.002246580147923009,0.017851311639028068,0.011889531084026657]]"
1782756183.7585392,TRACKING,MPC tracking AprilTag,Walk,True,fresh_solve,0,11,73.14398956298828,-0.03588662584746846,-0.06073321342859424,0.5292126851745783,0.5338936591473686,-0.06770769361913208,0.9971421363620344,0.0016640261654276307,0.07553006625363651,-0.0036815036149578945,0.9996399221207469,0.026579552922503018,-0.07545864047603162,-0.026781656396643184,0.9967892136546026,0.496789297391167,-0.07263362137722867,-0.0457414022710001,-0.5148741582747223,7.344286940263242,1.1746542256428958,0.4989649722737921,-0.3173111542531316,-0.1250459550402645,-0.0021756748826251004,0.24467753287590294,0.0793045527692644,-0.00458686804951061,0.0174300726124904,0.0040893069598789055,0.005379068361256761,0.017202104910307797,0.0040893069598789055,-0.04064184770089806,0.0,-0.028988954491052266,-0.0032107026088329937,-0.07263362137722867,-0.045741402271000105,optimal,82.10654300000897,False,"[[0.496789297391167,-0.07263362137722867,-0.0457414022710001],[0.49786511106341835,-0.06919320039516712,-0.044923540879024317],[0.49869720462996353,-0.0657079060960093,-0.0437186632430332],[0.4993343448950841,-0.06218671733796618,-0.042204208790401924],[0.4998155509979905,-0.0586368182563045,-0.040442138107673636],[0.5001720453697824,-0.055063957470110045,-0.03848203096988665],[0.5004288148550038,-0.05147273551324193,-0.03636356532932634],[0.50060586005387,-0.047866834861025644,-0.0341185012131394],[0.5007191953522788,-0.044249204054019234,-0.03177226872469121],[0.5007816496411049,-0.04062220512504125,-0.02934523954873408],[0.500803507760744,-0.03698773170081166,-0.02685374553564488],[0.5007930247431325,-0.03334730368328786,-0.024310895293943872],[0.5007568385633441,-0.029702143244762523,-0.021727229620720726],[0.5007003020383436,-0.026053235936478247,-0.019111248541489004],[0.5006277504678356,-0.0224013799661897,-0.01646983631146184],[0.5005427183992489,-0.018747226108551313,-0.0138086056283126],[0.5004481163551086,-0.015091310243850038,-0.011132178267058543],[0.5003463763591619,-0.011434080152019679,-0.008444416168811688],[0.500239573537566,-0.007775917901637588,-0.0057486145378344115],[0.5001295298751954,-0.004117158953353531,-0.003047666601752574],[0.5000179053148859,-0.0004581089329221723,-0.0003442082729368035]]","[[0.005379068361256762,0.0172021049103078,0.0040893069598789055],[0.004160467832725821,0.017426471495789117,0.006024388179955563],[0.003185701325602963,0.01760594379021554,0.007572272263156391],[0.002406030514532046,0.017749495408308398,0.008810353413641434],[0.0017824718589595236,0.017864303930972332,0.009800535688934938],[0.0012838474261067708,0.01795610978434054,0.010592328202801583],[0.000885225994331149,0.018029503261081426,0.0112253205809347],[0.0005666764920438774,0.01808815403503204,0.011731162442240945],[0.0003122714441305924,0.01813499464488991,0.01213514587978563],[0.00010929059819562984,0.018172367121147934,0.012457470065445989],[-5.241508805775851e-05,0.018202140087619008,0.01271425120850504],[-0.00018093089894224203,0.018225802192626688,0.012918328366115738],[-0.0002826826250020449,0.018244536541421358,0.013079905396158614],[-0.00036275785254015724,0.01825927985144275,0.013207061150135814],[-0.0004251603429334847,0.01827076928819194,0.013306153415746197],[-0.00047301022070169363,0.018279579323506375,0.013382136806270284],[-0.0005086999797331945,0.01828615045915179,0.013438810491234276],[-0.0005340141079795623,0.018290811251910448,0.013479008154886377],[-0.0005502183118531155,0.01829379474142028,0.013504739680409189],[-0.0005581228015475317,0.01829525010215679,0.013517291644078853]]"
1782756184.022748,TRACKING,MPC tracking AprilTag,Walk,True,fresh_solve,0,11,72.9769287109375,-0.03504040459732435,-0.06941750954179376,0.5388969553203634,0.5444782355970594,-0.06493105308947933,0.9962387370920445,-0.009293054601742195,0.08615113379066658,0.006533767672232989,0.999458306971726,0.032255270967958764,-0.08640421631641351,-0.03157105892079324,0.9957598001733983,0.5062806549105852,-0.07363480533313349,-0.054392433165167765,-0.518333358715876,7.334093429828712,1.1714434100697877,0.5095274457227736,-0.3193866969075948,-0.12183513946715639,-0.0032467908121884825,0.2457518915744613,0.06744270630198862,-0.0026919903019031973,0.01764711441668286,0.006441037022762835,0.0036474053673668126,0.017474664320299278,0.006441037022762835,-0.038311148071340936,0.0,-0.03185806516777066,0.0062806549105851595,-0.07363480533313349,-0.05439243316516776,optimal,97.64190500027325,False,"[[0.5062806549105852,-0.07363480533313352,-0.054392433165167765],[0.5070101359840585,-0.07013987246907366,-0.0531042257606152],[0.5074625716972379,-0.06660133336049101,-0.051439769683610276],[0.5076933970205925,-0.06302791333263498,-0.04947434984065481],[0.5077469664051003,-0.05942659366479123,-0.047268202949953084],[0.5076587715047971,-0.055802960654246114,-0.04486952937732207],[0.507457215759478,-0.052161484931150866,-0.04231690315448228],[0.5071650345666874,-0.04850574499002924,-0.03964120068064378],[0.5068004320515959,-0.04483860611450365,-0.0368671445424667],[0.5063779912732593,-0.041162363641476345,-0.03401453964339425],[0.5059094033775713,-0.03747885772797444,-0.03109926344882486],[0.5054040521545574,-0.03378956535900138,-0.028134059859382127],[0.5048694832278775,-0.030095674196786996,-0.025129176405945964],[0.5043117813360077,-0.02639814196389909,-0.022092876626196627],[0.503735874569165,-0.02269774432937176,-0.019031853241498708],[0.5031457807738174,-0.018995113692157166,-0.015951562792969363],[0.502544808445008,-0.015290770801073073,-0.012856498468534188],[0.5019357221511065,-0.01158515079224379,-0.009750414762323481],[0.5013208807622281,-0.007878624945906356,-0.006636515199378768],[0.5007023553937393,-0.004171519250422414,-0.0035176125119048677],[0.5000820329620258,-0.00046413070169626966,-0.0003962692758801458]]","[[0.0036474053673668126,0.01747466432029928,0.006441037022762835],[0.0022621785658966938,0.017692695542913184,0.008322280385024614],[0.0011541266167728994,0.017867100139280213,0.009827099214777334],[0.0002678469225392392,0.01800659833921871,0.011030734453508627],[-0.0004409745015159695,0.018118165052725604,0.011993367863155061],[-0.001007778726595487,0.018207378615476236,0.012763131114198955],[-0.0014609059639532896,0.018278699705608144,0.013378512369192505],[-0.001823012575457267,0.01833569437762792,0.01387028069088539],[-0.002112203891682619,0.018381212365136554,0.014263024495362252],[-0.0023429394784406114,0.018417529567509472,0.014576380972846937],[-0.0025267561150691454,0.018446461844865324,0.014826017947213674],[-0.002672844633399647,0.018469455811071907,0.015024417267180805],[-0.002788509459348642,0.018487661164439544,0.015181498898746686],[-0.0028795338342135794,0.018501988172636617,0.015305116923489608],[-0.0029504689767377067,0.018513153186072984,0.015401452242646718],[-0.0030048616440472293,0.018521714455420456,0.015475321622175872],[-0.0030454314695076237,0.018528100044146414,0.015530418531053528],[-0.0030742069443919105,0.018532629231687154,0.01556949781472357],[-0.003092626842444303,0.018535528477419714,0.015594513437369497],[-0.003101612158567421,0.018536942743630717,0.01560671618012361]]"
1782756184.2124555,TRACKING,MPC tracking AprilTag,Walk,True,fresh_solve,0,11,72.86357879638672,-0.041493390995370104,-0.061331603953273736,0.5439487636000319,0.5489658683031025,-0.07613435575215075,0.996643614424641,-0.007947202680529803,0.08147605658193081,0.005474103638313,0.9995187919224586,0.03053225807610344,-0.0816794956886024,-0.02998377166774312,0.9962075252780578,0.5147141896318799,-0.07615938538718338,-0.06436491985934512,-0.520097893533329,7.327544483899022,1.1657110869269633,0.5160854575646727,-0.3211172334121276,-0.11610281632433206,-0.0013712679327928523,0.24495784802494425,0.05173789646498694,-0.0006740224902502402,0.017916178794790773,0.00882418549726049,0.0018250041287324725,0.017835726193636835,0.00882418549726049,-0.0358290476630078,0.0,-0.0347655063066578,0.01471418963187987,-0.07615938538718338,-0.06436491985934512,optimal,87.00140700057091,False,"[[0.5147141896318799,-0.07615938538718338,-0.06436491985934512],[0.5150791904576264,-0.07259224014845601,-0.06260008275989301],[0.5151526288895704,-0.06896732932997081,-0.060453970418040424],[0.5149928446619462,-0.06529621144764956,-0.05800287352416635],[0.5146465163760096,-0.06158813466422226,-0.055307833541048734],[0.5141509954301009,-0.057850499197363556,-0.05241769477700333],[0.5135361735895617,-0.0540892273305766,-0.04937154660129952],[0.512825977575002,-0.050309059527368055,-0.04620067791262374],[0.5120395653983311,-0.04651379145442356,-0.042930141584013856],[0.5111922842633523,-0.042706463764941936,-0.03958000710651101],[0.5102964379259538,-0.03888951413129515,-0.0361663640637117],[0.5093619018819028,-0.03506489912864689,-0.03270212661094761],[0.5083966171416338,-0.0312341920637108,-0.02919767918305217],[0.5074069872807703,-0.02739866164008613,-0.02566139571610225],[0.5063981986189061,-0.023559335393437693,-0.022100058344221997],[0.5053744795355855,-0.0197170510682791,-0.018519196506289037],[0.504339311889279,-0.01587249850519848,-0.01492336341787837],[0.5032956051103087,-0.012026254132887838,-0.011316363732041096],[0.502245841672363,-0.008178809789577699,-0.007701443771956998],[0.5011922012161816,-0.004330597314948593,-0.004081453847093511],[0.5001366695315926,-0.0004820101421151154,-0.0004589907686791039]]","[[0.0018250041287324725,0.017835726193636835,0.00882418549726049],[0.00036719215972006353,0.018124554092426002,0.010730561709262959],[-0.0007989211381210349,0.018355589411606237,0.01225548446937037],[-0.0017316414296828775,0.018540383917136555,0.01347519991558809],[-0.0024776047295435566,0.018688177334293468,0.014450693820227008],[-0.0030741092026961058,0.018806359333934826,0.01523074087851907],[-0.003550980072798153,0.018900839016042694,0.01585434344337888],[-0.0039320608833548,0.018976340364722462,0.01635268164304942],[-0.004236405674893881,0.019036638447408126,0.016750672387514227],[-0.004479231686992348,0.019084748168233964,0.017068215213996537],[-0.004672680220255123,0.019123075013241272,0.01732118726382046],[-0.004826423701345349,0.01915353532468041,0.017522237139477207],[-0.0049481493043175345,0.01917765211812334,0.0176814173347496],[-0.0050439433093202885,0.019196631233242202,0.017806686859401268],[-0.00511859541660375,0.019211421625792948,0.01790430918966479],[-0.0051758382315320916,0.019222762815403107,0.017979165442053347],[-0.00521853389485173,0.01923122186155319,0.018034998429186364],[-0.005248817189728647,0.019237221716550703,0.018074599800420487],[-0.00526820228090669,0.01924106237314552,0.01809994962431743],[-0.005277658422944758,0.019242935864167383,0.01811231539207204]]"
1782756184.4570398,TRACKING,MPC tracking AprilTag,Walk,True,fresh_solve,0,11,72.7137680053711,-0.0536994782367699,-0.0630382475454276,0.557650271094233,0.5637652698313116,-0.09599997499723434,0.9978021451402191,0.0038448247356572185,0.06615207083931,-0.0063892045048214085,0.9992460847023363,0.03829412843827126,-0.06595496356888221,-0.03863262261099193,0.9970744522104776,0.523008516199186,-0.07964536230006714,-0.0704698070890182,-0.5191973273730862,7.314553528455827,1.1621124490629162,0.5269031794437415,-0.3283665669044681,-0.11250417846028493,-0.003894663244555563,0.24872120460440095,0.04203437137126673,0.0013468575408477328,0.01827332911388694,0.010991132780732661,-5.68622392974295e-05,0.018322809523255667,0.010991132780732661,0.03665663477524272,0.0,-0.03740918199249385,0.02300851619918598,-0.07964536230006714,-0.0704698070890182,optimal,81.86799300074199,False,"[[0.523008516199186,-0.07964536230006714,-0.0704698070890182],[0.5229971437513264,-0.07598080039541599,-0.06827158053287168],[0.5226846952004403,-0.07223831098580369,-0.0657266683381188],[0.5221314139119551,-0.0684334868569447,-0.06290444004091736],[0.521385501614419,-0.06457880405859123,-0.05986039937230271],[0.5204855284859273,-0.06068424570702076,-0.05663895944473954],[0.5194623616630276,-0.05675780114084988,-0.0532756634077451],[0.5183407085975472,-0.05280586538796518,-0.049798961605365094],[0.5171403524291842,-0.048833558916917576,-0.046231634093375946],[0.5158771411424926,-0.04484498366034983,-0.04259192964207362],[0.51456377996611,-0.04084342811162867,-0.038894478174788416],[0.5132104666341896,-0.036831531749513195,-0.03515102226405149],[0.5118254012731073,-0.03281141701209275,-0.03137100426022143],[0.5104151964077814,-0.028784795418691472,-0.02756203840900215],[0.5089852075879178,-0.024753053145834408,-0.023730291563728096],[0.5075398011654954,-0.020717320336073854,-0.019880791528030996],[0.5060825726123652,-0.01667852760511692,-0.016017678446021415],[0.5046165262938431,-0.012637452572610893,-0.012144411809494295],[0.5031442256869751,-0.00859475874312561,-0.008263943432518699],[0.5016679215543899,-0.004551028681381941,-0.004378865042141268],[0.5001896644824305,-0.0005067931404878415,-0.0004915378647385521]]","[[-5.686223929742988e-05,0.018322809523255667,0.010991132780732661],[-0.0015622427544312654,0.0187124470480616,0.012724560973764364],[-0.0027664064424257257,0.01902412064429493,0.01411114148600718],[-0.003729561487680534,0.019273413991767324,0.015220203343073248],[-0.004499865642458431,0.0194727917578524,0.016107199637815876],[-0.005115834114498311,0.01963222283085441,0.016816480184972196],[-0.005608265327402167,0.01975967876442346,0.017383509011900018],[-0.006001780841815194,0.019861532355238,0.017836637559945738],[-0.0063160564334580425,0.019942876282838758,0.018198522256511643],[-0.006566805881912854,0.02000777774360577,0.018487257336426022],[-0.00676656665960237,0.020059481810577394,0.0187172795536846],[-0.006925326805411067,0.020100573687102198,0.018900090019150308],[-0.007051024326629377,0.020133107967006434,0.01904482925609642],[-0.007149944099318219,0.020158711364285306,0.019158734226370256],[-0.007227032112112032,0.020178664048802763,0.019247500178485494],[-0.007286142765650509,0.020193963654784673,0.019315565410047905],[-0.007330231592610572,0.020205375162530133,0.019366333182635604],[-0.007361503034340226,0.02021346914742642,0.01940234188487798],[-0.007381520662925954,0.020218650308718344,0.019425391951887153],[-0.007391285359797039,0.0202211777044705,0.019436635887013578]]"
1782756184.728599,TRACKING,MPC tracking AprilTag,Walk,True,fresh_solve,0,11,73.08997344970703,-0.05035179083336865,-0.060697092010439005,0.5647203634128489,0.5702004285089509,-0.08892718590274115,0.9982073674152644,0.004074210417144953,0.05971140969165085,-0.006466872868371046,0.9991814667232546,0.039932143845152306,-0.05949984195938401,-0.040246706278184254,0.9974166488687493,0.5330736440331186,-0.08311968252864843,-0.068923664339116,-0.5221929725812169,7.309248927529579,1.1648971173732874,0.5329950433166113,-0.3284098768822422,-0.1152888467706561,7.860071650733769e-05,0.24529019435359378,0.0463651824315401,0.003390053557419056,0.018714708791742796,0.012521488443245049,-0.0020931392799817656,0.018903744503047593,0.012521488443245049,0.03916976587562544,0.0,-0.03927621590075896,0.03307364403311863,-0.08311968252864843,-0.068923664339116,optimal,103.46363500048028,False,"[[0.5330736440331186,-0.08311968252864843,-0.068923664339116],[0.5326550161771223,-0.07933893362803891,-0.06641936665046698],[0.5319106083579429,-0.07546524208134194,-0.06367023036597415],[0.5309056070223752,-0.07151720510612407,-0.06072524609250392],[0.5296921689413946,-0.06750970264852581,-0.0576236120374739],[0.5283120290487057,-0.06345464138056868,-0.05439669391922367],[0.5267985871874274,-0.059361550033756184,-0.051069593252931825],[0.52517857810225,-0.05523805583564915,-0.04766240242637486],[0.523473408176668,-0.0510902658712436,-0.04419120931931602],[0.521700225752156,-0.04692307243722068,-0.04066890169749346],[0.5198727785452422,-0.04274039765678064,-0.03710581160090715],[0.5180021010333344,-0.038545389585802906,-0.03351023194581886],[0.5160970661785911,-0.03434057961563997,-0.029888831170565285],[0.5141648290760287,-0.030128009042685117,-0.026246986657474825],[0.5122111847082728,-0.025909331133191993,-0.022589053601984058],[0.5102408576946892,-0.021685893786587345,-0.01891858277240954],[0.5082577385223523,-0.017458806930442362,-0.01523849804836364],[0.5062650780703993,-0.013228998016851196,-0.011551242614735157],[0.504265650153986,-0.008997258395035691,-0.007858901120933761],[0.5022618902150454,-0.004764282878806483,-0.004163303913360478],[0.5002560170943842,-0.0005307044872535164,-0.0004661185527277362]]","[[-0.0020931392799817656,0.018903744503047593,0.012521488443245049],[-0.003722039095896793,0.019368457733484865,0.013745681422464216],[-0.0050250066778382615,0.01974018487608935,0.014724921367351118],[-0.0060671904049032456,0.020037512287991267,0.015508170275150108],[-0.006900699463444995,0.020275306339785717,0.01613459059125113],[-0.007567209306390596,0.020465456734062415,0.01663550333145923],[-0.008100045425887329,0.020617470990535208,0.017035954132784827],[-0.00852584962791003,0.020738949822027723,0.01735596553529419],[-0.008865912122559836,0.020835967170114596,0.01761153810911279],[-0.009137236034569235,0.020913373902200164,0.017815450482931556],[-0.009353387559538698,0.02097504035488871,0.01797789827544143],[-0.0095251742737167,0.021024049850814654,0.018107003876267902],[-0.009661185512812137,0.021062852864774304,0.018209222565452297],[-0.009768221838779784,0.021093389547465632,0.01828966527745383],[-0.009851635067918023,0.02111718673302321,0.018352354147872587],[-0.009915595861683765,0.021135434280724917,0.0184004236202295],[-0.009963302259765298,0.02114904456795584,0.018436277168142414],[-0.009997139582066697,0.02115869810907752,0.018461707469006976],[-0.010018799694703035,0.02116487758114604,0.018477986037866417],[-0.010029365603306126,0.021167891957764834,0.018485926803163705]]"
1782756184.9075491,TRACKING,MPC tracking AprilTag,Walk,True,fresh_solve,0,11,72.65563201904297,-0.048131540631838624,-0.06751802004577755,0.5658983919681713,0.5719408345857623,-0.08484911814875244,0.9974515992025705,-0.007122919186326207,0.07098993781163458,0.0048163496263509695,0.9994565519237051,0.03260986956513322,-0.07118363593208364,-0.03218485418707562,0.9969438425189482,0.5415331784355787,-0.08392728953679345,-0.06615886507454306,-0.5228761428989787,7.309450115351821,1.1620211167568608,0.533160725437233,-0.3277172386954553,-0.11241284615422953,0.008372452998345659,0.24378994915866187,0.046253981079686465,0.005418554523529786,0.019073286062803504,0.013498553173346929,-0.004145753724483172,0.01938978340296594,0.013498553173346929,0.04166482206394164,0.0,-0.04046823487148325,0.04153317843557869,-0.08392728953679345,-0.06615886507454306,optimal,82.4271609999414,False,"[[0.5415331784355787,-0.08392728953679345,-0.06615886507454306],[0.540704027690682,-0.08004933285620025,-0.06345915443987368],[0.5395464831934629,-0.07609361576690173,-0.06060312513861803],[0.5381262543928828,-0.07207569761974093,-0.057622055516880905],[0.5364959165227353,-0.06800802771266781,-0.05454097190474304],[0.5346975393633356,-0.06390056775563671,-0.05137989993276511],[0.5327647907305364,-0.05976128995610407,-0.0481548658135158],[0.5307246198665202,-0.055596575629401256,-0.044878697652200226],[0.5285986049019088,-0.05141153426450109,-0.04156166685192019],[0.5264040317622941,-0.047210258998466585,-0.038212001683829266],[0.5241547584645181,-0.04299603127330399,-0.03483629870069049],[0.5218619080175144,-0.038771484908063175,-0.0314398525645145],[0.5195344245727556,-0.034538737789790094,-0.028026920779660076],[0.517179520631826,-0.030299497767879078,-0.024600936568052078],[0.5148030376715022,-0.026055148046542572,-0.021164680530277678],[0.51240973821759,-0.021806816345021744,-0.01772041967561574],[0.5100035439712167,-0.017555431283548542,-0.01427002077250075],[0.5075877318938862,-0.013301768814357302,-0.010815043686944532],[0.5051650980555544,-0.00904649101929645,-0.007356819375836856],[0.5027380974381274,-0.004790179213920937,-0.0038965164347899172],[0.5003089666845564,-0.0005333630132699805,-0.00043519952791894764]]","[[-0.004145753724483173,0.01938978340296594,0.013498553173346929],[-0.005787722486095892,0.019778585446492625,0.01428014650627826],[-0.007101144002900555,0.02008959073580398,0.014905348108685606],[-0.008151689350737396,0.020338349535365573,0.01540541806068934],[-0.008991885796998259,0.020537299785155484,0.015805359859889644],[-0.009663743163996184,0.02069638899766321,0.016125170596246536],[-0.010200854320081068,0.020823571633514133,0.016380840806577857],[-0.010630074823057157,0.020925206824500803,0.01658515400140018],[-0.010972865698073254,0.021006376330172553,0.016748325840454614],[-0.011246366488880164,0.021071138625812967,0.016878514915693883],[-0.011464252235018235,0.02112273182620407,0.01698223068087995],[-0.011637417223794367,0.021163735591365418,0.01706465892427212],[-0.011774519704647369,0.021196200109555075,0.017129921058040003],[-0.01188241480161989,0.021221748606682522,0.01718128018887199],[-0.011966497269560556,0.02124165850760414,0.01722130427330968],[-0.012030971231866399,0.021256925307366,0.017251994515574957],[-0.012079060386652716,0.021268312345956206,0.01727488542778109],[-0.012113169191658816,0.021276388975304258,0.01729112155553838],[-0.01213500308713501,0.02128155902687756,0.017301514705234694],[-0.012145653767855103,0.021284081003254785,0.01730658453435485]]"
1782756185.1682472,TRACKING,MPC tracking AprilTag,Walk,True,fresh_solve,0,11,72.6151123046875,-0.06066204317566382,-0.05874356310497654,0.5601586390776346,0.5664877674070484,-0.10787400598146554,0.99808286606818,-0.005058625057372562,0.061684704535699034,0.0028069044553609888,0.9993284001652545,0.036535871558394155,-0.06182809837368476,-0.036292684327312065,0.9974267528574778,0.5472993924024044,-0.08633989452684804,-0.06795157035992795,-0.5190114919480009,7.311672869683806,1.1518224965504487,0.5293088386313807,-0.3299620397619518,-0.10221422594781739,0.017990553771023765,0.24362214523510378,0.034262655587889435,0.007381178373062349,0.019447816722452813,0.01434294557265573,-0.006043651016098069,0.01990411143057372,0.01434294557265573,0.04407884939886669,0.0,-0.04149839359863999,0.04729939240240444,-0.08633989452684804,-0.06795157035992795,optimal,92.22020500055805,False,"[[0.5472993924024044,-0.086339894526848,-0.06795157035992795],[0.5460906621991848,-0.08235907224073326,-0.06508298124539681],[0.5445782911369691,-0.07829596362395216,-0.0620792994498293],[0.5428230357721344,-0.0741670336348266,-0.05896755613799902],[0.5408735084459267,-0.06998545616306125,-0.055769379398866406],[0.5387686079015237,-0.06576177272422877,-0.052502075650026785],[0.5365394642211929,-0.06150441953554847,-0.049179494958590135],[0.5342109953304057,-0.0572201493267473,-0.04581272354453659],[0.5318031528941107,-0.05291436897654613,-0.04241063809171542],[0.5293319198999809,-0.04859140985659585,-0.03898034958203753],[0.5268101098077976,-0.04425474440005989,-0.035527558844570976],[0.5242480072224397,-0.03990715972327237,-0.0320568415969944],[0.521653882124127,-0.035550896981554884,-0.028571877231480927],[0.5190344033674318,-0.031187763426982484,-0.02507563278430684],[0.5163949721240071,-0.026819222770987507,-0.021570511287665392],[0.5137399919411697,-0.02244646836993113,-0.018058471921276468],[0.5110730889192654,-0.018070482892921482,-0.014541127971372582],[0.508397293016687,-0.013692087455269024,-0.011019827495010499],[0.5057151895477934,-0.009311982674252074,-0.007495720722924071],[0.5030290484486278,-0.0049307836999807255,-0.003969817571060936],[0.5003409377737197,-0.0005490509729023549,-0.0004430381363798953]]","[[-0.006043651016098069,0.019904111430573718,0.01434294557265573],[-0.007561855311078565,0.020315543083905475,0.015018408977837525],[-0.008776276824173685,0.020644649945627792,0.015558716559151408],[-0.009747636631038184,0.02090788735882679,0.01599088369566307],[-0.01052450272201529,0.02111841719416242,0.016336518744198097],[-0.011145718401653855,0.02128676594340146,0.016612903457183234],[-0.011642344453935808,0.021421351044005863,0.016833857070267744],[-0.012039212181475247,0.02152890175100585,0.017010427264105846],[-0.012356164970649145,0.02161479559975142,0.017151442548389455],[-0.012609050460916196,0.02168332728267985,0.017263953687332745],[-0.012810512926789752,0.02173792338393756,0.01735358623788288],[-0.012970625491563493,0.021781313708587442,0.017424821827567372],[-0.013097393783476104,0.021815667772861987,0.017481222235870442],[-0.013197156217123215,0.02184270327997492,0.017525607483207244],[-0.013274900914187182,0.021863772005281886,0.017560196831944614],[-0.013334515109521206,0.02187992738504824,0.017586719749519423],[-0.013378979512891985,0.021891977188262295,0.017606502381810416],[-0.013410517344468057,0.021900523905084755,0.017620533860432136],[-0.013430705495828229,0.021905994871356745,0.017629515759315675],[-0.013440553374540507,0.02190866363539186,0.017633897173405202]]"
1782756185.4264786,TRACKING,MPC tracking AprilTag,Walk,True,fresh_solve,0,11,72.36042022705078,-0.071251384089865,-0.06443014225604267,0.5570238304344592,0.5652464512385129,-0.12722354738147784,0.9990170160881509,0.00041812021931246534,0.044326366214811244,-0.0018821071616998857,0.9994538810961857,0.032990865923817767,-0.04428836460018856,-0.03304186340468171,0.9984722209574921,0.5492347708024491,-0.09029094011776337,-0.06588313729541977,-0.5130075646268263,7.3140518599840325,1.1476447693416594,0.5242562907614983,-0.3339842901456387,-0.09803649873902809,0.024978480040950823,0.24369335002787532,0.03215336144360832,0.008923411439135161,0.019990941461531735,0.014848393463845023,-0.007587938676917942,0.020535048060956896,0.014848393463845023,0.04597579607013625,0.0,-0.04211504002589093,0.04923477080244909,-0.09029094011776337,-0.06588313729541977,optimal,101.30364799988456,False,"[[0.5492347708024491,-0.09029094011776337,-0.06588313729541977],[0.5477171830670655,-0.08618393050557198,-0.06291345860265077],[0.5459525277828002,-0.08197597858145042,-0.059862914294794706],[0.5439902415554916,-0.0776872822439486,-0.05674768505424806],[0.5418698794438256,-0.07333400217094745,-0.05358071731677275],[0.5396230927122704,-0.06892906985355293,-0.05037237059328426],[0.5372752113942999,-0.06448283417065134,-0.04713093544539744],[0.5348465107940669,-0.06000357883285358,-0.0438630480135072],[0.5323532252516112,-0.05549793656802582,-0.04057402182380829],[0.5298083598598617,-0.050971220757682664,-0.03726811346460502],[0.5272223407192824,-0.04642769110606297,-0.033948735415726496],[0.5246035362428959,-0.041870766625341775,-0.030618626672518037],[0.5219586755769341,-0.037303196586239026,-0.027279989695608492],[0.5192931850581506,-0.03272719798155561,-0.023934600533941638],[0.5166114595306577,-0.028144566375813366,-0.020583897627223388],[0.5139170820881322,-0.023556765683481192,-0.017229053727907097],[0.5112130032284995,-0.01896500136469851,-0.013871034538816206],[0.5085016883788294,-0.014370280698282183,-0.01051064699828543],[0.5057852411666897,-0.009773463145667422,-0.007148579627077488],[0.503065508601525,-0.005175303323979501,-0.003785436954421246],[0.5003441734251287,-0.0005764887368900377,-0.00042176974447314866]]","[[-0.007587938676917942,0.020535048060956896,0.014848393463845023],[-0.008823276421326213,0.02103975962060784,0.015252721539280272],[-0.009811431136543298,0.021443481687509102,0.015576146202733237],[-0.01060181055833005,0.021766400365005743,0.015834838687376566],[-0.011233933657775804,0.022024661586972596,0.016041733617442426],[-0.011739406589852851,0.022231178414508005,0.01620717573943411],[-0.012143503001165042,0.022396276688988737,0.0163394371594512],[-0.012466427712277985,0.02252821132413883,0.016445130948494553],[-0.012724326958747331,0.02263357905171579,0.016529541796016334],[-0.012930095702896544,0.022717648258098463,0.016596890244392638],[-0.013094022381933086,0.022784622403605983,0.016650543716042278],[-0.013224303329808784,0.02283785019551373,0.01669318488454773],[-0.013327452593917424,0.022879993023417085,0.016726945808334275],[-0.013408627637464435,0.022913158028711224,0.016753514533591234],[-0.01347188721262717,0.022939003461660844,0.016774219496581456],[-0.013520394298163766,0.022958821593913433,0.01679009594545446],[-0.013556574248351052,0.022973603332081618,0.016801937702653882],[-0.013582236060698392,0.022984087763073806,0.016810336856039703],[-0.01359866282582315,0.02299079910843961,0.016815713363281214],[-0.01360667588198157,0.022994072935447318,0.016818336049740486]]"
1782756185.658806,TRACKING,MPC tracking AprilTag,Walk,True,fresh_solve,0,11,72.6242446899414,-0.06814332339442529,-0.06166237218260766,0.5523424015219737,0.5599356116425217,-0.12275125115915758,0.9993325175598962,0.0022724936955851273,0.036460322541131275,-0.003773686499118801,0.9991455447478642,0.04115749871773221,-0.03633563867067934,-0.04126761663698651,0.9984872083204154,0.5497510203404283,-0.09242509372508663,-0.05915403906457134,-0.5123203915240592,7.318231851896511,1.1494319487355376,0.5202891327949279,-0.33249896293258807,-0.09982367813290616,0.029461887545500387,0.24007386920750146,0.040669639068334824,0.01001335660022959,0.020584872895208522,0.014810529136305952,-0.0087788739883615,0.02114085319971079,0.014810529136305952,0.0473164286182824,0.0,-0.04206884554629326,0.04975102034042833,-0.09242509372508663,-0.05915403906457134,optimal,83.48940799987759,False,"[[0.5497510203404283,-0.09242509372508663,-0.05915403906457134],[0.547995245542756,-0.08819692308514447,-0.05619193323731015],[0.5460489353443678,-0.0838718308712435,-0.05323588524942208],[0.5439502146368006,-0.07946921045847775,-0.050284682966741066],[0.5417295877861327,-0.07500457881199799,-0.04733735654036145],[0.5394114638512867,-0.07049035233526933,-0.044393129914192586],[0.537015377036977,-0.06593646769024439,-0.041451382022154405],[0.5345569634039444,-0.061350878630460993,-0.038511615734873356],[0.5320487426719939,-0.05673995368871905,-0.035573433003213736],[0.529500744205984,-0.05210879460372056,-0.03263651495582094],[0.5269210084840709,-0.04746149140700464,-0.029700605955553683],[0.5243159891216153,-0.042801326924524576,-0.02676550081762696],[0.5216908755519506,-0.03813094091794545,-0.023831034550372793],[0.5190498524980502,-0.033452462072727375,-0.02089707410565684],[0.5163963092086755,-0.028767614432398517,-0.017963511726471662],[0.5137330089208142,-0.0240778036007315,-0.01503025955908636],[0.5110622270215294,-0.019384187021932064,-0.012097245260360026],[0.5083858648173134,-0.014687731852849299,-0.00916440838058471],[0.5057055445994119,-0.009989263320818145,-0.006231697341000002],[0.503022690758386,-0.005289505985026116,-0.0032990668548550286],[0.500338601003641,-0.0005891199644726847,-0.0003664756630709009]]","[[-0.0087788739883615,0.021140853199710784,0.014810529136305952],[-0.009731550991941115,0.021625461069504845,0.014780239939440377],[-0.010493603537835764,0.02201310206382878,0.014756011413405018],[-0.011103134253340185,0.02232315823239878,0.014736632131898107],[-0.011590619674229592,0.022571132383643354,0.014721133130844302],[-0.011980434071548463,0.02276942322512473,0.014708739460190908],[-0.012292068165162737,0.022927945298916966,0.01469883143640526],[-0.012541103659753128,0.02305462470870968,0.01469091365829807],[-0.012739992330049157,0.023155795424992513,0.014684590236963984],[-0.012898678609565622,0.0232365159835796,0.014679545001336296],[-0.013025096812278352,0.0233008224124003,0.01467552568963362],[-0.013125567848322979,0.02335193003289564,0.014672331336270822],[-0.013205115269501737,0.0233923942260904,0.014669802223579765],[-0.01326771644687356,0.02342423820164431,0.014667811895925894],[-0.013316501439307044,0.023449054158335064,0.014666260836926515],[-0.01335390949642386,0.0234680828939972,0.01466507149363166],[-0.01338181102107985,0.023482275845413833,0.014664184398876585],[-0.013401601089507813,0.023492342660155784,0.014663555197923539],[-0.01341426920512915,0.023498786678960153,0.014663152430724866],[-0.01342044877372492,0.023501930102767167,0.014662955958920636]]"
1782756185.908556,TRACKING,MPC tracking AprilTag,Walk,True,fresh_solve,0,11,72.35026550292969,-0.07272684097387681,-0.06925056404850215,0.5472213844227581,0.5563596656737756,-0.13212775331540583,0.9987373658079974,-0.005596858809403634,0.0499234344809107,0.004217036577412866,0.9996073473450131,0.027701403148054457,-0.05005887275405774,-0.027455897459997193,0.9983688110879962,0.5483443108388873,-0.09144204226877997,-0.051908101564679954,-0.5087567655463424,7.322390673061362,1.1420310186500215,0.5149081177325079,-0.3335187180445093,-0.09242274804739037,0.033436193106379464,0.2420766757757293,0.040514646482710415,0.010689818475462347,0.021008198175681628,0.014332887090078862,-0.009585414076755186,0.021534540779970038,0.014332887090078862,0.04814847672481869,0.0,-0.041486122249896215,0.04834431083888735,-0.09144204226877997,-0.051908101564679954,optimal,83.30438299981324,False,"[[0.5483443108388873,-0.09144204226877996,-0.051908101564679954],[0.5464272280235363,-0.08713513411278595,-0.049041524146664184],[0.544381108444006,-0.08276524065428155,-0.04625136374122849],[0.5422317715155868,-0.0783449648416827,-0.04352232980233657],[0.5399998757861248,-0.07388439050570063,-0.04084218810727926],[0.537701951863414,-0.06939158655087736,-0.03820114904553917],[0.5353512289455855,-0.06487301040081295,-0.03559137813826475],[0.5329582962810153,-0.06033383086934528,-0.03300660431432772],[0.5305316326307415,-0.05577818660124213,-0.030441806356766705],[0.5280780302065177,-0.051209393004439545,-0.027892961841939103],[0.5256029342813995,-0.04663010802043852,-0.025356846018338992],[0.523110715453398,-0.042042465021380176,-0.022830870569021826],[0.5206048881753802,-0.037448179478652754,-0.0203129541957572],[0.5180882864777122,-0.03284863473646105,-0.017801418554117345],[0.5155632056697774,-0.028244951179036623,-0.015294904336255726],[0.5130315171054463,-0.023638042249849434,-0.012792303305514714],[0.5104947617507691,-0.019028660123781266,-0.01029270288459272],[0.5079542272322791,-0.014417433315869874,-0.007795340526679098],[0.5054110122183186,-0.009804898107060851,-0.005299565588113629],[0.5028660813524568,-0.005191525358254906,-0.0028048067962034937],[0.5003203134856675,-0.0005777440533529003,-0.00031054368558864335]]","[[-0.009585414076755186,0.021534540779970038,0.014332887090078862],[-0.010230597897651699,0.021849467292521983,0.01395080202717843],[-0.010746684642095865,0.022101379062994232,0.013645169694459629],[-0.011159478647309892,0.022302871679910387,0.013400708475286524],[-0.011489619613554481,0.022464019774116262,0.01320519530870046],[-0.011753614589141865,0.022592880750322154,0.013048854536372131],[-0.011964663322851406,0.022695897657338353,0.012923869119685122],[-0.012133318251368586,0.022778221340515666,0.012823989787805083],[-0.012268012121119264,0.022843967984012965,0.012744222574138007],[-0.012375479625590971,0.02289642492000511,0.01268057911800055],[-0.012461094140007296,0.022938214995291712,0.012629877246585831],[-0.012529136390089056,0.022971427713637096,0.012589581866323118],[-0.012583008488340335,0.022997723710958536,0.012557678208199273],[-0.012625404039673696,0.0230184177871221,0.012532571089308105],[-0.012658442821655813,0.023034544645935972,0.012513005153705056],[-0.012683776773385788,0.02304691063034084,0.012498002104609973],[-0.01270267259245012,0.023056134039556954,0.012486811789568102],[-0.012716075069802026,0.023062676044045112,0.012478874692827348],[-0.012724654329309101,0.023066863744029723,0.012473793959550675],[-0.012728839333946699,0.023068906524510026,0.01247131555307425]]"
1782756186.1756606,TRACKING,MPC tracking AprilTag,Walk,True,fresh_solve,0,11,71.47941589355469,-0.08582928333158804,-0.05771039420539598,0.5419051879707844,0.5516868570359523,-0.15707951283390578,0.9993058414177272,-0.0010172027488963252,0.03723977184376879,-0.0004112771358048272,0.9992650032116192,0.038331243230559156,-0.037251391377046326,-0.0383199511358034,0.9985709364814418,0.5449154352620056,-0.09521167737600209,-0.050323482855716924,-0.5032353561306288,7.323334121377777,1.1321869208001816,0.5113407632977531,-0.3378372871360614,-0.08257865019755029,0.033574671964252456,0.24262560976005934,0.03225516734183336,0.011075333388170499,0.02153384125026068,0.013876193238917957,-0.009978111903807875,0.02206369442060056,0.013876193238917957,0.04862266006744972,0.0,-0.04092895575147991,0.04491543526200559,-0.09521167737600209,-0.050323482855716924,optimal,100.18097700049111,False,"[[0.5449154352620056,-0.09521167737600209,-0.050323482855716924],[0.542919812881244,-0.09079893849188198,-0.047548244207933334],[0.540861363546643,-0.08630154135639502,-0.044846071112156896],[0.5387526585220819,-0.08173642553373217,-0.04220234362776296],[0.5366037562869417,-0.07711714465372556,-0.03960536409469598],[0.5344227054600748,-0.07245454409334012,-0.037045772250466756],[0.5322159472307468,-0.06775730324552187,-0.03451607721702799],[0.5299886374181009,-0.06303236948884516,-0.03201028295687191],[0.5277449042621137,-0.05828530555644145,-0.029523588471154858],[0.5254880548355954,-0.05352056767265582,-0.02705214774975514],[0.5232207403978291,-0.04874172836426427,-0.024592877470766928],[0.5209450889575357,-0.043951655086812494,-0.022143302834404972],[0.5186628116733099,-0.03915265359739319,-0.01970143382301533],[0.5163752884115494,-0.034346583242500665,-0.017265665700192678],[0.5140836367397759,-0.029534949925355575,-0.014834698773960035],[0.5117887678050094,-0.02471898140106593,-0.012407473412169932],[0.5094914318911211,-0.019899688664382544,-0.009983117060897021],[0.5071922559330257,-0.015077916499436511,-0.007560900616741811],[0.5048917748634278,-0.010254385718945816,-0.0051402019716607],[0.5025904583594568,-0.005429729204851194,-0.0027204749075637902],[0.5002887343265231,-0.0006045235524131935,-0.0003012217854103932]]","[[-0.009978111903807875,0.022063694420600563,0.013876193238917957],[-0.010292246673004796,0.02248698567743473,0.013510865478882163],[-0.010543525122805788,0.022825579113314242,0.013218637421969692],[-0.010744511175700905,0.023096404400033084,0.012984897665334918],[-0.010905254134334902,0.02331300280192719,0.012797959221146104],[-0.011033791146639478,0.023486204239091268,0.01264847516719381],[-0.011136549063229861,0.023624668783383523,0.01252897130078042],[-0.011218665779935572,0.023735319662018566,0.012433472428585264],[-0.011284247132591897,0.02382368941892815,0.012357203606998586],[-0.01133657218883165,0.023894196541957756,0.01229635139494105],[-0.01137825720146682,0.023950366387258865,0.01224787318180978],[-0.011411386421129165,0.023995007447096522,0.012209345056948213],[-0.011437616308801805,0.02403035177446262,0.01217884061411327],[-0.011458258358868368,0.024058166585725464,0.012154834631163205],[-0.011474344673832184,0.024079842621448196,0.012136126808950513],[-0.011486679569441442,0.024096463683416947,0.01212178175636456],[-0.011495879790476607,0.02410886082473016,0.012111082220776047],[-0.011502405347989438,0.02411765390245349,0.012103493225405552],[-0.011506582519855575,0.02412328257047311,0.012098635320484549],[-0.011508620164668325,0.024126028262189996,0.012096265610766986]]"
1782756186.3574262,TRACKING,MPC tracking AprilTag,Walk,True,fresh_solve,0,11,71.41451263427734,-0.09350607621978473,-0.0649578433469651,0.5393307486288201,0.551217347440039,-0.17166781322669947,0.9998472679379921,0.0009938864301379637,0.017448581223043998,-0.0015037498441500359,0.9995715181693905,0.029232153546156745,-0.01741205138228677,-0.029253927160363503,0.9994203461068605,0.5418758042030559,-0.09826943142878126,-0.04577565818756155,-0.49951077392116244,7.327044632208562,1.1301973568414454,0.5062683937730359,-0.33921984659777127,-0.0805890862388141,0.035607410430020026,0.24095041516899002,0.034813428051252544,0.01111027896934562,0.022165191526955248,0.013251510369400275,-0.010084368777092944,0.022650375726925267,0.013251510369400275,0.048665643132295114,0.0,-0.04016684265066833,0.04187580420305592,-0.09826943142878126,-0.04577565818756155,optimal,82.19157799976529,False,"[[0.5418758042030559,-0.09826943142878128,-0.04577565818756155],[0.5398589304476373,-0.0937393562833962,-0.0431253561136815],[0.5378250568638187,-0.0891154191484312,-0.04057499582481716],[0.5357775850064367,-0.08441640119609223,-0.03810457962133153],[0.5337192365166502,-0.07965732955771655,-0.035698107007856486],[0.5316521892039976,-0.07485022868033965,-0.033342774668524484],[0.5295781859368743,-0.07000472154904691,-0.031028336301175106],[0.5274986217859517,-0.06512851083622792,-0.028746590302247074],[0.5254146137777117,-0.06022776403519598,-0.02649096968660017],[0.5233270567457698,-0.05530742183485373,-0.02425621373825824],[0.5212366680725572,-0.05037144515413828,-0.02203810497461038],[0.5191440235584407,-0.045423013187968105,-0.01983325827228038],[0.5170495862117424,-0.04046468236698893,-0.01763895161095793],[0.5149537293991552,-0.03549851417910604,-0.015452989972383096],[0.5128567555140775,-0.0305261782438795,-0.013273595589433324],[0.5107589110962835,-0.025549035793502248,-0.011099319057767315],[0.5086603991589109,-0.02056820773440965,-0.008928966865607957],[0.5065613893391192,-0.015584630692601303,-0.006761541718153468],[0.5044620263799465,-0.010599103844941036,-0.004596192672837315],[0.5023624373674621,-0.005612328878000069,-0.002432172592199877],[0.5002627380850695,-0.0006249450723855909,-0.000268800787015471]]","[[-0.010084368777092944,0.022650375726925267,0.013251510369400275],[-0.010169367919093576,0.023119685674825058,0.012751801444321665],[-0.010237359286909803,0.02349508976169492,0.012352081017428197],[-0.010291742448932436,0.02379535819187835,0.012032363067375195],[-0.010335236563262608,0.024035504386884513,0.011776661696660012],[-0.010370016335616827,0.024227535656463718,0.01157219183674689],[-0.010397820754612801,0.024381053564094927,0.011408729994640167],[-0.010420040041200333,0.024503734005159702,0.011278103078234512],[-0.010437785159708796,0.02460171100171128,0.01117377974170964],[-0.010451943366063617,0.024679883403577237,0.011090543818239307],[-0.010463222570582536,0.02474215983085088,0.01102423351165],[-0.010472186733491495,0.024791654104895883,0.01097153330661225],[-0.010479284062935947,0.0248308409394145,0.01092980819287417],[-0.010484869425388111,0.02486167967613266,0.010896971914748857],[-0.010489222088970598,0.02488571225188627,0.010871382658330046],[-0.01049255968686253,0.024904140295463013,0.010851760960796793],[-0.010495049098958506,0.024917885209041726,0.010837125737272439],[-0.010496814795863322,0.02492763423830134,0.010826745226580767],[-0.010497945062422222,0.02493387483470484,0.01082010040318719],[-0.010498496411963149,0.0249369190280724,0.010816859025922028]]"
1782756186.6121972,TRACKING,MPC tracking AprilTag,Walk,True,fresh_solve,0,11,71.29548645019531,-0.08981134421368844,-0.06185315772095084,0.5327699776092091,0.5438159060851747,-0.16700421014448663,0.9999081460728264,0.0026004169244717087,0.013301776160431494,-0.00307363223651234,0.9993585565436626,0.03567952140713017,-0.013200462191831566,-0.03571712887097882,0.9992747542608769,0.5394853488482553,-0.09980976024885951,-0.036474135589723754,-0.49905251848758897,7.332518190328919,1.131186456214176,0.5012933992340511,-0.33689191492428916,-0.08157818561154473,0.038191949614204135,0.23708215467542965,0.045104050021820975,0.010854755254215899,0.022805491642303968,0.012206043149619466,-0.01001590950295185,0.02318615357287195,0.012206043149619466,0.04835134896268556,0.0,-0.03889137264253575,0.039485348848255275,-0.09980976024885951,-0.03647413558972375,optimal,86.18002599996544,False,"[[0.5394853488482553,-0.09980976024885949,-0.036474135589723754],[0.5374821669476649,-0.09517252953428511,-0.03403292695979986],[0.5354899377118464,-0.09044958077474954,-0.03175898057639954],[0.533506469583982,-0.08565806559223292,-0.029618828354416375],[0.5315300090626515,-0.08081170728756627,-0.027585691916814814],[0.5295591530267616,-0.07592148700547319,-0.025638143675778387],[0.5275927785794909,-0.07099619279180587,-0.02375903545331887],[0.5256299869034492,-0.06604285899583784,-0.021934641072376894],[0.5236700583198074,-0.06106711798772759,-0.020153970047968966],[0.5217124163043566,-0.056073481777026486,-0.018408218062938287],[0.5197565986612974,-0.05106556761315636,-0.01669032675209693],[0.51780223441345,-0.0460462788478806,-0.014994630783966434],[0.515849025253395,-0.04101795010289229,-0.013316574594203873],[0.5138967306281031,-0.0359824640008989,-0.011652484607384727],[0.5119451557112827,-0.03094134529675765,-0.00999938555823164],[0.5099941416620658,-0.025895837115218357,-0.008354851728350562],[0.5080435576829649,-0.020846963107160953,-0.006716885660311042],[0.5060932944799981,-0.015795578632139443,-0.005083818284774709],[0.50414325879799,-0.01074241352635964,-0.00345422546702835],[0.5021933687578135,-0.005688108594489438,-0.0018268568002482504],[0.5002435497624329,-0.0006332476498922126,-0.00020057308515900938]]","[[-0.010015909502951848,0.02318615357287195,0.012206043149619466],[-0.00996114617909262,0.023614743797677803,0.011369731917001611],[-0.009917340639322297,0.023957575912583125,0.010700761109915817],[-0.009882302606652365,0.024231791523333178,0.010165682188007794],[-0.009854280179449325,0.024451101410465463,0.009737741205182143],[-0.009831872236353028,0.024626471068336594,0.009395541112297581],[-0.009813958380208657,0.02476666897984013,0.009121971904709878],[-0.009799642918208994,0.024878705040551254,0.008903355122039653],[-0.009788210077254058,0.02496818105350551,0.008728759925153389],[-0.009779088215296097,0.02503957081935062,0.008589456554206778],[-0.009771821239237217,0.02509644382637883,0.008478479840652486],[-0.009766045800274473,0.02514164372494156,0.008390280948812799],[-0.009761473126459728,0.025177430509966944,0.008320449934095734],[-0.009757874584102244,0.02520559352070625,0.008265495245765435],[-0.009755070246084145,0.025227540907696442,0.008222669149405391],[-0.00975291989550453,0.025244370040287033,0.008189830340197598],[-0.009751316014834418,0.025256922375107547,0.008165336877681664],[-0.009750178410040302,0.025265825528899014,0.008147964088731795],[-0.009749450200882475,0.025271524659351008,0.008136843333900497],[-0.009749094976903048,0.025274304722986127,0.008131418575446206]]"
1782756186.8860495,TRACKING,MPC tracking AprilTag,Walk,True,fresh_solve,0,11,70.33296203613281,-0.09615173783699278,-0.06864677089403311,0.5237801870858785,0.536938749045894,-0.18155133766066528,0.9997633710959152,-0.0035450165768281692,0.021462401366146154,0.002990370529022535,0.9996621394992273,0.025819847713078613,-0.021546681856626844,-0.025749557458283254,0.9994361914557988,0.5358091931980808,-0.09870237093332011,-0.02835878737549634,-0.4945983821311262,7.338124013461662,1.1228915991590427,0.49421410845385383,-0.33796346787536924,-0.0732833285564114,0.04159508474422702,0.2392610969420491,0.04492454118091506,0.010399605260939032,0.023234041107453602,0.010918332452871573,-0.00973662283186124,0.023519579749567657,0.010918332452871573,0.04779151447095501,0.0,-0.03732036559250332,0.035809193198080846,-0.09870237093332011,-0.02835878737549634,optimal,110.76772400065238,False,"[[0.5358091931980808,-0.09870237093332011,-0.02835878737549634],[0.5338618686317086,-0.09399845498340659,-0.026175120884922024],[0.5319592265911457,-0.08924119483454669,-0.024197472698829454],[0.530092326394274,-0.0844412643131859,-0.02238461989757488],[0.5282540144511595,-0.0796072037271446,-0.020703579330756457],[0.5264385665845566,-0.07474584688100921,-0.019127958459694144],[0.5246414018210448,-0.06986266276636141,-0.017636635730495707],[0.5228588533423585,-0.06496202901135725,-0.016212704496362106],[0.5210879851444732,-0.060047450762134996,-0.014842627685247542],[0.5193264452374046,-0.05512173594012197,-0.013515560946257167],[0.517572348045709,-0.050187135638106,-0.012222810432102346],[0.5158241801297115,-0.04524545667487472,-0.010957398106736215],[0.5140807245135222,-0.040298151936155026,-0.009713712843551355],[0.5123409998362413,-0.03534639301889939,-0.0084872298690494],[0.5106042112839148,-0.03039112881113349,-0.007274284524166136],[0.508869710848836,-0.025433132936357475,-0.00607188903131828],[0.5071369649291612,-0.020473042434721006,-0.00487758310552432],[0.5054055276488161,-0.015511389615030714,-0.003689310940155441],[0.5036750185636936,-0.010548628670190536,-0.0025053184166040792],[0.5019451036394472,-0.005585158386846918,-0.0013240653983535484],[0.5002154785497747,-0.0006213420847211363,-0.00014414872415220348]]","[[-0.009736622831861243,0.023519579749567657,0.010918332452871573],[-0.009513210202814402,0.02378630074429948,0.009888240930462852],[-0.009334500984358984,0.023999652606804,0.009064264006272867],[-0.009191559715572218,0.024170302930206448,0.008405202834092115],[-0.009077239333014764,0.024306784230676948,0.007878104355311564],[-0.008985823817558754,0.024415920573239023,0.007456613645992184],[-0.008912742393431382,0.024503168775020772,0.007119656170668006],[-0.008854340989426283,0.024572891246111287,0.0068503840555728225],[-0.008807699535343202,0.024628574110065096,0.006635333694951872],[-0.008770485958477982,0.024673001510079888,0.006463752570774109],[-0.008740839579987367,0.0247083948161564,0.006327061626830644],[-0.008717278080946822,0.02473652369359846,0.006218426315924304],[-0.008698623386404323,0.02475879458627817,0.006132414872509773],[-0.00868394276163274,0.024776321038829513,0.006064726724416322],[-0.008672502175393499,0.024789979373880063,0.0060119774642392815],[-0.008663729598374635,0.02480045250818234,0.005971529628969797],[-0.008657186401725206,0.024808264098451466,0.005941360826844396],[-0.00865254542561274,0.02481380472420089,0.005919962617756808],[-0.008649574621231615,0.024817351416718085,0.005906265091252653],[-0.008648125448362774,0.02481908151062891,0.0058995833710067235]]"
1782756187.115677,TRACKING,MPC tracking AprilTag,Walk,True,fresh_solve,0,11,70.696533203125,-0.10566583158063392,-0.05810460016633082,0.5210039943234888,0.5347771261237207,-0.20009788180112043,0.9999685739691786,-0.00039401254054488225,0.007918069724701618,9.166284500881932e-05,0.9992720610409428,0.038148913757918984,-0.00792733700369726,-0.038146989096181486,0.999240694002664,0.5301074482256753,-0.10183625116427338,-0.026346517209776835,-0.48942923334257793,7.338044157698202,1.1149258879337227,0.4917095865936485,-0.3424860607591983,-0.06531761733109144,0.03839786163202685,0.24064980959492493,0.038971100121314606,0.009801651466900527,0.023714115066951157,0.00982719966092995,-0.009173537747512006,0.023964094601761313,0.00982719966092995,0.04705603130428765,0.0,-0.03598918358633454,0.03010744822567535,-0.10183625116427338,-0.026346517209776835,optimal,90.2966590001597,False,"[[0.5301074482256753,-0.10183625116427335,-0.026346517209776835],[0.5282727406761729,-0.09704343224392109,-0.024381077277590844],[0.5265281200030548,-0.09217949626567903,-0.022590205537101917],[0.5248555604096544,-0.08725867328920173,-0.020938972031203647],[0.5232406391532914,-0.08229234902423184,-0.019399428714519152],[0.5216718154081372,-0.07728963411608746,-0.017949212051132254],[0.5201398532239234,-0.07225781967792795,-0.016570424837791642],[0.518637359728429,-0.0672027418464119,-0.015248741343748321],[0.5171584154838686,-0.062129073588530113,-0.013972691024218168],[0.5156982785150038,-0.05704055834995506,-0.012733084993142709],[0.5142531472103811,-0.05194019722732457,-0.011522556578886213],[0.5128199702417584,-0.046830399023073704,-0.010335192990653892],[0.5113962939976944,-0.04171310068555648,-0.009166239678952167],[0.5099801399029753,-0.03658986415646364,-0.008011862608113991],[0.5085699054898548,-0.0314619544679071,-0.006868956554515493],[0.5071642842746662,-0.026330402994025632,-0.0057349898453947865],[0.5057622004336397,-0.021196059019691717,-0.004607877775213874],[0.5043627550117135,-0.016059632204755255,-0.003485878370381748],[0.5029651809747807,-0.010921728067035997,-0.00236750529057484],[0.5015688048579842,-0.005782878258214558,-0.0012514535117208428],[0.5001730130924738,-0.0006435671464164464,-0.0001365340747950953]]","[[-0.009173537747512003,0.02396409460176131,0.00982719966092995],[-0.008723103365590805,0.024319679891210134,0.008954358702444635],[-0.008362797967001592,0.024604114882386573,0.008256167529491359],[-0.0080746062818149,0.024831621324849448,0.007697716583422462],[-0.007844118725771393,0.0250135745407219,0.007251083316934496],[-0.0076598109210689,0.025159072190797556,0.006893936066703066],[-0.007512467477472293,0.025275389157580194,0.006608417470216598],[-0.007394721222801742,0.025368341289408947,0.006380251597650769],[-0.00730068484432372,0.025442576192875255,0.006198030155377288],[-0.007225656523114326,0.025501805613152437,0.00605264207128248],[-0.007165884843113091,0.025548991021254342,0.0059368179411616075],[-0.0071183812203199515,0.025586491687586074,0.005844766558508623],[-0.0070807704735952525,0.025616182645464215,0.00577188535419088],[-0.007051172065602757,0.025639548442782673,0.00571453026799249],[-0.007028106075942842,0.025657757369407373,0.005669833545603533],[-0.007010419205132511,0.025671719871669548,0.005635560350904564],[-0.006997227109631248,0.025682134074682304,0.005609997024160631],[-0.006987870184663988,0.025689520688596285,0.0055918653990345395],[-0.00698188058398237,0.025694249044107186,0.005580258894269985],[-0.006978958827552313,0.02569655555899055,0.005574597184628738]]"
1782756187.3574913,TRACKING,MPC tracking AprilTag,Walk,True,fresh_solve,0,11,70.60442352294922,-0.11256321550992791,-0.06515500132487158,0.5158977130335833,0.532039568074462,-0.21482227326054157,0.9999961997248462,0.0010837304504219586,-0.002534968279160046,-0.0010046402688873224,0.9995190175187095,0.030995553170797156,0.0025673398286260108,-0.030992888647952965,0.9995163078306726,0.5257141249688458,-0.10449409587506406,-0.019561178139662645,-0.4859742726159333,7.3435609882300135,1.1147280115757183,0.48520497305271215,-0.34273541075910496,-0.06511974097308704,0.04050915191613369,0.2382413148840409,0.045558562833424396,0.008955452949109639,0.024291943872333344,0.008587675243386654,-0.008478590909572734,0.02446246452850613,0.008587675243386654,0.04601520712740486,0.0,-0.034476963796931714,0.025714124968845842,-0.10449409587506406,-0.019561178139662645,optimal,81.90076200025942,False,"[[0.5257141249688458,-0.10449409587506403,-0.019561178139662645],[0.5240184067869313,-0.0996016029693628,-0.017843643090985312],[0.5224338717842967,-0.09462937683820033,-0.01632441711864859],[0.520938272931598,-0.08959337158019126,-0.014963819869301441],[0.5195138100069883,-0.08450635233760793,-0.013730102425742333],[0.5181462395850247,-0.07937853355349395,-0.012597859861059116],[0.5168241628653969,-0.0742180896938164,-0.011546760992283443],[0.5155384557329112,-0.06903156397076417,-0.010560531821242343],[0.5142818125517313,-0.06382419550335743,-0.009626141834649573],[0.513048380883586,-0.05860018127339861,-0.008733152478441307],[0.5118334688658556,-0.05336288597456257,-0.007873195230072945],[0.5106333106184415,-0.04811501024708028,-0.00703955317239188],[0.5094448779497609,-0.042858725709750405,-0.006226825147779871],[0.5082657289471675,-0.037595783540879224,-0.005430655700272131],[0.5070938858813193,-0.03232760203719596,-0.004647517302759085],[0.5059277363197119,-0.027055337528689227,-0.0038745339806308915],[0.5047659525050526,-0.021779942195106455,-0.0031093375130469545],[0.5036074249673963,-0.016502211674941304,-0.00234994902189389],[0.5024512070506479,-0.011222824847358287,-0.001594680027879856],[0.5012964675797579,-0.005942377776151028,-0.0008420480265699638],[0.5001424493019695,-0.0006614135129319461,-9.070236316453082e-05]]","[[-0.008478590909572734,0.02446246452850613,0.008587675243386654],[-0.00792267501317311,0.02486113065581236,0.007596129861683631],[-0.00747799426349315,0.02518002629004532,0.006802986246735727],[-0.007122314623048857,0.02543509621291665,0.006168587217795548],[-0.006837852109818015,0.025639093920569924,0.005661212823416084],[-0.0066103835981390835,0.025802219298387802,0.005255494343878363],[-0.006428535662428115,0.025932628615261175,0.004931145855205499],[-0.006283215905899562,0.026036842337033714,0.004671949932963848],[-0.006167158340726995,0.026120071149794047,0.004464946781041328],[-0.006074560088651789,0.026186476494180193,0.004299786241841812],[-0.00600079123707018,0.026239378637411454,0.004168210288405325],[-0.005942163343403089,0.026281422686649396,0.0040636401230600425],[-0.005895745012967162,0.026314710844355917,0.003980847237538701],[-0.005859215329240603,0.026340907518416338,0.0039156919875652325],[-0.005830747808037082,0.026361322542533688,0.0038649166106409644],[-0.005808919073296425,0.026376976667913825,0.003825982337919683],[-0.005792637688281598,0.026388652600825766,0.0037969424557653237],[-0.005781089583741861,0.0263969341379151,0.003776344970070169],[-0.005773697354450226,0.026402235356036297,0.0037631600065494613],[-0.005770091388942111,0.02640482131609542,0.003756728317027165]]"
1782756187.558098,TRACKING,MPC tracking AprilTag,Walk,True,fresh_solve,0,11,70.64628601074219,-0.10801490485726224,-0.0635531809468936,0.5112292758416644,0.5263664113119155,-0.2082222772672555,0.9999614691795583,0.003198710110063673,-0.00817486451820369,-0.0029144633017477483,0.999398745056703,0.03454930220351736,0.008280462542755376,-0.03452414564792271,0.9993695599263362,0.5215840834075984,-0.10616157499184055,-0.011483820404338091,-0.4858185807040689,7.347353178483243,1.1166670627693054,0.48183875786636765,-0.34098225868146415,-0.0670587921666741,0.03974532554123078,0.2348206836896236,0.05557497176233601,0.007986900174990758,0.024849771406067967,0.007156687265500891,-0.007701009492437491,0.024939850964600573,0.007156687265500891,0.04482388721523864,0.0,-0.032731158463911086,0.02158408340759843,-0.10616157499184055,-0.01148382040433809,optimal,82.55794999968202,False,"[[0.5215840834075984,-0.10616157499184055,-0.011483820404338091],[0.520043881509111,-0.10117360479892043,-0.010052482951237913],[0.5186280833338816,-0.09610925848798317,-0.008850086453340114],[0.5173117965079042,-0.09098381842232964,-0.007830821318030042],[0.5160751042246354,-0.08580951227752492,-0.006958034520822429],[0.5149020694046672,-0.08059612442517652,-0.0062023969541371285],[0.5137799378417567,-0.07535148515151478,-0.005540436971920114],[0.5126985004925136,-0.07008186217170434,-0.00495336680734077],[0.5116495830242314,-0.06479227401560242,-0.004426143184450365],[0.5106266370982511,-0.05948674095425169,-0.003946715154384616],[0.5096244129530293,-0.054168486013432354,-0.0035054215479204706],[0.5086386969160603,-0.048840096124951195,-0.003094507917014958],[0.5076661007202512,-0.043503651473231916,-0.0027077388124030393],[0.5067038920905669,-0.03816082950453627,-0.0023400860111343533],[0.5057498581302784,-0.032812988799277236,-0.0019874771054257034],[0.504802194676127,-0.02746123700103961,-0.0016465918822718918],[0.5038594160901603,-0.022106486198759264,-0.001314696312795465],[0.5029202809778355,-0.016749498531169926,-0.0009895058508028376],[0.5019837301182918,-0.011390924293739868,-0.000669071205474614],[0.5010488335033074,-0.006031334453445343,-0.00035168087682461947],[0.5001147438368886,-0.0006712491971193689,-3.5775580700590284e-05]]","[[-0.007701009492437491,0.024939850964600576,0.007156687265500891],[-0.007078990876147011,0.02532173155468631,0.006011982489488992],[-0.006581434129886772,0.025627200328267628,0.005096325676550361],[-0.006183461416343759,0.025871530724023584,0.004363933986038068],[-0.005865174099840825,0.026066939261741986,0.003778187833426499],[-0.00561065781455282,0.026223196368308752,0.0033097999110850733],[-0.005407186746215345,0.026348114899052217,0.00293535082289672],[-0.005244587341411527,0.026447940780509552,0.002636118114452023],[-0.005114729629901174,0.026527665306753635,0.0023971401503287463],[-0.005011120726108769,0.026591274704096658,0.0022064680323207264],[-0.004928580184844692,0.02664194944240578,0.002054568154527562],[-0.004862980979045737,0.026682223258596455,0.0019338455230595952],[-0.00481104314842196,0.026714109843478218,0.0018382640063434278],[-0.004770169801442168,0.026739203526295153,0.0017630445285432511],[-0.004738317270757375,0.026758758991188108,0.0017044261157690564],[-0.00471389292983334,0.02677375401140173,0.001659477847382134],[-0.00469567556162386,0.026784938337946707,0.0016259523099631376],[-0.004682754297718462,0.026792871187150277,0.0016021732266411175],[-0.004674483074921876,0.026797949201472625,0.0015869516432499727],[-0.004670448332094274,0.026800426281629867,0.001579526480620146]]"
1782756187.8321767,TRACKING,MPC tracking AprilTag,Walk,True,fresh_solve,0,11,70.67774200439453,-0.11354963504714857,-0.06940563673120288,0.503550982055992,0.5208399500412371,-0.22178819821934523,0.999994808324996,-0.0022950649796401224,0.002261857598014117,0.0022151370087666222,0.9993943511459067,0.03472785719972665,-0.0023401903954287924,-0.03472266657950457,0.9993942464986086,0.5175159250919503,-0.105221657087935,-0.004668994877185421,-0.48136276209953605,7.351969861627677,1.1080601267902053,0.47561643961363,-0.34254777401330805,-0.05845185618757398,0.04189948547832034,0.23732611692537303,0.05378286131038856,0.006983019951424538,0.025207510512413416,0.005660286332420664,-0.00686525052850664,0.02523983932310714,0.005660286332420664,0.04358911454025219,0.06600523793026851,-0.03090554932555321,0.017515925091950324,-0.105221657087935,-0.004668994877185421,optimal,106.86922300010337,False,"[[0.5175159250919503,-0.10522165708793499,-0.004668994877185421],[0.516142874986249,-0.10017368922331356,-0.0035369376107012877],[0.5149035363152196,-0.09507772681058449,-0.002644286589608036],[0.5137711542924812,-0.0899433732459361,-0.001943138184950045],[0.5127243219640678,-0.08477831236796067,-0.0013951638985934573],[0.5117459098607294,-0.07958869264958422,-0.0009696939383194859],[0.51082220952447,-0.07437943462171266,-0.0006421837282134746],[0.5099422480856471,-0.06915447689977716,-0.000392986679869165],[0.5090972396194906,-0.0639169731145057,-0.00020637186296838388],[0.5082801458498633,-0.05866944959345944,-6.973745876513451e-05],[0.5074853242354544,-0.053413931677410834,2.7019330851703327e-05],[0.5067082458427146,-0.04815204498738219,9.200742326392925e-05],[0.5059452688991773,-0.04288509670569682,0.0001317473009931123],[0.5051934567048365,-0.03761414093509521,0.0001514970358266694],[0.504450430797146,-0.03234003140387203,0.0001555151924072361],[0.503714252027892,-0.027063464152290873,0.00014727375646479845],[0.5029833236057824,-0.02178501233459742,0.00012963173410319236],[0.5022563112568825,-0.016505154876731747,0.0001049781021052952],[0.5015320765109184,-0.011224300422625325,7.53512567721699e-05],[0.5008096197777621,-0.00594280776639758,4.2540933738117895e-05],[0.5000880303679269,-0.0006610037920618713,8.177694752394337e-06]]","[[-0.00686525052850664,0.02523983932310714,0.005660286332420664],[-0.006196693355147372,0.02547981206364532,0.004463255105466259],[-0.005661910113691722,0.025671767823242025,0.0035057420232899555],[-0.005234161642066908,0.025825304389877086,0.0027398714317829385],[-0.00489206051669169,0.02594809859188226,0.002127349801369857],[-0.004618501681297306,0.02604629013935781,0.0016375510505300566],[-0.004399807194114037,0.026124788609677502,0.001245985241721548],[-0.004225042330782721,0.026187518926357328,0.0009330740845039054],[-0.00408546884813679,0.02623761760523128,0.0006831720210162467],[-0.003974108072043949,0.026277589580243052,0.0004837839480841891],[-0.003885391963699556,0.026309433450143232,0.0003249404620611296],[-0.003814884717686391,0.026334741408426832,0.0001986993886459153],[-0.003759060971703795,0.026354778853008038,9.874867416778541e-05],[-0.0037151295384526386,0.0263705476561159,2.0090782902833453e-05],[-0.0036808938462703647,0.02638283625790581,-4.120717971218816e-05],[-0.0036546421105478587,0.02639225908846727,-8.821011180803051e-05],[-0.003635061744498996,0.026399287289328353,-0.00012326815998948572],[-0.003621173729821333,0.02640427227053211,-0.00014813422666562652],[-0.0036122836657809863,0.02640746328113873,-0.00016405161517026],[-0.003607947049175939,0.026409019871678548,-0.00017181619492861777]]"
1782756188.0091832,TRACKING,MPC tracking AprilTag,Walk,True,fresh_solve,0,11,70.83660888671875,-0.12074588575578449,-0.059018205630076565,0.5014225351455777,0.5191216391892762,-0.23630756756506247,0.9998922733798064,0.0007106030661500132,-0.01466071889932302,-0.00019308198193162754,0.9993777624308677,0.03527110259150424,0.014676660202881388,-0.03526447223416993,0.9992702400468727,0.5120883899785956,-0.10799137139211734,-0.003837464789061996,-0.47820718749389385,7.351717413800851,1.1034460223793776,0.4742641748078871,-0.3454100739438175,-0.05383775177674632,0.03782421517070855,0.23741870255170017,0.05000028698768433,0.005999890425907498,0.02561384745312729,0.0044857417517018845,-0.0059015542518906765,0.025636683168595794,0.0044857417517018845,0.04237986522386623,0.06650503236734656,-0.029472604937076298,0.012088389978595626,-0.10799137139211734,-0.0038374647890619964,optimal,83.58117499938089,False,"[[0.5120883899785956,-0.10799137139211731,-0.003837464789061996],[0.5109080791282175,-0.10286403475839816,-0.002940316438721619],[0.5098819481518166,-0.0976732078574955,-0.0022310811682904313],[0.508979146661746,-0.09243159467796436,-0.001672158795529325],[0.5081749907446751,-0.08714935989442839,-0.0012334647830826966],[0.5074497287659234,-0.08183463710131093,-0.0008909260116106669],[0.5067875537877262,-0.07649393549255634,-0.0006252771238220861],[0.5061758132223467,-0.07113246532132703,-0.0004210972566099769],[0.505604376202689,-0.06575439841266172,-0.0002660389978961859],[0.5050651270389431,-0.06036307675472733,-0.0001502110160274753],[0.5045515594340948,-0.05496117959822732,-6.568349319286147e-05],[0.5040584511690747,-0.04955085741893686,-6.091634533065586e-06],[0.5035816029918045,-0.04413383944149162,3.3682571602450296e-05],[0.5031176286545941,-0.03871152010061951,5.776625423801008e-05],[0.5026637856017557,-0.03328502876287709,6.950201622293992e-05],[0.5022178378418205,-0.02785528619497744,7.161506437403441e-05],[0.5017779441479647,-0.022423050602125745,6.634946981639642e-05],[0.5013425659966686,-0.016988955538279598,5.5580371539692214e-05],[0.5009103906415403,-0.011553541583846867,4.090773334763469e-05],[0.5004802654759963,-0.006117283374706106,2.3736342048169114e-05],[0.5000511404029325,-0.0006806133340004469,5.346046793870338e-06]]","[[-0.005901554251890676,0.025636683168595797,0.0044857417517018845],[-0.005130654882004255,0.02595413450451335,0.003546176352155939],[-0.004514007450353056,0.026208065897655678,0.0027946118638055317],[-0.0040207795853545196,0.0264111739176799,0.0021934700622331413],[-0.003626309893758718,0.026573613965587217,0.0017126938573601485],[-0.003310874890985862,0.026703508043773007,0.0013282444389429043],[-0.0030587028268973084,0.02680735085614655,0.0010208993360605457],[-0.0028571850982886298,0.026890334543326528,0.0007752912935689551],[-0.002696245818729392,0.026956608289671936,0.0005791399093435529],[-0.0025678380242416332,0.02700948578250005,0.00042263761417306913],[-0.0024655413251009656,0.027051610896452274,0.00029795929329897943],[-0.0023842408863503552,0.027085089887226212,0.00019887103067757936],[-0.0023198716860522725,0.027111596704360568,0.00012041841317779894],[-0.0022692152641918127,0.027132456688712062,5.867880992464914e-05],[-0.0022297387996759533,0.027148712839498264,1.056524075547248e-05],[-0.0021994684692789005,0.027161177964258487,-2.6327972788189883e-05],[-0.0021768907564808024,0.027170475319230735,-5.384549138352107e-05],[-0.002160876775641754,0.027177069772163633,-7.336319096028762e-05],[-0.002150625827719802,0.027181291045703816,-8.585695649732789e-05],[-0.0021456253653188502,0.027183350203528293,-9.195147627149387e-05]]"
1782756188.263343,TRACKING,MPC tracking AprilTag,Walk,True,fresh_solve,0,11,70.98561096191406,-0.12448703674529145,-0.06531931729822224,0.49769380211426106,0.5171680154387727,-0.2450989058373157,0.9997282875161813,0.0013551504382645016,-0.023270468565400874,-0.0005787346478057949,0.9994439258354414,0.03333922879804085,0.02330270812955155,-0.03331670268694605,0.9991731487164267,0.5077566343151478,-0.1105435446484835,0.0020225112999841376,-0.4765928563566063,7.357239088079527,1.102935405048977,0.4686718299931849,-0.34406076621980797,-0.053327134446345736,0.03908480432196293,0.23351722157132448,0.055349645746329876,0.0048569980538231685,0.026102603212325517,0.0032409896640962768,-0.004909780893889086,0.02609272649856565,0.0032409896640962768,0.0409741076062025,0.06710620195116039,-0.027954007390197457,0.007756634315147837,-0.1105435446484835,0.0020225112999841376,optimal,87.83106100054283,False,"[[0.5077566343151478,-0.1105435446484835,0.0020225112999841376],[0.50677467813637,-0.10532499934877036,0.002670709232803393],[0.505951393828659,-0.10003349257265741,0.003119761724619276],[0.5052550321850344,-0.0946836234359187,0.0034095164798993677],[0.5046601901317205,-0.08928707293629716,0.0035718563162844587],[0.5041465405744567,-0.08385318800339146,0.00363229330547059],[0.5036978160437854,-0.0783894488451361,0.0036112443767938552],[0.5033009953215781,-0.07290184295819811,0.0035250521636972037],[0.50294565238013,-0.06739516450281036,0.0033868021354025893],[0.5026234350807738,-0.06187325401078324,0.0032069768703720685],[0.5023276475669471,-0.0563391904120952,0.0029939801852309007],[0.502052915471364,-0.05079544498139161,0.0027545573255988148],[0.5017949171976505,-0.045244004901717066,0.0024941322283709927],[0.5015501678405263,-0.03968647262366763,0.00221707871856283],[0.5013158449405405,-0.03412414598792062,0.0019269392005607049],[0.5010896473610991,-0.02855808311726847,0.0016266017783412975],[0.5008696802316354,-0.022989155322758352,0.0013184446606704244],[0.5006543602040815,-0.017418090669244542,0.001004455071541328],[0.5004423362854651,-0.011845510378631135,0.0006863286113743403],[0.5002324222882607,-0.006271959890967244,0.0003655540370378982],[0.5000235375210133,-0.0006979361364494592,4.348769969196626e-05]]","[[-0.004909780893889087,0.026092726498565654,0.0032409896640962768],[-0.004116421538555347,0.02645753388056488,0.0022452624590794156],[-0.003481808218122773,0.026749345683693432,0.0014487737764004574],[-0.0029742102665697347,0.026982752498107734,0.0008116991819254548],[-0.00256824778631858,0.027169424664528503,0.00030218494593065736],[-0.002243622653356752,0.027318695791276784,-0.0001052446433836745],[-0.0019841036110361584,0.027438029434689985,-0.00043096106548325765],[-0.0017767147072407698,0.02753339227693876,-0.0006912501414730711],[-0.0016110864967808169,0.02760955246013556,-0.0008991263251526056],[-0.001478937569133302,0.02767031799344022,-0.0010649834257058378],[-0.0013736604779158493,0.02771872715351797,-0.0011971142981604295],[-0.0012899913685675863,0.027757200398372702,-0.0013021254861391102],[-0.0012237467856210996,0.02778766139024715,-0.0013852675490408138],[-0.0011716144999290652,0.02781163317873504,-0.0014506975900106256],[-0.0011309878972068812,0.02783031435326076,-0.0015016871110970361],[-0.0010998356473184384,0.0278446389725506,-0.001540785588354366],[-0.0010766001377693147,0.027855323267569048,-0.0015699479456454815],[-0.0010601195930820537,0.027862901453067034,-0.0015906323008349388],[-0.0010495699860222927,0.027867752438319453,-0.0016038728716822102],[-0.0010444238362370434,0.027870118772588923,-0.00161033168672966]]"
1782756188.53067,TRACKING,MPC tracking AprilTag,Walk,True,fresh_solve,0,11,70.70533752441406,-0.11417520361559752,-0.06536165660685841,0.4948801756119253,0.5120688542459364,-0.22674529410582286,0.9994685823881748,0.0021129647197883376,-0.03252826769234913,-0.0010510138144418269,0.9994669614482106,0.03262956241574608,0.03257987398585278,-0.03257803483290768,0.9989380478575696,0.5039581416160277,-0.1113395326574548,0.009144791223166436,-0.4812553896997103,7.3635036294637635,1.106539929621962,0.4655605684872137,-0.3368981027646517,-0.05693165901933073,0.03839757312881398,0.2255585701071969,0.06607645024249717,0.0036876429327163365,0.026519149711168356,0.00186529046581819,-0.003929997447589612,0.026484318602986796,0.00186529046581819,0.039535800807241096,0.06761855414473708,-0.026275654368298193,0.003958141616027699,-0.1113395326574548,0.009144791223166436,optimal,105.31340200031991,False,"[[0.5039581416160277,-0.1113395326574548,0.009144791223166436],[0.5031721421265097,-0.10604266893685743,0.009517849316330073],[0.5025428962656413,-0.10068315516481217,0.009670811997518087],[0.5020390386542442,-0.09527352720818291,0.009647718923811686],[0.501635473325614,-0.08982381522460438,0.009483806964547363],[0.5013121189271847,-0.08434204517036382,0.009207272044783712],[0.5010529046529003,-0.07883464009821542,0.00884067894155436],[0.5008449667029119,-0.07330674131001794,0.00840208952271965],[0.5006780050935855,-0.06776246542182766,0.00790596584035966],[0.5005437686583202,-0.0622051101947013,0.007363893233378198],[0.5004356424892181,-0.056637319422748675,0.006785159594448001],[0.5003483171916897,-0.05106121512283837,0.006177219764644372],[0.5002775234147239,-0.04547850363544104,0.005546068275498941],[0.5002198183833376,-0.039890560941653025,0.004896539075576244],[0.5001724137598272,-0.03429850146225109,0.004232547227901959],[0.5001330362268824,-0.028703233778731324,0.0035572846631141816],[0.5000998138217216,-0.023105506062383926,0.0028733797759953337],[0.500071182337952,-0.017505943482857715,0.0021830288452112834],[0.5000458071152506,-0.011905079466642564,0.0014881058472446392],[0.5000225163063476,-0.006303382368393894,0.0007902561552188793],[0.5000002422846636,-0.0007012788886654623,9.09788075545266e-05]]","[[-0.003929997447589612,0.0264843186029868,0.00186529046581819],[-0.0031462293043425407,0.026797568860226363,0.0007648134059400661],[-0.002519288056985518,0.02704813978314632,-0.00011546536853200151],[-0.0020178266431506928,0.02724855991789267,-0.000819559796321616],[-0.0016167719921463247,0.02740885027120273,-0.001382674598818258],[-0.0012960713714221942,0.027537025360742,-0.0018329655161467596],[-0.0010396897499420953,0.02763949394098745,-0.002192947094173546],[-0.000834808046632023,0.027721379440951342,-0.0024806184117999565],[-0.0006711821763264737,0.027786776135631883,-0.0027103630349073118],[-0.0005406308455101701,0.02783895385976309,-0.0028936681946509796],[-0.0004366264876422968,0.027880521499551527,-0.003039699149018143],[-0.0003539688848294601,0.027913557436986616,-0.0031557574457271604],[-0.0002885251569310183,0.027939713468940114,-0.0032476459996134827],[-0.00023702311755204923,0.02796029739700969,-0.0033199592383714254],[-0.00019688766472360445,0.027976338417598827,-0.003376312823938887],[-0.00016611202580426177,0.02798863858173698,-0.0034195244355942392],[-0.000143157418848054,0.02799781289763106,-0.0034517546539202504],[-0.00012687611350717078,0.02800432008107577,-0.0034746149898332206],[-0.00011645404451456793,0.028008485491243344,-0.0034892484601287987],[-0.00011137010842061533,0.02801051739864216,-0.0034963867383217637]]"
1782756188.7575922,TRACKING,MPC tracking AprilTag,Walk,True,fresh_solve,0,11,70.31340789794922,-0.11431884310847851,-0.06835912709228525,0.48834170897314855,0.5061811858112621,-0.22995510344396652,0.9999735103245632,-0.004252750495555669,-0.005907009598201535,0.0044512939762260725,0.9994113992416607,0.034015306080692885,0.005758874118081375,-0.034040698862516906,0.9994038554007302,0.5006104447651791,-0.10884349925503371,0.014433078147643094,-0.4808468748467482,7.36753217157848,1.0994332815287078,0.4618634990165371,-0.33524652373713804,-0.049825010926076496,0.038746945748642014,0.2264030244821043,0.06425808907371959,0.0026026038814617822,0.026663786540344073,0.0005050224635416165,-0.00298715996081369,0.02662344709088861,0.0005050224635416165,0.038201202774197994,0.0677964574446232,-0.02461612740552077,0.00061044476517913,-0.10884349925503371,0.014433078147643092,optimal,82.14837299965438,False,"[[0.5006104447651791,-0.10884349925503368,0.014433078147643094],[0.5000130127730164,-0.10351880983685596,0.014534082640351418],[0.4995664234980245,-0.09817186152523653,0.014417460527815618],[0.49924049429587763,-0.09280710817964202,0.014126757474984679],[0.49901107552589224,-0.08742811340784022,0.013696815099792828],[0.49885884306899286,-0.0820377287462886,0.01315551305405625],[0.49876833212175825,-0.07663823623695713,0.012525163006063888],[0.4987271639562506,-0.0712314625294268,0.011823624223991901],[0.49872542698361816,-0.06581887021336867,0.011065196539312464],[0.49875518117465323,-0.060401630948027356,0.01026133533836738],[0.4988100610583313,-0.05498068404518335,0.009421224331685168],[0.49888495744826006,-0.04955678343474202,0.008552234739507496],[0.4989757619833597,-0.04413053536122886,0.007660293852801251],[0.49907916170980904,-0.03870242869601575,0.006750181397806899],[0.4991924734333544,-0.033272859380889586,0.005825768522350495],[0.4993135095595967,-0.027842150225141638,0.004890211353234995],[0.4994404687142719,-0.022410567046032052,0.003946108802580398],[0.4995718456745376,-0.0169783319596529,0.0029956325134297503],[0.4997063561078308,-0.011545634486732787,0.002040635441901293],[0.49984287235524,-0.006112641028673255,0.001082744504994379],[0.49998036704855947,-0.0006795031876188882,0.0001234419264394372]]","[[-0.00298715996081369,0.02662344709088861,0.0005050224635416165],[-0.0022329463749595027,0.026734741558097082,-0.000583110562679002],[-0.0016296460107343407,0.02682376672797263,-0.001453515264154696],[-0.0011470938499269462,0.026894973859009033,-0.0021497118759592508],[-0.0007611622844969491,0.026951923307758113,-0.002706510228682893],[-0.0004525547361728499,0.02699746254665732,-0.0031517502399618057],[-0.00020584082753844364,0.027033868537651617,-0.0035076939103599347],[-8.684863162009802e-06,0.02706296158029072,-0.003792138423397186],[0.0001487709551752732,0.027086196326706585,-0.004019306004725422],[0.0002743994183902695,0.027104734514220002,-0.004200555033411054],[0.000374481949643729,0.027119503052206645,-0.0043449479608883654],[0.0004540226754983246,0.027131240367565843,-0.004459704433531221],[0.000516998632246786,0.027140533326065558,-0.0045505622749717626],[0.0005665586177265365,0.027147846575630775,-0.004622064377282018],[0.0006051806312115634,0.027153545778739754,-0.0046777858455775],[0.0006347957733761181,0.027157915895547946,-0.004720512753272983],[0.0006568848013284284,0.027161175431895758,-0.00475238144575324],[0.0006725521664661099,0.02716348736460058,-0.004774985357642285],[0.0006825812370460465,0.027164967290297656,-0.00478945468453457],[0.0006874734665972351,0.027165689205271838,-0.004796512892774709]]"
1782756189.0129647,TRACKING,MPC tracking AprilTag,Walk,True,fresh_solve,0,11,70.75250244140625,-0.12276553577515688,-0.05786362545735071,0.4865642368814777,0.505137934169752,-0.2471525878521028,0.9997923198013512,0.0022428764796175614,-0.020255536806758827,-0.0012899503180357603,0.9988970508771601,0.046936316185755285,0.020338468339818085,-0.04690043980614012,0.9986924929384323,0.49563700349784295,-0.10945149482372976,0.012605911875064,-0.4781376420821466,7.368191423929801,1.092482207274903,0.45994282048989543,-0.3372677980462836,-0.042873936672271684,0.03569418300794752,0.22781630322255383,0.055479848547335675,0.0016337058870553643,0.026788273873242674,-0.00040252834180424504,-0.001971257759599944,0.026765551645323366,-0.00040252834180424504,0.037009458241078104,0.06794957686408849,0.02449108457700118,-0.004362996502157046,-0.10945149482372976,0.012605911875064001,optimal,87.67623799940338,False,"[[0.49563700349784295,-0.10945149482372978,0.012605911875064],[0.495242751945923,-0.1040983844946651,0.01252540620670315],[0.4950110325912907,-0.09872253913712103,0.012299703268007752],[0.4949093238008555,-0.09332850788208116,0.011957856086195696],[0.49491160446973653,-0.0879199305656543,0.011523110476329047],[0.49499705296601887,-0.08249971972087985,0.011014067332067135],[0.49514900604915757,-0.07707020620437995,0.010445612670349531],[0.49535412570795057,-0.07163325573919031,0.009829661932243017],[0.4956017322599784,-0.06619036220091233,0.009175755754994934],[0.4958832703674835,-0.06074272231149286,0.00849153700389554],[0.49619188127048197,-0.0552912954753217,0.0077831329155425314],[0.49652205984876485,-0.04983685174945112,0.007055461459670922],[0.49686937936588715,-0.04438001034644837,0.0063124772376397945],[0.497230270132346,-0.03892127059502409,0.005557369212500259],[0.4976018410211053,-0.03346103690646788,0.0047927201571480015],[0.4979817349112439,-0.027999638995212708,0.004020635792968075],[0.49836801083190985,-0.02253734836455662,0.0032428500759041456],[0.49875904691377726,-0.017074391881827588,0.002460811894255683],[0.49915345929558047,-0.011610963121749961,0.0016757575130929283],[0.4995500329310507,-0.00614723204518065,0.0008887723875104082],[0.4999476608366024,-0.0006833534971519808,0.00010084543538166114]]","[[-0.001971257759599944,0.02676555164532337,-0.00040252834180424504],[-0.0011585967731613752,0.026879226787720336,-0.0011285146934769965],[-0.0005085439521760562,0.026970156275199355,-0.0017092359090602758],[1.1403344405279699e-05,0.027042886582134384,-0.002173728049333246],[0.00042724248141169907,0.027101054223872174,-0.0025452157213095563],[0.0007597654156935229,0.027147567582499612,-0.0028422733085880225],[0.0010255982939648422,0.027184752325948067,-0.003079753690532567],[0.0012380327601392235,0.027214467691389965,-0.003269530886240418],[0.001407690537525385,0.027238199447097402,-0.0034210937554969676],[0.0015430545149926352,0.02725713418085575,-0.0035420204417650433],[0.0016508928914143368,0.02727221862935292,-0.0036383572793580493],[0.001736597585611575,0.02728420701501378,-0.0037149211101556345],[0.0018044538322942111,0.027293698757121367,-0.0037755401256976797],[0.0018578544437963772,0.027301168442781062,-0.0038232452767612865],[0.0018994694506931818,0.027306989556275852,-0.0038604218208996358],[0.001931379603329465,0.02731145315328047,-0.0038889285853196437],[0.0019551804093370408,0.027314782413645152,-0.003910190908242312],[0.001972061909016288,0.027317143800388133,-0.003925271905813773],[0.001982868177351169,0.027318655382846557,-0.0039349256279126],[0.001988139527758428,0.02731939274014335,-0.0039396347606437355]]"
1782756189.2293384,TRACKING,MPC tracking AprilTag,Walk,True,fresh_solve,0,11,70.527587890625,-0.12169858129477024,-0.06576321034870763,0.4842493930794339,0.5036197168720941,-0.24621484885482156,0.9996177715919911,0.0017515260856057024,-0.027590630181883225,-0.0007406355793262508,0.9993294793473795,0.036606600036523114,0.027636247509396767,-0.0365721733516998,0.9989488044739493,0.4923700997770417,-0.10968755201760215,0.016482456641791713,-0.47921034047279215,7.372919601127141,1.0965343537525576,0.456376519792117,-0.3339833131886887,-0.0469260831499263,0.035993579984924695,0.22429576117108652,0.06340853979171801,0.0005630458009499101,0.02689976438897795,-0.001323944945645266,-0.0010063234461092265,0.026886830565879354,-0.001323944945645266,0.03569254633516839,0.06808671019844288,0.025615212833687225,-0.007629900222958286,-0.10968755201760215,0.016482456641791713,optimal,103.7389240000266,False,"[[0.4923700997770417,-0.10968755201760215,0.016482456641791713],[0.4921688350878199,-0.1043101859044263,0.016217667652662658],[0.4921219483436626,-0.09891341661502036,0.015805463031339152],[0.49219854952418957,-0.09350112659845403,0.01527533968478521],[0.4923739230052547,-0.0880764222674389,0.014650898583703343],[0.49262829177773865,-0.0826417893189642,0.013951024811069657],[0.4929458285970932,-0.07719921701914609,0.013190831816282667],[0.49331386462111365,-0.07175029766653362,0.012382417087633223],[0.49372225596782854,-0.06629630620703612,0.011535467026719058],[0.49416287652140106,-0.06083826398121865,0.010657741268524661],[0.4946292116263375,-0.05537698979133027,0.009755460663170514],[0.4951160323547121,-0.049913140841416494,0.00883361831841911],[0.4956191340597711,-0.04444724559752159,0.007896229255063081],[0.496135126143595,-0.03897973021099074,0.006946531157964824],[0.49666126252720255,-0.03351093982603736,0.005987146260299629],[0.49719530434660164,-0.028041155836953706,0.005020212455214434],[0.49773540800958976,-0.022570609957825543,0.004047490190485183],[0.4982800330161438,-0.017099495808236404,0.0030704504909056136],[0.498827864933419,-0.01162797859424677,0.002090348509526947],[0.49937774967410675,-0.006156203368697099,0.001108286285310451],[0.4999286357920688,-0.0006843022838498513,0.00012526784507550182]]","[[-0.0010063234461092265,0.026886830565879358,-0.001323944945645266],[-0.00023443372078634512,0.026983846447029614,-0.0020610231066175463],[0.0003830059026348446,0.02706145008283165,-0.0026506167327697],[0.000876867405325402,0.027123521655075564,-0.0031222055054093358],[0.0012718438624198549,0.027173164742373555,-0.0034993688631684344],[0.0015876840967729263,0.027212861499090517,-0.003800964973934951],[0.0018401801201022693,0.027244596763062304,-0.004042073643247211],[0.002041956733574351,0.027269957297487504,-0.004234750304570828],[0.002203102767862776,0.027290211129087378,-0.0043886287909719835],[0.0023316755246819655,0.027306370949441914,-0.004511403026770735],[0.0024341036418728786,0.027319244749568847,-0.004609211723757018],[0.002515508525295061,0.027329476219474517,-0.0046869453167801495],[0.0025799604191196223,0.02733757693265421,-0.004748490485491284],[0.00263068191803779,0.02734395192476691,-0.004796924488325979],[0.002670209096995473,0.027348919945418253,-0.004834669025425969],[0.0027005183149405544,0.027352729395640804,-0.004863611323646254],[0.0027231250327702894,0.027355570747945694,-0.004885198497897849],[0.0027391595863761648,0.02735758606994817,-0.004900509906893332],[0.0027494237034384737,0.027358876127748344,-0.004910311121082479],[0.0027544305898103316,0.027359505424236232,-0.0049150922011747455]]"
1782756189.4052353,TRACKING,MPC tracking AprilTag,Walk,True,fresh_solve,0,11,70.52560424804688,-0.11097027896465157,-0.06242941675525995,0.4828401664257522,0.49934603353180107,-0.22590519897621986,0.9996419380226067,0.002517343075791503,-0.02663942060641922,-0.0016779511684726369,0.9995028172370846,0.03148496172789999,0.026705434396076946,-0.03142898851331157,0.9991491572606899,0.48981944748144407,-0.10917409150548146,0.02049201525204754,-0.48163677892192536,7.37570065636765,1.1053266020196604,0.4551728600555198,-0.3304943197755841,-0.05571833141702909,0.03464658742592425,0.22132022827010261,0.07621034666907663,-0.0004281214711664213,0.026942897107790638,-0.0022640137637528943,-0.00012404403304228068,0.026946012796570353,-0.0022640137637528943,-0.0355265894095347,0.06813976344258249,0.02676209679177853,-0.01018055251855593,-0.10917409150548146,0.02049201525204754,optimal,79.79038600024069,False,"[[0.48981944748144407,-0.10917409150548144,0.02049201525204754],[0.48979463867483564,-0.10378488894616737,0.020039212499296962],[0.48991098401816024,-0.09838621793803697,0.019436009983236344],[0.49014023948623436,-0.09297997305597129,0.018712501716011666],[0.49045980656011173,-0.08756767018115456,0.01789276642221071],[0.4908516023011364,-0.08215052229513359,0.01699607147509244],[0.4913011552040097,-0.07672950012889483,0.01603783626524996],[0.4917968816215254,-0.07130538069941394,0.01503040317014016],[0.4923295065822095,-0.06587878616050447,0.01398365467295656],[0.49289160004174626,-0.060450214910508455,0.012905507486788995],[0.4934772053807626,-0.05502006651221369,0.011802308390278102],[0.49408154157385964,-0.049588661670993,0.01067915156654735],[0.4947007641383422,-0.04415625827007292,0.009540133312359214],[0.49533177291008457,-0.038723064264695004,0.0083885568529533],[0.49597205703532404,-0.03328924807987793,0.00722709750330833],[0.49661956942797264,-0.027854947031668423,0.006057936433891065],[0.497272624415313,-0.022420274192943544,0.004882869729179659],[0.49792981345436227,-0.016985324047054634,0.0037033981918875533],[0.49858993470472296,-0.011550177211994814,0.002520802383099157],[0.4992519329365633,-0.0061149044712986555,0.0013362066503240643],[0.49991484676912534,-0.0006795703132189162,0.0001506353448725345]]","[[-0.0001240440330422807,0.026946012796570357,-0.0022640137637528943],[0.000581726716623188,0.02699335504065204,-0.0030160125803030987],[0.0011462773403704528,0.0270312244103285,-0.0036175413361233893],[0.0015978353693868773,0.027061514374083547,-0.00409867646900478],[0.0019589787051232824,0.027085739430104942,-0.00448347473559134],[0.0022477645143664884,0.02710511083119375,-0.004791176049212399],[0.002478632087578656,0.027120597147404415,-0.005037165475549008],[0.002663124803420393,0.02713297269454747,-0.005233742485917999],[0.0028104672976837866,0.027142856249980064,-0.0053907359308378216],[0.002928026695082006,0.02715074199147383,-0.005515995482554465],[0.003021680965484963,0.027157024206103452,-0.005615784118653763],[0.0030961128224128048,0.027162017004600414,-0.005695091270940681],[0.003155043858711924,0.027165970026889568,-0.005757882297029563],[0.003201420626197276,0.027169080924085365,-0.005807296748224855],[0.0032375619632431284,0.027171505241047604,-0.0058458053470863205],[0.003265274936701774,0.027173364193624386,-0.005875333523557033],[0.0032859451952461454,0.027174750729444554,-0.005897357686460528],[0.003300606251803461,0.027175734175299122,-0.00591297904394198],[0.003309991159201587,0.02717636370348081,-0.005922978663875462],[0.0033145691628104286,0.027176670790398705,-0.0059278565272576494]]"
1782756189.6627152,TRACKING,MPC tracking AprilTag,Walk,True,fresh_solve,0,11,70.30199432373047,-0.10082958700822657,-0.0713083818504242,0.4797691262841756,0.495408826600674,-0.20714804116248492,0.9999981865866203,-0.001439410828585666,0.0012469642887560227,0.0013977602746679857,0.9994615470814189,0.03278204038541753,-0.0012934796811092798,-0.03278023798088013,0.9994617465957522,0.4879060645583474,-0.10468631475344238,0.022761007742966414,-0.4821631909829827,7.379528459599567,1.1100354711257896,0.4521153872263115,-0.3281318957791445,-0.060427200523158316,0.03579067733203589,0.2234455810257021,0.08318820826612475,-0.0012644711822074398,0.026690333367599853,-0.003110170504766698,0.0006566972262106457,0.02671219817606433,-0.003110170504766698,-0.036555299554115156,0.06782911004214782,0.027794408015815373,-0.012093935441652603,-0.10468631475344238,0.022761007742966414,optimal,86.64926900019054,False,"[[0.4879060645583474,-0.10468631475344238,0.022761007742966414],[0.4880374040035895,-0.09934387511822951,0.022138973642013074],[0.4882936527090222,-0.09403884302478929,0.021381564586460292],[0.4886498171459949,-0.08876373346788184,0.020515868222181415],[0.48908589957243415,-0.08351255756909383,0.01956355782961348],[0.48958589814573966,-0.07828052313291799,0.018541975987779083],[0.4901370068306547,-0.07306379503697759,0.017465001703237483],[0.4907289750975028,-0.06785930347590774,0.016343744360412592],[0.4913535953957042,-0.06266459047108702,0.015187099190814143],[0.49200429277624685,-0.05747768697170652,0.014002192034613205],[0.49267579614423573,-0.052297014402229273,0.012794735632650715],[0.49336387470414816,-0.04712130573361352,0.011569315263479532],[0.49406512642005757,-0.041949542131860584,0.010329618007292084],[0.4947768079138373,-0.036780902016314905,0.009078617099929983],[0.49549669729625423,-0.0316147199806313,0.007818720594676112],[0.496222983072507,-0.02645045352245766,0.006551891764918759],[0.49695417356748617,-0.021287655918317425,0.005279747267821044],[0.49768902234201845,-0.016125953887435672,0.004003637977179068],[0.49842646587090844,-0.0109650289277004,0.0027247165271117144],[0.49916557036667836,-0.00580460139055695,0.0014439949437666034],[0.4999054850901946,-0.0006444164985802376,0.00016239524662746353]]","[[0.0006566972262106457,0.02671219817606433,-0.003110170504766698],[0.001281243527163368,0.026525160467201044,-0.0037870452777639097],[0.001780822184863522,0.02637554778453734,-0.00432848182139439],[0.002180412132196116,0.026255879493940027,-0.004761551962839663],[0.002499992866527779,0.026160172180879238,-0.005107909209171991],[0.0027555434245750948,0.026083640479701933,-0.005384871422707992],[0.0029598413342404287,0.02602245780534925,-0.005606286714124466],[0.0031231014910070476,0.02597356502410356,-0.005783225847992237],[0.0032534869027132825,0.02593451749690257,-0.005924535781004691],[0.003357516839944445,0.02590336284738623,-0.006037282009812454],[0.003440392799562093,0.025878543343078726,-0.0061271018458559125],[0.00350625857954711,0.025858818008764682,-0.006198486280937239],[0.003558407468898745,0.0258432005777284,-0.0062550045368105],[0.0035994469120845815,0.02583091017841806,-0.00629948252626936],[0.0036314288812639103,0.025821332290868148,-0.006334144148786761],[0.0036559524748956984,0.025813988020701173,-0.006360722485488572],[0.003674243872661535,0.025808510154408774,-0.0063805464532098845],[0.0036872176444497115,0.025804624798676346,-0.006394607250336765],[0.003695522478849637,0.025802137685717253,-0.006403607916725556],[0.0036995736175813084,0.025800924459883554,-0.006407998485695698]]"
1782756189.8776338,TRACKING,MPC tracking AprilTag,Walk,True,fresh_solve,0,11,71.68140411376953,-0.10147323336453774,-0.05790144828370305,0.4839732104620801,0.49787494739922106,-0.20667328193114393,0.999927638828117,0.0007400137037815171,-0.012007059895958707,-0.0003758765733591766,0.9995407522433006,0.03030087988323739,0.012023968746987166,-0.030294174103530136,0.9994687024569386,0.4844332937921124,-0.10267130469679732,0.016848992133067318,-0.48435668178592134,7.373479985097639,1.1108322003642797,0.45845295792981355,-0.3292412394054237,-0.061223929761648366,0.025980335862298864,0.2265699347086264,0.07807292189471568,-0.0019026995918424655,0.026383492448135697,-0.003378651925355998,0.0014579152970081999,0.026411804604842513,-0.003378651925355998,-0.037340320497966234,0.0674516957112069,0.028121955348934316,-0.015566706207887582,-0.10267130469679732,0.016848992133067318,optimal,102.18303299916442,False,"[[0.4844332937921124,-0.10267130469679729,0.016848992133067318],[0.48472487685151405,-0.09738894377582881,0.016173261747996118],[0.4851446452159557,-0.09215464223215414,0.015454577547914801],[0.48566694984156966,-0.08695878369768752,0.014701534311180606],[0.48627126849754715,-0.0817936739548035,0.013921008864318123],[0.4869411796545973,-0.07665315622545582,0.013118503923345534],[0.48766354140848306,-0.07153230333227499,0.01229842322957551],[0.4884278343848091,-0.06642717133969987,0.011464291736680857],[0.489225635770302,-0.06133460235719965,0.010618931858378141],[0.49005019817214684,-0.0562520666447472,0.009764604589113534],[0.4908961122483462,-0.05117753612581785,0.008903122553785102],[0.4917590362406204,-0.046109382983563006,0.008035940638987734],[0.4926354788864935,-0.041046298269967856,0.00716422873734286],[0.4935226248561696,-0.03598722645845055,0.006288930242129542],[0.4944181939860428,-0.030931312667533146,0.005410809216948415],[0.49532032727051717,-0.025877859916767675,0.004530488598901728],[0.49622749391172677,-0.02082629427771379,0.0036484813454484475],[0.4971384147796425,-0.015776136177516702,0.0027652160822772146],[0.4980519984555704,-0.010726976420264468,0.0018810585345907698],[0.4989672866612173,-0.005678455727192391,0.0009963298133660945],[0.4998834063447759,-0.0006302467727447827,0.00011132247090325788]]","[[0.0014579152970081999,0.026411804604842517,-0.003378651925355998],[0.002098841822207993,0.026171507718373267,-0.003593421000406582],[0.002611523128070014,0.025979292672333117,-0.00376521618367098],[0.0030215932798873645,0.025825548714420055,-0.0039026272343124107],[0.003349555785250912,0.025702588646738432,-0.004012524704862947],[0.0036118087694288342,0.02560426446590416,-0.004100403468850113],[0.0038214648816300265,0.025525659962875535,-0.004170657464473271],[0.003989006927464549,0.025462844912501118,-0.004226799391513576],[0.0041228120092241275,0.025412678562262193,-0.0042716363463230446],[0.004229570380996741,0.025372652594646813,-0.004307410176642149],[0.0043146199613710206,0.025340765711274207,-0.004335909573986845],[0.00438221322936568,0.025315423567975746,-0.004358559508224368],[0.004435729848380453,0.025295359057586505,-0.004376492476066593],[0.004477845649366076,0.025279568954587023,-0.004390605125905633],[0.004510666422371833,0.02526726375382733,-0.004401603090233438],[0.00453583320604801,0.025257828195269436,-0.004410036267266399],[0.004554604339578416,0.025250790500985446,-0.004416326315856165],[0.004567918379639572,0.025245798786261167,-0.004420787738432223],[0.004576441028234535,0.025242603465360378,-0.004423643606123376],[0.0045805984177930545,0.02524104477223804,-0.004425036712314183]]"
1782756190.1074448,TRACKING,MPC tracking AprilTag,Walk,True,fresh_solve,0,11,71.59355926513672,-0.09762857448279953,-0.06601651312229773,0.49605943761614046,0.5098671240709796,-0.1943246644689369,0.9999800590529471,0.00538135076631364,-0.003304929710953426,-0.0053016478866075275,0.9997057854251264,0.02366928636899735,0.0034313300848034176,-0.02365129280739363,0.9997143803719081,0.48408711826433737,-0.10063477356592031,0.014616370716167983,-0.48933095210563066,7.365505177909555,1.1182602788991138,0.46784567891703066,-0.32889815434754865,-0.06865200829648266,0.016241439347306708,0.22826338078162833,0.08326837901265063,-0.0024613293929204826,0.02602691751290781,-0.0034417212580258876,0.0020806609507308,0.026060111811200378,-0.0034417212580258876,-0.0380274351532922,0.06701310854087661,0.028198899934791584,-0.015912881735662632,-0.10063477356592031,0.014616370716167984,optimal,82.20945199991547,False,"[[0.48408711826433737,-0.10063477356592031,0.014616370716167983],[0.4845032504544835,-0.09542275120368023,0.013928026464562804],[0.48501901449829626,-0.09026699548054443,0.013229591874332453],[0.4856144747113811,-0.0851562478088439,0.012523085956454471],[0.48627368021780687,-0.08008150000348145,0.011810124155524022],[0.4869838674063098,-0.07503554387267683,0.011091999121983645],[0.4877348217497297,-0.0700126108083776,0.010369745344645387],[0.4885183670786524,-0.06500808335585664,0.009644190875131391],[0.48932795677293883,-0.06001826434097576,0.008915998730455026],[0.49015834643071804,-0.0550401920114787,0.008185700043871532],[0.49100533164829374,-0.050071491949378474,0.007453720621540797],[0.49186553779995956,-0.045110258350057886,0.006720402232835347],[0.49273625130671356,-0.040154958732038726,0.005986019698808972],[0.49361528395730814,-0.035204357312907886,0.005250794633249415],[0.49450086349768785,-0.03025745322019665,0.0045149065233677605],[0.49539154501828647,-0.02531343044775728,0.003778501704158988],[0.4962861387085487,-0.02037161705545564,0.0030417006751517215],[0.49718365036640244,-0.015431451572164488,0.002304604125384659],[0.4980832316881551,-0.010492454922207088,0.0015672979678585102],[0.4989841378533091,-0.005554206471573403,0.0008298576351860296],[0.49988569028353697,-0.0006163229962195763,9.235185122265552e-05]]","[[0.0020806609507308,0.02606011181120038,-0.0034417212580258876],[0.002578820219063815,0.025778778615679114,-0.00349217295115176],[0.0029773010654238962,0.025553738358502654,-0.00353252958938991],[0.003296027532129047,0.02537373902681217,-0.0035648090046522447],[0.0035509359425145255,0.025229780654023145,-0.0035906251677018802],[0.0037547717170996055,0.025114665321496126,-0.0036112688866912985],[0.00391772664461354,0.025022637262604758,-0.0036277723475699707],[0.004047948471432028,0.024949095074404473,-0.0036409607233818305],[0.004151948288895992,0.024890361647485263,-0.0036514934329174705],[0.0042349260878786306,0.02484350031050116,-0.0036598971116536733],[0.004301030758329076,0.024806167996602964,-0.0036665919435272484],[0.0043535675337698495,0.02477649809009576,-0.003671912670131875],[0.004395163252972991,0.024753007095654197,-0.0036761253277977847],[0.0044278977018986565,0.024734520463556193,-0.003679440549408272],[0.004453407602993131,0.02472011386219684,-0.003682024096043862],[0.004472968451311136,0.024709066961508177,-0.003684005145036334],[0.0044875582892685735,0.02470082741645577,-0.003685482748835312],[0.004497906608763315,0.024694983249787,-0.003686530787630744],[0.004504530825770097,0.02469124225316843,-0.0036872016633624025],[0.0045077621511392585,0.024689417376769128,-0.00368752891981687]]"
1782756190.3044565,TRACKING,MPC tracking AprilTag,Walk,True,fresh_solve,0,11,71.4506607055664,-0.08554836045407214,-0.0615147790321449,0.5021778455174873,0.5131132219543156,-0.16873488222357205,0.9999586239961314,0.002487728805786031,0.008749942922794872,-0.0027108437942327565,0.9996690954481201,0.02558028404573774,-0.008683410717372258,-0.025602945364278255,0.9996344769799546,0.4877938726660344,-0.09886367351184928,0.010484651714523192,-0.4945930136596106,7.361974060256351,1.128031297248248,0.47352800118895866,-0.3260929275694431,-0.07842302664561673,0.014265871477075753,0.2272292540575938,0.08890767836013994,-0.002587380730413822,0.02566065993140617,-0.0032328982685159552,0.002318200366075336,0.025686376821617313,-0.0032328982685159552,-0.038182478298409005,0.06656261171562959,0.027944135887589466,-0.012206127333965588,-0.09886367351184928,0.010484651714523192,optimal,79.23720100006904,False,"[[0.4877938726660344,-0.09886367351184928,0.010484651714523192],[0.4882575127392495,-0.09372639814752581,0.00983807206082],[0.4887591562768455,-0.08864891590993017,0.009224901586946018],[0.48929119903335366,-0.08361926258420993,0.008638455333819925],[0.4898475567242507,-0.07862786540110644,0.0080733845533978],[0.49042336081173266,-0.07366706439849191,0.007525409271270917],[0.491014715077825,-0.06873072942326298,0.006991104287945311],[0.4916185008134838,-0.0638139536236856,0.006467727918867088],[0.49223222088314317,-0.05891280810680823,0.005953084910194714],[0.49285387486793747,-0.054024145493814395,0.005445416676106952],[0.49348185904475766,-0.049145442551081775,0.0049433133695117966],[0.49411488620009614,-0.04427467402850111,0.004445643389691871],[0.4947519212693711,-0.039410211396970735,0.0039514968022685585],[0.4953921295836977,-0.034550741421941505,0.0034601398424830773],[0.49603483513644353,-0.029695200501689327,0.002970978226958533],[0.4966794867828972,-0.02484272148722896,0.00248352743953108],[0.4973256306830327,-0.01999259032486477,0.001997388505441727],[0.49797288760950814,-0.01514421035350591,0.001512228042598388],[0.4986209339862986,-0.010297072471611811,0.0010277615924712765],[0.49926948570989493,-0.005450729682115138,0.0005437393971664189],[0.4999182839441283,-0.0006047747425684287,5.993391153095317e-05]]","[[0.002318200366075336,0.02568637682161731,-0.0032328982685159552],[0.0025082176879802384,0.025387411187978246,-0.003065852369369914],[0.0026602137825407525,0.025148266628601236,-0.0029322312656304625],[0.0027817884544849045,0.02495698591551743,-0.0028253539021106276],[0.0028790204374099008,0.02480400501307264,-0.0027398764106344176],[0.002956771330461992,0.024681674876144626,-0.002671524916628022],[0.003018928678293782,0.024583878997886985,-0.0026168818453911214],[0.0030686003482968613,0.024505727584386832,-0.0025732150433618703],[0.0031082699239713832,0.024443313064969167,-0.002538341170438807],[0.003139920884101074,0.024393514713663106,-0.002510516532975777],[0.003165135776692419,0.02435384261290334,-0.00248834989909963],[0.003185175346374984,0.024322313157651883,-0.002470732937116558],[0.003201041571632898,0.024297349875146163,-0.0024567847989274074],[0.003213527763729057,0.024277704601260892,-0.002445808077622721],[0.003223258232268268,0.024262395072301813,-0.0024372539371372644],[0.0032307195006774925,0.02425065581182096,-0.0024306946704467642],[0.0032362846323771913,0.024241899856794303,-0.0024258023142166964],[0.003240231883952349,0.024235689409470507,-0.0024223322506355567],[0.003242758617981724,0.024231713947483375,-0.0024201109765242886],[0.003243991171166785,0.024229774697733554,-0.002419027428177328]]"
1782756190.5676317,TRACKING,MPC tracking AprilTag,Walk,True,fresh_solve,0,11,71.29867553710938,-0.07249817387585006,-0.07172250492871592,0.5128131506059024,0.522855075869915,-0.14044275283707144,0.9995605342657445,-0.006278700331634523,0.028970955464480617,0.005698040427813707,0.9997820982816933,0.020082039008467435,-0.029090731748486278,-0.01990813596498024,0.9993785045961002,0.4924625515281579,-0.09512351519931178,0.003527899689239924,-0.5028412195463788,7.35371756201703,1.134243583687526,0.48479514050574135,-0.3230508501308099,-0.08463531308489468,0.007667411022416526,0.22792733493149814,0.08816321277413461,-0.002295818184803625,0.025166081526882645,-0.002644886850553232,0.0022070206708237152,0.025174024317020424,-0.002644886850553232,-0.037823856367308464,0.06595428027806566,0.027226761957674945,-0.007537448471842123,-0.09512351519931178,0.003527899689239924,optimal,91.7756670005474,False,"[[0.4924625515281579,-0.09512351519931178,0.003527899689239924],[0.49290395566232265,-0.09008871033590769,0.0029989223191292775],[0.49332757237547237,-0.08513587574312464,0.0025640197405463615],[0.4937369608145918,-0.08024860970419534,0.0022043682010027483],[0.4941349687129639,-0.07541378893004518,0.0019049064999619749],[0.4945238747768345,-0.0706209123948385,0.0016535829288127214],[0.49490550262072414,-0.06586157628468683,0.0014407526854382426],[0.4952813119481545,-0.06112905380695449,0.0012586956341105332],[0.4956524715368242,-0.05641795885062667,0.0011012302987039254],[0.49601991767749376,-0.05172397668075887,0.0009634047888888071],[0.4963844009885239,-0.04704364820172955,0.0008412492056151403],[0.49674652394679314,-0.04237419700245912,0.00073157714615996],[0.4971067710115421,-0.0377133905358559,0.0006318263839912251],[0.49746553284733536,-0.0330594284914616,0.000539930757441217],[0.49782312585728966,-0.028410852779928372,0.0004542168616231534],[0.49817980800322986,-0.02376647462855141,0.0003733203781868491],[0.4985357917037801,-0.019125315142633728,0.00029611785940120714],[0.498891254455295,-0.014486556360751307,0.00022167055576766335],[0.49924634770667736,-0.009849500356681879,0.00014917747854525874],[0.4996012044318235,-0.005213534343093843,7.793535031359113e-05],[0.4999559457783178,-0.0005781000321796538,7.303441101795218e-06]]","[[0.0022070206708237152,0.025174024317020427,-0.002644886850553232],[0.0021180835657488616,0.024764172963915258,-0.00217451289291458],[0.0020469421955970333,0.024436330194646545,-0.0017982576977180666],[0.0019900394918606385,0.02417410387075085,-0.0014973085052038659],[0.0019445303193528574,0.02396438267603339,-0.0012566178557462681],[0.0019081392194483012,0.023796680550758287,-0.0010641512168723933],[0.001879046637151742,0.023662612388661793,-0.0009102852566385476],[0.0018557979433483519,0.023555474781639083,-0.0007873266770330388],[0.0018372307033479613,0.023469910849339016,-0.0006891275490755916],[0.0018224165551505506,0.023401642395146593,-0.0006107779163683336],[0.0018106147913462493,0.023347255996352193,-0.0005483602972759017],[0.0018012353237448423,0.023304032333016093,-0.0004987538108436744],[0.0017938091789662593,0.02326981022197149,-0.0004594781327500405],[0.0017879650497715713,0.023242878557666154,-0.00042856947909031815],[0.001783410729701044,0.023221890756884817,-0.00040448241718152127],[0.0017799185027511505,0.023205797429588414,-0.00038601259392821],[0.0017773137575743964,0.023193793909412126,-0.00037223651816771877],[0.0017754662569119443,0.023185280020347133,-0.000362465386112023],[0.0017742836257306713,0.02317983006794019,-0.00035621064115833804],[0.0017737067324715135,0.02317717155457095,-0.0003531595460589795]]"
1782756190.8231177,TRACKING,MPC tracking AprilTag,Walk,True,fresh_solve,0,11,71.2972640991211,-0.07101057812017124,-0.05932136975670185,0.5247415861924312,0.532836991390914,-0.134507752921854,0.9995270129173988,-0.002218105131389584,0.030672959721033864,0.0012139292816585427,0.9994638825558376,0.032718096553894516,-0.030729087590118824,-0.03266538651289673,0.998993841672631,0.49887362452953954,-0.09243418485360115,-0.00729516946803029,-0.5070267791265368,7.343939753664193,1.1362736018514548,0.49535876743116125,-0.32428949106521865,-0.08666533124882347,0.003514857098378288,0.23185530621161748,0.07937016178079319,-0.0015464455185169811,0.024634729790291382,-0.0015326088618300671,0.0017261173027434582,0.02462279278716329,-0.0015326088618300671,-0.03690212798777589,0.0,0.025869782811432682,-0.0011263754704604612,-0.09243418485360115,-0.00729516946803029,optimal,97.51260800021555,False,"[[0.49887362452953954,-0.09243418485360114,-0.00729516946803029],[0.49921884799008825,-0.0875096262961685,-0.007601691240396303],[0.49948713266558087,-0.08267325818822488,-0.0077302618425749235],[0.4996938735053247,-0.07790743419576236,-0.00771648814361402],[0.49985138826683945,-0.0731980351905471,-0.007588859797504488],[0.4999695334037334,-0.06853376329370754,-0.0073701737258797875],[0.5000561968883839,-0.06390557698179097,-0.007078673964097624],[0.5001176926105559,-0.05930623901059081,-0.006728963863007829],[0.5001590760718908,-0.054729954552936305,-0.006332736256494852],[0.5001843971609877,-0.05017208145733397,-0.005899358103171981],[0.5001969026478342,-0.04562889814039294,-0.0054363388343120125],[0.5001991985223051,-0.04109741750765543,-0.004949705825410888],[0.5001933802936565,-0.03657523759887378,-0.004444305764962488],[0.5001811377659885,-0.03206042148999818,-0.003924046988883334],[0.5001638395284504,-0.027551400446974083,-0.0033920948973084064],[0.5001426013846979,-0.02304689548903955,-0.0028510302245978976],[0.5001183421430758,-0.018545853439687093,-0.0023029780760552214],[0.5000918295570356,-0.01404739426783834,-0.0017497141831921826],[0.5000637187128079,-0.009550767086290095,-0.0011927536903045687],[0.5000345847837139,-0.005055312607354206,-0.0006334269116869377],[0.5000049517888314,-0.0005604301784731222,-7.294584734734751e-05]]","[[0.0017261173027434582,0.02462279278716329,-0.0015326088618300671],[0.0013414233774632382,0.02418184053971808,-0.0006428530108931004],[0.0010337041987190446,0.02382911996231253,6.886849480451615e-05],[0.0007875738075736677,0.023546995026076368,0.0006381417305476633],[0.0005907256844698385,0.023321359484197775,0.0010934303581234988],[0.0004333174232523656,0.023140931559582828,0.0014574988089108142],[0.0003074786108603754,0.022996689856000778,0.0017485505054489752],[0.00020691730667426827,0.022881422288272526,0.00198113803256489],[0.000126605445484739,0.022789365478011657,0.0021668907666143543],[6.252743423231106e-05,0.022715916584705124,0.0023150963442998412],[1.1479372354363054e-05,0.022657403163687605,0.0024331650445056255],[-2.909114324300241e-05,0.022610899543908224,0.0025270003022419955],[-6.12126383396536e-05,0.02257408054437801,0.0026012938803957704],[-8.64911876904231e-05,0.022545105215120455,0.002659760457874639],[-0.00010619071876284935,0.022522524789672677,0.002705323363552544],[-0.00012129620811055369,0.022505210246762285,0.0027402607427133817],[-0.00013256293020092133,0.022492295859243772,0.0027663194643151932],[-0.00014055422113847064,0.0224831359077412,0.0027848024644380695],[-0.0001456696454700791,0.022477272394679445,0.0027966338930881544],[-0.00014816497441232714,0.022474412144405417,0.0028024053216979517]]"
1782756191.060507,TRACKING,MPC tracking AprilTag,Walk,True,fresh_solve,0,11,71.28194427490234,-0.06688161794430336,-0.06603789245129064,0.5352739055449557,0.5434632536019396,-0.1243041878582247,0.9993398376606654,0.002345122143547673,0.036254506843795095,-0.003187823214791182,0.9997256746389792,0.023203733552793336,-0.036190145723748915,-0.02330398828032728,0.9990731692337275,0.5063009751036693,-0.09049579132331115,-0.014850115557339408,-0.5110135509920944,7.335853880747751,1.1442753603606803,0.5043561216050274,-0.32485809338570704,-0.09466708975804905,0.0019448534986419297,0.2343623020623959,0.07981697420070963,-0.0005469340232758741,0.024099718835070484,-0.00022950245765148152,0.0009047441737922912,0.02408893984249321,-0.00022950245765148152,-0.03567272884862933,0.0,0.024279992998334807,0.006300975103669337,-0.09049579132331115,-0.014850115557339408,optimal,84.50931700008368,False,"[[0.5063009751036693,-0.09049579132331115,-0.014850115557339408],[0.5064819239384278,-0.0856780033548125,-0.014896016048869705],[0.5065314628999897,-0.08094562547010152,-0.014733435106933479],[0.5064758862472892,-0.07628156766822126,-0.014404088507226598],[0.506336232458547,-0.07167215595235628,-0.013941353742556402],[0.5061293361551816,-0.06710644862999192,-0.013371938897482059],[0.5058686698328809,-0.06257568922828854,-0.012717218052542532],[0.5055650174863855,-0.058072868670439565,-0.011994299988283524],[0.5052270138092266,-0.053592374821831115,-0.011216883624284767],[0.504861575928402,-0.049129711883311375,-0.010395942965139],[0.5044742492607263,-0.04468127560123294,-0.009540275800681617],[0.5040694847836715,-0.04024417305477047,-0.00865694359548243],[0.5036508615842409,-0.03581607800987942,-0.0077516245620741575],[0.5032212658133185,-0.03139511460759383,-0.006828897571579067],[0.5027830349932143,-0.026979763571078005,-0.005892471097265083],[0.5023380748937788,-0.02256878624178475,-0.004945368638209188],[0.5018879548208961,-0.018161162646527975,-0.0039900798942512665],[0.5014339860817779,-0.013756040498823431,-0.003028685250986103],[0.5009772875503241,-0.009352692584564481,-0.0020629597990431195],[0.5005188416108178,-0.004950480401316758,-0.0010944620886178462],[0.5000595432771396,-0.0005488222331964649,-0.0001246120569817003]]","[[0.0009047441737922912,0.024088939842493207,-0.00022950245765148152],[0.00024769480780991826,0.02366188942355486,0.0008129047096811295],[-0.00027788326350277904,0.02332028900940132,0.0016467329985343964],[-0.0006982689437114358,0.023047058579324924,0.002313673823350982],[-0.0010344815168264847,0.022828536611821836,0.0028470742253717163],[-0.0013033316115036782,0.022653797008516916,0.003273604224697636],[-0.0015182617324768757,0.02251410278924491,0.0036145903212950374],[-0.0016900183857947375,0.022402469243042216,0.0038870818199937896],[-0.0018271894041231567,0.02231331469259871,0.004104703295728831],[-0.001936633338378554,0.022242181410392203,0.0042783358222869125],[-0.0020238223852736994,0.022185512732312382,0.0044166610259959395],[-0.0020931159971533503,0.022140475224455246,0.004526595167041363],[-0.002147978854611489,0.022104817011427944,0.004613634952475454],[-0.0021911541005210228,0.02207675518257911,0.004682132371569917],[-0.002224800497177428,0.0220548866464663,0.004735512295279475],[-0.0022506003644135247,0.02203811797628388,0.004776443719789606],[-0.002269843695591118,0.02202561073852272,0.0048069732163258175],[-0.0022834926572690875,0.022016739571294765,0.004828627259714918],[-0.0022922296975313324,0.02201106091623862,0.004842488552126365],[-0.0022964916683909636,0.022008290840601477,0.004849250158180729]]"
1782756191.3065038,TRACKING,MPC tracking AprilTag,Walk,True,fresh_solve,0,11,71.5808334350586,-0.05567787549556288,-0.0651652012204787,0.5424361888161845,0.5491662300317021,-0.10228588411896122,0.9994901715691767,0.003250054004548256,0.03176214862985648,-0.00402566066354351,0.9996945154416924,0.02438585352251846,-0.031673190443016204,-0.02450128455341163,0.9991979263701427,0.5148828828369951,-0.08894127767844445,-0.022325335806447567,-0.513321270842719,7.329890739421332,1.1582038423009122,0.510676564845495,-0.3258258860452373,-0.10859557169828093,0.004206317991500175,0.23688460836679287,0.08627023589183336,0.0007703109157411004,0.023580608529876305,0.0012118706821360255,-0.00024371768109383277,0.023591928264516813,0.0012118706821360255,0.03594748242636156,0.0,-0.025478482232205953,0.014882882836995126,-0.08894127767844445,-0.022325335806447567,optimal,81.02727200002846,False,"[[0.5148828828369951,-0.08894127767844444,-0.022325335806447567],[0.5148341393007764,-0.08422289202554106,-0.02208296167002036],[0.5146016556087112,-0.07958402227854817,-0.021609985076741247],[0.514222196968138,-0.07500875782307642,-0.020952548074873213],[0.5137251798389698,-0.0704843683093126,-0.020147569692249814],[0.51313414275669,-0.0660006671345288,-0.019224591887666825],[0.5124679232591263,-0.061549502112946276,-0.018207256648822053],[0.5117415997633422,-0.057124347866446164,-0.017114488091700207],[0.5109672454864902,-0.05271997955566383,-0.015961438666372146],[0.5101545321066694,-0.04833221163802052,-0.014760246779498415],[0.5093112133468306,-0.043957688590594395,-0.013520643714662281],[0.5084435126609235,-0.03959371713397449,-0.012250440196548888],[0.5075564344065944,-0.035238131568290164,-0.010955916927179513],[0.5066540140630685,-0.030889185488217546,-0.009642138621012642],[0.5057395200051114,-0.026545464462713348,-0.008313207240666882],[0.5048156169217669,-0.0222058153134627,-0.006972467095051891],[0.5038844990508095,-0.01786928845596342,-0.005622672054813875],[0.5029479998906329,-0.013535090420300893,-0.004266123245867882],[0.50200768387517,-0.009202544177652329,-0.0029047841056935616],[0.5010649245955896,-0.004871055288845649,-0.00154037855520915],[0.5001209734798543,-0.0005400821824008624,-0.00017447719481737635]]","[[-0.00024371768109383282,0.023591928264516813,0.0012118706821360255],[-0.0011624184603260819,0.02319434873496453,0.002364882966395581],[-0.0018972932028660681,0.022876322277358748,0.0032871850093401625],[-0.0024850856458407916,0.022621947568819183,0.004024891913117],[-0.0029551854113989877,0.02241850587391885,0.0046148890229149335],[-0.0033310974878185662,0.02225582510791273,0.005086676194223863],[-0.0036316174789205067,0.022125771232500528,0.005463842785609231],[-0.0038717713842599056,0.02202184155391163,0.005765247126640309],[-0.004063566899103733,0.02193883958821658,0.0060059594343686495],[-0.004216593799194181,0.021872615237130643,0.00619801532418067],[-0.004338503429535771,0.021819857283099507,0.006351017590566971],[-0.004435391271645583,0.021777927828421625,0.006472616346846868],[-0.004512101717629107,0.021744730400363097,0.006568891530834354],[-0.0045724702897855215,0.021718605127521,0.006644656901728807],[-0.004619515416722644,0.021698245746253227,0.006703700728074947],[-0.004655589354787332,0.02168263428749639,0.006748975201190082],[-0.004682495800882819,0.02167099017831265,0.006782744044729968],[-0.004701580077313882,0.021662731213242817,0.0068066957008716],[-0.004713796397902072,0.0216574444440334,0.006822027752422058],[-0.004719755578676798,0.02165486553222393,0.006829506801958868]]"
1782756191.575448,TRACKING,MPC tracking AprilTag,Walk,True,fresh_solve,0,11,71.64350891113281,-0.05133981073019063,-0.06909578919952918,0.5503266129474157,0.5570182987740099,-0.09302048302889257,0.9974924279357333,-0.008294183193553198,0.07028557985837267,0.006286604824604147,0.9995672558603341,0.028736381324389184,-0.07049350899661022,-0.02822246511191429,0.9971129111852638,0.5236937039048893,-0.08643646863968746,-0.03070126401250931,-0.5159482342153101,7.320209916810762,1.1557065579463068,0.5203800411035799,-0.3283678953857102,-0.10609828734367555,0.0033136628013094027,0.24193142674602275,0.07539702333116624,0.0023590327037073576,0.023002075029552732,0.002812848950423399,-0.001651839172647746,0.023063649284318397,0.002812848950423399,0.03790161022556005,0.0,-0.027431675719516546,0.02369370390488934,-0.08643646863968746,-0.030701264012509305,optimal,100.27796899976238,False,"[[0.5236937039048893,-0.08643646863968746,-0.03070126401250931],[0.5233633360703598,-0.08182373878282377,-0.030138694222424628],[0.5228076856448516,-0.0772955272421228,-0.029319987064546336],[0.5220718302061481,-0.07283492245351565,-0.028296393956348614],[0.5211918370813726,-0.06842839319053817,-0.02710892201778967],[0.5201965667133451,-0.06406511200300773,-0.02579038442730966],[0.5191091156827229,-0.05973641384451393,-0.024367041080752667],[0.5179479715370334,-0.05543536282009833,-0.02285991158615895],[0.5167279371680509,-0.05115640539150633,-0.021285826244166917],[0.5154608709563848,-0.04689509270027451,-0.01965826756304506],[0.5141562796905106,-0.0426478581248075,-0.01798804438410538],[0.5128217939061931,-0.03841183894929813,-0.016283832323769],[0.511463549413275,-0.03418473322793712,-0.014552607554387184],[0.5100864940861692,-0.029964684687622634,-0.012799995612858946],[0.5086946352575791,-0.025750189914305135,-0.011030552677475968],[0.5072912400851337,-0.02154002318228494,-0.0092479933768372],[0.5058789989092694,-0.01733317516792724,-0.007455376521278795],[0.5044601597702516,-0.013128802483480346,-0.005655258043390934],[0.5030366408101882,-0.008926185507688105,-0.003849818794647317],[0.5016101261801346,-0.004724692404727105,-0.002040973587978862],[0.5001821502476467,-0.0005237475324154894,-0.000230466938420241]]","[[-0.0016518391726477461,0.023063649284318397,0.002812848950423399],[-0.002778252127540818,0.022641057703504927,0.00409353578939146],[-0.003679277193517701,0.02230302394303572,0.005117965540988612],[-0.00439996562387724,0.02203264631488732,0.005937359692794713],[-0.004976351840137412,0.02181640593765231,0.0065926879524000675],[-0.005437255153111226,0.021643490792468932,0.007116716732784943],[-0.005805720728447372,0.021505255122078026,0.007535647472968584],[-0.006100171844912658,0.021394787142960038,0.007870426709960172],[-0.006335331058330346,0.021306563456159076,0.008137793405609288],[-0.006522956329371324,0.021236172877335088,0.008351115894698386],[-0.006672428921587639,0.021180095877546875,0.008521060301681921],[-0.006791222464590106,0.021135528606805024,0.008656123846909069],[-0.00688527663552885,0.021100242701572448,0.00876305970764119],[-0.006959294142950807,0.02107247386658751,0.008847214676914888],[-0.007016975862227076,0.021050833660100975,0.008912796503193848],[-0.00706120587932147,0.021034240071788505,0.008963084277792018],[-0.007094195695088707,0.021021863422234485,0.009000592389439307],[-0.007117594800317152,0.021013084878961207,0.009027196243718082],[-0.007132573150268224,0.02100746551480501,0.009044226033342276],[-0.007139879662439479,0.021004724361558084,0.009052533247793104]]"
1782756191.7643032,TRACKING,MPC tracking AprilTag,Walk,True,fresh_solve,0,11,71.90235137939453,-0.060878068080145356,-0.05746564069657649,0.5548726244730772,0.5611524466875997,-0.10927831369394199,0.9975846412271233,-0.002742760270673515,0.06940721038803749,-7.645732738816588e-06,0.9992157773073129,0.03959583717621237,-0.06946138156770607,-0.03950072969250018,0.996802291743185,0.5303164634417472,-0.08710327015010592,-0.04403068847543676,-0.5117105328258593,7.315950936500126,1.1524229060632178,0.5219635518177537,-0.3341635420425235,-0.10281463546058657,0.008352911623993542,0.24706027189241758,0.05878394698514981,0.0041156984900264405,0.022549231699689903,0.004840706671760715,-0.0031191721609142393,0.022708535605311133,0.004840706671760715,0.040062309142732525,0.0,-0.029905662139548074,0.03031646344174721,-0.08710327015010592,-0.04403068847543676,optimal,89.09382500041829,False,"[[0.5303164634417472,-0.08710327015010594,-0.04403068847543676],[0.5296926290095644,-0.0825615630290437,-0.043062547141084616],[0.5288340388553733,-0.07807666984781447,-0.041769972833910846],[0.5277876660687185,-0.07363722250744147,-0.0402178824767202],[0.5265910946075217,-0.06923412520099066,-0.0384582171898166],[0.5252743984959771,-0.06486009962322421,-0.0365325393470183],[0.5238616455257616,-0.06050932105533842,-0.03447411069434884],[0.5223721006456187,-0.056177127129023695,-0.03230955543733817],[0.5208211892087954,-0.05185978470804895,-0.030060191451299217],[0.5192212682407048,-0.04755430323145013,-0.02774309617509347],[0.5175822442901966,-0.04325828518548192,-0.025371960483074087],[0.5159120687569995,-0.0389698062279306,-0.022957773228803546],[0.5142171354617078,-0.03468731897100326,-0.020509370687731756],[0.512502600336811,-0.0304095756119382,-0.01803387837096858],[0.5107726392233188,-0.026135565542866817,-0.015537067300839293],[0.5090306566628107,-0.021864464820420215,-0.013023642562000878],[0.5072794561245152,-0.01759559496856073,-0.010497478555674863],[0.505521380178772,-0.013328389054780045,-0.007961812719708384],[0.5037584276255481,-0.009062363343473788,-0.005419407400466564],[0.5019923534344364,-0.004797093109161313,-0.0028726879701507545],[0.5002247564931355,-0.0005321914002116577,-0.00032386409540860884]]","[[-0.0031191721609142393,0.022708535605311136,0.004840706671760715],[-0.004292950770955473,0.022424465906146118,0.0064628715358688495],[-0.0052318639332735095,0.02219723670186509,0.007760451785953208],[-0.0059828573059842495,0.022015486532254002,0.00879832643451801],[-0.006583480557723231,0.021870127888832296,0.009628389213991494],[-0.007063764851077402,0.02175389283942889,0.010292143263347335],[-0.007447724400714473,0.021660969631573615,0.010822776285053327],[-0.007754557184116295,0.021586712104873704,0.011246819930194767],[-0.00799960484045296,0.021527407382994163,0.011585476381028728],[-0.0081951197525413,0.021480090229841015,0.011855678460096906],[-0.008350877665985737,0.0214423947877566,0.012070936271352715],[-0.00847466647645849,0.021412436284636703,0.01224201270535894],[-0.008572675624483193,0.021388716795325325,0.012377461583815894],[-0.008649805567461085,0.021370050345356897,0.012484055350646426],[-0.008709912802541062,0.021355503612233,0.012567123694192063],[-0.00875600269147712,0.021344349259297436,0.012630820031630083],[-0.008790379728716059,0.021336029568903427,0.01267832917983239],[-0.008814762766119833,0.021330128556531276,0.012712026596209099],[-0.008830370955558626,0.021326351171562376,0.012733597151579045],[-0.008837984706504378,0.021324508544748277,0.012744119373710727]]"
1782756192.0087454,TRACKING,MPC tracking AprilTag,Walk,True,fresh_solve,0,11,71.32682800292969,-0.06667236966777615,-0.06364256794453169,0.5525425270260381,0.5601774946425562,-0.12008412327099906,0.9987522277954173,-2.522838740168351e-05,0.04993983217051732,-0.0013676104959680058,0.999611011556186,0.02785597273745464,-0.049921108914188654,-0.027889513067584505,0.998363690217964,0.5360148355712209,-0.08970502881860863,-0.05135807463057122,-0.5086484536134971,7.319649299976871,1.153039919256939,0.517231584222098,-0.3349776084910199,-0.10343164865430765,0.018783251349122843,0.24527257967241123,0.052073574023736434,0.005727955033521519,0.022338744445543093,0.006816812954319894,-0.004573631899338413,0.022603337442038973,0.006816812954319894,0.04204538469123147,0.0,-0.03231651180427027,0.03601483557122087,-0.08970502881860863,-0.051358074630571224,optimal,83.18456300003163,False,"[[0.5360148355712209,-0.08970502881860863,-0.05135807463057122],[0.5351001091913532,-0.08518436133020084,-0.04999471203970724],[0.5339526866554282,-0.08068052428925819,-0.04831519608703868],[0.5326191289472706,-0.07619015003296467,-0.046382786999182565],[0.5311366902920933,-0.07171054403773669,-0.04424810034599655],[0.5295351808677585,-0.06723955019304396,-0.04195163781907178],[0.5278384573136703,-0.06277544299588296,-0.03952581231631248],[0.5260656155627452,-0.05831684127562675,-0.036996568586831126],[0.524231945638058,-0.053862639135493606,-0.034384680468404115],[0.5223496961539951,-0.04941195065770799,-0.03170678957936055],[0.5204286867469742,-0.04496406560761173,-0.02897623739949871],[0.5184767990572653,-0.0405184139219311,-0.026203732344075952],[0.5165003708110038,-0.03607453720561319,-0.02339788518457159],[0.5145045127064976,-0.03163206581207321,-0.02056563958726087],[0.5124933639491422,-0.02719070036086526,-0.017712619296528703],[0.5104702992116908,-0.02275019676866005,-0.014843409322088937],[0.5084380973678919,-0.018310354045078428,-0.01196178518947004],[0.5063990804361762,-0.013871004243172412,-0.009070901716291518],[0.5043552296805791,-0.009432004062077818,-0.006173450753144903],[0.5023082846739414,-0.004993227681971012,-0.003271795776123317],[0.5002598302765523,-0.0005545604730777642,-0.00036809006062613617]]","[[-0.0045736318993384135,0.022603337442038976,0.006816812954319894],[-0.005737112679624941,0.022519185204713243,0.008397579763342794],[-0.006667788540788151,0.022451871281467643,0.009662045439280563],[-0.007412193275886203,0.022398029976139898,0.010673433265930088],[-0.008007547121673998,0.022354969223463618,0.011482312634623845],[-0.008483617770440929,0.022320535985804992,0.012129127513796521],[-0.008864208754625338,0.022293008601281087,0.01264621864740675],[-0.00916834962343645,0.02227101070066571,0.013059440592135044],[-0.009411247420314817,0.022253442388928086,0.01338945444521782],[-0.00960504703510436,0.02223942525048134,0.013652760899309212],[-0.009759438448544556,0.02222825842840313,0.013862525277113794],[-0.009882141231307413,0.02221938358158955,0.014029235797521793],[-0.009979290522531074,0.022212356967699916,0.014161227986553608],[-0.010055743786776724,0.022206827256039754,0.014265101453660833],[-0.010115323687256643,0.02220251796102605,0.014346049872198827],[-0.01016100921899483,0.02219921361790812,0.014408120663094489],[-0.010195084658578192,0.022196749009530066,0.014454417365892603],[-0.010219253777985897,0.022195000905472988,0.014487254815733075],[-0.010234725033188332,0.02219388190053403,0.014508274885107928],[-0.010242271986945618,0.022193336044466248,0.014518528577485904]]"
1782756192.2737541,TRACKING,MPC tracking AprilTag,Walk,True,fresh_solve,0,11,71.37320709228516,-0.06145507197792716,-0.06768147913153347,0.5479142597028093,0.5554885637660977,-0.1116950170470982,0.9994673915169444,0.0027498869270179407,0.03251724798016613,-0.004212176061852553,0.9989786911379004,0.044987022853610135,-0.0323603286006023,-0.045100030757150265,0.9984582096204954,0.5395224578928977,-0.09115795233278763,-0.05112495590000641,-0.5074334073880039,7.324919769414218,1.155516057708798,0.512055899613097,-0.3334071072181011,-0.10590778710616668,0.0274665582798006,0.24224915488531346,0.054782831206160267,0.0070305847081450715,0.022284301892810884,0.008285353209136,-0.005882610861096975,0.022614467087358966,0.008285353209136,0.04364761919101844,0.0,-0.03410813091514592,0.039522457892897656,-0.09115795233278763,-0.05112495590000641,optimal,98.32317100062937,False,"[[0.5395224578928977,-0.09115795233278762,-0.05112495590000641],[0.5383459357206782,-0.08663505891531581,-0.04946788525817921],[0.5369599925760425,-0.08211038488775504,-0.04757586574614034],[0.5354065322303053,-0.07758428653857588,-0.04549590910113076],[0.5337190825947259,-0.07305704894016798,-0.0432656302037429],[0.5319244721160719,-0.06852890020245955,-0.04091512782195028],[0.530044171198957,-0.0640000228784138,-0.03846848954950618],[0.5280953657260717,-0.05947056309167704,-0.0359449961856313],[0.5260918163523184,-0.05494063784276108,-0.033360085774974804],[0.5240445465375557,-0.05041034085906869,-0.03072612550984678],[0.521962393719592,-0.045879747281263906,-0.02805303008983373],[0.5198524511860754,-0.04134891742030509,-0.025348757456777914],[0.5177204227388765,-0.036817899772992914,-0.02261970669186945],[0.5155709078841819,-0.032286733446810385,-0.019871037969705827],[0.5134076318078031,-0.027755450115296995,-0.017106930567021766],[0.5112336316344678,-0.023224075601725683,-0.014330791826525977],[0.5090514082840554,-0.018692631170266504,-0.011545427524036578],[0.5068630515175918,-0.014161134589195112,-0.00875318215727201],[0.5046703444253003,-0.009629601019306554,-0.005956056170736951],[0.5024748525811127,-0.005098043771955016,-0.003155805977947559],[0.500278002321366,-0.0005664749746215376,-0.00035403178210727227]]","[[-0.005882610861096975,0.022614467087358966,0.008285353209136],[-0.006929715723178312,0.022623370137803835,0.009460097560194362],[-0.00776730172868649,0.02263049174589582,0.010399783225047898],[-0.008437248177896919,0.02263618799203952,0.011151394486939284],[-0.00897305239327012,0.02264074368854212,0.01175251190896309],[-0.009401504585574753,0.022644386620228756,0.012233191362220506],[-0.00974402736442605,0.02264729893368375,0.012617466819374402],[-0.010017746868766577,0.022649626244579855,0.012924552053282476],[-0.010236349073813357,0.02265148491846188,0.013169801325640128],[-0.010410764089818732,0.02265296788902392,0.013365477100065243],[-0.010549712667582969,0.022654149304794084,0.013521363165279075],[-0.010660142235994282,0.02265508823656088,0.013645253824542314],[-0.010747574273473233,0.022655831630912636,0.013743343610818125],[-0.010816380381893772,0.022656416657566954,0.0138205370134203],[-0.010870000866676928,0.022656872567856545,0.013880693702478944],[-0.010911116752061854,0.022657222157295886,0.01392682151244699],[-0.0109417838323178,0.02265748290535695,0.013961226833822843],[-0.010963535461457561,0.022657667849442783,0.013985629932675292],[-0.010977459220938126,0.022657786236757682,0.01400125096394696],[-0.010984251298733524,0.022657843986667387,0.014008870979201433]]"
1782756192.4745553,TRACKING,MPC tracking AprilTag,Walk,True,fresh_solve,0,11,71.19908142089844,-0.06723389774737082,-0.06931584780461565,0.5411940023640864,0.5497417866217151,-0.12359925619253996,0.9981133579075726,-0.0037258828315071477,0.06128492933499865,0.0017042184429716413,0.9994536608839881,0.03300720201853825,-0.061374427948197884,-0.03284048633500789,0.9975743992561715,0.5403796103533867,-0.08998343056456055,-0.05048136029795584,-0.5044594630479546,7.327617666128025,1.1470110143214547,0.5082354483584961,-0.33464288382707796,-0.0974027437188234,0.03214416199489056,0.24465945326251742,0.04692138342086756,0.008047149192568066,0.022172189577390713,0.00934753605592335,-0.006918090861435687,0.02255000265224202,0.00934753605592335,0.044897993506858726,0.0,-0.03540399398822649,0.040379610353386663,-0.08998343056456055,-0.05048136029795584,optimal,98.70367099938449,False,"[[0.5403796103533867,-0.08998343056456055,-0.05048136029795584],[0.5389959921810995,-0.08547343003411215,-0.04861185308677118],[0.5374467095979061,-0.08097374304198854,-0.046572409328738386],[0.5357649109724223,-0.0764823059164074,-0.04439703221902443],[0.5339771188711498,-0.07199746747891347,-0.042112928285212174],[0.5321045561868009,-0.06751790648545591,-0.03974186771367961],[0.5301642072829336,-0.06304256556418568,-0.03730127285891869],[0.5281696672121304,-0.058570598346863095,-0.03480508936125994],[0.5261318214686271,-0.05410132715044586,-0.032264483428889025],[0.5240593902630241,-0.049634209092936935,-0.029688400148255977],[0.5219593645328169,-0.04516880894928471,-0.02708401073839772],[0.5198373554892711,-0.04070477739013042,-0.024457071111889935],[0.517697875177985,-0.03624183351534017,-0.021812209670475813],[0.5155445620811703,-0.03177975080899829,-0.019153158725153233],[0.5133803630417617,-0.027318345813611516,-0.01648294111172465],[0.5112076806055648,-0.022857468957234332,-0.01380402133258722],[0.5090284931485454,-0.018396997074871725,-0.011118428781852657],[0.5068444537956281,-0.013936827250229397,-0.008427859215052813],[0.5046569730769431,-0.009476871669899056,-0.005733759536916286],[0.5024672894543318,-0.005017053232688025,-0.003037400146604832],[0.5002765312444394,-0.0005573016945595821,-0.00033993845767146103]]","[[-0.0069180908614356875,0.022550002652242024,0.00934753605592335],[-0.007746412915967408,0.022498434960618013,0.01019721879016394],[-0.008408993127418723,0.022457185627905742,0.010876885548569809],[-0.008938960506362198,0.022424192187469594,0.011420519669061244],[-0.009362813421745005,0.02239780496728776,0.011855302857662819],[-0.009701744519336284,0.022376704606351154,0.012202974273804615],[-0.0099727003540156,0.022359836086612937,0.012480917488293717],[-0.010189228717516922,0.0223463559820862,0.012703029661854584],[-0.010362156028015313,0.022335590287544612,0.012880416403165259],[-0.010500128651035693,0.02232700071826109,0.013021947049291273],[-0.01061004521772908,0.022320157795771456,0.01313469813253893],[-0.010697401556430145,0.02231471937395123,0.01322430720707061],[-0.01076656548407394,0.022310413531709403,0.0132952547266129],[-0.010820995197042655,0.02230702497693388,0.013351088067142912],[-0.010863412180984727,0.02230438428188589,0.013394598895687148],[-0.010895937285097258,0.022302359411813025,0.013427962753672818],[-0.010920196764585876,0.022300849123211647,0.013452847833999209],[-0.010937403593425009,0.022299777901651687,0.013470498390682636],[-0.010948418113056618,0.02229909218605515,0.013481796951557275],[-0.01095379104946228,0.022298757690642202,0.013487308444666854]]"
1782756192.7127707,TRACKING,MPC tracking AprilTag,Walk,True,fresh_solve,0,11,71.61210632324219,-0.076491597775317,-0.05791266299324907,0.5395525940869823,0.5480162797318912,-0.14083008750025341,0.9988550073983861,4.872815072923611e-05,0.04784006501602408,-0.00186135748537412,0.9992818673733519,0.037845539857932556,-0.04780386536130448,-0.0378912544579095,0.9981377877287906,0.5379622739536121,-0.093600151662986,-0.052064739550155295,-0.4993175624288754,7.3271936036700644,1.1412179600507686,0.5060429994241598,-0.33931323056100127,-0.0916096894481373,0.03191927452945231,0.24571307889801525,0.039544949897982004,0.008717768422468606,0.022302388170887665,0.010242828794060481,-0.007545311803169299,0.022725850351212266,0.010242828794060481,0.04572285515963639,0.0,-0.036496251128753786,0.03796227395361207,-0.093600151662986,-0.052064739550155295,optimal,87.51605799989193,False,"[[0.5379622739536121,-0.093600151662986,-0.052064739550155295],[0.5364532115929782,-0.08905498159274355,-0.050016173791343196],[0.5348438013861412,-0.08448167799462067,-0.04782437190628656],[0.5331541222829345,-0.07988587020413701,-0.04551799451005603],[0.5314002397883729,-0.07527206234719411,-0.043119973442163576],[0.5295950092379038,-0.07064385854637058,-0.040648658358538065],[0.5277487185641789,-0.06600414312705101,-0.0381187342143217],[0.5258696026936873,-0.06135522483369519,-0.03554195551162716],[0.5239642552930796,-0.05669895226706107,-0.03292773402464319],[0.5220379584525007,-0.052036806314242706,-0.0302836093883441],[0.5200949467900969,-0.04736997419302493,-0.02761562608023841],[0.5181386191829235,-0.04269940881277263,-0.02492863564424433],[0.5161717087107968,-0.03802587641989892,-0.02222653926788564],[0.5141964193102858,-0.033349994910185886,-0.019512482841667893],[0.5122145359715404,-0.02867226472357363,-0.01678901425360369],[0.5102275139877984,-0.023993093866157295,-0.01405821078361331],[0.5082365517200482,-0.019312818310491822,-0.01132178296752072],[0.5062426505150773,-0.014631718794219697,-0.008581160123844779],[0.5042466647728125,-0.00995003485695307,-0.005837561819725179],[0.5022493446663161,-0.005267976817254359,-0.0030920588492794254],[0.5002513736504381,-0.0005857362885643915,-0.00034562677330871933]]","[[-0.007545311803169301,0.022725850351212273,0.010242828794060481],[-0.008047051034185026,0.022866517990614354,0.010959009425283198],[-0.008448395516033647,0.02297903895241837,0.011531886981152636],[-0.008769412472807594,0.023069039284714526,0.011990105339462268],[-0.009026152752345567,0.02314101900411762,0.012356575418127574],[-0.009231453368624465,0.023198577096597818,0.01264962072108182],[-0.00939557935245823,0.02324459146677912,0.012883893513472718],[-0.009526737003038552,0.023281362833170595,0.013071107434919814],[-0.009631484202894449,0.02331072976409182,0.01322062318149546],[-0.00971505831201871,0.023334160606088852,0.013339916540528442],[-0.009781638035867554,0.023352826901261548,0.013434952179970407],[-0.009834552360633422,0.023367661964368538,0.013510481881793454],[-0.009876447002554604,0.023379407548565167,0.013570282131088733],[-0.009909416693727163,0.023388650933061274,0.013617342940321011],[-0.009935109918709726,0.02339585428708166,0.013654017349951902],[-0.009954811338751418,0.02340137777832735,0.013682139080462948],[-0.009969506024854326,0.023405497581360624,0.013703114218379702],[-0.009979928711323598,0.023408419686333146,0.013717991520598005],[-0.009986600532482695,0.023410290198493545,0.013727514852228766],[-0.00998985507938957,0.023411202643449834,0.013732160379853529]]"
1782756192.9261606,TRACKING,MPC tracking AprilTag,Walk,True,fresh_solve,0,11,71.69830322265625,-0.08019142855475805,-0.06432007962560968,0.534610116971707,0.5444039998247624,-0.14888978481279694,0.999435970735103,0.00037359490930199827,0.03357976812942641,-0.0014191626326049128,0.9995146978908982,0.031118397733312576,-0.03355184612215126,-0.0311485011984551,0.9989514725425281,0.5361193348364873,-0.09609844022181765,-0.05077309335617568,-0.49697518043013295,7.332421961097351,1.1421058292792534,0.500342522877538,-0.3387413547380139,-0.09249755867662211,0.03577681195894933,0.24264291451619627,0.041724465320446436,0.009059502077962675,0.022582023341104283,0.010834633908084184,-0.007901760687101671,0.023012703755155833,0.010834633908084184,0.0461431875558941,0.0,-0.037218253367862705,0.03611933483648733,-0.09609844022181765,-0.05077309335617567,optimal,100.07339599997067,False,"[[0.5361193348364873,-0.09609844022181765,-0.05077309335617568],[0.534538982699067,-0.09149589947078648,-0.04860616657455884],[0.5329016030050009,-0.08684746560722273,-0.046344558055434734],[0.5312186065965975,-0.08216232154375588,-0.04400721299722546],[0.5294991234804481,-0.07744781468302028,-0.04160928977139887],[0.5277504593277573,-0.07270982428778681,-0.03916291784104195],[0.5259784607579021,-0.06795305544410152,-0.03667780423401516],[0.5241878076694014,-0.06318127431558779,-0.03416171889434547],[0.5223822472348421,-0.058397496451627624,-0.03162088317942772],[0.5205647812595077,-0.053604137564830685,-0.02906028092789432],[0.5187378162716434,-0.04880313431666483,-0.02648390765154692],[0.5169032838488675,-0.04399604115052946,-0.02389497031094646],[0.5150627371970532,-0.03918410801392544,-0.021296047663441228],[0.5132174288106212,-0.034368342855830285,-0.018689219201034273],[0.5113683730972618,-0.02954956202414692,-0.01607616912498356],[0.5095163970983188,-0.024728431083098842,-0.013458270555864866],[0.5076621818408565,-0.019905498091441338,-0.010836654189600567],[0.5058062963890139,-0.015081221005399216,-0.008212264832255761],[0.5039492262972102,-0.010255990576478049,-0.005585908640341517],[0.5020913978878672,-0.005430149889039462,-0.0029582934286404377],[0.5002331995675293,-0.0006040115145192043,-0.00033006406094577943]]","[[-0.00790176068710167,0.02301270375515583,0.010834633908084184],[-0.008186898470330528,0.023242169317818775,0.011308042595620538],[-0.00841498204201732,0.02342572031733425,0.011686725291046359],[-0.008597415580746384,0.023572534303678026,0.01198961612913294],[-0.008743320763454175,0.023689951976167297,0.01223185965178461],[-0.00885999284927608,0.023783844218426525,0.01242556803513395],[-0.008953265442503196,0.023858905642568668,0.012580426698348428],[-0.009027802172796877,0.023918889319800837,0.012704178574588769],[-0.00908732987667181,0.02396679443398464,0.01280301125766699],[-0.009134824939321738,0.024005016240829263,0.012881866381737002],[-0.009172662113879161,0.02403546583067694,0.012944686703002304],[-0.009202733259071949,0.024059665683020058,0.012994613237526164],[-0.00922654193215974,0.02407882579047577,0.013034142312034772],[-0.009245278566796925,0.02409390415841686,0.013065250380253562],[-0.009259879994715363,0.02410565470524038,0.01308949284559347],[-0.009271076287310973,0.024114664958287516,0.013108081831321493],[-0.00927942725921354,0.024121385430210616,0.013121946786724032],[-0.009285350459018188,0.02412615214460584,0.013131780959571213],[-0.009289142046715153,0.024129203437192947,0.013138076058505397],[-0.009290991601689282,0.024130691872601293,0.013141146838473292]]"
1782756193.1109924,TRACKING,MPC tracking AprilTag,Walk,True,fresh_solve,0,11,71.71790313720703,-0.07676647362292333,-0.06155902043121633,0.5312566998644487,0.5402927776861494,-0.1435064626477301,0.9993848176666895,0.0013703482004941677,0.03504437705434544,-0.002624639156842825,0.9993565810972279,0.035770589692596035,-0.03497281067649694,-0.03584056310200905,0.9987453912534049,0.534486019651557,-0.09718747171764897,-0.04487159818242523,-0.49697867792112677,7.335941396762107,1.1432726896576422,0.4972921102982073,-0.3369859565704588,-0.09366441905501088,0.03719390935334965,0.23979848485280986,0.04879282087258565,0.009104835770985429,0.0229101420570061,0.010912886302314762,-0.008068001450446446,0.02329549304231206,0.010912886302314762,0.04619894799831208,0.0,-0.03731372128882401,0.034486019651556954,-0.09718747171764897,-0.04487159818242523,optimal,85.00804000050266,False,"[[0.534486019651557,-0.09718747171764894,-0.04487159818242523],[0.5328724193614677,-0.09252837310918655,-0.04268902092196228],[0.5312322225382545,-0.0878240315982518,-0.04049392421468435],[0.5295707509748063,-0.08308349999468007,-0.03828881312028181],[0.5278922627270002,-0.07831402160367479,-0.036075691979088824],[0.5262001650164955,-0.07352139239106772,-0.03385616462910002],[0.5244971845918163,-0.0687102507816106,-0.03163151459787024],[0.5227855040657784,-0.0638843095802126,-0.029402769278892273],[0.5210668710461293,-0.059046541612185845,-0.0271707513012715],[0.519342685515936,-0.05419932836451108,-0.02493611966118116],[0.5176140698327386,-0.0493445790601866,-0.022699402671671018],[0.5158819248464266,-0.04448382611937822,-0.02046102437831985],[0.5141469749417339,-0.03961830178042757,-0.01822132576151437],[0.5124098042574755,-0.03474899971176917,-0.015980581785468583],[0.510670885893488,-0.029876724695352148,-0.013739015146434486],[0.5089306055656215,-0.025002132865737693,-0.011496807407514652],[0.5071892808915323,-0.020125764516827134,-0.009254108076817365],[0.5054471772715653,-0.015248071116556988,-0.007011042082862045],[0.5037045211587718,-0.010369437880295797,-0.004767716021005203],[0.5019615113815616,-0.005490203031612544,-0.0025242234832082763],[0.5002183290851239,-0.0006106747134551169,-0.000280649737635699]]","[[-0.008068001450446446,0.023295493042312057,0.010912886302314762],[-0.00820098411606589,0.02352170755467365,0.010975483536389679],[-0.008307357817240976,0.023702658017858695,0.011025555472012682],[-0.008392441239030457,0.02384739195502644,0.011065605705964921],[-0.00846048855252381,0.02396314606303527,0.011097636749944009],[-0.0085149021233957,0.02405570804728563,0.011123250156148899],[-0.008558402630189725,0.024129706006990038,0.011143726594889837],[-0.008593165098245582,0.024188839840133716,0.011160089888103868],[-0.008620927650966068,0.024236066238373842,0.011173158200451694],[-0.008643078415987203,0.024273746521622428,0.011183584947550708],[-0.008660724931560048,0.0243037647040419,0.011191891466755857],[-0.008674749523463242,0.024327621694753235,0.011198493084027402],[-0.008685853421291946,0.024346510343291994,0.011203719880228918],[-0.008694591819937595,0.02436137508208512,0.011207833195170484],[-0.00870140163933247,0.02437295914807227,0.011211038694599176],[-0.008706623370446318,0.024381841744552796,0.011213496653486428],[-0.008710518099834828,0.024388467001350726,0.011215329969776604],[-0.008713280563967429,0.024393166181305964,0.011216630309284211],[-0.008715048886050748,0.02439617424341626,0.01121746268898463],[-0.008715911482188953,0.02439764159078714,0.011217868727862885]]"
1782756193.3197048,TRACKING,MPC tracking AprilTag,Walk,True,fresh_solve,0,11,71.70098876953125,-0.07897046026796956,-0.0695494451229784,0.5258113940118813,0.5362378958863007,-0.1490736170713719,0.9990934554558861,-0.005334511675247481,0.042235177878208276,0.004027526495106463,0.9995121922867519,0.030970251863073027,-0.0423797864028178,-0.0307720726522867,0.9986275748491696,0.5315298375985038,-0.09645631358379747,-0.04141739328134557,-0.4939360831040879,7.340042158060335,1.1387833884586032,0.4922208734366551,-0.33758276737779924,-0.08917511785597186,0.0393089641618487,0.24112645379400177,0.047757724574626285,0.008974088779620599,0.023110628137136362,0.010757461459189089,-0.008009484462212512,0.023462386088526622,0.010757461459189089,0.04603812919893334,0.0,-0.03712410298021069,0.03152983759850381,-0.09645631358379747,-0.04141739328134557,optimal,94.47086700038199,False,"[[0.5315298375985038,-0.09645631358379743,-0.04141739328134557],[0.5299279407060613,-0.09176383636609212,-0.03926590098950775],[0.5283354058316014,-0.08704465825780806,-0.03713927481296738],[0.526750359696359,-0.08230412193308055,-0.03503253920416165],[0.52517130345853,-0.07754650215522263,-0.032941713143914475],[0.5235970377711808,-0.07277521951489088,-0.030863611090477704],[0.5220266028149019,-0.06799301145961818,-0.028795683702443703],[0.5204592303068373,-0.06320206916619033,-0.026735890371674977],[0.5188943050865417,-0.05840414709948539,-0.0246825971928973],[0.5173313343579582,-0.05360065073571757,-0.02263449526843599],[0.5157699230496156,-0.048792706836247944,-0.020590535263332186],[0.5142097540610547,-0.04398121978565249,-0.01854987493859491],[0.5126505724078054,-0.03916691681095087,-0.0165118370392515],[0.5110921724721632,-0.03435038434295747,-0.014475875431598992],[0.509534387722304,-0.029532097337822083,-0.012441547796518966],[0.5079770823856925,-0.02471244302483739,-0.010408493513521628],[0.5064201446604563,-0.0198917402679036,-0.008376415629721315],[0.5048634811252913,-0.015070255508723492,-0.0063450660121922185],[0.5033070120683975,-0.010248216088887508,-0.004314232941322089],[0.5017506675018878,-0.005425821616953309,-0.0022837305248316273],[0.5001943836623949,-0.0006032539488736386,-0.0002533894031605148]]","[[-0.008009484462212512,0.023462386088526625,0.010757461459189089],[-0.00796267437229954,0.02359589054142025,0.010633130882701841],[-0.007925230676211878,0.023702681623637607,0.010533678044028657],[-0.007895281189145146,0.023788098889289573,0.010454130301235875],[-0.007871328436746006,0.023856413201658738,0.01039051026718386],[-0.007852174781394503,0.023911040276363562,0.010339636940170005],[-0.007836862540323059,0.02395471146713929,0.010298966653843623],[-0.007824626101478101,0.023989610333524706,0.010266465893888393],[-0.007814853642917386,0.02401748181883908,0.01024050962230655],[-0.007807056541712874,0.02403971949734813,0.010219800025519008],[-0.007800844942804342,0.02405743525297731,0.010203301623686385],[-0.007795908266246361,0.024071514873508084,0.010190189496717052],[-0.007791999678211034,0.024082662339966983,0.010179808038262541],[-0.007788923749296593,0.024091435025676955,0.010171638175400129],[-0.0077865266830573175,0.024098271564923498,0.010165271414986694],[-0.007784688626181243,0.024103513784668937,0.010160389419001563],[-0.007783317675824565,0.024107423795900553,0.010156748087645481],[-0.007782345284469451,0.024110197099179918,0.010154165354350646],[-0.007781722832548145,0.024111972359671004,0.01015251208245231],[-0.007781419197464581,0.02411283834039836,0.01015170560835556]]"
1782756193.5233974,TRACKING,MPC tracking AprilTag,Walk,True,fresh_solve,0,11,71.54584503173828,-0.08802338702419199,-0.06059183886366877,0.5201450211165871,0.5310087857959286,-0.16764027909888674,0.9994386676451582,-0.004407934298075322,0.03321023533332582,0.0034803959038859317,0.9996036683652112,0.027935515659549857,-0.033320210984074596,-0.02780424978373976,0.9990578998406149,0.5282955244416646,-0.09619125671162326,-0.04005288895596944,-0.49085532422865447,7.341983368706102,1.129986278302905,0.489003457602204,-0.33928793873810936,-0.08037800770027381,0.039292066839460627,0.2430966820264861,0.040325118744304375,0.008702666619190782,0.02324136632221897,0.01055622584287179,-0.007765052004004862,0.023571200270318258,0.01055622584287179,0.04570427994160466,0.0,-0.03687859552830358,0.02829552444166461,-0.09619125671162326,-0.04005288895596944,optimal,97.89226500015502,False,"[[0.5282955244416646,-0.09619125671162326,-0.04005288895596944],[0.5267425140408636,-0.0914770166575596,-0.03794164378739508],[0.5252286099088289,-0.08674536763633205,-0.03586259390971931],[0.5237459871361236,-0.08199979306877685,-0.0338092972551222],[0.5222883848812772,-0.07724308009841382,-0.03177659941693775],[0.5208507933287121,-0.07247745894862247,-0.029760375929320574],[0.519429203197965,-0.06770471443381082,-0.027757326043953673],[0.5180204052796633,-0.06292627520013591,-0.025764807692632553],[0.5166218299750566,-0.05814328515781159,-0.02378070538385501],[0.5152314188160795,-0.053356660676619296,-0.021803324428246014],[0.513847521541948,-0.048567136404397006,-0.019831306204088975],[0.5124688135861202,-0.043775301999431214,-0.017863560226239885],[0.5110942298479695,-0.03898163161337125,-0.015899209621870143],[0.5097229114377533,-0.034186507598811734,-0.013937547286825117],[0.5083541627321255,-0.0293902396269223,-0.011978000530416404],[0.5069874165929695,-0.024593080171006095,-0.010020102440887422],[0.5056222060104925,-0.01979523713016492,-0.008063468539825569],[0.5042581407527352,-0.014996884224254332,-0.0061077775582416075],[0.5028948878539746,-0.010198169679876414,-0.00415275537312019],[0.5015321549664375,-0.005399223641709886,-0.0021981613012690983],[0.500169675742912,-0.0006001646797440356,-0.00024377606515962882]]","[[-0.007765052004004863,0.02357120027031826,0.01055622584287179],[-0.007569520660173431,0.023658245106137742,0.010395249388378824],[-0.007413113863526648,0.023727872837776037,0.010266483272985542],[-0.0072880112742321704,0.023783564851815063,0.010163489190922281],[-0.007187957762825279,0.02382810574895677,0.010081117438085874],[-0.0071079506537356256,0.023863722574058242,0.010015249426834504],[-0.00704398959150873,0.023892196168374555,0.0099625917566056],[-0.006992876523033245,0.023914950211621527,0.00992051154388772],[-0.0069520557948853975,0.0239331224059615,0.009886904778044967],[-0.006919486370657796,0.023947621361111476,0.009860091120785204],[-0.0068935397791390594,0.023959172024828956,0.009838729889245446],[-0.006872918690753251,0.023968351930299808,0.0098217530218487],[-0.00685659205108108,0.02397562007279758,0.009808311675225133],[-0.00684374352813894,0.02398133985944716,0.009797733782043567],[-0.006833730695779721,0.023985797279581028,0.009789490447644917],[-0.006826052912385464,0.023989215204205876,0.00978316950530926],[-0.006820326288786456,0.023991764529552942,0.009778454907919806],[-0.006816264493802746,0.023993572721889584,0.009775110925607084],[-0.006813664437685149,0.023994730190832633,0.00977297035925546],[-0.006812396117627784,0.023995294809829246,0.00977192618054735]]"
1782756193.7564278,TRACKING,MPC tracking AprilTag,Walk,True,fresh_solve,0,11,71.73847198486328,-0.09861179558254438,-0.06701315387105813,0.5174736468699371,0.5310310953462443,-0.18830614134282803,0.999914151934586,0.0007585702704801825,0.01308102947334041,-0.0011635978327861906,0.9995192275939886,0.030983216585757294,-0.0130512375283416,-0.030995777794098896,0.9994343034726783,0.5237524709376846,-0.09945498759152924,-0.035792262970418716,-0.4854153555726573,7.344213645335966,1.125903854470766,0.4843606795407025,-0.34289515438117635,-0.07629558386813473,0.03939179139698212,0.2434401667896471,0.040503320897716015,0.008148933022629758,0.02357869775370252,0.010141060155722326,-0.0072999590676635345,0.02385520267736577,0.010141060155722326,0.04502318761783461,0.0,-0.036372093389981236,0.023752470937684622,-0.09945498759152924,-0.03579226297041871,optimal,81.0086470000897,False,"[[0.5237524709376846,-0.09945498759152924,-0.035792262970418716],[0.5222924791241519,-0.09468394705605611,-0.03376405093927425],[0.5209068966157632,-0.08986746953344256,-0.031802260450764744],[0.5195808345956513,-0.08501464666860076,-0.029893600987227004],[0.5183023802713631,-0.08013275283933136,-0.028027438582246437],[0.5170620012352365,-0.07522760887521371,-0.0261952641223363],[0.5158520688440175,-0.07030387309908467,-0.024390267891263376],[0.5146664767866974,-0.06536527424318059,-0.0226069990842363],[0.5135003357689627,-0.06041479788574903,-0.020841093267666016],[0.5123497290484789,-0.055454835729961224,-0.019089054157486293],[0.5112115165977742,-0.050487305189070526,-0.01734807880495043],[0.5100831781028656,-0.0455137452570752,-0.015615917449193923],[0.5089626869475603,-0.040535393458418265,-0.013890761029191238],[0.5078484088826452,-0.035553247724209654,-0.012171150730704525],[0.5067390203134268,-0.0305681162887817,-0.010455905045571739],[0.5056334421199966,-0.0255806581014058,-0.008744060696298524],[0.5045307857012354,-0.020591415773755947,-0.007034824472183512],[0.5034303085447577,-0.015600842710492415,-0.005327533568783237],[0.5023313771012917,-0.010609325779494817,-0.003621622447689976],[0.5012334351072166,-0.005617204655256047,-0.0019165945596113507],[0.5001359757713809,-0.0006247888026069523,-0.00021199751690571963]]","[[-0.0072999590676635345,0.023855202677365767,0.010141060155722326],[-0.006927912541943654,0.02408238761306766,0.00980895244254754],[-0.006630310100559225,0.02426411432420903,0.00954329731768869],[-0.0063922716214410286,0.024409469146346948,0.009330812024902836],[-0.006201895180633153,0.02452571982058831,0.009160872299550685],[-0.006049661956095205,0.024618678880645183,0.009024981155364627],[-0.005927960286600287,0.024692994279520413,0.008916344035135363],[-0.005830705088673655,0.02475238178715776,0.008829529082851428],[-0.005753033602418974,0.024799810778939085,0.008760195550898624],[-0.005691062253523512,0.024837652704453466,0.00870487676267931],[-0.005641692474542496,0.02486779965997661,0.008660806778782526],[-0.005602455776526874,0.024891758993284687,0.008625782100013428],[-0.005571390324575866,0.024910728671043093,0.008598051492433563],[-0.005546942846091921,0.024925657177139748,0.008576228425663936],[-0.0055278909671508435,0.024937290936879485,0.008559221746366067],[-0.005513282093805577,0.02494621163824929,0.008546181120575062],[-0.00550238578238886,0.02495286531631766,0.008536454517001371],[-0.005494657217329855,0.024957584654988006,0.00852955560546631],[-0.005489709970375613,0.02496060562119385,0.008525139440393124],[-0.005487296679178422,0.02496207926324548,0.008522985213528156]]"
1782756194.0096262,TRACKING,MPC tracking AprilTag,Walk,True,fresh_solve,0,11,70.6192626953125,-0.09325128446193907,-0.061477627249595275,0.512870000531517,0.5248913584269034,-0.17985763975779032,0.9999864512501783,0.0007589154674059125,0.0051498896481568,-0.0009416913134127788,0.9993663121182718,0.03558212220477066,-0.005119622402590196,-0.03558648971784548,0.9993534866182319,0.5202742465454973,-0.10126556093450576,-0.02783527616044692,-0.4851823033018549,7.3487931565460975,1.128821322309503,0.4802731588234077,-0.340817075780562,-0.07921305170687165,0.040001087722089546,0.23955151484605622,0.05137777554642473,0.007405662279917212,0.0239837645261834,0.009336184814761726,-0.006735284998687929,0.024180585820820204,0.009336184814761726,0.044108964604298175,0.0,-0.0353901454740093,0.020274246545497254,-0.10126556093450576,-0.02783527616044692,optimal,84.18576100029895,False,"[[0.5202742465454973,-0.10126556093450577,-0.02783527616044692],[0.5189271895457597,-0.09642944377034174,-0.025968039197494575],[0.5176704736409349,-0.09154126919631791,-0.024229572659050347],[0.5164860221668863,-0.08661145356077245,-0.022594110422655637],[0.5153593716810161,-0.08164833115896736,-0.021041036580954322],[0.5142789487901351,-0.07665857094785171,-0.019553854646324958],[0.5132354914808043,-0.07164750999390905,-0.01811936272649968],[0.5122215860186613,-0.06661942032648153,-0.016726993429950845],[0.5112312962617037,-0.061577722539237115,-0.01536828549631462],[0.5102598668531882,-0.056525156819852866,-0.014036460733372811],[0.5093034854537938,-0.05146391995939892,-0.01272608510744194],[0.508359092124655,-0.04639577519189188,-0.011432797041689077],[0.5074242263304197,-0.041322140355995685,-0.010153089337290193],[0.5064969039124806,-0.03624415878695486,-0.008884133813488957],[0.5055755178810455,-0.031162756483356674,-0.007623639898558922],[0.504658758065647,-0.02607868840706053,-0.006369740101217199],[0.5037455456066198,-0.02099257623129093,-0.005120896636060316],[0.5028349790121173,-0.01590493942429871,-0.0038758245342940425],[0.5019262890835188,-0.010816221222773576,-0.0026334273952936782],[0.501018800455499,-0.005726810793678578,-0.0013927425665728184],[0.5001118978277614,-0.0006370626925982824,-0.00015289301115903426]]","[[-0.0067352849986879295,0.024180585820820208,0.009336184814761726],[-0.0062835795241238035,0.02444087287011909,0.008692332692221142],[-0.00592225737024295,0.02464907817772736,0.008177311181973547],[-0.005633252429351327,0.02481561200902543,0.007765369208506562],[-0.005402114454404352,0.024948801055578212,0.007435909673146835],[-0.005217286546654678,0.02505530476971334,0.007172459599126382],[-0.00506952731071482,0.025140448337137564,0.00696184648274418],[-0.004951448784787787,0.0252084889362221,0.006793539668181118],[-0.004857147042577225,0.02526282859692118,0.0066591238147090445],[-0.004781906996972607,0.025306184302269753,0.006551878129654355],[-0.004721966645693701,0.02534072383753525,0.006466440328764313],[-0.004674328971176564,0.025368174179480937,0.006398538521994419],[-0.004636612089695336,0.02538990784520411,0.006344777619006177],[-0.004606930157175958,0.025407011517990928,0.006302469574650176],[-0.004583799076992461,0.02542034038148072,0.006269498986708615],[-0.0045660622951356694,0.025430560878847985,0.006244217325784416],[-0.004552832972512744,0.02543818403496109,0.006225360508831369],[-0.004543449642992538,0.025443591007625676,0.006211985695001822],[-0.004537443140099042,0.025447052145474984,0.0062034241436042985],[-0.004534513138687581,0.025448740505401475,0.006199247777068921]]"
1782756194.2316625,TRACKING,MPC tracking AprilTag,Walk,True,fresh_solve,0,11,70.70170593261719,-0.0945347428177918,-0.07046301435728097,0.5081236716887202,0.5216239255655043,-0.18394365859578585,0.9996663536463709,-0.0050559779473699695,0.025330188991885237,0.004179037347121775,0.9993940783650997,0.03455447547893351,-0.025489547548363363,-0.034437090698381655,0.999081763295683,0.5168729023287099,-0.10087525776122339,-0.02206515683144336,-0.4827590443996673,7.352250184299362,1.1245619438403769,0.4760685599186991,-0.3411973028763843,-0.0749536732377456,0.04080434241001074,0.2403220451151609,0.05288851640630224,0.006637519193914254,0.024260035421923894,0.008374426337753616,-0.006100645400945295,0.024400575923828258,0.008374426337753616,0.04316414860851454,0.0,-0.03421680013205941,0.01687290232870986,-0.10087525776122339,-0.02206515683144336,optimal,105.313901000045,False,"[[0.5168729023287099,-0.10087525776122337,-0.02206515683144336],[0.5156527732485208,-0.0959951425764577,-0.02039027156389264],[0.5145341789107347,-0.09107983160731369,-0.01886925614556702],[0.5134968028753264,-0.08613636730079555,-0.017471322222751252],[0.5125243896173892,-0.08117038443703894,-0.016171835516505563],[0.5116039317508904,-0.07618639186831752,-0.014951084108718687],[0.5107250196593688,-0.07118799796165672,-0.013793292846202305],[0.5098793210151124,-0.066178091017185,-0.012685834583031618],[0.5090601641627722,-0.061158983683140274,-0.011618598823249112],[0.5082622045365953,-0.05613252858828181,-0.010583486196066683],[0.5074811574321367,-0.05110021097332822,-0.009574003487326229],[0.5067135837710375,-0.0460632229529933,-0.008584938978791751],[0.5059567181471066,-0.04102252312172181,-0.007612101862237545],[0.5052083305560116,-0.035978884483411695,-0.006652112699036921],[0.5044666148950613,-0.03093293310160894,-0.005702234448230869],[0.5037300986580725,-0.025885179402684918,-0.004760235614480107],[0.5029975693100596,-0.020836043697154933,-0.003824278673298118],[0.5022680136604859,-0.015785877195203985,-0.002892828194826824],[0.5015405672037366,-0.010734979567196035,-0.0019645740723436807],[0.5008144708938382,-0.005683613927192191,-0.0010383660169255519],[0.5000890331921599,-0.000632019988653762,-0.00011315604300255231]]","[[-0.006100645400945296,0.024400575923828258,0.008374426337753616],[-0.005592971688930187,0.0245765548457202,0.007605077091628082],[-0.0051868801770418435,0.024717321532590632,0.006989669614078848],[-0.00486206628968585,0.02482991431878307,0.006497433531228451],[-0.004602289332494405,0.02491996284360714,0.0061037570389343735],[-0.004394560457607939,0.024991969533304043,0.00578895631258191],[-0.004228493221282126,0.025049534722358626,0.005537291315853436],[-0.0040957842617006775,0.025095536670223614,0.0053361787989125295],[-0.00398979813088452,0.02513227547429226,0.0051755631359121455],[-0.0039052355222928456,0.025161588074767996,0.005047413543702264],[-0.003837868305496071,0.025184940101674613,0.004945322542672391],[-0.0037843281196543567,0.025203499156357435,0.004864185582771032],[-0.0037419379554756178,0.0252181931915506,0.004799945816003121],[-0.003708578304750917,0.02522975690901378,0.004749391254030261],[-0.003682581184944019,0.02523876849462012,0.004709994168753809],[-0.00366264674006458,0.025245678527649945,0.0046797847059099435],[-0.0036477782478686266,0.025250832509754743,0.004657252392356471],[-0.0036372322837463617,0.025254488140039756,0.0046412706124157165],[-0.0036304815494916727,0.025256828200019236,0.004631040277090643],[-0.0036271885083918242,0.025257969692692152,0.004626049869614998]]"
1782756194.4574358,TRACKING,MPC tracking AprilTag,Walk,True,fresh_solve,0,11,70.78459167480469,-0.10609993145482008,-0.05991296743832348,0.5029753209988566,0.517523847427233,-0.20789673150858617,0.9999911849921344,-0.001740907623317147,0.00382088715797997,0.0016186592116886169,0.9994939609368187,0.03176793970633592,-0.0038742586882338655,-0.03176147495750244,0.9994879683258526,0.5120112917786404,-0.10310456015403911,-0.020517764011272182,-0.4792405120822056,7.353532138307714,1.1162719235254122,0.4732048979345933,-0.34361037473386,-0.06666365292278087,0.03880639384404705,0.2405058145798209,0.046145888911508684,0.0058286796421000335,0.02458947275494372,0.007556729335664433,-0.005322967209193716,0.024703880197778635,0.007556729335664433,0.042169275959783044,0.0,-0.03321920978951061,0.012011291778640354,-0.10310456015403911,-0.02051776401127218,optimal,81.74964599947998,False,"[[0.5120112917786404,-0.10310456015403908,-0.020517764011272182],[0.5109466983368016,-0.09816378411448336,-0.019006418144139295],[0.5100065241010017,-0.09317448302002274,-0.017625894013888508],[0.509165873599231,-0.08814636641779712,-0.01635001504382819],[0.5084048275461817,-0.08308720307955823,-0.015157836915276234],[0.5077074468789815,-0.07800320944025703,-0.014032600351625948],[0.5070609758040511,-0.07289936041979146,-0.012960893154515728],[0.5064552040074242,-0.06777963816900116,-0.011931979593910968],[0.50588195613905,-0.06264723117720962,-0.01093726362160234],[0.5053346830452902,-0.057504693696690194,-0.00996985906879532],[0.5048081343112373,-0.052354073455279856,-0.009024245337670465],[0.5042980957399692,-0.04719701404277106,-0.00809599137149244],[0.5038011786427029,-0.04203483709040134,-0.007181534101773252],[0.5033146504043555,-0.03686860835241514,-0.006278000294847849],[0.5028362978527902,-0.031699190993776126,-0.00538306289019087],[0.502364316600209,-0.0265272887484153,-0.004494824647390374],[0.5018972208237634,-0.021353481105927576,-0.003611723284127242],[0.5014337689744117,-0.016178252286051537,-0.0027324533620592274],[0.5009729016994666,-0.011002015449656325,-0.0018559010149038371],[0.5005136888749613,-0.005825133356785145,-0.0009810882551242088],[0.5000552830994511,-0.0006479365046573954,-0.00010712407455226986]]","[[-0.005322967209193715,0.024703880197778635,0.007556729335664433],[-0.004700871178999534,0.024946505472303152,0.006902620651253932],[-0.004203252508853043,0.025140583011128034,0.006379394850301588],[-0.0038052302652469188,0.025295816691194527,0.005960890642759783],[-0.003486903336000854,0.02541996819650596,0.005626182818251429],[-0.0032323553746525452,0.0255192451023279,0.005358535985551105],[-0.0030288589831345774,0.025598611253951443,0.005144567803023798],[-0.0028662393418710523,0.025662034958957768,0.00497357986154314],[-0.0027363654687987938,0.02571268740259719,0.0048370227640351],[-0.0026327436702641882,0.025753101207051682,0.004728068655624275],[-0.002550192856340506,0.025785297062543965,0.004641269830890124],[-0.002484585486331563,0.025810884761848656,0.0045722863485959395],[-0.0024326411917369116,0.02583114368993099,0.004517669034627012],[-0.0023917627578268195,0.025847086793195084,0.0044746870232848955],[-0.002359906262905782,0.025859511226804143,0.004441191214002484],[-0.0023354788822277477,0.02586903821243862,0.004415506816315656],[-0.002317259246758814,0.025876144099380233,0.004396349610340073],[-0.0023043363747255346,0.025881184181976068,0.004382761735776953],[-0.0022960641225262457,0.025884410464355915,0.00437406379889814],[-0.0022920288775509826,0.025885984260638765,0.004369820902859695]]"
1782756194.7062287,TRACKING,MPC tracking AprilTag,Walk,True,fresh_solve,0,11,70.8214340209961,-0.11492571630234456,-0.06618645443685404,0.5011827304464277,0.5184329236422638,-0.22541201691437932,0.9999769469588777,0.002415076852758795,-0.006346097588056913,-0.0021910010105404497,0.9993820347783139,0.03508201928237293,0.006426901693170966,-0.035067306228911334,0.9993642874189942,0.5078371790813906,-0.10562367013337808,-0.015250983549998145,-0.4738026386663221,7.355091722311163,1.1129014846093641,0.46914480670568626,-0.34754971843096627,-0.06329321400673282,0.03869237237570433,0.24192604829758818,0.048042230456734676,0.004862642602992221,0.02501642785161759,0.006616554181548355,-0.004480566767019053,0.025087675798804235,0.006616554181548355,0.04098105040168044,0.06577020625748964,-0.032072196101488995,0.007837179081390588,-0.10562367013337808,-0.015250983549998147,optimal,81.10951600065164,False,"[[0.5078371790813906,-0.10562367013337805,-0.015250983549998145],[0.5069410657279868,-0.10060613497361721,-0.013927672713688475],[0.5061797263663109,-0.09552719710966935,-0.012754778653177925],[0.5055261935992424,-0.09039914282234328,-0.011702203952232355],[0.5049588903593911,-0.08523180257127884,-0.010745867162595877],[0.5044605510557275,-0.08003304251792896,-0.009866498731578055],[0.5040173582940318,-0.07480915783363232,-0.009048677524419386],[0.5036182520071824,-0.06956518745818026,-0.008280059767553324],[0.5032543764517999,-0.06430516604680633,-0.007550761859927957],[0.5029186374210786,-0.05903232570294798,-0.006852866192953403],[0.5026053475344454,-0.053749257583418475,-0.0061800252700723235],[0.502309941868532,-0.0484580414562475,-0.005527144331932052],[0.5020287497110059,-0.04316034968908267,-0.004890126618416964],[0.501758811024954,-0.03785753086757189,-0.004265668530642693],[0.501497728447037,-0.03255067722464581,-0.003651094451011915],[0.5012435474193222,-0.027240679252164265,-0.0030442229623344782],[0.500994658461387,-0.021928270225509354,-0.0024432577769678996],[0.5007497166962979,-0.01661406286735449,-0.0018466979224352393],[0.5005075746067638,-0.011298579983798091,-0.001253262692801252],[0.5002672246592709,-0.005982280604668502,-0.0006618276133756267],[0.500027748927408,-0.0006655829350154067,-7.136821697847101e-05]]","[[-0.004480566767019054,0.025087675798804235,0.006616554181548355],[-0.003806696808379296,0.02539468931973923,0.005864470302552753],[-0.0032676638353424524,0.025640271436630377,0.005262873504727846],[-0.0028365161992566818,0.02583670125532223,0.0047816839481823895],[-0.002491696518317696,0.02599380026674938,0.004396842155089111],[-0.002215963808478545,0.026119423421483184,0.004089106035793344],[-0.001995531434247272,0.026219851877260336,0.0038430887843303044],[-0.0018193777769123132,0.026300107056869693,0.003646489538126837],[-0.0016786951536069202,0.02636420171929172,0.00348947833487277],[-0.0015664494331658237,0.02641534059764752,0.0033642046144053994],[-0.001477028329566969,0.026456080635854883,0.0032644046907013566],[-0.001405960787630413,0.026488458835824177,0.0031850885675754398],[-0.0013496934302593283,0.026514094107553864,0.003122290438871353],[-0.0013054128895851602,0.02653426821463043,0.003072870398153892],[-0.0012709051385742006,0.026549989862407707,0.003034357443387183],[-0.0012444447896759014,0.026562045133274557,0.0030048259268328913],[-0.0012247088254453478,0.026571036790774324,0.0029827992726633025],[-0.001210710447671012,0.02657741441778199,0.0029671761481699366],[-0.0012017497374641772,0.026581496895647944,0.0029571753971281253],[-0.001197378659314502,0.02658348834826548,0.0029522969819857784]]"
1782756194.9086423,TRACKING,MPC tracking AprilTag,Walk,True,fresh_solve,0,11,70.84195709228516,-0.10989360205038605,-0.06031845005558403,0.49734627056314706,0.5129017762026056,-0.21746574402389968,0.9999677117034167,0.0017546984677507982,-0.007841975766329574,-0.001517064262966616,0.9995425213212323,0.03020673081973401,0.00789139193390221,-0.030193858714664346,0.999512909786194,0.5048391905697451,-0.10749569067308776,-0.0077828354383391325,-0.4737891928164647,7.358838298714012,1.1168225020736133,0.4658889749900186,-0.3456959181794508,-0.06721423147098206,0.038950215579726555,0.23820022750636302,0.05943139603264293,0.003860796127935122,0.02546248301751219,0.005447985649032567,-0.0036625108848655544,0.025491759495507898,0.005447985649032567,0.039748779237360206,0.06631885411154,-0.030646542491819733,0.004839190569745133,-0.10749569067308776,-0.0077828354383391325,optimal,83.42309699946782,False,"[[0.5048391905697451,-0.10749569067308774,-0.0077828354383391325],[0.5041066883927721,-0.10239733877398616,-0.0066932383085326185],[0.5035050653691975,-0.09723433831812889,-0.005790598162424095],[0.5030081334336591,-0.0920196250602632,-0.005037506126393292],[0.5025949390751966,-0.08676354911503599,-0.004404030732323828],[0.5022487156617033,-0.08147439246272595,-0.003866221344197387],[0.5019560451083209,-0.07615878304825772,-0.003404910626292805],[0.5017061869731969,-0.07082202617844806,-0.003004756176400011],[0.5014905414353915,-0.0654683697873466,-0.002653473405709522],[0.5013022193038309,-0.0601012168329384,-0.0023412213093719717],[0.5011356975577536,-0.054723295445043146,-0.0020601104162556406],[0.5009865431956722,-0.04933679533180625,-0.0018038083153898697],[0.500851191585299,-0.043943477265105974,-0.0015672230354165282],[0.500726768231932,-0.038544761119147446,-0.0013462484460221066],[0.5006109450537191,-0.03314179686417285,-0.0011375589514220415],[0.5005018239775663,-0.027735522064973612,-0.0009384432105714875],[0.5003978420354823,-0.02232670875912988,-0.0007466685701130746],[0.5002976932161795,-0.016916002058889604,-0.00056036943170904],[0.5002002631645092,-0.011503952406780907,-0.0003779539721243394],[0.5001045734637043,-0.006091043097738479,-0.00019802455206489568],[0.5000097327145412,-0.0006777144438503254,-1.9307834212894286e-05]]","[[-0.003662510884865554,0.025491759495507894,0.005447985649032567],[-0.0030081151178729575,0.0258150022792863,0.00451320073054262],[-0.0024846596776916348,0.02607356628932837,0.0037654601801540137],[-0.002065971792312519,0.026280379726136206,0.0031673769703473202],[-0.0017311170674666554,0.0264457832615502,0.002689046940632204],[-0.00146335276691175,0.026578047072341054,0.00230655358952291],[-0.0012492906756200579,0.02668378434904831,0.002000772249463972],[-0.001078227689026994,0.02676828195550733,0.0017564138534524444],[-0.0009416106578029056,0.026835764772041068,0.0015612604816877505],[-0.0008326087303865882,0.02688960693947621,0.0014055544655816555],[-0.0007457718104072257,0.026932500566184507,0.0012815105043288545],[-0.0006767580518658501,0.02696659033350138,0.0011829263998667078],[-0.0006221167668353927,0.026993580729792674,0.001104872946972108],[-0.0005791158910643306,0.02701482127487295,0.001043447473000325],[-0.0005456053807641107,0.02703137399599622,0.0009955787042527696],[-0.0005199097104197218,0.027044066529218654,0.0009588732022920642],[-0.0005007440965139446,0.02705353350120137,0.0009314956920201734],[-0.0004871502583514904,0.0270602482605435,0.0009120772979235028],[-0.0004784485040242364,0.027064546545212155,0.0008996471002972186],[-0.0004742037458158198,0.027066643269440766,0.0008935835892600069]]"
1782756195.1234014,TRACKING,MPC tracking AprilTag,Walk,True,fresh_solve,0,11,69.26840209960938,-0.10870346968087234,-0.07129999147737244,0.49479610049336525,0.5115890090382846,-0.21625790234116568,0.9999119914487195,0.0011362274933218784,-0.013218106677558692,-0.0005957433913522227,0.9991662581861585,0.040821974377565684,0.013253469238941265,-0.04081050709504096,0.9990789999113073,0.5016190759812149,-0.10806166213442493,-0.003135567179165447,-0.4729936345280782,7.362828677369636,1.1141725208469115,0.46203228884056813,-0.3443989961501367,-0.06456425024428025,0.039586787140646784,0.23633733401571178,0.061428683065114814,0.0029299313932881366,0.025821037481707644,0.004282902592421099,-0.0028489535250869435,0.025830097530071795,0.004282902592421099,0.03860381561374441,0.0667598761025004,-0.02922514116275374,0.0016190759812149125,-0.10806166213442493,-0.003135567179165447,optimal,98.15780099961557,False,"[[0.5016190759812149,-0.10806166213442493,-0.003135567179165447],[0.5010492852761975,-0.1028956426284106,-0.002278986660681227],[0.5006096540148219,-0.09767549308495957,-0.0016088054914527785],[0.5002741381409561,-0.09241204457167622,-0.0010877263768763667],[0.5000218993678438,-0.08711396320767316,-0.0006859071250808595],[0.49983626326376623,-0.08178818346952714,-0.00037946853733417037],[0.4997038855304564,-0.07644025491510767,-0.00014930044810665288],[0.4996140847881858,-0.07107461966147062,1.989378320538039e-05],[0.49955830850677774,-0.06569483449071102,0.00014036210430984271],[0.4995297053790987,-0.0603037486890677,0.00022191616740426884],[0.49952278275570156,-0.054903646511235346,0.00027242191178569167],[0.4995331320123535,-0.04949636139309921,0.00029819286081549394],[0.4995572081188239,-0.04408336762352931,0.00030430579808747745],[0.49959215238737326,-0.038665854058823994,0.0002948546066075529],[0.49963564953836587,-0.03324478356552485,0.00027315496294403577],[0.4996858119362883,-0.027820941163743767,0.0002419101210560618],[0.4997410852079736,-0.02239497327816854,0.00020334607499154385],[0.4998001705239428,-0.016967420059297245,0.00015932285858956765],[0.4998619596569314,-0.011538742390963171,0.00011142754717234608],[0.4999254795705257,-0.006109344934526459,6.10536113113296e-05],[0.49998984376734223,-0.0006795963619421151,9.470590355779039e-06]]","[[-0.002848953525086944,0.025830097530071795,0.004282902592421099],[-0.0021981563068782027,0.026100747717255054,0.0033509058461422435],[-0.0016775793693288939,0.02631724256641683,0.0026053955728820586],[-0.0012611938655615515,0.026490406820015227,0.0020090962589775353],[-0.0009281805203878086,0.026628898690730148,0.001532192938733446],[-0.0006618886665489781,0.02673964277209735,0.0011508404461375874],[-0.00044900371135311873,0.026828176268185185,0.0008459711565601664],[-0.0002788814070404372,0.026898925853798047,0.0006023416055223116],[-0.00014301563839529957,0.026955429008216587,0.0004077703154721306],[-3.46131169854489e-05,0.027000510889161722,0.00025252872190711413],[5.17462832596073e-05,0.027036425590680715,0.00012885474514901147],[0.00012038053235212185,0.027064968847849518,3.0564686359917456e-05],[0.0001747213427467205,0.027087567823526563,-4.72559573996226e-05],[0.00021748575496313312,0.027105352466495706,-0.0001084982183175857],[0.0002508119896121804,0.027119212008905408,-0.00015622420943987002],[0.0002763663584263147,0.027129839427876147,-0.00019282023032258974],[0.0002954265798462427,0.02713776609435646,-0.00022011608200988087],[0.0003089456649429608,0.02714338834167037,-0.00023947655708610795],[0.000317599567971305,0.027146987282183566,-0.00025186967930508234],[0.00032182098408269235,0.02714874286292171,-0.00025791510477775277]]"
1782756195.3558605,TRACKING,MPC tracking AprilTag,Walk,True,fresh_solve,0,11,70.13481140136719,-0.11557336725957157,-0.06124959697378659,0.4871282723444842,0.5043834553853734,-0.23294738172332743,0.9999521568984285,-0.0033548285080010074,-0.009188527622122964,0.0036143101216524415,0.9995909486672442,0.02837026797306188,0.009089591658877403,-0.028402120839837355,0.99955525052659,0.49753705715225194,-0.1084983086706671,-0.0006274668920508001,-0.4730833869766317,7.3662440888172735,1.104729314840391,0.45911503627591665,-0.3426205900287157,-0.055121044237759646,0.03842202087633528,0.23412228135804858,0.05449357734570884,0.0020017201139883364,0.026109827306539223,0.0032530572252568385,-0.001985336668818056,0.02611107817964423,0.0032530572252568385,0.03746211574020566,0.06711508758704324,-0.027968729814813343,-0.002462942847748062,-0.1084983086706671,-0.0006274668920508001,optimal,80.47553699998389,False,"[[0.49753705715225194,-0.1084983086706671,-0.0006274668920508001],[0.49713998981848834,-0.10327609303473825,2.3144553000567587e-05],[0.49688109084886095,-0.0980089238567108,0.000508993061037133],[0.49673271365445903,-0.09270579604729566,0.0008630466216262057],[0.4966727377351331,-0.08737390658563442,0.0011116834769627207],[0.49668346265448754,-0.0820190143682563,0.001276011033978985],[0.49675072301806067,-0.07664572815390475,0.0013729212346912933],[0.4968631802036017,-0.07125773700147449,0.0014159351533007424],[0.49701175542995846,-0.0658579947229563,0.0014158790499032858],[0.49718917581801925,-0.060448867574036606,0.0013814256834945324],[0.4973896107467578,-0.05503225256688175,0.0013195279499195254],[0.4976083803221817,-0.04960967232074627,0.0012357665266649962],[0.4978417213826327,-0.044182351192935745,0.0011346289067336998],[0.49808659934070404,-0.03875127649667194,0.0010197337732945522],[0.49834055645386993,-0.03331724786675398,0.0008940119338410776],[0.4986015889373592,-0.0278809172412983,0.0007598528605660838],[0.4988680467749169,-0.022442821458644416,0.0006192241639713022],[0.4991385512179917,-0.017003409099271956,0.00047376997339247515],[0.4994119258483079,-0.011563062914824606,0.00032489314346614276],[0.4996871377569519,-0.006122118965692317,0.00017382539686146956],[0.49996324589892654,-0.0006808834240307883,2.168891041370336e-05]]","[[-0.001985336668818056,0.026111078179644233,0.0032530572252568385],[-0.001294494848136948,0.0263358458901373,0.002429242540182827],[-0.0007418859720095645,0.026515639047075663,0.0017702678029453635],[-0.0002998795966295362,0.02665944730830623,0.0012431842766825751],[5.362459677213839e-05,0.026774461086890536,0.0008216377850813218],[0.000336301817865543,0.02686643107175779,0.0004845510035615415],[0.0005622859277053478,0.026939955762151357,0.000215069593047245],[0.000742876131783543,0.02699871139259092,-2.8051698728259243e-07],[0.0008871019403040386,0.02704563574459845,-0.0001722668320437676],[0.0010021746436928592,0.02708307503577433,-0.00030948866787503426],[0.0010938478771194457,0.027112901230677347,-0.0004188071162726459],[0.0011667053022551277,0.02713660563905266,-0.0005056880996564832],[0.001224389790356689,0.027155373481319026,-0.0005744756671957377],[0.0012697855658292078,0.027170143149589772,-0.0006286091972673726],[0.0013051624174463103,0.027181653127278424,-0.0006707953663749693],[0.0013322891877888513,0.027190478913269422,-0.0007031434829739078],[0.0013525222153739577,0.027197061796862317,-0.000727270952894135],[0.0013668731515808854,0.027201730922236756,-0.0007443841496316622],[0.0013760595432199805,0.02720471974566145,-0.0007553387330233658],[0.0013805407098731973,0.027206177708307643,-0.0007606824322388309]]"
1782756195.5583596,TRACKING,MPC tracking AprilTag,Walk,True,fresh_solve,0,11,70.05110931396484,-0.12032220320915976,-0.06372258011917041,0.4912087297384872,0.5097293556128082,-0.24022130361716976,0.9985822428546387,0.01047900029482879,-0.052189029577300504,-0.006397180067383672,0.9969505135928529,0.07777370721607803,0.052844870541849547,-0.07732958036720318,0.9956041159304472,0.4935816535139406,-0.10948668976778911,0.001005486301898017,-0.4717128989606049,7.367666977363654,1.1007965478489496,0.4571986863466724,-0.3431006443654093,-0.05118827724631836,0.03638296716726824,0.23361395459762022,0.05219376354821638,0.0010654733030713902,0.026384304821430324,0.002378959105608394,-0.001092001817086133,0.02638322016549894,0.002378959105608394,0.03631053216277781,0.0674526949303593,-0.026902330108842243,-0.006418346486059379,-0.10948668976778911,0.001005486301898017,optimal,82.77922399975068,False,"[[0.4935816535139406,-0.10948668976778911,0.001005486301898017],[0.4933632531505234,-0.10421004573468932,0.001481278123019696],[0.4932877756749513,-0.09888986223993429,0.0018172247032689915],[0.4933266231491153,-0.09353485124595702,0.0020413081636595906],[0.4934569138823932,-0.08815198334022929,0.0021759174692122453],[0.49366033834711853,-0.08274683626463543,0.0022389678772058094],[0.4939222437021971,-0.07732387380256647,0.0022447967000411837],[0.4942309011510525,-0.07188666896808966,0.0022048801708613587],[0.49457691950179705,-0.06643808265665185,0.0021284072552085645],[0.49495277560763756,-0.06098040668985188,0.0020227390993013835],[0.4953524382095357,-0.05551547840652041,0.001893777087345679],[0.49577106637325596,-0.05004477252966161,0.0017462579107448868],[0.4962047674426539,-0.044569474902603205,0.0015839904026701897],[0.4966504024068691,-0.03909054178116301,0.0014100459797190745],[0.4971054289497818,-0.03360874764643971,0.0012269122127452074],[0.4975677743342074,-0.028124723928867834,0.0010366172054011168],[0.4980357317650366,-0.022638990579739497,0.0008408309993208199],[0.49850787504948063,-0.01715198206876899,0.0006409490762015239],[0.4989829872874312,-0.011664069107578487,0.00043816213188848583],[0.49946000002645535,-0.006175577185279164,0.00023351561116727565],[0.499937939839174,-0.0006868028429267574,2.7961980003054627e-05]]","[[-0.001092001817086133,0.02638322016549894,0.002378959105608394],[-0.0003773873778605302,0.02660091747377508,0.0016797329012464782],[0.00019423737082003266,0.026775054969886455,0.0011204173019529957],[0.0006514536663895839,0.026914339528638642,0.0006730465277632723],[0.0010171223236266009,0.027025735377969245,0.00031525203996782166],[0.0013095267753929344,0.027114812310344797,2.914411417687145e-05],[0.0015432872442769014,0.027186024172384072,-0.00019958264589912595],[0.0017300917537227,0.027242931557189036,-0.0003823645782639704],[0.0018792805292026202,0.027288379833999937,-0.0005283407795359041],[0.001998313009490658,0.02732464141665732,-0.0006448100597785237],[0.0020931408186012157,0.027353529384294053,-0.0007375958830039604],[0.00216850534698982,0.027376488135291973,-0.0008113375403734856],[0.0022281748210759024,0.02739466560720098,-0.000869722114755576],[0.0022751327145637663,0.027408970673616518,-0.0009156688348693358],[0.002311726922127805,0.02742011858785937,-0.0009514750367204532],[0.002339787154146221,0.02742866674564167,-0.000978931030401484],[0.002360716422219934,0.027435042554852542,-0.0009994096155964798],[0.0023755611897526307,0.02743956480595253,-0.0010139347215651902],[0.0023850636951209454,0.027442459611496627,-0.001023232603606051],[0.002389699063593294,0.027443871711762036,-0.001027768155821105]]"
1782756195.8277407,TRACKING,MPC tracking AprilTag,Walk,True,fresh_solve,0,11,70.69981384277344,-0.11092210851919294,-0.06122815033338347,0.48206108423164024,0.4984330341000439,-0.22616307216690407,0.9999117523340858,-0.00266364852705112,-0.013015088194178553,0.0030329316764212194,0.999590996727023,0.02843660647339365,0.012934019855561855,-0.0284735708825014,0.9995108638186856,0.49070620854895824,-0.10977487800133673,0.006775329649413699,-0.4740700300617379,7.373765727820288,1.1070021097981362,0.45308331873014085,-0.3380198399467139,-0.05739383919550489,0.037622889818817395,0.2282449619453772,0.06416916884491859,6.305490691302173e-05,0.026606357116040896,0.0013652686652390739,-0.00024331892068796783,0.026605319220231526,0.0013652686652390739,0.03507755753550302,0.0677258192527303,-0.02566562777159167,-0.009293791451041755,-0.10977487800133673,0.006775329649413698,optimal,102.617186000316,False,"[[0.49070620854895824,-0.10977487800133673,0.006775329649413699],[0.49065754476482065,-0.10445381415729044,0.007048383382461514],[0.49074466008991946,-0.09909721712182265,0.007159258773493796],[0.4909403860096732,-0.09371219685488741,0.007140406651468099],[0.4912229845392333,-0.08830444215486531,0.007017791469689079],[0.49157506132424134,-0.08287850509848259,0.0068121895284737255],[0.4919826959231114,-0.07743802864464752,0.006540227790167211],[0.49243474578495056,-0.0719859287823957,0.00621521522726015],[0.4929222891220144,-0.0665245403303419,0.00584780827101313],[0.49343817882031993,-0.06105573367761082,0.00544654363301974],[0.4939766850839459,-0.05558100830329328,0.005018265140786251],[0.4945332089452372,-0.050101567750400755,0.004568465929106928],[0.49510405231642224,-0.044618379803016014,0.004101563096803747],[0.4956862330852238,-0.039132224875497175,0.0036211185616674877],[0.4962773360092456,-0.033643735033195676,0.003130017156347278],[0.49687539195385233,-0.028153425595723803,0.0026306108699830476],[0.49747877943543806,-0.022661720902935348,0.0021248364476625257],[0.4980861435472457,-0.017168975531918245,0.0016143122276756263],[0.4986963282140292,-0.01167549202584902,0.0011004190584289447],[0.49930831838829143,-0.006181536021151582,0.000584369340866087],[0.49992118929790913,-0.0006873495293184292,6.726764851485081e-05]]","[[-0.00024331892068796783,0.026605319220231526,0.0013652686652390739],[0.00043557662549400454,0.02678298517733883,0.0005543769551614091],[0.0009786295987688827,0.026925101334676214,-9.426061012848348e-05],[0.0014129926478004108,0.027038773500110552,-0.0006130759088950988],[0.0017603839250401653,0.027129685281913563,-0.0010280097060767672],[0.002038172994350134,0.02720238226917539,-0.0013598086915325726],[0.002260249309195815,0.02726049931125913,-0.0016250628145353051],[0.002437716685319492,0.027306942260268967,-0.0018370347812351011],[0.00257944849152735,0.027344033263655396,-0.0020063231899669506],[0.002692531318129781,0.02737362687158773,-0.002141392461167446],[0.002782619306456907,0.0273972027644626,-0.002248996058396612],[0.002854216855925083,0.027415939736923738,-0.002334514161515907],[0.00291090384400772,0.027430774637594205,-0.002402222675681296],[0.0029555146201089484,0.02744244921150752,-0.002455507026601048],[0.00299027972303383,0.02745154718735936,-0.0024970314318211507],[0.0030169374079286088,0.027458523463942307,-0.0025288721116026097],[0.0030368205590380237,0.02746372685508551,-0.0025526210999344975],[0.003050923333917546,0.02746741753034613,-0.0025694658462334084],[0.003059950871311151,0.027469780023487197,-0.002580248587814288],[0.003064354548088519,0.027470932459165768,-0.002585508461756181]]"
1782756196.0112858,TRACKING,MPC tracking AprilTag,Walk,True,fresh_solve,0,11,70.26399993896484,-0.10727978517269894,-0.06883327402413714,0.4829343910390885,0.49947231952118987,-0.21859205091668663,0.9995067041946192,0.002037334922750933,-0.031340030893772346,-0.0008190410407318867,0.9992452143046789,0.038837235495974856,0.031395500342941855,-0.038792408479092294,0.998753959492831,0.4876756619902212,-0.10877386792610734,0.009339468819723019,-0.47591073833050757,7.377285786775828,1.1078841098523446,0.4509471327125407,-0.33467085035589694,-0.05827583924971336,0.0367285292776805,0.22589698242978962,0.06761530806943636,-0.000830897839863903,0.026703341106572652,0.0004455634801219529,0.0005814702062588876,0.02670993653817801,0.0004455634801219529,-0.036022004343032606,0.06784510956108436,-0.024543587445748784,-0.01232433800977878,-0.10877386792610734,0.009339468819723019,optimal,86.04739499969583,False,"[[0.4876756619902212,-0.10877386792610735,0.009339468819723019],[0.487791956031473,-0.10343188061847176,0.009428581515747408],[0.48804020646472934,-0.0980731557916735,0.009370552386096655],[0.4883940096762058,-0.09270104251418114,0.009194823550835278],[0.4888322396910287,-0.08731822043192844,0.008924952144747268],[0.48933799187449184,-0.08192683375061124,0.008579788174075285],[0.4898977377003211,-0.07652859844597208,0.008174417016832788],[0.4905006483243604,-0.07112488806258746,0.007720913691704715],[0.49113805314236453,-0.06571680239109655,0.007228946608981719],[0.49180300625978624,-0.060305222457733246,0.006706260991074711],[0.4924899391970492,-0.054890854575637825,0.0061590661336354],[0.49319438246556924,-0.04947426566051393,0.005592345870338881],[0.49391274209332503,-0.04405591157641381,0.005010107764567387],[0.4946421199262569,-0.03863615992894087,0.004415583487579401],[0.4953801687205642,-0.033215308445529924,0.0038113904020725866],[0.49612497478051476,-0.02779359986181883,0.003199662430318661],[0.49687496227365885,-0.022371234058430473,0.002582156750276988],[0.4976288144392063,-0.01694837805500386,0.001960341654492543],[0.4983854077499871,-0.011525174361176097,0.0013354699647231641],[0.4991437557360929,-0.006101748102064222,0.0007086416730274416],[0.4999029596613816,-0.000678213274521076,8.085894136764908e-05]]","[[0.0005814702062588875,0.026709936538178002,0.0004455634801219529],[0.0012412521662818398,0.026793624133991226,-0.00029014564825377223],[0.0017690160573820368,0.02686056638746186,-0.0008786441763068876],[0.002191150074114488,0.02691411041126343,-0.0013493570304400494],[0.0025287609173158167,0.026956933406586028,-0.0017258198533599155],[0.002798729129146088,0.02699117652319577,-0.0020268557862124794],[0.003014553120196817,0.02701855191692315,-0.0022675166256403687],[0.003187024090020539,0.027040428357454536,-0.0024598354136149787],[0.0033247655871084408,0.027057899666816494,-0.002613428089535039],[0.0034346646863149173,0.027071839410477125,-0.0027359742871965534],[0.003522216342600292,0.02708294457561946,-0.0028336013164825973],[0.003591798138778834,0.027091770420500618,-0.002911190528857473],[0.0036468891646594705,0.027098758237364653,-0.002972621384939924],[0.0036902439715362327,0.02710425741705477,-0.0030209654275340733],[0.0037240302997529596,0.02710854291855547,-0.003058639858769628],[0.003749937465720487,0.027111829016941792,-0.0030875284002083656],[0.0037692608277371913,0.027114280017133053,-0.0031090754789222237],[0.0037829665539039076,0.027116018469138813,-0.0031243584488468944],[0.0037917399305289717,0.027117131295559364,-0.0031341414584786123],[0.0037960196264436373,0.02711767413771573,-0.0031389136582989623]]"
1782756196.2082467,TRACKING,MPC tracking AprilTag,Walk,True,fresh_solve,0,11,70.28654479980469,-0.10878770060240009,-0.07014739947641027,0.4763435578710026,0.4936178750621433,-0.2245299528890843,0.99998711796685,-0.004099269753264031,-0.0029933071748737,0.004200902749269633,0.9993863108660536,0.03477576842617447,0.0028489149591299783,-0.03478789503591312,0.9993906573720438,0.48533695511226227,-0.10600486250988238,0.012415311451110474,-0.475494762295273,7.380263162134382,1.0994011449222159,0.44815794974062273,-0.3335491291620254,-0.04979287431958457,0.03717900537163954,0.227544266652143,0.062208185770695035,-0.0016757793940937965,0.026598022970247197,-0.0004353334044112359,0.0013454359876647686,0.026616777876117225,-0.0004353334044112359,-0.037061208654735375,0.06771556825340405,0.024531106753381708,-0.01466304488773773,-0.10600486250988238,0.012415311451110474,optimal,82.88506699955178,False,"[[0.48533695511226227,-0.10600486250988239,0.012415311451110474],[0.4856060423097952,-0.10068150693465895,0.012328244770228227],[0.4859973548917758,-0.09537305563075515,0.012100245127436828],[0.4864864363555928,-0.09007652635064449,0.011759512289638304],[0.48705371864272684,-0.08478953294799012,0.011328609363984329],[0.4876835437358244,-0.07951016607032793,0.010825590953233802],[0.4883633807578302,-0.07423689769144354,0.010264905885890793],[0.48908319942813433,-0.06896850471006137,0.00965811965762975],[0.4898349685485417,-0.06370400779478098,0.009014492706079222],[0.4906122544433625,-0.058442622417507036,0.008341443432703278],[0.49140989927562756,-0.0531837196270445,0.007644919122874718],[0.4922237631552399,-0.04792679460153892,0.0069296933101437135],[0.49305051714446996,-0.04267144140738367,0.006199604452915312],[0.49388747681106904,-0.037417332702539684,0.005457747857369692],[0.49473246800665677,-0.03216420336943341,0.00470663044277117],[0.49558371815930247,-0.026911837259078208,0.003948296087431419],[0.49643976764492814,-0.021660056383624986,0.0031844278226250485],[0.4972993968061048,-0.016408712016969754,0.0024164319841533384],[0.4981615649691812,-0.011157677258448418,0.0016455085291343008],[0.4990253584106008,-0.0059068406878035815,0.0008727110338585824],[0.49988994467072445,-0.0006561007941716727,9.899937260399519e-05]]","[[0.0013454359876647686,0.02661677787611723,-0.0004353334044112359],[0.001956562909902817,0.026542256519518963,-0.001139998213956996],[0.002445407319084935,0.026482646400553297,-0.0017036641889926153],[0.002836411435670228,0.02643496701327196,-0.002154514628269875],[0.003149125465487961,0.02639683438831087,-0.0025150920537526378],[0.0033991851100290214,0.02636634189442198,-0.0028034253367150426],[0.003599093351520461,0.026341964906910847,-0.003033931141305209],[0.003758845602036853,0.026322484576401906,-0.0032181347577526455],[0.003886429474104016,0.026306926886369722,-0.0033652463668797238],[0.003988224161325308,0.02629451395231267,-0.0034826215491427976],[0.004069319398061796,0.026284625127527914,-0.0035761290636550213],[0.004133769946150301,0.026276765970776206,-0.0036504442861420056],[0.004184798332995249,0.026270543524219966,-0.0037092829777280994],[0.00422495597793889,0.026265646665531377,-0.0037555870729926084],[0.004256250763228404,0.026261830551776014,-0.003791671776698757],[0.004280247428128266,0.026258904377266103,-0.003819341324031853],[0.004298145805883471,0.026256721833276157,-0.0038399791923585517],[0.0043108408153817775,0.02625517379260667,-0.0038546172750951874],[0.004318967207098102,0.026254182853224176,-0.0038639874763785917],[0.004322931300618261,0.026253699468159544,-0.003868558306272935]]"
1782756196.480666,TRACKING,MPC tracking AprilTag,Walk,True,fresh_solve,0,11,70.66490173339844,-0.11496749690855926,-0.061085411790702114,0.4799011848119983,0.49724651840210904,-0.23513357154570078,0.9996760502879263,0.003051361576942608,-0.025268234470542994,-0.001821289644146548,0.9988185463316939,0.04856124388721984,0.025386559135962154,-0.04849949171247757,0.9985005367644364,0.4816976704957533,-0.10616105589788469,0.010642757723189868,-0.478921435909169,7.375712619120277,1.0952781923485668,0.45381048699352666,-0.33284318554959724,-0.045669921745935656,0.02788718350222663,0.22668212965171256,0.05631267946912552,-0.0024268961956681262,0.026532223583567594,-0.0009865201568213214,0.002144388054992835,0.026556549348561324,-0.0009865201568213214,-0.0379850823206718,0.06763463500778814,0.02520355459132201,-0.018302329504246706,-0.10616105589788469,0.010642757723189868,optimal,104.51865100003488,False,"[[0.4816976704957533,-0.10616105589788469,0.010642757723189868],[0.4821265481067519,-0.10084974602817244,0.010445453691825604],[0.4826832484893472,-0.0955480720022563,0.01015996637482808],[0.4833421951402503,-0.09025410575061113,0.009803940672764386],[0.48408292386958746,-0.08496630459242523,0.00939149456694831],[0.4848890595914069,-0.07968343410155987,0.008933925018506017],[0.4857474975693807,-0.07440450638524237,0.008440272816432363],[0.48664774817998874,-0.06912873068942747,0.007917774617040631],[0.4875814124313428,-0.063855473861095,0.007372224776778209],[0.4885417620135916,-0.0585842286905989,0.006808265070048941],[0.489523402883429,-0.053314588551184976,0.006229616777933334],[0.490522005561928,-0.048046227067653116,0.005639266752242579],[0.4915340886605947,-0.042778881797597305,0.005039616758109107],[0.4925568448119438,-0.03751234110928534,0.004432603562243212],[0.4935880003011238,-0.03224643360007222,0.003819795771268571],[0.49462570138017514,-0.026981019526267865,0.0032024722620534207],[0.4956684215806314,-0.02171598381595265,0.0025816861255539727],[0.4967148853900967,-0.0164512303153814,0.001958317321362224],[0.49776400447662555,-0.01118667698129613,0.0013331166756855573],[0.4988148232721256,-0.005922251778763174,0.000706743422657108],[0.49986647119395305,-0.0006578890794264667,7.979816604242366e-05]]","[[0.002144388054992835,0.026556549348561324,-0.0009865201568213214],[0.0027835019129766434,0.026508370129580558,-0.0014274365849876259],[0.003294733254515383,0.026469831258225884,-0.001780128510318464],[0.0037036436466859916,0.026439005790929573,-0.0020622305290803784],[0.004030678609097,0.026414352454326807,-0.002287847742211464],[0.004292189889868958,0.026394638581587446,-0.0024682610103682755],[0.004501253053040464,0.026378878479074528,-0.0026124909969586535],[0.004668321256770092,0.026366284141662404,-0.0027277492013121165],[0.004801747911244324,0.026356225852480465,-0.0028197985336463386],[0.004908204349186872,0.02634820069706962,-0.00289324146057803],[0.004993013392494864,0.02634180741765932,-0.0029517501284537758],[0.005060415493333699,0.02633672635027905,-0.002998249970667363],[0.0051137807567453175,0.026332703441559805,-0.003035065979329471],[0.005155777445900302,0.026329537546065613,-0.003064038954873205],[0.005188505395256402,0.026327070369021773,-0.0030866175460757526],[0.005213601002281422,0.026325178551576085,-0.00310393068249724],[0.005232319047326612,0.02632376750285627,-0.0031168440209587422],[0.0052455954326442325,0.026322766670426337,-0.0031260032283833344],[0.0052540939775001655,0.026322126012664787,-0.0031318662651422455],[0.005258239609137205,0.02632181349668354,-0.0031347262830734215]]"
