stamp_sec,state,message,requested_mode,tag_id,tag_margin,tag_x_camera_m,tag_y_camera_m,tag_z_camera_m,tag_range_m,tag_bearing_rad,tag_face_yaw_error_rad,tag_face_normal_x_camera,tag_face_normal_y_camera,tag_face_normal_z_camera,tag_rotation_camera_tag_00,tag_rotation_camera_tag_01,tag_rotation_camera_tag_02,tag_rotation_camera_tag_10,tag_rotation_camera_tag_11,tag_rotation_camera_tag_12,tag_rotation_camera_tag_20,tag_rotation_camera_tag_21,tag_rotation_camera_tag_22,tag_aligned_rel_x_m,tag_aligned_rel_y_m,odom_x,odom_y,odom_yaw,odom_rel_x,odom_rel_y,odom_rel_yaw,odom_tag_aligned_rel_x_m,odom_tag_aligned_rel_y_m,imu_x,imu_y,imu_z,imu_w,cmd_heading,cmd_lateral,cmd_turning,range_error_m,lateral_error_m,yaw_error_rad,cmd_face_yaw_error_rad,cmd_face_blend,target_reached
1782605628.8658013,TRACKING,Tracking AprilTag,Walk,2,70.46470642089844,2.213253112378344,-0.0895753447759587,4.664731531134131,5.163935838040702,0.44301195554592854,-0.008991254829762943,-0.00899095648446127,0.006278227253897029,0.9999398714743016,0.9999124218898967,0.009711398034045695,-0.00899095648446127,-0.009655152273931626,0.9999336787493036,0.006278227253897029,0.009051330556793054,-0.006190868364673561,0.9999398714743016,-0.03955566931316395,-0.021661463218127855,1.1167594291364715,-2.468110014528076,-1.616212764840716,-1.8911327324306336e-06,1.215412889751394e-06,4.51690469405186e-06,-1.8711739019934691e-06,1.2459212385792784e-06,-0.1504554076395313,0.6977102493823458,0.11944877596371715,0.6901417014929738,0.5,-0.4,-0.40320638740621717,4.164731531134131,2.213253112378344,0.44301195554592854,-0.008991254829762943,-1.0,False
1782605628.9159179,TRACKING,Tracking AprilTag,Walk,2,70.30601501464844,2.1998470930663485,-0.08875061959784002,4.636229074516605,5.132428658709691,0.4430326257776556,-0.020196918376480896,-0.020186381141565738,0.03012202676197578,0.9993423705218138,0.9997941043336996,-0.002063723814553416,-0.020186381141565738,0.00267138472860075,0.9995426590233069,0.03012202676197578,0.02011498553832725,-0.0301697503575126,0.9993423705218138,0.015283866000062762,0.01433347637238339,1.1167662918204828,-2.468113081189535,-1.6162152096959277,8.607634193354912e-07,8.210261845431e-06,2.0720494824377766e-06,9.937946454082448e-07,8.195223330536153e-06,-0.1504554076395313,0.6977102493823458,0.11944877596371715,0.6901417014929738,0.5,-0.4,-0.4088278223881305,4.136229074516605,2.1998470930663485,0.4430326257776556,-0.020196918376480896,-1.0,False
1782605628.9659588,TRACKING,Tracking AprilTag,Walk,2,71.37843322753906,2.1990074089108624,-0.08951363974794861,4.634864088840752,5.130848993896761,0.44299881068825436,-0.023490893668052636,-0.023488558912260617,-0.0038529649049360484,0.9997166809960043,0.9995866752633493,0.01657607420919381,-0.023488558912260617,-0.016671038698148233,0.999853604849313,-0.0038529649049360484,0.023421253268949598,0.004242951053821437,0.9997166809960043,0.023588189029070818,0.030465089837721965,1.1167649230206118,-2.4681264018624383,-1.616208673404224,1.422984881214595e-05,7.4477033588045945e-06,8.608341186100432e-06,1.4348755703323695e-05,7.215960941109402e-06,-0.1504554076395313,0.6977102493823458,0.11944877596371715,0.6901417014929738,0.5,-0.4,-0.4104443764534553,4.134864088840752,2.1990074089108624,0.44299881068825436,-0.023490893668052636,-1.0,False
1782605629.0159192,TRACKING,Tracking AprilTag,Walk,2,70.49791717529297,2.214303970805557,-0.08956809518759062,4.666574949486972,5.166051323591368,0.44304277848224,-0.007599208233964773,-0.007599035723961794,0.0051139919392420435,0.9999580499913541,0.9998887610143544,0.012834338831628118,-0.007599035723961794,-0.012795682237540025,0.9999050542939171,0.0051139919392420435,0.007663948933479896,-0.0050161882175305695,0.9999580499913541,-0.044382910550231296,-0.026814569769607072,1.116755980989497,-2.4681366581771846,-1.6162094413075119,2.4881601617525543e-05,-1.019413907997741e-06,7.840437898254391e-06,2.486179798969307e-05,-1.4227805483497904e-06,-0.1504554076395313,0.6977102493823458,0.11944877596371715,0.6901417014929738,0.5,-0.4,-0.4025381047509984,4.166574949486972,2.214303970805557,0.44304277848224,-0.007599208233964773,-1.0,False
1782605629.0658998,TRACKING,Tracking AprilTag,Walk,2,70.97984313964844,2.2027367279054233,-0.08874615094923145,4.642033061830337,5.138909993266834,0.44305648588164026,-0.018165775819157074,-0.018160761081057786,0.021025867946003852,0.9996139753095061,0.9998319960831706,0.0024832167241843014,-0.018160761081057786,-0.0021011695220458973,0.9997767240558048,0.021025867946003852,0.018208918006904124,-0.020984176680153507,0.9996139753095061,0.00418405489503468,0.009103657285170999,1.1166425677843197,-2.4682375863590127,-1.6165465739491747,0.00013085525574752657,-0.00010973297159985375,-0.0003292922037645418,0.00012905852718758833,-0.00011184059894803594,-0.1503307171794338,0.6978201743858979,0.1193856609025467,0.6900686514131866,0.5,-0.4,-0.40783372520305483,4.142033061830337,2.2027367279054233,0.44305648588164026,-0.018165775819157074,-1.0,False
1782605629.1158745,TRACKING,Tracking AprilTag,Walk,2,67.014404296875,2.216351884992142,-0.08894129907535728,4.680739905365154,5.179715464624214,0.4422275187741001,-0.0014019208072067117,-0.0014018381262246684,-0.010830296706791004,0.9999403679835667,0.9999068491226356,0.013576742153796383,-0.0014018381262246684,-0.01359114016251125,0.9998489813878524,-0.010830296706791004,0.0012545862767392062,0.010848340433609317,0.9999403679835667,-0.07189263368119207,-0.05440234033728924,1.1162004292371444,-2.46873155070182,-1.617864024659099,0.0006443855968848047,-0.000528986898945753,-0.0016467429136888259,0.0006357223688336434,-0.0005393672278636988,-0.1496604948646362,0.6981918437017021,0.11908141332826476,0.6898909353405314,0.5,-0.4,-0.39870572730029347,4.180739905365154,2.216351884992142,0.4422275187741001,-0.0014019208072067117,-1.0,False
1782605629.16592,TRACKING,Tracking AprilTag,Walk,2,70.89863586425781,2.214133784424094,-0.08258838035293427,4.6855254009699285,5.1829873180466,0.4414454974626975,0.013141713477591892,0.013136129094522286,-0.02814550629718152,0.9995175199003203,0.9997852550275658,0.016027661771989558,0.013136129094522286,-0.01565298618237612,0.9994812727104243,-0.02814550629718152,-0.013580421681214195,0.02793384254400112,0.9995175199003203,-0.10619035660059756,-0.12612457866810445,1.1147784480829055,-2.470124403623492,-1.6218179837558202,0.002100367529924845,-0.0018862585280170097,-0.005600702010410075,0.0020695021953788507,-0.0019200717847522287,-0.14825534475646202,0.6986739116620917,0.11804274876862805,0.6898847928292672,0.5,-0.4,-0.39073009097763184,4.1855254009699285,2.214133784424094,0.4414454974626975,0.013141713477591892,-1.0,False
1782605629.2158844,TRACKING,Tracking AprilTag,Walk,2,62.8098258972168,2.1906984737266924,-0.07613244048997642,4.660516513625814,5.150278645380493,0.43940582679519136,-0.017646859313021315,-0.017623152659614463,-0.050807953194729326,0.9985529412016662,0.9996414310589562,0.020160203390293584,-0.017623152659614463,-0.021032637866991173,0.9984869453510739,-0.050807953194729326,0.016572189196303856,0.05116039642872006,0.9985529412016662,-0.00784344521928189,-0.008448670338298086,1.1119294026004014,-2.4725452655946287,-1.6283924232203038,0.004648094610312379,-0.004622445577275911,-0.012175141474893625,0.0045725219667608185,-0.004697215077552058,-0.1469715149665868,0.6990912510080088,0.11614900040756423,0.6900581180283349,0.5,-0.4,-0.4042886737721829,4.160516513625814,2.1906984737266924,0.43940582679519136,-0.017646859313021315,-1.0,False
1782605629.2658832,TRACKING,Tracking AprilTag,Walk,2,48.87897491455078,2.1327826563662047,-0.06286722899000428,4.646438219411105,5.112934800540841,0.43032507413325793,-0.07802924272612886,-0.077817149998955,-0.05837709762587774,0.9952570550560387,0.9968668498149175,0.014176561858322523,-0.077817149998955,-0.01875137862261432,0.9981184800776559,-0.05837709762587774,0.07684314894532934,0.05965337225460983,0.9952570550560387,0.1498866674481129,0.20720433347677264,1.1074567526360095,-2.4760481471260785,-1.6362753036895143,0.00835044561719837,-0.008931433132277282,-0.02005802194410422,0.008204507992078018,-0.00906567639010216,-0.1437393894842631,0.6998368746609599,0.11267214988872597,0.6905594278662219,0.5,-0.4,-0.4263071880829966,4.146438219411105,2.1327826563662047,0.43032507413325793,-0.07802924272612886,-1.0,False
1782605629.315908,TRACKING,Tracking AprilTag,Walk,2,43.644107818603516,2.111996768871374,-0.060501165468702704,4.6702867678558855,5.125989586095154,0.4246984897402018,0.9341313528456598,0.8026481506183297,0.05971277208847779,0.5934562588417823,0.5951359848723686,-0.03961194035856977,0.8026481506183297,-0.014099355392499907,0.998116021826634,0.05971277208847779,-0.8035013177882858,-0.04685404095703613,0.5934562588417823,0.13548808095200476,-4.773135537401597,1.1012048028584853,-2.4814245078807584,-1.646771988747356,0.014005133337489631,-0.014932819453048078,-0.030554707001945847,0.013761128653257754,-0.01515797462745874,-0.14013307863747235,0.7007264267581969,0.1095552596490692,0.69090002185374,0.5,-0.4,0.1,4.1702867678558855,2.111996768871374,0.4246984897402018,0.9341313528456598,-1.0,False
1782605629.3658864,TRACKING,Tracking AprilTag,Walk,2,43.644107818603516,2.111996768871374,-0.060501165468702704,4.6702867678558855,5.125989586095154,0.4246984897402018,0.9341313528456598,0.8026481506183297,0.05971277208847779,0.5934562588417823,0.5951359848723686,-0.03961194035856977,0.8026481506183297,-0.014099355392499907,0.998116021826634,0.05971277208847779,-0.8035013177882858,-0.04685404095703613,0.5934562588417823,0.13548808095200476,-4.773135537401597,1.0941274248029516,-2.487845003400532,-1.6593061720847861,0.02074035780070891,-0.02171137345006215,-0.04308889033937602,0.020385540769429035,-0.022044861222684918,-0.13654081535317364,0.7015646543001242,0.1060831189467214,0.6913103597183927,0.5,-0.4,0.1,4.1702867678558855,2.111996768871374,0.4246984897402018,0.9341313528456598,-1.0,False
1782605629.4158862,TRACKING,Tracking AprilTag,Walk,2,43.644107818603516,2.111996768871374,-0.060501165468702704,4.6702867678558855,5.125989586095154,0.4246984897402018,0.9341313528456598,0.8026481506183297,0.05971277208847779,0.5934562588417823,0.5951359848723686,-0.03961194035856977,0.8026481506183297,-0.014099355392499907,0.998116021826634,0.05971277208847779,-0.8035013177882858,-0.04685404095703613,0.5934562588417823,0.13548808095200476,-4.773135537401597,1.0850872448734747,-2.4963738641377833,-1.675230774524925,0.029670894694163993,-0.030354973939868492,-0.05901349277951495,0.029174731487861802,-0.03083215006212556,-0.13232140189929756,0.7030489983754652,0.10094999941948254,0.6913915316952227,0.5,-0.4,0.1,4.1702867678558855,2.111996768871374,0.4246984897402018,0.9341313528456598,-1.0,False
1782605629.4658968,TRACKING,Tracking AprilTag,Walk,2,43.644107818603516,2.111996768871374,-0.060501165468702704,4.6702867678558855,5.125989586095154,0.4246984897402018,0.9341313528456598,0.8026481506183297,0.05971277208847779,0.5934562588417823,0.5951359848723686,-0.03961194035856977,0.8026481506183297,-0.014099355392499907,0.998116021826634,0.05971277208847779,-0.8035013177882858,-0.04685404095703613,0.5934562588417823,0.13548808095200476,-4.773135537401597,1.0750520985612957,-2.5078383914444706,-1.6927691124249071,0.04157924723062692,-0.03985921971425468,-0.076551830679497,0.04092738932432731,-0.04052826173906011,-0.12023652443643564,0.7047569277500113,0.09740989492413771,0.692367072693871,0.5,-0.4,0.1,4.1702867678558855,2.111996768871374,0.4246984897402018,0.9341313528456598,-1.0,False
1782605629.5159166,TRACKING,Tracking AprilTag,Walk,2,43.644107818603516,2.111996768871374,-0.060501165468702704,4.6702867678558855,5.125989586095154,0.4246984897402018,0.9341313528456598,0.8026481506183297,0.05971277208847779,0.5934562588417823,0.5951359848723686,-0.03961194035856977,0.8026481506183297,-0.014099355392499907,0.998116021826634,0.05971277208847779,-0.8035013177882858,-0.04685404095703613,0.5934562588417823,0.13548808095200476,-4.773135537401597,1.0649323306170937,-2.52324241061479,-1.7129284784109875,0.057426870892946236,-0.04926912588283893,-0.09671119666557737,0.05662033015618625,-0.050193928704760804,-0.11077657212476277,0.7049418226121267,0.09283259845827227,0.6943829537539538,0.5,-0.4,0.1,4.1702867678558855,2.111996768871374,0.4246984897402018,0.9341313528456598,-1.0,False
1782605629.565888,TRACKING,Tracking AprilTag,Walk,2,43.644107818603516,2.111996768871374,-0.060501165468702704,4.6702867678558855,5.125989586095154,0.4246984897402018,0.9341313528456598,0.8026481506183297,0.05971277208847779,0.5934562588417823,0.5951359848723686,-0.03961194035856977,0.8026481506183297,-0.014099355392499907,0.998116021826634,0.05971277208847779,-0.8035013177882858,-0.04685404095703613,0.5934562588417823,0.13548808095200476,-4.773135537401597,1.0552592420889735,-2.540015440278585,-1.7296809920530536,0.07462181148371706,-0.058170652934714004,-0.11346371030764346,0.07366865503992734,-0.05937313261543933,-0.10473704390512256,0.7055101925986664,0.08697569205407904,0.695500358565776,0.5,-0.4,0.1,4.1702867678558855,2.111996768871374,0.4246984897402018,0.9341313528456598,-1.0,False
1782605629.6158257,TRACKING,Tracking AprilTag,Walk,2,43.644107818603516,2.111996768871374,-0.060501165468702704,4.6702867678558855,5.125989586095154,0.4246984897402018,0.9341313528456598,0.8026481506183297,0.05971277208847779,0.5934562588417823,0.5951359848723686,-0.03961194035856977,0.8026481506183297,-0.014099355392499907,0.998116021826634,0.05971277208847779,-0.8035013177882858,-0.04685404095703613,0.5934562588417823,0.13548808095200476,-4.773135537401597,1.0461947011440438,-2.556486720018879,-1.7412041844873587,0.09148768205283295,-0.06647796108905395,-0.12498690274194857,0.09039758952182475,-0.0679528592967338,-0.10076828843540903,0.7048897414539907,0.08196960107132302,0.6973214387489691,0.5,-0.4,0.1,4.1702867678558855,2.111996768871374,0.4246984897402018,0.9341313528456598,-1.0,False
1782605629.6659684,TRACKING,Tracking AprilTag,Walk,2,43.644107818603516,2.111996768871374,-0.060501165468702704,4.6702867678558855,5.125989586095154,0.4246984897402018,0.9341313528456598,0.8026481506183297,0.05971277208847779,0.5934562588417823,0.5951359848723686,-0.03961194035856977,0.8026481506183297,-0.014099355392499907,0.998116021826634,0.05971277208847779,-0.8035013177882858,-0.04685404095703613,0.5934562588417823,0.13548808095200476,-4.773135537401597,1.038219452494115,-2.5712987916837515,-1.7487183667464605,0.10664659609206074,-0.07377243729950288,-0.1325010850010504,0.10543621686414913,-0.07549220579972706,-0.09979562660233084,0.7044289459434252,0.07904301923548528,0.6982642008138622,0.5,-0.4,0.1,4.1702867678558855,2.111996768871374,0.4246984897402018,0.9341313528456598,-1.0,False
1782605629.7159293,TRACKING,Tracking AprilTag,Walk,2,54.90372848510742,1.4694661070656794,-0.08056511501060505,4.860301099308068,5.078222932631714,0.29360270230391566,-0.17421973985248243,-0.1732903988755741,-0.023858737027591594,0.9845817377572025,0.9848547024523853,-0.005626074561178229,-0.1732903988755741,0.0015128897099895388,0.999714195073859,-0.023858737027591594,0.17337510265937525,0.02323522009489959,0.9845817377572025,0.07446078502906528,0.012179460096594043,1.02980269368231,-2.586617301869593,-1.7523310825786946,0.12233147325324333,-0.0814849733058004,-0.1361138008332845,0.1209939585590357,-0.08345808657745721,-0.09888076037829445,0.7027858487627668,0.0758085829566924,0.700405386012919,0.5,-0.4,-0.3513523019997653,4.360301099308068,1.4694661070656794,0.29360270230391566,-0.17421973985248243,-1.0,False
1782605629.7658608,TRACKING,Tracking AprilTag,Walk,2,69.08200073242188,1.466001853543473,-0.10145981072845668,4.898980309487773,5.114632303551729,0.2907652061158078,-0.0951031414363696,-0.09477008221446709,-0.06318774618215195,0.9934917917373466,0.9954935981444711,0.003335801318625475,-0.09477008221446709,-0.009359474295166991,0.9979577691332124,-0.06318774618215195,0.09436575806028533,0.06378999495394719,0.9934917917373466,-0.12312724721223416,-0.3545368852540295,1.0184027897902026,-2.6056259824991557,-1.7523573487213053,0.1418381656983958,-0.09201002427366904,-0.1361400669758952,0.14032740288771703,-0.09429809019442065,-0.09783755097818404,0.7021354874940918,0.07678081043702778,0.7010979089746726,0.5,-0.4,-0.3092402562224118,4.398980309487773,1.466001853543473,0.2907652061158078,-0.0951031414363696,-1.0,False
1782605629.8158746,TRACKING,Tracking AprilTag,Walk,2,71.41787719726562,1.4464629270780511,-0.11886358219616514,4.841493425049657,5.054348833962963,0.2903222717458903,-0.10852342384734567,-0.1082983543584116,-0.014993750347968174,0.9940053590870437,0.9941174090760093,-0.0014294807666478402,-0.1082983543584116,-0.000195629247530415,0.9998875682694032,-0.014993750347968174,0.10830761146475264,0.014926734573826551,0.9940053590870437,-0.052076516602541686,-0.3153621783612921,1.0056058567914592,-2.625598323394742,-1.7500264162062438,0.16237095711443045,-0.10388690819536585,-0.13380913446083365,0.1606648888090791,-0.10650638906945832,-0.09784318601403318,0.7021759275766922,0.07825013379288243,0.7008941391136263,0.5,-0.4,-0.31555175649497413,4.341493425049657,1.4464629270780511,0.2903222717458903,-0.10852342384734567,-1.0,False
1782605629.8658855,TRACKING,Tracking AprilTag,Walk,2,68.04057312011719,1.446698997012677,-0.119882009195776,4.816900663539653,5.030888757117876,0.29176698790834876,-0.13560621470560685,-0.13519098210267821,0.0002140116896969323,0.9908195358172496,0.9908178470675781,0.0018418171686156194,-0.13519098210267821,-0.001829682013025079,0.9999983032299244,0.0002140116896969323,0.13519114688506967,3.5309906643657445e-05,0.9908195358172496,0.026904138984389904,-0.19301079780885985,0.9897318418563268,-2.6489047211431402,-1.7466951684450867,0.18637408273756878,-0.11868631651080803,-0.13047788669967653,0.18442485850341234,-0.12169310584075899,-0.10034140438486432,0.7014132720139056,0.07836883408160936,0.7012912021788875,0.5,-0.4,-0.33039339647031735,4.316900663539653,1.446698997012677,0.29176698790834876,-0.13560621470560685,-1.0,False
1782605629.9158688,TRACKING,Tracking AprilTag,Walk,2,66.95441436767578,1.4459365923761336,-0.14059306188127224,4.75118087103877,4.96832151813328,0.29542639416916083,-0.14045800737806255,-0.13992148023949438,-0.032760522278230966,0.9896204967297546,0.9901556492704855,0.0037107391894406214,-0.13992148023949438,-0.008374964022001278,0.9994281405672384,-0.032760522278230966,0.13971989906728907,0.03360985356975292,0.9896204967297546,0.10295890878349563,-0.1808489719830777,0.973268416693223,-2.672971318999483,-1.7432914273129654,0.21116338680416413,-0.13404001001999055,-0.12707414556755525,0.2089619145090526,-0.13744678423839385,-0.10070643327535571,0.702198493838162,0.08019894140837418,0.70024539937464,0.5,-0.4,-0.336112758441276,4.25118087103877,1.4459365923761336,0.29542639416916083,-0.14045800737806255,-1.0,False
1782605629.9658813,TRACKING,Tracking AprilTag,Walk,2,67.48695373535156,1.4627541743722339,-0.13324353083780066,4.7718143846185335,4.99275636641784,0.2974463623531655,-0.08279336714656305,-0.08253794323948768,-0.0623432611774592,0.9946360166973416,0.9965808576162231,0.0037526202457092814,-0.08253794323948768,-0.008921358842485724,0.9980148932466704,-0.0623432611774592,0.08214014602687897,0.06286645130058466,0.9946360166973416,-0.023339495220172438,-0.42636643413232006,0.9582115052250739,-2.6953381561819465,-1.7436559192863768,0.23419082002135505,-0.14806581865743923,-0.12743863754096663,0.23175886543657506,-0.1518441804236299,-0.10150318402101957,0.7049069586643145,0.07916393846979097,0.6975215796706024,0.5,-0.4,-0.3090984096911305,4.2718143846185335,1.4627541743722339,0.2974463623531655,-0.08279336714656305,-1.0,False
1782605630.015876,TRACKING,Tracking AprilTag,Walk,2,65.82320404052734,1.4596424060366489,-0.0819845173141782,4.789199050479556,5.007365071541516,0.2958344763158864,-0.10060712639697549,-0.10035900578866365,-0.03952551340553285,0.9941658834154088,0.9949121184611841,0.008828731289933063,-0.10035900578866365,-0.0128532392884303,0.9991358906724467,-0.03952551340553285,0.0999233244987036,0.04061435059171526,0.9941658834154088,-0.008612520837570648,-0.3455377257926303,0.9436510577535902,-2.7127138422863033,-1.7454352267418451,0.252209707689291,-0.16182230023440072,-0.12921794499643502,0.2495522970767943,-0.16589106223532826,-0.10052239208131412,0.7058539553250747,0.07922165447574119,0.6966989105089257,0.5,-0.4,-0.31655459188278545,4.289199050479556,1.4596424060366489,0.2958344763158864,-0.10060712639697549,-1.0,False
1782605630.0659008,TRACKING,Tracking AprilTag,Walk,2,70.59660339355469,1.414524327405737,-0.07149083187749841,4.674836718973228,4.884678941437765,0.2938244802557196,-0.13644147626577266,-0.1359787574384727,-0.02418153221907021,0.9904165946837861,0.9907093198686051,0.002195689179917828,-0.1359787574384727,-0.0055346084671405536,0.9996922634534358,-0.02418153221907021,0.13588381667660526,0.02470945852040603,0.9904165946837861,0.16818422427043042,-0.24050492240818744,0.927838190476179,-2.729675686440274,-1.7468543898684212,0.2698720467701568,-0.1768487005627936,-0.1306371081230111,0.26696863296053625,-0.18120191371463165,-0.0979609223576443,0.7063562332990763,0.08050495737678058,0.6964075539568358,0.5,-0.4,-0.332662770363034,4.174836718973228,1.414524327405737,0.2938244802557196,-0.13644147626577266,-1.0,False
1782605630.1159194,TRACKING,Tracking AprilTag,Walk,2,68.94856262207031,1.4128892461639364,-0.0681225120062404,4.692577806700269,4.901141007000681,0.29245668851920276,-0.11437154426323384,-0.1141102915892729,-0.01454331462546242,0.9933616327164624,0.9934658233129364,-0.002121146520264984,-0.1141102915892729,0.00046441465472726786,0.9998941325554087,-0.01454331462546242,0.11412905952551168,0.014395291546414831,0.9933616327164624,0.10530112167843897,-0.3384343342006074,0.9112012653190871,-2.747905859395732,-1.7497716485014654,0.28883882318347365,-0.19264071997627752,-0.13355436675605525,0.28567681872708084,-0.19729943743702646,-0.09655614656657374,0.7062880708396911,0.08074828186319663,0.6966446630283646,0.5,-0.4,-0.3203967917988994,4.192577806700269,1.4128892461639364,0.29245668851920276,-0.11437154426323384,-1.0,False
1782605630.1659107,TRACKING,Tracking AprilTag,Walk,2,64.48788452148438,1.369405159984748,-0.07095269278682788,4.6368261188864235,4.835334655801384,0.28716914516407765,0.7360527316112812,0.671364933108697,0.002887840309829219,0.7411213038162511,0.7409679148549482,-0.015351734347142995,0.671364933108697,0.018098437023951166,0.9998320393724314,0.002887840309829219,-0.6712965035904779,0.010010858949148717,0.7411213038162511,0.25008625864571277,-4.376979570820271,0.8944931988462571,-2.7672419592898954,-1.7548119586009752,0.30891361612860085,-0.20845359234621183,-0.13859467685556504,0.3054925371508371,-0.21343577988901877,-0.09228720151873512,0.7066196640095215,0.08050715529312938,0.6969148590879085,0.5,-0.4,0.10957413515797065,4.1368261188864235,1.369405159984748,0.28716914516407765,0.7360527316112812,-1.0,False
1782605630.215879,TRACKING,Tracking AprilTag,Walk,2,40.716800689697266,1.315092899458234,-0.06945409434163143,4.611578711521525,4.795930714468757,0.27779818363549313,0.7969460286942087,0.7135803972064884,0.06777630184532409,0.6972871643955608,0.698622634884099,-0.05224395419787074,0.7135803972064884,0.005380906354907369,0.9976860321538892,0.06777630184532409,-0.7154700971210458,-0.04351034928381462,0.6972871643955608,0.4498213998177231,-4.65935057138851,0.8770883787096762,-2.7871027615876525,-1.7626463773062644,0.3295442066594656,-0.2249386754896213,-0.14642909556085426,0.3258530789445552,-0.23025325799257473,-0.08953800217366517,0.7078812196388334,0.0779413965751673,0.6962846140403356,0.5,-0.4,0.14845464907516054,4.111578711521525,1.315092899458234,0.27779818363549313,0.7969460286942087,-1.0,False
1782605630.26589,TRACKING,Tracking AprilTag,Walk,2,40.716800689697266,1.315092899458234,-0.06945409434163143,4.611578711521525,4.795930714468757,0.27779818363549313,0.7969460286942087,0.7135803972064884,0.06777630184532409,0.6972871643955608,0.698622634884099,-0.05224395419787074,0.7135803972064884,0.005380906354907369,0.9976860321538892,0.06777630184532409,-0.7154700971210458,-0.04351034928381462,0.6972871643955608,0.4498213998177231,-4.65935057138851,0.8576466489120516,-2.8086928485971474,-1.77376380405244,0.35199478497029874,-0.2433800487603556,-0.1575465223070298,0.34800164436351755,-0.2490562834002944,-0.08569438652448759,0.7105798062094618,0.07324306540554494,0.6945273677080799,0.5,-0.4,0.14845464907516054,4.111578711521525,1.315092899458234,0.27779818363549313,0.7969460286942087,-1.0,False
1782605630.3158925,TRACKING,Tracking AprilTag,Walk,2,40.716800689697266,1.315092899458234,-0.06945409434163143,4.611578711521525,4.795930714468757,0.27779818363549313,0.7969460286942087,0.7135803972064884,0.06777630184532409,0.6972871643955608,0.698622634884099,-0.05224395419787074,0.7135803972064884,0.005380906354907369,0.9976860321538892,0.06777630184532409,-0.7154700971210458,-0.04351034928381462,0.6972871643955608,0.4498213998177231,-4.65935057138851,0.8393211234375141,-2.8324230516879703,-1.7892394540058967,0.37653259050914745,-0.2606091962142277,-0.17302217226048655,0.3722568209966979,-0.26668109060896605,-0.07958952324054618,0.7114229163280722,0.06842013462626707,0.6948824555932654,0.5,-0.4,0.14845464907516054,4.111578711521525,1.315092899458234,0.27779818363549313,0.7969460286942087,-1.0,False
1782605630.3659563,TRACKING,Tracking AprilTag,Walk,2,40.716800689697266,1.315092899458234,-0.06945409434163143,4.611578711521525,4.795930714468757,0.27779818363549313,0.7969460286942087,0.7135803972064884,0.06777630184532409,0.6972871643955608,0.698622634884099,-0.05224395419787074,0.7135803972064884,0.005380906354907369,0.9976860321538892,0.06777630184532409,-0.7154700971210458,-0.04351034928381462,0.6972871643955608,0.4498213998177231,-4.65935057138851,0.8242607606355142,-2.8546797993530606,-1.801996760080593,0.3994502044592389,-0.2746434512778189,-0.18577947833518293,0.3949438301242575,-0.28108515118928123,-0.07635471508344498,0.7113622736191456,0.06323220209947962,0.6957983628707216,0.5,-0.4,0.14845464907516054,4.111578711521525,1.315092899458234,0.27779818363549313,0.7969460286942087,-1.0,False
1782605630.41595,TRACKING,Tracking AprilTag,Walk,2,40.716800689697266,1.315092899458234,-0.06945409434163143,4.611578711521525,4.795930714468757,0.27779818363549313,0.7969460286942087,0.7135803972064884,0.06777630184532409,0.6972871643955608,0.698622634884099,-0.05224395419787074,0.7135803972064884,0.005380906354907369,0.9976860321538892,0.06777630184532409,-0.7154700971210458,-0.04351034928381462,0.6972871643955608,0.4498213998177231,-4.65935057138851,0.8105722922664373,-2.876004788913249,-1.8104666026104623,0.4213747299455174,-0.2873495336101071,-0.1942493208650522,0.41665942013147866,-0.2941451089484639,-0.07446586046429844,0.7098671780326156,0.06036617704851735,0.6977817351048031,0.5,-0.4,0.14845464907516054,4.111578711521525,1.315092899458234,0.27779818363549313,0.7969460286942087,-1.0,False
1782605630.4658966,TRACKING,Tracking AprilTag,Walk,2,45.722572326660156,1.0169689057423925,-0.07137308729637275,4.699011102290405,4.808328733799883,0.21313483781201353,0.6385462694782442,0.5956382151453641,0.036195669321922516,0.8024369072897775,0.8026071339863443,-0.03220101136099823,0.5956382151453641,0.013228847377588905,0.9992571596538093,0.036195669321922516,-0.5963612882064753,-0.021171295376768193,0.8024369072897775,0.22835940183848463,-4.26503922403447,0.7985030184968779,-2.894163593601279,-1.8156449055323063,0.44006281593839436,-0.29858185300306583,-0.19942762378689616,0.43516289600423885,-0.30567901278232623,-0.07428073361083819,0.7076506372095792,0.055542701385261094,0.7004483968101718,0.5,-0.4,0.12745178070830993,4.199011102290405,1.0169689057423925,0.21313483781201353,0.6385462694782442,-1.0,False
1782605630.5158975,TRACKING,Tracking AprilTag,Walk,2,66.90660858154297,0.9699961900525235,-0.11768527400036975,4.680637310022206,4.781538252529709,0.20434339744497984,-0.11988223618026281,-0.11953732637945019,-0.031130155779183547,0.992341544531527,0.9928261986267882,-0.002639492817570491,-0.11953732637945019,-0.0010908289942864824,0.9995147440099466,-0.031130155779183547,0.1195614879983786,0.031037229006420735,0.992341544531527,0.07465442807570866,-0.7547710093018035,0.7850020676086769,-2.912791154464941,-1.816974357550984,0.4592841804379211,-0.311223088915404,-0.2007570758055739,0.4541767320975841,-0.3186302959477294,-0.0726923079674359,0.7061712873075008,0.05584673534022154,0.702081963517561,0.5,-0.4,-0.24385017579061324,4.180637310022206,0.9699961900525235,0.20434339744497984,-0.11988223618026281,-1.0,False
1782605630.565863,TRACKING,Tracking AprilTag,Walk,2,71.31947326660156,0.935987877089856,-0.1283382493772706,4.549073060895454,4.6461392279695115,0.20292163732679785,-0.21682186963290215,-0.2151242926576496,0.005014024535246938,0.976573805847006,0.9765316694544747,-0.010365194691981532,-0.2151242926576496,0.011717992948881772,0.9999187708005135,0.005014024535246938,0.2150548469430687,-0.007417178694585904,0.976573805847006,0.3621745506129632,-0.38713905445998914,0.7688537333736116,-2.933801196093467,-1.8154951901189351,0.48100577385858156,-0.3264008004381367,-0.199277908373525,0.4756493347355156,-0.3341582669598504,-0.07141075545590753,0.7062950958425316,0.05816619653801699,0.7019005878144757,0.5,-0.4,-0.29104040841056916,4.049073060895454,0.935987877089856,0.20292163732679785,-0.21682186963290215,-1.0,False
1782605630.6159003,TRACKING,Tracking AprilTag,Walk,2,73.41592407226562,0.9383668370556231,-0.1329019401368655,4.562374799089271,4.659770279095611,0.20284637211580284,-0.19578587883113,-0.19445280193131712,-0.0294984629588861,0.9804682292171039,0.9808992833829123,-0.004970279665069206,-0.19445280193131712,-0.000782897474843666,0.999564519055477,-0.0294984629588861,0.19451473705206226,0.029087257784877064,0.9804682292171039,0.311704502132318,-0.4696250521894782,0.7512413696934964,-2.955935650540431,-1.8119784482436594,0.5039170951827798,-0.34298997712791546,-0.19576116649824926,0.498288619335902,-0.35111681114406823,-0.07159461367757222,0.7065466734284537,0.05920441199253628,0.7015417643734144,0.5,-0.4,-0.28045467431978754,4.062374799089271,0.9383668370556231,0.20284637211580284,-0.19578587883113,-1.0,False
1782605630.666042,TRACKING,Tracking AprilTag,Walk,2,71.9904556274414,0.9358235121118339,-0.12738412563661877,4.48162989315001,4.580065377313003,0.2058552576231693,-0.1873555797033712,-0.18611240086303116,-0.03999142828647484,0.9817142455463331,0.9824923568973478,-0.008422759838248254,-0.18611240086303116,0.00099045753279519,0.9991995319541955,-0.03999142828647484,0.18630026202925787,0.03910693620348854,0.9817142455463331,0.37680147035450573,-0.5232891786927859,0.7296581414061473,-2.9821493151257963,-1.8071921457835531,0.5310837179876918,-0.3633607051383105,-0.190974864038143,0.5251213210652181,-0.3719254168687056,-0.07440185352857051,0.7059936339335317,0.06091308434906757,0.7016601379527864,0.5,-0.4,-0.278947521712538,3.98162989315001,0.9358235121118339,0.2058552576231693,-0.1873555797033712,-1.0,False
1782605630.7159364,TRACKING,Tracking AprilTag,Walk,2,71.96484375,0.9516974285815599,-0.13932416113821203,4.515366475960953,4.616673437625587,0.20772820777638504,-0.17530710588112558,-0.17427746231965816,-0.03905764288132821,0.9839216770962894,0.9846940270479899,-0.0022448214701240054,-0.17427746231965816,-0.004634721354234669,0.9992262105702208,-0.03905764288132821,0.17423028569677892,0.03926755513199208,0.9839216770962894,0.3249799247874294,-0.5530494531354944,0.7111982757535295,-3.0060247832254987,-1.802225477774421,0.5557727384770431,-0.3807174584109996,-0.18600819602901097,0.5495256234020937,-0.389680265342939,-0.07464667197152075,0.7067324732283228,0.06317195870034667,0.7006899380482896,0.5,-0.4,-0.27460893993930935,4.015366475960953,0.9516974285815599,0.20772820777638504,-0.17530710588112558,-1.0,False
1782605630.7658758,TRACKING,Tracking AprilTag,Walk,2,69.53564453125,0.9646584683481849,-0.12011434819872088,4.464552802680502,4.5691602231834025,0.21279920385186019,-0.1590414280893891,-0.1580041056399661,-0.06810365248395618,0.9850871002704579,0.9874280843026375,-0.004525586297693957,-0.1580041056399661,-0.006325188152967413,0.9976582002435374,-0.06810365248395618,0.15794230062036266,0.06824686480335955,0.9850871002704579,0.3568118902519894,-0.6188166851868067,0.6939242002240598,-3.0262675984316387,-1.8004094874057621,0.5767790114224686,-0.39705458636575486,-0.184192205660352,0.5702641975716879,-0.4063559000918771,-0.07684550583629383,0.7082115998558518,0.06274597299420974,0.6989950221105934,0.5,-0.4,-0.27103999751136876,3.964552802680502,0.9646584683481849,0.21279920385186019,-0.1590414280893891,-1.0,False
1782605630.8158464,TRACKING,Tracking AprilTag,Walk,2,64.38825988769531,0.9747392584058691,-0.0955837603656488,4.4945237565103655,4.59999963858252,0.21356537683964338,-0.10733940241008365,-0.10681246197046744,-0.07734574787537142,0.9912662272333336,0.9942779379699246,-0.0015748123958938855,-0.10681246197046744,-0.006729939879171027,0.9969816162772622,-0.07734574787537142,0.10661186601639407,0.07762201215567345,0.9912662272333336,0.2536268240461084,-0.8281302898495951,0.6763455626314021,-3.0439147609887103,-1.7990859488506414,0.5952061374998784,-0.41381381876037676,-0.1828686671052313,0.5884171188389695,-0.423411758187956,-0.0770286099086138,0.7097984981198652,0.06360048456796796,0.6972859267797179,0.5,-0.4,-0.24587854036072088,3.9945237565103655,0.9747392584058691,0.21356537683964338,-0.10733940241008365,-1.0,False
1782605630.8659031,TRACKING,Tracking AprilTag,Walk,2,71.76942443847656,0.9479888149777403,-0.07862715996460777,4.377101643111244,4.479272688476797,0.21328501798143765,-0.1868299012589687,-0.18572330388716335,-0.015248954571117097,0.9824837524242955,0.982548275844556,-0.010282997040107262,-0.18572330388716335,0.007581733934474676,0.999854982832528,-0.015248954571117097,0.18585317577441962,0.013574729346779005,0.9824837524242955,0.4802766473337855,-0.5333230853699945,0.6592566008751195,-3.061334894222116,-1.7988210037227257,0.6133842345040039,-0.43009418869124433,-0.18260372197731556,0.6063288094116438,-0.43998477832932026,-0.07556220338241561,0.7096011118933473,0.06567441909489434,0.6974550065031205,0.5,-0.4,-0.28537146681277825,3.877101643111244,0.9479888149777403,0.21328501798143765,-0.1868299012589687,-1.0,False
1782605630.915902,TRACKING,Tracking AprilTag,Walk,2,72.16120147705078,0.9409958905629159,-0.08497772156353586,4.386004405730797,4.486616668081684,0.2113413478913722,-0.16885853423577485,-0.16800238203421483,-0.025545982697043057,0.9854555304014849,0.9856578641073181,-0.01593030301749546,-0.16800238203421483,0.01180146668349787,0.9996039856624025,-0.025545982697043057,0.16834280592742237,0.0231969242273649,0.9854555304014849,0.4402485682824835,-0.6127586016087695,0.642337678953922,-3.08004960057295,-1.8003146659145155,0.6328478487457502,-0.4461459136272757,-0.18409738416910537,0.6255295560715166,-0.4563500305570404,-0.07409842454513996,0.7086958874741516,0.06598055760568064,0.6985027763546802,0.5,-0.4,-0.27463648022012244,3.886004405730797,0.9409958905629159,0.2113413478913722,-0.16885853423577485,-1.0,False
1782605630.9658892,TRACKING,Tracking AprilTag,Walk,2,69.10041809082031,0.9300236595581419,-0.09580914922149439,4.391092405934029,4.489522905372459,0.2087134246042744,-0.1547535449590236,-0.15402129304224343,-0.0386720938503273,0.9873104427923504,0.987912032255277,-0.017528771059145822,-0.15402129304224343,0.011699556098310394,0.9991834614045281,-0.0386720938503273,0.15457340299143013,0.03640264606896161,0.9873104427923504,0.4117445623589806,-0.6811087268331388,0.6243489001939466,-3.10094918858595,-1.8050787699887887,0.654542668474969,-0.4631671867084872,-0.18886148824337856,0.6469454918150505,-0.47372088651226923,-0.0715955453260708,0.708936282150309,0.06555295454407506,0.6985601161610234,0.5,-0.4,-0.26521885462335876,3.891092405934029,0.9300236595581419,0.2087134246042744,-0.1547535449590236,-1.0,False
1782605631.0159037,TRACKING,Tracking AprilTag,Walk,2,59.3037109375,0.9020711196775565,-0.09788951019873082,4.33962484416185,4.433470249052094,0.20494980900402887,-0.2376317928648891,-0.2351156494190185,-0.04927747895935386,0.9707174467710383,0.9717025642370244,-0.022688280090489864,-0.2351156494190185,0.0113958073318296,0.9987201137669484,-0.04927747895935386,0.23593274938093514,0.045203720022463034,0.9707174467710383,0.6029056814298935,-0.3781666466644886,0.6050668418829356,-3.1230306450490892,-1.8131742480237714,0.6774768595255217,-0.48142674237393246,-0.19695696627836123,0.6695805548830979,-0.492349960889389,-0.06969968166162062,0.7095696138336265,0.06371844803391588,0.6982785095364287,0.5,-0.4,-0.3032707245360705,3.8396248441618503,0.9020711196775565,0.20494980900402887,-0.2376317928648891,-1.0,False
1782605631.0659451,TRACKING,Tracking AprilTag,Walk,2,42.330718994140625,0.8595529529194743,-0.09252939004154222,4.256999713517416,4.3438968136664355,0.19923641921406765,-0.3131526983188279,-0.30670629398079524,-0.09362846784210754,0.9471879218202192,0.9512020119218326,-0.03385235218450642,-0.30670629398079524,0.005242564765145263,0.9955934037167093,-0.09362846784210754,0.3085243070335644,0.08745165937449931,0.9471879218202192,0.834766632652815,-0.1465969210447308,0.5850189784871456,-3.1458373655990863,-1.824939519098757,0.7011703382981023,-0.5004183824462167,-0.20872223735334683,0.6929629337376416,-0.5117233366428426,-0.06774919177877553,0.7110003018296902,0.060180813598083485,0.6973283928581174,0.5,-0.4,-0.33588912645207486,3.7569997135174162,0.8595529529194743,0.19923641921406765,-0.3131526983188279,-1.0,False
1782605631.1159334,TRACKING,Tracking AprilTag,Walk,2,42.330718994140625,0.8595529529194743,-0.09252939004154222,4.256999713517416,4.3438968136664355,0.19923641921406765,-0.3131526983188279,-0.30670629398079524,-0.09362846784210754,0.9471879218202192,0.9512020119218326,-0.03385235218450642,-0.30670629398079524,0.005242564765145263,0.9955934037167093,-0.09362846784210754,0.3085243070335644,0.08745165937449931,0.9471879218202192,0.834766632652815,-0.1465969210447308,0.5664194469532464,-3.170483433909212,-1.839386837495038,0.7266355058127443,-0.5178796681915195,-0.22316955574962782,0.7181415858500647,-0.5295952904876092,-0.05950757861112693,0.711649606775118,0.05486903915015704,0.6978560552201286,0.5,-0.4,-0.33588912645207486,3.7569997135174162,0.8595529529194743,0.19923641921406765,-0.3131526983188279,-1.0,False
1782605631.1659079,TRACKING,Tracking AprilTag,Walk,2,42.330718994140625,0.8595529529194743,-0.09252939004154222,4.256999713517416,4.3438968136664355,0.19923641921406765,-0.3131526983188279,-0.30670629398079524,-0.09362846784210754,0.9471879218202192,0.9512020119218326,-0.03385235218450642,-0.30670629398079524,0.005242564765145263,0.9955934037167093,-0.09362846784210754,0.3085243070335644,0.08745165937449931,0.9471879218202192,0.834766632652815,-0.1465969210447308,0.5505084173529583,-3.19259384075359,-1.8510796643447411,0.7494455546855702,-0.532770357369138,-0.234862382599331,0.7407071553991903,-0.5448539281951087,-0.05584521586289847,0.7114619467910465,0.04839918708117867,0.6988281110712432,0.5,-0.4,-0.33588912645207486,3.7569997135174162,0.8595529529194743,0.19923641921406765,-0.3131526983188279,-1.0,False
1782605631.2159235,TRACKING,Tracking AprilTag,Walk,2,42.330718994140625,0.8595529529194743,-0.09252939004154222,4.256999713517416,4.3438968136664355,0.19923641921406765,-0.3131526983188279,-0.30670629398079524,-0.09362846784210754,0.9471879218202192,0.9512020119218326,-0.03385235218450642,-0.30670629398079524,0.005242564765145263,0.9955934037167093,-0.09362846784210754,0.3085243070335644,0.08745165937449931,0.9471879218202192,0.834766632652815,-0.1465969210447308,0.5373133725042604,-3.2112741607661706,-1.8624736573512262,0.7687057341532649,-0.5451036071924313,-0.246256375605816,0.759764795914419,-0.5574978952278041,-0.054017245915741426,0.7095485692321967,0.042298250191648366,0.7013086503636937,0.5,-0.4,-0.33588912645207486,3.7569997135174162,0.8595529529194743,0.19923641921406765,-0.3131526983188279,-1.0,False
1782605631.2659607,TRACKING,Tracking AprilTag,Walk,2,42.330718994140625,0.8595529529194743,-0.09252939004154222,4.256999713517416,4.3438968136664355,0.19923641921406765,-0.3131526983188279,-0.30670629398079524,-0.09362846784210754,0.9471879218202192,0.9512020119218326,-0.03385235218450642,-0.30670629398079524,0.005242564765145263,0.9955934037167093,-0.09362846784210754,0.3085243070335644,0.08745165937449931,0.9471879218202192,0.834766632652815,-0.1465969210447308,0.524389771726235,-3.2285813475169727,-1.874201781318892,0.7865818715359912,-0.5572280404810767,-0.2579844995734819,0.7774419626903597,-0.56991062841081,-0.052186059319660034,0.7082655349068246,0.03747630458745177,0.7030164108115138,0.5,-0.4,-0.33588912645207486,3.7569997135174162,0.8595529529194743,0.19923641921406765,-0.3131526983188279,-1.0,False
1782605631.3158076,TRACKING,Tracking AprilTag,Walk,2,42.330718994140625,0.8595529529194743,-0.09252939004154222,4.256999713517416,4.3438968136664355,0.19923641921406765,-0.3131526983188279,-0.30670629398079524,-0.09362846784210754,0.9471879218202192,0.9512020119218326,-0.03385235218450642,-0.30670629398079524,0.005242564765145263,0.9955934037167093,-0.09362846784210754,0.3085243070335644,0.08745165937449931,0.9471879218202192,0.834766632652815,-0.1465969210447308,0.509436600148643,-3.246666288904493,-1.8871833164332898,0.8053271147647553,-0.5713446371500133,-0.2709660346878797,0.795955814449514,-0.5843293571432264,-0.04852202853334099,0.7075671406126064,0.0341790389668817,0.7041492367159182,0.5,-0.4,-0.33588912645207486,3.7569997135174162,0.8595529529194743,0.19923641921406765,-0.3131526983188279,-1.0,False
1782605631.3660583,TRACKING,Tracking AprilTag,Walk,2,42.330718994140625,0.8595529529194743,-0.09252939004154222,4.256999713517416,4.3438968136664355,0.19923641921406765,-0.3131526983188279,-0.30670629398079524,-0.09362846784210754,0.9471879218202192,0.9512020119218326,-0.03385235218450642,-0.30670629398079524,0.005242564765145263,0.9955934037167093,-0.09362846784210754,0.3085243070335644,0.08745165937449931,0.9471879218202192,0.834766632652815,-0.1465969210447308,0.49165417797525135,-3.2663376491444915,-1.9019552393639976,0.8257856037681615,-0.5882155345695944,-0.28573795761858745,0.8161380206629788,-0.6015298078466733,-0.041014528815430586,0.7082330243664531,0.02862472323576926,0.7042048117149377,0.5,-0.4,-0.33588912645207486,3.7569997135174162,0.8595529529194743,0.19923641921406765,-0.3131526983188279,-1.0,False
1782605631.4159355,TRACKING,Tracking AprilTag,Walk,2,42.330718994140625,0.8595529529194743,-0.09252939004154222,4.256999713517416,4.3438968136664355,0.19923641921406765,-0.3131526983188279,-0.30670629398079524,-0.09362846784210754,0.9471879218202192,0.9512020119218326,-0.03385235218450642,-0.30670629398079524,0.005242564765145263,0.9955934037167093,-0.09362846784210754,0.3085243070335644,0.08745165937449931,0.9471879218202192,0.834766632652815,-0.1465969210447308,0.4712158933171667,-3.2872573464965917,-1.9175338611001398,0.8476117327419348,-0.6076828741692568,-0.30131657935472966,0.8376455809396829,-0.6213485380787622,-0.03680390177018108,0.7092838183603223,0.024169726535641305,0.7035465600412559,0.5,-0.4,-0.33588912645207486,3.7569997135174162,0.8595529529194743,0.19923641921406765,-0.3131526983188279,-1.0,False
1782605631.4658492,TRACKING,Holding: AprilTag stale for 0.46s; will auto-resume,Walk,2,42.330718994140625,0.8595529529194743,-0.09252939004154222,4.256999713517416,4.3438968136664355,0.19923641921406765,-0.3131526983188279,-0.30670629398079524,-0.09362846784210754,0.9471879218202192,0.9512020119218326,-0.03385235218450642,-0.30670629398079524,0.005242564765145263,0.9955934037167093,-0.09362846784210754,0.3085243070335644,0.08745165937449931,0.9471879218202192,0.834766632652815,-0.1465969210447308,0.44908010751671357,-3.308636086528643,-1.9334427799203107,0.8699735065746022,-0.6288251211978533,-0.31722549817490053,0.8596615539487701,-0.6428506419484933,-0.03015144373564046,0.710939304924575,0.017272993071227226,0.70239436135577,0.0,0.0,0.0,0.0,0.0,0.0,,0.0,False
1782605631.515788,TRACKING,Holding: AprilTag stale for 0.51s; will auto-resume,Walk,2,42.330718994140625,0.8595529529194743,-0.09252939004154222,4.256999713517416,4.3438968136664355,0.19923641921406765,-0.3131526983188279,-0.30670629398079524,-0.09362846784210754,0.9471879218202192,0.9512020119218326,-0.03385235218450642,-0.30670629398079524,0.005242564765145263,0.9955934037167093,-0.09362846784210754,0.3085243070335644,0.08745165937449931,0.9471879218202192,0.834766632652815,-0.1465969210447308,0.4284125322529592,-3.3282914323973514,-1.9514035000635048,0.890546999076896,-0.6485789232308686,-0.3351862183180947,0.8799119969649981,-0.6629354831514505,-0.023193412858020932,0.7133195159781333,0.010253929895125044,0.7003800330152374,0.0,0.0,0.0,0.0,0.0,0.0,,0.0,False
1782605631.5660145,TRACKING,Holding: AprilTag stale for 0.56s; will auto-resume,Walk,2,42.330718994140625,0.8595529529194743,-0.09252939004154222,4.256999713517416,4.3438968136664355,0.19923641921406765,-0.3131526983188279,-0.30670629398079524,-0.09362846784210754,0.9471879218202192,0.9512020119218326,-0.03385235218450642,-0.30670629398079524,0.005242564765145263,0.9955934037167093,-0.09362846784210754,0.3085243070335644,0.08745165937449931,0.9471879218202192,0.834766632652815,-0.1465969210447308,0.4088734812982612,-3.345132675278858,-1.9703663620596639,0.9082580499003985,-0.6673331401628417,-0.35414908031425374,0.8973165848189034,-0.6819744509711587,-0.018921320274112505,0.7150427968104128,0.004943957878074557,0.6988070832848841,0.0,0.0,0.0,0.0,0.0,0.0,,0.0,False
1782605631.615898,TRACKING,Holding: AprilTag stale for 0.61s; will auto-resume,Walk,2,42.330718994140625,0.8595529529194743,-0.09252939004154222,4.256999713517416,4.3438968136664355,0.19923641921406765,-0.3131526983188279,-0.30670629398079524,-0.09362846784210754,0.9471879218202192,0.9512020119218326,-0.03385235218450642,-0.30670629398079524,0.005242564765145263,0.9955934037167093,-0.09362846784210754,0.3085243070335644,0.08745165937449931,0.9471879218202192,0.834766632652815,-0.1465969210447308,0.39052451368986996,-3.359378162072492,-1.9840900491852589,0.9233219856424915,-0.6850163623307465,-0.3678727674398487,0.9120917738304529,-0.6998996370498126,-0.011779515679261212,0.7147053295551751,-0.001525843999904302,0.6993248220361397,0.0,0.0,0.0,0.0,0.0,0.0,,0.0,False
1782605631.6660209,TRACKING,Holding: AprilTag stale for 0.66s; will auto-resume,Walk,2,42.330718994140625,0.8595529529194743,-0.09252939004154222,4.256999713517416,4.3438968136664355,0.19923641921406765,-0.3131526983188279,-0.30670629398079524,-0.09362846784210754,0.9471879218202192,0.9512020119218326,-0.03385235218450642,-0.30670629398079524,0.005242564765145263,0.9955934037167093,-0.09362846784210754,0.3085243070335644,0.08745165937449931,0.9471879218202192,0.834766632652815,-0.1465969210447308,0.3740687322819814,-3.37203292454234,-1.9936976799895882,0.9367108769001499,-0.700880578220701,-0.37748039824417806,0.9252216371432433,-0.7159788921413873,-0.008056761476372892,0.7141830760230243,-0.00408941680997715,0.6999006352239996,0.0,0.0,0.0,0.0,0.0,0.0,,0.0,False
1782605631.715901,TRACKING,Holding: AprilTag stale for 0.71s; will auto-resume,Walk,2,42.330718994140625,0.8595529529194743,-0.09252939004154222,4.256999713517416,4.3438968136664355,0.19923641921406765,-0.3131526983188279,-0.30670629398079524,-0.09362846784210754,0.9471879218202192,0.9512020119218326,-0.03385235218450642,-0.30670629398079524,0.005242564765145263,0.9955934037167093,-0.09362846784210754,0.3085243070335644,0.08745165937449931,0.9471879218202192,0.834766632652815,-0.1465969210447308,0.3588219265936196,-3.3844130796261873,-1.9987845693181927,0.9497705500371,-0.715549533914778,-0.38256728757278263,0.9380417089589571,-0.7308577053413274,-0.005859296366671012,0.7137965730022655,-0.005371021669448427,0.7003079844914916,0.0,0.0,0.0,0.0,0.0,0.0,,0.0,False
1782605631.7658548,TRACKING,Tracking AprilTag,Walk,2,69.45600891113281,-0.1696039756477786,-0.07287418408730627,4.074340904195064,4.07852056006329,-0.04160332090535117,-0.4241943083837839,-0.4113955232710804,-0.030470101461443036,0.9109474717838804,0.911184265875393,-0.02229253358492817,-0.4113955232710804,0.01069557937436841,0.9994784527436177,-0.030470101461443036,0.4118602168247958,0.02336376355788805,0.9109474717838804,0.8234902261913128,-0.7548198410754355,0.3453224593293577,-3.3951762737932003,-1.999653977947652,0.9611355914234956,-0.7285463719679822,-0.38343669620224197,0.9491944883175409,-0.7440371392318421,-0.005310145852140352,0.7146113521478074,-0.006164652081220408,0.6994743846612463,0.5,0.1696039756477786,-0.1746541653770759,3.574340904195064,-0.1696039756477786,-0.04160332090535117,-0.4241943083837839,-1.0,False
1782605631.8158379,TRACKING,Tracking AprilTag,Walk,2,72.67552185058594,-0.17994576785100735,-0.0686574097013046,4.030980214104648,4.0355787448366724,-0.044611079571225926,-0.42409494116935187,-0.4113161490444154,-0.029568190303763134,0.9110130337472854,0.9113514644815587,-0.01604785725854173,-0.4113161490444154,0.0042561197829325366,0.9995537041933034,-0.029568190303763134,0.4116070864692585,0.025196402736416393,0.9110130337472854,0.8588838110141991,-0.7826453708629286,0.33266004492124335,-3.404310765999465,-1.9977868456931287,0.9708356039492572,-0.7407809722274594,-0.38156956394771857,0.9586948188496142,-0.7564274340746008,-0.0064696733588531005,0.7155092526965556,-0.006652777321839509,0.6985416187931485,0.5,0.17994576785100735,-0.1718974989705726,3.5309802141046482,-0.17994576785100735,-0.044611079571225926,-0.42409494116935187,-1.0,False
1782605631.865903,TRACKING,Tracking AprilTag,Walk,2,71.54582977294922,-0.1898317776886573,-0.04891966967205227,4.09264181454605,4.0973340430177325,-0.04635045630033961,-0.3489568287671323,-0.3417154448070706,-0.0343901350151244,0.9391740378619648,0.939565390228672,-0.021152594752160393,-0.3417154448070706,0.009991200245430102,0.999358541531165,-0.0343901350151244,0.3422236891305144,0.028897633189478415,0.9391740378619648,0.6978397402612101,-1.055712468988134,0.32373888589058025,-3.4104027428785733,-1.9958468590752063,0.9773263660908372,-0.7494163221084661,-0.3796295773297962,0.9650446894487535,-0.7651669079786841,-0.008911247774400192,0.7175995896138565,-0.007446385126553585,0.6963590812200807,0.5,0.1898317776886573,-0.1327630037132605,3.5926418145460497,-0.1898317776886573,-0.04635045630033961,-0.3489568287671323,-1.0,False
1782605631.91588,TRACKING,Tracking AprilTag,Walk,2,73.08164978027344,-0.18636092464194218,-0.017316749685573847,4.076945769156204,4.081239648525156,-0.04567911815502203,-0.3327237707889548,-0.3265764912090254,-0.016061988513542097,0.9450342892798081,0.9450854920146163,-0.012696778059491778,-0.3265764912090254,0.007882120604663905,0.9998399295386059,-0.016061988513542097,0.32672815146274764,0.01260583702669655,0.9450342892798081,0.6932813013914594,-1.1217479567049773,0.3182050707787472,-3.415035190344288,-1.9940570868374026,0.9822053006124585,-0.7547340920497376,-0.37783980509199244,0.969836745014286,-0.770563099475602,-0.010254087756310372,0.718823758964686,-0.007080203450785733,0.6950806629098959,0.5,0.18636092464194218,-0.12525067905495757,3.576945769156204,-0.18636092464194218,-0.04567911815502203,-0.3327237707889548,-1.0,False
1782605631.9659142,TRACKING,Tracking AprilTag,Walk,2,71.4561767578125,-0.17978315795093755,-0.004541880301704315,4.015570488999929,4.019595622035458,-0.044741632179978987,-0.3836462454372545,-0.3742625981000872,-0.014897373675843525,0.9272030931359833,0.9272451806333052,-0.011995109656929074,-0.3742625981000872,0.006921536534606112,0.9998650711918895,-0.014897373675843525,0.3743907949246472,0.011223045698733017,0.9272030931359833,0.8167711669746139,-0.940867124252306,0.31557277590034,-3.418494531274853,-1.9933506289026617,0.9857805939779689,-0.7572065995525186,-0.37713334715725155,0.973371471990643,-0.773093261763556,-0.01043705217456011,0.7194241753306434,-0.006652857818871649,0.6944606996616662,0.5,0.17978315795093755,-0.15155565375664617,3.515570488999929,-0.17978315795093755,-0.044741632179978987,-0.3836462454372545,-1.0,False
1782605632.0158968,TRACKING,Tracking AprilTag,Walk,2,74.22727966308594,-0.17806911229888972,0.00793929498592353,4.050507587591356,4.0544276240050126,-0.04393388355954822,-0.37106033565093566,-0.36260281029469,0.0023463386973988083,0.9319408225102654,0.9319072107283287,-0.00825545631321173,-0.36260281029469,0.009771175049010443,0.9999495081417255,0.0023463386973988083,0.36256513170837024,-0.005729625483569407,0.9319408225102654,0.7667091251315793,-0.9749321468471766,0.3154731947303905,-3.420680106402783,-1.9932105373438602,0.9879684365204802,-0.7572068412397509,-0.3769932555984501,0.9755590229093346,-0.7731289832888091,-0.011108582654095098,0.718517774747294,-0.0069581232009167104,0.6953850669126673,0.5,0.17806911229888972,-0.14598967262187443,3.5505075875913557,-0.17806911229888972,-0.04393388355954822,-0.37106033565093566,-1.0,False
1782605632.0659728,TRACKING,Tracking AprilTag,Walk,2,73.34642028808594,-0.17947255704799023,-0.0060228451186503254,4.10861303428425,4.112535439225673,-0.04365427806260037,-0.2861258283087055,-0.28209355901825356,-0.031954086618619225,0.9588546085349879,0.959344643813333,-0.009004351563798663,-0.28209355901825356,-1.4894166366229492e-05,0.9994893376752618,-0.031954086618619225,0.28223723029542575,0.03065918339391851,0.9588546085349879,0.6188140636231444,-1.2899384552045612,0.3164662671160389,-3.4218224260864316,-1.9946377311492929,0.9890644872797076,-0.7561629256512161,-0.37842044940388275,0.9766718585375853,-0.7721029794451102,-0.010253821258776828,0.715997483254232,-0.007018984790234138,0.6979922614010227,0.5,0.17947255704799023,-0.10377406389801241,3.60861303428425,-0.17947255704799023,-0.04365427806260037,-0.2861258283087055,-1.0,False
1782605632.1158435,TRACKING,Tracking AprilTag,Walk,2,75.53629302978516,-0.18071646099933283,-0.02267675055693097,4.0733417131092855,4.077411603707434,-0.04433657787957853,-0.3655635258857184,-0.35747410643096894,-0.002929820211389859,0.9339184543550413,0.9338996239490187,-0.006614803040287365,-0.35747410643096894,0.005961371121003153,0.9999779388605964,-0.002929820211389859,0.35748560032851556,0.0006051221790712396,0.9339184543550413,0.7371843484770877,-0.990394311970959,0.31778566636619227,-3.4231920504402,-1.9969050926263667,0.9903727912955612,-0.7547826989112052,-0.3806878108809566,0.9780023734115072,-0.7707441507502364,-0.009643636004858196,0.7151549561324272,-0.007568423193686179,0.6988584319976351,0.5,0.18071646099933283,-0.14287884285123853,3.5733417131092855,-0.18071646099933283,-0.04433657787957853,-0.3655635258857184,-1.0,False
1782605632.165937,TRACKING,Tracking AprilTag,Walk,2,73.13964080810547,-0.18554096188557032,-0.03480767295462975,3.983970781732575,3.9884408247249703,-0.04653824136887809,-0.43789463097570086,-0.42402398805976116,0.006763317024797561,0.9056257036395984,0.9056362557976343,-0.0051604006373025795,-0.42402398805976116,0.008864362998258279,0.9999378383736947,0.006763317024797561,0.42396272861358586,-0.009883807657240916,0.9056257036395984,0.9183329155316627,-0.757044523474496,0.31942282718822795,-3.4254860765834905,-2.001006124086504,0.9925901156433856,-0.753043065547575,-0.3847888423410939,0.9802476175159166,-0.7690407041220954,-0.007934683967673627,0.7147929534263526,-0.009338512669646654,0.6992287656436083,0.5,0.18554096188557032,-0.17706289825586013,3.483970781732575,-0.18554096188557032,-0.04653824136887809,-0.43789463097570086,-1.0,False
1782605632.2158887,TRACKING,Tracking AprilTag,Walk,2,72.64411926269531,-0.20979640995546942,-0.03245975265455037,4.031508385178322,4.037094007938844,-0.05199228563041902,-0.42034572255628344,-0.40807439831104597,-0.0028914126631415737,0.9129440975086531,0.912898340436818,-0.00958673410403721,-0.40807439831104597,0.009208447106014683,0.9999534210325535,-0.0028914126631415737,0.4080831098313179,-0.0011181656904660927,0.9129440975086531,0.8393850136671795,-0.8243126758768982,0.3215346709440878,-3.4291710122447285,-2.0062102430688475,0.9961753618492694,-0.750766084098414,-0.3899929613234374,0.9838693176770706,-0.7668221634262047,-0.0060425462102599685,0.7149125632401516,-0.010803340194101157,0.6991042857809867,0.5,0.20979640995546942,-0.1633798042107646,3.5315083851783218,-0.20979640995546942,-0.05199228563041902,-0.42034572255628344,-1.0,False
1782605632.265961,TRACKING,Tracking AprilTag,Walk,2,72.12596130371094,-0.2232785792715543,-0.03144100580648279,4.052868701708285,4.059136185704324,-0.05503585664123659,-0.4002749386582708,-0.3896708370067874,0.001930145937099467,0.9209521775440304,0.9208626642786449,-0.012984310688881853,-0.3896708370067874,0.01491532260548465,0.9998868974480243,0.001930145937099467,0.3896017026261692,-0.007589465573989478,0.9209521775440304,0.7856648986450134,-0.9048035119527823,0.32193817247774587,-3.4347270826920395,-2.0109121836567194,1.0017073808958865,-0.7501107234564678,-0.3946949019113093,0.9894112371271693,-0.766256600775593,-0.005126990130466323,0.7141164824578093,-0.012573332939000745,0.6998951884054444,0.5,0.2232785792715543,-0.15060519835202246,3.5528687017082854,-0.2232785792715543,-0.05503585664123659,-0.4002749386582708,-1.0,False
1782605632.3159518,TRACKING,Tracking AprilTag,Walk,2,71.74940490722656,-0.2480762770766862,-0.039381608533589435,4.0215099235877965,4.029346698393431,-0.06160927803140755,-0.41113151603219844,-0.399539943136765,-0.023124284676723124,0.9164240837606029,0.9165154432598216,-0.01916444897520678,-0.399539943136765,0.010822650457377219,0.9996740157147566,-0.023124284676723124,0.3998528635677505,0.016869682872223624,0.9164240837606029,0.8217248140070955,-0.8973240250040817,0.3204712482680476,-3.4418602385020978,-2.0163946208779997,1.0088997860862312,-0.751252251391067,-0.40017733913258957,0.9965841845419084,-0.7675146166073512,-0.0022582809987496235,0.7139219687128202,-0.014709343802666466,0.7000671096123833,0.5,0.2480762770766862,-0.15011740778783242,3.5215099235877965,-0.2480762770766862,-0.06160927803140755,-0.41113151603219844,-1.0,False
1782605632.365884,TRACKING,Tracking AprilTag,Walk,2,70.28959655761719,-0.26105765136890746,-0.03591590074579104,3.9801735076462266,3.9888873386238295,-0.06549570235215704,-0.45943661774905015,-0.4433057619693151,-0.02489670117446341,0.8960246401050779,0.8962676528917556,-0.01357555835715227,-0.4433057619693151,0.00282777688336896,0.9996860296855845,-0.02489670117446341,0.4435045637395419,0.021060538140422642,0.8960246401050779,0.9245784749030346,-0.7463619734969743,0.3179190686042116,-3.4500108723827974,-2.021763005948432,1.0171578963585197,-0.7534317165604211,-0.4055457242030218,1.0048058648455325,-0.7698277155414017,-0.0006103320354490214,0.7139053818647204,-0.016356898550033774,0.7000508446600276,0.5,0.26105765136890746,-0.17077217675758374,3.4801735076462266,-0.26105765136890746,-0.06549570235215704,-0.45943661774905015,-1.0,False
1782605632.415911,TRACKING,Tracking AprilTag,Walk,2,69.7125015258789,-0.2783846516625506,-0.03193701643853051,4.00846174796368,4.018243841803073,-0.0693379135995775,-0.44221673945101087,-0.4279252054512388,-0.009375900209638209,0.9037655177283397,0.9037061320538968,-0.013973025001761948,-0.4279252054512388,0.011020593802843214,0.9998953140241691,-0.009375900209638209,0.4280114173715668,0.0037570686456991353,0.9037655177283397,0.8639795366483362,-0.8138998249280951,0.31404108919508167,-3.4602043764224977,-2.029184628958934,1.0275169682536773,-0.7568428568940897,-0.412967347213524,1.0151082566262535,-0.7734063986094533,0.001037618966594731,0.7135156305583769,-0.018555068579105778,0.7003928024514434,0.5,0.2783846516625506,-0.15870424748588569,3.50846174796368,-0.2783846516625506,-0.0693379135995775,-0.44221673945101087,-1.0,False
1782605632.4658086,TRACKING,Tracking AprilTag,Walk,2,62.7104606628418,-0.3160924417748098,-0.030122021076761974,3.996347162082258,4.008941557042685,-0.07893101536417586,-0.4679762348380174,-0.45085472794649784,-0.031672449419305596,0.89203524046759,0.8923247793808928,-0.022056799204108996,-0.45085472794649784,0.00870223977122347,0.9994604179109574,-0.031672449419305596,0.4513100476676817,0.024338665495954207,0.89203524046759,0.8996980640393621,-0.7561900572320973,0.309443922291947,-3.4707748595554713,-2.0352513762962565,1.0382852853949789,-0.7609553261212216,-0.4190340945508464,1.025808466505593,-0.7776929550056569,0.0032959261496983217,0.7123472980209095,-0.02172869832023338,0.7014829488607928,0.5,0.3160924417748098,-0.16295020359125045,3.496347162082258,-0.3160924417748098,-0.07893101536417586,-0.4679762348380174,-1.0,False
1782605632.5157862,TRACKING,Tracking AprilTag,Walk,2,66.99767303466797,-0.3320099834233729,-0.03415500560113521,3.9621481511487824,3.9761809774143977,-0.08360014299106673,-0.4914915794435344,-0.47177942379872195,-0.02620019133179131,0.8813272520774128,0.8814938576162267,-0.019818028787179608,-0.47177942379872195,0.008451342380969772,0.9996209905689941,-0.02620019133179131,0.47211985109379084,0.01910813828852431,0.8813272520774128,0.9579707701778468,-0.6998593772370392,0.30357377357310156,-3.4810003800163862,-2.0395779217390264,1.0487667958136235,-0.7663551274158803,-0.4233606399936163,1.0362010309329337,-0.7832620230876194,0.004028348487804589,0.7117969706784413,-0.023803877427936212,0.701970241791524,0.5,0.3320099834233729,-0.17050566102980713,3.4621481511487824,-0.3320099834233729,-0.08360014299106673,-0.4914915794435344,-1.0,False
1782605632.5659127,TRACKING,Tracking AprilTag,Walk,2,71.38211822509766,-0.360288440203752,-0.04011381956767978,3.939724299823045,3.9563675811634265,-0.09119650076540418,-0.4819648989650275,-0.46345453063691827,-0.016952238388548313,0.8859585315610047,0.8860396840372666,-0.011982334632888201,-0.46345453063691827,0.004654296374075006,0.9998454676293133,-0.016952238388548313,0.4635860393027415,0.012863301204021729,0.8859585315610047,0.9486248080966199,-0.7705968049798024,0.2965819241430386,-3.4928684485876245,-2.0443815454002747,1.060940091494503,-0.7728008920974494,-0.4281642636548646,1.0482681959402698,-0.7899043524042073,0.004882712258580906,0.7112891082687735,-0.02496286642199488,0.7024391923000955,0.5,0.360288440203752,-0.15890559879364996,3.439724299823045,-0.360288440203752,-0.09119650076540418,-0.4819648989650275,-1.0,False
1782605632.615769,TRACKING,Tracking AprilTag,Walk,2,67.22696685791016,-0.39113420926490194,-0.03842798209689634,3.9433701313800325,3.962906846309347,-0.09886442991483786,-0.46658603991419095,-0.4495517763629326,-0.035783759382092925,0.8925372389617233,0.8930784746866882,-0.017721129203026167,-0.4495517763629326,0.0018174191643535887,0.9993579036321599,-0.035783759382092925,0.44989724942355397,0.03114068123378383,0.8925372389617233,0.9116161014501847,-0.8526997050329053,0.2887605931542641,-3.5078508214423683,-2.0499082761417076,1.0762621423991885,-0.7799338768071453,-0.43369099439629744,1.0634725575754778,-0.7972848742055666,0.0054320301863608365,0.7115349203662318,-0.029418410672201384,0.7020136090283409,0.5,0.39113420926490194,-0.14431503303374138,3.4433701313800325,-0.39113420926490194,-0.09886442991483786,-0.46658603991419095,-1.0,False
1782605632.665802,TRACKING,Tracking AprilTag,Walk,2,70.68335723876953,-0.407093426916391,-0.028335798212054564,3.916932620558999,3.9381326957960714,-0.10355988046868438,-0.4679623287787354,-0.4510402450767643,-0.011217086233644131,0.8924331203499337,0.892481162031886,-0.006330303255510157,-0.4510402450767643,0.0014236056839567143,0.9999360731183187,-0.011217086233644131,0.45108241903788593,0.009368934699830073,0.8924331203499337,0.9271027437963119,-0.8740932640834181,0.28068093667517013,-3.5258128645382016,-2.0566071048433803,1.094572519805836,-0.7871896276451267,-0.44038982309797015,1.0816628618660564,-0.8048366071730974,0.008789098548953784,0.7121000886850264,-0.03192151764654742,0.7012968217186041,0.5,0.4,-0.14077727196755174,3.416932620558999,-0.407093426916391,-0.10355988046868438,-0.4679623287787354,-1.0,False
1782605632.7158158,TRACKING,Tracking AprilTag,Walk,2,64.45112609863281,-0.42300486478317934,-0.019589456489302392,3.8867117476075013,3.909711635328869,-0.10840693430181515,-0.5203892767699929,-0.497217891713612,0.0003492319323961388,0.8676256371252109,0.8676247567544773,-0.0012843779058037534,-0.497217891713612,0.0016804734624474506,0.9999985270219148,0.0003492319323961388,0.49721671077677604,-0.001138563742474891,0.8676256371252109,1.0233089314845547,-0.712162994173104,0.2737892591318378,-3.5479378777600465,-2.0630716891416663,1.1169876332554707,-0.7930696037052898,-0.4468544073962561,1.1039796731261726,-0.8110793120843065,0.012268474340767669,0.7107169911636753,-0.031617262231431104,0.7026600826413801,0.5,0.4,-0.16262839751336283,3.3867117476075013,-0.42300486478317934,-0.10840693430181515,-0.5203892767699929,-1.0,False
1782605632.7658424,TRACKING,Tracking AprilTag,Walk,2,65.90937042236328,-0.46665220190617257,-0.048938281972370976,3.959418335723616,3.987123372840456,-0.11731756706671329,-0.391522545552774,-0.380975090446208,-0.057031767643353805,0.9228246626195998,0.9242501825324644,-0.02489137497628706,-0.380975090446208,0.0033789938834995568,0.9983666460172885,-0.057031767643353805,0.3817724223788849,0.05142430915413542,0.9228246626195998,0.7757297576219605,-1.1971482619572276,0.2677260897440513,-3.5719397678611573,-2.0693563220204503,1.1412400691658986,-0.7980367058646357,-0.45313904027504015,1.1281483691570917,-0.8164390586842707,0.015259161087859848,0.7095509905854829,-0.03350911774894023,0.7036914727277447,0.5,0.4,-0.1,3.459418335723616,-0.46665220190617257,-0.11731756706671329,-0.391522545552774,-1.0,False
1782605632.8157685,TRACKING,Tracking AprilTag,Walk,2,74.51272583007812,-0.47651915971111825,-0.04639857750883131,3.7914282837134277,3.8215378799782664,-0.12502771032057564,-0.506685271371684,-0.48501931315795277,-0.03287732754124856,0.8738852025280741,0.8743588911703893,-0.01589953757424585,-0.48501931315795277,-6.31281472213141e-05,0.9994593925460816,-0.03287732754124856,0.4852798424065481,0.028777202024218008,0.8738852025280741,1.0620057418686388,-0.8542120343473033,0.26359849606668156,-3.594348159123478,-2.0739431484498443,1.1638127642283345,-0.801142581932512,-0.45772586670443416,1.1506677284147964,-0.8199105838754739,0.016479361365066177,0.7092839200867928,-0.03637666434659052,0.7037907996317707,0.5,0.4,-0.1408176963973239,3.2914282837134277,-0.47651915971111825,-0.12502771032057564,-0.506685271371684,-1.0,False
1782605632.865816,TRACKING,Tracking AprilTag,Walk,2,72.84851837158203,-0.49097275334462315,-0.04775925233546122,3.827927721945843,3.8595810439932383,-0.12756424748299203,-0.4678145526337298,-0.4508138272500208,-0.02334576440392184,0.8923126517340124,0.8924863990239404,-0.015327123587554215,-0.4508138272500208,0.005376139323783769,0.9997129950192545,-0.02334576440392184,0.45104226485247584,0.018412139260933186,0.8923126517340124,0.9689012460803831,-0.9894361820233079,0.26118711411287604,-3.614869527492,-2.0795344375272005,1.1844224574112023,-0.8026196972129693,-0.46331715578179034,1.1712507572667064,-0.8217217287965535,0.01678440201324095,0.7086679700936025,-0.03881774429244089,0.7042735084755903,0.5,0.4,-0.11909945358217207,3.327927721945843,-0.49097275334462315,-0.12756424748299203,-0.4678145526337298,-1.0,False
1782605632.915828,TRACKING,Tracking AprilTag,Walk,2,75.09033203125,-0.4970521637794169,-0.052308935448165096,3.7840654297011036,3.8169291655078585,-0.13060627917311024,-0.5064373155965561,-0.48481306768911164,-0.03221547240719404,0.874024286124507,0.8744808189715572,-0.015478586780047043,-0.48481306768911164,-0.0001691628342483653,0.999480932645299,-0.03221547240719404,0.4850600670378568,0.028253825046809573,0.874024286124507,1.057721787106441,-0.8766406163317815,0.25931969470720434,-3.6354588933851018,-2.0858396188469155,1.2050753791852973,-0.8035503235127313,-0.4696223371015054,1.191885871343925,-0.8229871576317188,0.016418548135069374,0.7080117411405381,-0.042724846448135914,0.704715824414539,0.5,0.4,-0.13567300654247885,3.2840654297011036,-0.4970521637794169,-0.13060627917311024,-0.5064373155965561,-1.0,False
1782605632.9658341,TRACKING,Tracking AprilTag,Walk,2,73.60394287109375,-0.525639163317459,-0.06420353551046112,3.775140312529304,3.812099553168696,-0.13834751796263667,-0.5199630646016292,-0.49676006145059604,-0.01882268434450427,0.8676837833575474,0.8678823663595474,-0.0031047559891699615,-0.49676006145059604,-0.007197095546941734,0.9997969335668895,-0.01882268434450427,0.49671762599875635,0.019911105456311765,0.8676837833575474,1.0686847599647753,-0.8581379809636593,0.2561751605157431,-3.657607544097794,-2.0913472951681906,1.22734396543356,-0.805685947584939,-0.4751300134227805,1.2141168961895268,-0.8254836267359437,0.01666286078998672,0.705699620709987,-0.04815749876666491,0.7066761986317445,0.5,0.4,-0.1354687661344416,3.275140312529304,-0.525639163317459,-0.13834751796263667,-0.5199630646016292,-1.0,False
1782605633.0158591,TRACKING,Tracking AprilTag,Walk,2,74.51795959472656,-0.5456071412390818,-0.07989142001054851,3.8152169137320766,3.854860553948702,-0.14204504580971314,-0.45055837678494587,-0.4354659656980697,0.0032425827375401495,0.9001993547963905,0.9002020909472378,0.0023639316548148648,-0.4354659656980697,-0.0010574108769771506,0.9999941837527994,0.0032425827375401495,0.4354710981643424,-0.0024585133117205633,0.9001993547963905,0.9325933612345706,-1.1074481093949382,0.25140728787015065,-3.682583162463729,-2.0962190492409705,1.25251031196255,-0.8093148764500754,-0.48000176749556034,1.2392210835868045,-0.8295201967462099,0.016784422177521584,0.7054340055556163,-0.05047533505749218,0.706776759329818,0.5,0.4,-0.1,3.3152169137320766,-0.5456071412390818,-0.14204504580971314,-0.45055837678494587,-1.0,False
1782605633.06586,TRACKING,Tracking AprilTag,Walk,2,73.6304702758789,-0.5455231105697412,-0.08684609131502123,3.6656911740059943,3.707078295764446,-0.14773436631337328,-0.5121001840905253,-0.4898650617027601,0.02424429267676978,0.8714610924163821,0.8715366765185598,0.021355158766308353,-0.4898650617027601,-0.010867228709550984,0.9996469965006535,0.02424429267676978,0.49020987834106067,-0.015806314601712994,0.8714610924163821,1.1432224211068236,-0.9554667863489196,0.24610989061396743,-3.709620772315161,-2.100464676139718,1.2797605665777385,-0.8133791583762536,-0.484247394394308,1.2664018449869647,-0.8340258569503994,0.017578511562551205,0.7066195429154699,-0.05365108216486983,0.7053377764473672,0.5,0.4,-0.12308916236322667,3.1656911740059943,-0.5455231105697412,-0.14773436631337328,-0.5121001840905253,-1.0,False
1782605633.115806,TRACKING,Tracking AprilTag,Walk,2,73.21570587158203,-0.551056064917049,-0.08287266634125415,3.6521100916912186,3.694379350762617,-0.1497573508634499,-0.5065230287890324,-0.48501728455006293,-0.02247191044900681,0.8742157896815037,0.8744724299188564,0.007496865978122655,-0.48501728455006293,-0.021032771715418,0.9995262056368202,-0.02247191044900681,0.48461901719368977,0.02985232395923533,0.8742157896815037,1.1449689737238193,-0.9878248756245531,0.2403892744846133,-3.738439043306796,-2.1046003044246033,1.3088088622370488,-0.8177853711645826,-0.4883830226791932,1.2953748659517397,-0.838902561577651,0.01843324699779243,0.7076047431967141,-0.05468936857623184,0.7042476949024141,0.5,0.4,-0.11847989861741129,3.1521100916912186,-0.551056064917049,-0.1497573508634499,-0.5065230287890324,-1.0,False
1782605633.1659877,TRACKING,Tracking AprilTag,Walk,2,72.84983825683594,-0.5684038450397082,-0.0657234234928969,3.669693607455107,3.714034689128311,-0.1536702102485424,-0.4702406319235786,-0.4530190740621104,0.01899371779374479,0.8912984669684335,0.8912568141574844,0.020856887441789304,-0.4530190740621104,-0.013740864388394274,0.999725175900973,0.01899371779374479,0.4532907233373644,-0.010703406747815905,0.8912984669684335,1.0767208301280708,-1.120097998482139,0.23326136703679284,-3.7669957222607957,-2.109364528021831,1.3376597341919507,-0.8236093015306126,-0.49314724627642076,1.3241274982891622,-0.8451935957641349,0.019836301673336176,0.7091630435153631,-0.05633509675227474,0.7025102531079981,0.5,0.4,-0.1,3.169693607455107,-0.5684038450397082,-0.1536702102485424,-0.4702406319235786,-1.0,False
1782605633.215856,TRACKING,Tracking AprilTag,Walk,2,68.15603637695312,-0.5756222510984953,-0.04094225133764901,3.5942433702076255,3.6402750786425147,-0.1588026472429742,-0.5777626418883901,-0.5461101527756245,-0.012245142390446665,0.8376238759271502,0.8377103317708484,0.002258557008203518,-0.5461101527756245,-0.010678459047043447,0.9998680047887413,-0.012245142390446665,0.5460104124984759,0.0160894971960715,0.8376238759271502,1.2811702473212256,-0.7968531633981848,0.22619531914634622,-3.7919038862738517,-2.1176045901480114,1.3628630453631125,-0.8295370981955609,-0.5013873084026013,1.349231365120222,-0.8515293307191193,0.023986699437674106,0.709041952588957,-0.059203812861434814,0.7022670832821329,0.5,0.4,-0.14595893842551827,3.0942433702076255,-0.5756222510984953,-0.1588026472429742,-0.5777626418883901,-1.0,False
1782605633.265826,TRACKING,Tracking AprilTag,Walk,2,68.03356170654297,-0.5987918026055661,-0.04238070567373941,3.6054836782184654,3.655114266473865,-0.16457594277433382,-0.5573062010465066,-0.5288910596565046,-0.006413805176121824,0.8486654877621584,0.8486770688452201,0.004634633934315558,-0.5288910596565046,-0.009457702850930056,0.9999347053482773,-0.006413805176121824,0.5288268002598477,0.010445343859760113,0.8486654877621584,1.2293338319536573,-0.8787298257750168,0.21956671831303842,-3.8125566440632452,-2.1234020653327605,1.3837954767100227,-0.8352211171277576,-0.5071847835873504,1.3700688670557897,-0.857552059867926,0.026549939183519337,0.7078152751983304,-0.059813656091606784,0.7033597681629352,0.5,0.4,-0.13053475202635287,3.1054836782184654,-0.5987918026055661,-0.16457594277433382,-0.5573062010465066,-1.0,False
1782605633.3157697,TRACKING,Tracking AprilTag,Walk,2,71.97181701660156,-0.6205063649256902,-0.06756303268592681,3.5734835017927553,3.627585595114749,-0.17192759202985186,-0.504849052183681,-0.48366504682211936,-0.0065205040276517055,0.8752288874973121,0.8752185086337885,0.007790033851287387,-0.48366504682211936,-0.012503162446821123,0.9999005720350668,-0.0065205040276517055,0.4835661620437017,0.011754208460888241,0.8752288874973121,1.1774892560493597,-1.091889940617615,0.21329585428739362,-3.8317973558707874,-2.128315343828619,1.403301075233728,-0.8406118826319369,-0.512098062083209,1.389484479439592,-0.8632584354471335,0.02948051317230274,0.7065557359887713,-0.06085315037843858,0.7044194669183146,0.5,0.4,-0.1,3.0734835017927553,-0.6205063649256902,-0.17192759202985186,-0.504849052183681,-1.0,False
1782605633.3658397,TRACKING,Tracking AprilTag,Walk,2,73.79898834228516,-0.6249028888862753,-0.07715271288230734,3.533694400621506,3.5893526266761944,-0.17503163084001927,-0.5340203253814021,-0.5089860661474895,-0.00685101576709512,0.8607474937812265,0.8607645631824336,-0.004189419656444536,-0.5089860661474895,0.0008158425758633381,0.9999761987086745,-0.00685101576709512,0.5090026534019697,0.005481859090835281,0.8607474937812265,1.2448767488612345,-1.0170190437378546,0.20753384466057623,-3.8523288607236674,-2.1328396918848185,1.4240730308314846,-0.8454357096508298,-0.5166224101394084,1.4101754763145167,-0.8684184833912154,0.029479957021890872,0.7066034419097942,-0.06323237158318622,0.7041620376015632,0.5,0.4,-0.10948169493468371,3.033694400621506,-0.6249028888862753,-0.17503163084001927,-0.5340203253814021,-1.0,False
1782605633.4158292,TRACKING,Tracking AprilTag,Walk,2,72.24488830566406,-0.6478713330439494,-0.07339425663391037,3.5195432165665883,3.579428506670705,-0.18204036609068283,-0.5209354871444929,-0.49769022917166217,0.0024753914766266123,0.8673513176470627,0.8672620300625299,0.012688853331879888,-0.49769022917166217,-0.013209075091997768,0.9999096923083861,0.0024753914766266123,0.49767669379531276,0.004427214572463383,0.8673513176470627,1.2299174916669944,-1.0870534552382383,0.2010291786290482,-3.8787917647889163,-2.1375706297975277,1.4508039888335633,-0.850732109941536,-0.5213533480521175,1.4368170283361927,-0.874147678589898,0.028747097515926592,0.7089730037048902,-0.06817517606218684,0.7013437315403662,0.5,0.4,-0.1,3.0195432165665883,-0.6478713330439494,-0.18204036609068283,-0.5209354871444929,-1.0,False
1782605633.4658332,TRACKING,Tracking AprilTag,Walk,2,73.55149841308594,-0.6582370974660243,-0.057624722648030216,3.519191771840011,3.5806853271583634,-0.18490558611215563,-0.4828318913035931,-0.4642878207451448,-0.00243195948428111,0.8856810402626846,0.8856127631053743,0.011262918475614834,-0.4642878207451448,-0.013991342938378575,0.9998991588634563,-0.00243195948428111,0.46421361047221005,0.008649784480792275,0.8856810402626846,1.182940918661323,-1.2261601263833624,0.19469131551576765,-3.9064744173282855,-2.142111418349756,1.4787458635739736,-0.8558064962541191,-0.5258941366043459,1.4646729382217825,-0.879674526236073,0.029357044720839196,0.7101231087878671,-0.06982216041713106,0.6999915715245421,0.5,0.4,-0.1,3.019191771840011,-0.6582370974660243,-0.18490558611215563,-0.4828318913035931,-1.0,False
1782605633.5157769,TRACKING,Tracking AprilTag,Walk,2,63.28693389892578,-0.6936520239526032,-0.05652316862021373,3.6113927925634144,3.6778398416874256,-0.18976221634396123,-0.3172202734564499,-0.31172548800209726,-0.035915512607401626,0.9494931785347391,0.9501695175607352,0.0022600947445094097,-0.31172548800209726,-0.014159779190106143,0.9992545104263653,-0.035915512607401626,0.3114119274396651,0.03853978936515909,0.9494931785347391,0.9609825385072638,-1.8111021060235555,0.18897872938685267,-3.9368527205188713,-2.1456653799899206,1.5093522178815153,-0.8601338535331815,-0.5294480982445104,1.4952050917342115,-0.884497652495346,0.034667646594186786,0.7072077836035956,-0.06799253222873958,0.7028743277793222,0.5,0.4,0.1,3.1113927925634144,-0.6936520239526032,-0.18976221634396123,-0.3172202734564499,-1.0,False
1782605633.565932,TRACKING,Tracking AprilTag,Walk,2,72.76677703857422,-0.6639311295704259,-0.07724511203895011,3.430627626064607,3.4951362292283052,-0.19116723230363636,-0.5031613475092848,-0.48219571576113407,0.0027063977636584825,0.8760593399494994,0.8760451514660623,0.005673120341704969,-0.48219571576113407,-0.004986062226404496,0.99998390716782,0.0027063977636584825,0.4822033095866082,3.3331205299063065e-05,0.8760593399494994,1.279148077603346,-1.2047614877768096,0.18339668247782315,-3.9646536208019123,-2.1481477396844535,1.5373779003194268,-0.8644478340768942,-0.5319304579390434,1.5231571296672854,-0.8892655534622486,0.03405767897555495,0.7079480617158815,-0.06994641596054835,0.701966605551716,0.5,0.4,-0.1,2.930627626064607,-0.6639311295704259,-0.19116723230363636,-0.5031613475092848,-1.0,False
1782605633.6157706,TRACKING,Tracking AprilTag,Walk,2,71.96293640136719,-0.661838115078216,-0.061378147262007236,3.3872098383538822,3.451809301884004,-0.19296214404030235,-0.5251215556358722,-0.5012650413106675,0.014560509842309784,0.8651712835692982,0.8651636079440206,0.015009658527093392,-0.5012650413106675,-0.008910218620837337,0.9998542891628064,0.014560509842309784,0.5014105498425557,-0.00813084212361605,0.8651712835692982,1.342719669033621,-1.151477761379702,0.1792698347697661,-3.9894175922310304,-2.1509094642005193,1.5623037122400694,-0.8674460090291662,-0.5346921824551092,1.5480310429156134,-0.8926675517959235,0.03375226820398063,0.7087976322835933,-0.07250939353766545,0.7008631026877208,0.5,0.4,-0.1,2.8872098383538822,-0.661838115078216,-0.19296214404030235,-0.5251215556358722,-1.0,False
1782605633.665801,TRACKING,Tracking AprilTag,Walk,2,71.98006439208984,-0.6626173903890809,-0.05876800351839284,3.368454792971078,3.433511784831006,-0.1942325778432962,-0.5445118084565058,-0.5179934731334958,-0.005231934118923939,0.8553685688967496,0.8553457359095289,0.008150696441695096,-0.5179934731334958,-0.012696661890649587,0.9999057063754611,-0.005231934118923939,0.5179019857446202,0.011051900529120447,0.8553685688967496,1.3808804566817587,-1.099156166630451,0.17599023192581498,-4.012851217999025,-2.1557382074555895,1.5858620811170923,-0.8696582177224428,-0.5395209257101794,1.5715504388219643,-0.8952615116354004,0.03362979042257028,0.7081176560483854,-0.0756822869763832,0.7012208024771505,0.5,0.4,-0.1,2.868454792971078,-0.6626173903890809,-0.1942325778432962,-0.5445118084565058,-1.0,False
1782605633.7158208,TRACKING,Tracking AprilTag,Walk,2,72.79735565185547,-0.6650098115217993,-0.06126273723776987,3.3406940675043755,3.4067914560555437,-0.19649478986138774,-0.5616366466544239,-0.5324402703054215,-0.022252383333790836,0.846175035080246,0.8464219468803504,0.008788992909706618,-0.5324402703054215,-0.024375867765746566,0.9994551758366319,-0.022252383333790836,0.5319546079412641,0.031813599246238417,0.846175035080246,1.4248980712403034,-1.0618199530293408,0.17202956742059516,-4.035078838841704,-2.160496799702998,1.6082466127226007,-0.8726055447234362,-0.5442795179575877,1.5938842305297127,-0.898571457194423,0.0334466040145205,0.7076276039130488,-0.07751311514314058,0.7015242090198881,0.5,0.4,-0.103973012451963,2.8406940675043755,-0.6650098115217993,-0.19649478986138774,-0.5616366466544239,-1.0,False
1782605633.7658975,TRACKING,Tracking AprilTag,Walk,2,74.85823822021484,-0.6871972288472287,-0.07708917952554872,3.3471362965749276,3.4178215519222994,-0.2024951234141821,-0.5270516690227443,-0.5025300184609045,-0.04263171930256207,0.8635080295254877,0.8645390017702573,0.005991240586885915,-0.5025300184609045,-0.031700708019974544,0.9985878036609199,-0.04263171930256207,0.5015649305215819,0.052787341436088375,0.8635080295254877,1.3695246048343142,-1.1902772954844358,0.16547776938869205,-4.061231038975223,-2.1660256499542543,1.6346693272832156,-0.8779631360220295,-0.5498083682088442,1.6202165873202272,-0.9043568366229082,0.034241933615594106,0.7057134339812818,-0.08197311380702832,0.7029057174994328,0.5,0.4,-0.1,2.8471362965749276,-0.6871972288472287,-0.2024951234141821,-0.5270516690227443,-1.0,False
1782605633.8162563,TRACKING,Tracking AprilTag,Walk,2,74.46650695800781,-0.684524953055263,-0.08634602721454009,3.2841533948313852,3.3558446877877937,-0.2054906187559561,-0.5809469839307191,-0.5487985402267618,0.007932532059995013,0.8359170037629886,0.8355096952641893,0.02727107193560028,-0.5487985402267618,-0.027416319114033486,0.999592627214384,0.007932532059995013,0.5487913032891273,0.0084183284640528,0.8359170037629886,1.484277476335122,-1.045011269048731,0.15765460165518833,-4.088360323519221,-2.1706009438506366,1.6621258455062544,-0.8845464209409485,-0.5543836621052265,1.6475627349618691,-0.911384513509138,0.03466794169347379,0.7057489609183759,-0.08428948499768893,0.7025751352703817,0.5,0.4,-0.10553193508499906,2.7841533948313852,-0.684524953055263,-0.2054906187559561,-0.5809469839307191,-1.0,False
1782605633.8657897,TRACKING,Tracking AprilTag,Walk,2,75.02244567871094,-0.6930502340048114,-0.08620773223020085,3.2268240097890124,3.3015365498660225,-0.21156378909807377,-0.5839601992693316,-0.5510259372792078,-0.03332634247611554,0.8338223859688196,0.8344482847703811,0.008153311556637259,-0.5510259372792078,-0.03176751007724199,0.9989395277996846,-0.03332634247611554,0.5501698695378195,0.045313831332203854,0.8338223859688196,1.5321054087056314,-1.0777759541720175,0.14915377745721678,-4.116938951650517,-2.174446167939551,1.691060981751322,-0.8917408554837809,-0.5582288861941407,1.6763773952758194,-0.9190472381488065,0.035033642184181174,0.7059217865892674,-0.08581411308529396,0.7021986991794502,0.5,0.4,-0.10157268944639941,2.7268240097890124,-0.6930502340048114,-0.21156378909807377,-0.5839601992693316,-1.0,False
1782605633.9158251,TRACKING,Tracking AprilTag,Walk,2,74.5058822631836,-0.700494390253864,-0.08524276379684251,3.2236107220658843,3.2999431520823186,-0.21397461762469083,-0.5720049158138111,-0.5412907966490651,0.010190363572965879,0.8407737091234903,0.8403564167675944,0.02837897567830158,-0.5412907966490651,-0.02719210247064475,0.9995782841045902,0.010190363572965879,0.5413517177960693,0.006155297391161682,0.8407737091234903,1.5157280013865615,-1.1190217165936935,0.1404012480707577,-4.147061714539928,-2.1793276337152254,1.7215500889639408,-0.8991166236559718,-0.5631103519698153,1.7067428815513432,-0.9269164730546571,0.0391243124456366,0.7078998061536557,-0.08600024373775658,0.6999650782005624,0.5,0.4,-0.1,2.7236107220658843,-0.700494390253864,-0.21397461762469083,-0.5720049158138111,-1.0,False
1782605633.9659452,TRACKING,Tracking AprilTag,Walk,2,72.76351928710938,-0.7320219525056313,-0.06457964257855461,3.289934574313695,3.3710081833852557,-0.21893696961652462,-0.48636177452243584,-0.46717098693960896,0.03215273320079145,0.8835821810729267,0.883422654878522,0.03627232842340649,-0.46717098693960896,-0.024022790239969248,0.9991942290149624,0.03215273320079145,0.46796080861165096,-0.01718170230039434,0.8835821810729267,1.3561886739535216,-1.3834795955906385,0.13132449672392038,-4.176019416423789,-2.184158016980926,1.750890058169595,-0.9068691793905783,-0.5679407352355159,1.7359532706334788,-0.9351438105995226,0.04290743048464546,0.7095289891664346,-0.08679141699739096,0.6979934210845028,0.5,0.4,-0.1,2.789934574313695,-0.7320219525056313,-0.21893696961652462,-0.48636177452243584,-1.0,False
1782605634.0158405,TRACKING,Tracking AprilTag,Walk,2,76.57306671142578,-0.7157989035669238,-0.04429423256712388,3.1274662846131034,3.208640741930765,-0.22499966574367405,-0.6348915562238341,-0.5930555261332657,-0.010813992498743858,0.8050889394899378,0.8050802101495311,0.011445442253680596,-0.5930555261332657,-0.02217823196069054,0.9996955454503811,-0.010813992498743858,0.5927511967534818,0.021859054377597095,0.8050889394899378,1.663693496087072,-0.9990627371275733,0.12288971678989269,-4.200434612541573,-2.1905853870499272,1.775663057612242,-0.9141866798258306,-0.574368105304517,1.7606043457333298,-0.9428620882847847,0.04486133260416105,0.7093583775857956,-0.08758641127479062,0.6979446779980703,0.5,0.4,-0.11494607894261039,2.6274662846131034,-0.7157989035669238,-0.22499966574367405,-0.6348915562238341,-1.0,False
1782605634.0658884,TRACKING,Tracking AprilTag,Walk,2,76.78720092773438,-0.729557307708967,-0.04787197496643602,3.1249216387664545,3.2093115834473855,-0.22935603236804897,-0.632174227954402,-0.590823854265835,-0.016074459621617524,0.8066404310337639,0.8067552749602502,0.008549827733620858,-0.590823854265835,-0.022365838608579387,0.999620618540458,-0.016074459621617524,0.5904622727889955,0.026182426062483975,0.8066404310337639,1.6543390454154097,-1.0199103108233383,0.11514915194305228,-4.220748509580465,-2.19465595072889,1.7963074667969425,-0.9209969020299535,-0.5784386689834797,1.7811355999354068,-0.9500062018018404,0.049194232394128845,0.7072128669364404,-0.08758526487044031,0.6998276285745426,0.5,0.4,-0.10966668484595693,2.6249216387664545,-0.729557307708967,-0.22935603236804897,-0.632174227954402,-1.0,False
1782605634.115843,TRACKING,Tracking AprilTag,Walk,2,76.97879028320312,-0.7496391353914519,-0.07202546735485758,3.1353219239156775,3.2244984211260572,-0.23468889498814788,-0.5353242097329657,-0.5101037331076663,-0.007966331479195204,0.8600759960796408,0.8600802329301812,0.007494957797612776,-0.5101037331076663,-0.013437930776315691,0.9998779723442328,-0.007966331479195204,0.5099817790266787,0.013706422888466283,0.8600759960796408,1.5259089436402853,-1.322504737495829,0.1078105931647807,-4.240310405265731,-2.1982408708783288,1.8161823969860424,-0.9274396776524458,-0.5820235891329186,1.800903435148088,-0.9567704385472282,0.05133047968762787,0.7062365998401214,-0.08789047651627127,0.7006213749515818,0.5,0.4,-0.1,2.6353219239156775,-0.7496391353914519,-0.23468889498814788,-0.5353242097329657,-1.0,False
1782605634.165949,TRACKING,Tracking AprilTag,Walk,2,75.31948852539062,-0.7447798152477657,-0.07881296172970534,3.0819430524995624,3.171637027622711,-0.23711320037055295,-0.6031041662595795,-0.5671874245095123,-0.0071016976305615384,0.8235581287128616,0.823569670670812,0.005605624803403306,-0.5671874245095123,-0.011696756071772133,0.9999063715109338,-0.0071016976305615384,0.567094510155554,0.012482995730269689,0.8235581287128616,1.644085986189183,-1.1424032337920618,0.10041442814043829,-4.2629105281227355,-2.2019093218344574,1.8390950364895162,-0.9338020483743419,-0.5856920400890473,1.8237098841246056,-0.9635035429798426,0.05157519524243245,0.7064275854862878,-0.08953942179958391,0.7002019406167871,0.5,0.4,-0.1,2.5819430524995624,-0.7447798152477657,-0.23711320037055295,-0.6031041662595795,-1.0,False
1782605634.215775,TRACKING,Tracking AprilTag,Walk,2,76.29142761230469,-0.7604700588693419,-0.06928753210805556,3.0720766293909723,3.165560027766424,-0.2426645503949186,-0.5972024083506021,-0.5623311072563757,0.0008591414917521812,0.8269117169853839,0.826868766682432,0.008471628939722586,-0.5623311072563757,-0.00966067266862564,0.9999529655336229,0.0008591414917521812,0.5623119366407434,0.00472209949289883,0.8269117169853839,1.6369530261345713,-1.1784077254296592,0.09260863130322339,-4.288676941095677,-2.205810400504934,1.8651893000134447,-0.9404298619580058,-0.589593118759524,1.8496932340918053,-0.9705536512228451,0.05157484776760465,0.7077045678880187,-0.09185816081685798,0.6986103047905358,0.5,0.4,-0.1,2.5720766293909723,-0.7604700588693419,-0.2426645503949186,-0.5972024083506021,-1.0,False
1782605634.2659104,TRACKING,Tracking AprilTag,Walk,2,76.27806091308594,-0.7614310057381677,-0.05608286480685245,3.0393223538503715,3.1337521974206806,-0.24547419738796933,-0.5892473574343935,-0.5557289119016464,0.004855925963344777,0.8313493829068802,0.8311939309705175,0.01679361766834345,-0.5557289119016464,-0.01695443963590049,0.9998444713852606,0.004855925963344777,0.555724028717862,0.005385856100786787,0.8313493829068802,1.6554417967308916,-1.220637403161697,0.08447843480891584,-4.316584925157064,-2.209421600018408,1.8934376553837406,-0.9472845018668679,-0.593204318272998,1.877826714235343,-0.977865488503573,0.05303895427397441,0.7092815737834944,-0.09374894564421715,0.6966474385306605,0.5,0.4,-0.1,2.5393223538503715,-0.7614310057381677,-0.24547419738796933,-0.5892473574343935,-1.0,False
1782605634.3158023,TRACKING,Tracking AprilTag,Walk,2,74.76492309570312,-0.8016749678832744,-0.06448326367030764,3.148147746573464,3.2492576197771394,-0.24935006744260052,-0.3240934080556464,-0.3178409799134014,-0.06179203718708306,0.9461283505042849,0.9480421623933638,-0.013898554320633827,-0.3178409799134014,-0.006084438871755199,0.9980705003875658,-0.06179203718708306,0.3180865258512701,0.060515340566755234,0.9461283505042849,1.3720525164905377,-2.03557890832197,0.07650573995153981,-4.346369624036892,-2.2122666863953127,1.9235536385994918,-0.9538965897065329,-0.5960494046499025,1.9078315100541936,-0.9849650926136584,0.055846748966982634,0.7070869800901572,-0.09368826192821678,0.6986641917213664,0.5,0.4,0.1,2.648147746573464,-0.8016749678832744,-0.24935006744260052,-0.3240934080556464,-1.0,False
1782605634.3658168,TRACKING,Tracking AprilTag,Walk,2,75.0357666015625,-0.7626391343957868,-0.06796806595566264,2.9787902312005134,3.0756185310921307,-0.25063938813362047,-0.5736210710424963,-0.5426532175070261,0.009379186021153268,0.8399044686146472,0.8398050823322856,0.015965876679193816,-0.5426532175070261,-0.012948469366458873,0.9998721758358148,0.009379186021153268,0.5427336002404207,-0.000850159525204371,0.8399044686146472,1.6892697819023008,-1.3006749433699254,0.06970350868651998,-4.369919991490234,-2.214038166226544,1.9473885748969135,-0.9596224930473268,-0.5978208844811339,1.9315704560244076,-0.9910767700915303,0.0562739421721074,0.7081849794175294,-0.0942374910127265,0.6974428819963896,0.5,0.4,-0.1,2.4787902312005134,-0.7626391343957868,-0.25063938813362047,-0.5736210710424963,-0.9787902312005134,False
1782605634.4158428,TRACKING,Tracking AprilTag,Walk,2,75.72900390625,-0.7633819595630709,-0.057687333048625486,2.9743565897387714,3.0712989055940274,-0.25123183548337397,-0.5652759561790917,-0.5354693733851019,-0.02588574562032676,0.8441578515539888,0.8445523316072112,0.0019772059553008568,-0.5354693733851019,-0.0187522063688024,0.9994890109100658,-0.02588574562032676,0.5351445729269102,0.03190309901292886,0.8441578515539888,1.685933402350786,-1.3294619051535541,0.06393414783843551,-4.395121624521278,-2.2172453250666178,1.9728261759010117,-0.9642416149533943,-0.6010280433212076,1.956929804434582,-0.996107801818542,0.056335744397461716,0.7082556641258351,-0.09539844907175803,0.6972082429601356,0.5,0.4,-0.1,2.4743565897387714,-0.7633819595630709,-0.25123183548337397,-0.5652759561790917,-0.9743565897387714,False
1782605634.4659984,TRACKING,Tracking AprilTag,Walk,2,73.70393371582031,-0.7555732349441029,-0.05033238450757467,2.915500766834721,3.012236541792155,-0.25357853299081806,-0.5947193700088101,-0.5601547913910849,-0.02082791871976244,0.8281260818760711,0.8283838215238987,0.002617999058792438,-0.5601547913910849,-0.01724309424447681,0.9996343699086577,-0.02082791871976244,0.5598954544719379,0.026912312762917685,0.8281260818760711,1.768096330757981,-1.2702188858534393,0.05902907571806204,-4.418146047126541,-2.221485230783695,1.9960495686319994,-0.9680961964967174,-0.6052679490382851,1.980087634164016,-1.0003384862825944,0.05627464089275957,0.7071561706979527,-0.09863321006800375,0.6978787895529425,0.5,0.4,-0.1,2.415500766834721,-0.7555732349441029,-0.25357853299081806,-0.5947193700088101,-0.9155007668347208,False
1782605634.5157857,TRACKING,Tracking AprilTag,Walk,2,75.10730743408203,-0.7621863454743723,-0.0619771750040704,2.8826121367767352,2.982318213494596,-0.25849270082948533,-0.6241637585566291,-0.5844079453776373,-0.006124879876679591,0.8114368978706754,0.8113511091551369,0.01329402317651597,-0.5844079453776373,-0.02079288230623489,0.9997650433436325,-0.006124879876679591,0.5841892105458028,0.017120953708451722,0.8114368978706754,1.8208137672354918,-1.210777285306153,0.052905788441576215,-4.441539755788643,-2.2259868365627398,2.019697180027033,-0.9731509692262403,-0.6097695548173296,2.003650163476127,-1.005776083587799,0.05639701654880091,0.7051458140565984,-0.10247899435653325,0.6993474194980096,0.5,0.4,-0.1,2.3826121367767352,-0.7621863454743723,-0.25849270082948533,-0.6241637585566291,-0.8826121367767352,False
1782605634.5658314,TRACKING,Tracking AprilTag,Walk,2,74.61322021484375,-0.7712835248460717,-0.07156122533784742,2.884839201284664,2.987021342732518,-0.2612472910659778,-0.6111973429705602,-0.5736906886934182,-0.023446900328268815,0.8187363657316485,0.818985749843698,0.011888450673961307,-0.5736906886934182,-0.03092942874667639,0.9992465227872451,-0.023446900328268815,0.5729796785143081,0.03694660252543247,0.8187363657316485,1.800691348337962,-1.2540609448534774,0.04501642525677986,-4.465220489545947,-2.23094986493051,2.043711709767763,-0.9799569639424864,-0.6147325831851,2.027551163615017,-1.01297062284384,0.0568250275064895,0.7042397071642061,-0.10504390154529371,0.6998450756062392,0.5,0.4,-0.1,2.384839201284664,-0.7712835248460717,-0.2612472910659778,-0.6111973429705602,-0.884839201284664,False
1782605634.6161885,TRACKING,Tracking AprilTag,Walk,2,74.6322021484375,-0.7726106723479788,-0.0785474505615349,2.851874886647844,2.9557211171063424,-0.26456282924793006,-0.6331536858378932,-0.5916892054284719,-0.0017280722746315404,0.8061643120019871,0.8059977789412072,0.016476180420971792,-0.5916892054284719,-0.021705712159974085,0.9997629098070412,-0.0017280722746315404,0.5915204496900079,0.014235857996397091,0.8061643120019871,1.8486890176599717,-1.211787467722242,0.03466419553717313,-4.493477698793583,-2.2358462776084918,2.0724098223209495,-0.9890154886853365,-0.6196289958630816,2.0560986017728236,-1.0224933487801695,0.05712940809032302,0.7042298189595587,-0.10742281863137662,0.6994690349520318,0.5,0.4,-0.1,2.351874886647844,-0.7726106723479788,-0.26456282924793006,-0.6331536858378932,-0.851874886647844,False
1782605634.6659083,TRACKING,Tracking AprilTag,Walk,2,73.45611572265625,-0.7730717583283307,-0.07579512283097876,2.781358552909658,2.887791585972493,-0.2711044419349582,-0.6535369965051734,-0.6079978826794422,0.0012529685877943827,0.7939376579600147,0.7934753065322955,0.027120335189577183,-0.6079978826794422,-0.03320022757972653,0.9994479350913545,0.0012529685877943827,0.6076962093119672,0.019191468438673868,0.7939376579600147,1.9270366409812083,-1.1983734350405844,0.02415432580240864,-4.521602016383226,-2.240256988944286,2.100982337972822,-0.9982375248514064,-0.6240397071988759,2.0845178079085915,-1.0321775278541807,0.05902012817471129,0.7047625853499393,-0.10973959716456143,0.698415022443869,0.5,0.4,-0.1,2.281358552909658,-0.7730717583283307,-0.2711044419349582,-0.6535369965051734,-0.781358552909658,False
1782605634.7159774,TRACKING,Tracking AprilTag,Walk,2,73.38910675048828,-0.7741611958107729,-0.07377554999673967,2.7571994601943226,2.864771762666679,-0.27373007905326374,-0.6623594796129951,-0.6149788429511318,-0.0009391441759846932,0.7885430493832938,0.788107644046699,0.026217629901436626,-0.6149788429511318,-0.03398016989612452,0.9994220660271851,-0.0009391441759846932,0.6145988036507979,0.021637232269957014,0.7885430493832938,1.9550530493228988,-1.1907235057795438,0.013473421682632965,-4.55079238803465,-2.2442109729420188,2.130627574081301,-1.0075820144595466,-0.6279936911966086,2.114007607630085,-1.0420015403923615,0.060668438831702205,0.7062318971042517,-0.11022857196182513,0.6967104922171837,0.5,0.4,-0.1,2.2571994601943226,-0.7741611958107729,-0.27373007905326374,-0.6623594796129951,-0.7571994601943226,False
1782605634.7658436,TRACKING,Tracking AprilTag,Walk,2,75.364013671875,-0.7948438357821102,-0.05284826709683237,2.7714526988413337,2.8836642877649385,-0.27930021113944337,-0.6099788472254551,-0.5728389501489967,0.00624536340852308,0.8196441499993097,0.8193318578872707,0.023470062700995813,-0.5728389501489967,-0.024269902299227677,0.9996859343205152,0.00624536340852308,0.5728056201656714,0.008785720148621907,0.8196441499993097,1.8785342943173418,-1.3401594630726532,0.0023085633156174007,-4.577627990081079,-2.249659392649839,2.157942443292991,-1.0175168782984765,-0.633442110904429,2.141157772903036,-1.052378058363301,0.0649400677170915,0.7069556432021342,-0.11053238969516233,0.695542304233059,0.5,0.4,0.1,2.2714526988413337,-0.7948438357821102,-0.27930021113944337,-0.6099788472254551,-0.7714526988413337,False
1782605634.815801,TRACKING,Tracking AprilTag,Walk,2,73.94574737548828,-0.7899276563859444,-0.04255463369257626,2.680299842311557,2.79460262718467,-0.2866022059275007,-0.6903196372332732,-0.6367775972783064,-0.004366778629781538,0.7710351631727733,0.7708996069271992,0.015102570773100248,-0.6367775972783064,-0.023192424910655,0.9997214825495959,-0.004366778629781538,0.6365342940221314,0.018134764538901116,0.7710351631727733,2.036200714650067,-1.1794875071530826,-0.0076766243293108416,-4.60003988846188,-2.2554007669860603,2.180784607895739,-1.0264741478376127,-0.6391834852406502,2.1638516752143118,-1.0617045775007954,0.0668326065267849,0.7064114958365373,-0.11169284926394188,0.6957304856610237,0.5,0.4,0.1,2.180299842311557,-0.7899276563859444,-0.2866022059275007,-0.6903196372332732,-0.6802998423115572,False
1782605634.8660073,TRACKING,Tracking AprilTag,Walk,2,73.57701110839844,-0.8055251775308718,-0.04767758874148038,2.6905930560159588,2.8089918043998705,-0.2908931526480497,-0.6534360100890148,-0.607864991647951,0.013227891056636541,0.7939302077809044,0.7937195567572397,0.02257027137468948,-0.607864991647951,-0.018298333963943366,0.9997450644400989,0.013227891056636541,0.6080085823368242,0.0006236807958572435,0.7939302077809044,1.9795564240194272,-1.2803242230574998,-0.016954179233079784,-4.61903503640711,-2.258867934338362,2.200181415638588,-1.034879653166896,-0.6426506525929521,2.183109621601232,-1.0704235322209543,0.06976361722110618,0.7047162943437374,-0.11138985251838912,0.6972089234616761,0.5,0.4,0.1,2.1905930560159588,-0.8055251775308718,-0.2908931526480497,-0.6534360100890148,-0.6905930560159588,False
1782605634.9158547,TRACKING,Tracking AprilTag,Walk,2,73.37785339355469,-0.8144985814791541,-0.06888593881392167,2.66927646290007,2.791628565405888,-0.29616417322963134,-0.6176263298390575,-0.5790907808787324,-0.006125794453071316,0.8152400518519551,0.8152112287058311,0.009193481015856767,-0.5790907808787324,-0.01562733251069571,0.999859120636962,-0.006125794453071316,0.5789528815633698,0.014043460609558012,0.8152400518519551,1.95710207890203,-1.3952147729928888,-0.02579754048074981,-4.6382705934224875,-2.2622816178236778,2.2197986697945886,-1.0428404967922589,-0.6460643360782676,2.2025951964153867,-1.07870145865277,0.07232704033599098,0.7032507668787241,-0.1117559585275945,0.6983679287125812,0.5,0.4,0.1,2.16927646290007,-0.8144985814791541,-0.29616417322963134,-0.6176263298390575,-0.6692764629000698,False
1782605634.9658074,TRACKING,Tracking AprilTag,Walk,2,73.24472045898438,-0.8045645627366252,-0.07290346660836511,2.6111818242373324,2.733296465859951,-0.29889211225859036,-0.6782077870797636,-0.6270360341064404,-0.03398424358898073,0.7782485998186901,0.7789898432186749,-0.0007975551460850539,-0.6270360341064404,-0.026332214420796113,0.9990754154073564,-0.03398424358898073,0.6264833905586334,0.04298462788494178,0.7782485998186901,2.067902330835512,-1.2664957567650796,-0.03492096081979026,-4.660708463501316,-2.2652386990780387,2.2426276504728144,-1.0509357085591255,-0.6490214173326285,2.2252898963798824,-1.0871658195783653,0.07257164130560839,0.7038655740422842,-0.11340463376435693,0.6974568084097452,0.5,0.4,0.1,2.1111818242373324,-0.8045645627366252,-0.29889211225859036,-0.6782077870797636,-0.6111818242373324,False
1782605635.0158215,TRACKING,Tracking AprilTag,Walk,2,73.00810241699219,-0.8146204256709875,-0.07095702436822483,2.6158093949256,2.740638635028085,-0.30190241621609576,-0.6538705961055037,-0.6082592701070694,0.003587157698700931,0.7937303021987128,0.793615546719869,0.013965111289878204,-0.6082592701070694,-0.014845425607467513,0.999883366017346,0.003587157698700931,0.6082384214623872,0.006183043626202058,0.7937303021987128,2.0331711468037197,-1.332149375713804,-0.0444940785217859,-4.68588985464641,-2.266234551674703,2.2682177413363536,-1.059355583388022,-0.650017269929293,2.2507400784341893,-1.0959995773258415,0.07269040340035283,0.7051762559930115,-0.11437599997670968,0.6959602602638316,0.5,0.4,0.1,2.1158093949256,-0.8146204256709875,-0.30190241621609576,-0.6538705961055037,-0.6158093949255998,False
1782605635.0659072,TRACKING,Tracking AprilTag,Walk,2,72.47591400146484,-0.8155727222602778,-0.04926882211371303,2.5922343674697426,2.717952409079079,-0.3048164738533853,-0.6289474423612736,-0.5882647933732689,0.009953560074692891,0.8086071107276666,0.8084224960220671,0.019939929863374947,-0.5882647933732689,-0.01741736316902009,0.9997987608024317,0.009953560074692891,0.5883448847280729,0.0021993396658419677,0.8086071107276666,2.0294283243652913,-1.4110715997504626,-0.05381134241845006,-4.7134387127218895,-2.2636691430318163,2.296161240304487,-1.0674123726493157,-0.6474518612864062,2.2785492472133604,-1.1045084620703045,0.07562453913491894,0.7052797011331625,-0.11078170987076504,0.6961241879207026,0.5,0.4,0.1,2.0922343674697426,-0.8155727222602778,-0.3048164738533853,-0.6289474423612736,-0.5922343674697426,False
1782605635.115895,TRACKING,Tracking AprilTag,Walk,2,74.42289733886719,-0.8244472331861749,-0.0545949294143651,2.63120389453301,2.7578846569847295,-0.30364503956592,-0.5900861483252592,-0.5561555132060432,0.031554875261577575,0.8304789792509796,0.8307468213607159,0.02346836018109385,-0.5561555132060432,-0.007110062814386463,0.9994767315220507,0.031554875261577575,0.556605035735253,-0.022259811688527153,0.8304789792509796,1.9612534670276778,-1.497853442935018,-0.06332043211864327,-4.741671474219866,-2.256722548392462,2.32479664726403,-1.0756297370071464,-0.6405052666470519,2.3070476289780664,-1.1131891213494765,0.07440299465749074,0.7039292349342419,-0.10870527767431584,0.6979476980380694,0.5,0.4,0.1,2.13120389453301,-0.8244472331861749,-0.30364503956592,-0.5900861483252592,-0.6312038945330101,False
1782605635.1658242,TRACKING,Tracking AprilTag,Walk,2,74.40673065185547,-0.7998072840138524,-0.07154219404410887,2.5895875547259535,2.7112310267997826,-0.29956079680489667,-0.6373364468217402,-0.5950145779945281,-0.011926558453473023,0.8036264114484101,0.8037134545584179,0.001528049661255697,-0.5950145779945281,-0.010730601924745065,0.999871297410716,-0.011926558453473023,0.5949197737040738,0.015970400071513163,0.8036264114484101,2.0476260697594197,-1.3791245343385827,-0.07134306410582056,-4.767509441218978,-2.2483018641576957,2.350972236490038,-1.0824709131721164,-0.6320845824122856,2.3331088338882653,-1.1204538829613575,0.07250824800384016,0.7051854355524994,-0.10668722012686245,0.6971899974308637,0.5,0.4,0.1,2.0895875547259535,-0.7998072840138524,-0.29956079680489667,-0.6373364468217402,-0.5895875547259535,False
1782605635.215928,TRACKING,Tracking AprilTag,Walk,2,71.41819763183594,-0.744347175259421,-0.055730159419737184,2.5243470969185067,2.632391846535489,-0.286741182270128,-0.7358313171959318,-0.6710016175439691,0.02453206172077325,0.7410499357000885,0.7411922170682443,0.019771864121463152,-0.6710016175439691,-0.004458578894718025,0.9996891011819464,0.02453206172077325,0.6712780485251252,-0.015191259565771737,0.7410499357000885,2.2348970367511405,-1.1347462039259748,-0.0775784299583884,-4.791331650242966,-2.2425533667786213,2.375052995277015,-1.08761819268088,-0.6263360850332111,2.3571029534661396,-1.1259909991584953,0.06774797656969866,0.7060437774398866,-0.10449057287146316,0.6971327823235118,0.5,0.4,0.1,2.0243470969185067,-0.744347175259421,-0.286741182270128,-0.7358313171959318,-0.5243470969185067,False
1782605635.2659287,TRACKING,Tracking AprilTag,Walk,2,74.0820083618164,-0.7057199172014957,-0.05487120416447382,2.498954983422989,2.5972730814752496,-0.2752384029816935,-0.6651789048433379,-0.617013510835865,0.024574613136396764,0.7865687610344034,0.7865926634412483,0.02379725333737163,-0.617013510835865,-0.010965989495669213,0.9996378521562583,0.024574613136396764,0.6173748690178309,-0.012564046721484543,0.7865687610344034,2.2041074651266666,-1.2895376929053082,-0.0833584011416731,-4.814192767463251,-2.237717935811465,2.3981529761371343,-1.092354185892593,-0.621500654066055,2.3801230938506683,-1.1311009780347583,0.06317118927633399,0.7045266065862059,-0.10449186090925969,0.699094494658096,0.5,0.4,0.1,1.9989549834229892,-0.7057199172014957,-0.2752384029816935,-0.6651789048433379,-0.49895498342298916,False
1782605635.3159535,TRACKING,Tracking AprilTag,Walk,2,74.48709869384766,-0.6929980600829041,-0.0613784616034669,2.4963536227590697,2.5914851025405894,-0.27078562851731913,-0.6494839027250866,-0.6046431599013558,0.020916458745628898,0.7962217975778143,0.7961448152735153,0.023666057922766364,-0.6046431599013558,-0.013831180239344324,0.9996855506641723,0.020916458745628898,0.6049480403855252,-0.008289601659132477,0.7962217975778143,2.198518750862602,-1.3185216720708828,-0.09050262639593458,-4.837627616030678,-2.2331980719579603,2.421888041042498,-1.0984269756798344,-0.6169807902125501,2.4037565561636463,-1.137557876745663,0.061097524736841304,0.7033234540885338,-0.10431135841684495,0.7005157756290986,0.5,0.4,0.1,1.9963536227590697,-0.6929980600829041,-0.27078562851731913,-0.6494839027250866,-0.4963536227590697,False
1782605635.3659408,TRACKING,Tracking AprilTag,Walk,2,73.66355895996094,-0.6677147293398569,-0.08286872193295539,2.4820657301507305,2.571645479773773,-0.26279421720624724,-0.6152482741987635,-0.5771294154467653,0.010509225303596745,0.8165850806925101,0.8163090419500013,0.023689361678739227,-0.5771294154467653,-0.02158171924814858,0.999711851274062,0.010509225303596745,0.5772120731801832,0.0038766693748044203,0.8165850806925101,2.1928121991336456,-1.3883837921139623,-0.1002170553433701,-4.863266851375949,-2.2293571534406125,2.447941920191637,-1.1069672274411706,-0.6131398716952023,2.429668513382525,-1.14651951677146,0.057188346587146714,0.7024340244092546,-0.1045503070477933,0.7017016229588322,0.5,0.4,0.1,1.9820657301507305,-0.6677147293398569,-0.26279421720624724,-0.6152482741987635,-0.4820657301507305,False
1782605635.4159348,TRACKING,Tracking AprilTag,Walk,2,73.80166625976562,-0.6434955305600403,-0.08677906543576454,2.424622918438235,2.5100624296348877,-0.25941968090245093,-0.6523815308915307,-0.607079940856325,0.0014577478472908665,0.7946394279049427,0.7941100667790295,0.029036997952375784,-0.607079940856325,-0.035428047339255794,0.9993711665006857,0.0014577478472908665,0.6067405172740097,0.020350044643011357,0.7946394279049427,2.287597272120429,-1.3145377868685837,-0.11102442384641732,-4.890060589281419,-2.225387301139404,2.4751987364907206,-1.1165468709703261,-0.609170019393994,2.456766393924161,-1.156539919710409,0.05511253833468761,0.7026696055894335,-0.1045490345153044,0.7016320494967538,0.5,0.4,0.1,1.924622918438235,-0.6434955305600403,-0.25941968090245093,-0.6523815308915307,-0.4246229184382351,False
1782605635.4659238,TRACKING,Tracking AprilTag,Walk,2,73.21357727050781,-0.6184638051758897,-0.08681510625658802,2.3951572881634307,2.475239943122562,-0.25269467974213355,-0.6476348701942982,-0.6030858381719746,0.02675906784541599,0.797227335259179,0.796838858926782,0.03654182125553001,-0.6030858381719746,-0.025574511773009435,0.999314713509021,0.02675906784541599,0.6036503766683463,-0.005899039219421198,0.797227335259179,2.323165469578923,-1.3226164472475788,-0.12251459457945475,-4.918672993174244,-2.221327750487233,2.504303345954892,-1.126726035373093,-0.6051104687418227,2.4857021023155688,-1.1671897300320964,0.05304000267014967,0.7029478834891988,-0.1035165069373692,0.7016661342877337,0.5,0.4,0.1,1.8951572881634307,-0.6184638051758897,-0.25269467974213355,-0.6476348701942982,-0.39515728816343065,False
1782605635.515889,TRACKING,Tracking AprilTag,Walk,2,74.36931610107422,-0.5976891651403007,-0.08271518865236939,2.3929638649935736,2.467863488875527,-0.24476162249436012,-0.624264511035791,-0.5844667324557888,0.010774433228468624,0.8113461346682183,0.8108691639376988,0.029830146285775464,-0.5844667324557888,-0.029004144565337914,0.9995212209786435,0.010774433228468624,0.5845083049649598,0.008215301937907463,0.8113461346682183,2.3143080130618174,-1.3613139458571246,-0.13304573370412273,-4.947481580123882,-2.215998349468991,2.5335603909865076,-1.135938249510639,-0.5997810677235809,2.5148059070966524,-1.1768751892655327,0.05224583197210746,0.7048914876704077,-0.09936473650769968,0.7003749087382395,0.5,0.4,0.1,1.8929638649935736,-0.5976891651403007,-0.24476162249436012,-0.624264511035791,-0.3929638649935736,False
1782605635.5660462,TRACKING,Tracking AprilTag,Walk,2,73.4852294921875,-0.5720261243446032,-0.07357755972080134,2.3366669298245597,2.40679037000793,-0.2400826510932132,-0.6595958310906246,-0.6127634760951746,0.01053941753655592,0.7901960788574875,0.7896705345708201,0.03068174040685521,-0.6127634760951746,-0.030655120782877267,0.9994744540246026,0.01053941753655592,0.6127648083893382,0.010461670890876108,0.7901960788574875,2.4083921164314583,-1.2953735529346684,-0.14306834095605478,-4.973527471444566,-2.212230318457869,2.560034499645034,-1.1447678973831124,-0.5960130367124588,2.541133345476703,-1.1861330021368304,0.05200118048054162,0.7053117859543885,-0.09783790177266223,0.7001849090056027,0.5,0.4,0.10504233429471217,1.8366669298245597,-0.5720261243446032,-0.2400826510932132,-0.6595958310906246,-0.3366669298245597,False
1782605635.6158385,TRACKING,Tracking AprilTag,Walk,2,73.22071838378906,-0.5510052492121197,-0.06890951943826977,2.324932793358305,2.390327969162678,-0.23270488788275928,-0.6206982715819355,-0.5815800356618649,0.008949417615365355,0.8134399609337433,0.8130800890822736,0.025795946532471362,-0.5815800356618649,-0.02531342835892784,0.9996395041559047,0.008949417615365355,0.5816012371743028,0.007445191295773585,0.8134399609337433,2.3935543924617293,-1.3718255692228578,-0.15184399731370982,-4.994553215101149,-2.207250455560039,2.5814370199621792,-1.152579821915146,-0.591033173814629,2.562406366682521,-1.1942909804155972,0.05120833766289562,0.7049538736667991,-0.09460419949641026,0.7010476357521085,0.5,0.4,0.10859178748558836,1.8249327933583048,-0.5510052492121197,-0.23270488788275928,-0.6206982715819355,-0.32493279335830483,False
1782605635.6659305,TRACKING,Tracking AprilTag,Walk,2,74.50930786132812,-0.5418462250053859,-0.07526430521803668,2.3319872221340705,2.395292560709259,-0.22830282921037695,-0.6162598113749665,-0.5779003038503714,0.017324126112239907,0.8159234727988254,0.8156189937997137,0.028229342230929058,-0.5779003038503714,-0.02232225230699566,0.9996007161393943,0.017324126112239907,0.578158606270879,-0.0012298499172870118,0.8159234727988254,2.389417871712592,-1.3697992906097682,-0.15996243354018494,-5.013137734675948,-2.2012369088904933,2.6003709926616048,-1.1598460487494011,-0.5850196271450832,2.581220014374759,-1.2018633007404238,0.050965252566850895,0.7044801738043031,-0.09131020100599874,0.7019776883489247,0.5,0.4,0.10317735484371855,1.8319872221340705,-0.5418462250053859,-0.22830282921037695,-0.6162598113749665,-0.3319872221340705,False
1782605635.7158463,TRACKING,Tracking AprilTag,Walk,2,73.75869750976562,-0.506676639003515,-0.08728496253614011,2.2842901089398273,2.3414357097723526,-0.21827535786740407,-0.6265493162369753,-0.5862946973950207,-0.014102639363107076,0.8099750881165885,0.8099817970704832,0.013711900705283362,-0.5862946973950207,-0.027128748640043086,0.9995324639851472,-0.014102639363107076,0.5858272095180419,0.027328322649386044,0.8099750881165885,2.4568151965265237,-1.347505616533004,-0.16752799286904294,-5.033329528800998,-2.195169296008558,2.6208854786789764,-1.1664869900524024,-0.5789520142631479,2.6016241076941244,-1.2088360486751666,0.04937558798575953,0.7045633964247318,-0.0894741804537991,0.7022441475453018,0.5,0.4,0.10738693539607165,1.7842901089398273,-0.506676639003515,-0.21827535786740407,-0.6265493162369753,-0.2842901089398273,False
1782605635.7658305,TRACKING,Tracking AprilTag,Walk,2,73.87706756591797,-0.49200542179275303,-0.08690040738213609,2.2683037084447313,2.3226757693704836,-0.2135958589514925,-0.6276853322694674,-0.5872722730138972,-0.0014213004486282946,0.8093881993543797,0.8091951109877401,0.017735549121166733,-0.5872722730138972,-0.022943234277705657,0.9997357590413143,-0.0014213004486282946,0.5870918840815439,0.014624034718833265,0.8093881993543797,2.47963379412389,-1.3421675202414731,-0.17477538272444262,-5.055477568765084,-2.189360723713838,2.643339746360185,-1.1727212660221964,-0.5731434419684278,2.623974322415699,-1.215433641862566,0.045533406660017206,0.7065612808262187,-0.08832016010327734,0.7006407172256536,0.5,0.4,0.10803112186421251,1.7683037084447313,-0.49200542179275303,-0.2135958589514925,-0.6276853322694674,-0.2683037084447313,False
1782605635.8158135,TRACKING,Tracking AprilTag,Walk,2,74.54459381103516,-0.4716045656949651,-0.07179789412776488,2.2842049622438196,2.3334862574107453,-0.20360250668353688,-0.5799930900077637,-0.5479044623969862,0.020368760168979372,0.836292899464445,0.8360870164011239,0.02755360395549639,-0.5479044623969862,-0.01959420690620808,0.999600510536532,0.020368760168979372,0.548246813088032,-0.006294302516430764,0.836292899464445,2.436636451020331,-1.4183967486605373,-0.18284485375306114,-5.082438293192208,-2.1834793796859278,2.6706390617961153,-1.1795582537395037,-0.5672620979405176,2.651159173687562,-1.2227124388540853,0.04339557892921126,0.7088554904133046,-0.08715736527554667,0.6986016827338286,0.5,0.4,0.10082379889151682,1.7842049622438196,-0.4716045656949651,-0.20360250668353688,-0.5799930900077637,-0.28420496224381964,False
1782605635.865932,TRACKING,Tracking AprilTag,Walk,2,73.54501342773438,-0.4474900938259824,-0.06251427225954898,2.228226837285639,2.273576534165606,-0.19819148089050811,-0.6280172931102467,-0.5874555822064098,0.017102914474250046,0.8090756634895246,0.808819891896741,0.026576707972816343,-0.5874555822064098,-0.020424909572196993,0.999645093713491,0.017102914474250046,0.587701629690706,-0.0018344502919338656,0.8090756634895246,2.5396482217744016,-1.3288973627908782,-0.18895652087440537,-5.109580529171874,-2.1775603795088365,2.698030806832075,-1.1844312151453578,-0.5613430977634264,2.6784682926849412,-1.228028966721494,0.04528767521550744,0.7077572530984155,-0.08013843336652463,0.7004331007724574,0.5,0.4,0.10670713251783749,1.7282268372856389,-0.4474900938259824,-0.19819148089050811,-0.6280172931102467,-0.22822683728563886,False
1782605635.9158237,TRACKING,Tracking AprilTag,Walk,2,74.70257568359375,-0.44538569016069973,-0.0727956732203259,2.2858412480662054,2.3299652002552294,-0.1924343524033297,-0.5703450822869958,-0.5396174511197135,0.033612616180023695,0.8412390852074089,0.8415309112126879,0.02527314623482608,-0.5396174511197135,-0.008460777639830512,0.9993991231111141,0.033612616180023695,0.540142704028549,-0.02372047225772167,0.8412390852074089,2.4421300483538078,-1.4173971839189852,-0.19555081327381038,-5.138233159311699,-2.169931819394274,2.726953302041054,-1.189717724113012,-0.5537145376488637,2.7073012541291464,-1.2337838116833937,0.04266429309630181,0.7072873081544284,-0.07861460587701966,0.7012447258704028,0.5,0.4,0.1,1.7858412480662054,-0.44538569016069973,-0.1924343524033297,-0.5703450822869958,-0.28584124806620537,False
1782605635.965992,TRACKING,Tracking AprilTag,Walk,2,71.82335662841797,-0.39391050766790553,-0.07973665612107783,2.196057031033947,2.232529933939116,-0.1774843005902967,-0.6521771664469963,-0.6067817082511893,0.021205187013604288,0.7945856143773853,0.7945387839580179,0.02289277873659949,-0.6067817082511893,-0.012609694164024712,0.9996956215052699,0.021205187013604288,0.6070824626025726,-0.00919701173801954,0.7945856143773853,2.621279271048313,-1.2566132056137995,-0.20118590145163723,-5.165160767962654,-2.160745834921431,2.7541090018766923,-1.1941243433236497,-0.5445285531760209,2.7343819215584215,-1.2386302307754489,0.037903599753822896,0.709181844669353,-0.07531890836749992,0.6999653493990998,0.5,0.39391050766790553,0.1,1.6960570310339471,-0.39391050766790553,-0.1774843005902967,-0.6521771664469963,-0.19605703103394712,False
1782605636.0158293,TRACKING,Tracking AprilTag,Walk,2,72.53804779052734,-0.3707480812575062,-0.07095387349026161,2.174483136522521,2.2070037387689707,-0.16887549478302372,-0.6521449536067486,-0.6068408046572527,-0.013061426481923637,0.7947160731614754,0.7947762433311004,0.008657992806752193,-0.6068408046572527,-0.020863200527688964,0.9996970171016811,-0.013061426481923637,0.606543856534913,0.023041552867797004,0.7947160731614754,2.6514371339476566,-1.2519207180760838,-0.20492665644192248,-5.187910622468663,-2.1546733707487062,2.7770052434715855,-1.1968282754178803,-0.5384560890032961,2.7572313030587,-1.241705111748212,0.035156022774046676,0.7088577230864204,-0.0747675831566097,0.7004959607252321,0.5,0.3707480812575062,0.1,1.6744831365225208,-0.3707480812575062,-0.16887549478302372,-0.6521449536067486,-0.1744831365225208,False
1782605636.0658917,TRACKING,Tracking AprilTag,Walk,2,74.49959564208984,-0.33703741949287574,-0.07430719534486196,2.1603736883953215,2.1877683275267614,-0.15476133257685507,-0.5878271930203742,-0.5545292158893097,0.009499354168097298,0.8321100353892966,0.8318304703226848,0.023567294454994565,-0.5545292158893097,-0.021991094003882564,0.99971303585324,0.009499354168097298,0.5545939599628303,0.0042928518691109675,0.8321100353892966,2.6205080659983886,-1.3583504207051988,-0.20905392214718813,-5.212316703607123,-2.148854875511927,2.8015735531925454,-1.1998431180661742,-0.5326375937665169,2.7817474908222084,-1.245117978033813,0.03143323533061888,0.707766595910401,-0.074096985808488,0.7018461612947311,0.5,0.33703741949287574,0.1,1.6603736883953215,-0.33703741949287574,-0.15476133257685507,-0.5878271930203742,-0.1603736883953215,False
1782605636.115893,TRACKING,Tracking AprilTag,Walk,2,74.63582611083984,-0.32370920822653704,-0.0813173997410363,2.1593934578803577,2.1850355321888437,-0.14879945168815362,-0.5664605318001322,-0.5365686332243383,0.01728351221653316,0.8436796679102955,0.8435065210347849,0.024307422972407802,-0.5365686332243383,-0.01781390370151873,0.9996919250651042,0.01728351221653316,0.5368234475194867,-0.005020373299516203,0.8436796679102955,2.609646133346999,-1.3902002014667854,-0.21454124871927716,-5.236724408925839,-2.143897246901128,2.8262052394431625,-1.2042165451302904,-0.5276799651557178,2.806305014849239,-1.2498902778458303,0.029296468300628126,0.7066552291347342,-0.07354634229636853,0.703115239215075,0.5,0.32370920822653704,0.1,1.6593934578803577,-0.32370920822653704,-0.14879945168815362,-0.5664605318001322,-0.15939345788035775,False
1782605636.1659212,TRACKING,Tracking AprilTag,Walk,2,74.146240234375,-0.2945170481963525,-0.09884847271826176,2.1234784918295273,2.1460829940847184,-0.13781635298117295,-0.5518056923814092,-0.5242218927963701,0.0038475379081871434,0.8515730171659011,0.8511975267621971,0.02557689478630632,-0.5242218927963701,-0.02766684606865192,0.9996097949103233,0.0038475379081871434,0.524115746817945,0.011228551662241834,0.8515730171659011,2.6418433952556484,-1.412784627689444,-0.22182066774191858,-5.26178962698707,-2.13994867816143,2.8515751308726975,-1.2103503617739364,-0.52373139641602,2.831572099042232,-1.2564347070912631,0.024780148584147812,0.705868025555836,-0.07336388817277258,0.7040980149426826,0.5,0.2945170481963525,0.1,1.6234784918295273,-0.2945170481963525,-0.13781635298117295,-0.5518056923814092,-0.1234784918295273,False
1782605636.2159176,TRACKING,Tracking AprilTag,Walk,2,73.85932159423828,-0.2789352807842747,-0.10163704038695424,2.0831670862134883,2.1042148388242152,-0.13310788594694614,-0.5694808928662016,-0.539116917444833,0.017011176945019274,0.8420591245178252,0.8415747479485367,0.03323992990573066,-0.539116917444833,-0.02857800634785847,0.9994468056940935,0.017011176945019274,0.5393841313651512,0.0010907097391637827,0.8420591245178252,2.70075562847021,-1.3860412725990263,-0.2308814187954027,-5.291105007367493,-2.135502930364512,2.8812716831829372,-1.2180706932038263,-0.5192856486191018,2.861139546913826,-1.2646356072164158,0.022643725882583732,0.7061058348668766,-0.07299702467808665,0.7039696343119158,0.5,0.2789352807842747,0.1,1.5831670862134883,-0.2789352807842747,-0.13310788594694614,-0.5694808928662016,-0.08316708621348834,False
1782605636.2659204,TRACKING,Tracking AprilTag,Walk,2,72.9969253540039,-0.2532368335755142,-0.10206623818308383,2.0408584289519602,2.0590409267133234,-0.12345248174915167,-0.5793812113413286,-0.54749945641953,0.004977305908986619,0.8367912354023598,0.8360769100968849,0.03492485680950721,-0.54749945641953,-0.03848148756714052,0.9992469172034049,0.004977305908986619,0.5472609756939238,0.016907182980231836,0.8367912354023598,2.7583475027903765,-1.3686791114145698,-0.23920658965526956,-5.318724514405591,-2.1313796363892163,2.9092407119290797,-1.2251332047875998,-0.5151623546438062,2.8889903661455203,-1.2721507590443535,0.02117896493305074,0.7079389459897854,-0.07031172219848546,0.7024458426930287,0.5,0.2532368335755142,0.1,1.5408584289519602,-0.2532368335755142,-0.12345248174915167,-0.5793812113413286,-0.040858428951960235,False
1782605636.3158276,TRACKING,Tracking AprilTag,Walk,2,72.54683685302734,-0.2426349461532139,-0.10066922559791197,2.0433232406040274,2.060139770906285,-0.11819181318932717,-0.558717086746033,-0.5300517002651349,0.013331072939207121,0.8478605295332062,0.8472177137800113,0.035599726170439536,-0.5300517002651349,-0.033651610116288797,0.9993447111136731,0.013331072939207121,0.5301789458229665,0.006542772021008662,0.8478605295332062,2.7441080248567937,-1.3966526655924263,-0.24813913387605474,-5.348840822593323,-2.126603619695262,2.9397315447316545,-1.23268909521297,-0.5103863379498519,2.9193546567721875,-1.2802001205006486,0.02136219562286748,0.708797650766743,-0.0682369563039024,0.701778643633515,0.5,0.2426349461532139,0.1,1.5433232406040274,-0.2426349461532139,-0.11819181318932717,-0.558717086746033,-0.04332324060402737,False
1782605636.365923,TRACKING,Tracking AprilTag,Walk,2,72.11811065673828,-0.21420131620968058,-0.08276391411929306,2.004047596840306,2.0171610842339067,-0.10648008817308584,-0.5543262866609534,-0.5263558519890223,0.007483523997456576,0.8502314472809682,0.8497504672525068,0.02955774824063654,-0.5263558519890223,-0.030131789712800186,0.9995179198580099,0.007483523997456576,0.5263233024034277,0.00950091583270093,0.8502314472809682,2.788362690982152,-1.4024976202059407,-0.25579859253057463,-5.372640667135819,-2.1235787963742676,2.9638546235190626,-1.2392600142463912,-0.5073615146288575,2.9433680038657033,-1.2871613753080509,0.021362222202492637,0.709714056487384,-0.06555150470136312,0.7011081326858083,0.5,0.21420131620968058,0.1,1.504047596840306,-0.21420131620968058,-0.10648008817308584,-0.5543262866609534,-0.004047596840305978,False
1782605636.415933,TRACKING,Tracking AprilTag,Walk,2,71.70726776123047,-0.19315225255297205,-0.07698831041028995,1.9695372182253192,1.98048273069493,-0.09775726652957638,-0.5485441505950863,-0.5214011683162701,0.013043560704657172,0.8532119825709039,0.8528905923965743,0.026804086998982766,-0.5214011683162701,-0.023442060064766127,0.9996401029090739,0.013043560704657172,0.5215631382884919,0.001097987289153504,0.8532119825709039,2.8240250181310484,-1.4134656760419921,-0.2640085795676068,-5.394046970411588,-2.1179987773334816,2.985611626556438,-1.2464895734247963,-0.5017814955880715,2.965004905296498,-1.2947428134009509,0.020568356469740003,0.7087233095745428,-0.061521968313050214,0.7024978723047698,0.5,0.19315225255297205,0.1,1.4695372182253192,-0.19315225255297205,-0.09775726652957638,-0.5485441505950863,0.03046278177468076,False
1782605636.4659395,TRACKING,Tracking AprilTag,Walk,2,71.70726776123047,-0.19315225255297205,-0.07698831041028995,1.9695372182253192,1.98048273069493,-0.09775726652957638,-0.5485441505950863,-0.5214011683162701,0.013043560704657172,0.8532119825709039,0.8528905923965743,0.026804086998982766,-0.5214011683162701,-0.023442060064766127,0.9996401029090739,0.013043560704657172,0.5215631382884919,0.001097987289153504,0.8532119825709039,2.8240250181310484,-1.4134656760419921,-0.27164571411601635,-5.4129625774616,-2.112239099252019,3.004854491596824,-1.2532599618345146,-0.4960218175066087,2.984135445637176,-1.3018243697591738,0.02050755485410134,0.7086092614765374,-0.060668183110049796,0.7026889257002046,0.5,0.19315225255297205,0.1,1.4695372182253192,-0.19315225255297205,-0.09775726652957638,-0.5485441505950863,0.03046278177468076,False
1782605636.5158176,TRACKING,Tracking AprilTag,Walk,2,71.27763366699219,-0.1570321282095507,-0.09021876142773214,1.9302259014393113,1.9387033153091724,-0.08117550250677251,-0.5366097461493124,-0.5112124970202636,0.007047394188198748,0.8594254575735252,0.8592388439267413,0.019245570340833962,-0.5112124970202636,-0.018201211831756187,0.9998095069176987,0.007047394188198748,0.5112507456965638,0.003249292114342919,0.8594254575735252,2.865471828611313,-1.4242412902408166,-0.27905003210563933,-5.433965925963796,-2.1062042919841653,3.0261723737736483,-1.2597029791937349,-0.4899870102387552,3.0053460391671307,-1.3086122483160727,0.018188527821155955,0.7084370551011986,-0.05755631454815458,0.703188016870932,0.5,0.1570321282095507,0.1,1.4302259014393113,-0.1570321282095507,-0.08117550250677251,-0.5366097461493124,0.06977409856068872,False
1782605636.565887,TRACKING,Tracking AprilTag,Walk,2,71.3680648803711,-0.1455591438821643,-0.08924400157895843,1.9142682507301936,1.9218675531729985,-0.07589300773278301,-0.54240351270827,-0.5161942696942993,0.002602900957471924,0.8564675713892351,0.8562491101744348,0.01951761410258352,-0.5161942696942993,-0.021219935238999968,0.9997714435084941,0.002602900957471924,0.5161270925595177,0.008724877344948399,0.8564675713892351,2.8898366120891064,-1.4124968782725338,-0.28680576155106996,-5.457769329726514,-2.1003010121509558,3.0503033793183443,-1.2663699081211774,-0.48408373040554564,3.0293657549994597,-1.315669628938931,0.014038061907574811,0.7107531778856899,-0.05548086206080653,0.7011096397057037,0.5,0.1455591438821643,0.1,1.4142682507301936,-0.1455591438821643,-0.07589300773278301,-0.54240351270827,0.08573174926980642,False
1782605636.6158693,TRACKING,Tracking AprilTag,Walk,2,70.30345916748047,-0.12205837956485802,-0.07851974915168584,1.8894361577340102,1.89500200347691,-0.06451078592824987,-0.5298761024652624,-0.505406467100478,0.008889489131078076,0.8628356042700149,0.8625682108809263,0.023246173678507755,-0.505406467100478,-0.021733885470082617,0.9997242695890511,0.008889489131078076,0.5054737577758625,0.003316655536361412,0.8628356042700149,2.912987330752307,-1.4262775752015375,-0.29465122633641144,-5.483499419833532,-2.095140850957382,3.0763631585747166,-1.2730389979932966,-0.478923569211972,3.055313955863295,-1.3227604488170053,0.014770607242648016,0.7108812502277745,-0.05108676967808425,0.7012986661901889,0.5,0.12205837956485802,0.1,1.3894361577340102,-0.12205837956485802,-0.06451078592824987,-0.5298761024652624,0.11056384226598981,False
1782605636.6658187,TRACKING,Tracking AprilTag,Walk,2,70.27920532226562,-0.1105993533846462,-0.0798433509281995,1.892872024394825,1.8977807245288134,-0.05836303106063892,-0.5155421777309969,-0.4929752930150878,0.011274830085452402,0.8699702516081986,0.8698208493209194,0.019673600670003615,-0.4929752930150878,-0.016223510968904148,0.9998048189013624,0.011274830085452402,0.49310089006051927,-0.0018092922072482477,0.8699702516081986,2.9036583521986903,-1.4393110211508855,-0.30161512520945605,-5.511908143619304,-2.088847140539795,3.1050587810906705,-1.2787058068900377,-0.4726298587943847,3.083913907189394,-1.3288918645421939,0.015869153719466175,0.708618748780778,-0.04681400347242522,0.7038580026649383,0.5,0.1105993533846462,0.1,1.392872024394825,-0.1105993533846462,-0.05836303106063892,-0.5155421777309969,0.10712797560517506,False
1782605636.7157784,TRACKING,Tracking AprilTag,Walk,2,70.5394058227539,-0.07943360005327231,-0.09752902670683128,1.824082500666484,1.8284142247055228,-0.04351965750192104,-0.5440393370033682,-0.5175963309516898,0.00034786068314626543,0.8556248694248514,0.8555469107315734,0.011555160016636451,-0.5175963309516898,-0.013294521389819219,0.9999115634364675,0.00034786068314626543,0.5175545760967406,0.006583584360298425,0.8556248694248514,3.0021637572312763,-1.4003840304195012,-0.3089263105779466,-5.538438938621267,-2.0813662830444697,3.1318941802936378,-1.2848048120995796,-0.46514900129905956,3.11064687097055,-1.335425252821182,0.01208508848114436,0.7089308217600593,-0.0439457762950704,0.7038038145256343,0.5,0.1,0.1,1.324082500666484,-0.07943360005327231,-0.04351965750192104,-0.5440393370033682,0.17591749933351597,False
1782605636.7657928,TRACKING,Tracking AprilTag,Walk,2,70.5394058227539,-0.07943360005327231,-0.09752902670683128,1.824082500666484,1.8284142247055228,-0.04351965750192104,-0.5440393370033682,-0.5175963309516898,0.00034786068314626543,0.8556248694248514,0.8555469107315734,0.011555160016636451,-0.5175963309516898,-0.013294521389819219,0.9999115634364675,0.00034786068314626543,0.5175545760967406,0.006583584360298425,0.8556248694248514,3.0021637572312763,-1.4003840304195012,-0.3145015672462694,-5.561964439685211,-2.0741300926079096,3.155648564650399,-1.2893061353559703,-0.4579128108624995,3.1343251343994147,-1.340311204951581,0.010803488545586862,0.709429081160204,-0.04290877089009923,0.7033864519736892,0.5,0.1,0.1,1.324082500666484,-0.07943360005327231,-0.04351965750192104,-0.5440393370033682,0.17591749933351597,False
1782605636.8157778,TRACKING,Tracking AprilTag,Walk,2,69.95777893066406,-0.03613005702486402,-0.08872368879406677,1.7974743748722188,1.8000253893476392,-0.020097750962624682,-0.4981985934045749,-0.4777910203739211,-0.01487360023447215,0.878347605943178,0.8784577287568595,0.005268741537316868,-0.4777910203739211,-0.014086174155295825,0.9997901558395801,-0.01487360023447215,0.4776123935630298,0.01979607660323545,0.878347605943178,3.007324147826645,-1.4497099870385612,-0.31837425246537215,-5.582608191172212,-2.0689016350909872,3.176446865701314,-1.2922374899334375,-0.4526843533455771,3.1550731631662248,-1.343579456556792,0.007080058000696536,0.7086771848800645,-0.04138171831441596,0.7042826661210114,0.5,0.1,0.1,1.2974743748722188,-0.03613005702486402,-0.020097750962624682,-0.4981985934045749,0.20252562512778116,False
1782605636.865785,TRACKING,Tracking AprilTag,Walk,2,70.64422607421875,-0.025031307780255377,-0.09451455359148592,1.7920472916840284,1.794712529304303,-0.013967086793294033,-0.4793215606842711,-0.4611756154282365,-0.0027005322386933657,0.8873047722513472,0.88719197429125,0.014403211016344885,-0.4611756154282365,-0.01763579758488752,0.9998408302170765,-0.0027005322386933657,0.4610633138699488,0.010529090333261845,0.8873047722513472,3.0023193375089026,-1.4720560649872518,-0.3229025760809165,-5.604746113292878,-2.0632672436909236,3.1987675658502197,-1.29575596338799,-0.4470499619455135,3.1773338696265583,-1.3474594383189418,0.0026855879491777756,0.7066758471722793,-0.040527963596682794,0.706370666723509,0.5,0.1,0.1,1.2920472916840284,-0.025031307780255377,-0.013967086793294033,-0.4793215606842711,0.20795270831597157,False
1782605636.9158862,TRACKING,Tracking AprilTag,Walk,2,69.85436248779297,-0.003200693449833621,-0.10879615285304392,1.7583964590786756,1.7617618893070106,-0.001820232233984136,-0.4759276288581456,-0.4581536988286438,0.006434615281630321,0.8888496970668381,0.8886394551090603,0.020374176623973624,-0.4581536988286438,-0.019605022040903253,0.9997870967545807,0.006434615281630321,0.4581872564075175,0.0032640603459525084,0.8888496970668381,3.0398805833305045,-1.4728535113703787,-0.3292984470947084,-5.627008690874209,-2.0586716796803652,3.2212975895182803,-1.3011343981144257,-0.4424543979349551,3.199773709404612,-1.353202531329262,0.0015258845195685873,0.7059352141332111,-0.03979506827034875,0.7071559217488661,0.5,0.1,0.1,1.2583964590786756,-0.003200693449833621,-0.001820232233984136,-0.4759276288581456,0.2416035409213244,False
1782605636.9658856,TRACKING,Tracking AprilTag,Walk,2,69.6429443359375,0.006586980788517755,-0.11194917599419413,1.723374812682164,1.727019615206779,0.0038221219577166394,-0.4864476455629638,-0.46747189404065986,-0.008445439805818546,0.8839675915035146,0.8838042429383889,0.018975996578294275,-0.46747189404065986,-0.025929887883472155,0.9996280885713631,-0.008445439805818546,0.4671377752638422,0.01958560933501188,0.8839675915035146,3.082871026004301,-1.4639887951826236,-0.33761577513795654,-5.649935270913508,-2.05448678780623,3.2445781752300524,-1.3084021589108579,-0.43826950606081966,3.222933373647374,-1.3608468736973034,-0.0009155293713614865,0.7061172864854025,-0.03875741005430293,0.707032815856764,0.5,-0.1,0.1,1.223374812682164,0.006586980788517755,0.0038221219577166394,-0.4864476455629638,0.27662518731783603,False
1782605637.0158863,TRACKING,Tracking AprilTag,Walk,2,69.43743133544922,0.01527841336185832,-0.11177906868133204,1.7000428771674665,1.7037821968543865,0.00898683336390163,-0.49328329385806724,-0.47351133557693303,-0.0061547449644985125,0.880766219944073,0.8805506886017972,0.020432813879880128,-0.47351133557693303,-0.026505673936306907,0.9996297156265435,-0.0061547449644985125,0.4732102429703766,0.017970301982605,0.880766219944073,3.1132796334240695,-1.4568785343624147,-0.34803065902806496,-5.676569595633537,-2.049752633749668,3.271657921858319,-1.3175969608274472,-0.43353535200425797,3.2498604487139793,-1.3704796141222206,-0.002563495733726504,0.7069144663814373,-0.0374148305898654,0.7063041102543596,0.5,-0.1,0.1,1.2000428771674665,0.01527841336185832,0.00898683336390163,-0.49328329385806724,0.2999571228325335,False
1782605637.0659072,TRACKING,Tracking AprilTag,Walk,2,69.15414428710938,0.03309165842887975,-0.10803720852761516,1.666182355712866,1.6700092032000569,0.01985815558717594,-0.48303313435900397,-0.4644586825332635,-0.006134491910271186,0.88557354309423,0.8853741645863541,0.0197666613893383,-0.4644586825332635,-0.02553616577149691,0.9996550766372837,-0.006134491910271186,0.46417722145825535,0.01729181456139857,0.88557354309423,3.1432987876044134,-1.4723064488519249,-0.35843424646291117,-5.702482938330216,-2.0450847131317507,3.298016917131725,-1.3268132143724927,-0.4288674313863405,3.276066519328152,-1.380122115052736,-0.004150270788801962,0.7093301045214176,-0.03448386758342807,0.7040201992475094,0.5,-0.1,0.1,1.166182355712866,0.03309165842887975,0.01985815558717594,-0.48303313435900397,0.3338176442871339,False
1782605637.1159515,TRACKING,Tracking AprilTag,Walk,2,69.41294860839844,0.042599594885376235,-0.10256673611133992,1.6667274610882388,1.670423626026218,0.025553261347205408,-0.4552883290108627,-0.4397001577161474,-0.009803853414118435,0.8980911177395251,0.8979984432917435,0.01620392390751526,-0.4397001577161474,-0.02283932025963365,0.9996910772375196,-0.009803853414118435,0.4394054634340398,0.018846297824429314,0.8980911177395251,3.1251577297145534,-1.5047852825129684,-0.36840532406338233,-5.726906403053938,-2.041485440157511,3.3228679327685606,-1.3356650525682163,-0.42526815841210097,3.300770718268871,-1.3893757939061935,-0.004150301431001432,0.7095184431675241,-0.03423998680576181,0.7038422956221839,0.5,-0.1,0.1,1.1667274610882388,0.042599594885376235,0.025553261347205408,-0.4552883290108627,0.33327253891176123,False
1782605637.1658945,TRACKING,Tracking AprilTag,Walk,2,69.6914291381836,0.05718117969472631,-0.08293954628091846,1.6344961461242746,1.6375977245171267,0.034969717936485,-0.43462147964195214,-0.4210544771446713,-0.007743840235907375,0.9070022933900599,0.9069573677633297,0.011893709944327754,-0.4210544771446713,-0.016706707996547658,0.9998304450487187,-0.007743840235907375,0.4208909822836912,0.014057767157033389,0.9070022933900599,3.1454929344778724,-1.5365376370745263,-0.37869096922374285,-5.747459121738282,-2.037758157411927,3.343866477523018,-1.3450068864287428,-0.42154087566651666,3.321615006756411,-1.3990569291253103,-0.005676428754887564,0.7113236635425771,-0.03076258163939067,0.7021681332927585,0.5,-0.1,0.1,1.1344961461242746,0.05718117969472631,0.034969717936485,-0.43462147964195214,0.36550385387572537,False
1782605637.215933,TRACKING,Tracking AprilTag,Walk,2,69.74554443359375,0.06781079268622917,-0.07927595333334948,1.6004917696915049,1.6038880525871784,0.04234339826163753,-0.44717527704442855,-0.4324140719209849,0.005362152467449768,0.9016592026512174,0.9015328238934636,0.01601992033033874,-0.4324140719209849,-0.015195420328040611,0.9998701648323995,0.005362152467449768,0.432443830622812,0.001736557122471657,0.9016592026512174,3.190828482323697,-1.5233002218685625,-0.3888840970519375,-5.764922392449381,-2.032105714714435,3.361774559838692,-1.3543965758073158,-0.41588843296902467,3.3393684631406084,-1.4087357960665094,-0.00616455873854824,0.7108773824541718,-0.028808630936581873,0.7026986609594642,0.5,-0.1,0.1,1.1004917696915049,0.06781079268622917,0.04234339826163753,-0.44717527704442855,0.39950823030849514,False
1782605637.2663217,TRACKING,Tracking AprilTag,Walk,2,69.64997100830078,0.07504017984721542,-0.08242185661380855,1.5849039412493895,1.5888187102457654,0.04731149952367571,-0.4349706841163049,-0.42138363058626505,0.0009368014450786433,0.9068819979892591,0.9067894862555362,0.012987050872257523,-0.42138363058626505,-0.013885295924097703,0.9999031557906759,0.0009368014450786433,0.42135498830976326,0.0050015547071546535,0.9068819979892591,3.1985971704905385,-1.540760193311703,-0.3990904888840577,-5.782267934754932,-2.0265474975706277,3.3795656374251015,-1.3638048610080729,-0.41033021582521756,3.3570046286165502,-1.4184313589387532,-0.0077514622159937695,0.7103269076357125,-0.025451651528105527,0.7033689021819858,0.5,-0.1,0.1,1.0849039412493895,0.07504017984721542,0.04731149952367571,-0.4349706841163049,0.4150960587506105,False
1782605637.315926,TRACKING,Tracking AprilTag,Walk,2,68.92957305908203,0.08735735381673027,-0.08635251471383097,1.5486443099621157,1.5535080504591219,0.056349204074132124,-0.4381658138256377,-0.42427066142686326,-0.0063689050208880415,0.9055130274608129,0.9054479101411484,0.012589196695531067,-0.42427066142686326,-0.01688588131684855,0.9998371387686038,-0.0063689050208880415,0.42412138478645484,0.012930895776125391,0.9055130274608129,3.238590711181348,-1.540371959940271,-0.40982879411394124,-5.80185636729723,-2.0204704057885112,3.3996214437419554,-1.3736426718242618,-0.4042531240431011,3.3768982594641397,-1.4285931176632116,-0.010253849086007533,0.7107504321818913,-0.02282702117956439,0.7029990105513975,0.5,-0.1,0.1,1.0486443099621157,0.08735735381673027,0.056349204074132124,-0.4381658138256377,0.45135569003788434,False
1782605637.365919,TRACKING,Tracking AprilTag,Walk,2,68.577392578125,0.0936293667996663,-0.08542350678017867,1.528631426841924,1.5338766811470557,0.061174028486526706,-0.43874333153671446,-0.42479150501934726,-0.007081364285147803,0.9052635149740978,0.9052167069679331,0.011614245112312056,-0.42479150501934726,-0.016151427777691366,0.9998444807371809,-0.007081364285147803,0.42464319705709763,0.013271158572938637,0.9052635149740978,3.259769976106992,-1.542480916709153,-0.42146629885460285,-5.823683198843052,-2.0150334081565577,3.4219541689384996,-1.3842771194927719,-0.3988161264111476,3.399055590849212,-1.4395883328866959,-0.011901940820061525,0.7117970966336282,-0.02099624431846751,0.7019703660078338,0.5,-0.1,0.1,1.028631426841924,0.0936293667996663,0.061174028486526706,-0.43874333153671446,0.4713685731580759,False
1782605637.415858,TRACKING,Tracking AprilTag,Walk,2,68.55166625976562,0.0999317087717569,-0.08336626263742589,1.5145625358547596,1.5201433995445874,0.0658850780853389,-0.42914297295427045,-0.41606048010589786,-0.012238232802125406,0.909254586214406,0.9092935707949232,0.008881385312423376,-0.41606048010589786,-0.015365242978853591,0.9998070488679712,-0.012238232802125406,0.4158715083042102,0.01752101677558977,0.909254586214406,3.268029927481924,-1.5557105022738704,-0.43302684152393345,-5.847108350069165,-2.010902637074994,3.4458800708926223,-1.3947621122184437,-0.3946853553295837,3.422808313172191,-1.450459949096953,-0.010071054065752665,0.7112605638073685,-0.016846126800895367,0.702654390332998,0.5,-0.1,0.1,1.0145625358547596,0.0999317087717569,0.0658850780853389,-0.42914297295427045,0.48543746414524036,False
1782605637.4658186,TRACKING,Tracking AprilTag,Walk,2,68.65472412109375,0.11384905674930132,-0.08840044077721337,1.5102020393775069,1.5170650761889855,0.07524431344613208,-0.3855805419640843,-0.37609095534762177,-0.005725002484560951,0.9265650639066125,0.9265823703165841,0.0008392402599494283,-0.37609095534762177,-0.0032294417417542695,0.9999783972929557,-0.005725002484560951,0.37607802611231805,0.00651925020210867,0.9265650639066125,3.247111737229,-1.604037465372216,-0.4438716202857429,-5.872822920373237,-2.00585621833361,3.4720605312198685,-1.4044281273937447,-0.3896389365881998,3.448828578610066,-1.4605492572426193,-0.008300867309546005,0.7083203318182455,-0.010986442027340301,0.7057568286785327,0.5,-0.11384905674930132,0.1,1.0102020393775069,0.11384905674930132,0.07524431344613208,-0.3855805419640843,0.48979796062249314,False
1782605637.5158648,TRACKING,Tracking AprilTag,Walk,2,68.47102355957031,0.1262799044433697,-0.09534299387585451,1.4432188060989652,1.4518668751043122,0.08727651572176112,-0.42446614053407505,-0.4118011212701429,-0.012704084261727644,0.9111851857683618,0.9112369410732404,-0.008189856173156408,-0.4118011212701429,0.0032456936631207593,0.9999140321626235,-0.012704084261727644,0.41186976424123334,0.010239850592020868,0.9111851857683618,3.339757624258586,-1.5685939970729075,-0.45488096202921785,-5.896733856506349,-1.9992158084797835,3.496446689599854,-1.4143404304486666,-0.3829985267343734,3.4730507840453604,-1.4708557229916877,-0.00933854556345087,0.7091801366126512,-0.009033364335887115,0.7049075994267587,0.5,-0.1262799044433697,0.1,0.9432188060989652,0.1262799044433697,0.08727651572176112,-0.42446614053407505,0.5567811939010348,False
1782605637.565907,TRACKING,Tracking AprilTag,Walk,2,68.81967163085938,0.133730699878198,-0.08773284760505035,1.4224470275619245,1.4314106674391378,0.09373900774929853,-0.42655144237427145,-0.4136699440068279,-0.01755614404460733,0.9102576334377388,0.9103956470484965,-0.007546075836962325,-0.4136699440068279,0.0003102643802744792,0.999845830887092,-0.01755614404460733,0.4137386488728889,0.015854690068351444,0.9102576334377388,3.363330757182462,-1.567500742309747,-0.4633313050106568,-5.917636230406989,-1.9924976816439106,3.5177111964348997,-1.421832978763387,-0.3762803998985005,3.494190989187758,-1.478692128910442,-0.011840440870223432,0.7098161202097862,-0.0059812536354736925,0.7042620989768463,0.5,-0.133730699878198,0.1,0.9224470275619245,0.133730699878198,0.09373900774929853,-0.42655144237427145,0.5775529724380755,False
1782605637.6157794,TRACKING,Tracking AprilTag,Walk,2,68.91316223144531,0.14312166018999706,-0.08552701287437031,1.4101098509231225,1.4199325586862162,0.10115042792555318,-0.41174640630252934,-0.4001586186868195,-0.016083476547406435,0.9163047537106885,0.9164144605252622,-0.007590548784446765,-0.4001586186868195,0.0012588400138412218,0.9998698600837854,-0.016083476547406435,0.4002286244910676,0.014235394802475775,0.9163047537106885,3.3681409430686076,-1.5823259388644484,-0.4699854649793881,-5.936747134115238,-1.9876606707146869,3.537104524419619,-1.4276125388774885,-0.37144338896927676,3.513488040780354,-1.4847854273003205,-0.014160604810453161,0.7090068339578618,-0.005310226803919936,0.7050394231273469,0.5,-0.14312166018999706,0.1,0.9101098509231225,0.14312166018999706,0.10115042792555318,-0.41174640630252934,0.5898901490768775,False
1782605637.6658146,TRACKING,Tracking AprilTag,Walk,2,69.0628890991211,0.15617760214670398,-0.09303041579423242,1.3876321299487246,1.3994888458795147,0.1120780568067298,-0.3742156098582932,-0.36552432887284686,-0.009980564657315708,0.9307482760291185,0.9307993469599595,-0.002130892059161436,-0.36552432887284686,-0.001630164555800454,0.999948864138883,-0.009980564657315708,0.3655269049775049,0.009885767870532377,0.9307482760291185,3.368667071789961,-1.625031072007725,-0.4772160402074487,-5.955678402815881,-1.983035971177876,3.556344574994226,-1.4339760761509843,-0.36681868943246587,3.532622364860926,-1.4914601403821142,-0.01769986846507379,0.7073843983110524,-0.0048216883060028595,0.7065909559315836,0.5,-0.15617760214670398,0.1,0.8876321299487246,0.15617760214670398,0.1120780568067298,-0.3742156098582932,0.6123678700512754,False
1782605637.7158158,TRACKING,Tracking AprilTag,Walk,2,67.37518310546875,0.16142685527837847,-0.09835613371174687,1.375821321354248,1.3887465092437636,0.11679724996505458,-0.37259403568319566,-0.3639623739651433,-0.01965581885890383,0.9312062280304203,0.9314109687561004,-0.0022355353899508427,-0.3639623739651433,-0.005281134046085118,0.9997928577501308,-0.01965581885890383,0.36393092325880994,0.020229779369707324,0.9312062280304203,3.3798845835478066,-1.6261738808961623,-0.4872238962455095,-5.976133325548883,-1.9786589490978395,3.577232811550385,-1.4430448478465097,-0.3624416673524293,3.5533607878584657,-1.5008664604950344,-0.019409118626360234,0.7067848858278349,-0.003967272675199419,0.707151095613238,0.5,-0.16142685527837847,0.1,0.8758213213542481,0.16142685527837847,0.11679724996505458,-0.37259403568319566,0.6241786786457519,False
1782605637.7658215,TRACKING,Tracking AprilTag,Walk,2,67.71682739257812,0.16904477452671735,-0.10410066782743348,1.3318455641726086,1.3465606899219806,0.1262501321030638,-0.3793945203064358,-0.3702393903037107,-0.02531848641023922,0.9285912815191789,0.928936315959075,0.00033876233254458935,-0.3702393903037107,-0.0104555457888761,0.999624757500609,-0.02531848641023922,0.3700918838000073,0.027390316389753547,0.9285912815191789,3.427511741822962,-1.626719777058153,-0.49994682447680044,-5.998533763905577,-1.9742618937419096,3.600187835987365,-1.4547375547379144,-0.3580446119964995,3.5761231750411966,-1.5129298874995847,-0.022034437322322558,0.7076655576593013,-0.0021363027874827965,0.706200664319313,0.5,-0.16904477452671735,0.1,0.8318455641726086,0.16904477452671735,0.1262501321030638,-0.3793945203064358,0.6681544358273914,False
1782605637.8158023,TRACKING,Tracking AprilTag,Walk,2,67.4933090209961,0.17239310691233597,-0.10252314360159721,1.3107107335747985,1.3259687045300232,0.13077577463736992,-0.38129072957812327,-0.3720090482942656,-0.024287203331673828,0.9279113102778307,0.9282289805344099,-0.00047716165469400065,-0.3720090482942656,-0.009219771156380641,0.9996625068362572,-0.024287203331673828,0.37189508670574545,0.025973924281967604,0.9279113102778307,3.449691320832732,-1.6293348779131198,-0.5145465201914609,-6.022260862514432,-1.9702653321493258,3.62455336768334,-1.468244856042299,-0.3540480504039156,3.6002664570307314,-1.5268305442512906,-0.02227846648604472,0.7077227915224343,-0.0020752544123986863,0.7061358322658942,0.5,-0.17239310691233597,0.1,0.8107107335747985,0.17239310691233597,0.13077577463736992,-0.38129072957812327,0.6892892664252015,False
1782605637.8658442,TRACKING,Tracking AprilTag,Walk,2,67.99635314941406,0.17857071824643786,-0.10272698103145088,1.2847905959251216,1.3012022169611124,0.1381034432468739,-0.3492316246019579,-0.3420926792895171,-0.02205564736161461,0.9394073382702414,0.9396611164988742,0.003095951648331299,-0.3420926792895171,-0.01132331148108126,0.9996926182765193,-0.02205564736161461,0.3419192430343628,0.02459845618791307,0.9394073382702414,3.456108510467099,-1.6694974409783743,-0.5294232770871351,-6.0461491763513076,-1.966532625541686,3.649092528394131,-1.4820216127474173,-0.3503153437962758,3.6245789754902895,-1.5410034366821153,-0.02575644935684019,0.7092789051560185,-0.0003051712009104288,0.7044572001816338,0.5,-0.17857071824643786,0.1,0.7847905959251216,0.17857071824643786,0.1381034432468739,-0.3492316246019579,0.7152094040748784,False
1782605637.915838,TRACKING,Tracking AprilTag,Walk,2,67.86759185791016,0.18163875290202286,-0.09217935596740726,1.2525785127152889,1.2690321511838907,0.14400804761455901,-0.3311844858568686,-0.3251401044547283,-0.011963434731342317,0.9455901801016111,0.9456603265675997,0.0032340734730646418,-0.3251401044547283,-0.007532876743442482,0.9999000610047971,-0.011963434731342317,0.32506891965247753,0.01376258592611882,0.9455901801016111,3.4776686385292095,-1.6981215441575406,-0.5435949976729543,-6.068708720340614,-1.9636928673104634,3.672272277277227,-1.4951543935300464,-0.3474755855650533,3.6475427041345796,-1.5545103925241766,-0.027344185883939186,0.7111929774992397,-0.0001831083876156642,0.702464811022893,0.5,-0.18163875290202286,-0.1,0.7525785127152889,0.18163875290202286,0.14400804761455901,-0.3311844858568686,0.7474214872847111,False
1782605637.9658315,TRACKING,Tracking AprilTag,Walk,2,67.42929077148438,0.17974842110185732,-0.08250624315728695,1.2253981907342102,1.241256420286806,0.14564703678558483,-0.3492774044567742,-0.34220131487627975,-0.010146545592736339,0.9395718746905314,0.9396151352582498,0.004653782393502041,-0.34220131487627975,-0.0086477215429955,0.9999111283132363,-0.010146545592736339,0.34212368305297963,0.012493109492219948,0.9395718746905314,3.5136313788101736,-1.688897221344413,-0.5572481520144603,-6.086258946461198,-1.9590922319873798,3.6904243289968055,-1.507996592669071,-0.3428749502419697,3.6654841090777226,-1.5676452716261247,-0.02844312882600236,0.7113834044357457,0.0007934778427854735,0.702227890865144,0.5,-0.17974842110185732,0.1,0.7253981907342102,0.17974842110185732,0.14564703678558483,-0.3492774044567742,0.7746018092657898,False
1782605638.0157764,TRACKING,Tracking AprilTag,Walk,2,67.47368621826172,0.18190842995416306,-0.08243471841161269,1.1993361933372548,1.215850921921223,0.15052696244406513,-0.34515738398596607,-0.3383316641838868,-0.00880608241590587,0.9409857267371519,0.9410113124371365,0.005421704150843446,-0.3383316641838868,-0.008927261850105702,0.9999213753632552,-0.00880608241590587,0.3382573190061041,0.01130699852997276,0.9409857267371519,3.536530046157054,-1.7001477860119758,-0.5708458974656578,-6.1022241168000235,-1.952834674835409,3.7069904438291927,-1.5208554100588405,-0.33661739308999894,3.681839516191298,-1.580771047925166,-0.029663825179007442,0.7108331441043635,0.0052491542497832095,0.7027152660203965,0.5,-0.18190842995416306,0.1,0.6993361933372548,0.18190842995416306,0.15052696244406513,-0.34515738398596607,0.8006638066627452,False
1782605638.065842,TRACKING,Tracking AprilTag,Walk,2,67.34877014160156,0.18470576379080247,-0.08455994791659703,1.1869858125530117,1.2042432989937435,0.154371030060623,-0.33229186489416546,-0.3261741476288774,-0.014903305368518265,0.9451922116202969,0.9453096285720728,0.000362694782310546,-0.3261741476288774,-0.00552593746063512,0.9998736697724737,-0.014903305368518265,0.3261275366234979,0.01589065600348332,0.9451922116202969,3.541374980980216,-1.7155610960206882,-0.5845259852911178,-6.119056495142545,-1.9463417446711606,3.724426611050026,-1.5337571090254583,-0.3301244629257505,3.6990641658769614,-1.5939538096534331,-0.0308831155179881,0.7104947583891295,0.007201991365854933,0.7029875978976027,0.5,-0.18470576379080247,-0.1,0.6869858125530117,0.18470576379080247,0.154371030060623,-0.33229186489416546,0.8130141874469883,False
1782605638.1157892,TRACKING,Tracking AprilTag,Walk,2,67.08674621582031,0.18743535201364145,-0.08809493813338326,1.1495160169242404,1.1680238878013467,0.16163344109627364,-0.3399916470887561,-0.3334672565881774,-0.008469479857614516,0.9427236374964277,0.9427603057225493,0.00161081888490932,-0.3334672565881774,-0.004704310810727043,0.9999530675840429,-0.008469479857614516,0.33343796336608317,0.009553423040066886,0.9427236374964277,3.5821408560974826,-1.71735042042849,-0.5988933946036394,-6.1380911657352675,-1.9395588164371353,3.7440940072426176,-1.5472454247813494,-0.3233415346917252,3.7185102380600474,-1.6077592944901629,-0.03369221902115588,0.7110767239066413,0.010620373387103484,0.7022264127507217,0.4871370126931803,-0.18743535201364145,-0.1,0.6495160169242404,0.18743535201364145,0.16163344109627364,-0.3399916470887561,0.8504839830757596,False
1782605638.165805,TRACKING,Tracking AprilTag,Walk,2,67.47160339355469,0.1898302979401226,-0.0874527027893587,1.1337857599617223,1.1528892690684478,0.1658917583427272,-0.33209707919274073,-0.32591439188610444,-0.026191842280612675,0.9450363995949882,0.9453992559913957,0.00023650037250913438,-0.32591439188610444,-0.009279367785934921,0.9996138658159164,-0.026191842280612675,0.3257823508178563,0.027786027714175692,0.9450363995949882,3.592632891635227,-1.728077334224579,-0.6129488436348716,-6.156750842780132,-1.9352798457645275,3.76337263197626,-1.5604391287066157,-0.31906256401911737,3.737572367578056,-1.6212639015976238,-0.03546199232328272,0.7125357975593846,0.01214619014170957,0.7006337519431365,0.4753393199712917,-0.1898302979401226,-0.1,0.6337857599617223,0.1898302979401226,0.1658917583427272,-0.33209707919274073,0.8662142400382777,False
1782605638.2158494,TRACKING,Tracking AprilTag,Walk,2,67.38130950927734,0.1891740440337417,-0.08317823673623695,1.102726385400606,1.1219228668056085,0.16989740744505286,-0.314499064105335,-0.3093129132954924,-0.013268427418586694,0.9508677460627702,0.950960308780461,0.00011310537270302823,-0.3093129132954924,-0.004434664837817176,0.9999021365021749,-0.013268427418586694,0.3092811421214464,0.013989446935484652,0.9508677460627702,3.6131192514766153,-1.7564270543836633,-0.6294515342476039,-6.179655222820447,-1.934137816059205,3.7870026997461497,-1.575884818062587,-0.31792053431379497,3.760948847847244,-1.6370907646069197,-0.033447027702360445,0.7134348664468819,0.014953506910726843,0.6997630886999316,0.4520447890504545,-0.1891740440337417,-0.1,0.602726385400606,0.1891740440337417,0.16989740744505286,-0.314499064105335,0.897273614599394,False
1782605638.2658458,TRACKING,Tracking AprilTag,Walk,2,67.3637466430664,0.186442081442298,-0.08152295917908614,1.086689241101218,1.1055768400843935,0.16991459645668475,-0.31624156209091137,-0.3109798944402347,-0.01039730386135331,0.9503596168432006,0.9504110900227853,-0.003203937521455517,-0.3109798944402347,-3.113191909268629e-05,0.9999459460906966,-0.01039730386135331,0.3109963970731889,0.009891394297080079,0.9503596168432006,3.6285576327831066,-1.7625971167959915,-0.6434179183545446,-6.2040291472208065,-1.934674544270701,3.8119856343989613,-1.5887300915836289,-0.31845726252529083,3.7857201875960285,-1.6503394929514557,-0.031249924272108418,0.7129499324658172,0.016845662302933443,0.7003156857386171,0.4400169308259134,-0.186442081442298,-0.1,0.5866892411012179,0.186442081442298,0.16991459645668475,-0.31624156209091137,0.9133107588987821,False
1782605638.3158062,TRACKING,Tracking AprilTag,Walk,2,66.70700073242188,0.18009520552999111,-0.0773247145965455,1.048802370695932,1.0669582031737392,0.1700566106628584,-0.31774207563220475,-0.31238609588266475,-0.015256697817088214,0.9498327012010613,0.9498939875568576,-0.010786079107768205,-0.31238609588266475,0.006336103805493422,0.9998635341686805,-0.015256697817088214,0.31250802580397585,0.012512934795518548,0.9498327012010613,3.663172618380556,-1.7794015925762694,-0.6557673572488829,-6.227147383309516,-1.930891860579644,3.8356407578543203,-1.6000171024886496,-0.3146745788342338,3.8091891608358166,-1.6620086307057393,-0.03363010687523789,0.7138005442938422,0.01696764012943037,0.6993353259101193,0.41160177802194897,-0.18009520552999111,-0.1,0.548802370695932,0.18009520552999111,0.1700566106628584,-0.31774207563220475,0.951197629304068,False
1782605638.3658438,TRACKING,Tracking AprilTag,Walk,2,66.20145416259766,0.18013781528162798,-0.07408398291217902,1.030257326864058,1.0485076197031877,0.17309759745074327,-0.32987853866091094,-0.32392690682263825,-0.0027350930988476077,0.946078156550535,0.9460646781328456,-0.005743154683027483,-0.32392690682263825,0.005133990705865452,0.9999830805594526,-0.0027350930988476077,0.3239371342233357,0.00092453724321746,0.946078156550535,3.6875394999394318,-1.7739780293247682,-0.6657044440092209,-6.247524229578599,-1.9282447051459373,3.8564477851680183,-1.609018722982947,-0.31202742340052714,3.8298474742496174,-1.6713464914914598,-0.03479140587142706,0.7126134448226508,0.01782296581483632,0.7004669715447315,0.3976929951480435,-0.18013781528162798,0.1,0.530257326864058,0.18013781528162798,0.17309759745074327,-0.32987853866091094,0.969742673135942,False
1782605638.41582,TRACKING,Tracking AprilTag,Walk,2,65.77877044677734,0.18299906761975307,-0.08155617593485996,1.0111412533360435,1.0307990603317418,0.17904462841414623,-0.2887690888059661,-0.2847205530267789,-0.019098891254952097,0.958420283089291,0.9585769350748886,-0.008029086284115918,-0.2847205530267789,0.0027016564791908448,0.9998139493951362,-0.019098891254952097,0.2848209272414881,0.017538539515656978,0.958420283089291,3.6857426282329255,-1.8145478364027425,-0.6739692145024341,-6.266344081345834,-1.9284040644679439,3.87562349170599,-1.616420447823534,-0.31218678272253375,3.848900626643971,-1.6790582121609163,-0.03643897937464136,0.7111399475610495,0.015991645889708604,0.7019233882887365,0.38335594000203266,-0.18299906761975307,-0.1,0.5111412533360435,0.18299906761975307,0.17904462841414623,-0.2887690888059661,0.9888587466639565,False
1782605638.4658349,TRACKING,Tracking AprilTag,Walk,2,65.80982971191406,0.18008787329504466,-0.08631320369582172,0.9954115336182525,1.0152466362911083,0.17898199513581872,-0.2898902690595475,-0.2858249234806335,-0.012449026986401606,0.9582009887515155,0.9582739997573122,-0.0038800137129740555,-0.2858249234806335,0.0003354683924990142,0.9999224515871465,-0.012449026986401606,0.28585106060688403,0.011833693655729583,0.9582009887515155,3.7006645487391543,-1.82067633661023,-0.6828779891933742,-6.285148070866022,-1.9298831722809069,3.894812593585326,-1.6244662328960882,-0.31366589053549676,3.8679567280031186,-1.6874141255974686,-0.036682059692421165,0.7102037380715684,0.015014620107047598,0.7028795331413014,0.3715586502136894,-0.18008787329504466,-0.1,0.4954115336182525,0.18008787329504466,0.17898199513581872,-0.2898902690595475,1.0,False
1782605638.5158484,TRACKING,Tracking AprilTag,Walk,2,65.89141845703125,0.17736372088759436,-0.0917454607594412,0.9834610919541509,1.0035291916255877,0.17842849942129585,-0.28741456958634337,-0.2833894092072691,-0.024398993724364725,0.9586944934933096,0.9590047319954756,-0.000605606671762445,-0.2833894092072691,-0.00657869865774692,0.9996806539236462,-0.024398993724364725,0.28331368610474233,0.025263083963565237,0.9586944934933096,3.7094375272884372,-1.8284195650907096,-0.6949774499154522,-6.305163398688757,-1.9332636813990696,3.9153566586287027,-1.635644412046119,-0.31704639965365944,3.8883168168455793,-1.69892399440401,-0.03619356545494059,0.7097112632547203,0.013915907122641576,0.7034246911773867,0.36259581896561316,-0.17736372088759436,-0.1,0.4834610919541509,0.17736372088759436,0.17842849942129585,-0.28741456958634337,1.0,False
1782605638.5658941,TRACKING,Tracking AprilTag,Walk,2,65.8928451538086,0.16561906250042793,-0.09684966820341655,0.9435851151997233,0.962892725967492,0.17375120135637812,-0.32127503109783506,-0.31558247068473766,-0.03506018373973338,0.9482502242091234,0.9488971440419843,-0.0013835553774255568,-0.31558247068473766,-0.01020315717031891,0.9993331171836015,-0.03506018373973338,0.3154205218636281,0.03648844576881416,0.9482502242091234,3.758453335240599,-1.8219652136618345,-0.7099655880688824,-6.326320941715935,-1.9374487325772276,3.9371729222256087,-1.649656426709383,-0.3212314508318175,3.909902981117881,-1.7132879570975843,-0.034423400713196765,0.7101352257057525,0.012267914083958421,0.7031162698865723,0.3326888363997925,-0.16561906250042793,0.1,0.4435851151997233,0.16561906250042793,0.17375120135637812,-0.32127503109783506,1.0,False
1782605638.6159096,TRACKING,Tracking AprilTag,Walk,2,65.9001235961914,0.15125667121442285,-0.10029323007778382,0.9161319093143044,0.9339352160884481,0.16362746597892838,-0.32723493220221417,-0.32127637058292874,-0.030501341526302468,0.9464941425440289,0.9469839723306387,-0.0016881510432199404,-0.32127637058292874,-0.008566202721929369,0.9994980181751351,-0.030501341526302468,0.32116658655565483,0.03163640008017045,0.9464941425440289,3.7825556127681863,-1.8394251241528266,-0.7262512280850185,-6.347716769251941,-1.9425961009901271,3.959286138087331,-1.6649537856624357,-0.326378819244717,3.931765214395969,-1.7289419106806294,-0.03277643154330474,0.7105222338838185,0.010559260068885887,0.7028316745272889,0.31209893198572836,-0.15125667121442285,0.1,0.41613190931430444,0.15125667121442285,0.16362746597892838,-0.32723493220221417,1.0,False
1782605638.6657758,TRACKING,Tracking AprilTag,Walk,2,65.52362060546875,0.1414075347517816,-0.09896778040508984,0.8914062683645774,0.9079624704372683,0.15732328675526117,-0.3478463027269368,-0.34072766549166067,-0.029287386870713698,0.9397057555101428,0.9401602640102251,-0.0018264569052811076,-0.34072766549166067,-0.008672370625550426,0.9995334106261873,-0.029287386870713698,0.34062217773356585,0.030489753970062042,0.9397057555101428,3.8117382947716227,-1.840317057528426,-0.7405709092706216,-6.367417883014383,-1.949063547470042,3.9796171229988757,-1.678364162438072,-0.33284626572463183,3.9518760519583096,-1.7426802280914018,-0.029723709736698932,0.7128807591881797,0.007690323258365638,0.7006128625617394,0.293554701273433,-0.1414075347517816,0.1,0.39140626836457737,0.1414075347517816,0.15732328675526117,-0.3478463027269368,1.0,False
1782605638.7158077,TRACKING,Tracking AprilTag,Walk,2,65.05095672607422,0.12189391438879724,-0.08712218744044577,0.8646245268435887,0.8775100992746074,0.14005600758555206,-0.373260648506097,-0.3644909556091534,-0.029854313969881734,0.9307282434827654,0.931204374082401,-0.002181047667990709,-0.3644909556091534,-0.009344508520220233,0.999510580283122,-0.029854313969881734,0.3643776802307181,0.031206456594216146,0.9307282434827654,3.8414650769880354,-1.8483582965486705,-0.7537426323176295,-6.384336676050617,-1.9558309717127813,3.9971165333142378,-1.6907540972419604,-0.3396136899673712,3.9691722356141903,-1.755352318557148,-0.02789285708237532,0.7144721772566421,0.004760706460449179,0.6990914333074987,0.2734683951326915,-0.12189391438879724,0.1,0.3646245268435887,0.12189391438879724,0.14005600758555206,-0.373260648506097,1.0,False
1782605638.7658272,TRACKING,Tracking AprilTag,Walk,2,65.24050903320312,0.11208054129759397,-0.08168940048117326,0.8515069475273311,0.8627278177825543,0.13087374904567392,-0.37204218006592504,-0.36339815717348695,-0.025745936214666223,0.9312781142770102,0.9316317596273823,-0.0020109242902535134,-0.36339815717348695,-0.007884907879457713,0.9996374217665938,-0.025745936214666223,0.36331817004014527,0.02685109285180148,0.9312781142770102,3.8500326518518837,-1.8632978581677302,-0.7667244705299886,-6.397956906259331,-1.960631896100119,4.011312161003592,-1.7031041154126145,-0.3444146143547089,3.983165718417438,-1.7679309207587228,-0.025757232371063827,0.714305427579526,0.0034180213572975694,0.6993515841413491,0.26363021064549835,-0.11208054129759397,0.1,0.35150694752733114,0.11208054129759397,0.13087374904567392,-0.37204218006592504,1.0,False
1782605638.8158216,TRACKING,Tracking AprilTag,Walk,2,65.53506469726562,0.09617318339612896,-0.08159866927349468,0.8307146908509216,0.8402348014854496,0.11525850593193625,-0.36249624863558316,-0.354545779674564,-0.01893638363270614,0.934846887725402,0.9350380751743198,-0.0010431151703177506,-0.354545779674564,-0.006064893086064987,0.9998022956798857,-0.01893638363270614,0.3544954372712823,0.019856521950529823,0.934846887725402,3.86021867493341,-1.8928349952323633,-0.7791849929848519,-6.410165728423713,-1.9636679918661224,4.024074165791673,-1.7149974409474937,-0.34745071012071227,3.995733172949546,-1.7800296415618906,-0.02441428423782912,0.7141178139565018,0.0034179997932960765,0.6995913148349934,0.24803601813819123,-0.1,0.1,0.33071469085092164,0.09617318339612896,0.11525850593193625,-0.36249624863558316,1.0,False
1782605638.8658178,TRACKING,Tracking AprilTag,Walk,2,65.03623962402344,0.08958294636227185,-0.08295035031433194,0.8212102286518872,0.8302361739521478,0.10865685469662682,-0.3612733828160802,-0.35332371955312725,-0.02834102126186005,0.9350717275776109,0.935478350552898,-0.006527238924111399,-0.35332371955312725,-0.003729625006761131,0.9995913547100854,-0.02834102126186005,0.35336432409644625,0.02783017680295665,0.9350717275776109,3.865767821829152,-1.9034322160440618,-0.7912974674002979,-6.422664054424209,-1.9654611537826936,4.037109572595697,-1.7265299323840024,-0.34924387203728346,4.008579845129946,-1.7917720094308047,-0.022094390666026933,0.7135511637472952,0.0035399852448330443,0.7002457019649917,0.2409076714889154,-0.1,0.1,0.3212102286518872,0.08958294636227185,0.10865685469662682,-0.3612733828160802,1.0,False
1782605638.915819,TRACKING,Tracking AprilTag,Walk,2,64.4188003540039,0.08316847738092531,-0.08428060957982257,0.8091530446383794,0.8177706686037151,0.10242492184407216,-0.36309646689526154,-0.355047252810598,-0.026343344124739775,0.9344771139476733,0.9348232143603905,-0.006856104182014285,-0.355047252810598,-0.0026736944907671855,0.999649378321267,-0.026343344124739775,0.35510337825860994,0.025575657515492862,0.9344771139476733,3.8754513536094963,-1.9124317233571206,-0.803628507047484,-6.436260151711326,-1.9647300537545636,4.051251542523673,-1.7382309189568284,-0.3485127720091534,4.022530202462742,-1.8037007952243578,-0.021911265656976275,0.7138556075877284,0.003784118302876125,0.6999398176997323,0.2318647834787846,-0.1,0.1,0.30915304463837945,0.08316847738092531,0.10242492184407216,-0.36309646689526154,1.0,False
1782605638.9658186,TRACKING,Tracking AprilTag,Walk,2,63.943092346191406,0.07364970693866553,-0.08406387358854787,0.7840899338135069,0.7920151756642875,0.09365538622523267,-0.3606282314732588,-0.3527828225987159,-0.021199582101538713,0.9354650489451773,0.9356700396387703,-0.008115232693215998,-0.3527828225987159,0.0006781863262071905,0.9997750335860698,-0.021199582101538713,0.3528754978539726,0.01959656133886487,0.9354650489451773,3.8948706273028604,-1.9322072355342872,-0.8161854534502693,-6.449684132503192,-1.961727186618406,4.065231830842261,-1.7501653943031499,-0.34550990487299593,4.036315112999851,-1.815860417124183,-0.022400477434962575,0.7154724700071697,0.005493305093042593,0.6982601140489696,0.21306745036013017,-0.1,0.1,0.2840899338135069,0.07364970693866553,0.09365538622523267,-0.3606282314732588,1.0,False
1782605639.0160797,TRACKING,Tracking AprilTag,Walk,2,63.55425262451172,0.07075141129596639,-0.08259326994064535,0.7729093956262044,0.7805231221989031,0.09128467212466422,-0.36127430412743206,-0.353437223950296,-0.012884367569542548,0.9353695108344302,0.9354408515565275,-0.005704556556555629,-0.353437223950296,0.0012296486921583977,0.9999162370100941,-0.012884367569542548,0.35348111859516973,0.011617960150829611,0.9353695108344302,3.9050375286393373,-1.9384665933532672,-0.8272628801899684,-6.463564276626783,-1.957464657775902,4.079600633934955,-1.760601163644623,-0.34124737603049193,4.050512791480789,-1.8265278305790467,-0.021728214272928332,0.715139007404217,0.007995494577959584,0.6985987094604991,0.20468204671965332,-0.1,0.1,0.2729093956262044,0.07075141129596639,0.09128467212466422,-0.36127430412743206,1.0,False
1782605639.065907,TRACKING,Tracking AprilTag,Walk,2,63.35974884033203,0.07000707038509622,-0.08537208125935428,0.7546898230956425,0.7627228272751444,0.09249799972069817,-0.34051088287530706,-0.33395239232160506,-0.009877883859277382,0.9425381833502234,0.9425163942628194,-0.011774812460941083,-0.33395239232160506,0.008991906186197555,0.9999107825369228,-0.009877883859277382,0.3340389081663275,0.006307198895580909,0.9425381833502234,3.915096302046324,-1.960461611877089,-0.8363605877443292,-6.477629516671526,-1.951207251422937,4.094064452228911,-1.7690508512495218,-0.33498996967752687,4.0648376806175355,-1.8352109643152532,-0.02368119697412836,0.7156238003135439,0.011779564474244261,0.6979849706085874,0.19101736732173186,-0.1,0.1,0.2546898230956425,0.07000707038509622,0.09249799972069817,-0.34051088287530706,1.0,False
1782605639.115807,TRACKING,Tracking AprilTag,Walk,2,63.2601203918457,0.07077143958777762,-0.08402395032888266,0.7394133872762493,0.7475297841380861,0.09542227567286145,-0.35056177028846447,-0.34341119814303644,-0.009115036338128433,0.9391409186605165,0.9391138297270103,-0.011574273429984922,-0.34341119814303644,0.008990517427419558,0.9999180399957498,-0.009115036338128433,0.3434885520826788,0.00547261232192466,0.9391409186605165,3.933018686900618,-1.958084198300083,-0.8433587577237922,-6.490207727733383,-1.9440063586241787,4.1069474449786245,-1.7754706857013507,-0.32778907687876857,4.077614869873646,-1.841838875848428,-0.025268347551037056,0.7166078951611741,0.013183485678801943,0.6968937012988916,0.17956004045718696,-0.1,0.1,0.23941338727624928,0.07077143958777762,0.09542227567286145,-0.35056177028846447,1.0,False
1782605639.1658528,TRACKING,Tracking AprilTag,Walk,2,63.18198776245117,0.0770341833349283,-0.07317599591679684,0.7200196895578196,0.7278168348777274,0.10658355476339679,-0.34598715935309826,-0.3391247842130562,-0.002059968602594106,0.9407391441105256,0.9406899156934851,-0.009841912671423377,-0.3391247842130562,0.009719292575293519,0.9999506447226244,-0.002059968602594106,0.33912832064635906,-0.0013582613061944968,0.9407391441105256,3.952643352036301,-1.9618262994922118,-0.8483391802302561,-6.500489972715461,-1.9390551281071415,4.117445223095204,-1.7799791028104284,-0.3228378463617314,4.088038155285181,-1.8465169407735893,-0.028992186322282038,0.7151609413435339,0.015198009251048899,0.6981928828222825,0.1650147671683647,-0.1,0.1,0.2200196895578196,0.0770341833349283,0.10658355476339679,-0.34598715935309826,1.0,False
1782605639.215915,TRACKING,Tracking AprilTag,Walk,2,63.20404815673828,0.0807708764484128,-0.07541771484716865,0.7162841779506985,0.7247584354648945,0.11228938978016566,-0.32202208027690826,-0.31648532012478864,-0.00040767165699968455,0.948597320230945,0.948551955310574,-0.009286022937554976,-0.31648532012478864,0.009653205977260288,0.9999533236197481,-0.00040767165699968455,0.3164743333840003,-0.002668400236571995,0.948597320230945,3.9500180640965126,-1.9751928560109877,-0.8527266007726254,-6.510570960096548,-1.935803342591309,4.127715025723558,-1.7839042677200718,-0.31958606084589897,4.098242953689153,-1.8506081331581576,-0.030456230165826638,0.7139819248092986,0.015319666876998969,0.6993336377555944,0.1622131334630239,-0.1,0.1,0.21628417795069854,0.0807708764484128,0.11228938978016566,-0.32202208027690826,1.0,False
1782605639.265924,TRACKING,Tracking AprilTag,Walk,2,63.574668884277344,0.08368349958553388,-0.08274863930810558,0.6992220119582674,0.7090568999856023,0.1191143156164891,-0.3131778604386006,-0.3080810265313148,-0.003986144997914547,0.951351770765928,0.9513341123123445,-0.007034759576182524,-0.3080810265313148,0.0061035517728675855,0.9999734282988781,-0.003986144997914547,0.3081008818660526,0.0019117672174672534,0.951351770765928,3.9641060503875627,-1.9832368028253808,-0.8571816303149477,-6.519775711524561,-1.9323886925529516,4.137112565918058,-1.7879367576911969,-0.3161714108075415,4.107573863890789,-1.8547924911595124,-0.03332539289265876,0.7122844964419922,0.015319915047724082,0.7009318900719655,0.14941650896870054,-0.1,0.1,0.1992220119582674,0.08368349958553388,0.1191143156164891,-0.3131778604386006,1.0,False
1782605639.3158238,TRACKING,Tracking AprilTag,Walk,2,63.13501739501953,0.0845654129105103,-0.08530732555626427,0.6902173442744935,0.7005916294044786,0.12191238470117037,-0.31672368193895134,-0.31143971863222886,-0.009867147233804078,0.9502146815660892,0.950250043130133,-0.005491556196421057,-0.31143971863222886,0.0025448559936982413,0.9999480802088865,-0.009867147233804078,0.3114777347406258,0.008583687849856777,0.9502146815660892,3.9735470065268204,-1.9826407716245378,-0.8630081419033677,-6.529086019794465,-1.9288800066627962,4.146677826694976,-1.7933345223804176,-0.31266272491738617,4.1170503321918215,-1.860344664239501,-0.03466802964355921,0.7117932424351892,0.015747097971898372,0.7013562123840472,0.14266300820587016,-0.1,0.1,0.19021734427449355,0.0845654129105103,0.12191238470117037,-0.31672368193895134,1.0,False
1782605639.365938,TRACKING,Tracking AprilTag,Walk,2,62.344505310058594,0.08597048609273834,-0.08783041484748107,0.6725163399183453,0.6836543963937258,0.1271444616098055,-0.31787248934468965,-0.3125285555876236,-0.010668242554252454,0.9498484566198533,0.9499029460902145,-0.00320857467495662,-0.3125285555876236,-0.00013236971334107872,0.9999430839198112,-0.010668242554252454,0.3125449975401784,0.010175164347203437,0.9498484566198533,3.9910132595472843,-1.985905274381007,-0.8696013061003346,-6.5378642352928,-1.9251833341840912,4.155746353597929,-1.7995223088403542,-0.308966052438681,4.126017320291632,-1.8666786997526008,-0.037781153134745116,0.7114331517586253,0.016418627129638833,0.7015453540076905,0.12938725493875894,-0.1,0.1,0.17251633991834525,0.08597048609273834,0.1271444616098055,-0.31787248934468965,1.0,False
1782605639.4159,TRACKING,Tracking AprilTag,Walk,2,62.348175048828125,0.08673020902152692,-0.08883603217054703,0.6660857584906971,0.6775575307181313,0.12948030148970688,-0.31732042439014707,-0.3119955627525837,-0.012989286346869501,0.9499947617028726,0.9500809556826523,-0.002224066509057374,-0.3119955627525837,-0.001924809602555567,0.9999137830574159,-0.012989286346869501,0.311997552485804,0.012941405641210303,0.9499947617028726,3.997015851625697,-1.987381572648409,-0.8774363077428984,-6.5470641348145096,-1.9215979724937804,4.165292515668659,-1.8069315052656016,-0.30538069074837026,4.135442073352178,-1.8742417303420054,-0.039184551189933144,0.7111812935593473,0.016540519271763057,0.7017208489574165,0.1245643188680228,-0.1,0.1,0.16608575849069707,0.08673020902152692,0.12948030148970688,-0.31732042439014707,1.0,False
1782605639.4659166,TRACKING,Tracking AprilTag,Walk,2,62.08061981201172,0.08635167262153613,-0.09181143878268665,0.6500646934219768,0.6621707161221286,0.13206236898299614,-0.3099850870705796,-0.3050022811805258,-0.016623919831288875,0.9522065184423588,0.9523496903301597,0.0019172383066164522,-0.3050022811805258,-0.007336858825314109,0.9998348942660584,-0.016623919831288875,0.304920051539131,0.018069543581821636,0.9522065184423588,4.00971244225623,-1.9966409982977043,-0.8843763847885556,-6.55477151217834,-1.9194333936644605,4.173307060546008,-1.8135144685525353,-0.3032161119190504,4.143348809511243,-1.880953798468827,-0.04125956419659073,0.7117274823911901,0.01660148145188266,0.7010463821923686,0.11254852006648261,-0.1,0.1,0.1500646934219768,0.08635167262153613,0.13206236898299614,-0.3099850870705796,1.0,False
1782605639.5158226,TRACKING,Tracking AprilTag,Walk,2,62.27813720703125,0.08542729596963378,-0.09040658664866374,0.6433086357603269,0.6552229961241889,0.13202122936864097,-0.3076060276441005,-0.3026882815508587,-0.024329305172406078,0.9527790347827853,0.9530893540544974,0.0006981402215963362,-0.3026882815508587,-0.008458917441324522,0.9996682107707281,-0.024329305172406078,0.3025708675727089,0.02574841693545836,0.9527790347827853,4.014760012821734,-2.0009259871155627,-0.8907532504350263,-6.561575349581175,-1.916744477850602,4.180393424527711,-1.8195758268488382,-0.30052719610519185,4.150335945611051,-1.8871292780453537,-0.042540818340714,0.7118415556782601,0.016540260789574594,0.7008554046003139,0.1074814768202452,-0.1,0.1,0.14330863576032693,0.08542729596963378,0.13202122936864097,-0.3076060276441005,1.0,False
1782605639.565806,TRACKING,Tracking AprilTag,Walk,2,62.1174201965332,0.08296435594072042,-0.08501878070821663,0.6309017373049509,0.6419877565531726,0.13075100286127098,-0.30970588716276426,-0.3047504291744447,-0.013579075952837005,0.9523354370253472,0.9524146705882506,0.005785427059946338,-0.3047504291744447,-0.01041858041739541,0.9998535202110124,-0.013579075952837005,0.30462722864241876,0.016107978004103806,0.9523354370253472,4.027315023600348,-2.0056661527997948,-0.895891933438379,-6.566888967057205,-1.9127324460912964,4.185934885424793,-1.8244679434476767,-0.2965151643458863,4.155797343176621,-1.8921106162512276,-0.04510452058001059,0.7111133549089356,0.0175779457740772,0.7014088640128305,0.1,-0.1,0.1,0.13090173730495092,0.08296435594072042,0.13075100286127098,-0.30970588716276426,1.0,False
1782605639.6158319,TRACKING,Tracking AprilTag,Walk,2,62.19535446166992,0.08279868513122311,-0.08400357500733581,0.6264314762894178,0.6374391087465624,0.13141342397241162,-0.30463140200588257,-0.29993113519906167,-0.008340821784414813,0.9539243915689349,0.9539456286078078,0.005389972008870991,-0.29993113519906167,-0.008272245292984955,0.9999309979442448,-0.008340821784414813,0.299865482538199,0.010437794401609357,0.9539243915689349,4.03052150595792,-2.010238039403331,-0.9009301140518241,-6.570466455654784,-1.9073437484207714,4.189737444662241,-1.8293384908301786,-0.29112646667536124,4.159520417534917,-1.897042188605163,-0.04632389269744742,0.7112151799780695,0.01837087180755161,0.7012058013188055,0.1,-0.1,0.1,0.12643147628941775,0.08279868513122311,0.13141342397241162,-0.30463140200588257,1.0,False
1782605639.6658328,TRACKING,Tracking AprilTag,Walk,2,62.1097412109375,0.08414953541672124,-0.0849161441463257,0.618087713284236,0.6295429430630332,0.13531303677054807,-0.29999265143615095,-0.2955030614010066,-0.008277863139814825,0.9553059288439864,0.9553133373374405,0.007373480035544846,-0.2955030614010066,-0.010278273545450824,0.9999129132453303,-0.008277863139814825,0.2954162903397958,0.01094521436071678,0.9553059288439864,4.037644214161503,-2.0139094316590285,-0.9056308242572204,-6.572655889217624,-1.9012434043398874,4.192138057483174,-1.8339349409653574,-0.28502612259447724,4.161846174823019,-1.901676964629746,-0.04986743632730251,0.7115723044108846,0.02105785254947291,0.7005245614791321,0.1,-0.1,0.1,0.11808771328423595,0.08414953541672124,0.13531303677054807,-0.29999265143615095,1.0,False
1782605639.715832,TRACKING,Tracking AprilTag,Walk,2,62.08502197265625,0.08557767843691634,-0.0843309394881837,0.6150260893673916,0.6266516871469817,0.13825707687441893,-0.29613905072614377,-0.2918243812293525,-0.00592716937161749,0.9564535530716302,0.9564196528659934,0.009998906530118461,-0.2918243812293525,-0.01226205634825931,0.9999072510174892,-0.00592716937161749,0.2917380496023867,0.00924722827931058,0.9564535530716302,4.040167186534358,-2.015456333037338,-0.9109065517973355,-6.575294047343454,-1.8950698763295055,4.195013040930038,-1.8390854408978556,-0.2788525945840954,4.164637255425461,-1.9068734103809384,-0.051085587193100294,0.7116582397509551,0.02246056880174541,0.7003058870413773,0.1,-0.1,0.1,0.11502608936739156,0.08557767843691634,0.13825707687441893,-0.29613905072614377,1.0,False
1782605639.7659185,TRACKING,Tracking AprilTag,Walk,2,61.32844924926758,0.08835845920312861,-0.08224385372500008,0.6090376650037864,0.6208849701688345,0.14407360721206555,-0.28630408459841733,-0.2824036450794652,-0.005978341643071615,0.9592770406285298,0.9592488223848649,0.009480400786956365,-0.2824036450794652,-0.011642333084292772,0.9999143540881654,-0.005978341643071615,0.28232278128695926,0.009022554481164378,0.9592770406285298,4.044203503631818,-2.020100844827408,-0.9165143065370304,-6.578045150728119,-1.8893241110014594,4.19801592895667,-1.844562497274524,-0.27310682925604923,4.16755092807781,-1.9123984438404433,-0.053895472916402745,0.7122381352904911,0.024964041248934,0.6994204123998404,0.1,-0.1,0.1,0.10903766500378642,0.08835845920312861,0.14407360721206555,-0.28630408459841733,1.0,False
1782605639.815852,TRACKING,Tracking AprilTag,Walk,2,60.92097091674805,0.0895557100315764,-0.08074146247652965,0.6039677694838902,0.6158867392122144,0.14720635105428964,-0.2756127594998896,-0.2721328164793371,-0.005287823543435174,0.9622451710022747,0.9622389823439284,0.006314352915745252,-0.2721328164793371,-0.008057301899844953,0.9999535583257195,-0.005287823543435174,0.27208678899170374,0.007280806204478447,0.9622451710022747,4.046759850853599,-2.0266048332188014,-0.9219125552307772,-6.580703371703239,-1.885146313440088,4.200916517675415,-1.8498344810374718,-0.26892903169467797,4.1703656405024185,-1.9177167726831201,-0.05419850592849075,0.7119657338466718,0.027587527792429976,0.6995757600814876,0.1,-0.1,0.1,0.1039677694838902,0.0895557100315764,0.14720635105428964,-0.2756127594998896,1.0,False
1782605639.865898,TRACKING,Tracking AprilTag,Walk,2,60.760475158691406,0.08980477154995832,-0.08216647964168561,0.6038127339755308,0.6159594508414112,0.14764718279570752,-0.2609959094623943,-0.2580400680868503,-0.0046527477336877,0.9661230124576582,0.9661251820476245,0.004178022879050652,-0.2580400680868503,-0.00556709249770438,0.9999736793634364,-0.0046527477336877,0.2580138370215176,0.005931669678384134,0.9661230124576582,4.043361364263371,-2.0347537886441924,-0.9256724906190522,-6.584270678638012,-1.8807596561074598,4.204650866593383,-1.8534285638202912,-0.26454237436204964,4.17404121371995,-1.9213709421391598,-0.05438159420058354,0.7106227848231136,0.030700271473505635,0.7007962565781147,0.1,-0.1,-0.1,0.10381273397553081,0.08980477154995832,0.14764718279570752,-0.2609959094623943,1.0,False
1782605639.9159226,TRACKING,Tracking AprilTag,Walk,2,60.41538619995117,0.09104936397779909,-0.0850282718022474,0.600891636809965,0.6136697425118804,0.15037984950033664,-0.25661142052795216,-0.253802700035084,0.00365244241082542,0.9672491143026892,0.9672527846207316,0.0024980188833849354,-0.253802700035084,-0.001624186774774421,0.9999920108089645,0.00365244241082542,0.2538097962269408,-0.003120612103738723,0.9672491143026892,4.045945784733429,-2.037064879305645,-0.928789429884442,-6.588293035969223,-1.8748926033018176,4.208810601132797,-1.8563596519195629,-0.2586753215564075,4.178152868291949,-1.9243691025025562,-0.05572489297150239,0.7108738537120355,0.032043339331915395,0.7003758453975794,0.1,-0.1,-0.1,0.10089163680996505,0.09104936397779909,0.15037984950033664,-0.25661142052795216,1.0,False
1782605639.9658012,TRACKING,Tracking AprilTag,Walk,2,60.576210021972656,0.09406899885734459,-0.08236382740901749,0.5901174383961874,0.6032175127686227,0.15807725579696752,-0.2689173236040827,-0.2656724915239657,-0.010744684154590569,0.9640034642105113,0.9640619226503987,0.0016542500007758303,-0.2656724915239657,-0.0046767778290216794,0.9999313373985016,-0.010744684154590569,0.26563647536578,0.01160103208248609,0.9640034642105113,4.059218513572081,-2.0299299372746726,-0.931067127552202,-6.5921028675703495,-1.8689489532595904,4.212719923082324,-1.858462013779376,-0.2527316715141803,4.182027582515923,-1.9265345847068667,-0.05853463302677947,0.7112659840052775,0.034974290640609626,0.6996078871250743,0.1,-0.1,-0.1,0.09011743839618735,0.09406899885734459,0.15807725579696752,-0.2689173236040827,1.0,False
1782605640.015896,TRACKING,Tracking AprilTag,Walk,2,60.666168212890625,0.0968549718585168,-0.07959554826505684,0.5872839250288537,0.6005153998646707,0.16344891537141748,-0.2647893443096133,-0.2616915742083553,-0.01048505728666964,0.9650945982451917,0.9651507404236255,0.001252297121443358,-0.2616915742083553,-0.0041403570740176495,0.9999364584897357,-0.01048505728666964,0.26166181552344836,0.01120315736409771,0.9650945982451917,4.061768579038533,-2.0302762544818744,-0.9328866883795929,-6.595990267701934,-1.862804559426853,4.2166859317032035,-1.8601031892747848,-0.24658727768144284,4.185966454937577,-1.9282398604715312,-0.0603034592057782,0.7108850094835006,0.03631635448121258,0.6997764775245415,0.1,-0.1,-0.1,0.08728392502885374,0.0968549718585168,0.16344891537141748,-0.2647893443096133,1.0,False
1782605640.0659208,TRACKING,Tracking AprilTag,Walk,2,60.63954544067383,0.10322071578007544,-0.07618077747449134,0.5809603782054005,0.5949562908881046,0.17583762622043853,-0.2569904880199642,-0.25416879591175934,0.00419263675593956,0.967150787096717,0.9671548488498605,0.0031179369733680936,-0.25416879591175934,-0.002121961251813717,0.9999889594777926,0.00419263675593956,0.25417906213268093,-0.003515592631628193,0.967150787096717,4.068606772983396,-2.0301052688118504,-0.9340690230475504,-6.599618800986573,-1.8587842028937833,4.220364406990868,-1.8611195497535655,-0.2425669211483732,4.189627964355745,-1.9293157405045525,-0.06329486873226269,0.7087560421591459,0.03735434876002388,0.7016147696020825,0.1,-0.10322071578007544,-0.1,0.08096037820540047,0.10322071578007544,0.17583762622043853,-0.2569904880199642,1.0,False
1782605640.1159172,TRACKING,Tracking AprilTag,Walk,2,60.5941276550293,0.10639160410821714,-0.07856301232446378,0.5814033438798051,0.5962559589679858,0.18098859429895717,-0.23208781559415192,-0.2300098458936802,0.0003632359598674227,0.9731882340285475,0.97318671677638,0.0017564401428235073,-0.2300098458936802,-0.0017189811121640678,0.9999984565805957,0.0003632359598674227,0.23001012889424208,4.1886169504510185e-05,0.9731882340285475,4.062604831605544,-2.0403635846675816,-0.9349334443349311,-6.602611660531869,-1.857882898941066,4.22339342917923,-1.8618471877146132,-0.24166561719565596,4.192644788242505,-1.9300924039169898,-0.06396410685829429,0.7080606905181985,0.037231016396526255,0.7022624174728378,0.1,-0.10639160410821714,-0.1,0.08140334387980508,0.10639160410821714,0.18098859429895717,-0.23208781559415192,1.0,False
1782605640.165946,TRACKING,Tracking AprilTag,Walk,2,60.910789489746094,0.10767180309337858,-0.08255226329736166,0.5739657866578123,0.5897837040904211,0.18543751948866724,-0.23432601869241867,-0.23215803713992172,-0.015923690674066737,0.9725477272949926,0.9726758290674891,0.002092209170112539,-0.23215803713992172,-0.00595133490570235,0.9998554984037228,-0.015923690674066737,0.2320911742413161,0.016870239258282266,0.9725477272949926,4.069518995398433,-2.039321248560765,-0.9364140441617126,-6.605809175428285,-1.8593197742395369,4.226654873441917,-1.8631810762711467,-0.24310249249412674,4.195884172177126,-1.9314790073512793,-0.06372013295041558,0.7075132003459936,0.036498696843245707,0.7028745699779557,0.1,-0.10767180309337858,-0.1,0.07396578665781228,0.10767180309337858,0.18543751948866724,-0.23432601869241867,1.0,False
1782605640.2159288,TRACKING,Tracking AprilTag,Walk,2,60.667457580566406,0.10660395249687925,-0.0831373155180091,0.5705314303041966,0.5863295394950269,0.18472021369084,-0.2388629628674822,-0.23655907278267221,-0.018145182784001748,0.9714476606724304,0.9716143887766181,0.0022988271882000027,-0.23655907278267221,-0.006783353054465636,0.9998123516255806,-0.018145182784001748,0.23647297021769167,0.01923478438883977,0.9714476606724304,4.073529181002041,-2.0386960882825846,-0.9385738077704265,-6.60919498902971,-1.8624130598914141,4.230135259868596,-1.8651848783846587,-0.24619577814600402,4.199331605610502,-1.933538986795733,-0.06286490499041449,0.707504833639694,0.03594896023238266,0.7029883259025186,0.1,-0.10660395249687925,-0.1,0.07053143030419662,0.10660395249687925,0.18472021369084,-0.2388629628674822,1.0,False
1782605640.265824,TRACKING,Tracking AprilTag,Walk,2,60.648590087890625,0.10270722989902399,-0.08495754429277803,0.5671658676172142,0.5826179544056102,0.17914710054418118,-0.24284252551090243,-0.24042221362575814,-0.018353111355172064,0.9704948853543098,0.9706683838901959,0.0002184291318547433,-0.24042221362575814,-0.0047708214162873455,0.9998201851166031,-0.018353111355172064,0.24037497327926885,0.018961796384198648,0.9704948853543098,4.076712202263531,-2.0413253162803815,-0.9414639979880141,-6.612757483987205,-1.8666502443499182,4.233825310697954,-1.8679103315016212,-0.2504329626045081,4.202976972984001,-1.936323922437401,-0.06115698677449527,0.707028477840073,0.03363023923427834,0.70373259232528,0.1,-0.10270722989902399,-0.1,0.06716586761721421,0.10270722989902399,0.17914710054418118,-0.24284252551090243,1.0,False
1782605640.3159187,TRACKING,Tracking AprilTag,Walk,2,60.80134201049805,0.10018658883920241,-0.08704553252523305,0.5678749020702927,0.5831776587946261,0.17462672219007241,-0.2385893657165279,-0.23625027630492978,-0.02632619982526653,0.9713355435422943,0.9716883469152963,-0.0027501663337244856,-0.23625027630492978,-0.003571491207619565,0.9996470255311692,-0.02632619982526653,0.23623928741759426,0.026424627373395744,0.9713355435422943,4.073833206953601,-2.0459386011938925,-0.9454091365389993,-6.6162132892884555,-1.8719246140289492,4.23745668219244,-1.8716944892065346,-0.25570733228353903,4.206546499907097,-1.9401664718530771,-0.0599374322116318,0.7067978258764728,0.03271533978150167,0.7041122382824689,0.1,-0.10018658883920241,-0.1,0.06787490207029268,0.10018658883920241,0.17462672219007241,-0.2385893657165279,1.0,False
1782605640.365816,TRACKING,Tracking AprilTag,Walk,2,60.58776092529297,0.0903173625384462,-0.09040021542038343,0.5591806082121268,0.5735960054990245,0.16013437338244407,-0.270570013863887,-0.26710062754038555,-0.036707030762008715,0.9629692874958002,0.9636684783236743,-0.0005644934598784436,-0.26710062754038555,-0.00958875806138499,0.9992800656530066,-0.036707030762008715,0.2669290535033124,0.0379345717737341,0.9629692874958002,4.086450454290901,-2.04058337660719,-0.9493988405688698,-6.61905493622023,-1.8781859876256073,4.240476552242961,-1.8755510524964083,-0.2619687058801972,4.209503431610505,-1.944071500717531,-0.05749524291509574,0.7070938313921274,0.029419009644454507,0.7041641374856258,0.1,-0.1,-0.1,0.059180608212126784,0.0903173625384462,0.16013437338244407,-0.270570013863887,1.0,False
1782605640.4158776,TRACKING,Tracking AprilTag,Walk,2,60.74169158935547,0.08457100015745043,-0.0892108621901227,0.5567885819774699,0.5701967704405368,0.15073851529274346,-0.2783115744371649,-0.2745183257741995,-0.03948615403152285,0.9607708012080349,0.961581854398185,-0.0001615743741294664,-0.2745183257741995,-0.011104862734892171,0.9991584086937556,-0.03948615403152285,0.27429367348844763,0.041017657542619004,0.9607708012080349,4.0889294658583974,-2.0427057939941085,-0.9534199257686782,-6.621735347119462,-1.8842925049153467,4.24333677742506,-1.8794462855678082,-0.26807522316993654,4.212300112337759,-1.9480126053447444,-0.056213007519246974,0.7070265788305722,0.027770812618086182,0.7044020844512805,0.1,-0.1,0.1,0.05678858197746994,0.08457100015745043,0.15073851529274346,-0.2783115744371649,1.0,False
1782605640.4658706,TRACKING,Tracking AprilTag,Walk,2,60.64937210083008,0.07317951819908315,-0.08685757111888207,0.5522721289693681,0.5638297473359133,0.13173882469719578,-0.28510157986186707,-0.28112118192014474,-0.030836177921596226,0.9591767361685793,0.9596719206374371,0.0008281400083195705,-0.28112118192014474,-0.009895473860185142,0.9994754672968567,-0.030836177921596226,0.2809481879940408,0.03237444139837113,0.9591767361685793,4.092291851793788,-2.051499440079079,-0.9569392235198739,-6.624152675947142,-1.8899073616093174,4.245911408037285,-1.882852194041813,-0.2736900798639072,4.214819171344871,-1.9514598182829592,-0.053710378060359644,0.7062914714937293,0.02502415341448574,0.7054369882064054,0.1,-0.1,0.1,0.05227212896936806,0.07317951819908315,0.13173882469719578,-0.28510157986186707,1.0,False
1782605640.51583,TRACKING,Tracking AprilTag,Walk,2,60.529579162597656,0.0678803220952871,-0.08533440935968246,0.5503820288680764,0.5610793858710779,0.1227134043730073,-0.2878302676813469,-0.28366810192892533,-0.03793408575170813,0.95817191207331,0.9589225175358083,-0.00011537256267222032,-0.28366810192892533,-0.011101426341640649,0.9992185764242792,-0.03793408575170813,0.28345081353908397,0.03952496954848417,0.95817191207331,4.092901546328493,-2.0556908257426896,-0.9599684161676578,-6.625944641241536,-1.8939088061204772,4.247839066699267,-1.8857968977275144,-0.27769152437506706,4.216698822758959,-1.954435395248056,-0.052979798020436876,0.7059497049589549,0.023438067327013548,0.7058886683252908,0.1,-0.1,0.1,0.05038202886807641,0.0678803220952871,0.1227134043730073,-0.2878302676813469,1.0,False
1782605640.5659537,TRACKING,Tracking AprilTag,Walk,2,60.512359619140625,0.05839899018484005,-0.08320043971056709,0.5463169404112146,0.5556932198640824,0.1064914198978919,-0.29046350075727545,-0.28624936026784253,-0.03203361411782986,0.9576195232516935,0.9581519898166624,0.002463362868392327,-0.28624936026784253,-0.01213953392815224,0.999413067396338,-0.03203361411782986,0.2860024407699657,0.03416800492890115,0.9576195232516935,4.095113025851096,-2.064524889474531,-0.963083486690233,-6.626521363788328,-1.8964516555140214,4.248556635273417,-1.8888825692262303,-0.28023437376861127,4.21736625716278,-1.957532297663889,-0.0520645582784759,0.7070525710408732,0.02142398588012314,0.7049162761525418,0.1,-0.1,0.1,0.04631694041121459,0.05839899018484005,0.1064914198978919,-0.29046350075727545,1.0,False
1782605640.6157954,TRACKING,Tracking AprilTag,Walk,2,60.5827751159668,0.054791134022043664,-0.08182788118261411,0.5451092825423288,0.5539332093493493,0.10017757303086752,-0.29266346657895376,-0.2884004219094935,-0.026723671117631503,0.9571368982775781,0.9575014811430959,0.004013757741058702,-0.2884004219094935,-0.012239293379342034,0.9995679292072005,-0.026723671117631503,0.2881685501687375,0.029117772051189445,0.9571368982775781,4.0960657618159235,-2.067193256973261,-0.9669880959948424,-6.627361815331749,-1.8994041013310896,4.249573510122106,-1.8927449905083513,-0.2831868195856795,4.218320362063023,-1.961410701518287,-0.05133026408810712,0.7077595034074794,0.02075183090363427,0.7042805199912818,0.1,-0.1,0.1,0.04510928254232882,0.054791134022043664,0.10017757303086752,-0.29266346657895376,1.0,False
1782605640.6658905,TRACKING,Tracking AprilTag,Walk,2,60.501914978027344,0.04741500320408881,-0.07958524216303384,0.5440476379092736,0.5518784518475536,0.08693264485347767,-0.3012513439643662,-0.2966212527850685,-0.02519313998990584,0.9546628400087989,0.9549879419896368,0.003723311780487613,-0.2966212527850685,-0.011722341568360654,0.9996138716552525,-0.02519313998990584,0.2964129169968018,0.027536240552798616,0.9546628400087989,4.096901133683207,-2.070261662452537,-0.971493381714001,-6.6283349210641,-1.901635363523124,4.250750176262403,-1.8972014454864556,-0.28541808177771394,4.219424603898839,-1.965885652260544,-0.05023065939047624,0.7100039619555407,0.019591788170525967,0.7021306265225257,0.1,-0.1,0.1,0.044047637909273574,0.04741500320408881,0.08693264485347767,-0.3012513439643662,1.0,False
1782605640.715829,TRACKING,Tracking AprilTag,Walk,2,60.40966796875,0.04332131385427447,-0.07798737619508025,0.5429949153931314,0.5502746997842509,0.07961353941969311,-0.3042271556731392,-0.2995071618007421,-0.018040120493816366,0.9539234843962238,0.9540863099759053,0.0038435851265053943,-0.2995071618007421,-0.009690867914371874,0.9997902985784743,-0.018040120493816366,0.299375015984345,0.020114316337885362,0.9539234843962238,4.09776095884287,-2.073095930054539,-0.9755137445503058,-6.630059016161476,-1.9012262676261058,4.252655039143845,-1.9011393787823911,-0.2850089858806957,4.221265355494678,-1.969853958549473,-0.04907303033055837,0.7099720010013121,0.020447095971065987,0.70222041536452,0.1,-0.1,0.1,0.04299491539313138,0.04332131385427447,0.07961353941969311,-0.3042271556731392,1.0,False
1782605640.76593,TRACKING,Tracking AprilTag,Walk,2,60.45940017700195,0.03801997652104497,-0.08058827890608967,0.5443921026596972,0.5516364298611475,0.06972610746665724,-0.2679587852144446,-0.26476077971136114,0.004631136554237085,0.9643030032623813,0.9643095988190078,0.0029541753767319398,-0.26476077971136114,-0.001791951081671241,0.9999876706667622,0.004631136554237085,0.2647711965770546,-0.003991411067104512,0.9643030032623813,4.089300696367146,-2.096827917099801,-0.9786242847109646,-6.632762315018494,-1.8960288699303196,4.2554967850721015,-1.904123966673653,-0.2798115881849095,4.224058327175891,-1.9728842380727785,-0.05023355729320639,0.7087021065995375,0.023316183336579394,0.7033308392340427,0.1,-0.1,0.1,0.044392102659697175,0.03801997652104497,0.06972610746665724,-0.2679587852144446,1.0,False
1782605640.816167,TRACKING,Tracking AprilTag,Walk,2,60.478309631347656,0.03865698956359023,-0.08415001109389568,0.5391832240074022,0.5470778155438573,0.07157299409261059,-0.2789416539643427,-0.2753361043725793,-0.004052033108446443,0.9613394877235721,0.9613477866804566,0.0006802010874256096,-0.2753361043725793,-0.001868070382224072,0.9999900456208227,-0.004052033108446443,0.27533060737526854,0.0044097602820962895,0.9613394877235721,4.095803070276205,-2.091999246350691,-0.9810804484019512,-6.635139250703492,-1.8888125705606922,4.2579827922390425,-1.906469671619604,-0.27259528881528206,4.226505967531833,-1.9752699497099027,-0.05163588838029922,0.7091084529578208,0.025024484912438156,0.7027607787361291,0.1,-0.1,0.1,0.03918322400740215,0.03865698956359023,0.07157299409261059,-0.2789416539643427,1.0,False
1782605640.8659446,TRACKING,Tracking AprilTag,Walk,2,60.728004455566406,0.043919466581302385,-0.08191489713178737,0.531047855142469,0.5391203894941409,0.08251561674517036,-0.29843206610366935,-0.294020124342117,0.0035138911730941903,0.9557927699301086,0.9557863952225372,0.00495309896469106,-0.294020124342117,-0.0041012008853735125,0.9999854162537178,0.0035138911730941903,0.29403324107795326,-0.0021526937832664684,0.9557927699301086,4.109439515929704,-2.0793158240212835,-0.9829166862338815,-6.637513035604471,-1.8821215164937781,4.260437503927849,-1.9081962331320792,-0.26590423474836805,4.228932357068626,-1.9770360918183592,-0.05474815998637962,0.7095288292549198,0.02868632686019891,0.7019605217428674,0.1,-0.1,0.1,0.031047855142468994,0.043919466581302385,0.08251561674517036,-0.29843206610366935,1.0,False
1782605640.9159358,TRACKING,Tracking AprilTag,Walk,2,60.404640197753906,0.04737326784320989,-0.08050259529258828,0.5295366104857255,0.5377117408051435,0.08922421584567582,-0.2899825950337607,-0.2859355271337886,0.00037144472209906334,0.9582487862510136,0.9582422658431783,0.0035544724578870004,-0.2859355271337886,-0.003598505387668942,0.9999934563724872,0.00037144472209906334,0.28593497636824067,0.0006730065027772023,0.9582487862510136,4.110021659911961,-2.0806715767753174,-0.9844624203747973,-6.639930655649709,-1.8751822515945415,4.262922815132828,-1.9096306002161767,-0.25896496984913137,4.2313940805649795,-1.9785105741495637,-0.05609151483486191,0.7095973356584381,0.030151478050513367,0.70172377155213,0.1,-0.1,0.1,0.029536610485725534,0.04737326784320989,0.08922421584567582,-0.2899825950337607,1.0,False
1782605640.9658456,TRACKING,Tracking AprilTag,Walk,2,60.517173767089844,0.05434828172891891,-0.07562490414348297,0.5243896842446499,0.5325949706820376,0.10327230803126118,-0.2838493485389498,-0.2800486834751809,0.005570969635229793,0.9599696345099366,0.9599773181537782,0.004035283645246133,-0.2800486834751809,-0.002578253521944981,0.9999811582755447,0.005570969635229793,0.28006588731771004,-0.004625967985458087,0.9599696345099366,4.11616340313239,-2.0785333017225613,-0.9852577519142506,-6.641862572079659,-1.868948431621276,4.264888851370611,-1.9103373921669493,-0.252731149875866,4.233348396341531,-1.9792491560309302,-0.06005916461976922,0.7086248996295942,0.03240997602957058,0.7022771830437649,0.1,-0.1,0.1,0.024389684244649934,0.05434828172891891,0.10327230803126118,-0.2838493485389498,1.0,False
1782605641.0160902,TRACKING,Tracking AprilTag,Walk,2,60.273826599121094,0.06075973923209368,-0.0766228005355143,0.5234055063972161,0.5324623212964307,0.11556813048023859,-0.25326082913390774,-0.2505618925053619,-0.0012750629215195833,0.9680997429184027,0.9680926538170131,0.003918118127881523,-0.2505618925053619,-0.004377225226183381,0.9999896070029255,-0.0012750629215195833,0.2505542925691992,0.002331144884072288,0.9680997429184027,4.112398503392905,-2.087461738648534,-0.9859866072249077,-6.6436771166102435,-1.8648391643452498,4.266734618385343,-1.9109831057603281,-0.24862188259983964,4.23518344920792,-1.9799247172012924,-0.06170788283757818,0.7079621493897817,0.0330207365134815,0.7027740484588281,0.1,-0.1,0.1,0.023405506397216058,0.06075973923209368,0.11556813048023859,-0.25326082913390774,1.0,False
1782605641.0659297,TRACKING,Tracking AprilTag,Walk,2,60.273826599121094,0.06075973923209368,-0.0766228005355143,0.5234055063972161,0.5324623212964307,0.11556813048023859,-0.25326082913390774,-0.2505618925053619,-0.0012750629215195833,0.9680997429184027,0.9680926538170131,0.003918118127881523,-0.2505618925053619,-0.004377225226183381,0.9999896070029255,-0.0012750629215195833,0.2505542925691992,0.002331144884072288,0.9680997429184027,4.112398503392905,-2.087461738648534,-0.9873687520544846,-6.645890523851929,-1.8613171107937267,4.269008499574397,-1.9122633246031593,-0.2450998290483166,4.237436270287467,-1.9812416428373942,-0.06292778070052518,0.7076476134256924,0.033752728154597886,0.7029478664674573,0.1,-0.1,0.1,0.023405506397216058,0.06075973923209368,0.11556813048023859,-0.25326082913390774,1.0,False
1782605641.1159143,TRACKING,Tracking AprilTag,Walk,2,60.177574157714844,0.06407803956583182,-0.07921816193722897,0.5185547326549083,0.5284699831533639,0.12294718687314651,-0.2506005491364071,-0.24798429802264263,-0.003473612444292393,0.9687578242010766,0.9687468491980638,0.0057732229336159655,-0.24798429802264263,-0.006848490978872955,0.9999705156592864,-0.003473612444292393,0.24795693243008224,0.005063369338653649,0.9687578242010766,4.117217301412856,-2.0865646471008583,-0.9895187400334573,-6.648629121812339,-1.8571896569025614,4.271841894002877,-1.9142867482145531,-0.2409723751571513,4.240236478604526,-1.9833107490404582,-0.06433210127268543,0.7080803670440452,0.03582821958924701,0.7022819328686134,0.1,-0.1,0.1,0.018554732654908257,0.06407803956583182,0.12294718687314651,-0.2506005491364071,1.0,False
1782605641.1659043,TRACKING,Tracking AprilTag,Walk,2,60.38105392456055,0.06732702624298813,-0.08091565591891206,0.5153393552346603,0.5259799643419769,0.12991021714268366,-0.2410225842110822,-0.23869563138272087,-0.0011040174770282425,0.9710938042765048,0.9710833337765291,0.004642673827276946,-0.23869563138272087,-0.005052229529023043,0.9999866279716927,-0.0011040174770282425,0.23868731394493575,0.002278038089460719,0.9710938042765048,4.119422630107678,-2.088974327253462,-0.9922655934218345,-6.651568409059766,-1.8531120082060637,4.2749028716127855,-1.9168973092905992,-0.23689472646065357,4.243254718667258,-1.9859706061764428,-0.06640625037107384,0.7081909219260751,0.03723144552054691,0.7019043007971959,0.1,-0.1,0.1,0.015339355234660346,0.06732702624298813,0.12991021714268366,-0.2410225842110822,1.0,False
1782605641.215829,TRACKING,Tracking AprilTag,Walk,2,60.44317626953125,0.069002850553103,-0.082847235063366,0.5147406274215371,0.5259115622045366,0.1332591822605145,-0.22926411212433778,-0.22725984629072996,-0.0031202234734590034,0.9738291567155861,0.9738331423768054,0.0014046609664394379,-0.22725984629072996,-0.0021705487673100094,0.9999927764356723,-0.0031202234734590034,0.22725382180849144,0.003531855609301857,0.9738291567155861,4.118004833012999,-2.0934174016655116,-0.9959261326594879,-6.654647744607757,-1.8504717262237425,4.278145239299434,-1.920414254941602,-0.23425444447833232,4.246439626269431,-1.9895396702684915,-0.06768674933985197,0.7077507171730598,0.03778007019059366,0.702196619616769,0.1,-0.1,-0.1,0.014740627421537145,0.069002850553103,0.1332591822605145,-0.22926411212433778,1.0,False
1782605641.2657897,TRACKING,Tracking AprilTag,Walk,2,60.39522171020508,0.06908163673876429,-0.08642947361913246,0.5128643098137323,0.524663822580996,0.13389181498334313,-0.21985725415858628,-0.2180894058904042,-0.0028882654533593983,0.9759245201146662,0.9759208551485566,0.003936435504430956,-0.2180894058904042,-0.004678940990407689,0.9999848826026717,-0.0028882654533593983,0.21807473947552547,0.0038391459519328086,0.9759245201146662,4.11807831113345,-2.0981124350223217,-0.9993251862814517,-6.6573302531529785,-1.8487036119271376,4.2809793164095415,-1.9236880027257381,-0.23248633018172749,4.249220240884233,-1.9928589472958156,-0.06841847399777243,0.7078657104604502,0.03784072602909805,0.7020065012688479,0.1,-0.1,-0.1,0.012864309813732322,0.06908163673876429,0.13389181498334313,-0.21985725415858628,1.0,False
1782605641.3158705,TRACKING,Tracking AprilTag,Walk,2,60.66593551635742,0.06777397292736133,-0.08632380719386303,0.5037971700219851,0.5156129358510732,0.13372348462657754,-0.23826605111086915,-0.23599358048627198,-0.014390414520239262,0.9716480566229756,0.9717439612636064,0.004550133732547813,-0.23599358048627198,-0.008176594062271326,0.9998630202580134,-0.014390414520239262,0.23589577583597257,0.01591342211906082,0.9716480566229756,4.129152459740842,-2.092356940403458,-1.0024674163239804,-6.6598390767219815,-1.8464659528140932,4.28362822651252,-1.926713078031725,-0.23024867106868308,4.251819745520848,-1.9959265817239653,-0.06994517984140804,0.7076914138404242,0.03814636771455499,0.7020152343244984,0.1,-0.1,-0.1,0.003797170021985097,0.06777397292736133,0.13372348462657754,-0.23826605111086915,1.0,False
1782605641.3658972,TRACKING,Tracking AprilTag,Walk,2,60.54625701904297,0.06698573756535829,-0.08578295748987907,0.5017108377725612,0.5133805309624925,0.13272965933425707,-0.2334013516605606,-0.23127748497823186,-0.00952641274850885,0.9728411856013749,0.9728630877528396,0.006938114308255508,-0.23127748497823186,-0.00939570850723769,0.9999104800539856,-0.00952641274850885,0.2311906856896655,0.011440911154864845,0.9728411856013749,4.130468660959819,-2.095803707960781,-1.0053489268115186,-6.662236560399642,-1.8442129303583283,4.286154073495288,-1.929482758102434,-0.2279956486129182,4.254300344921251,-1.9987368588080194,-0.07080094715151167,0.7073380832231627,0.03839120323991452,0.7022721533838735,0.1,-0.1,-0.1,0.0017108377725612023,0.06698573756535829,0.13272965933425707,-0.2334013516605606,1.0,False
1782605641.4160635,TRACKING,Tracking AprilTag,Walk,2,61.20770263671875,0.0659057346364971,-0.0840318349313024,0.4962225398839241,0.5075842040772651,0.1320420955057372,-0.2333393104316167,-0.23120849416091754,-0.012861895802983471,0.9728192040991965,0.9728679241148188,0.008404430757890935,-0.23120849416091754,-0.011694229094258674,0.9998488969050494,-0.012861895802983471,0.23106546092917957,0.015216730969285967,0.9728192040991965,4.13538124132776,-2.0980010213931926,-1.0076655851296445,-6.663898036242111,-1.8410976584647158,4.287919024423519,-1.931721587251563,-0.2248803767193057,4.256028757044997,-2.0010040154564535,-0.07232608760771216,0.7065373756513721,0.039245294794733265,0.7028752952661715,-0.1,-0.1,-0.1,-0.0037774601160758814,0.0659057346364971,0.1320420955057372,-0.2333393104316167,1.0,False
1782605641.4657872,TRACKING,Tracking AprilTag,Walk,2,62.01191329956055,0.06603071098672639,-0.08257568065515852,0.4923812427019972,0.5036050893247985,0.13330949252673102,-0.22812411532687232,-0.22613657595088882,-0.01115135820281489,0.9740317737258063,0.9740442535540467,0.01000205656591735,-0.22613657595088882,-0.012856025717273317,0.9998551744192702,-0.01115135820281489,0.22599228907442115,0.013769134012815386,0.9740317737258063,4.138392067871822,-2.101106785400011,-1.0102423829475122,-6.664361463167508,-1.8381933134600752,4.288498973769645,-1.9342746854214878,-0.2219760317146651,4.256567226968866,-2.0035661828300717,-0.07336285840372124,0.707017763518059,0.03973312880268098,0.7022571121407792,-0.1,-0.1,-0.1,-0.007618757298002821,0.06603071098672639,0.13330949252673102,-0.22812411532687232,1.0,False
1782605641.515885,TRACKING,Tracking AprilTag,Walk,2,62.64167022705078,0.06639020682373412,-0.0815591429810003,0.49141188960482657,0.5025387533423464,0.13428785714510771,-0.22886558285106312,-0.22685178867920983,-0.013620198777288206,0.9738340495989604,0.9738731845191215,0.01045401586129456,-0.22685178867920983,-0.013905097738989774,0.9998105512756585,-0.013620198777288206,0.22666642612317825,0.016418742650870177,0.9738340495989604,4.139424093509255,-2.1005785677440763,-1.0138136041695645,-6.6649371537278705,-1.8367563071280586,4.289236223098783,-1.9378160840244147,-0.22053902538264847,4.257246949090815,-2.007119071580801,-0.0750730906070246,0.7086167332906957,0.04016105172310747,0.700438038866841,-0.1,-0.1,-0.1,-0.008588110395173432,0.06639020682373412,0.13428785714510771,-0.22886558285106312,1.0,False
1782605641.5658176,TRACKING,Tracking AprilTag,Walk,2,62.5413818359375,0.06519445590694362,-0.07918463608785235,0.49108677631899533,0.5016839099958768,0.13198371993410835,-0.2224675180759043,-0.22061609392473897,-0.013766097943850846,0.9752635713738061,0.9753126118015637,0.009687536436217168,-0.22061609392473897,-0.013044860392299918,0.9998201469088056,-0.013766097943850846,0.22044305586286378,0.016304155085476047,0.9752635713738061,4.138432244715409,-2.104875749896663,-1.0180816685438996,-6.665917238281878,-1.8385787261952722,4.290409089747556,-1.9420352454411742,-0.22236144444986206,4.258351240084007,-2.0113566983504487,-0.07537709526459883,0.7103146839590293,0.03955008723195145,0.6987182077644756,-0.1,-0.1,-0.1,-0.008913223681004667,0.06519445590694362,0.13198371993410835,-0.2224675180759043,1.0,False
1782605641.6158414,TRACKING,Tracking AprilTag,Walk,2,62.55792999267578,0.06287722613329828,-0.07858366029987736,0.49107505177937144,0.5012820001879749,0.12734704980154996,-0.22671523014980913,-0.22472296400071262,-0.0221335318455642,0.9741712868991653,0.9743865068646703,0.008397897998921764,-0.22472296400071262,-0.013720390026837023,0.9996608713286486,-0.0221335318455642,0.22446087885771399,0.02464990149365387,0.9741712868991653,4.138180587400838,-2.105169032064513,-1.0219994039156768,-6.667312214904827,-1.8435688606253005,4.2919805137575056,-1.9458856008537044,-0.22735157887989035,4.259860016891655,-2.0152320309512133,-0.073365036465593,0.7111891887662976,0.03912395039471307,0.698066490895996,-0.1,-0.1,-0.1,-0.008924948220628559,0.06287722613329828,0.12734704980154996,-0.22671523014980913,1.0,False
1782605641.6659348,TRACKING,Tracking AprilTag,Walk,2,62.49748611450195,0.054254675758110715,-0.07987096927832867,0.49241833779141064,0.5017955370151604,0.10973741808204769,-0.22232261224192873,-0.2204346487346478,-0.02352357936523789,0.9751180476491448,0.9753961416474038,0.0033064326078209847,-0.2204346487346478,-0.008704980406401658,0.999685382772986,-0.02352357936523789,0.22028751706685923,0.02486368784871667,0.9751180476491448,4.134064012642757,-2.11565538988482,-1.0250575810916707,-6.669279358623967,-1.84854633909728,4.294084486225548,-1.9488513051385654,-0.23232905735186993,4.261915618363147,-2.0182314650048183,-0.06976353548491478,0.7106359087059166,0.038391306929143824,0.6990391705238223,-0.1,-0.1,0.1,-0.007581662208589357,0.054254675758110715,0.10973741808204769,-0.22232261224192873,1.0,False
1782605641.715915,TRACKING,Tracking AprilTag,Walk,2,62.76506805419922,0.05014999665115741,-0.08270275153472477,0.49046784297373225,0.4999134647784866,0.10189518878223311,-0.2316172661419294,-0.22944169477873302,-0.030983339875064037,0.9728291429368514,0.9733220590857791,-0.0008234039603772511,-0.22944169477873302,-0.00645816920187111,0.9994990368683435,-0.030983339875064037,0.22935226475354295,0.031638541451396975,0.9728291429368514,4.135956792700224,-2.1159074835270517,-1.0271655448002115,-6.669946003738715,-1.8518983905261255,4.294846156599487,-1.9509268255424659,-0.23568110878071535,4.262643530215528,-2.0203190643535214,-0.06854185616942074,0.7106868862303963,0.03759731380263862,0.6991513467682231,-0.1,-0.1,0.1,-0.009532157026267751,0.05014999665115741,0.10189518878223311,-0.2316172661419294,1.0,False
1782605641.7659218,TRACKING,Tracking AprilTag,Walk,2,62.5329704284668,0.042347307311337234,-0.08258528156353494,0.48431762510768844,0.4931299880938094,0.0872152468676574,-0.24041406707064042,-0.2380532693630874,-0.020804711452217513,0.9710292502942098,0.9712489606840233,0.002469274336676315,-0.2380532693630874,-0.00764098358163279,0.9997543595060214,-0.020804711452217513,0.2379434213003369,0.022025515498054617,0.9710292502942098,4.142126266272796,-2.1207518447932934,-1.0281927473514445,-6.669318321655761,-1.854743980699175,4.294265762359014,-1.9519814688016526,-0.23852669895376488,4.262046109327656,-2.0213641567710883,-0.06665247501041852,0.7105324739892692,0.036561201951685614,0.6995458022842551,-0.1,-0.1,0.1,-0.015682374892311557,0.042347307311337234,0.0872152468676574,-0.24041406707064042,1.0,False
1782605641.815936,TRACKING,Tracking AprilTag,Walk,2,62.690345764160156,0.039722428082606294,-0.08244325291472313,0.4840394147728854,0.4926143687486351,0.08188096724802439,-0.23944805729125934,-0.2371321004515495,-0.01702325848240567,0.9713282532728457,0.9714761651417003,0.0015580426862084784,-0.2371321004515495,-0.005758815623106352,0.9998385093170098,-0.01702325848240567,0.23706728286331472,0.017903289913523787,0.9713282532728457,4.141862606542258,-2.123942600937158,-1.0285617670107556,-6.667436069589704,-1.8561413682278105,4.292402207024285,-1.9524355721638225,-0.23992408648240038,4.260175434936249,-2.0217879794586193,-0.06592052988172106,0.7107820096968904,0.036439404017951364,0.6993679920229258,-0.1,-0.1,0.1,-0.015960585227114577,0.039722428082606294,0.08188096724802439,-0.23944805729125934,1.0,False
1782605641.865896,TRACKING,Tracking AprilTag,Walk,2,62.48786544799805,0.036226181144270585,-0.07789729357863921,0.48475168956291975,0.4923053169337901,0.0745927627012763,-0.244622370292935,-0.2421877170321432,-0.004298789986029582,0.9702198875118024,0.970225570615421,0.0027298063556436803,-0.2421877170321432,-0.003886595820193886,0.999983207247795,-0.004298789986029582,0.24217191516959852,0.005112081735870834,0.9702198875118024,4.142094649446235,-2.124916356083125,-1.028120224201145,-6.665005563108132,-1.854759053458776,4.289954158855002,-1.9521048427116234,-0.23854177171336577,4.257733072071981,-2.0214175939176906,-0.06713948987811541,0.7108851260094639,0.03607221683451473,0.6991662332307382,-0.1,-0.1,0.1,-0.015248310437080248,0.036226181144270585,0.0745927627012763,-0.244622370292935,1.0,False
1782605641.9159288,TRACKING,Tracking AprilTag,Walk,2,62.868133544921875,0.03580364032291595,-0.0742367846230103,0.48612233052302956,0.4930597540711243,0.07351875958415562,-0.24745218089988688,-0.24492420667785125,-0.009187934091705149,0.9694986925470048,0.9695369997069355,0.003184208300183364,-0.24492420667785125,-0.005605120116836226,0.999942080570471,-0.009187934091705149,0.2448807645115263,0.010280871650727056,0.9694986925470048,4.140902215484042,-2.1235764059484596,-1.027530315488794,-6.662257266553464,-1.8522941314890233,4.2871819117626755,-1.9516403297404377,-0.2360768497436132,4.254968722461829,-2.020908184971793,-0.067566052630075,0.7104506347010595,0.03686530784874913,0.6995253199578044,-0.1,-0.1,0.1,-0.013877669476970445,0.03580364032291595,0.07351875958415562,-0.24745218089988688,1.0,False
1782605641.9659169,TRACKING,Tracking AprilTag,Walk,2,62.714012145996094,0.03747464326753454,-0.07555160157097539,0.4890206257727936,0.49623942388647746,0.07648254996124479,-0.2441767876703073,-0.2417573951978595,0.0013444248338606276,0.970335794655135,0.9703171131259009,0.006169428025667037,-0.2417573951978595,-0.006023067942244541,0.9999809574059044,0.0013444248338606276,0.24176108584216155,0.0001516027932103567,0.970335794655135,4.138621252402241,-2.1227162815276994,-1.0272443273234246,-6.659167964415841,-1.8487538275900777,4.284082810400368,-1.9514949073405297,-0.23253654584466754,4.251872386926062,-2.0207125240962913,-0.06805172764409119,0.7104234168405574,0.03924418015708577,0.6993764547745659,-0.1,-0.1,0.1,-0.010979374227206407,0.03747464326753454,0.07648254996124479,-0.2441767876703073,1.0,False
1782605642.0157802,TRACKING,Tracking AprilTag,Walk,2,62.91619873046875,0.041034576773953786,-0.07669885459901907,0.4927485065911414,0.5003675064746101,0.083085204953579,-0.2432222138109863,-0.24083071907064788,0.0020911880589279844,0.9705648827793105,0.970548538434478,0.00600826885327089,-0.24083071907064788,-0.005671572868177698,0.9999817299299538,0.0020911880589279844,0.240838883496622,-0.0006637105420793757,0.9705648827793105,4.135738879359266,-2.118828815177391,-1.0270362610116932,-6.655165958179151,-1.8429783943041929,4.280075484328407,-1.9514687680681089,-0.22676111255878273,4.2478660117193305,-2.02062140213698,-0.06848321267805106,0.7107117009119667,0.04217638142650025,0.6988705750121966,-0.1,-0.1,0.1,-0.007251493408858611,0.041034576773953786,0.083085204953579,-0.2432222138109863,1.0,False
1782605642.0658948,TRACKING,Tracking AprilTag,Walk,2,62.69780349731445,0.044213707524192465,-0.07767889564879171,0.4956809914057608,0.503675002360896,0.08896247023262416,-0.2432499073849532,-0.24085770580856924,0.0018635420645879944,0.9705586498319441,0.9705544319569327,0.0034146978472886446,-0.24085770580856924,-0.003055807495996415,0.999993594605246,0.0018635420645879944,0.24086252645296025,-0.0010726542270457248,0.9705586498319441,4.133618805705246,-2.115225290701801,-1.027207330337726,-6.650211494956184,-1.8367209644900824,4.275133898372824,-1.9518646200425007,-0.22050368274467227,4.242918656125325,-2.020937065198652,-0.06854297047268784,0.7112477603902329,0.04711947747543635,0.6980030367993395,-0.1,-0.1,0.1,-0.0043190085942392265,0.044213707524192465,0.08896247023262416,-0.2432499073849532,1.0,False
1782605642.115822,TRACKING,Tracking AprilTag,Walk,2,62.9621467590332,0.04810275326444645,-0.07953665859169629,0.4996605185465701,0.5082328095723254,0.09597509849441624,-0.2304016902936972,-0.22836830810548375,0.0016460135898872974,0.9735734212129564,0.9735727884034773,-0.00198532952347175,-0.22836830810548375,0.0024253125824167166,0.999995704239843,0.0016460135898872974,0.22836405921062863,-0.002156378571530042,0.9735734212129564,4.128514456168827,-2.117027634084153,-1.0277514207616676,-6.644815069198841,-1.8310346841880785,4.269767742852147,-1.952653175856539,-0.2148174024426683,4.237540418386461,-2.0216384952865445,-0.06939924894164595,0.711327042362306,0.04889076376627828,0.6977157560703209,-0.1,-0.1,0.1,-0.00033948145342987956,0.04810275326444645,0.09597509849441624,-0.2304016902936972,1.0,False
1782605642.1659398,TRACKING,Tracking AprilTag,Walk,2,62.7995719909668,0.053860315926607845,-0.08298486734317533,0.5047370448537881,0.5143412352586688,0.10630736743126808,-0.22206798528176175,-0.22024728387331413,-0.00033952321053938844,0.9754440110382642,0.9754162003992145,-0.007373597845502143,-0.22024728387331413,0.007482561731588323,0.9999719476034927,-0.00033952321053938844,0.22024360891679098,-0.0013168374578250597,0.9754440110382642,4.123273148224756,-2.114697079929568,-1.0284636074122286,-6.639986261845757,-1.8272421922312885,4.264976252786209,-1.9535838816244597,-0.21102491048587835,4.23273446531142,-2.02249137588718,-0.07141088727066058,0.7103857409771098,0.051269354963551186,0.6983008215928441,0.1,-0.1,0.1,0.004737044853788119,0.053860315926607845,0.10630736743126808,-0.22206798528176175,1.0,False
1782605642.2159233,TRACKING,Tracking AprilTag,Walk,2,62.52252197265625,0.05532284142709325,-0.08340940751631336,0.5074412750879255,0.5172179363756146,0.10859424377304663,-0.21840433712275498,-0.21666774102732608,-0.006374037471026874,0.9762245959022101,0.9762039606753634,-0.008995396592096394,-0.21666774102732608,0.00779948888652481,0.999949268522872,-0.006374037471026874,0.21671408614772256,0.004532462986498543,0.9762245959022101,4.119915064959823,-2.1144470707623104,-1.0292057135213892,-6.634834519706905,-1.8231446095770811,4.259863519497818,-1.9545591389567925,-0.206927327831671,4.227606588772741,-2.0233835926470207,-0.07245020871550349,0.7096702415628974,0.05200301417490226,0.6988667984772663,0.1,-0.1,0.1,0.00744127508792547,0.05532284142709325,0.10859424377304663,-0.21840433712275498,1.0,False
1782605642.2659454,TRACKING,Tracking AprilTag,Walk,2,62.6611328125,0.05729459550176108,-0.08394517680234007,0.5125004491353343,0.5224807879204804,0.11133196330878886,-0.2130609420768964,-0.21143782356026034,-0.011827691081328003,0.9773198823782236,0.9773565166746736,-0.008263539293102053,-0.21143782356026034,0.005895490831892893,0.9999126706425595,-0.011827691081328003,0.21151709742098743,0.010313341205235941,0.9773198823782236,4.114137803172138,-2.1138626380004477,-1.0299020898018112,-6.629801318754696,-1.8198101938585942,4.254867128759747,-1.9554833312212931,-0.2035929121131841,4.222595867598674,-2.0242266377614775,-0.07470469623819746,0.7088401487830273,0.05322099274485963,0.6993799952561313,0.1,-0.1,0.1,0.012500449135334324,0.05729459550176108,0.11133196330878886,-0.2130609420768964,1.0,False
1782605642.315853,TRACKING,Tracking AprilTag,Walk,2,62.46856689453125,0.058085398012070355,-0.0829104287131779,0.5146897931872729,0.5245508896787625,0.11237966793947736,-0.21283684404358516,-0.2112089020599659,-0.015284878972774371,0.977321427251757,0.9774048794440908,-0.00839650698242808,-0.2112089020599659,0.005286556630004649,0.9998692038430753,-0.015284878972774371,0.21130961634028866,0.01382294746820094,0.977321427251757,4.11194090413596,-2.1126683210305957,-1.0309667385570802,-6.625173990718793,-1.8164449766097222,4.250292913875734,-1.9567569873439674,-0.200227694864312,4.218001599566083,-2.025425947133017,-0.07629436965216198,0.7092934957822195,0.05340605875651338,0.6987343550223603,0.1,-0.1,0.1,0.014689793187272926,0.058085398012070355,0.11237966793947736,-0.21283684404358516,1.0,False
1782605642.36582,TRACKING,Tracking AprilTag,Walk,2,62.44800567626953,0.05858658465139729,-0.07814066186625016,0.5212631095146998,0.5303334613985289,0.11192379099931625,-0.20610436431086182,-0.20463953873129898,-0.009240237984772203,0.9787937868569794,0.9788262692768884,-0.004668378875952945,-0.20463953873129898,0.002837319379532159,0.9999532827191094,-0.009240237984772203,0.20467311546030365,0.008463959944804332,0.9787937868569794,4.105067839347744,-2.1139443703979146,-1.0326061528955433,-6.6214138772230395,-1.812522321295223,4.246611116552537,-1.9585654400928663,-0.19630503954981293,4.214290959034342,-2.0271744549878172,-0.07861417565143927,0.7097248714867515,0.053833620283050804,0.6980059881598288,0.1,-0.1,0.1,0.021263109514699785,0.05858658465139729,0.11192379099931625,-0.20610436431086182,1.0,False
1782605642.4159117,TRACKING,Tracking AprilTag,Walk,2,62.5328254699707,0.05899808932451057,-0.07744038521801451,0.5238906981874717,0.5328595044230833,0.11214278446755266,-0.20438434861031224,-0.2029546765744453,-0.00976875659467916,0.9791394030735134,0.9791811075430705,-0.003709162612774215,-0.2029546765744453,0.0017630701969705152,0.9999507302752844,-0.00976875659467916,0.202980910960135,0.009207558560092418,0.9791394030735134,4.102291944256253,-2.113781856278578,-1.035705266441488,-6.61721349595392,-1.8077827261965396,4.242555783665137,-1.961852077089707,-0.19156544445112944,4.210182860596724,-2.0303948951446085,-0.08074842820358652,0.7103786514448553,0.05413745715539021,0.6970731659207572,0.1,-0.1,0.1,0.023890698187471693,0.05899808932451057,0.11214278446755266,-0.20438434861031224,1.0,False
1782605642.4659393,TRACKING,Tracking AprilTag,Walk,2,62.68867874145508,0.05955554861424303,-0.07525205289730931,0.5290542304594589,0.5376877473060485,0.11209792630055682,-0.19764226199798754,-0.19635121557013882,-0.008337518844416442,0.9804981825192987,0.9805323725899194,-0.0015704926973096277,-0.19635121557013882,-6.796700940990129e-05,0.9999652399758727,-0.008337518844416442,0.196357484409607,0.008188552538945116,0.9804981825192987,4.096408323372218,-2.1154662716686854,-1.039520090804277,-6.613160775992731,-1.802567119704515,4.238680456886704,-1.9658469821402824,-0.18634983795910487,4.206243258734642,-2.034326429345278,-0.0853863899082115,0.7125094465964696,0.0543811818500475,0.6943213521056569,0.1,-0.1,-0.1,0.029054230459458874,0.05955554861424303,0.11209792630055682,-0.19764226199798754,1.0,False
1782605642.515936,TRACKING,Tracking AprilTag,Walk,2,62.71369552612305,0.05928392590411019,-0.07410326008672845,0.531787913135528,0.5401890979861823,0.1110219854842959,-0.19329649322658293,-0.1920944988972622,-0.002358736675739057,0.98137359851114,0.9813757564253276,0.001152473004445885,-0.1920944988972622,-0.0016360385768056432,0.9999958798610471,-0.002358736675739057,0.19209098906089128,0.002629080999949649,0.98137359851114,4.093373956882297,-2.1173018403053017,-1.0435432632759274,-6.610283603246935,-1.7979086960368422,4.235988925034537,-1.96999664429937,-0.1816914142914321,4.2034847864584375,-2.038431897704333,-0.08734302058743944,0.7136370347367867,0.0548106446453673,0.6928846748487858,0.1,-0.1,-0.1,0.03178791313552798,0.05928392590411019,0.1110219854842959,-0.19329649322658293,1.0,False
1782605642.5659833,TRACKING,Tracking AprilTag,Walk,2,62.51694107055664,0.057745847738319075,-0.07419754517044905,0.5395035783163539,0.547634887179851,0.10662918908956769,-0.1698379982104208,-0.16901047691195875,0.012016439256222037,0.9855410006091039,0.9855994859592899,0.005395551016865899,-0.16901047691195875,-0.0034133803252473357,0.9999219739671474,0.012016439256222037,0.16906212500598283,-0.011266499317341524,0.9855410006091039,4.082831571012043,-2.129392071749662,-1.0463408427047862,-6.61014477306836,-1.7934740765731663,4.235977263080969,-1.9727976420641136,-0.17725679482775614,4.203427702734845,-2.0412323380139563,-0.08917245679370966,0.7119148090635383,0.0573731070404429,0.6942145951893591,0.1,-0.1,-0.1,0.03950357831635387,0.057745847738319075,0.10662918908956769,-0.1698379982104208,1.0,False
1782605642.6159298,TRACKING,Tracking AprilTag,Walk,2,62.44951629638672,0.058175684800409286,-0.07840047886341954,0.5405199765614269,0.5492657739655509,0.10721638351384258,-0.15528234553266912,-0.1546262196862856,0.020604722096155964,0.9877581574519487,0.9879616611809547,0.004742174827737703,-0.1546262196862856,-0.001574081226413742,0.9997864610483744,0.020604722096155964,0.1546909121598969,-0.020113281240770657,0.9877581574519487,4.08039099196414,-2.1365750610182137,-1.048579287816443,-6.611483483254554,-1.7885229924292214,4.237416229941513,-1.974972993956286,-0.1723057106838113,4.204831203058137,-2.0434307393246907,-0.09002357734573252,0.7116440080347398,0.058957814044730585,0.6942496219035305,0.1,-0.1,-0.1,0.04051997656142692,0.058175684800409286,0.10721638351384258,-0.15528234553266912,1.0,False
1782605642.665946,TRACKING,Tracking AprilTag,Walk,2,62.439300537109375,0.06060544401765891,-0.07911076264679968,0.5335056195322033,0.5427336166883123,0.11311361141652379,-0.1799905891119719,-0.17901665475284712,0.006394279487998333,0.9838252642166337,0.9838179445718332,0.007435674788011882,-0.17901665475284712,-0.006394158876365246,0.9999591131251783,0.006394279487998333,0.17905688110406964,-0.005146145970895222,0.9838252642166337,4.0903277899523465,-2.1221137284567244,-1.0499393581002152,-6.613570116599633,-1.785659811545423,4.239562465680525,-1.9762369172317205,-0.16944252980001284,4.206956659735642,-2.044729301531768,-0.09124712842341948,0.7106900089379908,0.06109590337915913,0.694881977993733,0.1,-0.1,-0.1,0.03350561953220332,0.06060544401765891,0.11311361141652379,-0.1799905891119719,1.0,False
1782605642.7157943,TRACKING,Tracking AprilTag,Walk,2,62.31170654296875,0.062376285340003654,-0.07955136639542675,0.5321902358759683,0.5417062562218713,0.11667441982310318,-0.17109726858179505,-0.17026169163377095,0.00485489263407285,0.9853869221678956,0.9853775555233344,0.006483011095519718,-0.17026169163377095,-0.005740160835413983,0.9999717398862306,0.00485489263407285,0.17028835434180903,-0.00380657274200344,0.9853869221678956,4.090447339942002,-2.125225050189769,-1.05074442526905,-6.616065253731609,-1.7845447608382485,4.242091583789824,-1.9769278615441725,-0.1683274790928384,4.209474240336089,-2.045461169261588,-0.09130896723810983,0.7103300539552956,0.0616457599669057,0.6951932732901545,0.1,-0.1,-0.1,0.032190235875968254,0.062376285340003654,0.11667441982310318,-0.17109726858179505,1.0,False
1782605642.766085,TRACKING,Tracking AprilTag,Walk,2,62.373016357421875,0.0641716279964447,-0.0783586846408583,0.5271660941905228,0.5368073883269965,0.12113345506910986,-0.16917313722933217,-0.16836317023583158,-0.007044561367967172,0.985699861551818,0.9857167124061971,0.004050406307871916,-0.16836317023583158,-0.0053121685691569906,0.9999610767526033,-0.007044561367967172,0.168328083658703,0.007838315413106717,0.985699861551818,4.094638308370446,-2.125349040719143,-1.0509756603331226,-6.618695353416309,-1.7848287230524529,4.244729470216491,-1.9770394375556002,-0.16861144130704275,4.212109970467753,-2.0456155087554158,-0.09149385915484019,0.7097335518695675,0.061891109528357545,0.6957561711180943,0.1,-0.1,-0.1,0.02716609419052285,0.0641716279964447,0.12113345506910986,-0.16917313722933217,1.0,False
1782605642.8158321,TRACKING,Tracking AprilTag,Walk,2,62.33671188354492,0.06413543690672989,-0.07875013353733236,0.525830430133566,0.5355488577653919,0.12137031718632203,-0.14523360787888906,-0.14471362473111593,-0.011730352978524122,0.9894040456942659,0.9894705048191449,0.0024671664168124116,-0.14471362473111593,-0.004208833606905942,0.9999223392537385,-0.011730352978524122,0.14467344543009913,0.01221591385051252,0.9894040456942659,4.092153792544936,-2.1378882862694484,-1.0510255964743591,-6.621575328933122,-1.7874054579712042,4.247608742825745,-1.9769585559307787,-0.17118817622579408,4.214990176092079,-2.0455813304400507,-0.09124753564891262,0.7079465993255769,0.06091307062047813,0.6976926956539935,0.1,-0.1,-0.1,0.025830430133566007,0.06413543690672989,0.12137031718632203,-0.14523360787888906,1.0,False
1782605642.8658159,TRACKING,Tracking AprilTag,Walk,2,62.25078201293945,0.0628351410658075,-0.08072688566997722,0.5230204502914831,0.532931024097715,0.1195659264310447,-0.15591563358244948,-0.1552470530318099,-0.022015946977138084,0.987630320820315,0.9878717443966727,0.002787319072782111,-0.1552470530318099,-0.0062806729873551076,0.9997378912622676,-0.022015946977138084,0.15514499595378833,0.022723987917193423,0.987630320820315,4.095559239360246,-2.134022412930711,-1.051680762402433,-6.624372335076157,-1.7902993394995261,4.250432612295591,-1.9774860471390165,-0.174082057754116,4.217805119983992,-2.0461545464925748,-0.09002577054644798,0.7076941081261453,0.059447525771010395,0.6982337729161796,0.1,-0.1,-0.1,0.02302045029148314,0.0628351410658075,0.1195659264310447,-0.15591563358244948,1.0,False
1782605642.9159322,TRACKING,Tracking AprilTag,Walk,2,62.33705520629883,0.06086501215969083,-0.08194308208413642,0.5201738393461558,0.5300943704160299,0.11647933360062088,-0.16562807352454265,-0.16482838963855412,-0.022957196887768847,0.9860550537775349,0.9863151132543724,0.0037549081447531595,-0.16482838963855412,-0.00764239191030583,0.9997072376235683,-0.022957196887768847,0.16469393192192555,0.02390271339992508,0.9860550537775349,4.099348771995469,-2.1314199345420817,-1.0530864253520462,-6.627252463804202,-1.7928221343731956,4.253373595193178,-1.9787594871313672,-0.17660485262778547,4.2207250649787085,-2.0474755124443877,-0.0893581220488474,0.7078457250003302,0.05902274864838486,0.6982018839595392,0.1,-0.1,-0.1,0.020173839346155797,0.06086501215969083,0.11647933360062088,-0.16562807352454265,1.0,False
1782605642.96587,TRACKING,Tracking AprilTag,Walk,2,62.41815185546875,0.057122901876666174,-0.08487413906430069,0.5176644124386439,0.5276770691494599,0.1099027221383978,-0.15714245482590988,-0.1564460884115993,-0.025383454375890693,0.9873602694379885,0.987683428141249,0.0024631678506199734,-0.1564460884115993,-0.006513690401034324,0.9996565670675638,-0.025383454375890693,0.15632983596393152,0.026089858620412708,0.9873602694379885,4.099735709860759,-2.139853035329658,-1.0553585960725682,-6.630205766986573,-1.7955130936739185,4.256427021155259,-1.9808952187072668,-0.1792958119285084,4.22374345461578,-2.049660480057197,-0.08679252228429479,0.7086224920679765,0.05877721445835154,0.6977581679001815,0.1,-0.1,-0.1,0.017664412438643917,0.057122901876666174,0.1099027221383978,-0.15714245482590988,1.0,False
1782605643.015927,TRACKING,Tracking AprilTag,Walk,2,62.55426788330078,0.055251468768676135,-0.08740257487503023,0.5163685341335406,0.5266197849863814,0.10659450289342766,-0.15569651095648934,-0.15504422651986066,-0.01759168130535318,0.9877508899371891,0.9879074185865573,0.0004691742778271798,-0.15504422651986066,-0.003235715999013291,0.9998400186483959,-0.01759168130535318,0.15501116877057142,0.017880631551273816,0.9877508899371891,4.100905481345949,-2.1428564983527334,-1.05851420217296,-6.633486943103675,-1.7989560368812239,4.259848094581698,-1.9838985873465087,-0.18273875513581372,4.2271153730485915,-2.0527189327141344,-0.0866106918028169,0.7087550057888018,0.05804564334353691,0.697707412260747,0.1,-0.1,-0.1,0.016368534133540558,0.055251468768676135,0.10659450289342766,-0.15569651095648934,1.0,False
1782605643.0658777,TRACKING,Tracking AprilTag,Walk,2,63.092430114746094,0.04970319049007233,-0.0913627321603557,0.5102541109749863,0.520746400601647,0.09710235782864665,-0.18107081120929489,-0.1799795534775745,-0.033887167977162666,0.9830864764487917,0.9836703169893057,-0.00026039234191123275,-0.1799795534775745,-0.0059356870494412595,0.9994080385236745,-0.033887167977162666,0.17988183647441985,0.03440210357070651,0.9830864764487917,4.108240823885671,-2.1365374835342954,-1.0615926876045616,-6.6362827775800755,-1.8040926639601547,4.262780825236499,-1.9868469519573404,-0.18787538221474454,4.229999904918498,-2.0557144692042337,-0.08569085574312603,0.7090246945640278,0.056516903431719875,0.6976724871792548,0.1,-0.1,0.1,0.010254110974986297,0.04970319049007233,0.09710235782864665,-0.18107081120929489,1.0,False
1782605643.1158082,TRACKING,Tracking AprilTag,Walk,2,62.721710205078125,0.04549120471800631,-0.09130972703325502,0.5073658033831212,0.5175200231876861,0.08942243419843958,-0.19419907790997995,-0.1928370829805812,-0.038576757934930754,0.9804721786847245,0.981230611305895,0.000588951441208429,-0.1928370829805812,-0.008181076602653003,0.9992221493406015,-0.038576757934930754,0.19266436469124534,0.03943031071838792,0.9804721786847245,4.11186321089572,-2.1346159570496437,-1.064352167357832,-6.638839876219264,-1.8092164361511032,4.265460581714388,-1.9894874797792848,-0.19299915440569307,4.23263648801472,-2.058398106947292,-0.08343477046527463,0.7092260664275721,0.05407696169146548,0.6979346015145687,0.1,-0.1,0.1,0.0073658033831212055,0.04549120471800631,0.08942243419843958,-0.19419907790997995,1.0,False
1782605643.1658158,TRACKING,Tracking AprilTag,Walk,2,62.87247848510742,0.03677082572488234,-0.09041566027668914,0.5028720012329305,0.5122570984103313,0.0729917354195353,-0.20342521977898081,-0.2018830984050808,-0.0374874634319413,0.9786919355260895,0.9794094604586,0.0005686321820820195,-0.2018830984050808,-0.008307350961445845,0.9992625670990795,-0.0374874634319413,0.2017129065880451,0.038392690085474246,0.9786919355260895,4.115951815236252,-2.1395506781676867,-1.0668659487889347,-6.641279201778127,-1.814829037876026,4.268011530562145,-1.9918879102076872,-0.19861175613061577,4.235148174037727,-2.0608395900185625,-0.08062556857282713,0.7087848053264508,0.05163454278017544,0.6988973396876937,0.1,-0.1,0.1,0.002872001232930521,0.03677082572488234,0.0729917354195353,-0.20342521977898081,1.0,False
1782605643.215863,TRACKING,Tracking AprilTag,Walk,2,62.788604736328125,0.03244698372546999,-0.08970479841132618,0.500179812262971,0.5091950532029141,0.064779871247279,-0.2102478631847324,-0.20854612257265173,-0.038680754646265636,0.977247314644511,0.9780124101108894,0.000490335601454975,-0.20854612257265173,-0.008749041601238954,0.9992133173107007,-0.038680754646265636,0.20836309639700915,0.03965483677866745,0.977247314644511,4.1185990903795515,-2.1410113726922244,-1.0688229818234811,-6.6436083322314285,-1.8201468316462228,4.2704271186049345,-1.9937371698904622,-0.2039295499008127,4.237533455297993,-2.062727779700832,-0.0790394321637929,0.7084252425676789,0.050658477757488884,0.699514233227205,0.1,-0.1,0.1,0.00017981226297103525,0.03244698372546999,0.064779871247279,-0.2102478631847324,1.0,False
1782605643.265968,TRACKING,Tracking AprilTag,Walk,2,63.0078010559082,0.023840178041636552,-0.08642589345831428,0.49507622051684697,0.5031284659710386,0.048117391406425375,-0.2218085041689858,-0.2198438847526975,-0.03695792781202798,0.9748347438969764,0.9755350131653692,0.00032314901459897134,-0.2198438847526975,-0.008659751244027398,0.9992793004361856,-0.03695792781202798,0.2196735004428949,0.03795754594915047,0.9748347438969764,4.1235795325528235,-2.144983821913739,-1.0706383531779708,-6.644885769345983,-1.8217343097533074,4.27178566578078,-1.9954926664889618,-0.20551702800789728,4.238863355233664,-2.0645050767771376,-0.07843271490680136,0.7089462907723718,0.048890742910776566,0.6991803496166611,-0.1,-0.1,0.1,-0.004923779483153035,0.023840178041636552,0.048117391406425375,-0.2218085041689858,1.0,False
1782605643.315794,TRACKING,Tracking AprilTag,Walk,2,62.85863494873047,0.020631282060211795,-0.08532620269667278,0.4930459404671146,0.5007998702847108,0.04182014584522716,-0.21336014765165895,-0.21166438190119902,-0.02759972767448457,0.9769526316391587,0.977339938162427,0.002198796727009996,-0.21166438190119902,-0.008226169488707046,0.9995852065571186,-0.02759972767448457,0.21151589871261783,0.02871550321892225,0.9769526316391587,4.124401048535016,-2.1525986275374995,-1.0725621010895956,-6.645507214174547,-1.8206835355826947,4.272493818105363,-1.9973862134219997,-0.20446625383728456,4.239540707107166,-2.06640985869166,-0.07836987794957244,0.7098455456024357,0.04925583450568922,0.6982487568092747,-0.1,-0.1,0.1,-0.006954059532885415,0.020631282060211795,0.04182014584522716,-0.21336014765165895,1.0,False
1782605643.3659017,TRACKING,Tracking AprilTag,Walk,2,63.22505569458008,0.018528540972864438,-0.08284657815498549,0.49232134758367685,0.49958700106105725,0.03761730131153933,-0.2098518670411238,-0.2082801872126411,-0.01828622656598429,0.9778982449788141,0.9780631998878924,0.0034264616915891453,-0.2082801872126411,-0.0073967139407435725,0.9998054323421414,-0.01828622656598429,0.20817700556962473,0.019425674233338,0.9778982449788141,4.124928532837158,-2.1565307489963477,-1.075221642058569,-6.646526669979891,-1.8176465648461007,4.273632979849505,-1.9999967227258302,-0.20142928310069053,4.240637384865243,-2.0690384983017323,-0.0795905783272079,0.7113102759396325,0.05035446865026573,0.6965396318022212,-0.1,-0.1,0.1,-0.007678652416323151,0.018528540972864438,0.03761730131153933,-0.2098518670411238,1.0,False
1782605643.415871,TRACKING,Tracking AprilTag,Walk,2,63.19115447998047,0.0181631376806562,-0.0825092596418077,0.4912407156354386,0.49845272413245323,0.03695717207761348,-0.21210845586668112,-0.2104961048214315,-0.015553449185678822,0.9774709612430609,0.9775890799595021,0.0033136986795854664,-0.2104961048214315,-0.006738171708977565,0.9998563333101655,-0.015553449185678822,0.21041432409879918,0.016623240977982373,0.9774709612430609,4.1263667919458085,-2.1560816260034588,-1.079111436609405,-6.647702773204249,-1.8132888422172826,4.27498448753443,-2.0038291041551304,-0.1970715604718725,4.241926565748202,-2.072892292937292,-0.08081168092689683,0.7121071611586899,0.05059885459848752,0.6955664016940456,-0.1,-0.1,0.1,-0.008759284364561415,0.0181631376806562,0.03695717207761348,-0.21210845586668112,1.0,False
1782605643.4658616,TRACKING,Tracking AprilTag,Walk,2,62.921058654785156,0.017871806342546346,-0.08301546076902752,0.4908540800752318,0.4981452560399843,0.03639353533248115,-0.19823485923408313,-0.19693906645291728,-5.251024067815164e-05,0.9804157288351345,0.9803998888805057,0.00557332824670497,-0.19693906645291728,-0.005695205836836342,0.9999837808050442,-5.251024067815164e-05,0.19693557960299643,0.001173089554889704,0.9804157288351345,4.126095180398646,-2.1631130093534723,-1.0820501365304707,-6.6495086661586615,-1.8075896297352416,4.27692195063916,-2.0066827760540487,-0.1913723479898315,4.243817496562718,-2.075777009083394,-0.08319204203626132,0.7122288617176327,0.053345447351204986,0.6949556791084897,-0.1,-0.1,0.1,-0.009145919924768209,0.017871806342546346,0.03639353533248115,-0.19823485923408313,1.0,False
1782605643.5158615,TRACKING,Tracking AprilTag,Walk,2,63.0625114440918,0.018721636732942186,-0.08598725665527705,0.4914975569705036,0.49931368546939925,0.03807260032039283,-0.1736833531912361,-0.17279593177468025,0.01340108668081548,0.9848664766545225,0.9849489629502155,0.004135981795778411,-0.17279593177468025,-0.0018477607854486345,0.9999084941412654,0.01340108668081548,0.17283554658511288,-0.01288010088205684,0.9848664766545225,4.1239293557676815,-2.1742468139633755,-1.0841958554077595,-6.650502239961445,-1.8005947090785368,4.278011926808075,-2.0087811683798846,-0.18437742733312668,4.244873300127333,-2.0778928014254907,-0.08471530131150332,0.7120235627521597,0.05474756864295279,0.6948729866220932,-0.1,-0.1,0.1,-0.008502443029496376,0.018721636732942186,0.03807260032039283,-0.1736833531912361,1.0,False
1782605643.5658343,TRACKING,Tracking AprilTag,Walk,2,62.918052673339844,0.022961181546992844,-0.08688722805475133,0.4845855749956514,0.4928486438562436,0.04734771729066005,-0.20889091050475453,-0.20737482851966335,0.0014550495927480793,0.9782604782608376,0.9782220718328886,0.008789691428659607,-0.20737482851966335,-0.008676568281988966,0.9999612992478912,0.0014550495927480793,0.20737959239476486,0.00037594023237898927,0.9782604782608376,4.134562776278392,-2.154074150692641,-1.0854105911576626,-6.650177850458836,-1.7937163505332954,4.277743027354288,-2.0100093803222014,-0.17749906878788524,4.244584518330371,-2.0791164911595494,-0.08734109661483991,0.7117902646556694,0.05950913291367499,0.6943952873424414,-0.1,-0.1,0.1,-0.015414425004348586,0.022961181546992844,0.04734771729066005,-0.20889091050475453,1.0,False
1782605643.6158524,TRACKING,Tracking AprilTag,Walk,2,63.219627380371094,0.026212309336219222,-0.08645130485062158,0.48413685136803014,0.49249304982269837,0.05408954377837747,-0.20311494709256236,-0.20172087231094915,-0.0018501488186702325,0.9794413033068692,0.9794137257649073,0.00757914621925325,-0.20172087231094915,-0.008119242002261266,0.9999653268282144,-0.0018501488186702325,0.2016998554600667,0.0034498817269131912,0.9794413033068692,4.1347124389456456,-2.153753522176785,-1.0859939706961697,-6.6486871719339335,-1.7868491693078965,4.27628037479263,-2.010659842953278,-0.17063188756248637,4.243111509667935,-2.079743148666438,-0.08831892591777216,0.7118615293565836,0.06134106464917831,0.6940390508714492,-0.1,-0.1,0.1,-0.01586314863196986,0.026212309336219222,0.05408954377837747,-0.20311494709256236,1.0,False
1782605643.6658378,TRACKING,Tracking AprilTag,Walk,2,62.97670364379883,0.03297127186221877,-0.08389320428510048,0.4851701901800441,0.49347268205319544,0.06785382844425408,-0.19570342487794998,-0.19445177580670772,-0.007029508836022283,0.9808868909773145,0.9808985366798422,0.0051543792024072435,-0.19445177580670772,-0.006648025435656725,0.9999531937862548,-0.007029508836022283,0.1944064415011786,0.008187955282403892,0.9808868909773145,4.13380074799036,-2.150549360714546,-1.086143490348912,-6.646316434171401,-1.7790143992951217,4.273918871091046,-2.010916852549712,-0.1627971175497116,4.240746148626618,-2.0799618283625074,-0.09155503696138786,0.71223715086829,0.06512614962520057,0.6928885197237833,-0.1,-0.1,0.1,-0.014829809819955908,0.03297127186221877,0.06785382844425408,-0.19570342487794998,1.0,False
1782605643.7158597,TRACKING,Tracking AprilTag,Walk,2,62.96068572998047,0.036956687592530096,-0.07965109701660182,0.48729289047774754,0.49514084372420547,0.07569590213314734,-0.1869214121732829,-0.18583479535673264,-0.0004990123492804584,0.9825808769874349,0.9825702053406332,0.004606561796746104,-0.18583479535673264,-0.004782602170878453,0.9999884387847443,-0.0004990123492804584,0.18583034814943722,0.0013790885621978726,0.9825808769874349,4.131921038859318,-2.1505195941460586,-1.0859243781042145,-6.643512484948193,-1.7731880697684226,4.2711078648670515,-2.010825280551942,-0.15697078802301245,4.237936997061444,-2.0798246827975193,-0.09393211676255193,0.7116013965786829,0.06634451651779984,0.6931079388924886,-0.1,-0.1,0.1,-0.012707109522252458,0.036956687592530096,0.07569590213314734,-0.1869214121732829,1.0,False
1782605643.765996,TRACKING,Tracking AprilTag,Walk,2,62.953468322753906,0.04339715290097812,-0.07567839392808705,0.48939654862498055,0.4971111686469019,0.08844349126299395,-0.16997448490066247,-0.1691557343348705,0.0041652461684568666,0.9855805336277633,0.9855761789486158,0.005092448397040695,-0.1691557343348705,-0.004451993233644732,0.999981415067602,0.0041652461684568666,0.16917380188815698,-0.0033520872183970293,0.9855805336277633,4.129252872777806,-2.15186224569937,-1.0858765408547113,-6.640539712085086,-1.768862937931745,4.268135985919329,-2.0109124723987484,-0.15264565618633497,4.234964094944722,-2.0798636687238514,-0.09558287264033068,0.7107068767713987,0.068848965733265,0.6935556716552218,-0.1,-0.1,0.1,-0.010603451375019446,0.04339715290097812,0.08844349126299395,-0.16997448490066247,1.0,False
1782605643.8158288,TRACKING,Tracking AprilTag,Walk,2,62.78376388549805,0.04579489671001635,-0.07682595797478065,0.4916910034244787,0.49975938533657827,0.09286963524850612,-0.1585269291428538,-0.1578637735414068,0.0002517612005447452,0.9874608678927815,0.9874542576163492,0.0036218943402791686,-0.1578637735414068,-0.003627637830323283,0.9999933884081784,0.0002517612005447452,0.15786364166304007,0.00032406992755588406,0.9874608678927815,4.125673861665863,-2.154643041960417,-1.0858954507339256,-6.636980260708282,-1.7641261806498238,4.264581064207281,-2.011092980871045,-0.14790889890441372,4.2314067134348115,-2.0799865038992187,-0.09625393416075075,0.7105823091309196,0.07043566266423992,0.6934311642360743,-0.1,-0.1,-0.1,-0.00830899657552131,0.04579489671001635,0.09286963524850612,-0.1585269291428538,1.0,False
1782605643.8657997,TRACKING,Tracking AprilTag,Walk,2,63.24113845825195,0.05014697786452843,-0.07880657480062327,0.4954123375811631,0.5041414284190341,0.10087910629912228,-0.1530294616227622,-0.1524325399762719,-0.002131290144256022,0.9883115795935528,0.9883123886467248,0.0017155768090107086,-0.1524325399762719,-0.0020645772023380436,0.9999955975519575,-0.002131290144256022,0.1524282125079899,0.002421089200298385,0.9883115795935528,4.121783238472877,-2.1525258925069983,-1.0861921957244394,-6.632520027289851,-1.7585103986361643,4.260138904676358,-2.011591938222045,-0.1422931168907542,4.2269570465478505,-2.0804133578922435,-0.09685978098045794,0.7106102268150422,0.0743385086541889,0.6929105818973781,-0.1,-0.1,-0.1,-0.004587662418836902,0.05014697786452843,0.10087910629912228,-0.1530294616227622,1.0,False
1782605643.9158137,TRACKING,Tracking AprilTag,Walk,2,63.0128059387207,0.05656709940979047,-0.08241754229004142,0.5005872521948475,0.5104704546521333,0.11252414537691936,-0.15572188262125936,-0.15509212996006433,-0.0038633054006177924,0.9878924567460935,0.9878927475575665,-0.0037882116642076083,-0.15509212996006433,0.003228078555322435,0.9999873271098101,-0.0038633054006177924,0.155104799513113,0.0033158818080469346,0.9878924567460935,4.117780996404069,-2.1445115764862206,-1.0866764328770466,-6.627316069202521,-1.7533963809306072,4.25496230066528,-2.0123119634349007,-0.1371790991851971,4.2217694467413756,-2.081049340315366,-0.09539756202909011,0.7121553127034059,0.07928434617772749,0.6909761994442285,0.1,-0.1,-0.1,0.0005872521948474541,0.05656709940979047,0.11252414537691936,-0.15572188262125936,1.0,False
1782605643.965819,TRACKING,Tracking AprilTag,Walk,2,62.926605224609375,0.06008515627130967,-0.08236803149384327,0.5042214968417155,0.5144259290642517,0.11860491913439672,-0.1436276834831172,-0.14313254887505547,-0.0050565694960915215,0.9896906105230366,0.9896282749454758,-0.012204543456086226,-0.14313254887505547,0.011600119822833828,0.9999199309569877,-0.0050565694960915215,0.1431828015109969,0.003343769430060696,0.9896906105230366,4.113004562151371,-2.147069776298096,-1.0874258396452972,-6.6223800038348655,-1.7498774379301918,4.250065353197834,-2.0132847210198808,-0.13366015618478166,4.216857368185472,-2.0819425570184724,-0.09722734105994636,0.7115356824085717,0.08056502837359021,0.6912113229779615,0.1,-0.1,-0.1,0.004221496841715466,0.06008515627130967,0.11860491913439672,-0.1436276834831172,1.0,False
1782605644.015958,TRACKING,Tracking AprilTag,Walk,2,63.21867752075195,0.06168922742066778,-0.0829837167470051,0.5080300249137514,0.518446105433123,0.12083672165550244,-0.13264369079397373,-0.13225215316621128,-0.006640988939924695,0.9911938585608775,0.991123417890028,-0.013555017258933617,-0.13225215316621128,0.012788845941251376,0.9998961659519406,-0.006640988939924695,0.1323284396094805,0.00489068724406659,0.9911938585608775,4.10789864874532,-2.1504647491626665,-1.0883835379185647,-6.61737140790948,-1.7468749192258728,4.24510540752372,-2.0144688485620996,-0.13065763748046264,4.211878871956669,-2.0830460942521802,-0.09789967325347752,0.7106271170138646,0.08142030182053554,0.6919504960565304,0.1,-0.1,-0.1,0.008030024913751377,0.06168922742066778,0.12083672165550244,-0.13264369079397373,1.0,False
1782605644.065846,TRACKING,Tracking AprilTag,Walk,2,62.98936080932617,0.0632374816837473,-0.08393845392366833,0.5134179955537144,0.5240636233275421,0.12255233608360037,-0.12362011288670051,-0.123295504670339,-0.012728896253322523,0.9922883621852362,0.992275004034786,-0.0137308009909114,-0.123295504670339,0.01225390322821977,0.999843896343747,-0.012728896253322523,0.12345103573254873,0.011119714398419127,0.9922883621852362,4.10116894052512,-2.152665050761593,-1.0893393688261785,-6.612620280104607,-1.7462052130279084,4.240402579640909,-2.015639420237328,-0.1299879312824983,4.2071576795409955,-2.084140247036934,-0.09887501237046975,0.7089094251129667,0.08178550405952437,0.6935288676331159,0.1,-0.1,-0.1,0.013417995553714368,0.0632374816837473,0.12255233608360037,-0.12362011288670051,1.0,False
1782605644.1158187,TRACKING,Tracking AprilTag,Walk,2,62.97233200073242,0.061961261099318835,-0.08299072379279608,0.5186431423479211,0.5288831319083603,0.11890444923313018,-0.13004865401373042,-0.12961454691715252,-0.032341299381309065,0.9910368860853717,0.9914746097417658,-0.013347938600188514,-0.12961454691715252,0.009227149724424823,0.9994342900172535,-0.032341299381309065,0.12997291235244435,0.03086960435175697,0.9910368860853717,4.09550540772322,-2.1496678796948903,-1.090356911724,-6.607763852276171,-1.748964759033676,4.235597362389988,-2.0168764214390897,-0.13274747728826597,4.202333033945245,-2.085299160181704,-0.09887573834440895,0.7087315269477017,0.08068748524154853,0.693839131789655,0.1,-0.1,-0.1,0.018643142347921082,0.061961261099318835,0.11890444923313018,-0.13004865401373042,1.0,False
1782605644.1658447,TRACKING,Tracking AprilTag,Walk,2,63.210365295410156,0.05898618020689021,-0.079669302117745,0.5235786876131557,0.5328801077897756,0.11218659264690987,-0.13284062077406816,-0.13233442023313088,-0.04181535566749496,0.9903227136908261,0.9911244017535054,-0.012649959301008625,-0.13233442023313088,0.007168584389202924,0.9990996383886123,-0.04181535566749496,0.13274423394863874,0.04049556891101855,0.9903227136908261,4.090308894298198,-2.1503337927038926,-1.0918448036998696,-6.603929412605035,-1.7519770629684102,4.231834435623807,-2.0185368829038053,-0.13575978122300003,4.198543674588603,-2.08689838055103,-0.09893715034179845,0.7097107860422162,0.07769709585756288,0.6931703987858143,0.1,-0.1,-0.1,0.023578687613155735,0.05898618020689021,0.11218659264690987,-0.13284062077406816,1.0,False
1782605644.215836,TRACKING,Tracking AprilTag,Walk,2,63.29380416870117,0.0553787675173488,-0.07710596274305848,0.5259739877338048,0.5344724250650122,0.10490154293486886,-0.14222631978763445,-0.14165242277858242,-0.03658272960955457,0.989240261521574,0.9898668652896815,-0.00990858832212384,-0.14165242277858242,0.004768126868419256,0.9993192527218121,-0.03658272960955457,0.14191847648472783,0.03553661515932255,0.989240261521574,4.089060769691215,-2.1486315287880875,-1.094979596946597,-6.600452199196664,-1.7553869522557821,4.228503144803818,-2.021826327121258,-0.139169670510372,4.19515947748161,-2.0901333692261432,-0.09887597812926878,0.7101370404531124,0.07604905478337586,0.6929252961120916,0.1,-0.1,-0.1,0.02597398773380477,0.0553787675173488,0.10490154293486886,-0.14222631978763445,1.0,False
1782605644.2658978,TRACKING,Tracking AprilTag,Walk,2,63.16252899169922,0.047951318761867,-0.07459910152336674,0.5312170662102806,0.5385684045245817,0.09002292516337777,-0.1538913464545337,-0.15318895251711376,-0.03532891822007623,0.987565193981698,0.988171874443261,-0.007035011442869229,-0.15318895251711376,0.00163798462780678,0.9993743965820608,-0.03532891822007623,0.15334165632877098,0.03466012219021255,0.987565193981698,4.084505621467303,-2.1490023656841712,-1.0991688709637153,-6.597381504687618,-1.7588337343841467,4.225625832674847,-2.0261507064375146,-0.14261645263873657,4.192212416000601,-2.0944105189997115,-0.09899600144344511,0.7114650979199998,0.07299581857358838,0.6918734108279246,0.1,-0.1,-0.1,0.031217066210280642,0.047951318761867,0.09002292516337777,-0.1538913464545337,1.0,False
1782605644.3158495,TRACKING,Tracking AprilTag,Walk,2,63.13554000854492,0.04346806554789867,-0.07355225339011667,0.5339032169641658,0.5406958958471254,0.08123645182751084,-0.163644097437692,-0.16279380381056988,-0.038516644920516645,0.9859080309567179,0.9866415039588718,-0.00605971176386509,-0.16279380381056988,-0.0002179677950263554,0.999257934946782,-0.038516644920516645,0.1629063999842111,0.03803760427828893,0.9859080309567179,4.082338780808901,-2.1478362672670417,-1.103627018959469,-6.594677989110113,-1.7627586423577644,4.223127529099974,-2.030727010544284,-0.14654136061235423,4.189640227812111,-2.0989457067524784,-0.09911950636153749,0.712696105778124,0.07110481829506846,0.69078483559106,0.1,-0.1,0.1,0.03390321696416576,0.04346806554789867,0.08123645182751084,-0.163644097437692,1.0,False
1782605644.3657768,TRACKING,Tracking AprilTag,Walk,2,63.27771759033203,0.032343770319969906,-0.07158972622275965,0.5405111048122949,0.546189951211635,0.059767963968606584,-0.16601155084576655,-0.16509078531510082,-0.043894658482730914,0.9853011172026183,0.9862703121773934,-0.003987972110012649,-0.16509078531510082,-0.003307913740065917,0.9990306885493422,-0.043894658482730914,0.16510581160030444,0.04383810460178518,0.9853011172026183,4.074230895312542,-2.156326846813425,-1.1070752230880212,-6.594398720822841,-1.766727305461869,4.223005115714099,-2.034184338624087,-0.15051002371645894,4.189461763623272,-2.1024005950316766,-0.09667817306319755,0.7120860133385895,0.06988415919025327,0.6918836930835905,0.1,-0.1,0.1,0.04051110481229492,0.032343770319969906,0.059767963968606584,-0.16601155084576655,1.0,False
1782605644.415824,TRACKING,Tracking AprilTag,Walk,2,63.44832992553711,0.02231437927383813,-0.0763898718719642,0.5399249782531774,0.5457584870514484,0.04130515982821313,-0.1547382275700837,-0.15405890125424113,-0.028489365471557684,0.9876508548061729,0.9880582826854001,-0.002585529174846868,-0.15405890125424113,-0.0018263750127471968,0.9995924271468551,-0.028489365471557684,0.15406977111390416,0.028430522850366048,0.9876508548061729,4.072312876380466,-2.1723576521217693,-1.1097774561240834,-6.595894507345156,-1.7698510393869906,4.224622055357277,-2.036815868006755,-0.15363375764158047,4.191035815572873,-2.1050579999992127,-0.09594767935454211,0.7116729906322907,0.06890898854407,0.692507868929157,0.1,-0.1,0.1,0.03992497825317742,0.02231437927383813,0.04130515982821313,-0.1547382275700837,1.0,False
1782605644.4658282,TARGET_REACHED,Target reached,Walk,2,63.41743850708008,0.018443799237767837,-0.07654075192208545,0.5365218398079413,0.5422677798154889,0.03436307283542373,-0.14912077189379228,-0.1485460080726599,-0.017484650119822646,0.9887509142832004,0.9889035820578878,-0.0019465042398569728,-0.1485460080726599,-0.0006583743150381285,0.9998469150592248,-0.017484650119822646,0.14855730186140234,0.017388432010837975,0.9887509142832004,4.07508595936846,-2.179749805048744,-1.1116053685937828,-6.5982169025764446,-1.772453791999608,4.227025052361455,-2.038536446108763,-0.15623651025419782,4.19341059425754,-2.106817320835798,-0.09466338079621656,0.7112265483032312,0.068113689857239,0.6932215854825452,0.0,0.0,0.0,0.036521839807941325,0.018443799237767837,0.03436307283542373,-0.14912077189379228,1.0,True
1782605644.5158775,TARGET_REACHED,Target reached,Walk,2,63.2842903137207,0.013720514041194967,-0.07689851766345479,0.5324430428226484,0.5381423867106474,0.025763278239844853,-0.1519775830807238,-0.15138123356059882,-0.012581277008960366,0.9883953832320825,0.9884713103879594,-0.0028619338884564977,-0.15138123356059882,0.0009683000291519172,0.9999203837625661,-0.012581277008960366,0.15140518793939664,0.012289648918531178,0.9883953832320825,4.078945213552007,-2.1836473863845014,-1.1128115897148558,-6.6009883950444275,-1.7746907634115165,4.229848455317644,-2.0396155826339486,-0.15847348166610642,4.1962161257590145,-2.1079421020977502,-0.09374805318900827,0.7109227366833127,0.06756451489598447,0.6937111800431432,0.0,0.0,0.0,0.0,0.0,0.0,,0.0,False
1782605644.5657904,TARGET_REACHED,Target reached,Walk,2,63.575626373291016,0.012034196446768883,-0.07650925485662873,0.5293148579159768,0.534951125593214,0.022731505492507978,-0.160791963938936,-0.16009418712817047,-0.008525043893589306,0.9870649294116283,0.9871016471492592,-0.0004352504907246049,-0.16009418712817047,-0.0009417221558114986,0.9999632177165286,-0.008525043893589306,0.16009200902793552,0.008565849112416968,0.9870649294116283,4.08286962364921,-2.1810629929749554,-1.113478939919796,-6.603684429950439,-1.7739249876523624,4.232572010918798,-2.040159830185978,-0.15770770590695227,4.198930497238881,-2.1085304455176628,-0.0936281543098528,0.7099626407641512,0.06762711536852471,0.6947038150943576,0.0,0.0,0.0,0.0,0.0,0.0,,0.0,False
1782605644.61589,TARGET_REACHED,Target reached,Walk,2,63.572113037109375,0.011388987237640447,-0.07476931070854739,0.5259074752295068,0.5313180133934898,0.021652491899906298,-0.1644437958018282,-0.16370085973294524,-0.005844411429612805,0.9864927122780665,0.986509163161301,0.001303656965696866,-0.16370085973294524,-0.002291277708148019,0.999980296256634,-0.005844411429612805,0.16369001510554565,0.006140649559308435,0.9864927122780665,4.08669604279312,-2.1802597268843456,-1.1135577498139286,-6.606600926048287,-1.7708336034069965,4.235489077465967,-2.040106134305628,-0.15461632166158634,4.2018480509645775,-2.108524062269658,-0.0950309817478074,0.7085514881890148,0.06799262277909919,0.6959173114248555,0.0,0.0,0.0,0.0,0.0,0.0,,0.0,False
1782605644.6657968,TARGET_REACHED,Target reached,Walk,2,63.584556579589844,0.013714064281963693,-0.0755130649865584,0.5235741137338955,0.5291693028842737,0.02618717940497984,-0.13640651968232867,-0.13594939601959377,0.02252558391945531,0.9904596709563672,0.9907076792013199,0.004007005545584143,-0.13594939601959377,-0.0009524984092160534,0.9997458131024446,0.02252558391945531,0.1360050996040778,-0.022186777384055587,0.9904596709563672,4.088712791438,-2.1929160604686504,-1.1141093037027054,-6.60876851984036,-1.769129482251984,4.237679479192194,-2.040558699016354,-0.15291220050657395,4.204030825485033,-2.1090120888391275,-0.09710385107497387,0.7063374409117992,0.06762480640545006,0.6979148567205067,0.0,0.0,0.0,0.0,0.0,0.0,,0.0,False
1782605644.715834,TARGET_REACHED,Target reached,Walk,2,63.5986328125,0.014324434117204566,-0.08117488883623984,0.5194378604844002,0.5259374895317553,0.02756981289671265,-0.13154620503287978,-0.13116705216906835,0.0011899736563747523,0.9913595656410311,0.9913440119939532,0.0056792877202693865,-0.13116705216906835,-0.005571335634319919,0.9999837719592988,0.0011899736563747523,0.13117168178758118,-0.00044889758687942794,0.9913595656410311,4.090879496479361,-2.1949836168795964,-1.1154059967530647,-6.610324788073256,-1.7676984748656985,4.239293019148574,-2.0417833918303843,-0.1514811931202884,4.20562429262387,-2.110262787106902,-0.0975301233961437,0.7055980954836153,0.06786827109919387,0.6985793444256951,0.0,0.0,0.0,0.0,0.0,0.0,,0.0,False
1782605644.7658317,TARGET_REACHED,Target reached,Walk,2,63.38990020751953,0.014205164470412802,-0.08414383107526843,0.5180682532383324,0.5250492224725903,0.027412616077574628,-0.12272280118868133,-0.12241452969627468,0.0027145776489231814,0.9924753467907542,0.9924647417739123,0.005330971288746221,-0.12241452969627468,-0.005036531853664765,0.999983632073583,0.0027145776489231814,0.12242699735976771,-0.0020775779271971005,0.9924753467907542,4.091566025476273,-2.1998320504323585,-1.1175164368235548,-6.611576138748327,-1.7654620378821766,4.240638904484329,-2.0438348372881365,-0.14924475613676647,4.206936733032266,-2.112335788789859,-0.09820646657838843,0.7041690521534291,0.06878725160586933,0.6998355163379749,0.0,0.0,0.0,0.0,0.0,0.0,,0.0,False
1782605644.8159068,TARGET_REACHED,Target reached,Walk,2,63.38530731201172,0.014070197306298295,-0.08821022769292274,0.5174241089568657,0.5250778258998202,0.027186075301795315,-0.11164299802058505,-0.11139405082380116,0.01755522614611482,0.9936212454834202,0.9937603802820624,0.005627790215995693,-0.11139405082380116,-0.003694388359588719,0.9998390698155415,0.01755522614611482,0.1114749212885992,-0.01703415532620978,0.9936212454834202,4.092498286187294,-2.205815079226339,-1.1191614832553425,-6.612020053944398,-1.7644013978013484,4.241157055737229,-2.0454580309744097,-0.1481841160559383,4.207428493092045,-2.1139671717944433,-0.09686071350313723,0.7048798867345506,0.07104339667148817,0.6990816713704686,0.0,0.0,0.0,0.0,0.0,0.0,,0.0,False
1782605644.8658392,TARGET_REACHED,Target reached,Walk,2,63.48487091064453,0.015437914981624863,-0.09221051154174927,0.5123327685681498,0.5207935996212667,0.03012347846555108,-0.15072461724660527,-0.15012619800158247,-0.01944011772466405,0.9884756984855222,0.988666211237415,0.0011168845261237657,-0.15012619800158247,-0.004081392762636185,0.9998026925628718,-0.01944011772466405,0.15007486461953626,0.019832511514858667,0.9884756984855222,4.097932719968565,-2.1852456895775973,-1.1199877446590099,-6.611598144907154,-1.7646919978415396,4.240773098516669,-2.04630259713267,-0.1484747160961295,4.2070308901768945,-2.11480540032221,-0.09722994891617258,0.7058174069470307,0.070618362144389,0.698126902512983,0.0,0.0,0.0,0.0,0.0,0.0,,0.0,False
1782605644.9158206,TARGET_REACHED,Target reached,Walk,2,63.614463806152344,0.013776923636630422,-0.0915774105253998,0.513039578045309,0.5213308300727436,0.02684707786590635,-0.14836866912065103,-0.14776279580491603,-0.028988873929472192,0.9885978967023022,0.989022705352941,0.0004944413658014794,-0.14776279580491603,-0.00483073323862583,0.9995680613168262,-0.028988873929472192,0.14768463803905524,0.02938445716798902,0.9885978967023022,4.09615174756456,-2.187925939359633,-1.1201067891833578,-6.611077231319405,-1.7657141972097676,4.240258127432326,-2.0464451711379033,-0.1494969154643575,4.20651367471363,-2.114939604380411,-0.09686425477287543,0.7058822346870223,0.0704356332752982,0.6981306528620977,0.0,0.0,0.0,0.0,0.0,0.0,,0.0,False
1782605644.96593,TARGET_REACHED,Target reached,Walk,2,63.457977294921875,0.01297471778034788,-0.09117489164617003,0.5126333415619417,0.5208398477930937,0.025304535013334732,-0.15603638133448788,-0.15538288151853855,-0.01647486243399531,0.9877169326475965,0.9878500606010479,0.0029013620080773,-0.15538288151853855,-0.00552800036557873,0.9998489986591671,-0.01647486243399531,0.15531161895513249,0.017133650479655354,0.9877169326475965,4.098006181012545,-2.184834903604378,-1.1197111147624041,-6.610584273385977,-1.766525343551506,4.239747712181999,-2.046072287719446,-0.1503080618060959,4.206009373570512,-2.1145584926794934,-0.0964346363677381,0.7055597445639572,0.07018976697651823,0.6985407678663054,0.0,0.0,0.0,0.0,0.0,0.0,,0.0,False
1782605645.015783,TARGET_REACHED,Target reached,Walk,2,63.42274856567383,0.012130641864449126,-0.09004639840088759,0.5138898413911449,0.521860398403664,0.023601146570716196,-0.14818928656308697,-0.1475915841715926,-0.027520537309319516,0.988665435983238,0.9890483718334456,0.00020604691184587798,-0.1475915841715926,-0.004315023178305222,0.9996119249994855,-0.027520537309319516,0.14752863704576433,0.027856003724387273,0.988665435983238,4.095225013283882,-2.1895607349060855,-1.1190885898823868,-6.610012923098636,-1.7681857258734555,4.239148685206085,-2.045476347236502,-0.15196844412804533,4.205420089632791,-2.1139529162451525,-0.09588679235565029,0.7054484697941477,0.07012980548481361,0.6987345632638349,0.0,0.0,0.0,0.0,0.0,0.0,,0.0,False
1782605645.065915,TARGET_REACHED,Target reached,Walk,2,63.56633758544922,0.011890974055379573,-0.08702443494916924,0.5135014983090299,0.5209591503254613,0.023152511422400296,-0.15938415178645923,-0.15866738358298202,-0.023225199600251708,0.987058889575723,0.9873319638225361,0.0005045802862242094,-0.15866738358298202,-0.0042432752544388835,0.9997212535095188,-0.023225199600251708,0.15861143662879254,0.023604251313931127,0.987058889575723,4.097004821607708,-2.1842020909921898,-1.1183920490111245,-6.608946230597825,-1.769122256669783,4.238051466168831,-2.0448289582800654,-0.15290497492437294,4.204333513477829,-2.113287819007077,-0.09527430181258832,0.70598196608982,0.06939582393396088,0.6983526978473001,0.0,0.0,0.0,0.0,0.0,0.0,,0.0,False
1782605645.1158266,TARGET_REACHED,Target reached,Walk,2,63.207611083984375,0.011344022964524665,-0.08103080623313594,0.515580525742054,0.5220325247915732,0.0219988776861628,-0.1644394117364143,-0.16364813791854768,-0.025007010302190134,0.9862017726568627,0.9865155580832834,0.0025180578666986093,-0.16364813791854768,-0.006699909080229898,0.9996648241556081,-0.025007010302190134,0.16353031791672365,0.025766232369462707,0.9862017726568627,4.095519492017508,-2.181697481961628,-1.1183143629280232,-6.60729612738422,-1.7685725449491765,4.236399537433252,-2.044826275814379,-0.15235526320376636,4.202681845474327,-2.1132583478472475,-0.09552071200303486,0.706487055230114,0.06927540455172176,0.6978200002113083,0.0,0.0,0.0,0.0,0.0,0.0,,0.0,False
1782605645.1658347,TARGET_REACHED,Target reached,Walk,2,63.56071853637695,0.011697568433007318,-0.0799615090169473,0.5173186539389217,0.5235926524930331,0.022608068168061577,-0.16067453777903487,-0.15993857533160072,-0.023852446540693115,0.9868387471694254,0.9871244759208598,0.0022183685144032224,-0.15993857533160072,-0.00611130854635145,0.9996968103889672,-0.023852446540693115,0.15983717010075943,0.024522767773227303,0.9868387471694254,4.093620253500568,-2.1830211707517706,-1.118761856591454,-6.605810654267953,-1.7676792164341957,4.234935914967405,-2.0453407563635104,-0.15146193468878555,4.201210072233503,-2.113749025425258,-0.09613220934327123,0.7071668428261209,0.06939829969733294,0.697034813142957,0.0,0.0,0.0,0.0,0.0,0.0,,0.0,False
1782605645.2158098,TARGET_REACHED,Target reached,Walk,2,63.52326583862305,0.012145836963897316,-0.0801502476116161,0.5202653783240029,0.5265431107045032,0.02334122479413403,-0.1539275055509035,-0.153304162339551,-0.014541693312361053,0.9880720484686215,0.988177078747298,0.0019735368820951744,-0.153304162339551,-0.004252894102742505,0.9998852194363912,-0.014541693312361053,0.15325786743331402,0.015021754385387819,0.9880720484686215,4.090691245688092,-2.1856758688686297,-1.119587526573491,-6.603931880074737,-1.7673885071692068,4.233096568281235,-2.0462508811661637,-0.15117122542379668,4.1993562080851685,-2.1146292021733317,-0.09649554836950006,0.7078171248836762,0.06921312577546683,0.6963426384235459,0.0,0.0,0.0,0.0,0.0,0.0,,0.0,False
1782605645.265851,TARGET_REACHED,Target reached,Walk,2,63.412208557128906,0.011462050671978549,-0.08016104247209134,0.5221236506567599,0.5283656668548419,0.02194922584601734,-0.14803935723908035,-0.14745819508695138,-0.023583693138967313,0.988787080275438,0.9890671898805706,0.001474653671117235,-0.14745819508695138,-0.005006569732932528,0.9997093295940758,-0.023583693138967313,0.14738055557386273,0.024064116836359284,0.988787080275438,4.087691652579982,-2.189055255324154,-1.1201832368146905,-6.602298986882043,-1.7671531577875261,4.231492407605221,-2.0469201190877904,-0.150935876042116,4.1977414054412066,-2.115272337688809,-0.09674066229143785,0.7088618623676713,0.0691527888808827,0.6952510310168887,0.0,0.0,0.0,0.0,0.0,0.0,,0.0,False
1782605645.3159392,TARGET_REACHED,Target reached,Walk,2,63.623558044433594,0.01056229087443166,-0.08143317319047755,0.524438133857666,0.5308279193189612,0.020137481278466075,-0.14279200831547,-0.1423069366266677,-0.002126742334719237,0.9898202931618322,0.989818632210615,0.0027948374981484557,-0.1423069366266677,-0.0031293285242951934,0.9999928421093967,-0.002126742334719237,0.14229997410995726,0.0025504143448071034,0.9898202931618322,4.08611323856038,-2.1924322069217563,-1.1202955723819155,-6.60151905479053,-1.7655358969752777,4.230718380534474,-2.0470677518781426,-0.14931861522986756,4.196965086020314,-2.1154073988000914,-0.09771836359891896,0.7085039129645542,0.06890945190704528,0.6955032812052977,0.0,0.0,0.0,0.0,0.0,0.0,,0.0,False
1782605645.3657782,TARGET_REACHED,Target reached,Walk,2,63.599876403808594,0.010741257041393613,-0.08441442970745945,0.5237302750864363,0.53059831472384,0.02050626423421685,-0.15464174413827964,-0.15402503217835609,-0.0037729402370177186,0.988059742315425,0.9880548891511288,0.00488113583163089,-0.15402503217835609,-0.005528188569525882,0.9999776017757136,-0.0037729402370177186,0.15400316605735812,0.004579351469969623,0.988059742315425,4.087699036149885,-2.1860374147441717,-1.1202196505282833,-6.60110229537833,-1.7634686783620268,4.230298603691373,-2.047010831429164,-0.14725139661661668,4.196546287447692,-2.115343678386679,-0.09839202319677516,0.7082150404169865,0.07013178328355747,0.695580332723604,0.0,0.0,0.0,0.0,0.0,0.0,,0.0,False
1782605645.4158669,TARGET_REACHED,Target reached,Walk,2,63.289459228515625,0.011884257632965172,-0.08408415923561166,0.5242445616540937,0.5310779056200129,0.022665418713589614,-0.1580312090519038,-0.15736357914355617,-0.011647731751613445,0.987472042289893,0.987531975463157,0.004159494796792781,-0.15736357914355617,-0.006067717257233478,0.9999137528568796,-0.011647731751613445,0.15730155830480855,0.012457345251165144,0.987472042289893,4.087153329101046,-2.183053411728692,-1.119940534793751,-6.601014737506355,-1.7624211843133686,4.230198462778077,-2.046735979156675,-0.14620390256795845,4.196450616935549,-2.115067238289525,-0.09869611584892495,0.7080240840120775,0.07049722560637496,0.6956946991008327,0.0,0.0,0.0,0.0,0.0,0.0,,0.0,False
1782605645.4658265,TARGET_REACHED,Target reached,Walk,2,63.36777877807617,0.013873319273568472,-0.08479865262175007,0.525228642622425,0.5322108675188112,0.026407726201022934,-0.15164707636860675,-0.15105622476403266,-0.011669209347751211,0.9884562946904817,0.9885192237387681,0.00342946919235143,-0.15105622476403266,-0.005252194361183095,0.9999181186515177,-0.011669209347751211,0.1510038368826951,0.012328614418011466,0.9884562946904817,4.085863147772108,-2.184294767918166,-1.119496817204279,-6.601168863113161,-1.7619943221248138,4.230332282279282,-2.0462857210718197,-0.14577704037940364,4.196591720597959,-2.114619209542305,-0.09875464773124161,0.7078230220885099,0.07080061271213861,0.6958601599405968,0.0,0.0,0.0,0.0,0.0,0.0,,0.0,False
1782605645.5158138,TARGET_REACHED,Target reached,Walk,2,63.8360481262207,0.014554147268020812,-0.08540384876139243,0.5247168182638619,0.5318208156465001,0.027730036613800604,-0.14719098001098882,-0.14665970563880032,0.0022254830638945944,0.989184501479412,0.9891760887889064,0.004647161523120534,-0.14665970563880032,-0.00436799578965833,0.9999879838467629,0.0022254830638945944,0.14666828553256855,-0.0015607856560663942,0.989184501479412,4.087029463954917,-2.1860525939510738,-1.1189325132902646,-6.601462832262462,-1.761717983928666,4.230600325831826,-2.0457086513862075,-0.14550070218325595,4.1968690871431775,-2.1140465625588103,-0.09875357885007076,0.7076322578416072,0.07098294944538461,0.696035731277013,0.0,0.0,0.0,0.0,0.0,0.0,,0.0,False
1782605645.565843,TARGET_REACHED,Target reached,Walk,2,63.21162796020508,0.015667157701335872,-0.08720149953094904,0.5256686633728521,0.533082643689593,0.029795424864719793,-0.13979864643228554,-0.13932668915716012,-0.0156380210186492,0.9901229852837092,0.9902444038929906,0.0020234246019398437,-0.13932668915716012,-0.004243349048639537,0.999868714525798,-0.0156380210186492,0.13927675523025035,0.016076674575563468,0.9901229852837092,4.084255976684679,-2.18866883483419,-1.1182736729676683,-6.601762351040216,-1.7614866444158699,4.230869620831526,-2.0450368908097794,-0.14526936267045973,4.19714924055703,-2.1133792574309918,-0.0986356747662148,0.7076010999781733,0.07116905741176142,0.6960651206893029,0.0,0.0,0.0,0.0,0.0,0.0,,0.0,False
1782605645.615866,TARGET_REACHED,Target reached,Walk,2,63.4754638671875,0.016427962544747855,-0.08844266676865276,0.525180032471379,0.5328283492506393,0.031270434023350537,-0.14324582850658102,-0.14275531878905864,-0.003972574389163635,0.9897500379440037,0.9897556971240279,0.0021398523228861603,-0.14275531878905864,-0.002734951226920018,0.9999883692796177,-0.003972574389163635,0.14274515771932825,0.004322306968195208,0.9897500379440037,4.085944188159065,-2.1863130697220026,-1.1173958518650398,-6.60209199138073,-1.7612199081384878,4.231159063431466,-2.0441450076203123,-0.1450026263930777,4.197453108612603,-2.112492185366773,-0.09832994704791062,0.7076582284751556,0.07165695706657173,0.6960002397190098,0.0,0.0,0.0,0.0,0.0,0.0,,0.0,False
1782605645.6659272,TARGET_REACHED,Target reached,Walk,2,63.72029495239258,0.018149917463259783,-0.09048434682854879,0.5246950456799743,0.5327492163166667,0.03457757727153553,-0.1411119811803341,-0.14063682936407496,-0.010188726095463837,0.9900088242470224,0.9900609809481518,0.000732277545480503,-0.14063682936407496,-0.0021868833934773043,0.9999457022266633,-0.010188726095463837,0.1406217321220546,0.010395016499334556,0.9900088242470224,4.085950252497571,-2.185828343945222,-1.1164637594217321,-6.602381341850164,-1.7609075266957235,4.231405793504841,-2.0432007384383923,-0.14469024495031335,4.1977151192930835,-2.1115520415371676,-0.09801952352284587,0.70774246249746,0.07220242610680365,0.6959019970158709,0.0,0.0,0.0,0.0,0.0,0.0,,0.0,False
1782605645.7158964,TARGET_REACHED,Target reached,Walk,2,63.39082717895508,0.019144174129154565,-0.091562639413323,0.5245740685080955,0.5328491059301477,0.03647851261173595,-0.1425071942635655,-0.14202073220884578,-0.008052834497617645,0.9898309267139602,0.9898635937037898,-0.0004212869352654779,-0.14202073220884578,-0.0007297937749091693,0.9999673090944524,-0.008052834497617645,0.14201948197646905,0.008074853541587714,0.9898309267139602,4.0864623446888455,-2.1842672574824515,-1.1154962243989324,-6.6026558101180735,-1.760531724674121,4.2316360474431844,-2.042221738962237,-0.14431444292871087,4.197961219220432,-2.1105769047897347,-0.09790062385620002,0.7077653580028027,0.07250993836731025,0.6958634741798856,0.0,0.0,0.0,0.0,0.0,0.0,,0.0,False
1782605645.765826,TARGET_REACHED,Target reached,Walk,2,63.53990936279297,0.021218366435988026,-0.09344513483665516,0.5243875383793406,0.5330708233493904,0.040441078804849956,-0.14178622872937732,-0.1413050930752101,-0.00962832552213672,0.9899192724756125,0.989965318170734,-0.001240761912596368,-0.1413050930752101,-0.00012104165862348161,0.9999536392736198,-0.00962832552213672,0.1413104885280439,0.009548812141811244,0.9899192724756125,4.086692394462933,-2.1826679903194304,-1.114602686853667,-6.602902889771921,-1.7601094916109452,4.2318423008953685,-2.041317904235306,-0.14389220986553508,4.198182102883788,-2.1096765336954593,-0.09778040026137162,0.7077787274849346,0.07299959969575559,0.6958155823842924,0.0,0.0,0.0,0.0,0.0,0.0,,0.0,False
1782605645.815876,TARGET_REACHED,Target reached,Walk,2,63.72831344604492,0.02218203102152287,-0.09426324576202981,0.5239748299990612,0.5328482189839596,0.042308890774366,-0.14095703700445514,-0.1404867226888601,-0.007547207111347501,0.990053796726704,0.9900815924716454,-0.0013860003441991927,-0.1404867226888601,0.00032894097322670225,0.9999714653242134,-0.007547207111347501,0.14049317437742992,0.007426138996229558,0.990053796726704,4.087293356329379,-2.182244205471555,-1.1138398583142584,-6.603109976371775,-1.7596383213497007,4.232014537427267,-2.0405464596051126,-0.14342103960429053,4.198366827152484,-2.108907983641833,-0.09783954317649109,0.707765029740855,0.07318129274398803,0.6958021161646901,0.0,0.0,0.0,0.0,0.0,0.0,,0.0,False
1782605645.8658257,TARGET_REACHED,Target reached,Walk,2,63.69508743286133,0.024179833950291937,-0.09578067926092304,0.5239186410512474,0.5331503965397881,0.046119161084580466,-0.13980583803038343,-0.13934454338453658,-0.009513581610446006,0.990198257923077,0.990235265010457,-0.004149476909815953,-0.13934454338453658,0.0028514502249589626,0.9999506792820114,-0.009513581610446006,0.13937714719883124,0.009023349977637974,0.990198257923077,4.087309815224739,-2.1810987164396622,-1.113262174311367,-6.603283285257119,-1.7591729073668998,4.232161437631859,-2.039961502250405,-0.14295562562148967,4.198523194193262,-2.108325485465446,-0.09796292150057441,0.7077134422424675,0.07342641405930904,0.6958114050508089,0.0,0.0,0.0,0.0,0.0,0.0,,0.0,False
1782605645.9159822,TARGET_REACHED,Target reached,Walk,2,63.70607376098633,0.025049604523717694,-0.09643827196007912,0.5236218650000163,0.5330175236251957,0.04780266648153697,-0.1426688100114518,-0.1421807621693737,-0.008000657741938932,0.989808375568035,0.9898363073437579,-0.00295220815824507,-0.1421807621693737,0.0018332011875818546,0.999966313857173,-0.008000657741938932,0.1421995922549691,0.00765869557354189,0.989808375568035,4.088109334088465,-2.1787172962636916,-1.112894409040019,-6.603426424180421,-1.7587435864885284,4.232287730421464,-2.0395876170040155,-0.14252630474311823,4.198655533608532,-2.107953697454154,-0.09808257057525552,0.7076349242374066,0.07360770386668211,0.6958552502355246,0.0,0.0,0.0,0.0,0.0,0.0,,0.0,False
1782605645.9658773,TARGET_REACHED,Target reached,Walk,2,63.77482986450195,0.02639090432813255,-0.09758546696914651,0.5229486119508201,0.5326299408934241,0.05042280255222495,-0.14409770148977047,-0.14359668568205472,-0.0063064795113263305,0.9896161984210355,0.9896313120541052,-0.0031397552770189782,-0.14359668568205472,0.002257502623043097,0.9999775657473923,-0.0063064795113263305,0.14361326500005958,0.005916919698648675,0.9896161984210355,4.089213882873475,-2.176799174730649,-1.1127417989411743,-6.603536814670816,-1.7583557106867378,4.232391077746909,-2.0394301519826223,-0.1421384289413277,4.198761420927083,-2.1077979291056073,-0.09808036284626566,0.707618996166524,0.07391121307207699,0.6958395873119321,0.0,0.0,0.0,0.0,0.0,0.0,,0.0,False
1782605646.0158556,TARGET_REACHED,Target reached,Walk,2,63.62970733642578,0.02676710074006814,-0.09808559693699373,0.5230521224168352,0.5328421762335178,0.05113022161195563,-0.14067316983755976,-0.14020347299189906,-0.009399185029346134,0.990078098677975,0.990115039568374,-0.0038980227714804317,-0.14020347299189906,0.0026057971656158474,0.9999524314395739,-0.009399185029346134,0.14023344195179982,0.008940932644709729,0.990078098677975,4.088550462328914,-2.1782000420676764,-1.112773803048665,-6.603629577248766,-1.7579918780093844,4.232485197811126,-2.039457911166257,-0.14177459626397426,4.198855078448425,-2.107827210967918,-0.09808326973574054,0.7075789334452023,0.07409650868648975,0.6958602104898431,0.0,0.0,0.0,0.0,0.0,0.0,,0.0,False
1782605646.0659454,TARGET_REACHED,Target reached,Walk,2,63.791908264160156,0.02728041087162698,-0.0989407062029604,0.5228593391207732,0.5328370976828444,0.05212816192871927,-0.13809820036165268,-0.13765037966161192,-0.011618325046967155,0.9904127359349318,0.9904701415956276,-0.004612113024576167,-0.13765037966161192,0.0030414985929557614,0.9999278793040086,-0.011618325046967155,0.1376940372487001,0.011088940618312965,0.9904127359349318,4.08834668321879,-2.1790817431066274,-1.1129403857211742,-6.603718545167981,-1.7577219512312268,4.23258163771559,-2.0396202824145018,-0.14150466948581664,4.198948872524031,-2.107991124813613,-0.0980814925418378,0.7075661126555853,0.07433930175230768,0.6958476020345319,0.0,0.0,0.0,0.0,0.0,0.0,,0.0,False
1782605646.1158886,TARGET_REACHED,Target reached,Walk,2,64.3052978515625,0.027364230660532025,-0.09931830227384605,0.5227642155875635,0.5328183099191341,0.05229753289726849,-0.13813321540027315,-0.13768612950544093,-0.010928689602436417,0.9904156165395337,0.9904655819010245,-0.004523362828245722,-0.13768612950544093,0.0030473978823058407,0.9999356364835291,-0.010928689602436417,0.13772670197028578,0.010404906487015095,0.9904156165395337,4.088499590123041,-2.17899807991063,-1.11317961693482,-6.603793369270847,-1.757487369991214,4.2326672470226185,-2.0398558694822757,-0.14127008824580378,4.199030650097969,-2.108228069212899,-0.09801970937418591,0.7075607040939833,0.07452183383927832,0.6958422830480034,0.0,0.0,0.0,0.0,0.0,0.0,,0.0,False
1782605646.165793,TARGET_REACHED,Target reached,Walk,2,64.71728515625,0.02733224908732889,-0.09991212514086535,0.5225002360126707,0.5326687349785345,0.05226286517478958,-0.14220748785421253,-0.14172022713491536,-0.01091027427401427,0.9898466260669345,0.9899011957235192,-0.0033166136306401915,-0.14172022713491536,0.0017882637032501985,0.9999388821464007,-0.01091027427401427,0.14174775066319248,0.010546660411316532,0.9898466260669345,4.08914837504713,-2.1768575355417217,-1.1134470993978491,-6.60387276378916,-1.7573056030815737,4.232758704788927,-2.040119471141125,-0.14108832133616356,4.199117821054255,-2.1084931193627696,-0.09802304994931299,0.7075237826976564,0.07464644463761506,0.6958659978033109,0.0,0.0,0.0,0.0,0.0,0.0,,0.0,False
1782605646.215862,TARGET_REACHED,Target reached,Walk,2,64.80314636230469,0.02720197119732176,-0.10021329511288546,0.5229579556488794,0.533167586346786,0.05196876325816708,-0.1362328625170958,-0.13579192252656,-0.01713147355856623,0.9905892521071753,0.9907260453284522,-0.004738869526198583,-0.13579192252656,0.0024344210115209695,0.9998502818962701,-0.01713147355856623,0.13585277583540303,0.016642022339933782,0.9905892521071753,4.0875648023236035,-2.1800415395941606,-1.1137221305964464,-6.6039713176124755,-1.757205678212679,4.232869644853104,-2.0403897438153864,-0.1409883964672689,4.199224363563738,-2.1087651555919105,-0.09796215383419071,0.7075247895613326,0.07470758647542021,0.6958669880770145,0.0,0.0,0.0,0.0,0.0,0.0,,0.0,False
1782605646.2658663,TARGET_REACHED,Target reached,Walk,2,64.70466613769531,0.026893021311786832,-0.10065026916728087,0.5223216268433374,0.5326101699620398,0.05144204940048063,-0.14152592731967908,-0.1410413879437115,-0.013345348411997401,0.9899137480420575,0.9900013352832792,-0.002164029629126746,-0.1410413879437115,0.00028443432884218056,0.9999109064176043,-0.013345348411997401,0.14105770179056812,0.013171795735179279,0.9899137480420575,4.088971390669654,-2.1775239984000447,-1.1139386458979106,-6.604081374330575,-1.7571223832340332,4.232989419014368,-2.040601038650298,-0.1409051014886231,4.199340695442187,-2.1089783649984186,-0.09802260316845639,0.7075205578634784,0.07470713965018096,0.6958628261043407,0.0,0.0,0.0,0.0,0.0,0.0,,0.0,False
1782605646.315841,TARGET_REACHED,Target reached,Walk,2,64.6484146118164,0.026674386734206135,-0.10088769965200757,0.522649677492072,0.5329657927402908,0.050992593884865337,-0.14182256154490613,-0.141324318471668,-0.01815372059054586,0.9897968879710822,0.9899584908341869,-0.003102165988121775,-0.141324318471668,0.000541529907261447,0.9998350609846005,-0.01815372059054586,0.14135732443230115,0.017894898493766534,0.9897968879710822,4.088245788151847,-2.1775602662072404,-1.1141053518548203,-6.604211430839177,-1.7570310010012855,4.233126910729099,-2.04076166741447,-0.14081371925587538,4.199475564187256,-2.1091412023193943,-0.09808260400746512,0.7075130962380433,0.07476738637781255,0.695855487423217,0.0,0.0,0.0,0.0,0.0,0.0,,0.0,False
1782605646.3658547,TARGET_REACHED,Target reached,Walk,2,64.85769653320312,0.026372036077200036,-0.10124262766331124,0.5217909674782419,0.5321760683128364,0.050498411987017315,-0.13927046380192631,-0.1388116841961885,-0.011383625973321789,0.990253366260533,0.9903159213702659,-0.002385835530585208,-0.1388116841961885,0.000813376659661325,0.9999348736183317,-0.011383625973321789,0.13882980335277756,0.0111604798602912,0.990253366260533,4.089340993704401,-2.1793258722095445,-1.114220879881231,-6.6043523172512035,-1.756980292438181,4.233272897426512,-2.040870679295283,-0.14076301069277086,4.19961976386011,-2.1092525673063913,-0.09820394465889,0.7075078474119657,0.07470579755281626,0.6958503250814201,0.0,0.0,0.0,0.0,0.0,0.0,,0.0,False
1782605646.4159746,TARGET_REACHED,Target reached,Walk,2,64.98234558105469,0.026344419410231565,-0.10144858312126816,0.5217462010929773,0.5321700309171201,0.0504499409610671,-0.14062501003835953,-0.1401522350828249,-0.011793218593082477,0.9900597310246005,0.9901290820693585,-0.0013235715992586353,-0.1401522350828249,-0.00033265002407785644,0.999930402247665,-0.011793218593082477,0.14015808997147208,0.011723430344586911,0.9900597310246005,4.089476449845769,-2.1785550037080355,-1.1142828674789527,-6.604482406025214,-1.7569663754463356,4.233405666600793,-2.040926696236969,-0.14074909370092548,4.199751607157854,-2.109310729976851,-0.09826483751087814,0.7075068300783226,0.07464465607192793,0.6958493245102619,0.0,0.0,0.0,0.0,0.0,0.0,,0.0,False
1782605646.4658332,TARGET_REACHED,Target reached,Walk,2,64.62660217285156,0.026177061708645522,-0.1016809467756789,0.5215735707635623,0.532036881443335,0.05014655115578236,-0.13789455651764002,-0.13744388691535447,-0.014310706959146189,0.9904061700211326,0.9905065627211852,-0.0024345750885902224,-0.13744388691535447,0.0004718861412227279,0.9998974852402616,-0.014310706959146189,0.1374646373789727,0.014109991294782898,0.9904061700211326,4.089135706782145,-2.1802196040364246,-1.1143138340204732,-6.604605570760537,-1.7569368219464492,4.233530110355954,-2.040952038504475,-0.14071954020103905,4.199875623577248,-2.1093380869949905,-0.09839042135200007,0.7074710756147847,0.07458628715393555,0.6958741897234199,0.0,0.0,0.0,0.0,0.0,0.0,,0.0,False
1782605646.5158732,TARGET_REACHED,Target reached,Walk,2,64.97662353515625,0.026191815048933684,-0.10187338020426961,0.5219604669778728,0.532453684237005,0.05013763720088851,-0.13632087160980247,-0.1358770607520338,-0.01798710887887127,0.9905624100860924,0.9907200807329205,-0.003338561657900497,-0.1358770607520338,0.0009023585104299815,0.9998378116791234,-0.01798710887887127,0.13591507415174428,0.017697580138485366,0.9905624100860924,4.088292098200177,-2.18099561644251,-1.1143248523969513,-6.604704671445047,-1.7569127860113605,4.2336296091256695,-2.0409585458169435,-0.14069550426595037,4.199975003734756,-2.1093462070063365,-0.09844706302668883,0.7075005298235443,0.07452192433700376,0.6958431280640294,0.0,0.0,0.0,0.0,0.0,0.0,,0.0,False
1782605646.5658312,TARGET_REACHED,Target reached,Walk,2,64.91505432128906,0.02619804311928716,-0.10209939485330283,0.5217517500711514,0.5322926944783292,0.05016956703151483,-0.13690147242518724,-0.1364530526897548,-0.01761941233109812,0.9904898387771345,0.9906411510030917,-0.003267162517662536,-0.1364530526897548,0.0008705791243922667,0.999844387092859,-0.01761941233109812,0.13648938431708887,0.01733572173254581,0.9904898387771345,4.088576738599452,-2.18071803260814,-1.1143368038185124,-6.604790536754914,-1.7568807131262638,4.23371592853633,-2.0409665861688655,-0.14066343138085366,4.200061181405273,-2.1093556461281184,-0.0985679448287055,0.7074920225723554,0.07452102825749189,0.6958347609858027,0.0,0.0,0.0,0.0,0.0,0.0,,0.0,False
1782605646.6158576,TARGET_REACHED,Target reached,Walk,2,64.9534683227539,0.026159261118235362,-0.10218392658141312,0.5214424491711818,0.5320038435871381,0.05012508838603449,-0.1371119366693573,-0.1366712207589317,-0.012977029113031724,0.9905314604451809,0.9906138197966406,-0.0022885463010681424,-0.1366712207589317,0.0005196443493859809,0.999915659785939,-0.012977029113031724,0.13668939241089242,0.012784203951681505,0.9905314604451809,4.0892800335814385,-2.1806642156035987,-1.1143471226632282,-6.604852336914679,-1.7568779960341454,4.2337781334888795,-2.040974088314002,-0.1406607142887353,4.200123256516773,-2.109364156053831,-0.09857264929186914,0.7074647541436874,0.07446354931026647,0.6958679718740558,0.0,0.0,0.0,0.0,0.0,0.0,,0.0,False
1782605646.6659188,TARGET_REACHED,Target reached,Walk,2,64.7350845336914,0.02619628477326701,-0.10237151987291652,0.5212629689952677,0.5318658254322931,0.05021316658811602,-0.13717481878332918,-0.13673065035623694,-0.014497684518418985,0.990502168799627,0.9906064632717974,-0.0018879028846080837,-0.13673065035623694,-9.547017226584499e-05,0.9998948984913617,-0.014497684518418985,0.13674364997902988,0.014374553685164854,0.990502168799627,4.089336098440558,-2.1805598010547724,-1.1143823034390123,-6.604914495180962,-1.75688639046854,4.233841825043016,-2.041006410488801,-0.1406691087231298,4.200186415532177,-2.109397506853301,-0.09863353947988536,0.707463710464945,0.07440240385271055,0.6958669453033248,0.0,0.0,0.0,0.0,0.0,0.0,,0.0,False
1782605646.7158957,TARGET_REACHED,Target reached,Walk,2,65.05168151855469,0.026272173602244923,-0.10247752766127573,0.5210014126961647,0.5316336547028916,0.05038362368774902,-0.14190734690574439,-0.14142090773844407,-0.01226451603903304,0.9898735820804406,0.9899491378618963,-0.0009117570524382955,-0.14142090773844407,-0.0008311243449917109,0.9999244425848642,-0.01226451603903304,0.14142140459920255,0.012258785438446405,0.9898735820804406,4.0902567229163065,-2.1780275407369323,-1.114411985306846,-6.604973137524586,-1.7568690588472589,4.233901754620876,-2.0410333990686316,-0.14065177710184876,4.20024589956001,-2.1094254637518497,-0.09868978908835045,0.7074294034156278,0.07439879585571997,0.6958942332624439,0.0,0.0,0.0,0.0,0.0,0.0,,0.0,False
1782605646.7659075,TARGET_REACHED,Target reached,Walk,2,64.94815826416016,0.02622349222136663,-0.10266415884630914,0.5215301398347353,0.5321853885742662,0.05023952351673734,-0.1362906716415361,-0.13584173262737032,-0.020079911216097566,0.9905270419541041,0.9907260377845971,-0.0029902729686348455,-0.13584173262737032,0.0002644323651842652,0.9997983432878241,-0.020079911216097566,0.13587438364591448,0.019857769927541447,0.9905270419541041,4.08851865990082,-2.180978321827737,-1.1144519154164827,-6.605024639440498,-1.7568482930015883,4.233955016460227,-2.0410709495342374,-0.14063101125617816,4.200298545445849,-2.109463873017691,-0.09869405023931523,0.7073989129707258,0.07440200818906943,0.695924280042469,0.0,0.0,0.0,0.0,0.0,0.0,,0.0,False
1782605646.815837,TARGET_REACHED,Target reached,Walk,2,64.83421325683594,0.02624836368323672,-0.10274522325482746,0.5211668377030514,0.5318462467848489,0.05032208822755865,-0.1386770253307444,-0.13821279076185194,-0.01708291883066691,0.9902552187966723,0.9903992589965549,-0.002555826460371404,-0.13821279076185194,0.00019625980912803785,0.9998540570334813,-0.01708291883066691,0.13823628055312515,0.016891784535456828,0.9902552187966723,4.08935554530061,-2.179776970524694,-1.1144996198107644,-6.6050704496469725,-1.7568445663225998,4.234002945454337,-2.0411165247004415,-0.14062728457718965,4.200345729052522,-2.1095102194470283,-0.098754490459506,0.707394650448501,0.07440155987029531,0.695920086662106,0.0,0.0,0.0,0.0,0.0,0.0,,0.0,False
1782605646.8657794,TARGET_REACHED,Target reached,Walk,2,64.64512634277344,0.02624368632929182,-0.10283165131924829,0.5211198495633753,0.5318166763031681,0.05031766512135851,-0.13918603463527235,-0.13871459494754138,-0.017997921587742268,0.9901688421512066,0.9903287563769626,-0.00268615736660507,-0.13871459494754138,0.00019099498141419025,0.9998380060486991,-0.017997921587742268,0.1387404692718592,0.017797365511875007,0.9901688421512066,4.089372562449215,-2.17952591266869,-1.1145482624127343,-6.605106362747132,-1.7568297060472364,4.234041030149194,-2.0411634864881765,-0.1406124243018263,4.2003830471678745,-2.1095577926722293,-0.09869456699723016,0.7073415812807052,0.07434136215375778,0.6959889594739737,0.0,0.0,0.0,0.0,0.0,0.0,,0.0,False
1782605646.9158547,TARGET_REACHED,Target reached,Walk,2,64.75513458251953,0.02623433775735137,-0.1028953612932562,0.5210412954426955,0.5317515654982492,0.050307341690503944,-0.1388949042067306,-0.13842887498459447,-0.016942064249823804,0.9902274551987812,0.9903689989965009,-0.0025869667891620573,-0.13842887498459447,0.00024367131726600036,0.9998564432373499,-0.016942064249823804,0.13845283114099852,0.016745164065717254,0.9902274551987812,4.089504830085327,-2.179701547766751,-1.1145902974699615,-6.605149280192991,-1.756831117417751,4.234085811947979,-2.0412035295111974,-0.14061383567234098,4.200427173706908,-2.109598556648338,-0.09875500752765198,0.7073373190593071,0.07434091419572318,0.6959847656599601,0.0,0.0,0.0,0.0,0.0,0.0,,0.0,False
1782605646.965823,TARGET_REACHED,Target reached,Walk,2,64.8885498046875,0.026163044445186013,-0.10300448204492653,0.5205753029035197,0.5313125955678781,0.05021569320038932,-0.1396782191498313,-0.13921069575160913,-0.014068809057754792,0.9901628405469726,0.9902612649882433,-0.0017347196422666546,-0.13921069575160913,-0.00022618352710152933,0.999901003826233,-0.014068809057754792,0.13922131986479805,0.013963283820585672,0.9901628405469726,4.090269914770943,-2.179394173215811,-1.1146138213205394,-6.605199918265614,-1.7568265272067871,4.234137465903217,-2.041224729861506,-0.14060924546137699,4.200478477067106,-2.1096205918741626,-0.09881214534362712,0.707309420869237,0.07421591645327398,0.6960183480535661,0.0,0.0,0.0,0.0,0.0,0.0,,0.0,False
1782605647.0159295,TARGET_REACHED,Target reached,Walk,2,64.76448822021484,0.026147825801296994,-0.1030862570431153,0.5205035636560621,0.5312574187378041,0.050193437962955126,-0.13910268745176507,-0.1386426456238807,-0.013090065633359151,0.9902559603436505,0.9903411556766765,-0.0016162262823895936,-0.1386426456238807,-0.00020069200981276815,0.9999143012800805,-0.013090065633359151,0.13865192063473933,0.012991455198420467,0.9902559603436505,4.090362164156793,-2.1797173043141966,-1.1146172279671318,-6.605254834418858,-1.7568310517582089,4.234192480098397,-2.041225639508093,-0.14061377001279873,4.200533469276258,-2.109622393556961,-0.0988163429637003,0.7073394679470801,0.07421906920559578,0.6959868800587242,0.0,0.0,0.0,0.0,0.0,0.0,,0.0,False
1782605647.0657861,TARGET_REACHED,Target reached,Walk,2,64.75886535644531,0.026145144845205134,-0.10314473073253218,0.5204854072416274,0.5312508477436493,0.05019004804131978,-0.1390470861687395,-0.13858839611880308,-0.012635639366131029,0.9902694568040694,0.9903486811127884,-0.0016571902058199577,-0.13858839611880308,-9.501208554717471e-05,0.9999201626082518,-0.012635639366131029,0.1385982712405322,0.01252685635381258,0.9902694568040694,4.090410690140039,-2.1797616993795836,-1.1146158919450517,-6.605315723591092,-1.7568312217046227,4.234253245809789,-2.041221540170428,-0.14061393995921256,4.200594293475133,-2.109619280185555,-0.09887633375810652,0.7073319950140101,0.0742793198664294,0.6959795270640053,0.0,0.0,0.0,0.0,0.0,0.0,,0.0,False
1782605647.115829,TARGET_REACHED,Target reached,Walk,2,64.87293243408203,0.02614989905142653,-0.10315689550566541,0.5204917097038713,0.5312596184364341,0.05019855240042278,-0.1386283153502872,-0.13817144998899905,-0.013858157268591914,0.9903113661293889,0.9904065923489848,-0.0018526304567940176,-0.13817144998899905,-6.295307134401103e-05,0.9999039691460524,-0.013858157268591914,0.13818385531089628,0.013733908633771294,0.9903113661293889,4.090259829155232,-2.1799723777842988,-1.1145934677563354,-6.6053792295245275,-1.756842369972693,4.234315668068224,-2.041196255600567,-0.1406250882272828,4.200657117560514,-2.1095950112317823,-0.09887633375810652,0.7073319950140101,0.0742793198664294,0.6959795270640053,0.0,0.0,0.0,0.0,0.0,0.0,,0.0,False
1782605647.165918,TARGET_REACHED,Target reached,Walk,2,64.84353637695312,0.026245002612482204,-0.10320244718059855,0.5201200449713443,0.5309090378277495,0.05041674927891072,-0.14037514537303597,-0.139906795254367,-0.010548559208744557,0.9901084872579733,0.9901637206582149,-0.0013765659930580635,-0.139906795254367,-0.00010031241709660798,0.9999443573699681,-0.010548559208744557,0.13991353126020223,0.01045883502251419,0.9901084872579733,4.091093865967314,-2.1790359307271285,-1.1145805653994383,-6.605435952878543,-1.7568164072398949,4.234371747084481,-2.041180791007461,-0.14059912549448472,4.200713439988972,-2.1095804580961453,-0.09893677127655785,0.7073277250610912,0.07427887146426336,0.6959753256425596,0.0,0.0,0.0,0.0,0.0,0.0,,0.0,False
1782605647.2158852,TARGET_REACHED,Target reached,Walk,2,64.74864196777344,0.026324454092325752,-0.10330268762325019,0.5204520339450311,0.5312576981004281,0.05053691378537856,-0.13829922989743593,-0.1378443192179349,-0.014485730913247856,0.9903479728152388,0.9904523228121525,-0.0017719749873522364,-0.1378443192179349,-0.00022715550408449337,0.9998950504929435,-0.014485730913247856,0.13785552087743422,0.014378737926475276,0.9903479728152388,4.0902330101023585,-2.1799573009336393,-1.1145718812808516,-6.605479924989097,-1.7567935841691762,4.234415279538865,-2.0411701192766976,-0.14057630242376604,4.200757139780416,-2.109570493727127,-0.0989972077001547,0.7073234525506121,0.07427842279351929,0.6959711217046018,0.0,0.0,0.0,0.0,0.0,0.0,,0.0,False
1782605647.2658014,TARGET_REACHED,Target reached,Walk,2,64.84705352783203,0.02633135244514442,-0.10326460723267482,0.5199263885165993,0.5307356862925489,0.05060115351699862,-0.1409126206569106,-0.14043875147020035,-0.010670953486188696,0.9900318620313121,0.9900885785926019,-0.0012504503079135486,-0.14043875147020035,-0.00025072131655733446,0.9999430323226004,-0.010670953486188696,0.14044409449778472,0.010600400158032612,0.9900318620313121,4.091338447778951,-2.178688087093504,-1.1145686458415054,-6.605523961705979,-1.7567747629199064,4.234459123932072,-2.0411648876721835,-0.1405574811744963,4.200801063248061,-2.109565973827632,-0.09906185082432088,0.7073492231688568,0.0742811290531106,0.6959354424515752,0.0,0.0,0.0,0.0,0.0,0.0,,0.0,False
1782605647.3157797,TARGET_REACHED,Target reached,Walk,2,64.94451141357422,0.02642429396983406,-0.10334032470264232,0.5201494664726685,0.5309735713698501,0.05075771306130776,-0.13967369673688762,-0.13920726146060555,-0.013525538967035115,0.9901708934079458,0.990261368546695,-0.0019391546264451607,-0.13920726146060555,5.667594732927455e-05,0.9999085241078247,-0.013525538967035115,0.13922075546362925,0.013385929024409451,0.9901708934079458,4.090760481424083,-2.1792255026848584,-1.1145578553683984,-6.605571362760857,-1.7567733514911514,4.234505986154583,-2.0411519560669182,-0.1405560697457413,4.200848129017763,-2.1095538038795705,-0.09900141297986996,0.7073534987815739,0.07428157804963116,0.695939649073044,0.0,0.0,0.0,0.0,0.0,0.0,,0.0,False
1782605647.3658364,TARGET_REACHED,Target reached,Walk,2,64.84603881835938,0.026388263790604962,-0.10336299370660879,0.5198369575046311,0.5306700588138986,0.05071904235548997,-0.1376520060791632,-0.13721090630535535,-0.009958831522054441,0.9904917914175656,0.990540882344184,-0.0013883787913680143,-0.13721090630535535,2.205829389518893e-05,0.9999504093644579,-0.009958831522054441,0.1372179285597804,0.00986160312447597,0.9904917914175656,4.09117251385315,-2.180338592077364,-1.1145487523137347,-6.605625696945212,-1.7567458998898073,4.234559850973865,-2.0411403953386777,-0.1405286181443972,4.2009021742321035,-2.10954311818818,-0.09911762773653822,0.7073116920189294,0.07433822080240367,0.6959595499259515,0.0,0.0,0.0,0.0,0.0,0.0,,0.0,False
1782605647.4158015,TARGET_REACHED,Target reached,Walk,2,65.06632995605469,0.026425117111014477,-0.10349118117723617,0.5208754050778303,0.5317141139849346,0.05068866999955019,-0.13183683207391586,-0.13142681072689366,-0.020801971268385712,0.991107598302781,0.9913181060226661,-0.003925059718183247,-0.13142681072689366,0.0012006951337127313,0.9997828945938939,-0.020801971268385712,0.1314799262352619,0.02046356722723488,0.991107598302781,4.088672035238747,-2.183239057833039,-1.1145470574147618,-6.605676163350787,-1.7567106779546175,4.234610188373237,-2.0411364107435004,-0.14049339620920742,4.200952569629538,-2.109539950430013,-0.09911762773653822,0.7073116920189294,0.07433822080240367,0.6959595499259515,0.0,0.0,0.0,0.0,0.0,0.0,,0.0,False
1782605647.4658017,TARGET_REACHED,Target reached,Walk,2,64.95855712890625,0.02649550519447619,-0.10355728304617694,0.520495483358091,0.5313583262390732,0.050860489673084125,-0.13644956426217952,-0.13600440177487857,-0.01804258066710466,0.990543925316151,0.9907038840979141,-0.0029354269134651313,-0.13600440177487857,0.00048559247052879515,0.9998371014734468,-0.01804258066710466,0.13603520953510326,0.01780881203258987,0.990543925316151,4.089724524541138,-2.1807934164469147,-1.1145435959461547,-6.605722536456481,-1.7566419020022712,4.2346563564826765,-2.0411308472583167,-0.1404246202568611,4.200998821889896,-2.1095351363768016,-0.09918227337411469,0.7073374560816093,0.07434092859672103,0.6959238652379419,0.0,0.0,0.0,0.0,0.0,0.0,,0.0,False
1782605647.5158954,TARGET_REACHED,Target reached,Walk,2,64.88021087646484,0.026539059194144385,-0.10355800109811084,0.5204010168526432,0.5312681051932363,0.05095318268054715,-0.1368769040928159,-0.13642754298790208,-0.018101465304205026,0.9904846603901167,0.990646611845786,-0.00261073797019448,-0.13642754298790208,0.0001421008763303577,0.9998361449563531,-0.018101465304205026,0.13645244682967703,0.01791276879964058,0.9904846603901167,4.0898612787107185,-2.1805118158374692,-1.11453229079173,-6.605754465349322,-1.7566103738369767,4.23468773913115,-2.041118104021312,-0.14039309209156658,4.20103040706641,-2.1095229037426146,-0.0992427076591518,0.7073331728548033,0.07434047843102515,0.6959196511252452,0.0,0.0,0.0,0.0,0.0,0.0,,0.0,False
1782605647.5658596,TARGET_REACHED,Target reached,Walk,2,64.61202239990234,0.026644114240658816,-0.10360931458008278,0.5204468053824317,0.5313282188291928,0.05115003751666451,-0.13715998959251685,-0.13670490850238398,-0.019283216694351873,0.990424113976065,0.9906083062651839,-0.002636579181140449,-0.13670490850238398,-2.1637508826116356e-08,0.9998140614903944,-0.019283216694351873,0.13673033152312303,0.019102117586890094,0.990424113976065,4.089758503572779,-2.180242029693949,-1.1145177720998969,-6.605785494316554,-1.7565802967234514,4.234718076870403,-2.041102191422622,-0.14036301497804127,4.20106099886811,-2.109507485218404,-0.09924232594146243,0.7072694175951209,0.07440122713569661,0.6959780090470455,0.0,0.0,0.0,0.0,0.0,0.0,,0.0,False
1782605647.6158698,TARGET_REACHED,Target reached,Walk,2,64.95838165283203,0.026733460924877737,-0.10360434619476418,0.520220718161321,0.531110284298607,0.05134352527236098,-0.1405749627005779,-0.14009238102479604,-0.016915870132096944,0.9899939283230365,0.9901362087260415,-0.0021007018884430257,-0.14009238102479604,-0.0002720669002646502,0.9998568794168873,-0.016915870132096944,0.14010786612186527,0.016787130019752662,0.9899939283230365,4.090527470118423,-2.1784142098064714,-1.1144963474195932,-6.605806999246395,-1.7565379307065843,4.234738586826175,-2.0410798124001275,-0.14032064896117413,4.201081869043589,-2.1094854417452416,-0.09924277642425947,0.7072726280469365,0.07434052994141946,0.6959811682446684,0.0,0.0,0.0,0.0,0.0,0.0,,0.0,False
1782605647.665782,TARGET_REACHED,Target reached,Walk,2,64.37522888183594,0.02680855858175598,-0.10364164674621365,0.5200176236153348,0.5309224224159669,0.05150757435736787,-0.1417284313130023,-0.1412378398677634,-0.015323912574151784,0.9898570857921398,0.9899736306693023,-0.002020685261919985,-0.1412378398677634,-0.00014532542096636156,0.9998825713972325,-0.015323912574151784,0.14125221930986337,0.015190794815627177,0.9898570857921398,4.090985719145091,-2.17779246035375,-1.1144703995505347,-6.605825882732431,-1.7565005535459388,4.23475627266486,-2.041053033881432,-0.14028327180052869,4.201099986819236,-2.1094589535561927,-0.09924699225715092,0.7073026729863868,0.0743436879269433,0.6959496960123216,0.0,0.0,0.0,0.0,0.0,0.0,,0.0,False
1782605647.7158897,TARGET_REACHED,Target reached,Walk,2,64.0484390258789,0.026876302216130805,-0.10371242131072485,0.5202132810276858,0.5311313017630727,0.051618113088092325,-0.1381088588396608,-0.1376474538251724,-0.018188561364610584,0.990314270669131,0.9904791021423098,-0.002080066059247067,-0.1376474538251724,-0.0004279619701576387,0.9998344828440545,-0.018188561364610584,0.1376625042192532,0.018074297805206002,0.990314270669131,4.090201364941653,-2.1795193805470388,-1.1144428952449326,-6.605841504416025,-1.756477511433124,4.23477062939465,-2.041024848634675,-0.1402602296877138,4.201114798736442,-2.109431004836477,-0.0992427076591518,0.7073331728548033,0.07434047843102515,0.6959196511252452,0.0,0.0,0.0,0.0,0.0,0.0,,0.0,False
1782605647.7657797,TARGET_REACHED,Target reached,Walk,2,64.21748352050781,0.026900183475640858,-0.10378463334967773,0.5204349911683682,0.5313637643112011,0.05164192726155236,-0.13597115341190882,-0.13552844437775077,-0.0188639408187111,0.9905938585017248,0.9907700252941971,-0.002607248182072062,-0.13552844437775077,5.065120038664356e-05,0.9998220587540785,-0.0188639408187111,0.13555351125290668,0.018682962443708366,0.9905938585017248,4.089716593485832,-2.180604139540358,-1.1144209951232062,-6.605860795580393,-1.7564412569560959,4.234788906280546,-2.0410020951778773,-0.14022397521068575,4.2011334422078335,-2.109408550764936,-0.09924699225715092,0.7073026729863868,0.0743436879269433,0.6959496960123216,0.0,0.0,0.0,0.0,0.0,0.0,,0.0,False
1782605647.8158798,TARGET_REACHED,Target reached,Walk,2,64.01448059082031,0.02699920399049526,-0.10377202348669633,0.5197092515564441,0.5306555342479744,0.051903933025109684,-0.14164345987180274,-0.14115947527469527,-0.012386769626888262,0.989909374881551,0.9899863475304751,-0.0010169776015347565,-0.14115947527469527,-0.0007390107958298273,0.9999230079367382,-0.012386769626888262,0.1411612041827108,0.01236705119678621,0.989909374881551,4.091556031120802,-2.177635790495151,-1.1144011076880047,-6.605880424326711,-1.7564062109941037,4.234807611786938,-2.040981337003789,-0.14018892924869353,4.201152481886198,-2.109388098664588,-0.09924277642425947,0.7072726280469365,0.07434052994141946,0.6959811682446684,0.0,0.0,0.0,0.0,0.0,0.0,,0.0,False
1782605647.865792,TARGET_REACHED,Target reached,Walk,2,63.858543395996094,0.027035228920753912,-0.10380793102008323,0.5199102503863657,0.5308612423244717,0.05195300687527086,-0.14015682319450218,-0.13968286812353922,-0.014912272206609577,0.9900839966843308,0.9901952643123796,-0.0014264943458246436,-0.13968286812353922,-0.0006631556031191487,0.9998885859745985,-0.014912272206609577,0.1396885777649081,0.014858692795777801,0.9900839966843308,4.090996954306029,-2.1783370646955507,-1.1143894083711106,-6.605902529028941,-1.7563549216751095,4.234829162479943,-2.04096864608154,-0.1401376399296994,4.20117423555178,-2.1093757588951307,-0.09924232594146243,0.7072694175951209,0.07440122713569661,0.6959780090470455,0.0,0.0,0.0,0.0,0.0,0.0,,0.0,False
